"District","Block","Panchayat","Work_Code","Mustroll_No","Mustroll_Link","Persondays"
"BASTI","BAHADURPUR","BENIPUR","3153012010/RC/958486255823665977","9746","https://mnregaweb4.nic.in/nregaarch/View_NMMS_atten_date_dtl_rpt.aspx?page=&short_name=UP&state_name=UTTAR%20PRADESH&state_code=31&district_name=BASTI&district_code=3153&block_name=BAHADURPUR&block_code=3153012&panchayat_name=BENIPUR&panchayat_code=3153012009&fin_year=2025-2026&source=&work_code=3153012010/RC/958486255823665977&msr_no=9746&AttendanceDate=25/03/2026&Digest=DO8JWEJi2CAkyAcQ19MK9g",9
"BASTI","BAHADURPUR","BHELWAL","3153012010/RC/958486255823596094","9761","https://mnregaweb4.nic.in/nregaarch/View_NMMS_atten_date_dtl_rpt.aspx?page=&short_name=UP&state_name=UTTAR%20PRADESH&state_code=31&district_name=BASTI&district_code=3153&block_name=BAHADURPUR&block_code=3153012&panchayat_name=BHELWAL&panchayat_code=3153012010&fin_year=2025-2026&source=&work_code=3153012010/RC/958486255823596094&msr_no=9761&AttendanceDate=25/03/2026&Digest=oq240J/3m7Uy8lWmjDQKwQ",1
"BASTI","BAHADURPUR","BHELWAL","3153012010/RC/958486255823716921","9796","https://mnregaweb4.nic.in/nregaarch/View_NMMS_atten_date_dtl_rpt.aspx?page=&short_name=UP&state_name=UTTAR%20PRADESH&state_code=31&district_name=BASTI&district_code=3153&block_name=BAHADURPUR&block_code=3153012&panchayat_name=BHELWAL&panchayat_code=3153012010&fin_year=2025-2026&source=&work_code=3153012010/RC/958486255823716921&msr_no=9796&AttendanceDate=25/03/2026&Digest=xGRH+L/jlMLzgYPr2mb3Pw",1
"BASTI","BAHADURPUR","BHERIHA","3153012011/LD/958486255824954107","9709","https://mnregaweb4.nic.in/nregaarch/View_NMMS_atten_date_dtl_rpt.aspx?page=&short_name=UP&state_name=UTTAR%20PRADESH&state_code=31&district_name=BASTI&district_code=3153&block_name=BAHADURPUR&block_code=3153012&panchayat_name=BHERIHA&panchayat_code=3153012011&fin_year=2025-2026&source=&work_code=3153012011/LD/958486255824954107&msr_no=9709&AttendanceDate=25/03/2026&Digest=JbCJC1q6Pa6RcDchiq2BGQ",10
"BASTI","BAHADURPUR","SONBARSA","3153012014/LD/958486255824933208","9640","https://mnregaweb4.nic.in/nregaarch/View_NMMS_atten_date_dtl_rpt.aspx?page=&short_name=UP&state_name=UTTAR%20PRADESH&state_code=31&district_name=BASTI&district_code=3153&block_name=BAHADURPUR&block_code=3153012&panchayat_name=SONBARSA&panchayat_code=3153012014&fin_year=2025-2026&source=&work_code=3153012014/LD/958486255824933208&msr_no=9640&AttendanceDate=25/03/2026&Digest=2hqgyVqRqrCkb7u5IgmXYg",1
"BASTI","BAHADURPUR","DEV DEEHA","3153012019/LD/958486255824951552","9703","https://mnregaweb4.nic.in/nregaarch/View_NMMS_atten_date_dtl_rpt.aspx?page=&short_name=UP&state_name=UTTAR%20PRADESH&state_code=31&district_name=BASTI&district_code=3153&block_name=BAHADURPUR&block_code=3153012&panchayat_name=DEV%20DEEHA&panchayat_code=3153012019&fin_year=2025-2026&source=&work_code=3153012019/LD/958486255824951552&msr_no=9703&AttendanceDate=25/03/2026&Digest=NA4UIKGCHuexjs0sFw8/DQ",9
"BASTI","BAHADURPUR","DEV DEEHA","3153012019/RC/958486255823733300","9800","https://mnregaweb4.nic.in/nregaarch/View_NMMS_atten_date_dtl_rpt.aspx?page=&short_name=UP&state_name=UTTAR%20PRADESH&state_code=31&district_name=BASTI&district_code=3153&block_name=BAHADURPUR&block_code=3153012&panchayat_name=DEV%20DEEHA&panchayat_code=3153012019&fin_year=2025-2026&source=&work_code=3153012019/RC/958486255823733300&msr_no=9800&AttendanceDate=25/03/2026&Digest=kacWUE6nCyUVepEz+RO6XQ",2
"BASTI","BAHADURPUR","KALWARI MUSTAKHAM","3153012030/RC/958486255823689961","9770","https://mnregaweb4.nic.in/nregaarch/View_NMMS_atten_date_dtl_rpt.aspx?page=&short_name=UP&state_name=UTTAR%20PRADESH&state_code=31&district_name=BASTI&district_code=3153&block_name=BAHADURPUR&block_code=3153012&panchayat_name=KALWARI%20MUSTAKHAM&panchayat_code=3153012030&fin_year=2025-2026&source=&work_code=3153012030/RC/958486255823689961&msr_no=9770&AttendanceDate=25/03/2026&Digest=BlHmuaIt9Bh9Yqiro5fZsQ",5
"BASTI","BAHADURPUR","KANHAULI","3153012033/LD/958486255824834898","9712","https://mnregaweb4.nic.in/nregaarch/View_NMMS_atten_date_dtl_rpt.aspx?page=&short_name=UP&state_name=UTTAR%20PRADESH&state_code=31&district_name=BASTI&district_code=3153&block_name=BAHADURPUR&block_code=3153012&panchayat_name=KANHAULI&panchayat_code=3153012033&fin_year=2025-2026&source=&work_code=3153012033/LD/958486255824834898&msr_no=9712&AttendanceDate=25/03/2026&Digest=kkB4OzO0b4Sc2BfszwM+zQ",10
"BASTI","BAHADURPUR","KANHAULI","3153012033/LD/958486255824834898","9715","https://mnregaweb4.nic.in/nregaarch/View_NMMS_atten_date_dtl_rpt.aspx?page=&short_name=UP&state_name=UTTAR%20PRADESH&state_code=31&district_name=BASTI&district_code=3153&block_name=BAHADURPUR&block_code=3153012&panchayat_name=KANHAULI&panchayat_code=3153012033&fin_year=2025-2026&source=&work_code=3153012033/LD/958486255824834898&msr_no=9715&AttendanceDate=25/03/2026&Digest=B0T88hBNJAripb4ulHhp3Q",6
"BASTI","BAHADURPUR","KANHAULI","3153012033/LD/958486255825009893","9689","https://mnregaweb4.nic.in/nregaarch/View_NMMS_atten_date_dtl_rpt.aspx?page=&short_name=UP&state_name=UTTAR%20PRADESH&state_code=31&district_name=BASTI&district_code=3153&block_name=BAHADURPUR&block_code=3153012&panchayat_name=KANHAULI&panchayat_code=3153012033&fin_year=2025-2026&source=&work_code=3153012033/LD/958486255825009893&msr_no=9689&AttendanceDate=25/03/2026&Digest=roixKps4ueAdoahdIMFAKQ",10
"BASTI","BAHADURPUR","NIRANJAN PUR","3153012055/RC/958486255823672554","9877","https://mnregaweb4.nic.in/nregaarch/View_NMMS_atten_date_dtl_rpt.aspx?page=&short_name=UP&state_name=UTTAR%20PRADESH&state_code=31&district_name=BASTI&district_code=3153&block_name=BAHADURPUR&block_code=3153012&panchayat_name=NIRANJAN%20PUR&panchayat_code=3153012055&fin_year=2025-2026&source=&work_code=3153012055/RC/958486255823672554&msr_no=9877&AttendanceDate=25/03/2026&Digest=TEcvR8JBCP0hbQdTulBjwg",10
"BASTI","BAHADURPUR","PAALHA","3153012057/LD/958486255825007535","9678","https://mnregaweb4.nic.in/nregaarch/View_NMMS_atten_date_dtl_rpt.aspx?page=&short_name=UP&state_name=UTTAR%20PRADESH&state_code=31&district_name=BASTI&district_code=3153&block_name=BAHADURPUR&block_code=3153012&panchayat_name=PAALHA&panchayat_code=3153012057&fin_year=2025-2026&source=&work_code=3153012057/LD/958486255825007535&msr_no=9678&AttendanceDate=25/03/2026&Digest=uZvx2gVxB3jcUU1a0belaA",5
"BASTI","BAHADURPUR","PRATAPPUR","3153012064/DP/958486255823394822","9892","https://mnregaweb4.nic.in/nregaarch/View_NMMS_atten_date_dtl_rpt.aspx?page=&short_name=UP&state_name=UTTAR%20PRADESH&state_code=31&district_name=BASTI&district_code=3153&block_name=BAHADURPUR&block_code=3153012&panchayat_name=PRATAPPUR&panchayat_code=3153012064&fin_year=2025-2026&source=&work_code=3153012064/DP/958486255823394822&msr_no=9892&AttendanceDate=25/03/2026&Digest=5vZOOUI2Q1FsXmw6H4hC9g",6
"BASTI","BAHADURPUR","RAKHAUNA","3153012066/LD/958486255824953181","9788","https://mnregaweb4.nic.in/nregaarch/View_NMMS_atten_date_dtl_rpt.aspx?page=&short_name=UP&state_name=UTTAR%20PRADESH&state_code=31&district_name=BASTI&district_code=3153&block_name=BAHADURPUR&block_code=3153012&panchayat_name=RAKHAUNA&panchayat_code=3153012066&fin_year=2025-2026&source=&work_code=3153012066/LD/958486255824953181&msr_no=9788&AttendanceDate=25/03/2026&Digest=kMQ6IzEC1BpIF5jOQifyfQ",6
"BASTI","BAHADURPUR","SAIFABAD","3153012069/RC/958486255823597413","9683","https://mnregaweb4.nic.in/nregaarch/View_NMMS_atten_date_dtl_rpt.aspx?page=&short_name=UP&state_name=UTTAR%20PRADESH&state_code=31&district_name=BASTI&district_code=3153&block_name=BAHADURPUR&block_code=3153012&panchayat_name=SAIFABAD&panchayat_code=3153012069&fin_year=2025-2026&source=&work_code=3153012069/RC/958486255823597413&msr_no=9683&AttendanceDate=25/03/2026&Digest=1LwyUW5XecO5g/6PvkpYSw",1
"BASTI","BAHADURPUR","SISWARI RAGUBIR SINGH","3153012075/RC/958486255823744923","9660","https://mnregaweb4.nic.in/nregaarch/View_NMMS_atten_date_dtl_rpt.aspx?page=&short_name=UP&state_name=UTTAR%20PRADESH&state_code=31&district_name=BASTI&district_code=3153&block_name=BAHADURPUR&block_code=3153012&panchayat_name=SISWARI%20RAGUBIR%20SINGH&panchayat_code=3153012075&fin_year=2025-2026&source=&work_code=3153012075/RC/958486255823744923&msr_no=9660&AttendanceDate=25/03/2026&Digest=ZWOWxZ2MKIRT4qyrVn+TXA",7
"BASTI","BAHADURPUR","SISWARI RAGUBIR SINGH","3153012075/WH/958486255824013258","9664","https://mnregaweb4.nic.in/nregaarch/View_NMMS_atten_date_dtl_rpt.aspx?page=&short_name=UP&state_name=UTTAR%20PRADESH&state_code=31&district_name=BASTI&district_code=3153&block_name=BAHADURPUR&block_code=3153012&panchayat_name=SISWARI%20RAGUBIR%20SINGH&panchayat_code=3153012075&fin_year=2025-2026&source=&work_code=3153012075/WH/958486255824013258&msr_no=9664&AttendanceDate=25/03/2026&Digest=yi3F23JUdAmkCDyJNeVgqg",2
"BASTI","BAHADURPUR","VAISNOPUR","3153012079/LD/958486255824966695","9826","https://mnregaweb4.nic.in/nregaarch/View_NMMS_atten_date_dtl_rpt.aspx?page=&short_name=UP&state_name=UTTAR%20PRADESH&state_code=31&district_name=BASTI&district_code=3153&block_name=BAHADURPUR&block_code=3153012&panchayat_name=VAISNOPUR&panchayat_code=3153012079&fin_year=2025-2026&source=&work_code=3153012079/LD/958486255824966695&msr_no=9826&AttendanceDate=25/03/2026&Digest=ejvIQafij5Pi/RKVGi3hOQ",10
"BASTI","BAHADURPUR","SEMRA URF GALWA","3153012087/WH/958486255824004832","9623","https://mnregaweb4.nic.in/nregaarch/View_NMMS_atten_date_dtl_rpt.aspx?page=&short_name=UP&state_name=UTTAR%20PRADESH&state_code=31&district_name=BASTI&district_code=3153&block_name=BAHADURPUR&block_code=3153012&panchayat_name=SEMRA%20URF%20GALWA&panchayat_code=3153012087&fin_year=2025-2026&source=&work_code=3153012087/WH/958486255824004832&msr_no=9623&AttendanceDate=25/03/2026&Digest=6xuSn0gHWxndJB0vK2fYBQ",7
"BASTI","BANKATI","AHIRAULI","3153011001/LD/958486255824929272","9467","https://mnregaweb4.nic.in/nregaarch/View_NMMS_atten_date_dtl_rpt.aspx?page=&short_name=UP&state_name=UTTAR%20PRADESH&state_code=31&district_name=BASTI&district_code=3153&block_name=BANKATI&block_code=3153011&panchayat_name=AHIRAULI&panchayat_code=3153011001&fin_year=2025-2026&source=&work_code=3153011001/LD/958486255824929272&msr_no=9467&AttendanceDate=25/03/2026&Digest=fgIaskWFy2ZyjZl2So6Ibw",10
"BASTI","BANKATI","BELSUHEE","3153011015/LD/958486255824990622","9506","https://mnregaweb4.nic.in/nregaarch/View_NMMS_atten_date_dtl_rpt.aspx?page=&short_name=UP&state_name=UTTAR%20PRADESH&state_code=31&district_name=BASTI&district_code=3153&block_name=BANKATI&block_code=3153011&panchayat_name=BELSUHEE&panchayat_code=3153011015&fin_year=2025-2026&source=&work_code=3153011015/LD/958486255824990622&msr_no=9506&AttendanceDate=25/03/2026&Digest=DKW0+8DPCpuyAoYai6n1OA",5
"BASTI","BANKATI","BELSUHEE","3153011015/WC/958486255824209577","9494","https://mnregaweb4.nic.in/nregaarch/View_NMMS_atten_date_dtl_rpt.aspx?page=&short_name=UP&state_name=UTTAR%20PRADESH&state_code=31&district_name=BASTI&district_code=3153&block_name=BANKATI&block_code=3153011&panchayat_name=BELSUHEE&panchayat_code=3153011015&fin_year=2025-2026&source=&work_code=3153011015/WC/958486255824209577&msr_no=9494&AttendanceDate=25/03/2026&Digest=ATUTkfRGZEX6G2eR3IZLfQ",8
"BASTI","BANKATI","BHAWARA","3153011018/RC/958486255823615558","9353","https://mnregaweb4.nic.in/nregaarch/View_NMMS_atten_date_dtl_rpt.aspx?page=&short_name=UP&state_name=UTTAR%20PRADESH&state_code=31&district_name=BASTI&district_code=3153&block_name=BANKATI&block_code=3153011&panchayat_name=BHAWARA&panchayat_code=3153011018&fin_year=2025-2026&source=&work_code=3153011018/RC/958486255823615558&msr_no=9353&AttendanceDate=25/03/2026&Digest=s+jg2o11tq0DfpdzxRQs4Q",9
"BASTI","BANKATI","BHAWARA","3153011018/RC/958486255823707541","9720","https://mnregaweb4.nic.in/nregaarch/View_NMMS_atten_date_dtl_rpt.aspx?page=&short_name=UP&state_name=UTTAR%20PRADESH&state_code=31&district_name=BASTI&district_code=3153&block_name=BANKATI&block_code=3153011&panchayat_name=BHAWARA&panchayat_code=3153011018&fin_year=2025-2026&source=&work_code=3153011018/RC/958486255823707541&msr_no=9720&AttendanceDate=25/03/2026&Digest=hghpW9Y9cMCiG17Aq9a6Fw",4
"BASTI","BANKATI","DEWAMI","3153011027/AV/958486255824164986","9594","https://mnregaweb4.nic.in/nregaarch/View_NMMS_atten_date_dtl_rpt.aspx?page=&short_name=UP&state_name=UTTAR%20PRADESH&state_code=31&district_name=BASTI&district_code=3153&block_name=BANKATI&block_code=3153011&panchayat_name=DEWAMI&panchayat_code=3153011027&fin_year=2025-2026&source=&work_code=3153011027/AV/958486255824164986&msr_no=9594&AttendanceDate=25/03/2026&Digest=6WsYpDjC5kgrhOkryhykTA",2
"BASTI","BANKATI","HARRIAYA","3153011040/RC/958486255823720218","9517","https://mnregaweb4.nic.in/nregaarch/View_NMMS_atten_date_dtl_rpt.aspx?page=&short_name=UP&state_name=UTTAR%20PRADESH&state_code=31&district_name=BASTI&district_code=3153&block_name=BANKATI&block_code=3153011&panchayat_name=HARRIAYA&panchayat_code=3153011040&fin_year=2025-2026&source=&work_code=3153011040/RC/958486255823720218&msr_no=9517&AttendanceDate=25/03/2026&Digest=6xd1ohtmpvCWQwCW5Ccv3w",5
"BASTI","BANKATI","HARRIAYA","3153011040/RC/958486255823736926","9227","https://mnregaweb4.nic.in/nregaarch/View_NMMS_atten_date_dtl_rpt.aspx?page=&short_name=UP&state_name=UTTAR%20PRADESH&state_code=31&district_name=BASTI&district_code=3153&block_name=BANKATI&block_code=3153011&panchayat_name=HARRIAYA&panchayat_code=3153011040&fin_year=2025-2026&source=&work_code=3153011040/RC/958486255823736926&msr_no=9227&AttendanceDate=25/03/2026&Digest=kyYtkWSHg64PWe9W2DFdAA",6
"BASTI","BANKATI","HINAUTA","3153011041/IC/958486255823739648","9742","https://mnregaweb4.nic.in/nregaarch/View_NMMS_atten_date_dtl_rpt.aspx?page=&short_name=UP&state_name=UTTAR%20PRADESH&state_code=31&district_name=BASTI&district_code=3153&block_name=BANKATI&block_code=3153011&panchayat_name=HINAUTA&panchayat_code=3153011041&fin_year=2025-2026&source=&work_code=3153011041/IC/958486255823739648&msr_no=9742&AttendanceDate=25/03/2026&Digest=axYm0/PLQW/CLurm8JJ9zA",10
"BASTI","BANKATI","KABARA","3153011044/LD/958486255824938257","9290","https://mnregaweb4.nic.in/nregaarch/View_NMMS_atten_date_dtl_rpt.aspx?page=&short_name=UP&state_name=UTTAR%20PRADESH&state_code=31&district_name=BASTI&district_code=3153&block_name=BANKATI&block_code=3153011&panchayat_name=KABARA&panchayat_code=3153011044&fin_year=2025-2026&source=&work_code=3153011044/LD/958486255824938257&msr_no=9290&AttendanceDate=25/03/2026&Digest=WNi5N66nR8ZGLBsfUnBcrA",5
"BASTI","BANKATI","KHARATI","3153011050/AV/958486255824182731","9215","https://mnregaweb4.nic.in/nregaarch/View_NMMS_atten_date_dtl_rpt.aspx?page=&short_name=UP&state_name=UTTAR%20PRADESH&state_code=31&district_name=BASTI&district_code=3153&block_name=BANKATI&block_code=3153011&panchayat_name=KHARATI&panchayat_code=3153011050&fin_year=2025-2026&source=&work_code=3153011050/AV/958486255824182731&msr_no=9215&AttendanceDate=25/03/2026&Digest=rWw2cN6Xw+IUK25fY8r8Xw",2
"BASTI","BANKATI","KHARATI","3153011050/AV/958486255824182731","9218","https://mnregaweb4.nic.in/nregaarch/View_NMMS_atten_date_dtl_rpt.aspx?page=&short_name=UP&state_name=UTTAR%20PRADESH&state_code=31&district_name=BASTI&district_code=3153&block_name=BANKATI&block_code=3153011&panchayat_name=KHARATI&panchayat_code=3153011050&fin_year=2025-2026&source=&work_code=3153011050/AV/958486255824182731&msr_no=9218&AttendanceDate=25/03/2026&Digest=V83VLuXwIK3ywiHp/gFW8Q",2
"BASTI","BANKATI","KHARHAURA(CHHVILAHA)","3153011051/WC/958486255824167025","9251","https://mnregaweb4.nic.in/nregaarch/View_NMMS_atten_date_dtl_rpt.aspx?page=&short_name=UP&state_name=UTTAR%20PRADESH&state_code=31&district_name=BASTI&district_code=3153&block_name=BANKATI&block_code=3153011&panchayat_name=KHARHAURA(CHHVILAHA)&panchayat_code=3153011051&fin_year=2025-2026&source=&work_code=3153011051/WC/958486255824167025&msr_no=9251&AttendanceDate=25/03/2026&Digest=XlFo+lWOpfrZC2o8LdXuOA",8
"BASTI","BANKATI","KHORIA","3153011056/IC/YD/958486255823723324","9607","https://mnregaweb4.nic.in/nregaarch/View_NMMS_atten_date_dtl_rpt.aspx?page=&short_name=UP&state_name=UTTAR%20PRADESH&state_code=31&district_name=BASTI&district_code=3153&block_name=BANKATI&block_code=3153011&panchayat_name=KHORIA&panchayat_code=3153011056&fin_year=2025-2026&source=&work_code=3153011056/IC/YD/958486255823723324&msr_no=9607&AttendanceDate=25/03/2026&Digest=fPLnYfhkqg9AOaN78Y1hbA",8
"BASTI","BANKATI","KHORIA","3153011056/LD/YD/958486255824966397","9244","https://mnregaweb4.nic.in/nregaarch/View_NMMS_atten_date_dtl_rpt.aspx?page=&short_name=UP&state_name=UTTAR%20PRADESH&state_code=31&district_name=BASTI&district_code=3153&block_name=BANKATI&block_code=3153011&panchayat_name=KHORIA&panchayat_code=3153011056&fin_year=2025-2026&source=&work_code=3153011056/LD/YD/958486255824966397&msr_no=9244&AttendanceDate=25/03/2026&Digest=+y1O7sePwaNrBM7zutjSwg",3
"BASTI","BANKATI","KHORIA","3153011056/LD/YD/958486255824966411","9238","https://mnregaweb4.nic.in/nregaarch/View_NMMS_atten_date_dtl_rpt.aspx?page=&short_name=UP&state_name=UTTAR%20PRADESH&state_code=31&district_name=BASTI&district_code=3153&block_name=BANKATI&block_code=3153011&panchayat_name=KHORIA&panchayat_code=3153011056&fin_year=2025-2026&source=&work_code=3153011056/LD/YD/958486255824966411&msr_no=9238&AttendanceDate=25/03/2026&Digest=DrI/pk69Tf+jMiuIDfMJlQ",6
"BASTI","BANKATI","KHORIA","3153011056/RC/YD/958486255823745750","9444","https://mnregaweb4.nic.in/nregaarch/View_NMMS_atten_date_dtl_rpt.aspx?page=&short_name=UP&state_name=UTTAR%20PRADESH&state_code=31&district_name=BASTI&district_code=3153&block_name=BANKATI&block_code=3153011&panchayat_name=KHORIA&panchayat_code=3153011056&fin_year=2025-2026&source=&work_code=3153011056/RC/YD/958486255823745750&msr_no=9444&AttendanceDate=25/03/2026&Digest=Za9V6HDrudTFRdRUmp4yAQ",5
"BASTI","BANKATI","MAKDUMPUR","3153011062/IC/958486255823692433","9417","https://mnregaweb4.nic.in/nregaarch/View_NMMS_atten_date_dtl_rpt.aspx?page=&short_name=UP&state_name=UTTAR%20PRADESH&state_code=31&district_name=BASTI&district_code=3153&block_name=BANKATI&block_code=3153011&panchayat_name=MAKDUMPUR&panchayat_code=3153011062&fin_year=2025-2026&source=&work_code=3153011062/IC/958486255823692433&msr_no=9417&AttendanceDate=25/03/2026&Digest=4JPnuiSMc97FYGPRPq7//Q",6
"BASTI","BANKATI","MAKDUMPUR","3153011062/IC/958486255823692433","9420","https://mnregaweb4.nic.in/nregaarch/View_NMMS_atten_date_dtl_rpt.aspx?page=&short_name=UP&state_name=UTTAR%20PRADESH&state_code=31&district_name=BASTI&district_code=3153&block_name=BANKATI&block_code=3153011&panchayat_name=MAKDUMPUR&panchayat_code=3153011062&fin_year=2025-2026&source=&work_code=3153011062/IC/958486255823692433&msr_no=9420&AttendanceDate=25/03/2026&Digest=JTNc1yo6t7KdwK1pma5XpA",1
"BASTI","BANKATI","PAGAR KHAS","3153011073/RC/958486255823684325","9372","https://mnregaweb4.nic.in/nregaarch/View_NMMS_atten_date_dtl_rpt.aspx?page=&short_name=UP&state_name=UTTAR%20PRADESH&state_code=31&district_name=BASTI&district_code=3153&block_name=BANKATI&block_code=3153011&panchayat_name=PAGAR%20KHAS&panchayat_code=3153011073&fin_year=2025-2026&source=&work_code=3153011073/RC/958486255823684325&msr_no=9372&AttendanceDate=25/03/2026&Digest=tlUtSZJTO4be2IIZG55bLw",5
"BASTI","BAHADURPUR","BAHADURPUR","3153012007/WC/958486255824193195","9863","https://mnregaweb4.nic.in/nregaarch/View_NMMS_atten_date_dtl_rpt.aspx?page=&short_name=UP&state_name=UTTAR%20PRADESH&state_code=31&district_name=BASTI&district_code=3153&block_name=BAHADURPUR&block_code=3153012&panchayat_name=BAHADURPUR&panchayat_code=3153012007&fin_year=2025-2026&source=&work_code=3153012007/WC/958486255824193195&msr_no=9863&AttendanceDate=25/03/2026&Digest=XqmcLouEBxRG1/ao5ftoAg",8
"BASTI","BAHADURPUR","SONBARSA","3153012014/LD/958486255824933208","9634","https://mnregaweb4.nic.in/nregaarch/View_NMMS_atten_date_dtl_rpt.aspx?page=&short_name=UP&state_name=UTTAR%20PRADESH&state_code=31&district_name=BASTI&district_code=3153&block_name=BAHADURPUR&block_code=3153012&panchayat_name=SONBARSA&panchayat_code=3153012014&fin_year=2025-2026&source=&work_code=3153012014/LD/958486255824933208&msr_no=9634&AttendanceDate=25/03/2026&Digest=sle/IhSAmhDIXDm8QMX0bQ",7
"BASTI","BAHADURPUR","DEV DEEHA","3153012019/LD/958486255824987443","9596","https://mnregaweb4.nic.in/nregaarch/View_NMMS_atten_date_dtl_rpt.aspx?page=&short_name=UP&state_name=UTTAR%20PRADESH&state_code=31&district_name=BASTI&district_code=3153&block_name=BAHADURPUR&block_code=3153012&panchayat_name=DEV%20DEEHA&panchayat_code=3153012019&fin_year=2025-2026&source=&work_code=3153012019/LD/958486255824987443&msr_no=9596&AttendanceDate=25/03/2026&Digest=7k+xfiK9umVvflh8MMOtFw",10
"BASTI","BAHADURPUR","KANHAULI","3153012033/LD/958486255825009893","9688","https://mnregaweb4.nic.in/nregaarch/View_NMMS_atten_date_dtl_rpt.aspx?page=&short_name=UP&state_name=UTTAR%20PRADESH&state_code=31&district_name=BASTI&district_code=3153&block_name=BAHADURPUR&block_code=3153012&panchayat_name=KANHAULI&panchayat_code=3153012033&fin_year=2025-2026&source=&work_code=3153012033/LD/958486255825009893&msr_no=9688&AttendanceDate=25/03/2026&Digest=g5zFTBcpOj7H/MYwsTb3Vg",7
"BASTI","BAHADURPUR","NRAYANPUR","3153012056/RC/958486255823747685","9821","https://mnregaweb4.nic.in/nregaarch/View_NMMS_atten_date_dtl_rpt.aspx?page=&short_name=UP&state_name=UTTAR%20PRADESH&state_code=31&district_name=BASTI&district_code=3153&block_name=BAHADURPUR&block_code=3153012&panchayat_name=NRAYANPUR&panchayat_code=3153012056&fin_year=2025-2026&source=&work_code=3153012056/RC/958486255823747685&msr_no=9821&AttendanceDate=25/03/2026&Digest=cmHob54lwLCqhkD57E12AQ",5
"BASTI","BAHADURPUR","PRATAPPUR","3153012064/RC/958486255823569535","9692","https://mnregaweb4.nic.in/nregaarch/View_NMMS_atten_date_dtl_rpt.aspx?page=&short_name=UP&state_name=UTTAR%20PRADESH&state_code=31&district_name=BASTI&district_code=3153&block_name=BAHADURPUR&block_code=3153012&panchayat_name=PRATAPPUR&panchayat_code=3153012064&fin_year=2025-2026&source=&work_code=3153012064/RC/958486255823569535&msr_no=9692&AttendanceDate=25/03/2026&Digest=sHZe2lncrTcDC0foi+tpKQ",2
"BASTI","BAHADURPUR","PRATAPPUR","3153012064/RC/958486255823731564","9700","https://mnregaweb4.nic.in/nregaarch/View_NMMS_atten_date_dtl_rpt.aspx?page=&short_name=UP&state_name=UTTAR%20PRADESH&state_code=31&district_name=BASTI&district_code=3153&block_name=BAHADURPUR&block_code=3153012&panchayat_name=PRATAPPUR&panchayat_code=3153012064&fin_year=2025-2026&source=&work_code=3153012064/RC/958486255823731564&msr_no=9700&AttendanceDate=25/03/2026&Digest=I/Gz7Xxn/xhiDlwK6bJ+8Q",3
"BASTI","BAHADURPUR","SISWARI RAGUBIR SINGH","3153012075/WH/958486255824013258","9663","https://mnregaweb4.nic.in/nregaarch/View_NMMS_atten_date_dtl_rpt.aspx?page=&short_name=UP&state_name=UTTAR%20PRADESH&state_code=31&district_name=BASTI&district_code=3153&block_name=BAHADURPUR&block_code=3153012&panchayat_name=SISWARI%20RAGUBIR%20SINGH&panchayat_code=3153012075&fin_year=2025-2026&source=&work_code=3153012075/WH/958486255824013258&msr_no=9663&AttendanceDate=25/03/2026&Digest=/Yvlev+saznQbfg384rUAA",6
"BASTI","BAHADURPUR","VAISNOPUR","3153012079/LD/958486255824966695","9824","https://mnregaweb4.nic.in/nregaarch/View_NMMS_atten_date_dtl_rpt.aspx?page=&short_name=UP&state_name=UTTAR%20PRADESH&state_code=31&district_name=BASTI&district_code=3153&block_name=BAHADURPUR&block_code=3153012&panchayat_name=VAISNOPUR&panchayat_code=3153012079&fin_year=2025-2026&source=&work_code=3153012079/LD/958486255824966695&msr_no=9824&AttendanceDate=25/03/2026&Digest=hrBdXSy4evbpyaM9IoGx1w",9
"BASTI","BAHADURPUR","VAISNOPUR","3153012079/LD/958486255824966695","9827","https://mnregaweb4.nic.in/nregaarch/View_NMMS_atten_date_dtl_rpt.aspx?page=&short_name=UP&state_name=UTTAR%20PRADESH&state_code=31&district_name=BASTI&district_code=3153&block_name=BAHADURPUR&block_code=3153012&panchayat_name=VAISNOPUR&panchayat_code=3153012079&fin_year=2025-2026&source=&work_code=3153012079/LD/958486255824966695&msr_no=9827&AttendanceDate=25/03/2026&Digest=aZJaQNlBdsNQW1pzwod37Q",5
"BASTI","BANKATI","BELSUHEE","3153011015/LD/958486255824990626","9501","https://mnregaweb4.nic.in/nregaarch/View_NMMS_atten_date_dtl_rpt.aspx?page=&short_name=UP&state_name=UTTAR%20PRADESH&state_code=31&district_name=BASTI&district_code=3153&block_name=BANKATI&block_code=3153011&panchayat_name=BELSUHEE&panchayat_code=3153011015&fin_year=2025-2026&source=&work_code=3153011015/LD/958486255824990626&msr_no=9501&AttendanceDate=25/03/2026&Digest=8jAbjBxWvpegF5QQQY6T0Q",6
"BASTI","BANKATI","BELSUHEE","3153011015/RC/958486255823615709","9575","https://mnregaweb4.nic.in/nregaarch/View_NMMS_atten_date_dtl_rpt.aspx?page=&short_name=UP&state_name=UTTAR%20PRADESH&state_code=31&district_name=BASTI&district_code=3153&block_name=BANKATI&block_code=3153011&panchayat_name=BELSUHEE&panchayat_code=3153011015&fin_year=2025-2026&source=&work_code=3153011015/RC/958486255823615709&msr_no=9575&AttendanceDate=25/03/2026&Digest=oXSdDBDUR5vSGCQRGltMvg",7
"BASTI","BANKATI","BELSUHEE","3153011015/WC/958486255824209577","9495","https://mnregaweb4.nic.in/nregaarch/View_NMMS_atten_date_dtl_rpt.aspx?page=&short_name=UP&state_name=UTTAR%20PRADESH&state_code=31&district_name=BASTI&district_code=3153&block_name=BANKATI&block_code=3153011&panchayat_name=BELSUHEE&panchayat_code=3153011015&fin_year=2025-2026&source=&work_code=3153011015/WC/958486255824209577&msr_no=9495&AttendanceDate=25/03/2026&Digest=xgms0W9s6zGTOsdXaQWepA",9
"BASTI","BANKATI","BHAWARA","3153011018/RC/958486255823707539","9715","https://mnregaweb4.nic.in/nregaarch/View_NMMS_atten_date_dtl_rpt.aspx?page=&short_name=UP&state_name=UTTAR%20PRADESH&state_code=31&district_name=BASTI&district_code=3153&block_name=BANKATI&block_code=3153011&panchayat_name=BHAWARA&panchayat_code=3153011018&fin_year=2025-2026&source=&work_code=3153011018/RC/958486255823707539&msr_no=9715&AttendanceDate=25/03/2026&Digest=Y6Pyn2/3SXOvU2qNzdGNdA",5
"BASTI","BANKATI","BHAWARA","3153011018/RC/958486255823707540","9337","https://mnregaweb4.nic.in/nregaarch/View_NMMS_atten_date_dtl_rpt.aspx?page=&short_name=UP&state_name=UTTAR%20PRADESH&state_code=31&district_name=BASTI&district_code=3153&block_name=BANKATI&block_code=3153011&panchayat_name=BHAWARA&panchayat_code=3153011018&fin_year=2025-2026&source=&work_code=3153011018/RC/958486255823707540&msr_no=9337&AttendanceDate=25/03/2026&Digest=PprPofE260ewL3kUNP8hwQ",8
"BASTI","BANKATI","HARRIAYA","3153011040/RC/958486255823751182","9694","https://mnregaweb4.nic.in/nregaarch/View_NMMS_atten_date_dtl_rpt.aspx?page=&short_name=UP&state_name=UTTAR%20PRADESH&state_code=31&district_name=BASTI&district_code=3153&block_name=BANKATI&block_code=3153011&panchayat_name=HARRIAYA&panchayat_code=3153011040&fin_year=2025-2026&source=&work_code=3153011040/RC/958486255823751182&msr_no=9694&AttendanceDate=25/03/2026&Digest=oPMHAVULhIdPA1aB/8/sVA",2
"BASTI","BANKATI","KHARATI","3153011050/RC/958486255823743302","9433","https://mnregaweb4.nic.in/nregaarch/View_NMMS_atten_date_dtl_rpt.aspx?page=&short_name=UP&state_name=UTTAR%20PRADESH&state_code=31&district_name=BASTI&district_code=3153&block_name=BANKATI&block_code=3153011&panchayat_name=KHARATI&panchayat_code=3153011050&fin_year=2025-2026&source=&work_code=3153011050/RC/958486255823743302&msr_no=9433&AttendanceDate=25/03/2026&Digest=af+S54xp9yS1WpfrrVRSbQ",9
"BASTI","BANKATI","KHORIA","3153011056/IC/YD/958486255823722220","9637","https://mnregaweb4.nic.in/nregaarch/View_NMMS_atten_date_dtl_rpt.aspx?page=&short_name=UP&state_name=UTTAR%20PRADESH&state_code=31&district_name=BASTI&district_code=3153&block_name=BANKATI&block_code=3153011&panchayat_name=KHORIA&panchayat_code=3153011056&fin_year=2025-2026&source=&work_code=3153011056/IC/YD/958486255823722220&msr_no=9637&AttendanceDate=25/03/2026&Digest=nAswYTHHdlATH524MVnGWg",9
"BASTI","BANKATI","KHORIA","3153011056/LD/YD/958486255824966393","9245","https://mnregaweb4.nic.in/nregaarch/View_NMMS_atten_date_dtl_rpt.aspx?page=&short_name=UP&state_name=UTTAR%20PRADESH&state_code=31&district_name=BASTI&district_code=3153&block_name=BANKATI&block_code=3153011&panchayat_name=KHORIA&panchayat_code=3153011056&fin_year=2025-2026&source=&work_code=3153011056/LD/YD/958486255824966393&msr_no=9245&AttendanceDate=25/03/2026&Digest=by+dtmEQP/skOKOyg2LqMA",7
"BASTI","BANKATI","KHORIA","3153011056/LD/YD/958486255824966393","9248","https://mnregaweb4.nic.in/nregaarch/View_NMMS_atten_date_dtl_rpt.aspx?page=&short_name=UP&state_name=UTTAR%20PRADESH&state_code=31&district_name=BASTI&district_code=3153&block_name=BANKATI&block_code=3153011&panchayat_name=KHORIA&panchayat_code=3153011056&fin_year=2025-2026&source=&work_code=3153011056/LD/YD/958486255824966393&msr_no=9248&AttendanceDate=25/03/2026&Digest=qlTaS5HUz5TX+rLxfqiPlA",9
"BASTI","BANKATI","KHORIA","3153011056/LD/YD/958486255824966397","9241","https://mnregaweb4.nic.in/nregaarch/View_NMMS_atten_date_dtl_rpt.aspx?page=&short_name=UP&state_name=UTTAR%20PRADESH&state_code=31&district_name=BASTI&district_code=3153&block_name=BANKATI&block_code=3153011&panchayat_name=KHORIA&panchayat_code=3153011056&fin_year=2025-2026&source=&work_code=3153011056/LD/YD/958486255824966397&msr_no=9241&AttendanceDate=25/03/2026&Digest=/sHKxbtwS9gjg8ecrFvsTw",6
"BASTI","BANKATI","NAGARA BAUDIHAR","3153011070/RC/958486255823712105","9705","https://mnregaweb4.nic.in/nregaarch/View_NMMS_atten_date_dtl_rpt.aspx?page=&short_name=UP&state_name=UTTAR%20PRADESH&state_code=31&district_name=BASTI&district_code=3153&block_name=BANKATI&block_code=3153011&panchayat_name=NAGARA%20BAUDIHAR&panchayat_code=3153011070&fin_year=2025-2026&source=&work_code=3153011070/RC/958486255823712105&msr_no=9705&AttendanceDate=25/03/2026&Digest=+QpSteuSVtTAAqbjMMTuJQ",7
"BASTI","BANKATI","NAGARA BAUDIHAR","3153011070/RC/958486255823712105","9708","https://mnregaweb4.nic.in/nregaarch/View_NMMS_atten_date_dtl_rpt.aspx?page=&short_name=UP&state_name=UTTAR%20PRADESH&state_code=31&district_name=BASTI&district_code=3153&block_name=BANKATI&block_code=3153011&panchayat_name=NAGARA%20BAUDIHAR&panchayat_code=3153011070&fin_year=2025-2026&source=&work_code=3153011070/RC/958486255823712105&msr_no=9708&AttendanceDate=25/03/2026&Digest=HKFqK2Ug51tJpPOx2b8+sA",1
"BASTI","BANKATI","PADIYAPAR","3153011072/RC/958486255823729438","9666","https://mnregaweb4.nic.in/nregaarch/View_NMMS_atten_date_dtl_rpt.aspx?page=&short_name=UP&state_name=UTTAR%20PRADESH&state_code=31&district_name=BASTI&district_code=3153&block_name=BANKATI&block_code=3153011&panchayat_name=PADIYAPAR&panchayat_code=3153011072&fin_year=2025-2026&source=&work_code=3153011072/RC/958486255823729438&msr_no=9666&AttendanceDate=25/03/2026&Digest=2wmW65KMkjuvzRJad5Uy4A",9
"BASTI","BANKATI","PAGAR KHAS","3153011073/RC/958486255823684325","9373","https://mnregaweb4.nic.in/nregaarch/View_NMMS_atten_date_dtl_rpt.aspx?page=&short_name=UP&state_name=UTTAR%20PRADESH&state_code=31&district_name=BASTI&district_code=3153&block_name=BANKATI&block_code=3153011&panchayat_name=PAGAR%20KHAS&panchayat_code=3153011073&fin_year=2025-2026&source=&work_code=3153011073/RC/958486255823684325&msr_no=9373&AttendanceDate=25/03/2026&Digest=DMru564X1k3qSJUbKDpNsA",8
"BASTI","BANKATI","PIKAWARA SHUKLA","3153011078/RC/958486255823744117","9234","https://mnregaweb4.nic.in/nregaarch/View_NMMS_atten_date_dtl_rpt.aspx?page=&short_name=UP&state_name=UTTAR%20PRADESH&state_code=31&district_name=BASTI&district_code=3153&block_name=BANKATI&block_code=3153011&panchayat_name=PIKAWARA%20SHUKLA&panchayat_code=3153011078&fin_year=2025-2026&source=&work_code=3153011078/RC/958486255823744117&msr_no=9234&AttendanceDate=25/03/2026&Digest=MbrqTHO8gcSYey5ksUPOuw",8
"BASTI","BANKATI","SOBHAN PAR","3153011087/LD/958486255824967557","9295","https://mnregaweb4.nic.in/nregaarch/View_NMMS_atten_date_dtl_rpt.aspx?page=&short_name=UP&state_name=UTTAR%20PRADESH&state_code=31&district_name=BASTI&district_code=3153&block_name=BANKATI&block_code=3153011&panchayat_name=SOBHAN%20PAR&panchayat_code=3153011087&fin_year=2025-2026&source=&work_code=3153011087/LD/958486255824967557&msr_no=9295&AttendanceDate=25/03/2026&Digest=e5f0LcKN2aagPLEengT2WA",7
"BASTI","BANKATI","SOBHAN PAR","3153011087/LD/958486255824967557","9298","https://mnregaweb4.nic.in/nregaarch/View_NMMS_atten_date_dtl_rpt.aspx?page=&short_name=UP&state_name=UTTAR%20PRADESH&state_code=31&district_name=BASTI&district_code=3153&block_name=BANKATI&block_code=3153011&panchayat_name=SOBHAN%20PAR&panchayat_code=3153011087&fin_year=2025-2026&source=&work_code=3153011087/LD/958486255824967557&msr_no=9298&AttendanceDate=25/03/2026&Digest=DOqL+8DeBI/refgN7Wwjbg",7
"BASTI","BANKATI","SOBHAN PAR","3153011087/RC/958486255823751179","9654","https://mnregaweb4.nic.in/nregaarch/View_NMMS_atten_date_dtl_rpt.aspx?page=&short_name=UP&state_name=UTTAR%20PRADESH&state_code=31&district_name=BASTI&district_code=3153&block_name=BANKATI&block_code=3153011&panchayat_name=SOBHAN%20PAR&panchayat_code=3153011087&fin_year=2025-2026&source=&work_code=3153011087/RC/958486255823751179&msr_no=9654&AttendanceDate=25/03/2026&Digest=UahVBbK9q1qsjqH+F2opnA",4
"BASTI","BANKATI","MAHTHA","3153011096/RC/958486255823749754","9544","https://mnregaweb4.nic.in/nregaarch/View_NMMS_atten_date_dtl_rpt.aspx?page=&short_name=UP&state_name=UTTAR%20PRADESH&state_code=31&district_name=BASTI&district_code=3153&block_name=BANKATI&block_code=3153011&panchayat_name=MAHTHA&panchayat_code=3153011096&fin_year=2025-2026&source=&work_code=3153011096/RC/958486255823749754&msr_no=9544&AttendanceDate=25/03/2026&Digest=1wn1pD4A32r5F0LUTRe5tA",5
"BASTI","BANKATI","SISWA PANDEY","3153011101/IC/958486255823741153","9299","https://mnregaweb4.nic.in/nregaarch/View_NMMS_atten_date_dtl_rpt.aspx?page=&short_name=UP&state_name=UTTAR%20PRADESH&state_code=31&district_name=BASTI&district_code=3153&block_name=BANKATI&block_code=3153011&panchayat_name=SISWA%20PANDEY&panchayat_code=3153011101&fin_year=2025-2026&source=&work_code=3153011101/IC/958486255823741153&msr_no=9299&AttendanceDate=25/03/2026&Digest=jWDEtxT9OU8VW3GQ0cMvIQ",10
"BASTI","BASTI","BARSANV","3153010009/RC/958486255823747490","4422","https://mnregaweb4.nic.in/nregaarch/View_NMMS_atten_date_dtl_rpt.aspx?page=&short_name=UP&state_name=UTTAR%20PRADESH&state_code=31&district_name=BASTI&district_code=3153&block_name=BASTI&block_code=3153010&panchayat_name=BARSANV&panchayat_code=3153010009&fin_year=2025-2026&source=&work_code=3153010009/RC/958486255823747490&msr_no=4422&AttendanceDate=25/03/2026&Digest=29pq3PJj0jGddgUy1KNGtA",9
"BASTI","BASTI","BHUWANI","3153010019/LD/958486255824991864","4369","https://mnregaweb4.nic.in/nregaarch/View_NMMS_atten_date_dtl_rpt.aspx?page=&short_name=UP&state_name=UTTAR%20PRADESH&state_code=31&district_name=BASTI&district_code=3153&block_name=BASTI&block_code=3153010&panchayat_name=BHUWANI&panchayat_code=3153010019&fin_year=2025-2026&source=&work_code=3153010019/LD/958486255824991864&msr_no=4369&AttendanceDate=25/03/2026&Digest=ww8iNBicYBUdv7qidJ/09g",8
"BASTI","BASTI","JAKHANI","3153010042/RC/958486255823747486","4419","https://mnregaweb4.nic.in/nregaarch/View_NMMS_atten_date_dtl_rpt.aspx?page=&short_name=UP&state_name=UTTAR%20PRADESH&state_code=31&district_name=BASTI&district_code=3153&block_name=BASTI&block_code=3153010&panchayat_name=JAKHANI&panchayat_code=3153010042&fin_year=2025-2026&source=&work_code=3153010042/RC/958486255823747486&msr_no=4419&AttendanceDate=25/03/2026&Digest=hxRhyLc+kfaKNJK9hwWDMA",1
"BASTI","BASTI","SAMASPUR","3153010076/LD/958486255823145793","4431","https://mnregaweb4.nic.in/nregaarch/View_NMMS_atten_date_dtl_rpt.aspx?page=&short_name=UP&state_name=UTTAR%20PRADESH&state_code=31&district_name=BASTI&district_code=3153&block_name=BASTI&block_code=3153010&panchayat_name=SAMASPUR&panchayat_code=3153010076&fin_year=2025-2026&source=&work_code=3153010076/LD/958486255823145793&msr_no=4431&AttendanceDate=25/03/2026&Digest=OclxrT6hyJul8dju5LngSw",5
"BASTI","DUBAULIYA","CHILMAPARSAN","3153014004/RC/958486255823661852","4334","https://mnregaweb4.nic.in/nregaarch/View_NMMS_atten_date_dtl_rpt.aspx?page=&short_name=UP&state_name=UTTAR%20PRADESH&state_code=31&district_name=BASTI&district_code=3153&block_name=DUBAULIYA&block_code=3153014&panchayat_name=CHILMAPARSAN&panchayat_code=3153014004&fin_year=2025-2026&source=&work_code=3153014004/RC/958486255823661852&msr_no=4334&AttendanceDate=25/03/2026&Digest=egGHks72Z0ld0zkNxuemHw",9
"BASTI","DUBAULIYA","CHAKOHI","3153014008/RC/958486255823699684","4358","https://mnregaweb4.nic.in/nregaarch/View_NMMS_atten_date_dtl_rpt.aspx?page=&short_name=UP&state_name=UTTAR%20PRADESH&state_code=31&district_name=BASTI&district_code=3153&block_name=DUBAULIYA&block_code=3153014&panchayat_name=CHAKOHI&panchayat_code=3153014008&fin_year=2025-2026&source=&work_code=3153014008/RC/958486255823699684&msr_no=4358&AttendanceDate=25/03/2026&Digest=v26gfxgbtKvqqDZPe9snsA",9
"BASTI","DUBAULIYA","DEWRAGANGWAR","3153014015/LD/958486255825001487","4191","https://mnregaweb4.nic.in/nregaarch/View_NMMS_atten_date_dtl_rpt.aspx?page=&short_name=UP&state_name=UTTAR%20PRADESH&state_code=31&district_name=BASTI&district_code=3153&block_name=DUBAULIYA&block_code=3153014&panchayat_name=DEWRAGANGWAR&panchayat_code=3153014015&fin_year=2025-2026&source=&work_code=3153014015/LD/958486255825001487&msr_no=4191&AttendanceDate=25/03/2026&Digest=b3N9vJwhCpioNiLZNXsfmA",4
"BASTI","DUBAULIYA","EKDENGWA","3153014016/AV/958486255824176499","4103","https://mnregaweb4.nic.in/nregaarch/View_NMMS_atten_date_dtl_rpt.aspx?page=&short_name=UP&state_name=UTTAR%20PRADESH&state_code=31&district_name=BASTI&district_code=3153&block_name=DUBAULIYA&block_code=3153014&panchayat_name=EKDENGWA&panchayat_code=3153014016&fin_year=2025-2026&source=&work_code=3153014016/AV/958486255824176499&msr_no=4103&AttendanceDate=25/03/2026&Digest=0TR7aduchmlDHJErnmAzPg",4
"BASTI","DUBAULIYA","PURE OARI RAI","3153014023/RC/958486255823749308","4140","https://mnregaweb4.nic.in/nregaarch/View_NMMS_atten_date_dtl_rpt.aspx?page=&short_name=UP&state_name=UTTAR%20PRADESH&state_code=31&district_name=BASTI&district_code=3153&block_name=DUBAULIYA&block_code=3153014&panchayat_name=PURE%20OARI%20RAI&panchayat_code=3153014023&fin_year=2025-2026&source=&work_code=3153014023/RC/958486255823749308&msr_no=4140&AttendanceDate=25/03/2026&Digest=61TXoPYcmjxLh22sEX7kVg",5
"BASTI","BAHADURPUR","BENIPUR","3153012009/RC/958486255823584823","9743","https://mnregaweb4.nic.in/nregaarch/View_NMMS_atten_date_dtl_rpt.aspx?page=&short_name=UP&state_name=UTTAR%20PRADESH&state_code=31&district_name=BASTI&district_code=3153&block_name=BAHADURPUR&block_code=3153012&panchayat_name=BENIPUR&panchayat_code=3153012009&fin_year=2025-2026&source=&work_code=3153012009/RC/958486255823584823&msr_no=9743&AttendanceDate=25/03/2026&Digest=KJ1AuGSqdNaqVLNoaH1AZg",6
"BASTI","BAHADURPUR","BENIPUR","3153012010/RC/958486255823665977","9747","https://mnregaweb4.nic.in/nregaarch/View_NMMS_atten_date_dtl_rpt.aspx?page=&short_name=UP&state_name=UTTAR%20PRADESH&state_code=31&district_name=BASTI&district_code=3153&block_name=BAHADURPUR&block_code=3153012&panchayat_name=BENIPUR&panchayat_code=3153012009&fin_year=2025-2026&source=&work_code=3153012010/RC/958486255823665977&msr_no=9747&AttendanceDate=25/03/2026&Digest=Hpp8kCwnQSeQ4QfIDc0csw",9
"BASTI","BAHADURPUR","BHELWAL","3153012010/RC/958486255823725475","9896","https://mnregaweb4.nic.in/nregaarch/View_NMMS_atten_date_dtl_rpt.aspx?page=&short_name=UP&state_name=UTTAR%20PRADESH&state_code=31&district_name=BASTI&district_code=3153&block_name=BAHADURPUR&block_code=3153012&panchayat_name=BHELWAL&panchayat_code=3153012010&fin_year=2025-2026&source=&work_code=3153012010/RC/958486255823725475&msr_no=9896&AttendanceDate=25/03/2026&Digest=1Lmi6p+ys7MhATO7wFSE6w",1
"BASTI","BAHADURPUR","BHERIHA","3153012011/LD/958486255824954107","9708","https://mnregaweb4.nic.in/nregaarch/View_NMMS_atten_date_dtl_rpt.aspx?page=&short_name=UP&state_name=UTTAR%20PRADESH&state_code=31&district_name=BASTI&district_code=3153&block_name=BAHADURPUR&block_code=3153012&panchayat_name=BHERIHA&panchayat_code=3153012011&fin_year=2025-2026&source=&work_code=3153012011/LD/958486255824954107&msr_no=9708&AttendanceDate=25/03/2026&Digest=1QOabd67fmT/hn89jYqEsA",10
"BASTI","BAHADURPUR","SONBARSA","3153012014/LD/958486255824933208","9641","https://mnregaweb4.nic.in/nregaarch/View_NMMS_atten_date_dtl_rpt.aspx?page=&short_name=UP&state_name=UTTAR%20PRADESH&state_code=31&district_name=BASTI&district_code=3153&block_name=BAHADURPUR&block_code=3153012&panchayat_name=SONBARSA&panchayat_code=3153012014&fin_year=2025-2026&source=&work_code=3153012014/LD/958486255824933208&msr_no=9641&AttendanceDate=25/03/2026&Digest=/YlP7sFY3/jUGl113Eizzg",4
"BASTI","BAHADURPUR","DEV DEEHA","3153012019/LD/958486255824951552","9702","https://mnregaweb4.nic.in/nregaarch/View_NMMS_atten_date_dtl_rpt.aspx?page=&short_name=UP&state_name=UTTAR%20PRADESH&state_code=31&district_name=BASTI&district_code=3153&block_name=BAHADURPUR&block_code=3153012&panchayat_name=DEV%20DEEHA&panchayat_code=3153012019&fin_year=2025-2026&source=&work_code=3153012019/LD/958486255824951552&msr_no=9702&AttendanceDate=25/03/2026&Digest=+XJjd59ZBqhywiSxLPdP/w",9
"BASTI","BAHADURPUR","DEV DEEHA","3153012019/RC/958486255823667988","9805","https://mnregaweb4.nic.in/nregaarch/View_NMMS_atten_date_dtl_rpt.aspx?page=&short_name=UP&state_name=UTTAR%20PRADESH&state_code=31&district_name=BASTI&district_code=3153&block_name=BAHADURPUR&block_code=3153012&panchayat_name=DEV%20DEEHA&panchayat_code=3153012019&fin_year=2025-2026&source=&work_code=3153012019/RC/958486255823667988&msr_no=9805&AttendanceDate=25/03/2026&Digest=FmX6wgFBlhB8BJc+TGZEgw",7
"BASTI","BAHADURPUR","JALALPUR","3153012026/RC/958486255823695170","9706","https://mnregaweb4.nic.in/nregaarch/View_NMMS_atten_date_dtl_rpt.aspx?page=&short_name=UP&state_name=UTTAR%20PRADESH&state_code=31&district_name=BASTI&district_code=3153&block_name=BAHADURPUR&block_code=3153012&panchayat_name=JALALPUR&panchayat_code=3153012026&fin_year=2025-2026&source=&work_code=3153012026/RC/958486255823695170&msr_no=9706&AttendanceDate=25/03/2026&Digest=mU1uLBf7MO4k5At2VuXXLA",10
"BASTI","BAHADURPUR","KALWARI MUSTAKHAM","3153012030/RC/958486255823689961","9769","https://mnregaweb4.nic.in/nregaarch/View_NMMS_atten_date_dtl_rpt.aspx?page=&short_name=UP&state_name=UTTAR%20PRADESH&state_code=31&district_name=BASTI&district_code=3153&block_name=BAHADURPUR&block_code=3153012&panchayat_name=KALWARI%20MUSTAKHAM&panchayat_code=3153012030&fin_year=2025-2026&source=&work_code=3153012030/RC/958486255823689961&msr_no=9769&AttendanceDate=25/03/2026&Digest=sZL+vRNbdyHreQYiDNCjQA",9
"BASTI","BAHADURPUR","KANHAULI","3153012033/LD/958486255824834898","9711","https://mnregaweb4.nic.in/nregaarch/View_NMMS_atten_date_dtl_rpt.aspx?page=&short_name=UP&state_name=UTTAR%20PRADESH&state_code=31&district_name=BASTI&district_code=3153&block_name=BAHADURPUR&block_code=3153012&panchayat_name=KANHAULI&panchayat_code=3153012033&fin_year=2025-2026&source=&work_code=3153012033/LD/958486255824834898&msr_no=9711&AttendanceDate=25/03/2026&Digest=6yFgB2d9bbCw26w10dl0IA",10
"BASTI","BAHADURPUR","KANHAULI","3153012033/LD/958486255824834898","9714","https://mnregaweb4.nic.in/nregaarch/View_NMMS_atten_date_dtl_rpt.aspx?page=&short_name=UP&state_name=UTTAR%20PRADESH&state_code=31&district_name=BASTI&district_code=3153&block_name=BAHADURPUR&block_code=3153012&panchayat_name=KANHAULI&panchayat_code=3153012033&fin_year=2025-2026&source=&work_code=3153012033/LD/958486255824834898&msr_no=9714&AttendanceDate=25/03/2026&Digest=yqKHNOlJ8TggWlqlGnJAQg",8
"BASTI","BAHADURPUR","MATERA","3153012049/AV/958486255824150220","9781","https://mnregaweb4.nic.in/nregaarch/View_NMMS_atten_date_dtl_rpt.aspx?page=&short_name=UP&state_name=UTTAR%20PRADESH&state_code=31&district_name=BASTI&district_code=3153&block_name=BAHADURPUR&block_code=3153012&panchayat_name=MATERA&panchayat_code=3153012049&fin_year=2025-2026&source=&work_code=3153012049/AV/958486255824150220&msr_no=9781&AttendanceDate=25/03/2026&Digest=Dl7eYCRUgeaxiNCPa8pBfg",2
"BASTI","BAHADURPUR","NIRANJAN PUR","3153012055/RC/958486255823672554","9880","https://mnregaweb4.nic.in/nregaarch/View_NMMS_atten_date_dtl_rpt.aspx?page=&short_name=UP&state_name=UTTAR%20PRADESH&state_code=31&district_name=BASTI&district_code=3153&block_name=BAHADURPUR&block_code=3153012&panchayat_name=NIRANJAN%20PUR&panchayat_code=3153012055&fin_year=2025-2026&source=&work_code=3153012055/RC/958486255823672554&msr_no=9880&AttendanceDate=25/03/2026&Digest=+Y5IIiUIPqoJ4vvroUuubA",2
"BASTI","BAHADURPUR","NRAYANPUR","3153012056/RC/958486255823733814","9867","https://mnregaweb4.nic.in/nregaarch/View_NMMS_atten_date_dtl_rpt.aspx?page=&short_name=UP&state_name=UTTAR%20PRADESH&state_code=31&district_name=BASTI&district_code=3153&block_name=BAHADURPUR&block_code=3153012&panchayat_name=NRAYANPUR&panchayat_code=3153012056&fin_year=2025-2026&source=&work_code=3153012056/RC/958486255823733814&msr_no=9867&AttendanceDate=25/03/2026&Digest=3U34vKkhKjuJH9aW6y6IQQ",7
"BASTI","BAHADURPUR","PAALHA","3153012057/LD/958486255825007535","9677","https://mnregaweb4.nic.in/nregaarch/View_NMMS_atten_date_dtl_rpt.aspx?page=&short_name=UP&state_name=UTTAR%20PRADESH&state_code=31&district_name=BASTI&district_code=3153&block_name=BAHADURPUR&block_code=3153012&panchayat_name=PAALHA&panchayat_code=3153012057&fin_year=2025-2026&source=&work_code=3153012057/LD/958486255825007535&msr_no=9677&AttendanceDate=25/03/2026&Digest=edrLtJ/Zp3Wpj2dYOW+Bdg",6
"BASTI","BAHADURPUR","PRATAPPUR","3153012064/DP/958486255823394822","9891","https://mnregaweb4.nic.in/nregaarch/View_NMMS_atten_date_dtl_rpt.aspx?page=&short_name=UP&state_name=UTTAR%20PRADESH&state_code=31&district_name=BASTI&district_code=3153&block_name=BAHADURPUR&block_code=3153012&panchayat_name=PRATAPPUR&panchayat_code=3153012064&fin_year=2025-2026&source=&work_code=3153012064/DP/958486255823394822&msr_no=9891&AttendanceDate=25/03/2026&Digest=Ezqr+IA/sKVazYOjagW9MQ",2
"BASTI","BAHADURPUR","PRATAPPUR","3153012064/RC/958486255823589091","9694","https://mnregaweb4.nic.in/nregaarch/View_NMMS_atten_date_dtl_rpt.aspx?page=&short_name=UP&state_name=UTTAR%20PRADESH&state_code=31&district_name=BASTI&district_code=3153&block_name=BAHADURPUR&block_code=3153012&panchayat_name=PRATAPPUR&panchayat_code=3153012064&fin_year=2025-2026&source=&work_code=3153012064/RC/958486255823589091&msr_no=9694&AttendanceDate=25/03/2026&Digest=12HYHWhPEZ60uQIaJCg5EA",7
"BASTI","BAHADURPUR","SAIFABAD","3153012069/RC/958486255823597406","9680","https://mnregaweb4.nic.in/nregaarch/View_NMMS_atten_date_dtl_rpt.aspx?page=&short_name=UP&state_name=UTTAR%20PRADESH&state_code=31&district_name=BASTI&district_code=3153&block_name=BAHADURPUR&block_code=3153012&panchayat_name=SAIFABAD&panchayat_code=3153012069&fin_year=2025-2026&source=&work_code=3153012069/RC/958486255823597406&msr_no=9680&AttendanceDate=25/03/2026&Digest=u8OQEm4RGvDMesrvT8U6rQ",4
"BASTI","BAHADURPUR","SHEKHPURA","3153012078/RC/958486255823694348","9741","https://mnregaweb4.nic.in/nregaarch/View_NMMS_atten_date_dtl_rpt.aspx?page=&short_name=UP&state_name=UTTAR%20PRADESH&state_code=31&district_name=BASTI&district_code=3153&block_name=BAHADURPUR&block_code=3153012&panchayat_name=SHEKHPURA&panchayat_code=3153012078&fin_year=2025-2026&source=&work_code=3153012078/RC/958486255823694348&msr_no=9741&AttendanceDate=25/03/2026&Digest=UixWQ80W3qTOk53B8UsEMA",1
"BASTI","BAHADURPUR","SEMRA URF GALWA","3153012087/WH/958486255824004832","9620","https://mnregaweb4.nic.in/nregaarch/View_NMMS_atten_date_dtl_rpt.aspx?page=&short_name=UP&state_name=UTTAR%20PRADESH&state_code=31&district_name=BASTI&district_code=3153&block_name=BAHADURPUR&block_code=3153012&panchayat_name=SEMRA%20URF%20GALWA&panchayat_code=3153012087&fin_year=2025-2026&source=&work_code=3153012087/WH/958486255824004832&msr_no=9620&AttendanceDate=25/03/2026&Digest=9P1KN4F3xOWfOzCvlVAvFg",8
"BASTI","BAHADURPUR","AMILAHA","3153012092/WH/958486255823998983","9739","https://mnregaweb4.nic.in/nregaarch/View_NMMS_atten_date_dtl_rpt.aspx?page=&short_name=UP&state_name=UTTAR%20PRADESH&state_code=31&district_name=BASTI&district_code=3153&block_name=BAHADURPUR&block_code=3153012&panchayat_name=AMILAHA&panchayat_code=3153012092&fin_year=2025-2026&source=&work_code=3153012092/WH/958486255823998983&msr_no=9739&AttendanceDate=25/03/2026&Digest=dV4JLB3SyzXcqSykGj5Mcg",8
"BASTI","BANKATI","AHIRAULI","3153011001/IC/958486255823742631","9263","https://mnregaweb4.nic.in/nregaarch/View_NMMS_atten_date_dtl_rpt.aspx?page=&short_name=UP&state_name=UTTAR%20PRADESH&state_code=31&district_name=BASTI&district_code=3153&block_name=BANKATI&block_code=3153011&panchayat_name=AHIRAULI&panchayat_code=3153011001&fin_year=2025-2026&source=&work_code=3153011001/IC/958486255823742631&msr_no=9263&AttendanceDate=25/03/2026&Digest=cwjsKYmhZOFMb7FgBxWZYw",10
"BASTI","BANKATI","AHIRAULI","3153011001/LD/958486255824752580","9267","https://mnregaweb4.nic.in/nregaarch/View_NMMS_atten_date_dtl_rpt.aspx?page=&short_name=UP&state_name=UTTAR%20PRADESH&state_code=31&district_name=BASTI&district_code=3153&block_name=BANKATI&block_code=3153011&panchayat_name=AHIRAULI&panchayat_code=3153011001&fin_year=2025-2026&source=&work_code=3153011001/LD/958486255824752580&msr_no=9267&AttendanceDate=25/03/2026&Digest=GCPQh5HSDtg2gWwqlp7M6A",9
"BASTI","BANKATI","AHIRAULI","3153011001/LD/958486255824929272","9466","https://mnregaweb4.nic.in/nregaarch/View_NMMS_atten_date_dtl_rpt.aspx?page=&short_name=UP&state_name=UTTAR%20PRADESH&state_code=31&district_name=BASTI&district_code=3153&block_name=BANKATI&block_code=3153011&panchayat_name=AHIRAULI&panchayat_code=3153011001&fin_year=2025-2026&source=&work_code=3153011001/LD/958486255824929272&msr_no=9466&AttendanceDate=25/03/2026&Digest=WYLyP6+8nKOD92QVHwBi9Q",10
"BASTI","BANKATI","BAGHAPAR","3153011004/RC/958486255823751119","9679","https://mnregaweb4.nic.in/nregaarch/View_NMMS_atten_date_dtl_rpt.aspx?page=&short_name=UP&state_name=UTTAR%20PRADESH&state_code=31&district_name=BASTI&district_code=3153&block_name=BANKATI&block_code=3153011&panchayat_name=BAGHAPAR&panchayat_code=3153011004&fin_year=2025-2026&source=&work_code=3153011004/RC/958486255823751119&msr_no=9679&AttendanceDate=25/03/2026&Digest=Je+xIRvPEVZSon7WU+6lxA",9
"BASTI","BANKATI","BELSUHEE","3153011015/LD/958486255824990622","9504","https://mnregaweb4.nic.in/nregaarch/View_NMMS_atten_date_dtl_rpt.aspx?page=&short_name=UP&state_name=UTTAR%20PRADESH&state_code=31&district_name=BASTI&district_code=3153&block_name=BANKATI&block_code=3153011&panchayat_name=BELSUHEE&panchayat_code=3153011015&fin_year=2025-2026&source=&work_code=3153011015/LD/958486255824990622&msr_no=9504&AttendanceDate=25/03/2026&Digest=1yXEuqh+siLLZy//GdXk2g",7
"BASTI","BANKATI","DARVA KANCHI","3153011024/RC/958486255823749921","9498","https://mnregaweb4.nic.in/nregaarch/View_NMMS_atten_date_dtl_rpt.aspx?page=&short_name=UP&state_name=UTTAR%20PRADESH&state_code=31&district_name=BASTI&district_code=3153&block_name=BANKATI&block_code=3153011&panchayat_name=DARVA%20KANCHI&panchayat_code=3153011024&fin_year=2025-2026&source=&work_code=3153011024/RC/958486255823749921&msr_no=9498&AttendanceDate=25/03/2026&Digest=6SpIWec5VUbuzOBcydVcmg",3
"BASTI","BANKATI","DEWAMI","3153011027/AV/958486255824164986","9593","https://mnregaweb4.nic.in/nregaarch/View_NMMS_atten_date_dtl_rpt.aspx?page=&short_name=UP&state_name=UTTAR%20PRADESH&state_code=31&district_name=BASTI&district_code=3153&block_name=BANKATI&block_code=3153011&panchayat_name=DEWAMI&panchayat_code=3153011027&fin_year=2025-2026&source=&work_code=3153011027/AV/958486255824164986&msr_no=9593&AttendanceDate=25/03/2026&Digest=RSUAGZnrpLY7fHdoPa3jPA",3
"BASTI","BANKATI","DEWAMI","3153011027/AV/958486255824164986","9596","https://mnregaweb4.nic.in/nregaarch/View_NMMS_atten_date_dtl_rpt.aspx?page=&short_name=UP&state_name=UTTAR%20PRADESH&state_code=31&district_name=BASTI&district_code=3153&block_name=BANKATI&block_code=3153011&panchayat_name=DEWAMI&panchayat_code=3153011027&fin_year=2025-2026&source=&work_code=3153011027/AV/958486255824164986&msr_no=9596&AttendanceDate=25/03/2026&Digest=84YTaBH0h0sfBUtr+XD9PQ",1
"BASTI","BANKATI","DEWAMI","3153011027/FP/958486255823613996","9293","https://mnregaweb4.nic.in/nregaarch/View_NMMS_atten_date_dtl_rpt.aspx?page=&short_name=UP&state_name=UTTAR%20PRADESH&state_code=31&district_name=BASTI&district_code=3153&block_name=BANKATI&block_code=3153011&panchayat_name=DEWAMI&panchayat_code=3153011027&fin_year=2025-2026&source=&work_code=3153011027/FP/958486255823613996&msr_no=9293&AttendanceDate=25/03/2026&Digest=LLAuKpKc/YhTL533Xli5CA",7
"BASTI","BANKATI","DHURAHARA GOCHANA","3153011030/RC/958486255823741816","9670","https://mnregaweb4.nic.in/nregaarch/View_NMMS_atten_date_dtl_rpt.aspx?page=&short_name=UP&state_name=UTTAR%20PRADESH&state_code=31&district_name=BASTI&district_code=3153&block_name=BANKATI&block_code=3153011&panchayat_name=DHURAHARA%20GOCHANA&panchayat_code=3153011030&fin_year=2025-2026&source=&work_code=3153011030/RC/958486255823741816&msr_no=9670&AttendanceDate=25/03/2026&Digest=UsknXAdV3xdTUJ9FlxQEBA",10
"BASTI","BANKATI","DHURAHARA GOCHANA","3153011030/RC/958486255823741816","9673","https://mnregaweb4.nic.in/nregaarch/View_NMMS_atten_date_dtl_rpt.aspx?page=&short_name=UP&state_name=UTTAR%20PRADESH&state_code=31&district_name=BASTI&district_code=3153&block_name=BANKATI&block_code=3153011&panchayat_name=DHURAHARA%20GOCHANA&panchayat_code=3153011030&fin_year=2025-2026&source=&work_code=3153011030/RC/958486255823741816&msr_no=9673&AttendanceDate=25/03/2026&Digest=4AMJMvs6GE1vk7hA50kDqQ",8
"BASTI","BANKATI","HARRIAYA","3153011040/RC/958486255823736926","9225","https://mnregaweb4.nic.in/nregaarch/View_NMMS_atten_date_dtl_rpt.aspx?page=&short_name=UP&state_name=UTTAR%20PRADESH&state_code=31&district_name=BASTI&district_code=3153&block_name=BANKATI&block_code=3153011&panchayat_name=HARRIAYA&panchayat_code=3153011040&fin_year=2025-2026&source=&work_code=3153011040/RC/958486255823736926&msr_no=9225&AttendanceDate=25/03/2026&Digest=sAjiMNCGgVW3to0DqG2vvA",10
"BASTI","BANKATI","HARRIAYA","3153011040/RC/958486255823736926","9228","https://mnregaweb4.nic.in/nregaarch/View_NMMS_atten_date_dtl_rpt.aspx?page=&short_name=UP&state_name=UTTAR%20PRADESH&state_code=31&district_name=BASTI&district_code=3153&block_name=BANKATI&block_code=3153011&panchayat_name=HARRIAYA&panchayat_code=3153011040&fin_year=2025-2026&source=&work_code=3153011040/RC/958486255823736926&msr_no=9228&AttendanceDate=25/03/2026&Digest=PNwKiLY1f83HpAO/7M8jww",2
"BASTI","BANKATI","KHARATI","3153011050/AV/958486255824182731","9216","https://mnregaweb4.nic.in/nregaarch/View_NMMS_atten_date_dtl_rpt.aspx?page=&short_name=UP&state_name=UTTAR%20PRADESH&state_code=31&district_name=BASTI&district_code=3153&block_name=BANKATI&block_code=3153011&panchayat_name=KHARATI&panchayat_code=3153011050&fin_year=2025-2026&source=&work_code=3153011050/AV/958486255824182731&msr_no=9216&AttendanceDate=25/03/2026&Digest=u3vQcBtHkySBuDl0/Hb+/g",3
"BASTI","BANKATI","KHARHAURA(CHHVILAHA)","3153011051/WC/958486255824167025","9250","https://mnregaweb4.nic.in/nregaarch/View_NMMS_atten_date_dtl_rpt.aspx?page=&short_name=UP&state_name=UTTAR%20PRADESH&state_code=31&district_name=BASTI&district_code=3153&block_name=BANKATI&block_code=3153011&panchayat_name=KHARHAURA(CHHVILAHA)&panchayat_code=3153011051&fin_year=2025-2026&source=&work_code=3153011051/WC/958486255824167025&msr_no=9250&AttendanceDate=25/03/2026&Digest=A2aqOYWutfuqqbZZFQPPZw",8
"BASTI","BANKATI","KHAROHA","3153011053/RC/958486255823653981","9599","https://mnregaweb4.nic.in/nregaarch/View_NMMS_atten_date_dtl_rpt.aspx?page=&short_name=UP&state_name=UTTAR%20PRADESH&state_code=31&district_name=BASTI&district_code=3153&block_name=BANKATI&block_code=3153011&panchayat_name=KHAROHA&panchayat_code=3153011053&fin_year=2025-2026&source=&work_code=3153011053/RC/958486255823653981&msr_no=9599&AttendanceDate=25/03/2026&Digest=3RfxiBTCRIK0DltJvvGENg",9
"BASTI","BANKATI","KHORIA","3153011056/LD/YD/958486255824966387","9307","https://mnregaweb4.nic.in/nregaarch/View_NMMS_atten_date_dtl_rpt.aspx?page=&short_name=UP&state_name=UTTAR%20PRADESH&state_code=31&district_name=BASTI&district_code=3153&block_name=BANKATI&block_code=3153011&panchayat_name=KHORIA&panchayat_code=3153011056&fin_year=2025-2026&source=&work_code=3153011056/LD/YD/958486255824966387&msr_no=9307&AttendanceDate=25/03/2026&Digest=zId9vONgu3NaemzOATaZhA",7
"BASTI","BANKATI","KHORIA","3153011056/LD/YD/958486255824966411","9237","https://mnregaweb4.nic.in/nregaarch/View_NMMS_atten_date_dtl_rpt.aspx?page=&short_name=UP&state_name=UTTAR%20PRADESH&state_code=31&district_name=BASTI&district_code=3153&block_name=BANKATI&block_code=3153011&panchayat_name=KHORIA&panchayat_code=3153011056&fin_year=2025-2026&source=&work_code=3153011056/LD/YD/958486255824966411&msr_no=9237&AttendanceDate=25/03/2026&Digest=8jVuqRD+4j4m/2bMqSu42Q",8
"BASTI","BANKATI","KHORIA","3153011056/RC/YD/958486255823681583","9451","https://mnregaweb4.nic.in/nregaarch/View_NMMS_atten_date_dtl_rpt.aspx?page=&short_name=UP&state_name=UTTAR%20PRADESH&state_code=31&district_name=BASTI&district_code=3153&block_name=BANKATI&block_code=3153011&panchayat_name=KHORIA&panchayat_code=3153011056&fin_year=2025-2026&source=&work_code=3153011056/RC/YD/958486255823681583&msr_no=9451&AttendanceDate=25/03/2026&Digest=eLLfOfwo/cd0ju8UfrGi2A",9
"BASTI","BAHADURPUR","BENIPUR","3153012009/RC/958486255823584823","9742","https://mnregaweb4.nic.in/nregaarch/View_NMMS_atten_date_dtl_rpt.aspx?page=&short_name=UP&state_name=UTTAR%20PRADESH&state_code=31&district_name=BASTI&district_code=3153&block_name=BAHADURPUR&block_code=3153012&panchayat_name=BENIPUR&panchayat_code=3153012009&fin_year=2025-2026&source=&work_code=3153012009/RC/958486255823584823&msr_no=9742&AttendanceDate=25/03/2026&Digest=MWdmLJZAmKnYz+PA2Dpz0w",9
"BASTI","BAHADURPUR","BHELWAL","3153012010/RC/958486255823596094","9760","https://mnregaweb4.nic.in/nregaarch/View_NMMS_atten_date_dtl_rpt.aspx?page=&short_name=UP&state_name=UTTAR%20PRADESH&state_code=31&district_name=BASTI&district_code=3153&block_name=BAHADURPUR&block_code=3153012&panchayat_name=BHELWAL&panchayat_code=3153012010&fin_year=2025-2026&source=&work_code=3153012010/RC/958486255823596094&msr_no=9760&AttendanceDate=25/03/2026&Digest=G5l7EYboS16S8MnAWd6sUw",8
"BASTI","BAHADURPUR","BHELWAL","3153012010/RC/958486255823725475","9895","https://mnregaweb4.nic.in/nregaarch/View_NMMS_atten_date_dtl_rpt.aspx?page=&short_name=UP&state_name=UTTAR%20PRADESH&state_code=31&district_name=BASTI&district_code=3153&block_name=BAHADURPUR&block_code=3153012&panchayat_name=BHELWAL&panchayat_code=3153012010&fin_year=2025-2026&source=&work_code=3153012010/RC/958486255823725475&msr_no=9895&AttendanceDate=25/03/2026&Digest=O/bmTo95Mn3lVZ2YixKy3w",7
"BASTI","BAHADURPUR","DEV DEEHA","3153012019/RC/958486255823733300","9808","https://mnregaweb4.nic.in/nregaarch/View_NMMS_atten_date_dtl_rpt.aspx?page=&short_name=UP&state_name=UTTAR%20PRADESH&state_code=31&district_name=BASTI&district_code=3153&block_name=BAHADURPUR&block_code=3153012&panchayat_name=DEV%20DEEHA&panchayat_code=3153012019&fin_year=2025-2026&source=&work_code=3153012019/RC/958486255823733300&msr_no=9808&AttendanceDate=25/03/2026&Digest=/O5ulVods7K9TDB3inrNEQ",8
"BASTI","BAHADURPUR","DEV DEEHA","3153012019/RC/958486255823744198","9802","https://mnregaweb4.nic.in/nregaarch/View_NMMS_atten_date_dtl_rpt.aspx?page=&short_name=UP&state_name=UTTAR%20PRADESH&state_code=31&district_name=BASTI&district_code=3153&block_name=BAHADURPUR&block_code=3153012&panchayat_name=DEV%20DEEHA&panchayat_code=3153012019&fin_year=2025-2026&source=&work_code=3153012019/RC/958486255823744198&msr_no=9802&AttendanceDate=25/03/2026&Digest=ILAxCMISnJtTmPS3IAKOyw",2
"BASTI","BAHADURPUR","DEV DEEHA","3153012019/RC/958486255823744198","9811","https://mnregaweb4.nic.in/nregaarch/View_NMMS_atten_date_dtl_rpt.aspx?page=&short_name=UP&state_name=UTTAR%20PRADESH&state_code=31&district_name=BASTI&district_code=3153&block_name=BAHADURPUR&block_code=3153012&panchayat_name=DEV%20DEEHA&panchayat_code=3153012019&fin_year=2025-2026&source=&work_code=3153012019/RC/958486255823744198&msr_no=9811&AttendanceDate=25/03/2026&Digest=DzvpndjiUjoPtN63farxfg",6
"BASTI","BAHADURPUR","KALWARI MUSTAKHAM","3153012030/RC/958486255823585693","9777","https://mnregaweb4.nic.in/nregaarch/View_NMMS_atten_date_dtl_rpt.aspx?page=&short_name=UP&state_name=UTTAR%20PRADESH&state_code=31&district_name=BASTI&district_code=3153&block_name=BAHADURPUR&block_code=3153012&panchayat_name=KALWARI%20MUSTAKHAM&panchayat_code=3153012030&fin_year=2025-2026&source=&work_code=3153012030/RC/958486255823585693&msr_no=9777&AttendanceDate=25/03/2026&Digest=9Y3KnTP2GvenXsfHvCrGPg",2
"BASTI","BAHADURPUR","KAMRIHA","3153012031/IC/958486255823711085","9784","https://mnregaweb4.nic.in/nregaarch/View_NMMS_atten_date_dtl_rpt.aspx?page=&short_name=UP&state_name=UTTAR%20PRADESH&state_code=31&district_name=BASTI&district_code=3153&block_name=BAHADURPUR&block_code=3153012&panchayat_name=KAMRIHA&panchayat_code=3153012031&fin_year=2025-2026&source=&work_code=3153012031/IC/958486255823711085&msr_no=9784&AttendanceDate=25/03/2026&Digest=BjMRTo4J6L0vfhpuUQ50jg",3
"BASTI","BAHADURPUR","MATERA","3153012049/AV/958486255824150220","9780","https://mnregaweb4.nic.in/nregaarch/View_NMMS_atten_date_dtl_rpt.aspx?page=&short_name=UP&state_name=UTTAR%20PRADESH&state_code=31&district_name=BASTI&district_code=3153&block_name=BAHADURPUR&block_code=3153012&panchayat_name=MATERA&panchayat_code=3153012049&fin_year=2025-2026&source=&work_code=3153012049/AV/958486255824150220&msr_no=9780&AttendanceDate=25/03/2026&Digest=kqrLs/DNPqMNHhkNQBG67g",4
"BASTI","BAHADURPUR","NIRANJAN PUR","3153012055/RC/958486255823672554","9879","https://mnregaweb4.nic.in/nregaarch/View_NMMS_atten_date_dtl_rpt.aspx?page=&short_name=UP&state_name=UTTAR%20PRADESH&state_code=31&district_name=BASTI&district_code=3153&block_name=BAHADURPUR&block_code=3153012&panchayat_name=NIRANJAN%20PUR&panchayat_code=3153012055&fin_year=2025-2026&source=&work_code=3153012055/RC/958486255823672554&msr_no=9879&AttendanceDate=25/03/2026&Digest=BOK8a/OeB6ylzHnFMOxr7A",9
"BASTI","BAHADURPUR","PAALHA","3153012057/LD/958486255825007535","9676","https://mnregaweb4.nic.in/nregaarch/View_NMMS_atten_date_dtl_rpt.aspx?page=&short_name=UP&state_name=UTTAR%20PRADESH&state_code=31&district_name=BASTI&district_code=3153&block_name=BAHADURPUR&block_code=3153012&panchayat_name=PAALHA&panchayat_code=3153012057&fin_year=2025-2026&source=&work_code=3153012057/LD/958486255825007535&msr_no=9676&AttendanceDate=25/03/2026&Digest=hMfk4A5xXZ7nlE41j17+WA",4
"BASTI","BAHADURPUR","PAALHA","3153012057/LD/958486255825007541","9762","https://mnregaweb4.nic.in/nregaarch/View_NMMS_atten_date_dtl_rpt.aspx?page=&short_name=UP&state_name=UTTAR%20PRADESH&state_code=31&district_name=BASTI&district_code=3153&block_name=BAHADURPUR&block_code=3153012&panchayat_name=PAALHA&panchayat_code=3153012057&fin_year=2025-2026&source=&work_code=3153012057/LD/958486255825007541&msr_no=9762&AttendanceDate=25/03/2026&Digest=CQOTZRT3tnGmhWGpPd0x/g",5
"BASTI","BAHADURPUR","PRATAPPUR","3153012064/RC/958486255823658056","9693","https://mnregaweb4.nic.in/nregaarch/View_NMMS_atten_date_dtl_rpt.aspx?page=&short_name=UP&state_name=UTTAR%20PRADESH&state_code=31&district_name=BASTI&district_code=3153&block_name=BAHADURPUR&block_code=3153012&panchayat_name=PRATAPPUR&panchayat_code=3153012064&fin_year=2025-2026&source=&work_code=3153012064/RC/958486255823658056&msr_no=9693&AttendanceDate=25/03/2026&Digest=MF/HZNROK3+pFWoFQpoDZQ",5
"BASTI","BAHADURPUR","PRATAPPUR","3153012064/RC/958486255823707627","9696","https://mnregaweb4.nic.in/nregaarch/View_NMMS_atten_date_dtl_rpt.aspx?page=&short_name=UP&state_name=UTTAR%20PRADESH&state_code=31&district_name=BASTI&district_code=3153&block_name=BAHADURPUR&block_code=3153012&panchayat_name=PRATAPPUR&panchayat_code=3153012064&fin_year=2025-2026&source=&work_code=3153012064/RC/958486255823707627&msr_no=9696&AttendanceDate=25/03/2026&Digest=rCgWl2OOl/ITAGxBuSJ8LA",7
"BASTI","BAHADURPUR","PRATAPPUR","3153012064/RC/958486255823707646","9698","https://mnregaweb4.nic.in/nregaarch/View_NMMS_atten_date_dtl_rpt.aspx?page=&short_name=UP&state_name=UTTAR%20PRADESH&state_code=31&district_name=BASTI&district_code=3153&block_name=BAHADURPUR&block_code=3153012&panchayat_name=PRATAPPUR&panchayat_code=3153012064&fin_year=2025-2026&source=&work_code=3153012064/RC/958486255823707646&msr_no=9698&AttendanceDate=25/03/2026&Digest=0ZLY34zacaMeruChqlFVlQ",8
"BASTI","BAHADURPUR","RAKHAUNA","3153012066/LD/958486255824953181","9787","https://mnregaweb4.nic.in/nregaarch/View_NMMS_atten_date_dtl_rpt.aspx?page=&short_name=UP&state_name=UTTAR%20PRADESH&state_code=31&district_name=BASTI&district_code=3153&block_name=BAHADURPUR&block_code=3153012&panchayat_name=RAKHAUNA&panchayat_code=3153012066&fin_year=2025-2026&source=&work_code=3153012066/LD/958486255824953181&msr_no=9787&AttendanceDate=25/03/2026&Digest=fqwyhyzxomVLmtD4Nyhs2g",7
"BASTI","BAHADURPUR","SAIFABAD","3153012069/RC/958486255823597406","9679","https://mnregaweb4.nic.in/nregaarch/View_NMMS_atten_date_dtl_rpt.aspx?page=&short_name=UP&state_name=UTTAR%20PRADESH&state_code=31&district_name=BASTI&district_code=3153&block_name=BAHADURPUR&block_code=3153012&panchayat_name=SAIFABAD&panchayat_code=3153012069&fin_year=2025-2026&source=&work_code=3153012069/RC/958486255823597406&msr_no=9679&AttendanceDate=25/03/2026&Digest=YOWx6JQRQjj9VyWHw/L/7w",7
"BASTI","BAHADURPUR","SAIFABAD","3153012069/RC/958486255823597413","9685","https://mnregaweb4.nic.in/nregaarch/View_NMMS_atten_date_dtl_rpt.aspx?page=&short_name=UP&state_name=UTTAR%20PRADESH&state_code=31&district_name=BASTI&district_code=3153&block_name=BAHADURPUR&block_code=3153012&panchayat_name=SAIFABAD&panchayat_code=3153012069&fin_year=2025-2026&source=&work_code=3153012069/RC/958486255823597413&msr_no=9685&AttendanceDate=25/03/2026&Digest=WztlRiYzoXYIJMJ2N9H1rA",1
"BASTI","BAHADURPUR","KAMHARIYA 2","3153012070/AV/958486255824174675","9615","https://mnregaweb4.nic.in/nregaarch/View_NMMS_atten_date_dtl_rpt.aspx?page=&short_name=UP&state_name=UTTAR%20PRADESH&state_code=31&district_name=BASTI&district_code=3153&block_name=BAHADURPUR&block_code=3153012&panchayat_name=KAMHARIYA%202&panchayat_code=3153012070&fin_year=2025-2026&source=&work_code=3153012070/AV/958486255824174675&msr_no=9615&AttendanceDate=25/03/2026&Digest=4ezZb+MbEpk85u74yENBTw",5
"BASTI","BAHADURPUR","SHEKHPURA","3153012078/RC/958486255823677033","9734","https://mnregaweb4.nic.in/nregaarch/View_NMMS_atten_date_dtl_rpt.aspx?page=&short_name=UP&state_name=UTTAR%20PRADESH&state_code=31&district_name=BASTI&district_code=3153&block_name=BAHADURPUR&block_code=3153012&panchayat_name=SHEKHPURA&panchayat_code=3153012078&fin_year=2025-2026&source=&work_code=3153012078/RC/958486255823677033&msr_no=9734&AttendanceDate=25/03/2026&Digest=0Q50O6A31MTc4LatXvLW7Q",5
"BASTI","BAHADURPUR","SHEKHPURA","3153012078/RC/958486255823694361","9740","https://mnregaweb4.nic.in/nregaarch/View_NMMS_atten_date_dtl_rpt.aspx?page=&short_name=UP&state_name=UTTAR%20PRADESH&state_code=31&district_name=BASTI&district_code=3153&block_name=BAHADURPUR&block_code=3153012&panchayat_name=SHEKHPURA&panchayat_code=3153012078&fin_year=2025-2026&source=&work_code=3153012078/RC/958486255823694361&msr_no=9740&AttendanceDate=25/03/2026&Digest=JgeiMp5ckmwSyD/hWfZDXw",3
"BASTI","BAHADURPUR","SEMRA URF GALWA","3153012087/WH/958486255824004832","9621","https://mnregaweb4.nic.in/nregaarch/View_NMMS_atten_date_dtl_rpt.aspx?page=&short_name=UP&state_name=UTTAR%20PRADESH&state_code=31&district_name=BASTI&district_code=3153&block_name=BAHADURPUR&block_code=3153012&panchayat_name=SEMRA%20URF%20GALWA&panchayat_code=3153012087&fin_year=2025-2026&source=&work_code=3153012087/WH/958486255824004832&msr_no=9621&AttendanceDate=25/03/2026&Digest=gfxUFigmMG2LMJYZ2O70Eg",9
"BASTI","BAHADURPUR","AMILAHA","3153012092/WH/958486255823998983","9738","https://mnregaweb4.nic.in/nregaarch/View_NMMS_atten_date_dtl_rpt.aspx?page=&short_name=UP&state_name=UTTAR%20PRADESH&state_code=31&district_name=BASTI&district_code=3153&block_name=BAHADURPUR&block_code=3153012&panchayat_name=AMILAHA&panchayat_code=3153012092&fin_year=2025-2026&source=&work_code=3153012092/WH/958486255823998983&msr_no=9738&AttendanceDate=25/03/2026&Digest=yhwmAi5mwClMXmcrOatUmw",7
"BASTI","BANKATI","BHAWARA","3153011018/IC/958486255823741528","9343","https://mnregaweb4.nic.in/nregaarch/View_NMMS_atten_date_dtl_rpt.aspx?page=&short_name=UP&state_name=UTTAR%20PRADESH&state_code=31&district_name=BASTI&district_code=3153&block_name=BANKATI&block_code=3153011&panchayat_name=BHAWARA&panchayat_code=3153011018&fin_year=2025-2026&source=&work_code=3153011018/IC/958486255823741528&msr_no=9343&AttendanceDate=25/03/2026&Digest=W4PrPAn6Qvo5NAzxV4sVqA",9
"BASTI","BANKATI","DARVA KANCHI","3153011024/RC/958486255823749921","9497","https://mnregaweb4.nic.in/nregaarch/View_NMMS_atten_date_dtl_rpt.aspx?page=&short_name=UP&state_name=UTTAR%20PRADESH&state_code=31&district_name=BASTI&district_code=3153&block_name=BANKATI&block_code=3153011&panchayat_name=DARVA%20KANCHI&panchayat_code=3153011024&fin_year=2025-2026&source=&work_code=3153011024/RC/958486255823749921&msr_no=9497&AttendanceDate=25/03/2026&Digest=81S4Guw19RiEo03gDlfybw",4
"BASTI","BANKATI","DEWAMI","3153011027/AV/958486255824164986","9595","https://mnregaweb4.nic.in/nregaarch/View_NMMS_atten_date_dtl_rpt.aspx?page=&short_name=UP&state_name=UTTAR%20PRADESH&state_code=31&district_name=BASTI&district_code=3153&block_name=BANKATI&block_code=3153011&panchayat_name=DEWAMI&panchayat_code=3153011027&fin_year=2025-2026&source=&work_code=3153011027/AV/958486255824164986&msr_no=9595&AttendanceDate=25/03/2026&Digest=dUKIe+EI+LaFOkuXxP8D3g",2
"BASTI","BANKATI","DEWAMI","3153011027/FP/958486255823613996","9294","https://mnregaweb4.nic.in/nregaarch/View_NMMS_atten_date_dtl_rpt.aspx?page=&short_name=UP&state_name=UTTAR%20PRADESH&state_code=31&district_name=BASTI&district_code=3153&block_name=BANKATI&block_code=3153011&panchayat_name=DEWAMI&panchayat_code=3153011027&fin_year=2025-2026&source=&work_code=3153011027/FP/958486255823613996&msr_no=9294&AttendanceDate=25/03/2026&Digest=PLtfWsAWbLnpxhTu/1hY0Q",5
"BASTI","BANKATI","GANGORI","3153011035/RC/958486255823750665","9586","https://mnregaweb4.nic.in/nregaarch/View_NMMS_atten_date_dtl_rpt.aspx?page=&short_name=UP&state_name=UTTAR%20PRADESH&state_code=31&district_name=BASTI&district_code=3153&block_name=BANKATI&block_code=3153011&panchayat_name=GANGORI&panchayat_code=3153011035&fin_year=2025-2026&source=&work_code=3153011035/RC/958486255823750665&msr_no=9586&AttendanceDate=25/03/2026&Digest=Xk8MBzEyazDaXUxkI1aztw",10
"BASTI","BANKATI","HARRIAYA","3153011040/RC/958486255823736926","9226","https://mnregaweb4.nic.in/nregaarch/View_NMMS_atten_date_dtl_rpt.aspx?page=&short_name=UP&state_name=UTTAR%20PRADESH&state_code=31&district_name=BASTI&district_code=3153&block_name=BANKATI&block_code=3153011&panchayat_name=HARRIAYA&panchayat_code=3153011040&fin_year=2025-2026&source=&work_code=3153011040/RC/958486255823736926&msr_no=9226&AttendanceDate=25/03/2026&Digest=ffC76214soUUcuxINR/Egg",8
"BASTI","BANKATI","KHAMOKHAR","3153011049/FP/958486255823594955","9224","https://mnregaweb4.nic.in/nregaarch/View_NMMS_atten_date_dtl_rpt.aspx?page=&short_name=UP&state_name=UTTAR%20PRADESH&state_code=31&district_name=BASTI&district_code=3153&block_name=BANKATI&block_code=3153011&panchayat_name=KHAMOKHAR&panchayat_code=3153011049&fin_year=2025-2026&source=&work_code=3153011049/FP/958486255823594955&msr_no=9224&AttendanceDate=25/03/2026&Digest=Mj0Q4gdsRCLJ59mK5R+BfA",4
"BASTI","BANKATI","KHAMOKHAR","3153011049/RC/958486255823745109","9569","https://mnregaweb4.nic.in/nregaarch/View_NMMS_atten_date_dtl_rpt.aspx?page=&short_name=UP&state_name=UTTAR%20PRADESH&state_code=31&district_name=BASTI&district_code=3153&block_name=BANKATI&block_code=3153011&panchayat_name=KHAMOKHAR&panchayat_code=3153011049&fin_year=2025-2026&source=&work_code=3153011049/RC/958486255823745109&msr_no=9569&AttendanceDate=25/03/2026&Digest=IWXJdRxWIxohh/pO2L2Pgg",8
"BASTI","BANKATI","KHARWANIA","3153011054/FP/958486255823613677","9313","https://mnregaweb4.nic.in/nregaarch/View_NMMS_atten_date_dtl_rpt.aspx?page=&short_name=UP&state_name=UTTAR%20PRADESH&state_code=31&district_name=BASTI&district_code=3153&block_name=BANKATI&block_code=3153011&panchayat_name=KHARWANIA&panchayat_code=3153011054&fin_year=2025-2026&source=&work_code=3153011054/FP/958486255823613677&msr_no=9313&AttendanceDate=25/03/2026&Digest=76yWLEgtR1G9j+3bs/y0Xw",10
"BASTI","BANKATI","KHORIA","3153011056/LD/YD/958486255824966387","9306","https://mnregaweb4.nic.in/nregaarch/View_NMMS_atten_date_dtl_rpt.aspx?page=&short_name=UP&state_name=UTTAR%20PRADESH&state_code=31&district_name=BASTI&district_code=3153&block_name=BANKATI&block_code=3153011&panchayat_name=KHORIA&panchayat_code=3153011056&fin_year=2025-2026&source=&work_code=3153011056/LD/YD/958486255824966387&msr_no=9306&AttendanceDate=25/03/2026&Digest=oUmVbxYl76qbJmznwMknmg",8
"BASTI","BANKATI","KHORIA","3153011056/RC/YD/958486255823681583","9450","https://mnregaweb4.nic.in/nregaarch/View_NMMS_atten_date_dtl_rpt.aspx?page=&short_name=UP&state_name=UTTAR%20PRADESH&state_code=31&district_name=BASTI&district_code=3153&block_name=BANKATI&block_code=3153011&panchayat_name=KHORIA&panchayat_code=3153011056&fin_year=2025-2026&source=&work_code=3153011056/RC/YD/958486255823681583&msr_no=9450&AttendanceDate=25/03/2026&Digest=4k6aC/gxtVwpD1PJDknc5g",10
"BASTI","BANKATI","KURIYAR","3153011060/WC/958486255824235444","9357","https://mnregaweb4.nic.in/nregaarch/View_NMMS_atten_date_dtl_rpt.aspx?page=&short_name=UP&state_name=UTTAR%20PRADESH&state_code=31&district_name=BASTI&district_code=3153&block_name=BANKATI&block_code=3153011&panchayat_name=KURIYAR&panchayat_code=3153011060&fin_year=2025-2026&source=&work_code=3153011060/WC/958486255824235444&msr_no=9357&AttendanceDate=25/03/2026&Digest=AB/VadPs78lEtHV+YLizww",8
"BASTI","BANKATI","KURIYAR","3153011060/WC/958486255824235444","9360","https://mnregaweb4.nic.in/nregaarch/View_NMMS_atten_date_dtl_rpt.aspx?page=&short_name=UP&state_name=UTTAR%20PRADESH&state_code=31&district_name=BASTI&district_code=3153&block_name=BANKATI&block_code=3153011&panchayat_name=KURIYAR&panchayat_code=3153011060&fin_year=2025-2026&source=&work_code=3153011060/WC/958486255824235444&msr_no=9360&AttendanceDate=25/03/2026&Digest=lGTMdm3wK4Kv7uiCeOW8jQ",8
"BASTI","BANKATI","MAKDUMPUR","3153011062/IC/958486255823692433","9419","https://mnregaweb4.nic.in/nregaarch/View_NMMS_atten_date_dtl_rpt.aspx?page=&short_name=UP&state_name=UTTAR%20PRADESH&state_code=31&district_name=BASTI&district_code=3153&block_name=BANKATI&block_code=3153011&panchayat_name=MAKDUMPUR&panchayat_code=3153011062&fin_year=2025-2026&source=&work_code=3153011062/IC/958486255823692433&msr_no=9419&AttendanceDate=25/03/2026&Digest=VcetWcMm+KLfgHFXvcOW+w",4
"BASTI","BANKATI","MEHRDA","3153011065/RC/958486255823749751","9512","https://mnregaweb4.nic.in/nregaarch/View_NMMS_atten_date_dtl_rpt.aspx?page=&short_name=UP&state_name=UTTAR%20PRADESH&state_code=31&district_name=BASTI&district_code=3153&block_name=BANKATI&block_code=3153011&panchayat_name=MEHRDA&panchayat_code=3153011065&fin_year=2025-2026&source=&work_code=3153011065/RC/958486255823749751&msr_no=9512&AttendanceDate=25/03/2026&Digest=VCBZI7dcz7ZxiVffkmnGhQ",9
"BASTI","BANKATI","PADIYAPAR","3153011072/RC/958486255823746773","9661","https://mnregaweb4.nic.in/nregaarch/View_NMMS_atten_date_dtl_rpt.aspx?page=&short_name=UP&state_name=UTTAR%20PRADESH&state_code=31&district_name=BASTI&district_code=3153&block_name=BANKATI&block_code=3153011&panchayat_name=PADIYAPAR&panchayat_code=3153011072&fin_year=2025-2026&source=&work_code=3153011072/RC/958486255823746773&msr_no=9661&AttendanceDate=25/03/2026&Digest=s/KmgKxEAiNyLq6+pFv5hQ",7
"BASTI","BANKATI","PARASI","3153011076/RC/958486255823719298","9286","https://mnregaweb4.nic.in/nregaarch/View_NMMS_atten_date_dtl_rpt.aspx?page=&short_name=UP&state_name=UTTAR%20PRADESH&state_code=31&district_name=BASTI&district_code=3153&block_name=BANKATI&block_code=3153011&panchayat_name=PARASI&panchayat_code=3153011076&fin_year=2025-2026&source=&work_code=3153011076/RC/958486255823719298&msr_no=9286&AttendanceDate=25/03/2026&Digest=7yBGemKMKGpBbSE5pVzYnA",2
"BASTI","BAHADURPUR","BAHADURPUR","3153012007/WC/958486255824193195","9862","https://mnregaweb4.nic.in/nregaarch/View_NMMS_atten_date_dtl_rpt.aspx?page=&short_name=UP&state_name=UTTAR%20PRADESH&state_code=31&district_name=BASTI&district_code=3153&block_name=BAHADURPUR&block_code=3153012&panchayat_name=BAHADURPUR&panchayat_code=3153012007&fin_year=2025-2026&source=&work_code=3153012007/WC/958486255824193195&msr_no=9862&AttendanceDate=25/03/2026&Digest=TTN+oBXO7Wu7SV1uXGhtnA",9
"BASTI","BAHADURPUR","BAHADURPUR","3153012007/WH/958486255823987468","9645","https://mnregaweb4.nic.in/nregaarch/View_NMMS_atten_date_dtl_rpt.aspx?page=&short_name=UP&state_name=UTTAR%20PRADESH&state_code=31&district_name=BASTI&district_code=3153&block_name=BAHADURPUR&block_code=3153012&panchayat_name=BAHADURPUR&panchayat_code=3153012007&fin_year=2025-2026&source=&work_code=3153012007/WH/958486255823987468&msr_no=9645&AttendanceDate=25/03/2026&Digest=dNcyGjvDR6YO1sU4Yc1FPw",4
"BASTI","BAHADURPUR","BHELWAL","3153012010/RC/958486255823716921","9795","https://mnregaweb4.nic.in/nregaarch/View_NMMS_atten_date_dtl_rpt.aspx?page=&short_name=UP&state_name=UTTAR%20PRADESH&state_code=31&district_name=BASTI&district_code=3153&block_name=BAHADURPUR&block_code=3153012&panchayat_name=BHELWAL&panchayat_code=3153012010&fin_year=2025-2026&source=&work_code=3153012010/RC/958486255823716921&msr_no=9795&AttendanceDate=25/03/2026&Digest=vx1ILdvz6YkKb+NKCYkwpg",6
"BASTI","BAHADURPUR","SONBARSA","3153012014/LD/958486255824933208","9635","https://mnregaweb4.nic.in/nregaarch/View_NMMS_atten_date_dtl_rpt.aspx?page=&short_name=UP&state_name=UTTAR%20PRADESH&state_code=31&district_name=BASTI&district_code=3153&block_name=BAHADURPUR&block_code=3153012&panchayat_name=SONBARSA&panchayat_code=3153012014&fin_year=2025-2026&source=&work_code=3153012014/LD/958486255824933208&msr_no=9635&AttendanceDate=25/03/2026&Digest=2XznC88yq+Jx/lWDb1VBRA",10
"BASTI","BAHADURPUR","DEV DEEHA","3153012019/LD/958486255824987443","9597","https://mnregaweb4.nic.in/nregaarch/View_NMMS_atten_date_dtl_rpt.aspx?page=&short_name=UP&state_name=UTTAR%20PRADESH&state_code=31&district_name=BASTI&district_code=3153&block_name=BAHADURPUR&block_code=3153012&panchayat_name=DEV%20DEEHA&panchayat_code=3153012019&fin_year=2025-2026&source=&work_code=3153012019/LD/958486255824987443&msr_no=9597&AttendanceDate=25/03/2026&Digest=7ay0joBMliF8akbZiCP32w",10
"BASTI","BAHADURPUR","DEV DEEHA","3153012019/RC/958486255823667988","9799","https://mnregaweb4.nic.in/nregaarch/View_NMMS_atten_date_dtl_rpt.aspx?page=&short_name=UP&state_name=UTTAR%20PRADESH&state_code=31&district_name=BASTI&district_code=3153&block_name=BAHADURPUR&block_code=3153012&panchayat_name=DEV%20DEEHA&panchayat_code=3153012019&fin_year=2025-2026&source=&work_code=3153012019/RC/958486255823667988&msr_no=9799&AttendanceDate=25/03/2026&Digest=2c05JuF1lYClyAsG8FOQLQ",2
"BASTI","BAHADURPUR","GOVINDPUR (Bahadurpur)","3153012023/RC/958486255823669277","9625","https://mnregaweb4.nic.in/nregaarch/View_NMMS_atten_date_dtl_rpt.aspx?page=&short_name=UP&state_name=UTTAR%20PRADESH&state_code=31&district_name=BASTI&district_code=3153&block_name=BAHADURPUR&block_code=3153012&panchayat_name=GOVINDPUR%20%20(Bahadurpur)&panchayat_code=3153012023&fin_year=2025-2026&source=&work_code=3153012023/RC/958486255823669277&msr_no=9625&AttendanceDate=25/03/2026&Digest=3+892S1gDMamfHuseZPXwg",6
"BASTI","BAHADURPUR","NRAYANPUR","3153012056/RC/958486255823747685","9819","https://mnregaweb4.nic.in/nregaarch/View_NMMS_atten_date_dtl_rpt.aspx?page=&short_name=UP&state_name=UTTAR%20PRADESH&state_code=31&district_name=BASTI&district_code=3153&block_name=BAHADURPUR&block_code=3153012&panchayat_name=NRAYANPUR&panchayat_code=3153012056&fin_year=2025-2026&source=&work_code=3153012056/RC/958486255823747685&msr_no=9819&AttendanceDate=25/03/2026&Digest=/k0JwH5acjLKiPBizxTotw",9
"BASTI","BAHADURPUR","PRATAPPUR","3153012064/DP/958486255823394822","9894","https://mnregaweb4.nic.in/nregaarch/View_NMMS_atten_date_dtl_rpt.aspx?page=&short_name=UP&state_name=UTTAR%20PRADESH&state_code=31&district_name=BASTI&district_code=3153&block_name=BAHADURPUR&block_code=3153012&panchayat_name=PRATAPPUR&panchayat_code=3153012064&fin_year=2025-2026&source=&work_code=3153012064/DP/958486255823394822&msr_no=9894&AttendanceDate=25/03/2026&Digest=N0LAbBVAL3ZgCpzEkmwYuw",1
"BASTI","BAHADURPUR","PRATAPPUR","3153012064/RC/958486255823589093","9691","https://mnregaweb4.nic.in/nregaarch/View_NMMS_atten_date_dtl_rpt.aspx?page=&short_name=UP&state_name=UTTAR%20PRADESH&state_code=31&district_name=BASTI&district_code=3153&block_name=BAHADURPUR&block_code=3153012&panchayat_name=PRATAPPUR&panchayat_code=3153012064&fin_year=2025-2026&source=&work_code=3153012064/RC/958486255823589093&msr_no=9691&AttendanceDate=25/03/2026&Digest=vFWBkPftQI2awGkluEKVqw",2
"BASTI","BAHADURPUR","VAISNOPUR","3153012079/LD/958486255824966695","9825","https://mnregaweb4.nic.in/nregaarch/View_NMMS_atten_date_dtl_rpt.aspx?page=&short_name=UP&state_name=UTTAR%20PRADESH&state_code=31&district_name=BASTI&district_code=3153&block_name=BAHADURPUR&block_code=3153012&panchayat_name=VAISNOPUR&panchayat_code=3153012079&fin_year=2025-2026&source=&work_code=3153012079/LD/958486255824966695&msr_no=9825&AttendanceDate=25/03/2026&Digest=hK5eTF/6D/P2ruz9eIi64g",8
"BASTI","BAHADURPUR","SEMRA URF GALWA","3153012087/AV/958486255824174667","9766","https://mnregaweb4.nic.in/nregaarch/View_NMMS_atten_date_dtl_rpt.aspx?page=&short_name=UP&state_name=UTTAR%20PRADESH&state_code=31&district_name=BASTI&district_code=3153&block_name=BAHADURPUR&block_code=3153012&panchayat_name=SEMRA%20URF%20GALWA&panchayat_code=3153012087&fin_year=2025-2026&source=&work_code=3153012087/AV/958486255824174667&msr_no=9766&AttendanceDate=25/03/2026&Digest=iGkQNBGwYy6zt7AfFrrQqQ",6
"BASTI","BANKATI","BARAHUA","3153011009/AV/958486255824186396","9564","https://mnregaweb4.nic.in/nregaarch/View_NMMS_atten_date_dtl_rpt.aspx?page=&short_name=UP&state_name=UTTAR%20PRADESH&state_code=31&district_name=BASTI&district_code=3153&block_name=BANKATI&block_code=3153011&panchayat_name=BARAHUA&panchayat_code=3153011009&fin_year=2025-2026&source=&work_code=3153011009/AV/958486255824186396&msr_no=9564&AttendanceDate=25/03/2026&Digest=e4VoMzkbboUqTEIn8r2mBg",9
"BASTI","BANKATI","BELSUHEE","3153011015/RC/958486255823615709","9577","https://mnregaweb4.nic.in/nregaarch/View_NMMS_atten_date_dtl_rpt.aspx?page=&short_name=UP&state_name=UTTAR%20PRADESH&state_code=31&district_name=BASTI&district_code=3153&block_name=BANKATI&block_code=3153011&panchayat_name=BELSUHEE&panchayat_code=3153011015&fin_year=2025-2026&source=&work_code=3153011015/RC/958486255823615709&msr_no=9577&AttendanceDate=25/03/2026&Digest=gK2hjqPVis7swib0pRnEew",4
"BASTI","BANKATI","BELSUHEE","3153011015/WC/958486255824209577","9493","https://mnregaweb4.nic.in/nregaarch/View_NMMS_atten_date_dtl_rpt.aspx?page=&short_name=UP&state_name=UTTAR%20PRADESH&state_code=31&district_name=BASTI&district_code=3153&block_name=BANKATI&block_code=3153011&panchayat_name=BELSUHEE&panchayat_code=3153011015&fin_year=2025-2026&source=&work_code=3153011015/WC/958486255824209577&msr_no=9493&AttendanceDate=25/03/2026&Digest=mRffBTsXofEi07Meurq4bg",6
"BASTI","BANKATI","BELSUHEE","3153011015/WC/958486255824209577","9496","https://mnregaweb4.nic.in/nregaarch/View_NMMS_atten_date_dtl_rpt.aspx?page=&short_name=UP&state_name=UTTAR%20PRADESH&state_code=31&district_name=BASTI&district_code=3153&block_name=BANKATI&block_code=3153011&panchayat_name=BELSUHEE&panchayat_code=3153011015&fin_year=2025-2026&source=&work_code=3153011015/WC/958486255824209577&msr_no=9496&AttendanceDate=25/03/2026&Digest=dk2FGUbp2OgH1lmh7iksGg",8
"BASTI","BANKATI","BHAWARA","3153011018/RC/958486255823707540","9338","https://mnregaweb4.nic.in/nregaarch/View_NMMS_atten_date_dtl_rpt.aspx?page=&short_name=UP&state_name=UTTAR%20PRADESH&state_code=31&district_name=BASTI&district_code=3153&block_name=BANKATI&block_code=3153011&panchayat_name=BHAWARA&panchayat_code=3153011018&fin_year=2025-2026&source=&work_code=3153011018/RC/958486255823707540&msr_no=9338&AttendanceDate=25/03/2026&Digest=xFqTO5NQVgsuREGxfm5QbA",4
"BASTI","BANKATI","BHAWARA","3153011018/RC/958486255823707541","9719","https://mnregaweb4.nic.in/nregaarch/View_NMMS_atten_date_dtl_rpt.aspx?page=&short_name=UP&state_name=UTTAR%20PRADESH&state_code=31&district_name=BASTI&district_code=3153&block_name=BANKATI&block_code=3153011&panchayat_name=BHAWARA&panchayat_code=3153011018&fin_year=2025-2026&source=&work_code=3153011018/RC/958486255823707541&msr_no=9719&AttendanceDate=25/03/2026&Digest=zS1IW/oC2sUcfwGqBHkRCQ",9
"BASTI","BANKATI","DEWAMI","3153011027/FP/958486255823613996","9310","https://mnregaweb4.nic.in/nregaarch/View_NMMS_atten_date_dtl_rpt.aspx?page=&short_name=UP&state_name=UTTAR%20PRADESH&state_code=31&district_name=BASTI&district_code=3153&block_name=BANKATI&block_code=3153011&panchayat_name=DEWAMI&panchayat_code=3153011027&fin_year=2025-2026&source=&work_code=3153011027/FP/958486255823613996&msr_no=9310&AttendanceDate=25/03/2026&Digest=2FZW4g+yO0jtsNqRyoZ1rg",8
"BASTI","BANKATI","GANGORI","3153011035/RC/958486255823750421","9584","https://mnregaweb4.nic.in/nregaarch/View_NMMS_atten_date_dtl_rpt.aspx?page=&short_name=UP&state_name=UTTAR%20PRADESH&state_code=31&district_name=BASTI&district_code=3153&block_name=BANKATI&block_code=3153011&panchayat_name=GANGORI&panchayat_code=3153011035&fin_year=2025-2026&source=&work_code=3153011035/RC/958486255823750421&msr_no=9584&AttendanceDate=25/03/2026&Digest=btIJ2oYenK7OvRtCDY0TpQ",6
"BASTI","BANKATI","HARRIAYA","3153011040/RC/958486255823751182","9693","https://mnregaweb4.nic.in/nregaarch/View_NMMS_atten_date_dtl_rpt.aspx?page=&short_name=UP&state_name=UTTAR%20PRADESH&state_code=31&district_name=BASTI&district_code=3153&block_name=BANKATI&block_code=3153011&panchayat_name=HARRIAYA&panchayat_code=3153011040&fin_year=2025-2026&source=&work_code=3153011040/RC/958486255823751182&msr_no=9693&AttendanceDate=25/03/2026&Digest=Sd88l++sTyR9rRXcfyK7Dg",10
"BASTI","BANKATI","HINAUTA","3153011041/IC/958486255823739648","9743","https://mnregaweb4.nic.in/nregaarch/View_NMMS_atten_date_dtl_rpt.aspx?page=&short_name=UP&state_name=UTTAR%20PRADESH&state_code=31&district_name=BASTI&district_code=3153&block_name=BANKATI&block_code=3153011&panchayat_name=HINAUTA&panchayat_code=3153011041&fin_year=2025-2026&source=&work_code=3153011041/IC/958486255823739648&msr_no=9743&AttendanceDate=25/03/2026&Digest=MO22zuYhwuAiepoLUgEEZA",8
"BASTI","BANKATI","HINAUTA","3153011041/RC/958486255823750743","9646","https://mnregaweb4.nic.in/nregaarch/View_NMMS_atten_date_dtl_rpt.aspx?page=&short_name=UP&state_name=UTTAR%20PRADESH&state_code=31&district_name=BASTI&district_code=3153&block_name=BANKATI&block_code=3153011&panchayat_name=HINAUTA&panchayat_code=3153011041&fin_year=2025-2026&source=&work_code=3153011041/RC/958486255823750743&msr_no=9646&AttendanceDate=25/03/2026&Digest=Mc6b+49kSUacqZnKD9HgEQ",4
"BASTI","BANKATI","KHAMOKHAR","3153011049/RC/958486255823745109","9588","https://mnregaweb4.nic.in/nregaarch/View_NMMS_atten_date_dtl_rpt.aspx?page=&short_name=UP&state_name=UTTAR%20PRADESH&state_code=31&district_name=BASTI&district_code=3153&block_name=BANKATI&block_code=3153011&panchayat_name=KHAMOKHAR&panchayat_code=3153011049&fin_year=2025-2026&source=&work_code=3153011049/RC/958486255823745109&msr_no=9588&AttendanceDate=25/03/2026&Digest=zlWsUSFclJwAK4IfHhYWNw",3
"BASTI","BANKATI","KHARATI","3153011050/RC/958486255823743302","9434","https://mnregaweb4.nic.in/nregaarch/View_NMMS_atten_date_dtl_rpt.aspx?page=&short_name=UP&state_name=UTTAR%20PRADESH&state_code=31&district_name=BASTI&district_code=3153&block_name=BANKATI&block_code=3153011&panchayat_name=KHARATI&panchayat_code=3153011050&fin_year=2025-2026&source=&work_code=3153011050/RC/958486255823743302&msr_no=9434&AttendanceDate=25/03/2026&Digest=GW2aPolWhgwEz6BRJc9MIQ",6
"BASTI","BANKATI","KHARHAURA(CHHVILAHA)","3153011051/WC/958486255824167025","9253","https://mnregaweb4.nic.in/nregaarch/View_NMMS_atten_date_dtl_rpt.aspx?page=&short_name=UP&state_name=UTTAR%20PRADESH&state_code=31&district_name=BASTI&district_code=3153&block_name=BANKATI&block_code=3153011&panchayat_name=KHARHAURA(CHHVILAHA)&panchayat_code=3153011051&fin_year=2025-2026&source=&work_code=3153011051/WC/958486255824167025&msr_no=9253&AttendanceDate=25/03/2026&Digest=62kwmOGwnYvLOoHfcTLIUA",4
"BASTI","BANKATI","KHORIA","3153011056/IC/YD/958486255823722220","9638","https://mnregaweb4.nic.in/nregaarch/View_NMMS_atten_date_dtl_rpt.aspx?page=&short_name=UP&state_name=UTTAR%20PRADESH&state_code=31&district_name=BASTI&district_code=3153&block_name=BANKATI&block_code=3153011&panchayat_name=KHORIA&panchayat_code=3153011056&fin_year=2025-2026&source=&work_code=3153011056/IC/YD/958486255823722220&msr_no=9638&AttendanceDate=25/03/2026&Digest=oJ8daKe/ZWinTrxJdnfdaQ",5
"BASTI","BANKATI","KHORIA","3153011056/IC/YD/958486255823723324","9608","https://mnregaweb4.nic.in/nregaarch/View_NMMS_atten_date_dtl_rpt.aspx?page=&short_name=UP&state_name=UTTAR%20PRADESH&state_code=31&district_name=BASTI&district_code=3153&block_name=BANKATI&block_code=3153011&panchayat_name=KHORIA&panchayat_code=3153011056&fin_year=2025-2026&source=&work_code=3153011056/IC/YD/958486255823723324&msr_no=9608&AttendanceDate=25/03/2026&Digest=qbyPDvdUgOZEHwO1OTrzSQ",10
"BASTI","BANKATI","KHORIA","3153011056/LD/YD/958486255824966397","9242","https://mnregaweb4.nic.in/nregaarch/View_NMMS_atten_date_dtl_rpt.aspx?page=&short_name=UP&state_name=UTTAR%20PRADESH&state_code=31&district_name=BASTI&district_code=3153&block_name=BANKATI&block_code=3153011&panchayat_name=KHORIA&panchayat_code=3153011056&fin_year=2025-2026&source=&work_code=3153011056/LD/YD/958486255824966397&msr_no=9242&AttendanceDate=25/03/2026&Digest=hB3DdXUe2c4sj9D3i2ShBQ",6
"BASTI","BANKATI","KHORIA","3153011056/LD/YD/958486255824966411","9240","https://mnregaweb4.nic.in/nregaarch/View_NMMS_atten_date_dtl_rpt.aspx?page=&short_name=UP&state_name=UTTAR%20PRADESH&state_code=31&district_name=BASTI&district_code=3153&block_name=BANKATI&block_code=3153011&panchayat_name=KHORIA&panchayat_code=3153011056&fin_year=2025-2026&source=&work_code=3153011056/LD/YD/958486255824966411&msr_no=9240&AttendanceDate=25/03/2026&Digest=+H5TCyCsJHfyh8i8J79cjQ",3
"BASTI","BANKATI","KHORIA","3153011056/RC/YD/958486255823681577","9627","https://mnregaweb4.nic.in/nregaarch/View_NMMS_atten_date_dtl_rpt.aspx?page=&short_name=UP&state_name=UTTAR%20PRADESH&state_code=31&district_name=BASTI&district_code=3153&block_name=BANKATI&block_code=3153011&panchayat_name=KHORIA&panchayat_code=3153011056&fin_year=2025-2026&source=&work_code=3153011056/RC/YD/958486255823681577&msr_no=9627&AttendanceDate=25/03/2026&Digest=jUcQ9CZONwacm0YOqjNbkQ",10
"BASTI","BANKATI","KHORIA","3153011056/RC/YD/958486255823681577","9630","https://mnregaweb4.nic.in/nregaarch/View_NMMS_atten_date_dtl_rpt.aspx?page=&short_name=UP&state_name=UTTAR%20PRADESH&state_code=31&district_name=BASTI&district_code=3153&block_name=BANKATI&block_code=3153011&panchayat_name=KHORIA&panchayat_code=3153011056&fin_year=2025-2026&source=&work_code=3153011056/RC/YD/958486255823681577&msr_no=9630&AttendanceDate=25/03/2026&Digest=r9QPVS5VMtRsO1txiSgvbw",8
"BASTI","BANKATI","KURIYAR","3153011060/IC/958486255823712455","9366","https://mnregaweb4.nic.in/nregaarch/View_NMMS_atten_date_dtl_rpt.aspx?page=&short_name=UP&state_name=UTTAR%20PRADESH&state_code=31&district_name=BASTI&district_code=3153&block_name=BANKATI&block_code=3153011&panchayat_name=KURIYAR&panchayat_code=3153011060&fin_year=2025-2026&source=&work_code=3153011060/IC/958486255823712455&msr_no=9366&AttendanceDate=25/03/2026&Digest=4AD+w0LxDMSyBjkWD5+wRA",10
"BASTI","BANKATI","NAGARA BAUDIHAR","3153011070/RC/958486255823712105","9704","https://mnregaweb4.nic.in/nregaarch/View_NMMS_atten_date_dtl_rpt.aspx?page=&short_name=UP&state_name=UTTAR%20PRADESH&state_code=31&district_name=BASTI&district_code=3153&block_name=BANKATI&block_code=3153011&panchayat_name=NAGARA%20BAUDIHAR&panchayat_code=3153011070&fin_year=2025-2026&source=&work_code=3153011070/RC/958486255823712105&msr_no=9704&AttendanceDate=25/03/2026&Digest=9MJwlSVBkJ9LJ2UeKpqFgA",5
"BASTI","BANKATI","NAGARA BAUDIHAR","3153011070/RC/958486255823712105","9707","https://mnregaweb4.nic.in/nregaarch/View_NMMS_atten_date_dtl_rpt.aspx?page=&short_name=UP&state_name=UTTAR%20PRADESH&state_code=31&district_name=BASTI&district_code=3153&block_name=BANKATI&block_code=3153011&panchayat_name=NAGARA%20BAUDIHAR&panchayat_code=3153011070&fin_year=2025-2026&source=&work_code=3153011070/RC/958486255823712105&msr_no=9707&AttendanceDate=25/03/2026&Digest=U72Gc1pqGaNGMWvQHtiiOA",10
"BASTI","BANKATI","PADIYAPAR","3153011072/RC/958486255823729438","9667","https://mnregaweb4.nic.in/nregaarch/View_NMMS_atten_date_dtl_rpt.aspx?page=&short_name=UP&state_name=UTTAR%20PRADESH&state_code=31&district_name=BASTI&district_code=3153&block_name=BANKATI&block_code=3153011&panchayat_name=PADIYAPAR&panchayat_code=3153011072&fin_year=2025-2026&source=&work_code=3153011072/RC/958486255823729438&msr_no=9667&AttendanceDate=25/03/2026&Digest=KOFRZplskoxlJAkHHOSing",10
"BASTI","BANKATI","PARASI","3153011076/WC/958486255824199617","9685","https://mnregaweb4.nic.in/nregaarch/View_NMMS_atten_date_dtl_rpt.aspx?page=&short_name=UP&state_name=UTTAR%20PRADESH&state_code=31&district_name=BASTI&district_code=3153&block_name=BANKATI&block_code=3153011&panchayat_name=PARASI&panchayat_code=3153011076&fin_year=2025-2026&source=&work_code=3153011076/WC/958486255824199617&msr_no=9685&AttendanceDate=25/03/2026&Digest=uJNaohksAJJwohP36JKVvw",2
"BASTI","BANKATI","SOBHAN PAR","3153011087/LD/958486255824967557","9297","https://mnregaweb4.nic.in/nregaarch/View_NMMS_atten_date_dtl_rpt.aspx?page=&short_name=UP&state_name=UTTAR%20PRADESH&state_code=31&district_name=BASTI&district_code=3153&block_name=BANKATI&block_code=3153011&panchayat_name=SOBHAN%20PAR&panchayat_code=3153011087&fin_year=2025-2026&source=&work_code=3153011087/LD/958486255824967557&msr_no=9297&AttendanceDate=25/03/2026&Digest=PFkB+uikMhRP5XHklbXf5w",8
"BASTI","BANKATI","SOBHAN PAR","3153011087/RC/958486255823751179","9652","https://mnregaweb4.nic.in/nregaarch/View_NMMS_atten_date_dtl_rpt.aspx?page=&short_name=UP&state_name=UTTAR%20PRADESH&state_code=31&district_name=BASTI&district_code=3153&block_name=BANKATI&block_code=3153011&panchayat_name=SOBHAN%20PAR&panchayat_code=3153011087&fin_year=2025-2026&source=&work_code=3153011087/RC/958486255823751179&msr_no=9652&AttendanceDate=25/03/2026&Digest=wuCFTX7zMH5EBKYMJD8vtQ",7
"BASTI","BANKATI","SOBHAN PAR","3153011087/RC/958486255823751179","9655","https://mnregaweb4.nic.in/nregaarch/View_NMMS_atten_date_dtl_rpt.aspx?page=&short_name=UP&state_name=UTTAR%20PRADESH&state_code=31&district_name=BASTI&district_code=3153&block_name=BANKATI&block_code=3153011&panchayat_name=SOBHAN%20PAR&panchayat_code=3153011087&fin_year=2025-2026&source=&work_code=3153011087/RC/958486255823751179&msr_no=9655&AttendanceDate=25/03/2026&Digest=iLObrX5YF6VbfJz6BzY1Gw",6
"BASTI","BAHADURPUR","DEV DEEHA","3153012019/RC/958486255823667987","9815","https://mnregaweb4.nic.in/nregaarch/View_NMMS_atten_date_dtl_rpt.aspx?page=&short_name=UP&state_name=UTTAR%20PRADESH&state_code=31&district_name=BASTI&district_code=3153&block_name=BAHADURPUR&block_code=3153012&panchayat_name=DEV%20DEEHA&panchayat_code=3153012019&fin_year=2025-2026&source=&work_code=3153012019/RC/958486255823667987&msr_no=9815&AttendanceDate=25/03/2026&Digest=abyffoYBFy8voR/pdBKrhg",5
"BASTI","BAHADURPUR","DEV DEEHA","3153012019/RC/958486255823667988","9804","https://mnregaweb4.nic.in/nregaarch/View_NMMS_atten_date_dtl_rpt.aspx?page=&short_name=UP&state_name=UTTAR%20PRADESH&state_code=31&district_name=BASTI&district_code=3153&block_name=BAHADURPUR&block_code=3153012&panchayat_name=DEV%20DEEHA&panchayat_code=3153012019&fin_year=2025-2026&source=&work_code=3153012019/RC/958486255823667988&msr_no=9804&AttendanceDate=25/03/2026&Digest=bohqyZ57TmCZu7QR6kAxiQ",10
"BASTI","BAHADURPUR","GOVINDPUR (Bahadurpur)","3153012023/RC/958486255823669277","9626","https://mnregaweb4.nic.in/nregaarch/View_NMMS_atten_date_dtl_rpt.aspx?page=&short_name=UP&state_name=UTTAR%20PRADESH&state_code=31&district_name=BASTI&district_code=3153&block_name=BAHADURPUR&block_code=3153012&panchayat_name=GOVINDPUR%20%20(Bahadurpur)&panchayat_code=3153012023&fin_year=2025-2026&source=&work_code=3153012023/RC/958486255823669277&msr_no=9626&AttendanceDate=25/03/2026&Digest=b5y2bR7wgbWYhBL/1IOGsA",3
"BASTI","BAHADURPUR","KALWARI MUSTAKHAM","3153012030/RC/958486255823585693","9776","https://mnregaweb4.nic.in/nregaarch/View_NMMS_atten_date_dtl_rpt.aspx?page=&short_name=UP&state_name=UTTAR%20PRADESH&state_code=31&district_name=BASTI&district_code=3153&block_name=BAHADURPUR&block_code=3153012&panchayat_name=KALWARI%20MUSTAKHAM&panchayat_code=3153012030&fin_year=2025-2026&source=&work_code=3153012030/RC/958486255823585693&msr_no=9776&AttendanceDate=25/03/2026&Digest=Y4z2hMkf/PQhBnVQSWrmvQ",7
"BASTI","BAHADURPUR","KAMRIHA","3153012031/IC/958486255823711085","9783","https://mnregaweb4.nic.in/nregaarch/View_NMMS_atten_date_dtl_rpt.aspx?page=&short_name=UP&state_name=UTTAR%20PRADESH&state_code=31&district_name=BASTI&district_code=3153&block_name=BAHADURPUR&block_code=3153012&panchayat_name=KAMRIHA&panchayat_code=3153012031&fin_year=2025-2026&source=&work_code=3153012031/IC/958486255823711085&msr_no=9783&AttendanceDate=25/03/2026&Digest=4FjRPcz45nWQTfDQyVZivQ",3
"BASTI","BAHADURPUR","KAMRIHA","3153012031/RC/958486255823682095","9786","https://mnregaweb4.nic.in/nregaarch/View_NMMS_atten_date_dtl_rpt.aspx?page=&short_name=UP&state_name=UTTAR%20PRADESH&state_code=31&district_name=BASTI&district_code=3153&block_name=BAHADURPUR&block_code=3153012&panchayat_name=KAMRIHA&panchayat_code=3153012031&fin_year=2025-2026&source=&work_code=3153012031/RC/958486255823682095&msr_no=9786&AttendanceDate=25/03/2026&Digest=B7fj/g+7nIJX0km7bSfLPw",5
"BASTI","BAHADURPUR","PAALHA","3153012057/LD/958486255825007541","9763","https://mnregaweb4.nic.in/nregaarch/View_NMMS_atten_date_dtl_rpt.aspx?page=&short_name=UP&state_name=UTTAR%20PRADESH&state_code=31&district_name=BASTI&district_code=3153&block_name=BAHADURPUR&block_code=3153012&panchayat_name=PAALHA&panchayat_code=3153012057&fin_year=2025-2026&source=&work_code=3153012057/LD/958486255825007541&msr_no=9763&AttendanceDate=25/03/2026&Digest=3aWqRghcMSejKOr1BiD3MA",2
"BASTI","BAHADURPUR","PHOOLPUR","3153012061/LD/958486255825008303","9861","https://mnregaweb4.nic.in/nregaarch/View_NMMS_atten_date_dtl_rpt.aspx?page=&short_name=UP&state_name=UTTAR%20PRADESH&state_code=31&district_name=BASTI&district_code=3153&block_name=BAHADURPUR&block_code=3153012&panchayat_name=PHOOLPUR&panchayat_code=3153012061&fin_year=2025-2026&source=&work_code=3153012061/LD/958486255825008303&msr_no=9861&AttendanceDate=25/03/2026&Digest=QvGIyq45ToHIVwPPQIJ5gg",4
"BASTI","BAHADURPUR","RAKHAUNA","3153012066/LD/958486255824953329","9793","https://mnregaweb4.nic.in/nregaarch/View_NMMS_atten_date_dtl_rpt.aspx?page=&short_name=UP&state_name=UTTAR%20PRADESH&state_code=31&district_name=BASTI&district_code=3153&block_name=BAHADURPUR&block_code=3153012&panchayat_name=RAKHAUNA&panchayat_code=3153012066&fin_year=2025-2026&source=&work_code=3153012066/LD/958486255824953329&msr_no=9793&AttendanceDate=25/03/2026&Digest=xpyDZ8GkWBal91nE23MDjA",6
"BASTI","BAHADURPUR","SAIFABAD","3153012069/RC/958486255823597406","9684","https://mnregaweb4.nic.in/nregaarch/View_NMMS_atten_date_dtl_rpt.aspx?page=&short_name=UP&state_name=UTTAR%20PRADESH&state_code=31&district_name=BASTI&district_code=3153&block_name=BAHADURPUR&block_code=3153012&panchayat_name=SAIFABAD&panchayat_code=3153012069&fin_year=2025-2026&source=&work_code=3153012069/RC/958486255823597406&msr_no=9684&AttendanceDate=25/03/2026&Digest=DvA/WsRjwEqLaB8J8Rh4mQ",1
"BASTI","BAHADURPUR","SEMRA URF GALWA","3153012087/AV/958486255824174667","9765","https://mnregaweb4.nic.in/nregaarch/View_NMMS_atten_date_dtl_rpt.aspx?page=&short_name=UP&state_name=UTTAR%20PRADESH&state_code=31&district_name=BASTI&district_code=3153&block_name=BAHADURPUR&block_code=3153012&panchayat_name=SEMRA%20URF%20GALWA&panchayat_code=3153012087&fin_year=2025-2026&source=&work_code=3153012087/AV/958486255824174667&msr_no=9765&AttendanceDate=25/03/2026&Digest=3HrH11pE7Snd1VTB+asPCA",9
"BASTI","BAHADURPUR","AMILAHA","3153012092/WH/958486255823998983","9736","https://mnregaweb4.nic.in/nregaarch/View_NMMS_atten_date_dtl_rpt.aspx?page=&short_name=UP&state_name=UTTAR%20PRADESH&state_code=31&district_name=BASTI&district_code=3153&block_name=BAHADURPUR&block_code=3153012&panchayat_name=AMILAHA&panchayat_code=3153012092&fin_year=2025-2026&source=&work_code=3153012092/WH/958486255823998983&msr_no=9736&AttendanceDate=25/03/2026&Digest=fkTinri81KKF9fXOmp3geA",10
"BASTI","BAHADURPUR","GAUSPUR","3153012093/RC/958486255823695287","9888","https://mnregaweb4.nic.in/nregaarch/View_NMMS_atten_date_dtl_rpt.aspx?page=&short_name=UP&state_name=UTTAR%20PRADESH&state_code=31&district_name=BASTI&district_code=3153&block_name=BAHADURPUR&block_code=3153012&panchayat_name=GAUSPUR&panchayat_code=3153012093&fin_year=2025-2026&source=&work_code=3153012093/RC/958486255823695287&msr_no=9888&AttendanceDate=25/03/2026&Digest=JwpycYWRmTyF9P4WGUb63A",1
"BASTI","BANKATI","AHIRAULI","3153011001/IC/958486255823742631","9265","https://mnregaweb4.nic.in/nregaarch/View_NMMS_atten_date_dtl_rpt.aspx?page=&short_name=UP&state_name=UTTAR%20PRADESH&state_code=31&district_name=BASTI&district_code=3153&block_name=BANKATI&block_code=3153011&panchayat_name=AHIRAULI&panchayat_code=3153011001&fin_year=2025-2026&source=&work_code=3153011001/IC/958486255823742631&msr_no=9265&AttendanceDate=25/03/2026&Digest=xzMPDLYiy+lr923fPB6PxQ",6
"BASTI","BANKATI","BELSUHEE","3153011015/LD/958486255824990626","9500","https://mnregaweb4.nic.in/nregaarch/View_NMMS_atten_date_dtl_rpt.aspx?page=&short_name=UP&state_name=UTTAR%20PRADESH&state_code=31&district_name=BASTI&district_code=3153&block_name=BANKATI&block_code=3153011&panchayat_name=BELSUHEE&panchayat_code=3153011015&fin_year=2025-2026&source=&work_code=3153011015/LD/958486255824990626&msr_no=9500&AttendanceDate=25/03/2026&Digest=fAlzyq18iK4bRdJt/Jq5ew",2
"BASTI","BANKATI","BELSUHEE","3153011015/LD/958486255824990626","9503","https://mnregaweb4.nic.in/nregaarch/View_NMMS_atten_date_dtl_rpt.aspx?page=&short_name=UP&state_name=UTTAR%20PRADESH&state_code=31&district_name=BASTI&district_code=3153&block_name=BANKATI&block_code=3153011&panchayat_name=BELSUHEE&panchayat_code=3153011015&fin_year=2025-2026&source=&work_code=3153011015/LD/958486255824990626&msr_no=9503&AttendanceDate=25/03/2026&Digest=gs231czSrM2jCWU2QYDrYQ",4
"BASTI","BANKATI","BHAWARA","3153011018/IC/958486255823741530","9344","https://mnregaweb4.nic.in/nregaarch/View_NMMS_atten_date_dtl_rpt.aspx?page=&short_name=UP&state_name=UTTAR%20PRADESH&state_code=31&district_name=BASTI&district_code=3153&block_name=BANKATI&block_code=3153011&panchayat_name=BHAWARA&panchayat_code=3153011018&fin_year=2025-2026&source=&work_code=3153011018/IC/958486255823741530&msr_no=9344&AttendanceDate=25/03/2026&Digest=U2OQfNOlZSnF9P//ikGfww",9
"BASTI","BANKATI","BHAWARA","3153011018/RC/958486255823707538","9725","https://mnregaweb4.nic.in/nregaarch/View_NMMS_atten_date_dtl_rpt.aspx?page=&short_name=UP&state_name=UTTAR%20PRADESH&state_code=31&district_name=BASTI&district_code=3153&block_name=BANKATI&block_code=3153011&panchayat_name=BHAWARA&panchayat_code=3153011018&fin_year=2025-2026&source=&work_code=3153011018/RC/958486255823707538&msr_no=9725&AttendanceDate=25/03/2026&Digest=pEHRg9Q8z2U6C0kTcdnd2w",1
"BASTI","BANKATI","DEWAMI","3153011027/FP/958486255823613996","9292","https://mnregaweb4.nic.in/nregaarch/View_NMMS_atten_date_dtl_rpt.aspx?page=&short_name=UP&state_name=UTTAR%20PRADESH&state_code=31&district_name=BASTI&district_code=3153&block_name=BANKATI&block_code=3153011&panchayat_name=DEWAMI&panchayat_code=3153011027&fin_year=2025-2026&source=&work_code=3153011027/FP/958486255823613996&msr_no=9292&AttendanceDate=25/03/2026&Digest=Ol3C9DU0iXUAQsEDYbBsRA",7
"BASTI","BANKATI","DHURAHARA GOCHANA","3153011030/RC/958486255823741816","9671","https://mnregaweb4.nic.in/nregaarch/View_NMMS_atten_date_dtl_rpt.aspx?page=&short_name=UP&state_name=UTTAR%20PRADESH&state_code=31&district_name=BASTI&district_code=3153&block_name=BANKATI&block_code=3153011&panchayat_name=DHURAHARA%20GOCHANA&panchayat_code=3153011030&fin_year=2025-2026&source=&work_code=3153011030/RC/958486255823741816&msr_no=9671&AttendanceDate=25/03/2026&Digest=qyApQyZZ4UJF+JvdtyJkCw",10
"BASTI","BANKATI","GANGORI","3153011035/RC/958486255823750421","9583","https://mnregaweb4.nic.in/nregaarch/View_NMMS_atten_date_dtl_rpt.aspx?page=&short_name=UP&state_name=UTTAR%20PRADESH&state_code=31&district_name=BASTI&district_code=3153&block_name=BANKATI&block_code=3153011&panchayat_name=GANGORI&panchayat_code=3153011035&fin_year=2025-2026&source=&work_code=3153011035/RC/958486255823750421&msr_no=9583&AttendanceDate=25/03/2026&Digest=LbPelH+kh0Sdd9XxUzMhaQ",10
"BASTI","BANKATI","GANGORI","3153011035/RC/958486255823750665","9587","https://mnregaweb4.nic.in/nregaarch/View_NMMS_atten_date_dtl_rpt.aspx?page=&short_name=UP&state_name=UTTAR%20PRADESH&state_code=31&district_name=BASTI&district_code=3153&block_name=BANKATI&block_code=3153011&panchayat_name=GANGORI&panchayat_code=3153011035&fin_year=2025-2026&source=&work_code=3153011035/RC/958486255823750665&msr_no=9587&AttendanceDate=25/03/2026&Digest=hUkXQpe1pmykCe601RYCJA",2
"BASTI","BANKATI","HINAUTA","3153011041/RC/958486255823750743","9645","https://mnregaweb4.nic.in/nregaarch/View_NMMS_atten_date_dtl_rpt.aspx?page=&short_name=UP&state_name=UTTAR%20PRADESH&state_code=31&district_name=BASTI&district_code=3153&block_name=BANKATI&block_code=3153011&panchayat_name=HINAUTA&panchayat_code=3153011041&fin_year=2025-2026&source=&work_code=3153011041/RC/958486255823750743&msr_no=9645&AttendanceDate=25/03/2026&Digest=IYkJBhxGaB2gJVpTCY+P7A",10
"BASTI","BANKATI","KHAMOKHAR","3153011049/FP/958486255823594955","9223","https://mnregaweb4.nic.in/nregaarch/View_NMMS_atten_date_dtl_rpt.aspx?page=&short_name=UP&state_name=UTTAR%20PRADESH&state_code=31&district_name=BASTI&district_code=3153&block_name=BANKATI&block_code=3153011&panchayat_name=KHAMOKHAR&panchayat_code=3153011049&fin_year=2025-2026&source=&work_code=3153011049/FP/958486255823594955&msr_no=9223&AttendanceDate=25/03/2026&Digest=8Mq3W4saHnNvC/jveyBrAw",6
"BASTI","BANKATI","KHAROHA","3153011053/RC/958486255823653981","9600","https://mnregaweb4.nic.in/nregaarch/View_NMMS_atten_date_dtl_rpt.aspx?page=&short_name=UP&state_name=UTTAR%20PRADESH&state_code=31&district_name=BASTI&district_code=3153&block_name=BANKATI&block_code=3153011&panchayat_name=KHAROHA&panchayat_code=3153011053&fin_year=2025-2026&source=&work_code=3153011053/RC/958486255823653981&msr_no=9600&AttendanceDate=25/03/2026&Digest=fTVrtXpZOZf+Sfg81LSTRw",2
"BASTI","BANKATI","KHARWANIA","3153011054/FP/958486255823613677","9308","https://mnregaweb4.nic.in/nregaarch/View_NMMS_atten_date_dtl_rpt.aspx?page=&short_name=UP&state_name=UTTAR%20PRADESH&state_code=31&district_name=BASTI&district_code=3153&block_name=BANKATI&block_code=3153011&panchayat_name=KHARWANIA&panchayat_code=3153011054&fin_year=2025-2026&source=&work_code=3153011054/FP/958486255823613677&msr_no=9308&AttendanceDate=25/03/2026&Digest=3HhKsDTm44sGCEvF1ZJbKQ",10
"BASTI","BANKATI","KHORIA","3153011056/IC/YD/958486255823722220","9636","https://mnregaweb4.nic.in/nregaarch/View_NMMS_atten_date_dtl_rpt.aspx?page=&short_name=UP&state_name=UTTAR%20PRADESH&state_code=31&district_name=BASTI&district_code=3153&block_name=BANKATI&block_code=3153011&panchayat_name=KHORIA&panchayat_code=3153011056&fin_year=2025-2026&source=&work_code=3153011056/IC/YD/958486255823722220&msr_no=9636&AttendanceDate=25/03/2026&Digest=NfeXtvZ5rYa16FOmbba+fw",9
"BASTI","BANKATI","KHORIA","3153011056/LD/YD/958486255824966387","9304","https://mnregaweb4.nic.in/nregaarch/View_NMMS_atten_date_dtl_rpt.aspx?page=&short_name=UP&state_name=UTTAR%20PRADESH&state_code=31&district_name=BASTI&district_code=3153&block_name=BANKATI&block_code=3153011&panchayat_name=KHORIA&panchayat_code=3153011056&fin_year=2025-2026&source=&work_code=3153011056/LD/YD/958486255824966387&msr_no=9304&AttendanceDate=25/03/2026&Digest=z1TG+eaqLmoCUIMWKzE4AA",7
"BASTI","BANKATI","KHORIA","3153011056/LD/YD/958486255824966393","9247","https://mnregaweb4.nic.in/nregaarch/View_NMMS_atten_date_dtl_rpt.aspx?page=&short_name=UP&state_name=UTTAR%20PRADESH&state_code=31&district_name=BASTI&district_code=3153&block_name=BANKATI&block_code=3153011&panchayat_name=KHORIA&panchayat_code=3153011056&fin_year=2025-2026&source=&work_code=3153011056/LD/YD/958486255824966393&msr_no=9247&AttendanceDate=25/03/2026&Digest=l8B+xZnhif+P6OhB3/uuvA",9
"BASTI","BANKATI","KHORIA","3153011056/RC/YD/958486255823681577","9629","https://mnregaweb4.nic.in/nregaarch/View_NMMS_atten_date_dtl_rpt.aspx?page=&short_name=UP&state_name=UTTAR%20PRADESH&state_code=31&district_name=BASTI&district_code=3153&block_name=BANKATI&block_code=3153011&panchayat_name=KHORIA&panchayat_code=3153011056&fin_year=2025-2026&source=&work_code=3153011056/RC/YD/958486255823681577&msr_no=9629&AttendanceDate=25/03/2026&Digest=f+L7+lM68BrSbzVIA38ciQ",8
"BASTI","BANKATI","KURIYAR","3153011060/IC/958486255823712455","9364","https://mnregaweb4.nic.in/nregaarch/View_NMMS_atten_date_dtl_rpt.aspx?page=&short_name=UP&state_name=UTTAR%20PRADESH&state_code=31&district_name=BASTI&district_code=3153&block_name=BANKATI&block_code=3153011&panchayat_name=KURIYAR&panchayat_code=3153011060&fin_year=2025-2026&source=&work_code=3153011060/IC/958486255823712455&msr_no=9364&AttendanceDate=25/03/2026&Digest=9PAzZkOMWQquieWX6IOUiw",10
"BASTI","BANKATI","KURIYAR","3153011060/IC/958486255823712455","9367","https://mnregaweb4.nic.in/nregaarch/View_NMMS_atten_date_dtl_rpt.aspx?page=&short_name=UP&state_name=UTTAR%20PRADESH&state_code=31&district_name=BASTI&district_code=3153&block_name=BANKATI&block_code=3153011&panchayat_name=KURIYAR&panchayat_code=3153011060&fin_year=2025-2026&source=&work_code=3153011060/IC/958486255823712455&msr_no=9367&AttendanceDate=25/03/2026&Digest=oa6M1kyNWBmvkUlpnB7ylQ",3
"BASTI","BANKATI","NAGARA BAUDIHAR","3153011070/RC/958486255823712105","9706","https://mnregaweb4.nic.in/nregaarch/View_NMMS_atten_date_dtl_rpt.aspx?page=&short_name=UP&state_name=UTTAR%20PRADESH&state_code=31&district_name=BASTI&district_code=3153&block_name=BANKATI&block_code=3153011&panchayat_name=NAGARA%20BAUDIHAR&panchayat_code=3153011070&fin_year=2025-2026&source=&work_code=3153011070/RC/958486255823712105&msr_no=9706&AttendanceDate=25/03/2026&Digest=wpXTnfGm6UMfsWqGEx6hzA",8
"BASTI","BANKATI","PADIYAPAR","3153011072/RC/958486255823746773","9663","https://mnregaweb4.nic.in/nregaarch/View_NMMS_atten_date_dtl_rpt.aspx?page=&short_name=UP&state_name=UTTAR%20PRADESH&state_code=31&district_name=BASTI&district_code=3153&block_name=BANKATI&block_code=3153011&panchayat_name=PADIYAPAR&panchayat_code=3153011072&fin_year=2025-2026&source=&work_code=3153011072/RC/958486255823746773&msr_no=9663&AttendanceDate=25/03/2026&Digest=+B9KLAU70W74JvXGM2mcOA",4
"BASTI","BANKATI","PARASI","3153011076/WC/958486255824199618","9687","https://mnregaweb4.nic.in/nregaarch/View_NMMS_atten_date_dtl_rpt.aspx?page=&short_name=UP&state_name=UTTAR%20PRADESH&state_code=31&district_name=BASTI&district_code=3153&block_name=BANKATI&block_code=3153011&panchayat_name=PARASI&panchayat_code=3153011076&fin_year=2025-2026&source=&work_code=3153011076/WC/958486255824199618&msr_no=9687&AttendanceDate=25/03/2026&Digest=yOceD19qBo3cVkJ5F40HOQ",4
"BASTI","BANKATI","PIKAWARA SHUKLA","3153011078/RC/958486255823744117","9232","https://mnregaweb4.nic.in/nregaarch/View_NMMS_atten_date_dtl_rpt.aspx?page=&short_name=UP&state_name=UTTAR%20PRADESH&state_code=31&district_name=BASTI&district_code=3153&block_name=BANKATI&block_code=3153011&panchayat_name=PIKAWARA%20SHUKLA&panchayat_code=3153011078&fin_year=2025-2026&source=&work_code=3153011078/RC/958486255823744117&msr_no=9232&AttendanceDate=25/03/2026&Digest=xhNNj+AlyRZfN5lnHqXtYA",8
"BASTI","BANKATI","PIKAWARA SHUKLA","3153011078/RC/958486255823744117","9235","https://mnregaweb4.nic.in/nregaarch/View_NMMS_atten_date_dtl_rpt.aspx?page=&short_name=UP&state_name=UTTAR%20PRADESH&state_code=31&district_name=BASTI&district_code=3153&block_name=BANKATI&block_code=3153011&panchayat_name=PIKAWARA%20SHUKLA&panchayat_code=3153011078&fin_year=2025-2026&source=&work_code=3153011078/RC/958486255823744117&msr_no=9235&AttendanceDate=25/03/2026&Digest=v+021JlC0gE7wysYcFiQ7Q",5
"BASTI","BANKATI","SAJAHRA","3153011081/RC/958486255823741804","9486","https://mnregaweb4.nic.in/nregaarch/View_NMMS_atten_date_dtl_rpt.aspx?page=&short_name=UP&state_name=UTTAR%20PRADESH&state_code=31&district_name=BASTI&district_code=3153&block_name=BANKATI&block_code=3153011&panchayat_name=SAJAHRA&panchayat_code=3153011081&fin_year=2025-2026&source=&work_code=3153011081/RC/958486255823741804&msr_no=9486&AttendanceDate=25/03/2026&Digest=11/RfFFEoSUQ4DoT2T7b0A",2
"BASTI","BANKATI","SOBHAN PAR","3153011087/RC/958486255823751179","9653","https://mnregaweb4.nic.in/nregaarch/View_NMMS_atten_date_dtl_rpt.aspx?page=&short_name=UP&state_name=UTTAR%20PRADESH&state_code=31&district_name=BASTI&district_code=3153&block_name=BANKATI&block_code=3153011&panchayat_name=SOBHAN%20PAR&panchayat_code=3153011087&fin_year=2025-2026&source=&work_code=3153011087/RC/958486255823751179&msr_no=9653&AttendanceDate=25/03/2026&Digest=W9M+ib5WCBsfg0zGRuO6yA",5
"BASTI","BANKATI","MAHTHA","3153011096/RC/958486255823749757","9536","https://mnregaweb4.nic.in/nregaarch/View_NMMS_atten_date_dtl_rpt.aspx?page=&short_name=UP&state_name=UTTAR%20PRADESH&state_code=31&district_name=BASTI&district_code=3153&block_name=BANKATI&block_code=3153011&panchayat_name=MAHTHA&panchayat_code=3153011096&fin_year=2025-2026&source=&work_code=3153011096/RC/958486255823749757&msr_no=9536&AttendanceDate=25/03/2026&Digest=ZRrBr0iuCLjVeOHU/u8ScQ",5
"BASTI","BAHADURPUR","BHERIHA","3153012011/LD/958486255824954107","9710","https://mnregaweb4.nic.in/nregaarch/View_NMMS_atten_date_dtl_rpt.aspx?page=&short_name=UP&state_name=UTTAR%20PRADESH&state_code=31&district_name=BASTI&district_code=3153&block_name=BAHADURPUR&block_code=3153012&panchayat_name=BHERIHA&panchayat_code=3153012011&fin_year=2025-2026&source=&work_code=3153012011/LD/958486255824954107&msr_no=9710&AttendanceDate=25/03/2026&Digest=3HDMwZT6kleh8v81fukgtA",10
"BASTI","BAHADURPUR","SONBARSA","3153012014/LD/958486255824933208","9633","https://mnregaweb4.nic.in/nregaarch/View_NMMS_atten_date_dtl_rpt.aspx?page=&short_name=UP&state_name=UTTAR%20PRADESH&state_code=31&district_name=BASTI&district_code=3153&block_name=BAHADURPUR&block_code=3153012&panchayat_name=SONBARSA&panchayat_code=3153012014&fin_year=2025-2026&source=&work_code=3153012014/LD/958486255824933208&msr_no=9633&AttendanceDate=25/03/2026&Digest=33hA69bcPL6kyv125g1xww",10
"BASTI","BAHADURPUR","SONBARSA","3153012014/LD/958486255824933208","9636","https://mnregaweb4.nic.in/nregaarch/View_NMMS_atten_date_dtl_rpt.aspx?page=&short_name=UP&state_name=UTTAR%20PRADESH&state_code=31&district_name=BASTI&district_code=3153&block_name=BAHADURPUR&block_code=3153012&panchayat_name=SONBARSA&panchayat_code=3153012014&fin_year=2025-2026&source=&work_code=3153012014/LD/958486255824933208&msr_no=9636&AttendanceDate=25/03/2026&Digest=dl3mT74FwTz+ROoQnL6/XQ",7
"BASTI","BAHADURPUR","DEV DEEHA","3153012019/LD/958486255824951552","9701","https://mnregaweb4.nic.in/nregaarch/View_NMMS_atten_date_dtl_rpt.aspx?page=&short_name=UP&state_name=UTTAR%20PRADESH&state_code=31&district_name=BASTI&district_code=3153&block_name=BAHADURPUR&block_code=3153012&panchayat_name=DEV%20DEEHA&panchayat_code=3153012019&fin_year=2025-2026&source=&work_code=3153012019/LD/958486255824951552&msr_no=9701&AttendanceDate=25/03/2026&Digest=291E4qxLYYTxUvLEya7b4g",9
"BASTI","BAHADURPUR","DEV DEEHA","3153012019/LD/958486255824951552","9704","https://mnregaweb4.nic.in/nregaarch/View_NMMS_atten_date_dtl_rpt.aspx?page=&short_name=UP&state_name=UTTAR%20PRADESH&state_code=31&district_name=BASTI&district_code=3153&block_name=BAHADURPUR&block_code=3153012&panchayat_name=DEV%20DEEHA&panchayat_code=3153012019&fin_year=2025-2026&source=&work_code=3153012019/LD/958486255824951552&msr_no=9704&AttendanceDate=25/03/2026&Digest=OegbGnzjBJbH5YgxvVvxkQ",9
"BASTI","BAHADURPUR","DEV DEEHA","3153012019/LD/958486255824987443","9595","https://mnregaweb4.nic.in/nregaarch/View_NMMS_atten_date_dtl_rpt.aspx?page=&short_name=UP&state_name=UTTAR%20PRADESH&state_code=31&district_name=BASTI&district_code=3153&block_name=BAHADURPUR&block_code=3153012&panchayat_name=DEV%20DEEHA&panchayat_code=3153012019&fin_year=2025-2026&source=&work_code=3153012019/LD/958486255824987443&msr_no=9595&AttendanceDate=25/03/2026&Digest=dYooujfLj3GzxDVBEehjZg",9
"BASTI","BAHADURPUR","DEV DEEHA","3153012019/LD/958486255824987443","9598","https://mnregaweb4.nic.in/nregaarch/View_NMMS_atten_date_dtl_rpt.aspx?page=&short_name=UP&state_name=UTTAR%20PRADESH&state_code=31&district_name=BASTI&district_code=3153&block_name=BAHADURPUR&block_code=3153012&panchayat_name=DEV%20DEEHA&panchayat_code=3153012019&fin_year=2025-2026&source=&work_code=3153012019/LD/958486255824987443&msr_no=9598&AttendanceDate=25/03/2026&Digest=VUKYJwy5myx57ejZGW4+aA",10
"BASTI","BAHADURPUR","DEV DEEHA","3153012019/RC/958486255823667987","9801","https://mnregaweb4.nic.in/nregaarch/View_NMMS_atten_date_dtl_rpt.aspx?page=&short_name=UP&state_name=UTTAR%20PRADESH&state_code=31&district_name=BASTI&district_code=3153&block_name=BAHADURPUR&block_code=3153012&panchayat_name=DEV%20DEEHA&panchayat_code=3153012019&fin_year=2025-2026&source=&work_code=3153012019/RC/958486255823667987&msr_no=9801&AttendanceDate=25/03/2026&Digest=Rvn4cYq/72zqu5k7LFw+TQ",1
"BASTI","BAHADURPUR","KALWARI MUSTAKHAM","3153012030/RC/958486255823689961","9771","https://mnregaweb4.nic.in/nregaarch/View_NMMS_atten_date_dtl_rpt.aspx?page=&short_name=UP&state_name=UTTAR%20PRADESH&state_code=31&district_name=BASTI&district_code=3153&block_name=BAHADURPUR&block_code=3153012&panchayat_name=KALWARI%20MUSTAKHAM&panchayat_code=3153012030&fin_year=2025-2026&source=&work_code=3153012030/RC/958486255823689961&msr_no=9771&AttendanceDate=25/03/2026&Digest=4SqBvPOvJm2zpkAC2UECDg",4
"BASTI","BAHADURPUR","KANHAULI","3153012033/LD/958486255824834898","9713","https://mnregaweb4.nic.in/nregaarch/View_NMMS_atten_date_dtl_rpt.aspx?page=&short_name=UP&state_name=UTTAR%20PRADESH&state_code=31&district_name=BASTI&district_code=3153&block_name=BAHADURPUR&block_code=3153012&panchayat_name=KANHAULI&panchayat_code=3153012033&fin_year=2025-2026&source=&work_code=3153012033/LD/958486255824834898&msr_no=9713&AttendanceDate=25/03/2026&Digest=Si5AxKs3DlpVYPJYh8v+uA",10
"BASTI","BAHADURPUR","KANHAULI","3153012033/LD/958486255825009893","9690","https://mnregaweb4.nic.in/nregaarch/View_NMMS_atten_date_dtl_rpt.aspx?page=&short_name=UP&state_name=UTTAR%20PRADESH&state_code=31&district_name=BASTI&district_code=3153&block_name=BAHADURPUR&block_code=3153012&panchayat_name=KANHAULI&panchayat_code=3153012033&fin_year=2025-2026&source=&work_code=3153012033/LD/958486255825009893&msr_no=9690&AttendanceDate=25/03/2026&Digest=LgPOaJE7wWlRYEigjqb0EQ",2
"BASTI","BAHADURPUR","KUTHAPTTI PRITHI","3153012044/RC/958486255823657907","9874","https://mnregaweb4.nic.in/nregaarch/View_NMMS_atten_date_dtl_rpt.aspx?page=&short_name=UP&state_name=UTTAR%20PRADESH&state_code=31&district_name=BASTI&district_code=3153&block_name=BAHADURPUR&block_code=3153012&panchayat_name=KUTHAPTTI%20PRITHI&panchayat_code=3153012044&fin_year=2025-2026&source=&work_code=3153012044/RC/958486255823657907&msr_no=9874&AttendanceDate=25/03/2026&Digest=mY8tveqM+c2/JXVXtwB6tw",6
"BASTI","BAHADURPUR","NIRANJAN PUR","3153012055/RC/958486255823672554","9878","https://mnregaweb4.nic.in/nregaarch/View_NMMS_atten_date_dtl_rpt.aspx?page=&short_name=UP&state_name=UTTAR%20PRADESH&state_code=31&district_name=BASTI&district_code=3153&block_name=BAHADURPUR&block_code=3153012&panchayat_name=NIRANJAN%20PUR&panchayat_code=3153012055&fin_year=2025-2026&source=&work_code=3153012055/RC/958486255823672554&msr_no=9878&AttendanceDate=25/03/2026&Digest=fs5Xc9wVrrBFLQB/7o+PMQ",9
"BASTI","BAHADURPUR","PRATAPPUR","3153012064/DP/958486255823394822","9893","https://mnregaweb4.nic.in/nregaarch/View_NMMS_atten_date_dtl_rpt.aspx?page=&short_name=UP&state_name=UTTAR%20PRADESH&state_code=31&district_name=BASTI&district_code=3153&block_name=BAHADURPUR&block_code=3153012&panchayat_name=PRATAPPUR&panchayat_code=3153012064&fin_year=2025-2026&source=&work_code=3153012064/DP/958486255823394822&msr_no=9893&AttendanceDate=25/03/2026&Digest=duaJoNTXbYfR2sdqVsc+RA",4
"BASTI","BAHADURPUR","PRATAPPUR","3153012064/RC/958486255823707626","9695","https://mnregaweb4.nic.in/nregaarch/View_NMMS_atten_date_dtl_rpt.aspx?page=&short_name=UP&state_name=UTTAR%20PRADESH&state_code=31&district_name=BASTI&district_code=3153&block_name=BAHADURPUR&block_code=3153012&panchayat_name=PRATAPPUR&panchayat_code=3153012064&fin_year=2025-2026&source=&work_code=3153012064/RC/958486255823707626&msr_no=9695&AttendanceDate=25/03/2026&Digest=vZeoBVqC9BApSevyyl2FCw",2
"BASTI","BAHADURPUR","PRATAPPUR","3153012064/RC/958486255823707646","9699","https://mnregaweb4.nic.in/nregaarch/View_NMMS_atten_date_dtl_rpt.aspx?page=&short_name=UP&state_name=UTTAR%20PRADESH&state_code=31&district_name=BASTI&district_code=3153&block_name=BAHADURPUR&block_code=3153012&panchayat_name=PRATAPPUR&panchayat_code=3153012064&fin_year=2025-2026&source=&work_code=3153012064/RC/958486255823707646&msr_no=9699&AttendanceDate=25/03/2026&Digest=XgsTcc9JHWa+L6titCRUYQ",3
"BASTI","BAHADURPUR","KAMHARIYA 2","3153012070/AV/958486255824174675","9616","https://mnregaweb4.nic.in/nregaarch/View_NMMS_atten_date_dtl_rpt.aspx?page=&short_name=UP&state_name=UTTAR%20PRADESH&state_code=31&district_name=BASTI&district_code=3153&block_name=BAHADURPUR&block_code=3153012&panchayat_name=KAMHARIYA%202&panchayat_code=3153012070&fin_year=2025-2026&source=&work_code=3153012070/AV/958486255824174675&msr_no=9616&AttendanceDate=25/03/2026&Digest=kECGG7GK4zHECP99ns1vHw",2
"BASTI","BAHADURPUR","SISWARI RAGUBIR SINGH","3153012075/WH/958486255824013258","9662","https://mnregaweb4.nic.in/nregaarch/View_NMMS_atten_date_dtl_rpt.aspx?page=&short_name=UP&state_name=UTTAR%20PRADESH&state_code=31&district_name=BASTI&district_code=3153&block_name=BAHADURPUR&block_code=3153012&panchayat_name=SISWARI%20RAGUBIR%20SINGH&panchayat_code=3153012075&fin_year=2025-2026&source=&work_code=3153012075/WH/958486255824013258&msr_no=9662&AttendanceDate=25/03/2026&Digest=hl96BhoZHE9snZZqijse7Q",5
"BASTI","BAHADURPUR","SEMRA URF GALWA","3153012087/WH/958486255824004832","9622","https://mnregaweb4.nic.in/nregaarch/View_NMMS_atten_date_dtl_rpt.aspx?page=&short_name=UP&state_name=UTTAR%20PRADESH&state_code=31&district_name=BASTI&district_code=3153&block_name=BAHADURPUR&block_code=3153012&panchayat_name=SEMRA%20URF%20GALWA&panchayat_code=3153012087&fin_year=2025-2026&source=&work_code=3153012087/WH/958486255824004832&msr_no=9622&AttendanceDate=25/03/2026&Digest=4LEjvX4gJdTSy25pQQDemw",7
"BASTI","BANKATI","AHIRAULI","3153011001/LD/958486255824929272","9465","https://mnregaweb4.nic.in/nregaarch/View_NMMS_atten_date_dtl_rpt.aspx?page=&short_name=UP&state_name=UTTAR%20PRADESH&state_code=31&district_name=BASTI&district_code=3153&block_name=BANKATI&block_code=3153011&panchayat_name=AHIRAULI&panchayat_code=3153011001&fin_year=2025-2026&source=&work_code=3153011001/LD/958486255824929272&msr_no=9465&AttendanceDate=25/03/2026&Digest=qR/qrgf5i/lx6eWjcwbUQQ",10
"BASTI","BANKATI","AHIRAULI","3153011001/LD/958486255824929272","9468","https://mnregaweb4.nic.in/nregaarch/View_NMMS_atten_date_dtl_rpt.aspx?page=&short_name=UP&state_name=UTTAR%20PRADESH&state_code=31&district_name=BASTI&district_code=3153&block_name=BANKATI&block_code=3153011&panchayat_name=AHIRAULI&panchayat_code=3153011001&fin_year=2025-2026&source=&work_code=3153011001/LD/958486255824929272&msr_no=9468&AttendanceDate=25/03/2026&Digest=uIHP3SZ25QXGDHu3o+saKg",10
"BASTI","BANKATI","BELSUHEE","3153011015/LD/958486255824990622","9505","https://mnregaweb4.nic.in/nregaarch/View_NMMS_atten_date_dtl_rpt.aspx?page=&short_name=UP&state_name=UTTAR%20PRADESH&state_code=31&district_name=BASTI&district_code=3153&block_name=BANKATI&block_code=3153011&panchayat_name=BELSUHEE&panchayat_code=3153011015&fin_year=2025-2026&source=&work_code=3153011015/LD/958486255824990622&msr_no=9505&AttendanceDate=25/03/2026&Digest=cdWvwzMJgI/ftN+qDKPEkg",8
"BASTI","BANKATI","BHAWARA","3153011018/RC/958486255823615558","9354","https://mnregaweb4.nic.in/nregaarch/View_NMMS_atten_date_dtl_rpt.aspx?page=&short_name=UP&state_name=UTTAR%20PRADESH&state_code=31&district_name=BASTI&district_code=3153&block_name=BANKATI&block_code=3153011&panchayat_name=BHAWARA&panchayat_code=3153011018&fin_year=2025-2026&source=&work_code=3153011018/RC/958486255823615558&msr_no=9354&AttendanceDate=25/03/2026&Digest=CyQMUmU0RChSyyQvUz21Kg",3
"BASTI","BANKATI","HINAUTA","3153011041/IC/958486255823739648","9744","https://mnregaweb4.nic.in/nregaarch/View_NMMS_atten_date_dtl_rpt.aspx?page=&short_name=UP&state_name=UTTAR%20PRADESH&state_code=31&district_name=BASTI&district_code=3153&block_name=BANKATI&block_code=3153011&panchayat_name=HINAUTA&panchayat_code=3153011041&fin_year=2025-2026&source=&work_code=3153011041/IC/958486255823739648&msr_no=9744&AttendanceDate=25/03/2026&Digest=owoGmbtU66XaKqaQH7Ia7g",10
"BASTI","BANKATI","KHARHAURA(CHHVILAHA)","3153011051/WC/958486255824167025","9249","https://mnregaweb4.nic.in/nregaarch/View_NMMS_atten_date_dtl_rpt.aspx?page=&short_name=UP&state_name=UTTAR%20PRADESH&state_code=31&district_name=BASTI&district_code=3153&block_name=BANKATI&block_code=3153011&panchayat_name=KHARHAURA(CHHVILAHA)&panchayat_code=3153011051&fin_year=2025-2026&source=&work_code=3153011051/WC/958486255824167025&msr_no=9249&AttendanceDate=25/03/2026&Digest=SlNxzIQyZWDhEpQkAmM3aQ",7
"BASTI","BANKATI","KHARHAURA(CHHVILAHA)","3153011051/WC/958486255824167025","9252","https://mnregaweb4.nic.in/nregaarch/View_NMMS_atten_date_dtl_rpt.aspx?page=&short_name=UP&state_name=UTTAR%20PRADESH&state_code=31&district_name=BASTI&district_code=3153&block_name=BANKATI&block_code=3153011&panchayat_name=KHARHAURA(CHHVILAHA)&panchayat_code=3153011051&fin_year=2025-2026&source=&work_code=3153011051/WC/958486255824167025&msr_no=9252&AttendanceDate=25/03/2026&Digest=DZhLKI/pZHGXKMBov1yViA",5
"BASTI","BANKATI","KHORIA","3153011056/IC/YD/958486255823723324","9606","https://mnregaweb4.nic.in/nregaarch/View_NMMS_atten_date_dtl_rpt.aspx?page=&short_name=UP&state_name=UTTAR%20PRADESH&state_code=31&district_name=BASTI&district_code=3153&block_name=BANKATI&block_code=3153011&panchayat_name=KHORIA&panchayat_code=3153011056&fin_year=2025-2026&source=&work_code=3153011056/IC/YD/958486255823723324&msr_no=9606&AttendanceDate=25/03/2026&Digest=UAtlSA4UUij5jQLVSPb+pg",8
"BASTI","BANKATI","KHORIA","3153011056/IC/YD/958486255823723324","9609","https://mnregaweb4.nic.in/nregaarch/View_NMMS_atten_date_dtl_rpt.aspx?page=&short_name=UP&state_name=UTTAR%20PRADESH&state_code=31&district_name=BASTI&district_code=3153&block_name=BANKATI&block_code=3153011&panchayat_name=KHORIA&panchayat_code=3153011056&fin_year=2025-2026&source=&work_code=3153011056/IC/YD/958486255823723324&msr_no=9609&AttendanceDate=25/03/2026&Digest=09DyWeaEMJkRNVKvCQVuog",4
"BASTI","BANKATI","KHORIA","3153011056/LD/YD/958486255824966397","9243","https://mnregaweb4.nic.in/nregaarch/View_NMMS_atten_date_dtl_rpt.aspx?page=&short_name=UP&state_name=UTTAR%20PRADESH&state_code=31&district_name=BASTI&district_code=3153&block_name=BANKATI&block_code=3153011&panchayat_name=KHORIA&panchayat_code=3153011056&fin_year=2025-2026&source=&work_code=3153011056/LD/YD/958486255824966397&msr_no=9243&AttendanceDate=25/03/2026&Digest=LfdUFEppDGGDXS5ZHkaBVA",8
"BASTI","BANKATI","KHORIA","3153011056/LD/YD/958486255824966411","9239","https://mnregaweb4.nic.in/nregaarch/View_NMMS_atten_date_dtl_rpt.aspx?page=&short_name=UP&state_name=UTTAR%20PRADESH&state_code=31&district_name=BASTI&district_code=3153&block_name=BANKATI&block_code=3153011&panchayat_name=KHORIA&panchayat_code=3153011056&fin_year=2025-2026&source=&work_code=3153011056/LD/YD/958486255824966411&msr_no=9239&AttendanceDate=25/03/2026&Digest=yV69eMq5oKnYO7Zu/ykFgQ",8
"BASTI","BANKATI","KHORIA","3153011056/RC/YD/958486255823745750","9443","https://mnregaweb4.nic.in/nregaarch/View_NMMS_atten_date_dtl_rpt.aspx?page=&short_name=UP&state_name=UTTAR%20PRADESH&state_code=31&district_name=BASTI&district_code=3153&block_name=BANKATI&block_code=3153011&panchayat_name=KHORIA&panchayat_code=3153011056&fin_year=2025-2026&source=&work_code=3153011056/RC/YD/958486255823745750&msr_no=9443&AttendanceDate=25/03/2026&Digest=acRcc1VVbS2bkDBfTIjBkw",10
"BASTI","BANKATI","MAKDUMPUR","3153011062/IC/958486255823692433","9418","https://mnregaweb4.nic.in/nregaarch/View_NMMS_atten_date_dtl_rpt.aspx?page=&short_name=UP&state_name=UTTAR%20PRADESH&state_code=31&district_name=BASTI&district_code=3153&block_name=BANKATI&block_code=3153011&panchayat_name=MAKDUMPUR&panchayat_code=3153011062&fin_year=2025-2026&source=&work_code=3153011062/IC/958486255823692433&msr_no=9418&AttendanceDate=25/03/2026&Digest=266LiymoUNJDPVTWOsR8Pg",7
"BASTI","BANKATI","PADIYAPAR","3153011072/RC/958486255823746773","9660","https://mnregaweb4.nic.in/nregaarch/View_NMMS_atten_date_dtl_rpt.aspx?page=&short_name=UP&state_name=UTTAR%20PRADESH&state_code=31&district_name=BASTI&district_code=3153&block_name=BANKATI&block_code=3153011&panchayat_name=PADIYAPAR&panchayat_code=3153011072&fin_year=2025-2026&source=&work_code=3153011072/RC/958486255823746773&msr_no=9660&AttendanceDate=25/03/2026&Digest=5gXfWeLBKSp5mjU0+BjmiA",7
"BASTI","BANKATI","PAGAR KHAS","3153011073/RC/958486255823684325","9374","https://mnregaweb4.nic.in/nregaarch/View_NMMS_atten_date_dtl_rpt.aspx?page=&short_name=UP&state_name=UTTAR%20PRADESH&state_code=31&district_name=BASTI&district_code=3153&block_name=BANKATI&block_code=3153011&panchayat_name=PAGAR%20KHAS&panchayat_code=3153011073&fin_year=2025-2026&source=&work_code=3153011073/RC/958486255823684325&msr_no=9374&AttendanceDate=25/03/2026&Digest=BCuJ6FNi5FvU5hu7lSoL7g",6
"BASTI","BANKATI","PARASI","3153011076/RC/958486255823749924","9557","https://mnregaweb4.nic.in/nregaarch/View_NMMS_atten_date_dtl_rpt.aspx?page=&short_name=UP&state_name=UTTAR%20PRADESH&state_code=31&district_name=BASTI&district_code=3153&block_name=BANKATI&block_code=3153011&panchayat_name=PARASI&panchayat_code=3153011076&fin_year=2025-2026&source=&work_code=3153011076/RC/958486255823749924&msr_no=9557&AttendanceDate=25/03/2026&Digest=JBXLH2bUge0VqbJy5LaHlw",7
"BASTI","BANKATI","SOBHAN PAR","3153011087/LD/958486255824967557","9296","https://mnregaweb4.nic.in/nregaarch/View_NMMS_atten_date_dtl_rpt.aspx?page=&short_name=UP&state_name=UTTAR%20PRADESH&state_code=31&district_name=BASTI&district_code=3153&block_name=BANKATI&block_code=3153011&panchayat_name=SOBHAN%20PAR&panchayat_code=3153011087&fin_year=2025-2026&source=&work_code=3153011087/LD/958486255824967557&msr_no=9296&AttendanceDate=25/03/2026&Digest=Vca9Kr+BXtd7B2HKeflysA",10
"BASTI","BANKATI","MAHTHA","3153011096/IC/958486255823740167","9347","https://mnregaweb4.nic.in/nregaarch/View_NMMS_atten_date_dtl_rpt.aspx?page=&short_name=UP&state_name=UTTAR%20PRADESH&state_code=31&district_name=BASTI&district_code=3153&block_name=BANKATI&block_code=3153011&panchayat_name=MAHTHA&panchayat_code=3153011096&fin_year=2025-2026&source=&work_code=3153011096/IC/958486255823740167&msr_no=9347&AttendanceDate=25/03/2026&Digest=E4on3JhvN5kFr2nWzQfFCQ",6
"BASTI","BANKATI","MAHTHA","3153011096/RC/958486255823749754","9543","https://mnregaweb4.nic.in/nregaarch/View_NMMS_atten_date_dtl_rpt.aspx?page=&short_name=UP&state_name=UTTAR%20PRADESH&state_code=31&district_name=BASTI&district_code=3153&block_name=BANKATI&block_code=3153011&panchayat_name=MAHTHA&panchayat_code=3153011096&fin_year=2025-2026&source=&work_code=3153011096/RC/958486255823749754&msr_no=9543&AttendanceDate=25/03/2026&Digest=uMvDTBpo5ol3UtKPyAz4Iw",7
"BASTI","BANKATI","SISWA PANDEY","3153011101/IC/958486255823741153","9301","https://mnregaweb4.nic.in/nregaarch/View_NMMS_atten_date_dtl_rpt.aspx?page=&short_name=UP&state_name=UTTAR%20PRADESH&state_code=31&district_name=BASTI&district_code=3153&block_name=BANKATI&block_code=3153011&panchayat_name=SISWA%20PANDEY&panchayat_code=3153011101&fin_year=2025-2026&source=&work_code=3153011101/IC/958486255823741153&msr_no=9301&AttendanceDate=25/03/2026&Digest=g24kpjEYXZt2IrgfBM+HCw",9
"BASTI","BANKATI","GULAURA","3153011112/RC/958486255823716059","9730","https://mnregaweb4.nic.in/nregaarch/View_NMMS_atten_date_dtl_rpt.aspx?page=&short_name=UP&state_name=UTTAR%20PRADESH&state_code=31&district_name=BASTI&district_code=3153&block_name=BANKATI&block_code=3153011&panchayat_name=GULAURA&panchayat_code=3153011112&fin_year=2025-2026&source=&work_code=3153011112/RC/958486255823716059&msr_no=9730&AttendanceDate=25/03/2026&Digest=9Iz+dLpClYtDejOyGmGaUw",7
"BASTI","BAHADURPUR","BAHADURPUR","3153012007/WH/958486255823987468","9643","https://mnregaweb4.nic.in/nregaarch/View_NMMS_atten_date_dtl_rpt.aspx?page=&short_name=UP&state_name=UTTAR%20PRADESH&state_code=31&district_name=BASTI&district_code=3153&block_name=BAHADURPUR&block_code=3153012&panchayat_name=BAHADURPUR&panchayat_code=3153012007&fin_year=2025-2026&source=&work_code=3153012007/WH/958486255823987468&msr_no=9643&AttendanceDate=25/03/2026&Digest=WYvVn+SmwxbDfcvFOJCcBQ",6
"BASTI","BAHADURPUR","DEV DEEHA","3153012019/RC/958486255823667987","9814","https://mnregaweb4.nic.in/nregaarch/View_NMMS_atten_date_dtl_rpt.aspx?page=&short_name=UP&state_name=UTTAR%20PRADESH&state_code=31&district_name=BASTI&district_code=3153&block_name=BAHADURPUR&block_code=3153012&panchayat_name=DEV%20DEEHA&panchayat_code=3153012019&fin_year=2025-2026&source=&work_code=3153012019/RC/958486255823667987&msr_no=9814&AttendanceDate=25/03/2026&Digest=2fmtZGRSLaeOXBqqrXhAOQ",10
"BASTI","BAHADURPUR","DEV DEEHA","3153012019/RC/958486255823667988","9803","https://mnregaweb4.nic.in/nregaarch/View_NMMS_atten_date_dtl_rpt.aspx?page=&short_name=UP&state_name=UTTAR%20PRADESH&state_code=31&district_name=BASTI&district_code=3153&block_name=BAHADURPUR&block_code=3153012&panchayat_name=DEV%20DEEHA&panchayat_code=3153012019&fin_year=2025-2026&source=&work_code=3153012019/RC/958486255823667988&msr_no=9803&AttendanceDate=25/03/2026&Digest=3FJCO87r2ESUI4YWi7FfsA",10
"BASTI","BAHADURPUR","JALALPUR","3153012026/RC/958486255823695170","9705","https://mnregaweb4.nic.in/nregaarch/View_NMMS_atten_date_dtl_rpt.aspx?page=&short_name=UP&state_name=UTTAR%20PRADESH&state_code=31&district_name=BASTI&district_code=3153&block_name=BAHADURPUR&block_code=3153012&panchayat_name=JALALPUR&panchayat_code=3153012026&fin_year=2025-2026&source=&work_code=3153012026/RC/958486255823695170&msr_no=9705&AttendanceDate=25/03/2026&Digest=4jW62jbzpW0g6hdQqgHmpg",10
"BASTI","BAHADURPUR","KAMRIHA","3153012031/IC/958486255823711085","9782","https://mnregaweb4.nic.in/nregaarch/View_NMMS_atten_date_dtl_rpt.aspx?page=&short_name=UP&state_name=UTTAR%20PRADESH&state_code=31&district_name=BASTI&district_code=3153&block_name=BAHADURPUR&block_code=3153012&panchayat_name=KAMRIHA&panchayat_code=3153012031&fin_year=2025-2026&source=&work_code=3153012031/IC/958486255823711085&msr_no=9782&AttendanceDate=25/03/2026&Digest=9XDCY4ZiRuhTkS2MmVmJmQ",5
"BASTI","BAHADURPUR","NIRANJAN PUR","3153012055/RC/958486255823743353","9637","https://mnregaweb4.nic.in/nregaarch/View_NMMS_atten_date_dtl_rpt.aspx?page=&short_name=UP&state_name=UTTAR%20PRADESH&state_code=31&district_name=BASTI&district_code=3153&block_name=BAHADURPUR&block_code=3153012&panchayat_name=NIRANJAN%20PUR&panchayat_code=3153012055&fin_year=2025-2026&source=&work_code=3153012055/RC/958486255823743353&msr_no=9637&AttendanceDate=25/03/2026&Digest=paYMnjW2g4UAZc6bVgRI7A",6
"BASTI","BAHADURPUR","NRAYANPUR","3153012056/RC/958486255823733814","9868","https://mnregaweb4.nic.in/nregaarch/View_NMMS_atten_date_dtl_rpt.aspx?page=&short_name=UP&state_name=UTTAR%20PRADESH&state_code=31&district_name=BASTI&district_code=3153&block_name=BAHADURPUR&block_code=3153012&panchayat_name=NRAYANPUR&panchayat_code=3153012056&fin_year=2025-2026&source=&work_code=3153012056/RC/958486255823733814&msr_no=9868&AttendanceDate=25/03/2026&Digest=kCu8fRw29uLsLVYISTIOMA",9
"BASTI","BAHADURPUR","PAALHA","3153012057/LD/958486255825007541","9764","https://mnregaweb4.nic.in/nregaarch/View_NMMS_atten_date_dtl_rpt.aspx?page=&short_name=UP&state_name=UTTAR%20PRADESH&state_code=31&district_name=BASTI&district_code=3153&block_name=BAHADURPUR&block_code=3153012&panchayat_name=PAALHA&panchayat_code=3153012057&fin_year=2025-2026&source=&work_code=3153012057/LD/958486255825007541&msr_no=9764&AttendanceDate=25/03/2026&Digest=TBriWtlnNt1NWq2rElBOjA",4
"BASTI","BAHADURPUR","PHOOLPUR","3153012061/LD/958486255825008303","9860","https://mnregaweb4.nic.in/nregaarch/View_NMMS_atten_date_dtl_rpt.aspx?page=&short_name=UP&state_name=UTTAR%20PRADESH&state_code=31&district_name=BASTI&district_code=3153&block_name=BAHADURPUR&block_code=3153012&panchayat_name=PHOOLPUR&panchayat_code=3153012061&fin_year=2025-2026&source=&work_code=3153012061/LD/958486255825008303&msr_no=9860&AttendanceDate=25/03/2026&Digest=J2mo1QKDjg3o55GIbjkP6g",8
"BASTI","BAHADURPUR","RAKHAUNA","3153012066/LD/958486255824953329","9794","https://mnregaweb4.nic.in/nregaarch/View_NMMS_atten_date_dtl_rpt.aspx?page=&short_name=UP&state_name=UTTAR%20PRADESH&state_code=31&district_name=BASTI&district_code=3153&block_name=BAHADURPUR&block_code=3153012&panchayat_name=RAKHAUNA&panchayat_code=3153012066&fin_year=2025-2026&source=&work_code=3153012066/LD/958486255824953329&msr_no=9794&AttendanceDate=25/03/2026&Digest=2NIBjTMe0GjUipPq8LknZg",7
"BASTI","BAHADURPUR","UMARIYA","3153012076/RC/958486255823666580","9854","https://mnregaweb4.nic.in/nregaarch/View_NMMS_atten_date_dtl_rpt.aspx?page=&short_name=UP&state_name=UTTAR%20PRADESH&state_code=31&district_name=BASTI&district_code=3153&block_name=BAHADURPUR&block_code=3153012&panchayat_name=UMARIYA&panchayat_code=3153012076&fin_year=2025-2026&source=&work_code=3153012076/RC/958486255823666580&msr_no=9854&AttendanceDate=25/03/2026&Digest=j1QfqyIlbWofQC9VHcPjEQ",2
"BASTI","BAHADURPUR","UMARIYA","3153012076/RC/958486255823692634","9848","https://mnregaweb4.nic.in/nregaarch/View_NMMS_atten_date_dtl_rpt.aspx?page=&short_name=UP&state_name=UTTAR%20PRADESH&state_code=31&district_name=BASTI&district_code=3153&block_name=BAHADURPUR&block_code=3153012&panchayat_name=UMARIYA&panchayat_code=3153012076&fin_year=2025-2026&source=&work_code=3153012076/RC/958486255823692634&msr_no=9848&AttendanceDate=25/03/2026&Digest=EdilVPuvJySj0el9N1TVVw",1
"BASTI","BAHADURPUR","UMARIYA","3153012076/RC/958486255823692640","9840","https://mnregaweb4.nic.in/nregaarch/View_NMMS_atten_date_dtl_rpt.aspx?page=&short_name=UP&state_name=UTTAR%20PRADESH&state_code=31&district_name=BASTI&district_code=3153&block_name=BAHADURPUR&block_code=3153012&panchayat_name=UMARIYA&panchayat_code=3153012076&fin_year=2025-2026&source=&work_code=3153012076/RC/958486255823692640&msr_no=9840&AttendanceDate=25/03/2026&Digest=2lGqx4Gto2uwvUoal8z/XA",3
"BASTI","BAHADURPUR","MALHWAR","3153012083/RC/958486255823698099","9749","https://mnregaweb4.nic.in/nregaarch/View_NMMS_atten_date_dtl_rpt.aspx?page=&short_name=UP&state_name=UTTAR%20PRADESH&state_code=31&district_name=BASTI&district_code=3153&block_name=BAHADURPUR&block_code=3153012&panchayat_name=MALHWAR&panchayat_code=3153012083&fin_year=2025-2026&source=&work_code=3153012083/RC/958486255823698099&msr_no=9749&AttendanceDate=25/03/2026&Digest=D3dcK/bKuH5I2TivseVACw",3
"BASTI","BAHADURPUR","AMILAHA","3153012092/WH/958486255823998983","9737","https://mnregaweb4.nic.in/nregaarch/View_NMMS_atten_date_dtl_rpt.aspx?page=&short_name=UP&state_name=UTTAR%20PRADESH&state_code=31&district_name=BASTI&district_code=3153&block_name=BAHADURPUR&block_code=3153012&panchayat_name=AMILAHA&panchayat_code=3153012092&fin_year=2025-2026&source=&work_code=3153012092/WH/958486255823998983&msr_no=9737&AttendanceDate=25/03/2026&Digest=9DRYuGLoeXGUo9iAgaXYZg",8
"BASTI","BANKATI","AHIRAULI","3153011001/IC/958486255823742631","9264","https://mnregaweb4.nic.in/nregaarch/View_NMMS_atten_date_dtl_rpt.aspx?page=&short_name=UP&state_name=UTTAR%20PRADESH&state_code=31&district_name=BASTI&district_code=3153&block_name=BANKATI&block_code=3153011&panchayat_name=AHIRAULI&panchayat_code=3153011001&fin_year=2025-2026&source=&work_code=3153011001/IC/958486255823742631&msr_no=9264&AttendanceDate=25/03/2026&Digest=paCSwwRDbFt/3b4vwiTyHA",9
"BASTI","BANKATI","AHIRAULI","3153011001/LD/958486255824752580","9268","https://mnregaweb4.nic.in/nregaarch/View_NMMS_atten_date_dtl_rpt.aspx?page=&short_name=UP&state_name=UTTAR%20PRADESH&state_code=31&district_name=BASTI&district_code=3153&block_name=BANKATI&block_code=3153011&panchayat_name=AHIRAULI&panchayat_code=3153011001&fin_year=2025-2026&source=&work_code=3153011001/LD/958486255824752580&msr_no=9268&AttendanceDate=25/03/2026&Digest=l8ipRnva9AqfMgz/76ZvKQ",3
"BASTI","BANKATI","BARAHUA","3153011009/AV/958486255824186396","9565","https://mnregaweb4.nic.in/nregaarch/View_NMMS_atten_date_dtl_rpt.aspx?page=&short_name=UP&state_name=UTTAR%20PRADESH&state_code=31&district_name=BASTI&district_code=3153&block_name=BANKATI&block_code=3153011&panchayat_name=BARAHUA&panchayat_code=3153011009&fin_year=2025-2026&source=&work_code=3153011009/AV/958486255824186396&msr_no=9565&AttendanceDate=25/03/2026&Digest=ZO3lOIazqFYHAWENFOBoHw",8
"BASTI","BANKATI","BELSUHEE","3153011015/LD/958486255824990626","9502","https://mnregaweb4.nic.in/nregaarch/View_NMMS_atten_date_dtl_rpt.aspx?page=&short_name=UP&state_name=UTTAR%20PRADESH&state_code=31&district_name=BASTI&district_code=3153&block_name=BANKATI&block_code=3153011&panchayat_name=BELSUHEE&panchayat_code=3153011015&fin_year=2025-2026&source=&work_code=3153011015/LD/958486255824990626&msr_no=9502&AttendanceDate=25/03/2026&Digest=IOsY2h8l6xQ3Br60t5620A",8
"BASTI","BANKATI","BELSUHEE","3153011015/RC/958486255823615709","9576","https://mnregaweb4.nic.in/nregaarch/View_NMMS_atten_date_dtl_rpt.aspx?page=&short_name=UP&state_name=UTTAR%20PRADESH&state_code=31&district_name=BASTI&district_code=3153&block_name=BANKATI&block_code=3153011&panchayat_name=BELSUHEE&panchayat_code=3153011015&fin_year=2025-2026&source=&work_code=3153011015/RC/958486255823615709&msr_no=9576&AttendanceDate=25/03/2026&Digest=Ve4jZhEiMbLhpx9yDk3i0A",6
"BASTI","BANKATI","BHAWARA","3153011018/IC/958486255823741529","9341","https://mnregaweb4.nic.in/nregaarch/View_NMMS_atten_date_dtl_rpt.aspx?page=&short_name=UP&state_name=UTTAR%20PRADESH&state_code=31&district_name=BASTI&district_code=3153&block_name=BANKATI&block_code=3153011&panchayat_name=BHAWARA&panchayat_code=3153011018&fin_year=2025-2026&source=&work_code=3153011018/IC/958486255823741529&msr_no=9341&AttendanceDate=25/03/2026&Digest=ca4f61y39ylGzjBH1MHGIQ",3
"BASTI","BANKATI","BHAWARA","3153011018/RC/958486255823707538","9724","https://mnregaweb4.nic.in/nregaarch/View_NMMS_atten_date_dtl_rpt.aspx?page=&short_name=UP&state_name=UTTAR%20PRADESH&state_code=31&district_name=BASTI&district_code=3153&block_name=BANKATI&block_code=3153011&panchayat_name=BHAWARA&panchayat_code=3153011018&fin_year=2025-2026&source=&work_code=3153011018/RC/958486255823707538&msr_no=9724&AttendanceDate=25/03/2026&Digest=0wECdUz42qFeg3M5U3AjQw",9
"BASTI","BANKATI","BHAWARA","3153011018/RC/958486255823707539","9714","https://mnregaweb4.nic.in/nregaarch/View_NMMS_atten_date_dtl_rpt.aspx?page=&short_name=UP&state_name=UTTAR%20PRADESH&state_code=31&district_name=BASTI&district_code=3153&block_name=BANKATI&block_code=3153011&panchayat_name=BHAWARA&panchayat_code=3153011018&fin_year=2025-2026&source=&work_code=3153011018/RC/958486255823707539&msr_no=9714&AttendanceDate=25/03/2026&Digest=gd4fMRLIIXSeCZ3pfWpfDA",8
"BASTI","BANKATI","DEWAMI","3153011027/FP/958486255823613996","9311","https://mnregaweb4.nic.in/nregaarch/View_NMMS_atten_date_dtl_rpt.aspx?page=&short_name=UP&state_name=UTTAR%20PRADESH&state_code=31&district_name=BASTI&district_code=3153&block_name=BANKATI&block_code=3153011&panchayat_name=DEWAMI&panchayat_code=3153011027&fin_year=2025-2026&source=&work_code=3153011027/FP/958486255823613996&msr_no=9311&AttendanceDate=25/03/2026&Digest=Emh2m6Ty+GoIe1h7maOkfQ",3
"BASTI","BANKATI","DHURAHARA GOCHANA","3153011030/RC/958486255823741816","9672","https://mnregaweb4.nic.in/nregaarch/View_NMMS_atten_date_dtl_rpt.aspx?page=&short_name=UP&state_name=UTTAR%20PRADESH&state_code=31&district_name=BASTI&district_code=3153&block_name=BANKATI&block_code=3153011&panchayat_name=DHURAHARA%20GOCHANA&panchayat_code=3153011030&fin_year=2025-2026&source=&work_code=3153011030/RC/958486255823741816&msr_no=9672&AttendanceDate=25/03/2026&Digest=EtIn0qHKq0iRszPmk2u+Sw",10
"BASTI","BANKATI","GANGORI","3153011035/RC/958486255823750665","9585","https://mnregaweb4.nic.in/nregaarch/View_NMMS_atten_date_dtl_rpt.aspx?page=&short_name=UP&state_name=UTTAR%20PRADESH&state_code=31&district_name=BASTI&district_code=3153&block_name=BANKATI&block_code=3153011&panchayat_name=GANGORI&panchayat_code=3153011035&fin_year=2025-2026&source=&work_code=3153011035/RC/958486255823750665&msr_no=9585&AttendanceDate=25/03/2026&Digest=w4mErlfxhlie7Hw9XCageQ",10
"BASTI","BANKATI","HINAUTA","3153011041/RC/958486255823750743","9644","https://mnregaweb4.nic.in/nregaarch/View_NMMS_atten_date_dtl_rpt.aspx?page=&short_name=UP&state_name=UTTAR%20PRADESH&state_code=31&district_name=BASTI&district_code=3153&block_name=BANKATI&block_code=3153011&panchayat_name=HINAUTA&panchayat_code=3153011041&fin_year=2025-2026&source=&work_code=3153011041/RC/958486255823750743&msr_no=9644&AttendanceDate=25/03/2026&Digest=lZSihP9RVNQvXYzvKIYzpg",10
"BASTI","BANKATI","KHAMOKHAR","3153011049/FP/958486255823594955","9222","https://mnregaweb4.nic.in/nregaarch/View_NMMS_atten_date_dtl_rpt.aspx?page=&short_name=UP&state_name=UTTAR%20PRADESH&state_code=31&district_name=BASTI&district_code=3153&block_name=BANKATI&block_code=3153011&panchayat_name=KHAMOKHAR&panchayat_code=3153011049&fin_year=2025-2026&source=&work_code=3153011049/FP/958486255823594955&msr_no=9222&AttendanceDate=25/03/2026&Digest=VEUmyTJNEoK0jl7JenoBww",3
"BASTI","BANKATI","KHAMOKHAR","3153011049/RC/958486255823745109","9568","https://mnregaweb4.nic.in/nregaarch/View_NMMS_atten_date_dtl_rpt.aspx?page=&short_name=UP&state_name=UTTAR%20PRADESH&state_code=31&district_name=BASTI&district_code=3153&block_name=BANKATI&block_code=3153011&panchayat_name=KHAMOKHAR&panchayat_code=3153011049&fin_year=2025-2026&source=&work_code=3153011049/RC/958486255823745109&msr_no=9568&AttendanceDate=25/03/2026&Digest=t63uG7TUkX5ECPN3LP1P3A",8
"BASTI","BANKATI","KHARATI","3153011050/RC/958486255823743302","9432","https://mnregaweb4.nic.in/nregaarch/View_NMMS_atten_date_dtl_rpt.aspx?page=&short_name=UP&state_name=UTTAR%20PRADESH&state_code=31&district_name=BASTI&district_code=3153&block_name=BANKATI&block_code=3153011&panchayat_name=KHARATI&panchayat_code=3153011050&fin_year=2025-2026&source=&work_code=3153011050/RC/958486255823743302&msr_no=9432&AttendanceDate=25/03/2026&Digest=rrrKGVVZOXs8Q7QXf7DhRg",9
"BASTI","BANKATI","KHARATI","3153011050/RC/958486255823743302","9435","https://mnregaweb4.nic.in/nregaarch/View_NMMS_atten_date_dtl_rpt.aspx?page=&short_name=UP&state_name=UTTAR%20PRADESH&state_code=31&district_name=BASTI&district_code=3153&block_name=BANKATI&block_code=3153011&panchayat_name=KHARATI&panchayat_code=3153011050&fin_year=2025-2026&source=&work_code=3153011050/RC/958486255823743302&msr_no=9435&AttendanceDate=25/03/2026&Digest=PD81m4fybhz4PoLrXzsFXA",6
"BASTI","BANKATI","KHARWANIA","3153011054/FP/958486255823613677","9309","https://mnregaweb4.nic.in/nregaarch/View_NMMS_atten_date_dtl_rpt.aspx?page=&short_name=UP&state_name=UTTAR%20PRADESH&state_code=31&district_name=BASTI&district_code=3153&block_name=BANKATI&block_code=3153011&panchayat_name=KHARWANIA&panchayat_code=3153011054&fin_year=2025-2026&source=&work_code=3153011054/FP/958486255823613677&msr_no=9309&AttendanceDate=25/03/2026&Digest=1Gv2Fgk/AkHul5ewXncbUQ",9
"BASTI","BANKATI","KHARWANIA","3153011054/FP/958486255823613677","9312","https://mnregaweb4.nic.in/nregaarch/View_NMMS_atten_date_dtl_rpt.aspx?page=&short_name=UP&state_name=UTTAR%20PRADESH&state_code=31&district_name=BASTI&district_code=3153&block_name=BANKATI&block_code=3153011&panchayat_name=KHARWANIA&panchayat_code=3153011054&fin_year=2025-2026&source=&work_code=3153011054/FP/958486255823613677&msr_no=9312&AttendanceDate=25/03/2026&Digest=X1jUU0gmOaRoOvgBz+0cgQ",10
"BASTI","BANKATI","KHORIA","3153011056/LD/YD/958486255824966387","9305","https://mnregaweb4.nic.in/nregaarch/View_NMMS_atten_date_dtl_rpt.aspx?page=&short_name=UP&state_name=UTTAR%20PRADESH&state_code=31&district_name=BASTI&district_code=3153&block_name=BANKATI&block_code=3153011&panchayat_name=KHORIA&panchayat_code=3153011056&fin_year=2025-2026&source=&work_code=3153011056/LD/YD/958486255824966387&msr_no=9305&AttendanceDate=25/03/2026&Digest=oPLGuKXksPnBwoSdDmEgnA",9
"BASTI","BANKATI","KHORIA","3153011056/LD/YD/958486255824966393","9246","https://mnregaweb4.nic.in/nregaarch/View_NMMS_atten_date_dtl_rpt.aspx?page=&short_name=UP&state_name=UTTAR%20PRADESH&state_code=31&district_name=BASTI&district_code=3153&block_name=BANKATI&block_code=3153011&panchayat_name=KHORIA&panchayat_code=3153011056&fin_year=2025-2026&source=&work_code=3153011056/LD/YD/958486255824966393&msr_no=9246&AttendanceDate=25/03/2026&Digest=xohOjSUOcj1jHhZK8jC8dw",9
"BASTI","BANKATI","KHORIA","3153011056/RC/YD/958486255823681577","9628","https://mnregaweb4.nic.in/nregaarch/View_NMMS_atten_date_dtl_rpt.aspx?page=&short_name=UP&state_name=UTTAR%20PRADESH&state_code=31&district_name=BASTI&district_code=3153&block_name=BANKATI&block_code=3153011&panchayat_name=KHORIA&panchayat_code=3153011056&fin_year=2025-2026&source=&work_code=3153011056/RC/YD/958486255823681577&msr_no=9628&AttendanceDate=25/03/2026&Digest=PUOMwIcbSrzfZRoe4swBiw",9
"BASTI","BANKATI","KURIYAR","3153011060/IC/958486255823712455","9365","https://mnregaweb4.nic.in/nregaarch/View_NMMS_atten_date_dtl_rpt.aspx?page=&short_name=UP&state_name=UTTAR%20PRADESH&state_code=31&district_name=BASTI&district_code=3153&block_name=BANKATI&block_code=3153011&panchayat_name=KURIYAR&panchayat_code=3153011060&fin_year=2025-2026&source=&work_code=3153011060/IC/958486255823712455&msr_no=9365&AttendanceDate=25/03/2026&Digest=5bxVWHiEHRb3l8S9P56Y8A",10
"BASTI","BANKATI","KURIYAR","3153011060/WC/958486255824235444","9358","https://mnregaweb4.nic.in/nregaarch/View_NMMS_atten_date_dtl_rpt.aspx?page=&short_name=UP&state_name=UTTAR%20PRADESH&state_code=31&district_name=BASTI&district_code=3153&block_name=BANKATI&block_code=3153011&panchayat_name=KURIYAR&panchayat_code=3153011060&fin_year=2025-2026&source=&work_code=3153011060/WC/958486255824235444&msr_no=9358&AttendanceDate=25/03/2026&Digest=tvnFv6Zb6QO0rsGibxHZ9g",7
"BASTI","BANKATI","KURIYAR","3153011060/WC/958486255824235444","9361","https://mnregaweb4.nic.in/nregaarch/View_NMMS_atten_date_dtl_rpt.aspx?page=&short_name=UP&state_name=UTTAR%20PRADESH&state_code=31&district_name=BASTI&district_code=3153&block_name=BANKATI&block_code=3153011&panchayat_name=KURIYAR&panchayat_code=3153011060&fin_year=2025-2026&source=&work_code=3153011060/WC/958486255824235444&msr_no=9361&AttendanceDate=25/03/2026&Digest=l+uvXj68dl/ZY7ToNl5XBg",1
"BASTI","BANKATI","PIKAWARA SHUKLA","3153011078/RC/958486255823744117","9233","https://mnregaweb4.nic.in/nregaarch/View_NMMS_atten_date_dtl_rpt.aspx?page=&short_name=UP&state_name=UTTAR%20PRADESH&state_code=31&district_name=BASTI&district_code=3153&block_name=BANKATI&block_code=3153011&panchayat_name=PIKAWARA%20SHUKLA&panchayat_code=3153011078&fin_year=2025-2026&source=&work_code=3153011078/RC/958486255823744117&msr_no=9233&AttendanceDate=25/03/2026&Digest=O/cfhMFsbnF4UlpDdHKBdQ",4
"BASTI","BANKATI","SISWA PANDEY","3153011101/RC/958486255823732562","9427","https://mnregaweb4.nic.in/nregaarch/View_NMMS_atten_date_dtl_rpt.aspx?page=&short_name=UP&state_name=UTTAR%20PRADESH&state_code=31&district_name=BASTI&district_code=3153&block_name=BANKATI&block_code=3153011&panchayat_name=SISWA%20PANDEY&panchayat_code=3153011101&fin_year=2025-2026&source=&work_code=3153011101/RC/958486255823732562&msr_no=9427&AttendanceDate=25/03/2026&Digest=AAGM8jBAyK27BdHB0fyWcQ",10
"BASTI","BANKATI","KURIYAR","3153011060/IC/958486255823712455","9363","https://mnregaweb4.nic.in/nregaarch/View_NMMS_atten_date_dtl_rpt.aspx?page=&short_name=UP&state_name=UTTAR%20PRADESH&state_code=31&district_name=BASTI&district_code=3153&block_name=BANKATI&block_code=3153011&panchayat_name=KURIYAR&panchayat_code=3153011060&fin_year=2025-2026&source=&work_code=3153011060/IC/958486255823712455&msr_no=9363&AttendanceDate=25/03/2026&Digest=8SDalOS0d0ZdR5z0ZlYrsw",9
"BASTI","BANKATI","KURIYAR","3153011060/WC/958486255824235444","9359","https://mnregaweb4.nic.in/nregaarch/View_NMMS_atten_date_dtl_rpt.aspx?page=&short_name=UP&state_name=UTTAR%20PRADESH&state_code=31&district_name=BASTI&district_code=3153&block_name=BANKATI&block_code=3153011&panchayat_name=KURIYAR&panchayat_code=3153011060&fin_year=2025-2026&source=&work_code=3153011060/WC/958486255824235444&msr_no=9359&AttendanceDate=25/03/2026&Digest=rM8cp0VwWa2aQe8eSbkt7A",9
"BASTI","BANKATI","MEHRDA","3153011065/RC/958486255823749751","9659","https://mnregaweb4.nic.in/nregaarch/View_NMMS_atten_date_dtl_rpt.aspx?page=&short_name=UP&state_name=UTTAR%20PRADESH&state_code=31&district_name=BASTI&district_code=3153&block_name=BANKATI&block_code=3153011&panchayat_name=MEHRDA&panchayat_code=3153011065&fin_year=2025-2026&source=&work_code=3153011065/RC/958486255823749751&msr_no=9659&AttendanceDate=25/03/2026&Digest=Ah0LJreBAmuPykt9LHc/3Q",2
"BASTI","BANKATI","PADIYAPAR","3153011072/RC/958486255823746773","9662","https://mnregaweb4.nic.in/nregaarch/View_NMMS_atten_date_dtl_rpt.aspx?page=&short_name=UP&state_name=UTTAR%20PRADESH&state_code=31&district_name=BASTI&district_code=3153&block_name=BANKATI&block_code=3153011&panchayat_name=PADIYAPAR&panchayat_code=3153011072&fin_year=2025-2026&source=&work_code=3153011072/RC/958486255823746773&msr_no=9662&AttendanceDate=25/03/2026&Digest=JDa5QJRepYkolScrJwkDlQ",9
"BASTI","BANKATI","PARASI","3153011076/RC/958486255823719298","9285","https://mnregaweb4.nic.in/nregaarch/View_NMMS_atten_date_dtl_rpt.aspx?page=&short_name=UP&state_name=UTTAR%20PRADESH&state_code=31&district_name=BASTI&district_code=3153&block_name=BANKATI&block_code=3153011&panchayat_name=PARASI&panchayat_code=3153011076&fin_year=2025-2026&source=&work_code=3153011076/RC/958486255823719298&msr_no=9285&AttendanceDate=25/03/2026&Digest=e8LLtkji8977RUrZzLE9bw",10
"BASTI","BANKATI","THALHAPAR","3153011088/AV/958486255824179930","9689","https://mnregaweb4.nic.in/nregaarch/View_NMMS_atten_date_dtl_rpt.aspx?page=&short_name=UP&state_name=UTTAR%20PRADESH&state_code=31&district_name=BASTI&district_code=3153&block_name=BANKATI&block_code=3153011&panchayat_name=THALHAPAR&panchayat_code=3153011088&fin_year=2025-2026&source=&work_code=3153011088/AV/958486255824179930&msr_no=9689&AttendanceDate=25/03/2026&Digest=0t/VWOYD9UtzqO+PfjZXOw",7
"BASTI","BANKATI","MAHTHA","3153011096/IC/958486255823740167","9345","https://mnregaweb4.nic.in/nregaarch/View_NMMS_atten_date_dtl_rpt.aspx?page=&short_name=UP&state_name=UTTAR%20PRADESH&state_code=31&district_name=BASTI&district_code=3153&block_name=BANKATI&block_code=3153011&panchayat_name=MAHTHA&panchayat_code=3153011096&fin_year=2025-2026&source=&work_code=3153011096/IC/958486255823740167&msr_no=9345&AttendanceDate=25/03/2026&Digest=1lmoJfBdWLH77Gy3iJEQDQ",9
"BASTI","BANKATI","MAHTHA","3153011096/IC/958486255823740167","9348","https://mnregaweb4.nic.in/nregaarch/View_NMMS_atten_date_dtl_rpt.aspx?page=&short_name=UP&state_name=UTTAR%20PRADESH&state_code=31&district_name=BASTI&district_code=3153&block_name=BANKATI&block_code=3153011&panchayat_name=MAHTHA&panchayat_code=3153011096&fin_year=2025-2026&source=&work_code=3153011096/IC/958486255823740167&msr_no=9348&AttendanceDate=25/03/2026&Digest=dy53hr5Lop0+GaZPK9DPPg",8
"BASTI","BANKATI","SISWA PANDEY","3153011101/RC/958486255823732562","9426","https://mnregaweb4.nic.in/nregaarch/View_NMMS_atten_date_dtl_rpt.aspx?page=&short_name=UP&state_name=UTTAR%20PRADESH&state_code=31&district_name=BASTI&district_code=3153&block_name=BANKATI&block_code=3153011&panchayat_name=SISWA%20PANDEY&panchayat_code=3153011101&fin_year=2025-2026&source=&work_code=3153011101/RC/958486255823732562&msr_no=9426&AttendanceDate=25/03/2026&Digest=mwRDVLMn8KjKQVtrF5ZLIA",9
"BASTI","BANKATI","SISWA PANDEY","3153011101/RC/958486255823732562","9429","https://mnregaweb4.nic.in/nregaarch/View_NMMS_atten_date_dtl_rpt.aspx?page=&short_name=UP&state_name=UTTAR%20PRADESH&state_code=31&district_name=BASTI&district_code=3153&block_name=BANKATI&block_code=3153011&panchayat_name=SISWA%20PANDEY&panchayat_code=3153011101&fin_year=2025-2026&source=&work_code=3153011101/RC/958486255823732562&msr_no=9429&AttendanceDate=25/03/2026&Digest=dcJ53bpjsd0VwV5jAA3a1Q",7
"BASTI","BANKATI","DUBAULI KHURD","3153011109/IC/958486255823741004","9277","https://mnregaweb4.nic.in/nregaarch/View_NMMS_atten_date_dtl_rpt.aspx?page=&short_name=UP&state_name=UTTAR%20PRADESH&state_code=31&district_name=BASTI&district_code=3153&block_name=BANKATI&block_code=3153011&panchayat_name=DUBAULI%20KHURD&panchayat_code=3153011109&fin_year=2025-2026&source=&work_code=3153011109/IC/958486255823741004&msr_no=9277&AttendanceDate=25/03/2026&Digest=B/r2TdRed0tWex3mr2b2NQ",9
"BASTI","BANKATI","DUBAULI KHURD","3153011109/RC/958486255823749300","9395","https://mnregaweb4.nic.in/nregaarch/View_NMMS_atten_date_dtl_rpt.aspx?page=&short_name=UP&state_name=UTTAR%20PRADESH&state_code=31&district_name=BASTI&district_code=3153&block_name=BANKATI&block_code=3153011&panchayat_name=DUBAULI%20KHURD&panchayat_code=3153011109&fin_year=2025-2026&source=&work_code=3153011109/RC/958486255823749300&msr_no=9395&AttendanceDate=25/03/2026&Digest=rFC2G47LPT4p2vqoJcj1fw",9
"BASTI","BANKATI","CHOLKHARI","3153011110/AV/958486255824182493","9421","https://mnregaweb4.nic.in/nregaarch/View_NMMS_atten_date_dtl_rpt.aspx?page=&short_name=UP&state_name=UTTAR%20PRADESH&state_code=31&district_name=BASTI&district_code=3153&block_name=BANKATI&block_code=3153011&panchayat_name=CHOLKHARI&panchayat_code=3153011110&fin_year=2025-2026&source=&work_code=3153011110/AV/958486255824182493&msr_no=9421&AttendanceDate=25/03/2026&Digest=ngX0j5eIgPnHUpglY4aLLA",9
"BASTI","BANKATI","CHOLKHARI","3153011110/AV/958486255824182493","9424","https://mnregaweb4.nic.in/nregaarch/View_NMMS_atten_date_dtl_rpt.aspx?page=&short_name=UP&state_name=UTTAR%20PRADESH&state_code=31&district_name=BASTI&district_code=3153&block_name=BANKATI&block_code=3153011&panchayat_name=CHOLKHARI&panchayat_code=3153011110&fin_year=2025-2026&source=&work_code=3153011110/AV/958486255824182493&msr_no=9424&AttendanceDate=25/03/2026&Digest=sI0K66jtEwYI+Mv36V7I1g",9
"BASTI","BASTI","MAHSO","3153010057/WH/958486255824012356","4366","https://mnregaweb4.nic.in/nregaarch/View_NMMS_atten_date_dtl_rpt.aspx?page=&short_name=UP&state_name=UTTAR%20PRADESH&state_code=31&district_name=BASTI&district_code=3153&block_name=BASTI&block_code=3153010&panchayat_name=MAHSO&panchayat_code=3153010057&fin_year=2025-2026&source=&work_code=3153010057/WH/958486255824012356&msr_no=4366&AttendanceDate=25/03/2026&Digest=Jko3ERC0Xp/TctM4ZdGjrg",9
"BASTI","BASTI","ORAI","3153010065/WC/958486255824160997","4412","https://mnregaweb4.nic.in/nregaarch/View_NMMS_atten_date_dtl_rpt.aspx?page=&short_name=UP&state_name=UTTAR%20PRADESH&state_code=31&district_name=BASTI&district_code=3153&block_name=BASTI&block_code=3153010&panchayat_name=ORAI&panchayat_code=3153010065&fin_year=2025-2026&source=&work_code=3153010065/WC/958486255824160997&msr_no=4412&AttendanceDate=25/03/2026&Digest=85u51prPEIwn6w3iMHDi1w",2
"BASTI","BASTI","RAIKWAR","3153010070/RC/958486255823675819","4435","https://mnregaweb4.nic.in/nregaarch/View_NMMS_atten_date_dtl_rpt.aspx?page=&short_name=UP&state_name=UTTAR%20PRADESH&state_code=31&district_name=BASTI&district_code=3153&block_name=BASTI&block_code=3153010&panchayat_name=RAIKWAR&panchayat_code=3153010070&fin_year=2025-2026&source=&work_code=3153010070/RC/958486255823675819&msr_no=4435&AttendanceDate=25/03/2026&Digest=i/IDik0zA8t7nDMe1xXhCw",4
"BASTI","BASTI","SIKARA PATHAN","3153010079/LD/958486255825004167","4348","https://mnregaweb4.nic.in/nregaarch/View_NMMS_atten_date_dtl_rpt.aspx?page=&short_name=UP&state_name=UTTAR%20PRADESH&state_code=31&district_name=BASTI&district_code=3153&block_name=BASTI&block_code=3153010&panchayat_name=SIKARA%20PATHAN&panchayat_code=3153010079&fin_year=2025-2026&source=&work_code=3153010079/LD/958486255825004167&msr_no=4348&AttendanceDate=25/03/2026&Digest=cWmDrCUBFWi6zRb08b9N5w",9
"BASTI","DUBAULIYA","CHILMAPARSAN","3153014004/LD/958486255824846423","4129","https://mnregaweb4.nic.in/nregaarch/View_NMMS_atten_date_dtl_rpt.aspx?page=&short_name=UP&state_name=UTTAR%20PRADESH&state_code=31&district_name=BASTI&district_code=3153&block_name=DUBAULIYA&block_code=3153014&panchayat_name=CHILMAPARSAN&panchayat_code=3153014004&fin_year=2025-2026&source=&work_code=3153014004/LD/958486255824846423&msr_no=4129&AttendanceDate=25/03/2026&Digest=YfCQG+NzhXEPlvqOI1orEQ",7
"BASTI","DUBAULIYA","DEHIDIHA BUJURG","3153014010/RC/958486255823750688","4224","https://mnregaweb4.nic.in/nregaarch/View_NMMS_atten_date_dtl_rpt.aspx?page=&short_name=UP&state_name=UTTAR%20PRADESH&state_code=31&district_name=BASTI&district_code=3153&block_name=DUBAULIYA&block_code=3153014&panchayat_name=DEHIDIHA%20BUJURG&panchayat_code=3153014010&fin_year=2025-2026&source=&work_code=3153014010/RC/958486255823750688&msr_no=4224&AttendanceDate=25/03/2026&Digest=eq1uCIrVEEpPBs4wA4zaJg",7
"BASTI","DUBAULIYA","DEHIDIHA BUJURG","3153014010/RC/958486255823750688","4227","https://mnregaweb4.nic.in/nregaarch/View_NMMS_atten_date_dtl_rpt.aspx?page=&short_name=UP&state_name=UTTAR%20PRADESH&state_code=31&district_name=BASTI&district_code=3153&block_name=DUBAULIYA&block_code=3153014&panchayat_name=DEHIDIHA%20BUJURG&panchayat_code=3153014010&fin_year=2025-2026&source=&work_code=3153014010/RC/958486255823750688&msr_no=4227&AttendanceDate=25/03/2026&Digest=sraHDIIhnE9e9rnUFvYaqg",1
"BASTI","DUBAULIYA","DEWRAGANGWAR","3153014015/RC/958486255823666018","4302","https://mnregaweb4.nic.in/nregaarch/View_NMMS_atten_date_dtl_rpt.aspx?page=&short_name=UP&state_name=UTTAR%20PRADESH&state_code=31&district_name=BASTI&district_code=3153&block_name=DUBAULIYA&block_code=3153014&panchayat_name=DEWRAGANGWAR&panchayat_code=3153014015&fin_year=2025-2026&source=&work_code=3153014015/RC/958486255823666018&msr_no=4302&AttendanceDate=25/03/2026&Digest=w5DOROavJgklsYEuh6wrqw",7
"BASTI","DUBAULIYA","DEWRAGANGWAR","3153014015/RC/958486255823719614","4300","https://mnregaweb4.nic.in/nregaarch/View_NMMS_atten_date_dtl_rpt.aspx?page=&short_name=UP&state_name=UTTAR%20PRADESH&state_code=31&district_name=BASTI&district_code=3153&block_name=DUBAULIYA&block_code=3153014&panchayat_name=DEWRAGANGWAR&panchayat_code=3153014015&fin_year=2025-2026&source=&work_code=3153014015/RC/958486255823719614&msr_no=4300&AttendanceDate=25/03/2026&Digest=0cWV+Gu49eIrn+SDBUPV3g",7
"BASTI","DUBAULIYA","PURE OARI RAI","3153014023/RC/958486255823749307","4141","https://mnregaweb4.nic.in/nregaarch/View_NMMS_atten_date_dtl_rpt.aspx?page=&short_name=UP&state_name=UTTAR%20PRADESH&state_code=31&district_name=BASTI&district_code=3153&block_name=DUBAULIYA&block_code=3153014&panchayat_name=PURE%20OARI%20RAI&panchayat_code=3153014023&fin_year=2025-2026&source=&work_code=3153014023/RC/958486255823749307&msr_no=4141&AttendanceDate=25/03/2026&Digest=C8ptUN/nCCp6+FLMNoChqg",8
"BASTI","DUBAULIYA","PAYAK PUR","3153014025/RC/958486255823750947","4299","https://mnregaweb4.nic.in/nregaarch/View_NMMS_atten_date_dtl_rpt.aspx?page=&short_name=UP&state_name=UTTAR%20PRADESH&state_code=31&district_name=BASTI&district_code=3153&block_name=DUBAULIYA&block_code=3153014&panchayat_name=PAYAK%20PUR&panchayat_code=3153014025&fin_year=2025-2026&source=&work_code=3153014025/RC/958486255823750947&msr_no=4299&AttendanceDate=25/03/2026&Digest=L8XkZGMhFJJPLC/FcKGw2Q",1
"BASTI","DUBAULIYA","LAXMANPUR","3153014030/LD/958486255824889814","4108","https://mnregaweb4.nic.in/nregaarch/View_NMMS_atten_date_dtl_rpt.aspx?page=&short_name=UP&state_name=UTTAR%20PRADESH&state_code=31&district_name=BASTI&district_code=3153&block_name=DUBAULIYA&block_code=3153014&panchayat_name=LAXMANPUR&panchayat_code=3153014030&fin_year=2025-2026&source=&work_code=3153014030/LD/958486255824889814&msr_no=4108&AttendanceDate=25/03/2026&Digest=eIDUtFqewDb0vi8FViU6Sg",10
"BASTI","DUBAULIYA","SARIYA ATIBAL","3153014031/RC/958486255823749920","4152","https://mnregaweb4.nic.in/nregaarch/View_NMMS_atten_date_dtl_rpt.aspx?page=&short_name=UP&state_name=UTTAR%20PRADESH&state_code=31&district_name=BASTI&district_code=3153&block_name=DUBAULIYA&block_code=3153014&panchayat_name=SARIYA%20ATIBAL&panchayat_code=3153014031&fin_year=2025-2026&source=&work_code=3153014031/RC/958486255823749920&msr_no=4152&AttendanceDate=25/03/2026&Digest=PW3aOak3JA/alnE7y525RQ",4
"BASTI","DUBAULIYA","SARIYA ATIBAL","3153014031/RC/958486255823751171","4353","https://mnregaweb4.nic.in/nregaarch/View_NMMS_atten_date_dtl_rpt.aspx?page=&short_name=UP&state_name=UTTAR%20PRADESH&state_code=31&district_name=BASTI&district_code=3153&block_name=DUBAULIYA&block_code=3153014&panchayat_name=SARIYA%20ATIBAL&panchayat_code=3153014031&fin_year=2025-2026&source=&work_code=3153014031/RC/958486255823751171&msr_no=4353&AttendanceDate=25/03/2026&Digest=5KmLL8dA+QPqbxfID2baWg",2
"BASTI","DUBAULIYA","KEVARI MUSTAHKAM","3153014040/RC/958486255823615820","4116","https://mnregaweb4.nic.in/nregaarch/View_NMMS_atten_date_dtl_rpt.aspx?page=&short_name=UP&state_name=UTTAR%20PRADESH&state_code=31&district_name=BASTI&district_code=3153&block_name=DUBAULIYA&block_code=3153014&panchayat_name=KEVARI%20MUSTAHKAM&panchayat_code=3153014040&fin_year=2025-2026&source=&work_code=3153014040/RC/958486255823615820&msr_no=4116&AttendanceDate=25/03/2026&Digest=G1AkpR+I00aLxdNg5ZNx/Q",6
"BASTI","DUBAULIYA","TIGHRA","3153014041/RC/958486255823750592","4289","https://mnregaweb4.nic.in/nregaarch/View_NMMS_atten_date_dtl_rpt.aspx?page=&short_name=UP&state_name=UTTAR%20PRADESH&state_code=31&district_name=BASTI&district_code=3153&block_name=DUBAULIYA&block_code=3153014&panchayat_name=TIGHRA&panchayat_code=3153014041&fin_year=2025-2026&source=&work_code=3153014041/RC/958486255823750592&msr_no=4289&AttendanceDate=25/03/2026&Digest=26spKa2+G2B499Z45poQfQ",7
"BASTI","DUBAULIYA","KHUSHALGANJ","3153014052/RC/958486255823748523","4131","https://mnregaweb4.nic.in/nregaarch/View_NMMS_atten_date_dtl_rpt.aspx?page=&short_name=UP&state_name=UTTAR%20PRADESH&state_code=31&district_name=BASTI&district_code=3153&block_name=DUBAULIYA&block_code=3153014&panchayat_name=KHUSHALGANJ&panchayat_code=3153014052&fin_year=2025-2026&source=&work_code=3153014052/RC/958486255823748523&msr_no=4131&AttendanceDate=25/03/2026&Digest=RvFXw4ctgBJL4TJ5TQLvsA",8
"BASTI","DUBAULIYA","BARSAV","3153014055/WH/958486255823263333","4371","https://mnregaweb4.nic.in/nregaarch/View_NMMS_atten_date_dtl_rpt.aspx?page=&short_name=UP&state_name=UTTAR%20PRADESH&state_code=31&district_name=BASTI&district_code=3153&block_name=DUBAULIYA&block_code=3153014&panchayat_name=BARSAV&panchayat_code=3153014055&fin_year=2025-2026&source=&work_code=3153014055/WH/958486255823263333&msr_no=4371&AttendanceDate=25/03/2026&Digest=IXre8NGJ9LS1A0oAr08ZIA",10
"BASTI","DUBAULIYA","BARSAV","3153014055/WH/958486255823263333","4377","https://mnregaweb4.nic.in/nregaarch/View_NMMS_atten_date_dtl_rpt.aspx?page=&short_name=UP&state_name=UTTAR%20PRADESH&state_code=31&district_name=BASTI&district_code=3153&block_name=DUBAULIYA&block_code=3153014&panchayat_name=BARSAV&panchayat_code=3153014055&fin_year=2025-2026&source=&work_code=3153014055/WH/958486255823263333&msr_no=4377&AttendanceDate=25/03/2026&Digest=M+D5f7XhZJJ5z8CwsKmcXw",1
"BASTI","DUBAULIYA","BASANTPUR","3153014056/RC/958486255823751367","4281","https://mnregaweb4.nic.in/nregaarch/View_NMMS_atten_date_dtl_rpt.aspx?page=&short_name=UP&state_name=UTTAR%20PRADESH&state_code=31&district_name=BASTI&district_code=3153&block_name=DUBAULIYA&block_code=3153014&panchayat_name=BASANTPUR&panchayat_code=3153014056&fin_year=2025-2026&source=&work_code=3153014056/RC/958486255823751367&msr_no=4281&AttendanceDate=25/03/2026&Digest=InDaZsioIPFiuXJsiw0eKg",7
"BASTI","DUBAULIYA","HARIPAL PUR","3153014060/RC/958486255823749903","4219","https://mnregaweb4.nic.in/nregaarch/View_NMMS_atten_date_dtl_rpt.aspx?page=&short_name=UP&state_name=UTTAR%20PRADESH&state_code=31&district_name=BASTI&district_code=3153&block_name=DUBAULIYA&block_code=3153014&panchayat_name=HARIPAL%20PUR&panchayat_code=3153014060&fin_year=2025-2026&source=&work_code=3153014060/RC/958486255823749903&msr_no=4219&AttendanceDate=25/03/2026&Digest=6zQZIvNnTZqg1GXzHpKngg",5
"BASTI","GAUR","BADYA","3153002009/IC/958486255823728562","6357","https://mnregaweb4.nic.in/nregaarch/View_NMMS_atten_date_dtl_rpt.aspx?page=&short_name=UP&state_name=UTTAR%20PRADESH&state_code=31&district_name=BASTI&district_code=3153&block_name=GAUR&block_code=3153002&panchayat_name=BADYA&panchayat_code=3153002009&fin_year=2025-2026&source=&work_code=3153002009/IC/958486255823728562&msr_no=6357&AttendanceDate=25/03/2026&Digest=RJTMsANrq3XiQRgdFNiv+w",1
"BASTI","GAUR","BALUA CHAUBE","3153002013/RC/958486255823733175","6361","https://mnregaweb4.nic.in/nregaarch/View_NMMS_atten_date_dtl_rpt.aspx?page=&short_name=UP&state_name=UTTAR%20PRADESH&state_code=31&district_name=BASTI&district_code=3153&block_name=GAUR&block_code=3153002&panchayat_name=BALUA%20CHAUBE&panchayat_code=3153002013&fin_year=2025-2026&source=&work_code=3153002013/RC/958486255823733175&msr_no=6361&AttendanceDate=25/03/2026&Digest=fNe6obRpcvfjt0mcSZF7Lw",7
"BASTI","GAUR","CHAKCHAI","3153002029/RC/958486255823749445","6546","https://mnregaweb4.nic.in/nregaarch/View_NMMS_atten_date_dtl_rpt.aspx?page=&short_name=UP&state_name=UTTAR%20PRADESH&state_code=31&district_name=BASTI&district_code=3153&block_name=GAUR&block_code=3153002&panchayat_name=CHAKCHAI&panchayat_code=3153002029&fin_year=2025-2026&source=&work_code=3153002029/RC/958486255823749445&msr_no=6546&AttendanceDate=25/03/2026&Digest=gFP8YMuPuKreEWOsZTDzkQ",10
"BASTI","GAUR","DEGRAHA","3153002035/WC/958486255824252593","6274","https://mnregaweb4.nic.in/nregaarch/View_NMMS_atten_date_dtl_rpt.aspx?page=&short_name=UP&state_name=UTTAR%20PRADESH&state_code=31&district_name=BASTI&district_code=3153&block_name=GAUR&block_code=3153002&panchayat_name=DEGRAHA&panchayat_code=3153002035&fin_year=2025-2026&source=&work_code=3153002035/WC/958486255824252593&msr_no=6274&AttendanceDate=25/03/2026&Digest=7yED1YlCCY4QBdRk7O/rbg",7
"BASTI","GAUR","DEGRAHA","3153002035/WC/958486255824252593","6277","https://mnregaweb4.nic.in/nregaarch/View_NMMS_atten_date_dtl_rpt.aspx?page=&short_name=UP&state_name=UTTAR%20PRADESH&state_code=31&district_name=BASTI&district_code=3153&block_name=GAUR&block_code=3153002&panchayat_name=DEGRAHA&panchayat_code=3153002035&fin_year=2025-2026&source=&work_code=3153002035/WC/958486255824252593&msr_no=6277&AttendanceDate=25/03/2026&Digest=L8KjKKwyW/yxqDCTJUMdjg",7
"BASTI","GAUR","DEGRAHA","3153002035/WC/958486255824252593","6280","https://mnregaweb4.nic.in/nregaarch/View_NMMS_atten_date_dtl_rpt.aspx?page=&short_name=UP&state_name=UTTAR%20PRADESH&state_code=31&district_name=BASTI&district_code=3153&block_name=GAUR&block_code=3153002&panchayat_name=DEGRAHA&panchayat_code=3153002035&fin_year=2025-2026&source=&work_code=3153002035/WC/958486255824252593&msr_no=6280&AttendanceDate=25/03/2026&Digest=f/xeG0aiDCTOqeupll6/dw",8
"BASTI","DUBAULIYA","PAYAK PUR","3153014025/RC/958486255823750843","4297","https://mnregaweb4.nic.in/nregaarch/View_NMMS_atten_date_dtl_rpt.aspx?page=&short_name=UP&state_name=UTTAR%20PRADESH&state_code=31&district_name=BASTI&district_code=3153&block_name=DUBAULIYA&block_code=3153014&panchayat_name=PAYAK%20PUR&panchayat_code=3153014025&fin_year=2025-2026&source=&work_code=3153014025/RC/958486255823750843&msr_no=4297&AttendanceDate=25/03/2026&Digest=3p8DLIynNLIXLEyyDBAuLg",6
"BASTI","DUBAULIYA","BHIURA","3153014026/RC/958486255823732619","4338","https://mnregaweb4.nic.in/nregaarch/View_NMMS_atten_date_dtl_rpt.aspx?page=&short_name=UP&state_name=UTTAR%20PRADESH&state_code=31&district_name=BASTI&district_code=3153&block_name=DUBAULIYA&block_code=3153014&panchayat_name=BHIURA&panchayat_code=3153014026&fin_year=2025-2026&source=&work_code=3153014026/RC/958486255823732619&msr_no=4338&AttendanceDate=25/03/2026&Digest=xT+vbsveYmh9UZbdIMnkZw",10
"BASTI","DUBAULIYA","DUBAULIYA","3153014029/RC/958486255823749639","4385","https://mnregaweb4.nic.in/nregaarch/View_NMMS_atten_date_dtl_rpt.aspx?page=&short_name=UP&state_name=UTTAR%20PRADESH&state_code=31&district_name=BASTI&district_code=3153&block_name=DUBAULIYA&block_code=3153014&panchayat_name=DUBAULIYA&panchayat_code=3153014029&fin_year=2025-2026&source=&work_code=3153014029/RC/958486255823749639&msr_no=4385&AttendanceDate=25/03/2026&Digest=UOhFQM5PGP4CCpAG7m8yEg",2
"BASTI","DUBAULIYA","BHAKRAHI","3153014035/RC/958486255823750364","4234","https://mnregaweb4.nic.in/nregaarch/View_NMMS_atten_date_dtl_rpt.aspx?page=&short_name=UP&state_name=UTTAR%20PRADESH&state_code=31&district_name=BASTI&district_code=3153&block_name=DUBAULIYA&block_code=3153014&panchayat_name=BHAKRAHI&panchayat_code=3153014035&fin_year=2025-2026&source=&work_code=3153014035/RC/958486255823750364&msr_no=4234&AttendanceDate=25/03/2026&Digest=i1gvyT5Dcrdrovs6yo0NtQ",8
"BASTI","DUBAULIYA","BHAKRAHI","3153014035/RC/958486255823751006","4238","https://mnregaweb4.nic.in/nregaarch/View_NMMS_atten_date_dtl_rpt.aspx?page=&short_name=UP&state_name=UTTAR%20PRADESH&state_code=31&district_name=BASTI&district_code=3153&block_name=DUBAULIYA&block_code=3153014&panchayat_name=BHAKRAHI&panchayat_code=3153014035&fin_year=2025-2026&source=&work_code=3153014035/RC/958486255823751006&msr_no=4238&AttendanceDate=25/03/2026&Digest=Ru9I5QXR/bj18/CsBg+kGg",10
"BASTI","DUBAULIYA","SARAIYA BAKSI","3153014046/RC/958486255823647641","4195","https://mnregaweb4.nic.in/nregaarch/View_NMMS_atten_date_dtl_rpt.aspx?page=&short_name=UP&state_name=UTTAR%20PRADESH&state_code=31&district_name=BASTI&district_code=3153&block_name=DUBAULIYA&block_code=3153014&panchayat_name=SARAIYA%20BAKSI&panchayat_code=3153014046&fin_year=2025-2026&source=&work_code=3153014046/RC/958486255823647641&msr_no=4195&AttendanceDate=25/03/2026&Digest=PLdQ9ZXanc9w8vkDF3ZtsQ",3
"BASTI","DUBAULIYA","SARAIYA BAKSI","3153014046/RC/958486255823727877","4199","https://mnregaweb4.nic.in/nregaarch/View_NMMS_atten_date_dtl_rpt.aspx?page=&short_name=UP&state_name=UTTAR%20PRADESH&state_code=31&district_name=BASTI&district_code=3153&block_name=DUBAULIYA&block_code=3153014&panchayat_name=SARAIYA%20BAKSI&panchayat_code=3153014046&fin_year=2025-2026&source=&work_code=3153014046/RC/958486255823727877&msr_no=4199&AttendanceDate=25/03/2026&Digest=/oI3m2Tll9HFAOZZnKphoQ",10
"BASTI","DUBAULIYA","SARAIYA BAKSI","3153014046/RC/958486255823727881","4203","https://mnregaweb4.nic.in/nregaarch/View_NMMS_atten_date_dtl_rpt.aspx?page=&short_name=UP&state_name=UTTAR%20PRADESH&state_code=31&district_name=BASTI&district_code=3153&block_name=DUBAULIYA&block_code=3153014&panchayat_name=SARAIYA%20BAKSI&panchayat_code=3153014046&fin_year=2025-2026&source=&work_code=3153014046/RC/958486255823727881&msr_no=4203&AttendanceDate=25/03/2026&Digest=SZ+5cFfVvksMHxKB1X1J+A",8
"BASTI","DUBAULIYA","BARSAV","3153014055/RC/958486255823751326","4269","https://mnregaweb4.nic.in/nregaarch/View_NMMS_atten_date_dtl_rpt.aspx?page=&short_name=UP&state_name=UTTAR%20PRADESH&state_code=31&district_name=BASTI&district_code=3153&block_name=DUBAULIYA&block_code=3153014&panchayat_name=BARSAV&panchayat_code=3153014055&fin_year=2025-2026&source=&work_code=3153014055/RC/958486255823751326&msr_no=4269&AttendanceDate=25/03/2026&Digest=BjCno6uktipQ227NrWtteQ",8
"BASTI","DUBAULIYA","HARIPAL PUR","3153014060/RC/958486255823749903","4267","https://mnregaweb4.nic.in/nregaarch/View_NMMS_atten_date_dtl_rpt.aspx?page=&short_name=UP&state_name=UTTAR%20PRADESH&state_code=31&district_name=BASTI&district_code=3153&block_name=DUBAULIYA&block_code=3153014&panchayat_name=HARIPAL%20PUR&panchayat_code=3153014060&fin_year=2025-2026&source=&work_code=3153014060/RC/958486255823749903&msr_no=4267&AttendanceDate=25/03/2026&Digest=gwEH6gecPQzHwaAkmkxF3Q",6
"BASTI","GAUR","BALUA CHAUBE","3153002013/RC/958486255823749569","6528","https://mnregaweb4.nic.in/nregaarch/View_NMMS_atten_date_dtl_rpt.aspx?page=&short_name=UP&state_name=UTTAR%20PRADESH&state_code=31&district_name=BASTI&district_code=3153&block_name=GAUR&block_code=3153002&panchayat_name=BALUA%20CHAUBE&panchayat_code=3153002013&fin_year=2025-2026&source=&work_code=3153002013/RC/958486255823749569&msr_no=6528&AttendanceDate=25/03/2026&Digest=jDyuL5+Da8WkjMSAJ/hlyg",7
"BASTI","GAUR","BABHANGAVA KHURD","3153002014/RC/958486255823686891","6453","https://mnregaweb4.nic.in/nregaarch/View_NMMS_atten_date_dtl_rpt.aspx?page=&short_name=UP&state_name=UTTAR%20PRADESH&state_code=31&district_name=BASTI&district_code=3153&block_name=GAUR&block_code=3153002&panchayat_name=BABHANGAVA%20KHURD&panchayat_code=3153002014&fin_year=2025-2026&source=&work_code=3153002014/RC/958486255823686891&msr_no=6453&AttendanceDate=25/03/2026&Digest=I7GBBAnUWBiGSXJfUkuO9Q",8
"BASTI","GAUR","DUHAWA","3153002038/LD/958486255824947013","6325","https://mnregaweb4.nic.in/nregaarch/View_NMMS_atten_date_dtl_rpt.aspx?page=&short_name=UP&state_name=UTTAR%20PRADESH&state_code=31&district_name=BASTI&district_code=3153&block_name=GAUR&block_code=3153002&panchayat_name=DUHAWA&panchayat_code=3153002038&fin_year=2025-2026&source=&work_code=3153002038/LD/958486255824947013&msr_no=6325&AttendanceDate=25/03/2026&Digest=8wd3MQwnLNB5Q+UBrzVIRg",10
"BASTI","GAUR","DUHAWA","3153002038/LD/958486255824947013","6328","https://mnregaweb4.nic.in/nregaarch/View_NMMS_atten_date_dtl_rpt.aspx?page=&short_name=UP&state_name=UTTAR%20PRADESH&state_code=31&district_name=BASTI&district_code=3153&block_name=GAUR&block_code=3153002&panchayat_name=DUHAWA&panchayat_code=3153002038&fin_year=2025-2026&source=&work_code=3153002038/LD/958486255824947013&msr_no=6328&AttendanceDate=25/03/2026&Digest=A2CGIcl5WE5L17TkhVdQXw",8
"BASTI","GAUR","KHUTAHANA","3153002053/AV/958486255824177566","6339","https://mnregaweb4.nic.in/nregaarch/View_NMMS_atten_date_dtl_rpt.aspx?page=&short_name=UP&state_name=UTTAR%20PRADESH&state_code=31&district_name=BASTI&district_code=3153&block_name=GAUR&block_code=3153002&panchayat_name=KHUTAHANA&panchayat_code=3153002053&fin_year=2025-2026&source=&work_code=3153002053/AV/958486255824177566&msr_no=6339&AttendanceDate=25/03/2026&Digest=AaI0e0LNLkFxkGsHJ3uMGw",4
"BASTI","GAUR","MAJHAUVA CHAUBEY","3153002061/WC/958486255824213629","6525","https://mnregaweb4.nic.in/nregaarch/View_NMMS_atten_date_dtl_rpt.aspx?page=&short_name=UP&state_name=UTTAR%20PRADESH&state_code=31&district_name=BASTI&district_code=3153&block_name=GAUR&block_code=3153002&panchayat_name=MAJHAUVA%20CHAUBEY&panchayat_code=3153002061&fin_year=2025-2026&source=&work_code=3153002061/WC/958486255824213629&msr_no=6525&AttendanceDate=25/03/2026&Digest=Ug6PnHNfu2lNlC7JtYYLRA",3
"BASTI","GAUR","MAJHAUVA DUDTHNATH","3153002062/RC/958486255823694908","6551","https://mnregaweb4.nic.in/nregaarch/View_NMMS_atten_date_dtl_rpt.aspx?page=&short_name=UP&state_name=UTTAR%20PRADESH&state_code=31&district_name=BASTI&district_code=3153&block_name=GAUR&block_code=3153002&panchayat_name=MAJHAUVA%20DUDTHNATH&panchayat_code=3153002062&fin_year=2025-2026&source=&work_code=3153002062/RC/958486255823694908&msr_no=6551&AttendanceDate=25/03/2026&Digest=0pkqRR6/iW9ud8LG4H5sNQ",4
"BASTI","GAUR","MAJHAUVA DUDTHNATH","3153002062/RC/958486255823748554","6498","https://mnregaweb4.nic.in/nregaarch/View_NMMS_atten_date_dtl_rpt.aspx?page=&short_name=UP&state_name=UTTAR%20PRADESH&state_code=31&district_name=BASTI&district_code=3153&block_name=GAUR&block_code=3153002&panchayat_name=MAJHAUVA%20DUDTHNATH&panchayat_code=3153002062&fin_year=2025-2026&source=&work_code=3153002062/RC/958486255823748554&msr_no=6498&AttendanceDate=25/03/2026&Digest=b9CYoTG68rlVh2EcyzkeLQ",10
"BASTI","GAUR","RANIPUR BABU","3153002080/IC/958486255823745018","6306","https://mnregaweb4.nic.in/nregaarch/View_NMMS_atten_date_dtl_rpt.aspx?page=&short_name=UP&state_name=UTTAR%20PRADESH&state_code=31&district_name=BASTI&district_code=3153&block_name=GAUR&block_code=3153002&panchayat_name=RANIPUR%20BABU&panchayat_code=3153002080&fin_year=2025-2026&source=&work_code=3153002080/IC/958486255823745018&msr_no=6306&AttendanceDate=25/03/2026&Digest=r3Ien5LCaoSCV2MRF8c2kw",8
"BASTI","GAUR","RANIPUR BABU","3153002080/IC/958486255823745018","6309","https://mnregaweb4.nic.in/nregaarch/View_NMMS_atten_date_dtl_rpt.aspx?page=&short_name=UP&state_name=UTTAR%20PRADESH&state_code=31&district_name=BASTI&district_code=3153&block_name=GAUR&block_code=3153002&panchayat_name=RANIPUR%20BABU&panchayat_code=3153002080&fin_year=2025-2026&source=&work_code=3153002080/IC/958486255823745018&msr_no=6309&AttendanceDate=25/03/2026&Digest=CfVTP5jYylS0ayGfb4zhAA",10
"BASTI","GAUR","RANIPUR BABU","3153002080/IC/958486255823745019","6580","https://mnregaweb4.nic.in/nregaarch/View_NMMS_atten_date_dtl_rpt.aspx?page=&short_name=UP&state_name=UTTAR%20PRADESH&state_code=31&district_name=BASTI&district_code=3153&block_name=GAUR&block_code=3153002&panchayat_name=RANIPUR%20BABU&panchayat_code=3153002080&fin_year=2025-2026&source=&work_code=3153002080/IC/958486255823745019&msr_no=6580&AttendanceDate=25/03/2026&Digest=4oKlmvvW2pIzbUymrY8Wcg",9
"BASTI","GAUR","SUMAHI","3153002089/LD/YD/958486255825010403","6282","https://mnregaweb4.nic.in/nregaarch/View_NMMS_atten_date_dtl_rpt.aspx?page=&short_name=UP&state_name=UTTAR%20PRADESH&state_code=31&district_name=BASTI&district_code=3153&block_name=GAUR&block_code=3153002&panchayat_name=SUMAHI&panchayat_code=3153002089&fin_year=2025-2026&source=&work_code=3153002089/LD/YD/958486255825010403&msr_no=6282&AttendanceDate=25/03/2026&Digest=3n5GXQmWgnxAO/z54jES1w",9
"BASTI","GAUR","GHAGHARIYA","3153002094/RC/958486255823735160","6541","https://mnregaweb4.nic.in/nregaarch/View_NMMS_atten_date_dtl_rpt.aspx?page=&short_name=UP&state_name=UTTAR%20PRADESH&state_code=31&district_name=BASTI&district_code=3153&block_name=GAUR&block_code=3153002&panchayat_name=GHAGHARIYA&panchayat_code=3153002094&fin_year=2025-2026&source=&work_code=3153002094/RC/958486255823735160&msr_no=6541&AttendanceDate=25/03/2026&Digest=tzPJeldHHTTJZthmg+lW6w",9
"BASTI","HARRAIYA","BELBHARIYA RAM GULAM","3153003017/LD/958486255825009419","6995","https://mnregaweb4.nic.in/nregaarch/View_NMMS_atten_date_dtl_rpt.aspx?page=&short_name=UP&state_name=UTTAR%20PRADESH&state_code=31&district_name=BASTI&district_code=3153&block_name=HARRAIYA&block_code=3153003&panchayat_name=BELBHARIYA%20RAM%20GULAM&panchayat_code=3153003017&fin_year=2025-2026&source=&work_code=3153003017/LD/958486255825009419&msr_no=6995&AttendanceDate=25/03/2026&Digest=mvzixNPJoL5KJ8D9e5v5NA",10
"BASTI","HARRAIYA","BELBHARIYA RAM GULAM","3153003017/LD/958486255825009419","6998","https://mnregaweb4.nic.in/nregaarch/View_NMMS_atten_date_dtl_rpt.aspx?page=&short_name=UP&state_name=UTTAR%20PRADESH&state_code=31&district_name=BASTI&district_code=3153&block_name=HARRAIYA&block_code=3153003&panchayat_name=BELBHARIYA%20RAM%20GULAM&panchayat_code=3153003017&fin_year=2025-2026&source=&work_code=3153003017/LD/958486255825009419&msr_no=6998&AttendanceDate=25/03/2026&Digest=LgTFHcsJPmm4kj0yDeRCrg",10
"BASTI","HARRAIYA","BHAIRO PUR","3153003027/RC/YD/958486255823736252","6943","https://mnregaweb4.nic.in/nregaarch/View_NMMS_atten_date_dtl_rpt.aspx?page=&short_name=UP&state_name=UTTAR%20PRADESH&state_code=31&district_name=BASTI&district_code=3153&block_name=HARRAIYA&block_code=3153003&panchayat_name=BHAIRO%20PUR&panchayat_code=3153003027&fin_year=2025-2026&source=&work_code=3153003027/RC/YD/958486255823736252&msr_no=6943&AttendanceDate=25/03/2026&Digest=kihS34upyyzpVJI+TVIssg",10
"BASTI","HARRAIYA","BANS GAW","3153003031/LD/958486255824940352","6901","https://mnregaweb4.nic.in/nregaarch/View_NMMS_atten_date_dtl_rpt.aspx?page=&short_name=UP&state_name=UTTAR%20PRADESH&state_code=31&district_name=BASTI&district_code=3153&block_name=HARRAIYA&block_code=3153003&panchayat_name=BANS%20GAW&panchayat_code=3153003031&fin_year=2025-2026&source=&work_code=3153003031/LD/958486255824940352&msr_no=6901&AttendanceDate=25/03/2026&Digest=tYyJdtACDX+KGCyI+KAtNg",6
"BASTI","HARRAIYA","SANGRAM PUR","3153003035/LD/958486255824958169","6824","https://mnregaweb4.nic.in/nregaarch/View_NMMS_atten_date_dtl_rpt.aspx?page=&short_name=UP&state_name=UTTAR%20PRADESH&state_code=31&district_name=BASTI&district_code=3153&block_name=HARRAIYA&block_code=3153003&panchayat_name=SANGRAM%20PUR&panchayat_code=3153003035&fin_year=2025-2026&source=&work_code=3153003035/LD/958486255824958169&msr_no=6824&AttendanceDate=25/03/2026&Digest=ktSsmHFbw9Ce6bENUiuQzw",10
"BASTI","HARRAIYA","DUHWA MISHR","3153003037/LD/958486255824957650","6964","https://mnregaweb4.nic.in/nregaarch/View_NMMS_atten_date_dtl_rpt.aspx?page=&short_name=UP&state_name=UTTAR%20PRADESH&state_code=31&district_name=BASTI&district_code=3153&block_name=HARRAIYA&block_code=3153003&panchayat_name=DUHWA%20MISHR&panchayat_code=3153003037&fin_year=2025-2026&source=&work_code=3153003037/LD/958486255824957650&msr_no=6964&AttendanceDate=25/03/2026&Digest=Zj8n1DUW57m+goS0duL+Ng",9
"BASTI","HARRAIYA","MARWATIA BHAWAN","3153003039/AV/958486255824176086","6918","https://mnregaweb4.nic.in/nregaarch/View_NMMS_atten_date_dtl_rpt.aspx?page=&short_name=UP&state_name=UTTAR%20PRADESH&state_code=31&district_name=BASTI&district_code=3153&block_name=HARRAIYA&block_code=3153003&panchayat_name=MARWATIA%20BHAWAN&panchayat_code=3153003039&fin_year=2025-2026&source=&work_code=3153003039/AV/958486255824176086&msr_no=6918&AttendanceDate=25/03/2026&Digest=ynQBQQDHAL3dqDr0mb8xUg",10
"BASTI","HARRAIYA","NADAYEN","3153003042/LD/958486255824955644","6905","https://mnregaweb4.nic.in/nregaarch/View_NMMS_atten_date_dtl_rpt.aspx?page=&short_name=UP&state_name=UTTAR%20PRADESH&state_code=31&district_name=BASTI&district_code=3153&block_name=HARRAIYA&block_code=3153003&panchayat_name=NADAYEN&panchayat_code=3153003042&fin_year=2025-2026&source=&work_code=3153003042/LD/958486255824955644&msr_no=6905&AttendanceDate=25/03/2026&Digest=Y/Bm0xqvaPinbG8aXDdAKw",10
"BASTI","HARRAIYA","NADAYEN","3153003042/LD/958486255824955644","6908","https://mnregaweb4.nic.in/nregaarch/View_NMMS_atten_date_dtl_rpt.aspx?page=&short_name=UP&state_name=UTTAR%20PRADESH&state_code=31&district_name=BASTI&district_code=3153&block_name=HARRAIYA&block_code=3153003&panchayat_name=NADAYEN&panchayat_code=3153003042&fin_year=2025-2026&source=&work_code=3153003042/LD/958486255824955644&msr_no=6908&AttendanceDate=25/03/2026&Digest=LxS9+t2BQdDTzAaeo5kDfA",10
"BASTI","HARRAIYA","NADAYEN","3153003042/LD/958486255824955644","6911","https://mnregaweb4.nic.in/nregaarch/View_NMMS_atten_date_dtl_rpt.aspx?page=&short_name=UP&state_name=UTTAR%20PRADESH&state_code=31&district_name=BASTI&district_code=3153&block_name=HARRAIYA&block_code=3153003&panchayat_name=NADAYEN&panchayat_code=3153003042&fin_year=2025-2026&source=&work_code=3153003042/LD/958486255824955644&msr_no=6911&AttendanceDate=25/03/2026&Digest=EWYuNN8Xt5lop6sP0DvvKg",1
"BASTI","HARRAIYA","REWARA DAS","3153003047/LD/958486255825004745","6782","https://mnregaweb4.nic.in/nregaarch/View_NMMS_atten_date_dtl_rpt.aspx?page=&short_name=UP&state_name=UTTAR%20PRADESH&state_code=31&district_name=BASTI&district_code=3153&block_name=HARRAIYA&block_code=3153003&panchayat_name=REWARA%20DAS&panchayat_code=3153003047&fin_year=2025-2026&source=&work_code=3153003047/LD/958486255825004745&msr_no=6782&AttendanceDate=25/03/2026&Digest=7344553fBLLbVehLmYZqnw",5
"BASTI","HARRAIYA","BHARGAWA","3153003058/LD/958486255824611296","6963","https://mnregaweb4.nic.in/nregaarch/View_NMMS_atten_date_dtl_rpt.aspx?page=&short_name=UP&state_name=UTTAR%20PRADESH&state_code=31&district_name=BASTI&district_code=3153&block_name=HARRAIYA&block_code=3153003&panchayat_name=BHARGAWA&panchayat_code=3153003058&fin_year=2025-2026&source=&work_code=3153003058/LD/958486255824611296&msr_no=6963&AttendanceDate=25/03/2026&Digest=KR3t6gj6g22ZiYAgxJqI+w",9
"BASTI","HARRAIYA","BHADAWAL KALA","3153003074/LD/958486255825010527","6870","https://mnregaweb4.nic.in/nregaarch/View_NMMS_atten_date_dtl_rpt.aspx?page=&short_name=UP&state_name=UTTAR%20PRADESH&state_code=31&district_name=BASTI&district_code=3153&block_name=HARRAIYA&block_code=3153003&panchayat_name=BHADAWAL%20KALA&panchayat_code=3153003074&fin_year=2025-2026&source=&work_code=3153003074/LD/958486255825010527&msr_no=6870&AttendanceDate=25/03/2026&Digest=My+IyuxJ53QrUzZ2oHU2yg",7
"BASTI","HARRAIYA","KHAIRI OJHA","3153003075/RC/958486255823728315","6928","https://mnregaweb4.nic.in/nregaarch/View_NMMS_atten_date_dtl_rpt.aspx?page=&short_name=UP&state_name=UTTAR%20PRADESH&state_code=31&district_name=BASTI&district_code=3153&block_name=HARRAIYA&block_code=3153003&panchayat_name=KHAIRI%20OJHA&panchayat_code=3153003075&fin_year=2025-2026&source=&work_code=3153003075/RC/958486255823728315&msr_no=6928&AttendanceDate=25/03/2026&Digest=wuSD5Tfg5Dr6kt6o/iQpOA",9
"BASTI","HARRAIYA","SHAMBHUPUR","3153003077/WC/958486255823257967","6841","https://mnregaweb4.nic.in/nregaarch/View_NMMS_atten_date_dtl_rpt.aspx?page=&short_name=UP&state_name=UTTAR%20PRADESH&state_code=31&district_name=BASTI&district_code=3153&block_name=HARRAIYA&block_code=3153003&panchayat_name=SHAMBHUPUR&panchayat_code=3153003077&fin_year=2025-2026&source=&work_code=3153003077/WC/958486255823257967&msr_no=6841&AttendanceDate=25/03/2026&Digest=uYc+fO8Zk69TKkq69Hq+hA",10
"BASTI","HARRAIYA","KISHUNPUR","3153003084/RC/958486255823446020","6950","https://mnregaweb4.nic.in/nregaarch/View_NMMS_atten_date_dtl_rpt.aspx?page=&short_name=UP&state_name=UTTAR%20PRADESH&state_code=31&district_name=BASTI&district_code=3153&block_name=HARRAIYA&block_code=3153003&panchayat_name=KISHUNPUR&panchayat_code=3153003084&fin_year=2025-2026&source=&work_code=3153003084/RC/958486255823446020&msr_no=6950&AttendanceDate=25/03/2026&Digest=cAps/f8xVbBihUeCBXb8lw",2
"BASTI","HARRAIYA","RAJAULI","3153003097/IC/958486255823741420","6882","https://mnregaweb4.nic.in/nregaarch/View_NMMS_atten_date_dtl_rpt.aspx?page=&short_name=UP&state_name=UTTAR%20PRADESH&state_code=31&district_name=BASTI&district_code=3153&block_name=HARRAIYA&block_code=3153003&panchayat_name=RAJAULI&panchayat_code=3153003097&fin_year=2025-2026&source=&work_code=3153003097/IC/958486255823741420&msr_no=6882&AttendanceDate=25/03/2026&Digest=7YxElgKeghDr+g97tmBBKQ",10
"BASTI","BANKATI","SISWA PANDEY","3153011101/RC/958486255823732562","9428","https://mnregaweb4.nic.in/nregaarch/View_NMMS_atten_date_dtl_rpt.aspx?page=&short_name=UP&state_name=UTTAR%20PRADESH&state_code=31&district_name=BASTI&district_code=3153&block_name=BANKATI&block_code=3153011&panchayat_name=SISWA%20PANDEY&panchayat_code=3153011101&fin_year=2025-2026&source=&work_code=3153011101/RC/958486255823732562&msr_no=9428&AttendanceDate=25/03/2026&Digest=b77YrJwhCENEmCz7bMee9w",9
"BASTI","BANKATI","CHITRAKHOR","3153011104/IC/958486255823723378","9615","https://mnregaweb4.nic.in/nregaarch/View_NMMS_atten_date_dtl_rpt.aspx?page=&short_name=UP&state_name=UTTAR%20PRADESH&state_code=31&district_name=BASTI&district_code=3153&block_name=BANKATI&block_code=3153011&panchayat_name=CHITRAKHOR&panchayat_code=3153011104&fin_year=2025-2026&source=&work_code=3153011104/IC/958486255823723378&msr_no=9615&AttendanceDate=25/03/2026&Digest=alo3dusVYRAScWtlw2sobg",7
"BASTI","BASTI","AVASHTAIPUR","3153010001/AV/958486255824150950","4346","https://mnregaweb4.nic.in/nregaarch/View_NMMS_atten_date_dtl_rpt.aspx?page=&short_name=UP&state_name=UTTAR%20PRADESH&state_code=31&district_name=BASTI&district_code=3153&block_name=BASTI&block_code=3153010&panchayat_name=AVASHTAIPUR&panchayat_code=3153010001&fin_year=2025-2026&source=&work_code=3153010001/AV/958486255824150950&msr_no=4346&AttendanceDate=25/03/2026&Digest=5RhlFwFgsfYxca5dt/NRQg",10
"BASTI","BASTI","ORAI","3153010065/WC/958486255824160997","4410","https://mnregaweb4.nic.in/nregaarch/View_NMMS_atten_date_dtl_rpt.aspx?page=&short_name=UP&state_name=UTTAR%20PRADESH&state_code=31&district_name=BASTI&district_code=3153&block_name=BASTI&block_code=3153010&panchayat_name=ORAI&panchayat_code=3153010065&fin_year=2025-2026&source=&work_code=3153010065/WC/958486255824160997&msr_no=4410&AttendanceDate=25/03/2026&Digest=q8m2SE+LBvQnjhMJNcS5Mw",9
"BASTI","BASTI","RAIKWAR","3153010070/RC/958486255823675819","4434","https://mnregaweb4.nic.in/nregaarch/View_NMMS_atten_date_dtl_rpt.aspx?page=&short_name=UP&state_name=UTTAR%20PRADESH&state_code=31&district_name=BASTI&district_code=3153&block_name=BASTI&block_code=3153010&panchayat_name=RAIKWAR&panchayat_code=3153010070&fin_year=2025-2026&source=&work_code=3153010070/RC/958486255823675819&msr_no=4434&AttendanceDate=25/03/2026&Digest=QA2GYxk2ykR5LkIstoA5qA",9
"BASTI","BASTI","SONUPAR","3153010082/RC/958486255823726672","4432","https://mnregaweb4.nic.in/nregaarch/View_NMMS_atten_date_dtl_rpt.aspx?page=&short_name=UP&state_name=UTTAR%20PRADESH&state_code=31&district_name=BASTI&district_code=3153&block_name=BASTI&block_code=3153010&panchayat_name=SONUPAR&panchayat_code=3153010082&fin_year=2025-2026&source=&work_code=3153010082/RC/958486255823726672&msr_no=4432&AttendanceDate=25/03/2026&Digest=huwx4edkZPcrmYxM/aPZHg",7
"BASTI","DUBAULIYA","ASHOK PUR","3153014003/RC/958486255823554950","4345","https://mnregaweb4.nic.in/nregaarch/View_NMMS_atten_date_dtl_rpt.aspx?page=&short_name=UP&state_name=UTTAR%20PRADESH&state_code=31&district_name=BASTI&district_code=3153&block_name=DUBAULIYA&block_code=3153014&panchayat_name=ASHOK%20PUR&panchayat_code=3153014003&fin_year=2025-2026&source=&work_code=3153014003/RC/958486255823554950&msr_no=4345&AttendanceDate=25/03/2026&Digest=yGvW+NG/lLnYLzZ4HXoCdQ",8
"BASTI","DUBAULIYA","CHILMAPARSAN","3153014004/LD/958486255824919567","4125","https://mnregaweb4.nic.in/nregaarch/View_NMMS_atten_date_dtl_rpt.aspx?page=&short_name=UP&state_name=UTTAR%20PRADESH&state_code=31&district_name=BASTI&district_code=3153&block_name=DUBAULIYA&block_code=3153014&panchayat_name=CHILMAPARSAN&panchayat_code=3153014004&fin_year=2025-2026&source=&work_code=3153014004/LD/958486255824919567&msr_no=4125&AttendanceDate=25/03/2026&Digest=S7s/7oerebVxy28EQ5xJSg",8
"BASTI","DUBAULIYA","DEHIDIHA BUJURG","3153014010/RC/958486255823750688","4223","https://mnregaweb4.nic.in/nregaarch/View_NMMS_atten_date_dtl_rpt.aspx?page=&short_name=UP&state_name=UTTAR%20PRADESH&state_code=31&district_name=BASTI&district_code=3153&block_name=DUBAULIYA&block_code=3153014&panchayat_name=DEHIDIHA%20BUJURG&panchayat_code=3153014010&fin_year=2025-2026&source=&work_code=3153014010/RC/958486255823750688&msr_no=4223&AttendanceDate=25/03/2026&Digest=t6aKtOQUehYyPtoxFaaxKQ",7
"BASTI","DUBAULIYA","DEWRAGANGWAR","3153014015/LD/958486255825001483","4190","https://mnregaweb4.nic.in/nregaarch/View_NMMS_atten_date_dtl_rpt.aspx?page=&short_name=UP&state_name=UTTAR%20PRADESH&state_code=31&district_name=BASTI&district_code=3153&block_name=DUBAULIYA&block_code=3153014&panchayat_name=DEWRAGANGWAR&panchayat_code=3153014015&fin_year=2025-2026&source=&work_code=3153014015/LD/958486255825001483&msr_no=4190&AttendanceDate=25/03/2026&Digest=YW7m27gmQuCOpp5uexgcqQ",1
"BASTI","DUBAULIYA","RAM NAGAR","3153014020/RC/958486255823749961","4175","https://mnregaweb4.nic.in/nregaarch/View_NMMS_atten_date_dtl_rpt.aspx?page=&short_name=UP&state_name=UTTAR%20PRADESH&state_code=31&district_name=BASTI&district_code=3153&block_name=DUBAULIYA&block_code=3153014&panchayat_name=RAM%20NAGAR&panchayat_code=3153014020&fin_year=2025-2026&source=&work_code=3153014020/RC/958486255823749961&msr_no=4175&AttendanceDate=25/03/2026&Digest=0SJtJfLmNvXVHxnacSf/TA",6
"BASTI","DUBAULIYA","RAM NAGAR","3153014020/RC/958486255823749962","4171","https://mnregaweb4.nic.in/nregaarch/View_NMMS_atten_date_dtl_rpt.aspx?page=&short_name=UP&state_name=UTTAR%20PRADESH&state_code=31&district_name=BASTI&district_code=3153&block_name=DUBAULIYA&block_code=3153014&panchayat_name=RAM%20NAGAR&panchayat_code=3153014020&fin_year=2025-2026&source=&work_code=3153014020/RC/958486255823749962&msr_no=4171&AttendanceDate=25/03/2026&Digest=pNdCq1Gzn0oUIvfyJ1uHqw",6
"BASTI","DUBAULIYA","PURE OARI RAI","3153014023/RC/958486255823749308","4139","https://mnregaweb4.nic.in/nregaarch/View_NMMS_atten_date_dtl_rpt.aspx?page=&short_name=UP&state_name=UTTAR%20PRADESH&state_code=31&district_name=BASTI&district_code=3153&block_name=DUBAULIYA&block_code=3153014&panchayat_name=PURE%20OARI%20RAI&panchayat_code=3153014023&fin_year=2025-2026&source=&work_code=3153014023/RC/958486255823749308&msr_no=4139&AttendanceDate=25/03/2026&Digest=adp+GeNS9HYcw2RmXLYFeA",7
"BASTI","DUBAULIYA","SARWANPUR PANDEY","3153014024/RC/958486255823711285","4367","https://mnregaweb4.nic.in/nregaarch/View_NMMS_atten_date_dtl_rpt.aspx?page=&short_name=UP&state_name=UTTAR%20PRADESH&state_code=31&district_name=BASTI&district_code=3153&block_name=DUBAULIYA&block_code=3153014&panchayat_name=SARWANPUR%20PANDEY&panchayat_code=3153014024&fin_year=2025-2026&source=&work_code=3153014024/RC/958486255823711285&msr_no=4367&AttendanceDate=25/03/2026&Digest=nFcZIj/qdGDuAnmONoMkxg",2
"BASTI","DUBAULIYA","SARWANPUR PANDEY","3153014024/RC/958486255823711285","4390","https://mnregaweb4.nic.in/nregaarch/View_NMMS_atten_date_dtl_rpt.aspx?page=&short_name=UP&state_name=UTTAR%20PRADESH&state_code=31&district_name=BASTI&district_code=3153&block_name=DUBAULIYA&block_code=3153014&panchayat_name=SARWANPUR%20PANDEY&panchayat_code=3153014024&fin_year=2025-2026&source=&work_code=3153014024/RC/958486255823711285&msr_no=4390&AttendanceDate=25/03/2026&Digest=GyOKZPahuiqXQiNKToAySg",2
"BASTI","DUBAULIYA","PAYAK PUR","3153014025/RC/958486255823750843","4296","https://mnregaweb4.nic.in/nregaarch/View_NMMS_atten_date_dtl_rpt.aspx?page=&short_name=UP&state_name=UTTAR%20PRADESH&state_code=31&district_name=BASTI&district_code=3153&block_name=DUBAULIYA&block_code=3153014&panchayat_name=PAYAK%20PUR&panchayat_code=3153014025&fin_year=2025-2026&source=&work_code=3153014025/RC/958486255823750843&msr_no=4296&AttendanceDate=25/03/2026&Digest=Rs2gE8HOIoUToyI/8qjIWA",8
"BASTI","DUBAULIYA","DUBAULIYA","3153014029/RC/958486255823749639","4382","https://mnregaweb4.nic.in/nregaarch/View_NMMS_atten_date_dtl_rpt.aspx?page=&short_name=UP&state_name=UTTAR%20PRADESH&state_code=31&district_name=BASTI&district_code=3153&block_name=DUBAULIYA&block_code=3153014&panchayat_name=DUBAULIYA&panchayat_code=3153014029&fin_year=2025-2026&source=&work_code=3153014029/RC/958486255823749639&msr_no=4382&AttendanceDate=25/03/2026&Digest=wlbflXgKal+puq8FdVMCow",8
"BASTI","DUBAULIYA","LAXMANPUR","3153014030/LD/958486255824889814","4107","https://mnregaweb4.nic.in/nregaarch/View_NMMS_atten_date_dtl_rpt.aspx?page=&short_name=UP&state_name=UTTAR%20PRADESH&state_code=31&district_name=BASTI&district_code=3153&block_name=DUBAULIYA&block_code=3153014&panchayat_name=LAXMANPUR&panchayat_code=3153014030&fin_year=2025-2026&source=&work_code=3153014030/LD/958486255824889814&msr_no=4107&AttendanceDate=25/03/2026&Digest=pTZLiPSQ6DUdZutTNMpyxA",10
"BASTI","DUBAULIYA","LAXMANPUR","3153014030/LD/958486255824889814","4110","https://mnregaweb4.nic.in/nregaarch/View_NMMS_atten_date_dtl_rpt.aspx?page=&short_name=UP&state_name=UTTAR%20PRADESH&state_code=31&district_name=BASTI&district_code=3153&block_name=DUBAULIYA&block_code=3153014&panchayat_name=LAXMANPUR&panchayat_code=3153014030&fin_year=2025-2026&source=&work_code=3153014030/LD/958486255824889814&msr_no=4110&AttendanceDate=25/03/2026&Digest=SOAW8KGy8QhI+kHxCDXcHw",2
"BASTI","DUBAULIYA","LAXMANPUR","3153014030/LD/958486255824889814","4252","https://mnregaweb4.nic.in/nregaarch/View_NMMS_atten_date_dtl_rpt.aspx?page=&short_name=UP&state_name=UTTAR%20PRADESH&state_code=31&district_name=BASTI&district_code=3153&block_name=DUBAULIYA&block_code=3153014&panchayat_name=LAXMANPUR&panchayat_code=3153014030&fin_year=2025-2026&source=&work_code=3153014030/LD/958486255824889814&msr_no=4252&AttendanceDate=25/03/2026&Digest=HlKr73SY5NYfSPnOKfKaAQ",7
"BASTI","DUBAULIYA","LAXMANPUR","3153014030/LD/958486255824889824","4254","https://mnregaweb4.nic.in/nregaarch/View_NMMS_atten_date_dtl_rpt.aspx?page=&short_name=UP&state_name=UTTAR%20PRADESH&state_code=31&district_name=BASTI&district_code=3153&block_name=DUBAULIYA&block_code=3153014&panchayat_name=LAXMANPUR&panchayat_code=3153014030&fin_year=2025-2026&source=&work_code=3153014030/LD/958486255824889824&msr_no=4254&AttendanceDate=25/03/2026&Digest=86++Dy6hMlZ8b3uTxWBEbg",3
"BASTI","DUBAULIYA","SARIYA ATIBAL","3153014031/RC/958486255823751171","4351","https://mnregaweb4.nic.in/nregaarch/View_NMMS_atten_date_dtl_rpt.aspx?page=&short_name=UP&state_name=UTTAR%20PRADESH&state_code=31&district_name=BASTI&district_code=3153&block_name=DUBAULIYA&block_code=3153014&panchayat_name=SARIYA%20ATIBAL&panchayat_code=3153014031&fin_year=2025-2026&source=&work_code=3153014031/RC/958486255823751171&msr_no=4351&AttendanceDate=25/03/2026&Digest=Ec05qoYqq90qV+nF9uqvmQ",9
"BASTI","DUBAULIYA","BHAKRAHI","3153014035/RC/958486255823750365","4161","https://mnregaweb4.nic.in/nregaarch/View_NMMS_atten_date_dtl_rpt.aspx?page=&short_name=UP&state_name=UTTAR%20PRADESH&state_code=31&district_name=BASTI&district_code=3153&block_name=DUBAULIYA&block_code=3153014&panchayat_name=BHAKRAHI&panchayat_code=3153014035&fin_year=2025-2026&source=&work_code=3153014035/RC/958486255823750365&msr_no=4161&AttendanceDate=25/03/2026&Digest=8PZWwtbq3wujfEsRhJfxwQ",10
"BASTI","DUBAULIYA","TIGHRA","3153014041/RC/958486255823694419","4291","https://mnregaweb4.nic.in/nregaarch/View_NMMS_atten_date_dtl_rpt.aspx?page=&short_name=UP&state_name=UTTAR%20PRADESH&state_code=31&district_name=BASTI&district_code=3153&block_name=DUBAULIYA&block_code=3153014&panchayat_name=TIGHRA&panchayat_code=3153014041&fin_year=2025-2026&source=&work_code=3153014041/RC/958486255823694419&msr_no=4291&AttendanceDate=25/03/2026&Digest=N7Jny60GqmkkjCy6uUP+iA",5
"BASTI","DUBAULIYA","BARSAV","3153014055/RC/958486255823751326","4272","https://mnregaweb4.nic.in/nregaarch/View_NMMS_atten_date_dtl_rpt.aspx?page=&short_name=UP&state_name=UTTAR%20PRADESH&state_code=31&district_name=BASTI&district_code=3153&block_name=DUBAULIYA&block_code=3153014&panchayat_name=BARSAV&panchayat_code=3153014055&fin_year=2025-2026&source=&work_code=3153014055/RC/958486255823751326&msr_no=4272&AttendanceDate=25/03/2026&Digest=5BsWSbHUXm8p4cKmcZaIBg",4
"BASTI","DUBAULIYA","BASANTPUR","3153014056/RC/958486255823751367","4282","https://mnregaweb4.nic.in/nregaarch/View_NMMS_atten_date_dtl_rpt.aspx?page=&short_name=UP&state_name=UTTAR%20PRADESH&state_code=31&district_name=BASTI&district_code=3153&block_name=DUBAULIYA&block_code=3153014&panchayat_name=BASANTPUR&panchayat_code=3153014056&fin_year=2025-2026&source=&work_code=3153014056/RC/958486255823751367&msr_no=4282&AttendanceDate=25/03/2026&Digest=c4T2GZXCP7YovszI3Kfl8A",6
"BASTI","GAUR","ASANHARA","3153002006/RC/958486255823746228","6487","https://mnregaweb4.nic.in/nregaarch/View_NMMS_atten_date_dtl_rpt.aspx?page=&short_name=UP&state_name=UTTAR%20PRADESH&state_code=31&district_name=BASTI&district_code=3153&block_name=GAUR&block_code=3153002&panchayat_name=ASANHARA&panchayat_code=3153002006&fin_year=2025-2026&source=&work_code=3153002006/RC/958486255823746228&msr_no=6487&AttendanceDate=25/03/2026&Digest=SAiqcM8MMcs/+uE6ijOK7w",8
"BASTI","GAUR","BADYA","3153002009/IC/958486255823728562","6356","https://mnregaweb4.nic.in/nregaarch/View_NMMS_atten_date_dtl_rpt.aspx?page=&short_name=UP&state_name=UTTAR%20PRADESH&state_code=31&district_name=BASTI&district_code=3153&block_name=GAUR&block_code=3153002&panchayat_name=BADYA&panchayat_code=3153002009&fin_year=2025-2026&source=&work_code=3153002009/IC/958486255823728562&msr_no=6356&AttendanceDate=25/03/2026&Digest=BYMfkS52bz0LjZRo/Fti2Q",10
"BASTI","GAUR","BABHANGAVA KHURD","3153002014/AV/958486255824173587","6351","https://mnregaweb4.nic.in/nregaarch/View_NMMS_atten_date_dtl_rpt.aspx?page=&short_name=UP&state_name=UTTAR%20PRADESH&state_code=31&district_name=BASTI&district_code=3153&block_name=GAUR&block_code=3153002&panchayat_name=BABHANGAVA%20KHURD&panchayat_code=3153002014&fin_year=2025-2026&source=&work_code=3153002014/AV/958486255824173587&msr_no=6351&AttendanceDate=25/03/2026&Digest=ehgle0a/sF7psCGq6grsgQ",10
"BASTI","GAUR","DEGRAHA","3153002035/WC/958486255824252593","6278","https://mnregaweb4.nic.in/nregaarch/View_NMMS_atten_date_dtl_rpt.aspx?page=&short_name=UP&state_name=UTTAR%20PRADESH&state_code=31&district_name=BASTI&district_code=3153&block_name=GAUR&block_code=3153002&panchayat_name=DEGRAHA&panchayat_code=3153002035&fin_year=2025-2026&source=&work_code=3153002035/WC/958486255824252593&msr_no=6278&AttendanceDate=25/03/2026&Digest=V5zV/TybPHNaFCFvZkHHsQ",6
"BASTI","GAUR","DEGRAHA","3153002035/WC/958486255824252593","6281","https://mnregaweb4.nic.in/nregaarch/View_NMMS_atten_date_dtl_rpt.aspx?page=&short_name=UP&state_name=UTTAR%20PRADESH&state_code=31&district_name=BASTI&district_code=3153&block_name=GAUR&block_code=3153002&panchayat_name=DEGRAHA&panchayat_code=3153002035&fin_year=2025-2026&source=&work_code=3153002035/WC/958486255824252593&msr_no=6281&AttendanceDate=25/03/2026&Digest=IHu+XywT41EqUSohLe6Mrw",3
"BASTI","GAUR","HARDI","3153002043/IC/958486255823744557","6402","https://mnregaweb4.nic.in/nregaarch/View_NMMS_atten_date_dtl_rpt.aspx?page=&short_name=UP&state_name=UTTAR%20PRADESH&state_code=31&district_name=BASTI&district_code=3153&block_name=GAUR&block_code=3153002&panchayat_name=HARDI&panchayat_code=3153002043&fin_year=2025-2026&source=&work_code=3153002043/IC/958486255823744557&msr_no=6402&AttendanceDate=25/03/2026&Digest=iWybzlcmcToUjOC1L8KvMA",5
"BASTI","GAUR","HARDI","3153002043/WC/958486255824252613","6405","https://mnregaweb4.nic.in/nregaarch/View_NMMS_atten_date_dtl_rpt.aspx?page=&short_name=UP&state_name=UTTAR%20PRADESH&state_code=31&district_name=BASTI&district_code=3153&block_name=GAUR&block_code=3153002&panchayat_name=HARDI&panchayat_code=3153002043&fin_year=2025-2026&source=&work_code=3153002043/WC/958486255824252613&msr_no=6405&AttendanceDate=25/03/2026&Digest=4IS58MTwijrUFllnsJ7XNg",8
"BASTI","GAUR","KAISRAI","3153002047/RC/958486255823752199","6594","https://mnregaweb4.nic.in/nregaarch/View_NMMS_atten_date_dtl_rpt.aspx?page=&short_name=UP&state_name=UTTAR%20PRADESH&state_code=31&district_name=BASTI&district_code=3153&block_name=GAUR&block_code=3153002&panchayat_name=KAISRAI&panchayat_code=3153002047&fin_year=2025-2026&source=&work_code=3153002047/RC/958486255823752199&msr_no=6594&AttendanceDate=25/03/2026&Digest=7W8zOvKi3be+oVrbSz9Oug",10
"BASTI","GAUR","KALIGARA","3153002048/LD/958486255824940643","6272","https://mnregaweb4.nic.in/nregaarch/View_NMMS_atten_date_dtl_rpt.aspx?page=&short_name=UP&state_name=UTTAR%20PRADESH&state_code=31&district_name=BASTI&district_code=3153&block_name=GAUR&block_code=3153002&panchayat_name=KALIGARA&panchayat_code=3153002048&fin_year=2025-2026&source=&work_code=3153002048/LD/958486255824940643&msr_no=6272&AttendanceDate=25/03/2026&Digest=DSdvF4t4fwBC3gjip6MmYQ",10
"BASTI","GAUR","MAHUVADABR","3153002059/AV/958486255824185057","6255","https://mnregaweb4.nic.in/nregaarch/View_NMMS_atten_date_dtl_rpt.aspx?page=&short_name=UP&state_name=UTTAR%20PRADESH&state_code=31&district_name=BASTI&district_code=3153&block_name=GAUR&block_code=3153002&panchayat_name=MAHUVADABR&panchayat_code=3153002059&fin_year=2025-2026&source=&work_code=3153002059/AV/958486255824185057&msr_no=6255&AttendanceDate=25/03/2026&Digest=f7xFJL1EB4pItj0knwm1Hw",10
"BASTI","GAUR","MAJHAMAANPUR","3153002060/LD/958486255824945073","6242","https://mnregaweb4.nic.in/nregaarch/View_NMMS_atten_date_dtl_rpt.aspx?page=&short_name=UP&state_name=UTTAR%20PRADESH&state_code=31&district_name=BASTI&district_code=3153&block_name=GAUR&block_code=3153002&panchayat_name=MAJHAMAANPUR&panchayat_code=3153002060&fin_year=2025-2026&source=&work_code=3153002060/LD/958486255824945073&msr_no=6242&AttendanceDate=25/03/2026&Digest=xyue9IrJG88H6pJpELFcKw",10
"BASTI","GAUR","MAJHAUVA DUDTHNATH","3153002062/RC/958486255823694911","6557","https://mnregaweb4.nic.in/nregaarch/View_NMMS_atten_date_dtl_rpt.aspx?page=&short_name=UP&state_name=UTTAR%20PRADESH&state_code=31&district_name=BASTI&district_code=3153&block_name=GAUR&block_code=3153002&panchayat_name=MAJHAUVA%20DUDTHNATH&panchayat_code=3153002062&fin_year=2025-2026&source=&work_code=3153002062/RC/958486255823694911&msr_no=6557&AttendanceDate=25/03/2026&Digest=MW9gLLgkWZK54KiO83TpPQ",4
"BASTI","GAUR","MUDSARA","3153002065/AV/958486255824169622","6512","https://mnregaweb4.nic.in/nregaarch/View_NMMS_atten_date_dtl_rpt.aspx?page=&short_name=UP&state_name=UTTAR%20PRADESH&state_code=31&district_name=BASTI&district_code=3153&block_name=GAUR&block_code=3153002&panchayat_name=MUDSARA&panchayat_code=3153002065&fin_year=2025-2026&source=&work_code=3153002065/AV/958486255824169622&msr_no=6512&AttendanceDate=25/03/2026&Digest=3k8/7Kdly55CL7ezaz0RUw",4
"BASTI","GAUR","RAMVA PUR","3153002079/RC/958486255823749322","6482","https://mnregaweb4.nic.in/nregaarch/View_NMMS_atten_date_dtl_rpt.aspx?page=&short_name=UP&state_name=UTTAR%20PRADESH&state_code=31&district_name=BASTI&district_code=3153&block_name=GAUR&block_code=3153002&panchayat_name=RAMVA%20PUR&panchayat_code=3153002079&fin_year=2025-2026&source=&work_code=3153002079/RC/958486255823749322&msr_no=6482&AttendanceDate=25/03/2026&Digest=4iePV1j3GuiAmHrUWt8Y2w",4
"BASTI","GAUR","RAMVA PUR","3153002079/RC/958486255823749333","6478","https://mnregaweb4.nic.in/nregaarch/View_NMMS_atten_date_dtl_rpt.aspx?page=&short_name=UP&state_name=UTTAR%20PRADESH&state_code=31&district_name=BASTI&district_code=3153&block_name=GAUR&block_code=3153002&panchayat_name=RAMVA%20PUR&panchayat_code=3153002079&fin_year=2025-2026&source=&work_code=3153002079/RC/958486255823749333&msr_no=6478&AttendanceDate=25/03/2026&Digest=eNhvDMjQ38Orgd4ohLx4xQ",10
"BASTI","BANKATI","PARASI","3153011076/RC/958486255823749924","9558","https://mnregaweb4.nic.in/nregaarch/View_NMMS_atten_date_dtl_rpt.aspx?page=&short_name=UP&state_name=UTTAR%20PRADESH&state_code=31&district_name=BASTI&district_code=3153&block_name=BANKATI&block_code=3153011&panchayat_name=PARASI&panchayat_code=3153011076&fin_year=2025-2026&source=&work_code=3153011076/RC/958486255823749924&msr_no=9558&AttendanceDate=25/03/2026&Digest=+lSdnhdNli1a/PWfyMqh3Q",6
"BASTI","BANKATI","SAJAHRA","3153011081/RC/958486255823741804","9485","https://mnregaweb4.nic.in/nregaarch/View_NMMS_atten_date_dtl_rpt.aspx?page=&short_name=UP&state_name=UTTAR%20PRADESH&state_code=31&district_name=BASTI&district_code=3153&block_name=BANKATI&block_code=3153011&panchayat_name=SAJAHRA&panchayat_code=3153011081&fin_year=2025-2026&source=&work_code=3153011081/RC/958486255823741804&msr_no=9485&AttendanceDate=25/03/2026&Digest=vIKDoGtwtbOgTLZ5+AkRdg",8
"BASTI","BANKATI","SISWA PANDEY","3153011101/IC/958486255823741153","9302","https://mnregaweb4.nic.in/nregaarch/View_NMMS_atten_date_dtl_rpt.aspx?page=&short_name=UP&state_name=UTTAR%20PRADESH&state_code=31&district_name=BASTI&district_code=3153&block_name=BANKATI&block_code=3153011&panchayat_name=SISWA%20PANDEY&panchayat_code=3153011101&fin_year=2025-2026&source=&work_code=3153011101/IC/958486255823741153&msr_no=9302&AttendanceDate=25/03/2026&Digest=ntSM6xOa+RualvMgtlLtJA",8
"BASTI","BANKATI","CHITRAKHOR","3153011104/IC/958486255823723379","9621","https://mnregaweb4.nic.in/nregaarch/View_NMMS_atten_date_dtl_rpt.aspx?page=&short_name=UP&state_name=UTTAR%20PRADESH&state_code=31&district_name=BASTI&district_code=3153&block_name=BANKATI&block_code=3153011&panchayat_name=CHITRAKHOR&panchayat_code=3153011104&fin_year=2025-2026&source=&work_code=3153011104/IC/958486255823723379&msr_no=9621&AttendanceDate=25/03/2026&Digest=ioa4dG5eVHRsbyymXWR7fA",6
"BASTI","BANKATI","DUBAULI KHURD","3153011109/IC/958486255823741004","9278","https://mnregaweb4.nic.in/nregaarch/View_NMMS_atten_date_dtl_rpt.aspx?page=&short_name=UP&state_name=UTTAR%20PRADESH&state_code=31&district_name=BASTI&district_code=3153&block_name=BANKATI&block_code=3153011&panchayat_name=DUBAULI%20KHURD&panchayat_code=3153011109&fin_year=2025-2026&source=&work_code=3153011109/IC/958486255823741004&msr_no=9278&AttendanceDate=25/03/2026&Digest=VrRUHG34YsGgcnG+X7gwag",7
"BASTI","BANKATI","DUBAULI KHURD","3153011109/RC/958486255823749300","9396","https://mnregaweb4.nic.in/nregaarch/View_NMMS_atten_date_dtl_rpt.aspx?page=&short_name=UP&state_name=UTTAR%20PRADESH&state_code=31&district_name=BASTI&district_code=3153&block_name=BANKATI&block_code=3153011&panchayat_name=DUBAULI%20KHURD&panchayat_code=3153011109&fin_year=2025-2026&source=&work_code=3153011109/RC/958486255823749300&msr_no=9396&AttendanceDate=25/03/2026&Digest=2PWOXHmDUSzl6etpQKjfPg",8
"BASTI","BANKATI","CHOLKHARI","3153011110/AV/958486255824182493","9422","https://mnregaweb4.nic.in/nregaarch/View_NMMS_atten_date_dtl_rpt.aspx?page=&short_name=UP&state_name=UTTAR%20PRADESH&state_code=31&district_name=BASTI&district_code=3153&block_name=BANKATI&block_code=3153011&panchayat_name=CHOLKHARI&panchayat_code=3153011110&fin_year=2025-2026&source=&work_code=3153011110/AV/958486255824182493&msr_no=9422&AttendanceDate=25/03/2026&Digest=cM47TGs+839bCYWt19+B/A",8
"BASTI","BANKATI","CHOLKHARI","3153011110/AV/958486255824182493","9425","https://mnregaweb4.nic.in/nregaarch/View_NMMS_atten_date_dtl_rpt.aspx?page=&short_name=UP&state_name=UTTAR%20PRADESH&state_code=31&district_name=BASTI&district_code=3153&block_name=BANKATI&block_code=3153011&panchayat_name=CHOLKHARI&panchayat_code=3153011110&fin_year=2025-2026&source=&work_code=3153011110/AV/958486255824182493&msr_no=9425&AttendanceDate=25/03/2026&Digest=Cw0cwC1VFSFBalwX0gi06g",6
"BASTI","BASTI","SIKARA PATHAN","3153010079/LD/958486255825004167","4347","https://mnregaweb4.nic.in/nregaarch/View_NMMS_atten_date_dtl_rpt.aspx?page=&short_name=UP&state_name=UTTAR%20PRADESH&state_code=31&district_name=BASTI&district_code=3153&block_name=BASTI&block_code=3153010&panchayat_name=SIKARA%20PATHAN&panchayat_code=3153010079&fin_year=2025-2026&source=&work_code=3153010079/LD/958486255825004167&msr_no=4347&AttendanceDate=25/03/2026&Digest=1LrgQ6RZz2nHGXKH0fBA7w",8
"BASTI","BASTI","SONUPAR","3153010082/RC/958486255823726676","4401","https://mnregaweb4.nic.in/nregaarch/View_NMMS_atten_date_dtl_rpt.aspx?page=&short_name=UP&state_name=UTTAR%20PRADESH&state_code=31&district_name=BASTI&district_code=3153&block_name=BASTI&block_code=3153010&panchayat_name=SONUPAR&panchayat_code=3153010082&fin_year=2025-2026&source=&work_code=3153010082/RC/958486255823726676&msr_no=4401&AttendanceDate=25/03/2026&Digest=u+PSoKHutD2QekL3K8rp6Q",10
"BASTI","DUBAULIYA","CHILMAPARSAN","3153014004/LD/958486255824846423","4130","https://mnregaweb4.nic.in/nregaarch/View_NMMS_atten_date_dtl_rpt.aspx?page=&short_name=UP&state_name=UTTAR%20PRADESH&state_code=31&district_name=BASTI&district_code=3153&block_name=DUBAULIYA&block_code=3153014&panchayat_name=CHILMAPARSAN&panchayat_code=3153014004&fin_year=2025-2026&source=&work_code=3153014004/LD/958486255824846423&msr_no=4130&AttendanceDate=25/03/2026&Digest=frVr8m20nVnFmuOJbKR6Uw",1
"BASTI","DUBAULIYA","CHILMAPARSAN","3153014004/LD/958486255824919567","4127","https://mnregaweb4.nic.in/nregaarch/View_NMMS_atten_date_dtl_rpt.aspx?page=&short_name=UP&state_name=UTTAR%20PRADESH&state_code=31&district_name=BASTI&district_code=3153&block_name=DUBAULIYA&block_code=3153014&panchayat_name=CHILMAPARSAN&panchayat_code=3153014004&fin_year=2025-2026&source=&work_code=3153014004/LD/958486255824919567&msr_no=4127&AttendanceDate=25/03/2026&Digest=mQOA8DcDp26Nw44TJSmQnA",3
"BASTI","DUBAULIYA","PAKRI CHAUHAAN","3153014006/AV/958486255824187517","4310","https://mnregaweb4.nic.in/nregaarch/View_NMMS_atten_date_dtl_rpt.aspx?page=&short_name=UP&state_name=UTTAR%20PRADESH&state_code=31&district_name=BASTI&district_code=3153&block_name=DUBAULIYA&block_code=3153014&panchayat_name=PAKRI%20CHAUHAAN&panchayat_code=3153014006&fin_year=2025-2026&source=&work_code=3153014006/AV/958486255824187517&msr_no=4310&AttendanceDate=25/03/2026&Digest=LxfLbJkivPwiva4Socu8TA",4
"BASTI","DUBAULIYA","GULAWARI","3153014014/RC/958486255823749921","4278","https://mnregaweb4.nic.in/nregaarch/View_NMMS_atten_date_dtl_rpt.aspx?page=&short_name=UP&state_name=UTTAR%20PRADESH&state_code=31&district_name=BASTI&district_code=3153&block_name=DUBAULIYA&block_code=3153014&panchayat_name=GULAWARI&panchayat_code=3153014014&fin_year=2025-2026&source=&work_code=3153014014/RC/958486255823749921&msr_no=4278&AttendanceDate=25/03/2026&Digest=KIFKqKJgAC44s70QLzRr1Q",7
"BASTI","DUBAULIYA","RAM NAGAR","3153014020/RC/958486255823749961","4174","https://mnregaweb4.nic.in/nregaarch/View_NMMS_atten_date_dtl_rpt.aspx?page=&short_name=UP&state_name=UTTAR%20PRADESH&state_code=31&district_name=BASTI&district_code=3153&block_name=DUBAULIYA&block_code=3153014&panchayat_name=RAM%20NAGAR&panchayat_code=3153014020&fin_year=2025-2026&source=&work_code=3153014020/RC/958486255823749961&msr_no=4174&AttendanceDate=25/03/2026&Digest=uWDE3L+4D/rdEdR/iwAc4w",8
"BASTI","DUBAULIYA","PURE OARI RAI","3153014023/RC/958486255823749307","4142","https://mnregaweb4.nic.in/nregaarch/View_NMMS_atten_date_dtl_rpt.aspx?page=&short_name=UP&state_name=UTTAR%20PRADESH&state_code=31&district_name=BASTI&district_code=3153&block_name=DUBAULIYA&block_code=3153014&panchayat_name=PURE%20OARI%20RAI&panchayat_code=3153014023&fin_year=2025-2026&source=&work_code=3153014023/RC/958486255823749307&msr_no=4142&AttendanceDate=25/03/2026&Digest=9gQOPPrcdUv56IUhiUtl+g",5
"BASTI","DUBAULIYA","SARWANPUR PANDEY","3153014024/RC/958486255823711285","4366","https://mnregaweb4.nic.in/nregaarch/View_NMMS_atten_date_dtl_rpt.aspx?page=&short_name=UP&state_name=UTTAR%20PRADESH&state_code=31&district_name=BASTI&district_code=3153&block_name=DUBAULIYA&block_code=3153014&panchayat_name=SARWANPUR%20PANDEY&panchayat_code=3153014024&fin_year=2025-2026&source=&work_code=3153014024/RC/958486255823711285&msr_no=4366&AttendanceDate=25/03/2026&Digest=iF1kV0xgx5q4G/C5e4MlwA",8
"BASTI","DUBAULIYA","LAXMANPUR","3153014030/LD/958486255824889814","4109","https://mnregaweb4.nic.in/nregaarch/View_NMMS_atten_date_dtl_rpt.aspx?page=&short_name=UP&state_name=UTTAR%20PRADESH&state_code=31&district_name=BASTI&district_code=3153&block_name=DUBAULIYA&block_code=3153014&panchayat_name=LAXMANPUR&panchayat_code=3153014030&fin_year=2025-2026&source=&work_code=3153014030/LD/958486255824889814&msr_no=4109&AttendanceDate=25/03/2026&Digest=iWfJro86Yc9y8lt0ivUJyg",7
"BASTI","DUBAULIYA","SARIYA ATIBAL","3153014031/RC/958486255823749920","4151","https://mnregaweb4.nic.in/nregaarch/View_NMMS_atten_date_dtl_rpt.aspx?page=&short_name=UP&state_name=UTTAR%20PRADESH&state_code=31&district_name=BASTI&district_code=3153&block_name=DUBAULIYA&block_code=3153014&panchayat_name=SARIYA%20ATIBAL&panchayat_code=3153014031&fin_year=2025-2026&source=&work_code=3153014031/RC/958486255823749920&msr_no=4151&AttendanceDate=25/03/2026&Digest=M/ksOWx6wSczjcKJk3SKrg",10
"BASTI","DUBAULIYA","KEVARI MUSTAHKAM","3153014040/RC/958486255823615820","4143","https://mnregaweb4.nic.in/nregaarch/View_NMMS_atten_date_dtl_rpt.aspx?page=&short_name=UP&state_name=UTTAR%20PRADESH&state_code=31&district_name=BASTI&district_code=3153&block_name=DUBAULIYA&block_code=3153014&panchayat_name=KEVARI%20MUSTAHKAM&panchayat_code=3153014040&fin_year=2025-2026&source=&work_code=3153014040/RC/958486255823615820&msr_no=4143&AttendanceDate=25/03/2026&Digest=c6Z/RSMMIajr2vABEIYl7w",5
"BASTI","DUBAULIYA","TIGHRA","3153014041/RC/958486255823750592","4287","https://mnregaweb4.nic.in/nregaarch/View_NMMS_atten_date_dtl_rpt.aspx?page=&short_name=UP&state_name=UTTAR%20PRADESH&state_code=31&district_name=BASTI&district_code=3153&block_name=DUBAULIYA&block_code=3153014&panchayat_name=TIGHRA&panchayat_code=3153014041&fin_year=2025-2026&source=&work_code=3153014041/RC/958486255823750592&msr_no=4287&AttendanceDate=25/03/2026&Digest=KqTKkCpNDm5R+aP/5BXe6w",10
"BASTI","DUBAULIYA","KHUSHALGANJ","3153014052/RC/958486255823748523","4132","https://mnregaweb4.nic.in/nregaarch/View_NMMS_atten_date_dtl_rpt.aspx?page=&short_name=UP&state_name=UTTAR%20PRADESH&state_code=31&district_name=BASTI&district_code=3153&block_name=DUBAULIYA&block_code=3153014&panchayat_name=KHUSHALGANJ&panchayat_code=3153014052&fin_year=2025-2026&source=&work_code=3153014052/RC/958486255823748523&msr_no=4132&AttendanceDate=25/03/2026&Digest=BgnINNja/fCSmeIh5f4odQ",5
"BASTI","DUBAULIYA","BARSAV","3153014055/WH/958486255823263333","4370","https://mnregaweb4.nic.in/nregaarch/View_NMMS_atten_date_dtl_rpt.aspx?page=&short_name=UP&state_name=UTTAR%20PRADESH&state_code=31&district_name=BASTI&district_code=3153&block_name=DUBAULIYA&block_code=3153014&panchayat_name=BARSAV&panchayat_code=3153014055&fin_year=2025-2026&source=&work_code=3153014055/WH/958486255823263333&msr_no=4370&AttendanceDate=25/03/2026&Digest=NmmDnSZLVltTNwqh76OxZQ",10
"BASTI","DUBAULIYA","BARSAV","3153014055/WH/958486255823263333","4373","https://mnregaweb4.nic.in/nregaarch/View_NMMS_atten_date_dtl_rpt.aspx?page=&short_name=UP&state_name=UTTAR%20PRADESH&state_code=31&district_name=BASTI&district_code=3153&block_name=DUBAULIYA&block_code=3153014&panchayat_name=BARSAV&panchayat_code=3153014055&fin_year=2025-2026&source=&work_code=3153014055/WH/958486255823263333&msr_no=4373&AttendanceDate=25/03/2026&Digest=rdxAqQTGRbykLO7wOWyuyA",7
"BASTI","GAUR","BADYA","3153002009/IC/958486255823728562","6355","https://mnregaweb4.nic.in/nregaarch/View_NMMS_atten_date_dtl_rpt.aspx?page=&short_name=UP&state_name=UTTAR%20PRADESH&state_code=31&district_name=BASTI&district_code=3153&block_name=GAUR&block_code=3153002&panchayat_name=BADYA&panchayat_code=3153002009&fin_year=2025-2026&source=&work_code=3153002009/IC/958486255823728562&msr_no=6355&AttendanceDate=25/03/2026&Digest=c3FgZWfTvWlDkrGiUuVfEA",9
"BASTI","GAUR","BABHANGAVA KHURD","3153002014/RC/958486255823739716","6449","https://mnregaweb4.nic.in/nregaarch/View_NMMS_atten_date_dtl_rpt.aspx?page=&short_name=UP&state_name=UTTAR%20PRADESH&state_code=31&district_name=BASTI&district_code=3153&block_name=GAUR&block_code=3153002&panchayat_name=BABHANGAVA%20KHURD&panchayat_code=3153002014&fin_year=2025-2026&source=&work_code=3153002014/RC/958486255823739716&msr_no=6449&AttendanceDate=25/03/2026&Digest=M6/XuUOLrqkojohfggSOpg",3
"BASTI","GAUR","BHARAVALIYA","3153002024/RC/958486255823705269","6329","https://mnregaweb4.nic.in/nregaarch/View_NMMS_atten_date_dtl_rpt.aspx?page=&short_name=UP&state_name=UTTAR%20PRADESH&state_code=31&district_name=BASTI&district_code=3153&block_name=GAUR&block_code=3153002&panchayat_name=BHARAVALIYA&panchayat_code=3153002024&fin_year=2025-2026&source=&work_code=3153002024/RC/958486255823705269&msr_no=6329&AttendanceDate=25/03/2026&Digest=a9AetGLBWVgl0G//fvKE+g",9
"BASTI","GAUR","CHAKCHAI","3153002029/RC/958486255823749445","6547","https://mnregaweb4.nic.in/nregaarch/View_NMMS_atten_date_dtl_rpt.aspx?page=&short_name=UP&state_name=UTTAR%20PRADESH&state_code=31&district_name=BASTI&district_code=3153&block_name=GAUR&block_code=3153002&panchayat_name=CHAKCHAI&panchayat_code=3153002029&fin_year=2025-2026&source=&work_code=3153002029/RC/958486255823749445&msr_no=6547&AttendanceDate=25/03/2026&Digest=QC8ITMPG3+2xFgus+aDSUg",5
"BASTI","GAUR","DEGRAHA","3153002035/WC/958486255824252593","6276","https://mnregaweb4.nic.in/nregaarch/View_NMMS_atten_date_dtl_rpt.aspx?page=&short_name=UP&state_name=UTTAR%20PRADESH&state_code=31&district_name=BASTI&district_code=3153&block_name=GAUR&block_code=3153002&panchayat_name=DEGRAHA&panchayat_code=3153002035&fin_year=2025-2026&source=&work_code=3153002035/WC/958486255824252593&msr_no=6276&AttendanceDate=25/03/2026&Digest=469q1VBX/mWMhKukZU3X3A",8
"BASTI","GAUR","DEGRAHA","3153002035/WC/958486255824252593","6279","https://mnregaweb4.nic.in/nregaarch/View_NMMS_atten_date_dtl_rpt.aspx?page=&short_name=UP&state_name=UTTAR%20PRADESH&state_code=31&district_name=BASTI&district_code=3153&block_name=GAUR&block_code=3153002&panchayat_name=DEGRAHA&panchayat_code=3153002035&fin_year=2025-2026&source=&work_code=3153002035/WC/958486255824252593&msr_no=6279&AttendanceDate=25/03/2026&Digest=RjyByWEhvAks6DCbKrq+aw",6
"BASTI","GAUR","DUHAWA","3153002038/RC/958486255823747057","6435","https://mnregaweb4.nic.in/nregaarch/View_NMMS_atten_date_dtl_rpt.aspx?page=&short_name=UP&state_name=UTTAR%20PRADESH&state_code=31&district_name=BASTI&district_code=3153&block_name=GAUR&block_code=3153002&panchayat_name=DUHAWA&panchayat_code=3153002038&fin_year=2025-2026&source=&work_code=3153002038/RC/958486255823747057&msr_no=6435&AttendanceDate=25/03/2026&Digest=GgIezA/i8xd+vnLq3i+hyA",5
"BASTI","GAUR","GONHA","3153002041/LD/958486255824899111","6466","https://mnregaweb4.nic.in/nregaarch/View_NMMS_atten_date_dtl_rpt.aspx?page=&short_name=UP&state_name=UTTAR%20PRADESH&state_code=31&district_name=BASTI&district_code=3153&block_name=GAUR&block_code=3153002&panchayat_name=GONHA&panchayat_code=3153002041&fin_year=2025-2026&source=&work_code=3153002041/LD/958486255824899111&msr_no=6466&AttendanceDate=25/03/2026&Digest=iqWIVFCngrh7kuuW5DLKGg",9
"BASTI","GAUR","HARDI","3153002043/WC/958486255824252613","6403","https://mnregaweb4.nic.in/nregaarch/View_NMMS_atten_date_dtl_rpt.aspx?page=&short_name=UP&state_name=UTTAR%20PRADESH&state_code=31&district_name=BASTI&district_code=3153&block_name=GAUR&block_code=3153002&panchayat_name=HARDI&panchayat_code=3153002043&fin_year=2025-2026&source=&work_code=3153002043/WC/958486255824252613&msr_no=6403&AttendanceDate=25/03/2026&Digest=oqcroyixc/Vw/Vu3A/d7Lg",10
"BASTI","GAUR","MAHUVADABR","3153002059/AV/958486255824185057","6256","https://mnregaweb4.nic.in/nregaarch/View_NMMS_atten_date_dtl_rpt.aspx?page=&short_name=UP&state_name=UTTAR%20PRADESH&state_code=31&district_name=BASTI&district_code=3153&block_name=GAUR&block_code=3153002&panchayat_name=MAHUVADABR&panchayat_code=3153002059&fin_year=2025-2026&source=&work_code=3153002059/AV/958486255824185057&msr_no=6256&AttendanceDate=25/03/2026&Digest=FKgnHcHClWSYPioOx2xtaQ",10
"BASTI","GAUR","MAJHAMAANPUR","3153002060/RC/958486255823730632","6410","https://mnregaweb4.nic.in/nregaarch/View_NMMS_atten_date_dtl_rpt.aspx?page=&short_name=UP&state_name=UTTAR%20PRADESH&state_code=31&district_name=BASTI&district_code=3153&block_name=GAUR&block_code=3153002&panchayat_name=MAJHAMAANPUR&panchayat_code=3153002060&fin_year=2025-2026&source=&work_code=3153002060/RC/958486255823730632&msr_no=6410&AttendanceDate=25/03/2026&Digest=MxzyLZn+VSAXSm599gM89w",6
"BASTI","GAUR","MAJHAUVA CHAUBEY","3153002061/IC/958486255823733391","6358","https://mnregaweb4.nic.in/nregaarch/View_NMMS_atten_date_dtl_rpt.aspx?page=&short_name=UP&state_name=UTTAR%20PRADESH&state_code=31&district_name=BASTI&district_code=3153&block_name=GAUR&block_code=3153002&panchayat_name=MAJHAUVA%20CHAUBEY&panchayat_code=3153002061&fin_year=2025-2026&source=&work_code=3153002061/IC/958486255823733391&msr_no=6358&AttendanceDate=25/03/2026&Digest=U8BKSEs/fKZeg9F+nPwp6w",6
"BASTI","GAUR","RAMAPUR","3153002078/RC/958486255823498773","6490","https://mnregaweb4.nic.in/nregaarch/View_NMMS_atten_date_dtl_rpt.aspx?page=&short_name=UP&state_name=UTTAR%20PRADESH&state_code=31&district_name=BASTI&district_code=3153&block_name=GAUR&block_code=3153002&panchayat_name=RAMAPUR&panchayat_code=3153002078&fin_year=2025-2026&source=&work_code=3153002078/RC/958486255823498773&msr_no=6490&AttendanceDate=25/03/2026&Digest=ASPy1DphT+fM4By/Ldbw/g",9
"BASTI","GAUR","SARNAGI.","3153002083/RC/958486255823738135","6589","https://mnregaweb4.nic.in/nregaarch/View_NMMS_atten_date_dtl_rpt.aspx?page=&short_name=UP&state_name=UTTAR%20PRADESH&state_code=31&district_name=BASTI&district_code=3153&block_name=GAUR&block_code=3153002&panchayat_name=SARNAGI.&panchayat_code=3153002083&fin_year=2025-2026&source=&work_code=3153002083/RC/958486255823738135&msr_no=6589&AttendanceDate=25/03/2026&Digest=KazfkPNE+6r75gJJDOE67g",6
"BASTI","GAUR","SHEMRA","3153002086/LD/958486255825004508","6384","https://mnregaweb4.nic.in/nregaarch/View_NMMS_atten_date_dtl_rpt.aspx?page=&short_name=UP&state_name=UTTAR%20PRADESH&state_code=31&district_name=BASTI&district_code=3153&block_name=GAUR&block_code=3153002&panchayat_name=SHEMRA&panchayat_code=3153002086&fin_year=2025-2026&source=&work_code=3153002086/LD/958486255825004508&msr_no=6384&AttendanceDate=25/03/2026&Digest=GWXchvfy5pCYLtAEU2J5uA",10
"BASTI","GAUR","SHEMRA","3153002086/LD/958486255825004508","6387","https://mnregaweb4.nic.in/nregaarch/View_NMMS_atten_date_dtl_rpt.aspx?page=&short_name=UP&state_name=UTTAR%20PRADESH&state_code=31&district_name=BASTI&district_code=3153&block_name=GAUR&block_code=3153002&panchayat_name=SHEMRA&panchayat_code=3153002086&fin_year=2025-2026&source=&work_code=3153002086/LD/958486255825004508&msr_no=6387&AttendanceDate=25/03/2026&Digest=NKLbIpls3+FqviRvrJKZXg",10
"BASTI","GAUR","SUMAHI","3153002089/LD/YD/958486255825010405","6284","https://mnregaweb4.nic.in/nregaarch/View_NMMS_atten_date_dtl_rpt.aspx?page=&short_name=UP&state_name=UTTAR%20PRADESH&state_code=31&district_name=BASTI&district_code=3153&block_name=GAUR&block_code=3153002&panchayat_name=SUMAHI&panchayat_code=3153002089&fin_year=2025-2026&source=&work_code=3153002089/LD/YD/958486255825010405&msr_no=6284&AttendanceDate=25/03/2026&Digest=VYII0coBshwRoHa/gN4IMg",10
"BASTI","BASTI","BELHARA","3153010013/RC/958486255823644833","4399","https://mnregaweb4.nic.in/nregaarch/View_NMMS_atten_date_dtl_rpt.aspx?page=&short_name=UP&state_name=UTTAR%20PRADESH&state_code=31&district_name=BASTI&district_code=3153&block_name=BASTI&block_code=3153010&panchayat_name=BELHARA&panchayat_code=3153010013&fin_year=2025-2026&source=&work_code=3153010013/RC/958486255823644833&msr_no=4399&AttendanceDate=25/03/2026&Digest=frM87liLmKPiaQyJRkHTBg",7
"BASTI","BASTI","CHILWNIYA","3153010025/AV/958486255824144915","4403","https://mnregaweb4.nic.in/nregaarch/View_NMMS_atten_date_dtl_rpt.aspx?page=&short_name=UP&state_name=UTTAR%20PRADESH&state_code=31&district_name=BASTI&district_code=3153&block_name=BASTI&block_code=3153010&panchayat_name=CHILWNIYA&panchayat_code=3153010025&fin_year=2025-2026&source=&work_code=3153010025/AV/958486255824144915&msr_no=4403&AttendanceDate=25/03/2026&Digest=hWAh/oUIb9AynvicfIjbrw",6
"BASTI","BASTI","MAHSO","3153010057/WH/958486255824012356","4368","https://mnregaweb4.nic.in/nregaarch/View_NMMS_atten_date_dtl_rpt.aspx?page=&short_name=UP&state_name=UTTAR%20PRADESH&state_code=31&district_name=BASTI&district_code=3153&block_name=BASTI&block_code=3153010&panchayat_name=MAHSO&panchayat_code=3153010057&fin_year=2025-2026&source=&work_code=3153010057/WH/958486255824012356&msr_no=4368&AttendanceDate=25/03/2026&Digest=F4G+XK36VoCexmS6Wg0ZBA",3
"BASTI","DUBAULIYA","ASHOK PUR","3153014003/AV/958486255824174592","4342","https://mnregaweb4.nic.in/nregaarch/View_NMMS_atten_date_dtl_rpt.aspx?page=&short_name=UP&state_name=UTTAR%20PRADESH&state_code=31&district_name=BASTI&district_code=3153&block_name=DUBAULIYA&block_code=3153014&panchayat_name=ASHOK%20PUR&panchayat_code=3153014003&fin_year=2025-2026&source=&work_code=3153014003/AV/958486255824174592&msr_no=4342&AttendanceDate=25/03/2026&Digest=EtRA+Vz9mUxQoiMHvP2tXQ",4
"BASTI","DUBAULIYA","PAKRI CHAUHAAN","3153014006/AV/958486255824187517","4308","https://mnregaweb4.nic.in/nregaarch/View_NMMS_atten_date_dtl_rpt.aspx?page=&short_name=UP&state_name=UTTAR%20PRADESH&state_code=31&district_name=BASTI&district_code=3153&block_name=DUBAULIYA&block_code=3153014&panchayat_name=PAKRI%20CHAUHAAN&panchayat_code=3153014006&fin_year=2025-2026&source=&work_code=3153014006/AV/958486255824187517&msr_no=4308&AttendanceDate=25/03/2026&Digest=2PJ7sI2PiSvFaMmi8Ay9Xw",9
"BASTI","DUBAULIYA","HENGAPUR","3153014012/RC/958486255823752058","4327","https://mnregaweb4.nic.in/nregaarch/View_NMMS_atten_date_dtl_rpt.aspx?page=&short_name=UP&state_name=UTTAR%20PRADESH&state_code=31&district_name=BASTI&district_code=3153&block_name=DUBAULIYA&block_code=3153014&panchayat_name=HENGAPUR&panchayat_code=3153014012&fin_year=2025-2026&source=&work_code=3153014012/RC/958486255823752058&msr_no=4327&AttendanceDate=25/03/2026&Digest=oSd4kVhqo5+9qkgL9az4Fw",10
"BASTI","DUBAULIYA","GULAWARI","3153014014/RC/958486255823749921","4277","https://mnregaweb4.nic.in/nregaarch/View_NMMS_atten_date_dtl_rpt.aspx?page=&short_name=UP&state_name=UTTAR%20PRADESH&state_code=31&district_name=BASTI&district_code=3153&block_name=DUBAULIYA&block_code=3153014&panchayat_name=GULAWARI&panchayat_code=3153014014&fin_year=2025-2026&source=&work_code=3153014014/RC/958486255823749921&msr_no=4277&AttendanceDate=25/03/2026&Digest=kOp2//c1R/vBhQTaj9cjFQ",10
"BASTI","DUBAULIYA","BAIRAGAL","3153014027/RC/958486255823703417","4228","https://mnregaweb4.nic.in/nregaarch/View_NMMS_atten_date_dtl_rpt.aspx?page=&short_name=UP&state_name=UTTAR%20PRADESH&state_code=31&district_name=BASTI&district_code=3153&block_name=DUBAULIYA&block_code=3153014&panchayat_name=BAIRAGAL&panchayat_code=3153014027&fin_year=2025-2026&source=&work_code=3153014027/RC/958486255823703417&msr_no=4228&AttendanceDate=25/03/2026&Digest=Sp/of+cRF1r/DIdsfMeNSg",4
"BASTI","DUBAULIYA","DUBAULIYA","3153014029/RC/958486255823737184","4117","https://mnregaweb4.nic.in/nregaarch/View_NMMS_atten_date_dtl_rpt.aspx?page=&short_name=UP&state_name=UTTAR%20PRADESH&state_code=31&district_name=BASTI&district_code=3153&block_name=DUBAULIYA&block_code=3153014&panchayat_name=DUBAULIYA&panchayat_code=3153014029&fin_year=2025-2026&source=&work_code=3153014029/RC/958486255823737184&msr_no=4117&AttendanceDate=25/03/2026&Digest=4seQBU5NWya94eZWenaE1w",8
"BASTI","DUBAULIYA","SARIYA ATIBAL","3153014031/LD/958486255824953898","4138","https://mnregaweb4.nic.in/nregaarch/View_NMMS_atten_date_dtl_rpt.aspx?page=&short_name=UP&state_name=UTTAR%20PRADESH&state_code=31&district_name=BASTI&district_code=3153&block_name=DUBAULIYA&block_code=3153014&panchayat_name=SARIYA%20ATIBAL&panchayat_code=3153014031&fin_year=2025-2026&source=&work_code=3153014031/LD/958486255824953898&msr_no=4138&AttendanceDate=25/03/2026&Digest=zUkg6zkPDnmlyMpEP9QZHw",10
"BASTI","DUBAULIYA","BHAKRAHI","3153014035/RC/958486255823750364","4236","https://mnregaweb4.nic.in/nregaarch/View_NMMS_atten_date_dtl_rpt.aspx?page=&short_name=UP&state_name=UTTAR%20PRADESH&state_code=31&district_name=BASTI&district_code=3153&block_name=DUBAULIYA&block_code=3153014&panchayat_name=BHAKRAHI&panchayat_code=3153014035&fin_year=2025-2026&source=&work_code=3153014035/RC/958486255823750364&msr_no=4236&AttendanceDate=25/03/2026&Digest=OOcd8ZKjRc4+JYO4zc8mYw",7
"BASTI","DUBAULIYA","BHAKRAHI","3153014035/RC/958486255823751006","4239","https://mnregaweb4.nic.in/nregaarch/View_NMMS_atten_date_dtl_rpt.aspx?page=&short_name=UP&state_name=UTTAR%20PRADESH&state_code=31&district_name=BASTI&district_code=3153&block_name=DUBAULIYA&block_code=3153014&panchayat_name=BHAKRAHI&panchayat_code=3153014035&fin_year=2025-2026&source=&work_code=3153014035/RC/958486255823751006&msr_no=4239&AttendanceDate=25/03/2026&Digest=a7cCr7R+PWmMy6vYSuneGQ",9
"BASTI","DUBAULIYA","RANIPURLAD","3153014036/RC/958486255823751700","4356","https://mnregaweb4.nic.in/nregaarch/View_NMMS_atten_date_dtl_rpt.aspx?page=&short_name=UP&state_name=UTTAR%20PRADESH&state_code=31&district_name=BASTI&district_code=3153&block_name=DUBAULIYA&block_code=3153014&panchayat_name=RANIPURLAD&panchayat_code=3153014036&fin_year=2025-2026&source=&work_code=3153014036/RC/958486255823751700&msr_no=4356&AttendanceDate=25/03/2026&Digest=Lfr6y3OmRA7H+8e+WqPItg",5
"BASTI","DUBAULIYA","KEVARI MUSTAHKAM","3153014040/RC/958486255823615820","4105","https://mnregaweb4.nic.in/nregaarch/View_NMMS_atten_date_dtl_rpt.aspx?page=&short_name=UP&state_name=UTTAR%20PRADESH&state_code=31&district_name=BASTI&district_code=3153&block_name=DUBAULIYA&block_code=3153014&panchayat_name=KEVARI%20MUSTAHKAM&panchayat_code=3153014040&fin_year=2025-2026&source=&work_code=3153014040/RC/958486255823615820&msr_no=4105&AttendanceDate=25/03/2026&Digest=JVpUQMMqCCWkWzi8LUaGcQ",6
"BASTI","DUBAULIYA","SARAIYA BAKSI","3153014046/RC/958486255823647641","4194","https://mnregaweb4.nic.in/nregaarch/View_NMMS_atten_date_dtl_rpt.aspx?page=&short_name=UP&state_name=UTTAR%20PRADESH&state_code=31&district_name=BASTI&district_code=3153&block_name=DUBAULIYA&block_code=3153014&panchayat_name=SARAIYA%20BAKSI&panchayat_code=3153014046&fin_year=2025-2026&source=&work_code=3153014046/RC/958486255823647641&msr_no=4194&AttendanceDate=25/03/2026&Digest=VrBuo0dqPSKzQ/SkoKG8VQ",8
"BASTI","DUBAULIYA","SARAIYA BAKSI","3153014046/RC/958486255823727877","4198","https://mnregaweb4.nic.in/nregaarch/View_NMMS_atten_date_dtl_rpt.aspx?page=&short_name=UP&state_name=UTTAR%20PRADESH&state_code=31&district_name=BASTI&district_code=3153&block_name=DUBAULIYA&block_code=3153014&panchayat_name=SARAIYA%20BAKSI&panchayat_code=3153014046&fin_year=2025-2026&source=&work_code=3153014046/RC/958486255823727877&msr_no=4198&AttendanceDate=25/03/2026&Digest=aYwaG9dJdrZK2CtMKpxb9A",9
"BASTI","DUBAULIYA","SARAIYA BAKSI","3153014046/RC/958486255823727878","4202","https://mnregaweb4.nic.in/nregaarch/View_NMMS_atten_date_dtl_rpt.aspx?page=&short_name=UP&state_name=UTTAR%20PRADESH&state_code=31&district_name=BASTI&district_code=3153&block_name=DUBAULIYA&block_code=3153014&panchayat_name=SARAIYA%20BAKSI&panchayat_code=3153014046&fin_year=2025-2026&source=&work_code=3153014046/RC/958486255823727878&msr_no=4202&AttendanceDate=25/03/2026&Digest=12vRMtph6m6nu414AicZ7A",8
"BASTI","DUBAULIYA","BARSAV","3153014055/RC/958486255823751326","4319","https://mnregaweb4.nic.in/nregaarch/View_NMMS_atten_date_dtl_rpt.aspx?page=&short_name=UP&state_name=UTTAR%20PRADESH&state_code=31&district_name=BASTI&district_code=3153&block_name=DUBAULIYA&block_code=3153014&panchayat_name=BARSAV&panchayat_code=3153014055&fin_year=2025-2026&source=&work_code=3153014055/RC/958486255823751326&msr_no=4319&AttendanceDate=25/03/2026&Digest=T5yoOYvcLncKi+7ElOiqyA",2
"BASTI","DUBAULIYA","BARSAV","3153014055/WH/958486255823263333","4369","https://mnregaweb4.nic.in/nregaarch/View_NMMS_atten_date_dtl_rpt.aspx?page=&short_name=UP&state_name=UTTAR%20PRADESH&state_code=31&district_name=BASTI&district_code=3153&block_name=DUBAULIYA&block_code=3153014&panchayat_name=BARSAV&panchayat_code=3153014055&fin_year=2025-2026&source=&work_code=3153014055/WH/958486255823263333&msr_no=4369&AttendanceDate=25/03/2026&Digest=7OLP31WKaYCXiindSlFTNg",10
"BASTI","DUBAULIYA","BARSAV","3153014055/WH/958486255823263333","4372","https://mnregaweb4.nic.in/nregaarch/View_NMMS_atten_date_dtl_rpt.aspx?page=&short_name=UP&state_name=UTTAR%20PRADESH&state_code=31&district_name=BASTI&district_code=3153&block_name=DUBAULIYA&block_code=3153014&panchayat_name=BARSAV&panchayat_code=3153014055&fin_year=2025-2026&source=&work_code=3153014055/WH/958486255823263333&msr_no=4372&AttendanceDate=25/03/2026&Digest=oxDfJcSlSMq+IJ4xzpnkyQ",10
"BASTI","GAUR","AIALAKLA","3153002003/RC/958486255823748284","6535","https://mnregaweb4.nic.in/nregaarch/View_NMMS_atten_date_dtl_rpt.aspx?page=&short_name=UP&state_name=UTTAR%20PRADESH&state_code=31&district_name=BASTI&district_code=3153&block_name=GAUR&block_code=3153002&panchayat_name=AIALAKLA&panchayat_code=3153002003&fin_year=2025-2026&source=&work_code=3153002003/RC/958486255823748284&msr_no=6535&AttendanceDate=25/03/2026&Digest=0mwkIgmy//0BJwM5n3BnHQ",6
"BASTI","GAUR","BADHANI","3153002008/RC/958486255823745355","6431","https://mnregaweb4.nic.in/nregaarch/View_NMMS_atten_date_dtl_rpt.aspx?page=&short_name=UP&state_name=UTTAR%20PRADESH&state_code=31&district_name=BASTI&district_code=3153&block_name=GAUR&block_code=3153002&panchayat_name=BADHANI&panchayat_code=3153002008&fin_year=2025-2026&source=&work_code=3153002008/RC/958486255823745355&msr_no=6431&AttendanceDate=25/03/2026&Digest=mnx/xKwPmsdbBjiKvqvtCg",4
"BASTI","GAUR","BALUA CHAUBE","3153002013/RC/958486255823733175","6360","https://mnregaweb4.nic.in/nregaarch/View_NMMS_atten_date_dtl_rpt.aspx?page=&short_name=UP&state_name=UTTAR%20PRADESH&state_code=31&district_name=BASTI&district_code=3153&block_name=GAUR&block_code=3153002&panchayat_name=BALUA%20CHAUBE&panchayat_code=3153002013&fin_year=2025-2026&source=&work_code=3153002013/RC/958486255823733175&msr_no=6360&AttendanceDate=25/03/2026&Digest=KiEIAqmEXVZ3OQn2Bup8Yw",3
"BASTI","GAUR","BABHANGAVA KHURD","3153002014/AV/958486255824173084","6347","https://mnregaweb4.nic.in/nregaarch/View_NMMS_atten_date_dtl_rpt.aspx?page=&short_name=UP&state_name=UTTAR%20PRADESH&state_code=31&district_name=BASTI&district_code=3153&block_name=GAUR&block_code=3153002&panchayat_name=BABHANGAVA%20KHURD&panchayat_code=3153002014&fin_year=2025-2026&source=&work_code=3153002014/AV/958486255824173084&msr_no=6347&AttendanceDate=25/03/2026&Digest=8jul3AiccCI+os6MkGXd5w",8
"BASTI","GAUR","BABHANGAVA KHURD","3153002014/RC/958486255823655895","6587","https://mnregaweb4.nic.in/nregaarch/View_NMMS_atten_date_dtl_rpt.aspx?page=&short_name=UP&state_name=UTTAR%20PRADESH&state_code=31&district_name=BASTI&district_code=3153&block_name=GAUR&block_code=3153002&panchayat_name=BABHANGAVA%20KHURD&panchayat_code=3153002014&fin_year=2025-2026&source=&work_code=3153002014/RC/958486255823655895&msr_no=6587&AttendanceDate=25/03/2026&Digest=Pzwm8sQ5EgHErjPSET2c8w",5
"BASTI","GAUR","BAWAR PARA","3153002017/AV/958486255824164250","6506","https://mnregaweb4.nic.in/nregaarch/View_NMMS_atten_date_dtl_rpt.aspx?page=&short_name=UP&state_name=UTTAR%20PRADESH&state_code=31&district_name=BASTI&district_code=3153&block_name=GAUR&block_code=3153002&panchayat_name=BAWAR%20PARA&panchayat_code=3153002017&fin_year=2025-2026&source=&work_code=3153002017/AV/958486255824164250&msr_no=6506&AttendanceDate=25/03/2026&Digest=QpD0GOJk3sNlC5HEXDEolA",9
"BASTI","GAUR","DEGRAHA","3153002035/WC/958486255824252593","6275","https://mnregaweb4.nic.in/nregaarch/View_NMMS_atten_date_dtl_rpt.aspx?page=&short_name=UP&state_name=UTTAR%20PRADESH&state_code=31&district_name=BASTI&district_code=3153&block_name=GAUR&block_code=3153002&panchayat_name=DEGRAHA&panchayat_code=3153002035&fin_year=2025-2026&source=&work_code=3153002035/WC/958486255824252593&msr_no=6275&AttendanceDate=25/03/2026&Digest=I/YyfJHIuQJUKo6hrZLm2Q",6
"BASTI","GAUR","DUHAWA","3153002038/LD/958486255824947013","6326","https://mnregaweb4.nic.in/nregaarch/View_NMMS_atten_date_dtl_rpt.aspx?page=&short_name=UP&state_name=UTTAR%20PRADESH&state_code=31&district_name=BASTI&district_code=3153&block_name=GAUR&block_code=3153002&panchayat_name=DUHAWA&panchayat_code=3153002038&fin_year=2025-2026&source=&work_code=3153002038/LD/958486255824947013&msr_no=6326&AttendanceDate=25/03/2026&Digest=SB6Qzrfw6C1Jw7HzJ4DwyA",10
"BASTI","GAUR","DUHAWA","3153002038/RC/958486255823747057","6434","https://mnregaweb4.nic.in/nregaarch/View_NMMS_atten_date_dtl_rpt.aspx?page=&short_name=UP&state_name=UTTAR%20PRADESH&state_code=31&district_name=BASTI&district_code=3153&block_name=GAUR&block_code=3153002&panchayat_name=DUHAWA&panchayat_code=3153002038&fin_year=2025-2026&source=&work_code=3153002038/RC/958486255823747057&msr_no=6434&AttendanceDate=25/03/2026&Digest=5N/AVjMlSrvO4phirqQWqA",10
"BASTI","GAUR","GONHA","3153002041/LD/958486255824899111","6465","https://mnregaweb4.nic.in/nregaarch/View_NMMS_atten_date_dtl_rpt.aspx?page=&short_name=UP&state_name=UTTAR%20PRADESH&state_code=31&district_name=BASTI&district_code=3153&block_name=GAUR&block_code=3153002&panchayat_name=GONHA&panchayat_code=3153002041&fin_year=2025-2026&source=&work_code=3153002041/LD/958486255824899111&msr_no=6465&AttendanceDate=25/03/2026&Digest=01fvruS0/s0lIO7oBiCw7A",9
"BASTI","GAUR","MAJHAMAANPUR","3153002060/RC/958486255823730636","6414","https://mnregaweb4.nic.in/nregaarch/View_NMMS_atten_date_dtl_rpt.aspx?page=&short_name=UP&state_name=UTTAR%20PRADESH&state_code=31&district_name=BASTI&district_code=3153&block_name=GAUR&block_code=3153002&panchayat_name=MAJHAMAANPUR&panchayat_code=3153002060&fin_year=2025-2026&source=&work_code=3153002060/RC/958486255823730636&msr_no=6414&AttendanceDate=25/03/2026&Digest=+CwtI/gxNI9ECb78UfRasQ",5
"BASTI","GAUR","MAJHAMAANPUR","3153002060/RC/958486255823730641","6418","https://mnregaweb4.nic.in/nregaarch/View_NMMS_atten_date_dtl_rpt.aspx?page=&short_name=UP&state_name=UTTAR%20PRADESH&state_code=31&district_name=BASTI&district_code=3153&block_name=GAUR&block_code=3153002&panchayat_name=MAJHAMAANPUR&panchayat_code=3153002060&fin_year=2025-2026&source=&work_code=3153002060/RC/958486255823730641&msr_no=6418&AttendanceDate=25/03/2026&Digest=QxpF1w95B94TCWMaIUPHXw",7
"BASTI","GAUR","MAJHAMAANPUR","3153002060/RC/958486255823750581","6424","https://mnregaweb4.nic.in/nregaarch/View_NMMS_atten_date_dtl_rpt.aspx?page=&short_name=UP&state_name=UTTAR%20PRADESH&state_code=31&district_name=BASTI&district_code=3153&block_name=GAUR&block_code=3153002&panchayat_name=MAJHAMAANPUR&panchayat_code=3153002060&fin_year=2025-2026&source=&work_code=3153002060/RC/958486255823750581&msr_no=6424&AttendanceDate=25/03/2026&Digest=ErmKauhMaol4lyAFZ08maQ",8
"BASTI","GAUR","MAJHAUVA CHAUBEY","3153002061/RC/958486255823713134","6608","https://mnregaweb4.nic.in/nregaarch/View_NMMS_atten_date_dtl_rpt.aspx?page=&short_name=UP&state_name=UTTAR%20PRADESH&state_code=31&district_name=BASTI&district_code=3153&block_name=GAUR&block_code=3153002&panchayat_name=MAJHAUVA%20CHAUBEY&panchayat_code=3153002061&fin_year=2025-2026&source=&work_code=3153002061/RC/958486255823713134&msr_no=6608&AttendanceDate=25/03/2026&Digest=Q+dU9KXSkF8DYz5AFarZTQ",6
"BASTI","GAUR","MAJHAUVA CHAUBEY","3153002061/WC/958486255824213629","6523","https://mnregaweb4.nic.in/nregaarch/View_NMMS_atten_date_dtl_rpt.aspx?page=&short_name=UP&state_name=UTTAR%20PRADESH&state_code=31&district_name=BASTI&district_code=3153&block_name=GAUR&block_code=3153002&panchayat_name=MAJHAUVA%20CHAUBEY&panchayat_code=3153002061&fin_year=2025-2026&source=&work_code=3153002061/WC/958486255824213629&msr_no=6523&AttendanceDate=25/03/2026&Digest=2hI4H5dNYtcYGZcF2P6SBA",6
"BASTI","GAUR","PATILA","3153002075/RC/958486255823742923","6586","https://mnregaweb4.nic.in/nregaarch/View_NMMS_atten_date_dtl_rpt.aspx?page=&short_name=UP&state_name=UTTAR%20PRADESH&state_code=31&district_name=BASTI&district_code=3153&block_name=GAUR&block_code=3153002&panchayat_name=PATILA&panchayat_code=3153002075&fin_year=2025-2026&source=&work_code=3153002075/RC/958486255823742923&msr_no=6586&AttendanceDate=25/03/2026&Digest=3TWA1ig3Rl7eixu0nHMW8A",3
"BASTI","GAUR","RAMVA PUR","3153002079/RC/958486255823749326","6616","https://mnregaweb4.nic.in/nregaarch/View_NMMS_atten_date_dtl_rpt.aspx?page=&short_name=UP&state_name=UTTAR%20PRADESH&state_code=31&district_name=BASTI&district_code=3153&block_name=GAUR&block_code=3153002&panchayat_name=RAMVA%20PUR&panchayat_code=3153002079&fin_year=2025-2026&source=&work_code=3153002079/RC/958486255823749326&msr_no=6616&AttendanceDate=25/03/2026&Digest=ZkFXOdEtyarKtQrPTDn9yA",2
"BASTI","GAUR","RAMVA PUR","3153002079/RC/958486255823749345","6470","https://mnregaweb4.nic.in/nregaarch/View_NMMS_atten_date_dtl_rpt.aspx?page=&short_name=UP&state_name=UTTAR%20PRADESH&state_code=31&district_name=BASTI&district_code=3153&block_name=GAUR&block_code=3153002&panchayat_name=RAMVA%20PUR&panchayat_code=3153002079&fin_year=2025-2026&source=&work_code=3153002079/RC/958486255823749345&msr_no=6470&AttendanceDate=25/03/2026&Digest=9jgMPYsBmD6c65GsCy3MTg",10
"BASTI","GAUR","SARNAGI.","3153002083/RC/958486255823738135","6588","https://mnregaweb4.nic.in/nregaarch/View_NMMS_atten_date_dtl_rpt.aspx?page=&short_name=UP&state_name=UTTAR%20PRADESH&state_code=31&district_name=BASTI&district_code=3153&block_name=GAUR&block_code=3153002&panchayat_name=SARNAGI.&panchayat_code=3153002083&fin_year=2025-2026&source=&work_code=3153002083/RC/958486255823738135&msr_no=6588&AttendanceDate=25/03/2026&Digest=ez7rsevCpH6EPds2dIdwRQ",7
"BASTI","GAUR","SUMAHI","3153002089/LD/YD/958486255825010405","6286","https://mnregaweb4.nic.in/nregaarch/View_NMMS_atten_date_dtl_rpt.aspx?page=&short_name=UP&state_name=UTTAR%20PRADESH&state_code=31&district_name=BASTI&district_code=3153&block_name=GAUR&block_code=3153002&panchayat_name=SUMAHI&panchayat_code=3153002089&fin_year=2025-2026&source=&work_code=3153002089/LD/YD/958486255825010405&msr_no=6286&AttendanceDate=25/03/2026&Digest=mtKYNpFP1GYqWZKwJu8QWA",3
"BASTI","GAUR","TENUI CHET SINGH","3153002092/IC/958486255823745285","6342","https://mnregaweb4.nic.in/nregaarch/View_NMMS_atten_date_dtl_rpt.aspx?page=&short_name=UP&state_name=UTTAR%20PRADESH&state_code=31&district_name=BASTI&district_code=3153&block_name=GAUR&block_code=3153002&panchayat_name=TENUI%20CHET%20SINGH&panchayat_code=3153002092&fin_year=2025-2026&source=&work_code=3153002092/IC/958486255823745285&msr_no=6342&AttendanceDate=25/03/2026&Digest=Eb2XkVUo+X15DhV6EMf1Rw",9
"BASTI","BANKATI","MAHTHA","3153011096/RC/958486255823749754","9542","https://mnregaweb4.nic.in/nregaarch/View_NMMS_atten_date_dtl_rpt.aspx?page=&short_name=UP&state_name=UTTAR%20PRADESH&state_code=31&district_name=BASTI&district_code=3153&block_name=BANKATI&block_code=3153011&panchayat_name=MAHTHA&panchayat_code=3153011096&fin_year=2025-2026&source=&work_code=3153011096/RC/958486255823749754&msr_no=9542&AttendanceDate=25/03/2026&Digest=cSuVx/tymXuduQUDQoFuew",9
"BASTI","BANKATI","MAHTHA","3153011096/RC/958486255823749757","9535","https://mnregaweb4.nic.in/nregaarch/View_NMMS_atten_date_dtl_rpt.aspx?page=&short_name=UP&state_name=UTTAR%20PRADESH&state_code=31&district_name=BASTI&district_code=3153&block_name=BANKATI&block_code=3153011&panchayat_name=MAHTHA&panchayat_code=3153011096&fin_year=2025-2026&source=&work_code=3153011096/RC/958486255823749757&msr_no=9535&AttendanceDate=25/03/2026&Digest=h30J7pCn9ilCCaD0NuicQg",10
"BASTI","BANKATI","PIPRA","3153011098/AV/958486255824177698","9747","https://mnregaweb4.nic.in/nregaarch/View_NMMS_atten_date_dtl_rpt.aspx?page=&short_name=UP&state_name=UTTAR%20PRADESH&state_code=31&district_name=BASTI&district_code=3153&block_name=BANKATI&block_code=3153011&panchayat_name=PIPRA&panchayat_code=3153011098&fin_year=2025-2026&source=&work_code=3153011098/AV/958486255824177698&msr_no=9747&AttendanceDate=25/03/2026&Digest=xrt2Ps0+CgKMUvzpFpyD9w",7
"BASTI","BANKATI","GULAURA","3153011112/RC/958486255823716059","9729","https://mnregaweb4.nic.in/nregaarch/View_NMMS_atten_date_dtl_rpt.aspx?page=&short_name=UP&state_name=UTTAR%20PRADESH&state_code=31&district_name=BASTI&district_code=3153&block_name=BANKATI&block_code=3153011&panchayat_name=GULAURA&panchayat_code=3153011112&fin_year=2025-2026&source=&work_code=3153011112/RC/958486255823716059&msr_no=9729&AttendanceDate=25/03/2026&Digest=HhWA0sgTe425nqYi4KZdAQ",10
"BASTI","BASTI","BHUWANI","3153010019/LD/958486255824991864","4370","https://mnregaweb4.nic.in/nregaarch/View_NMMS_atten_date_dtl_rpt.aspx?page=&short_name=UP&state_name=UTTAR%20PRADESH&state_code=31&district_name=BASTI&district_code=3153&block_name=BASTI&block_code=3153010&panchayat_name=BHUWANI&panchayat_code=3153010019&fin_year=2025-2026&source=&work_code=3153010019/LD/958486255824991864&msr_no=4370&AttendanceDate=25/03/2026&Digest=aAGVmDqgJabTQDpqpJID2g",6
"BASTI","BASTI","RAI PURA JUNGEL","3153010069/AV/958486255824176808","4390","https://mnregaweb4.nic.in/nregaarch/View_NMMS_atten_date_dtl_rpt.aspx?page=&short_name=UP&state_name=UTTAR%20PRADESH&state_code=31&district_name=BASTI&district_code=3153&block_name=BASTI&block_code=3153010&panchayat_name=RAI%20PURA%20JUNGEL&panchayat_code=3153010069&fin_year=2025-2026&source=&work_code=3153010069/AV/958486255824176808&msr_no=4390&AttendanceDate=25/03/2026&Digest=BlhRjGxnETJDUcZRbYSojw",2
"BASTI","DUBAULIYA","CHILMAPARSAN","3153014004/RC/958486255823661852","4333","https://mnregaweb4.nic.in/nregaarch/View_NMMS_atten_date_dtl_rpt.aspx?page=&short_name=UP&state_name=UTTAR%20PRADESH&state_code=31&district_name=BASTI&district_code=3153&block_name=DUBAULIYA&block_code=3153014&panchayat_name=CHILMAPARSAN&panchayat_code=3153014004&fin_year=2025-2026&source=&work_code=3153014004/RC/958486255823661852&msr_no=4333&AttendanceDate=25/03/2026&Digest=hcQSfxYeWA4ftd16ci1JEA",9
"BASTI","DUBAULIYA","CHAKOHI","3153014008/RC/958486255823699684","4359","https://mnregaweb4.nic.in/nregaarch/View_NMMS_atten_date_dtl_rpt.aspx?page=&short_name=UP&state_name=UTTAR%20PRADESH&state_code=31&district_name=BASTI&district_code=3153&block_name=DUBAULIYA&block_code=3153014&panchayat_name=CHAKOHI&panchayat_code=3153014008&fin_year=2025-2026&source=&work_code=3153014008/RC/958486255823699684&msr_no=4359&AttendanceDate=25/03/2026&Digest=aXOD23SAVHmDKy1uGWL49g",2
"BASTI","DUBAULIYA","HENGAPUR","3153014012/RC/958486255823752058","4328","https://mnregaweb4.nic.in/nregaarch/View_NMMS_atten_date_dtl_rpt.aspx?page=&short_name=UP&state_name=UTTAR%20PRADESH&state_code=31&district_name=BASTI&district_code=3153&block_name=DUBAULIYA&block_code=3153014&panchayat_name=HENGAPUR&panchayat_code=3153014012&fin_year=2025-2026&source=&work_code=3153014012/RC/958486255823752058&msr_no=4328&AttendanceDate=25/03/2026&Digest=39a5zCf/+Qs3KqimfTCruQ",10
"BASTI","DUBAULIYA","DEWRAGANGWAR","3153014015/LD/958486255825001480","4187","https://mnregaweb4.nic.in/nregaarch/View_NMMS_atten_date_dtl_rpt.aspx?page=&short_name=UP&state_name=UTTAR%20PRADESH&state_code=31&district_name=BASTI&district_code=3153&block_name=DUBAULIYA&block_code=3153014&panchayat_name=DEWRAGANGWAR&panchayat_code=3153014015&fin_year=2025-2026&source=&work_code=3153014015/LD/958486255825001480&msr_no=4187&AttendanceDate=25/03/2026&Digest=gnx7iupy/3rT30HuFsBc0w",10
"BASTI","DUBAULIYA","DEWRAGANGWAR","3153014015/LD/958486255825001487","4192","https://mnregaweb4.nic.in/nregaarch/View_NMMS_atten_date_dtl_rpt.aspx?page=&short_name=UP&state_name=UTTAR%20PRADESH&state_code=31&district_name=BASTI&district_code=3153&block_name=DUBAULIYA&block_code=3153014&panchayat_name=DEWRAGANGWAR&panchayat_code=3153014015&fin_year=2025-2026&source=&work_code=3153014015/LD/958486255825001487&msr_no=4192&AttendanceDate=25/03/2026&Digest=DW69igGiwMNrGO3cjtfsEw",3
"BASTI","DUBAULIYA","RAM NAGAR","3153014020/RC/958486255823749962","4186","https://mnregaweb4.nic.in/nregaarch/View_NMMS_atten_date_dtl_rpt.aspx?page=&short_name=UP&state_name=UTTAR%20PRADESH&state_code=31&district_name=BASTI&district_code=3153&block_name=DUBAULIYA&block_code=3153014&panchayat_name=RAM%20NAGAR&panchayat_code=3153014020&fin_year=2025-2026&source=&work_code=3153014020/RC/958486255823749962&msr_no=4186&AttendanceDate=25/03/2026&Digest=ZlZu3lLm0yFsuYb5P1LmeQ",2
"BASTI","DUBAULIYA","PAYAK PUR","3153014025/RC/958486255823750843","4307","https://mnregaweb4.nic.in/nregaarch/View_NMMS_atten_date_dtl_rpt.aspx?page=&short_name=UP&state_name=UTTAR%20PRADESH&state_code=31&district_name=BASTI&district_code=3153&block_name=DUBAULIYA&block_code=3153014&panchayat_name=PAYAK%20PUR&panchayat_code=3153014025&fin_year=2025-2026&source=&work_code=3153014025/RC/958486255823750843&msr_no=4307&AttendanceDate=25/03/2026&Digest=O4u+/cOgVyV4FCkkR1Knvw",1
"BASTI","DUBAULIYA","BHIURA","3153014026/RC/958486255823732619","4339","https://mnregaweb4.nic.in/nregaarch/View_NMMS_atten_date_dtl_rpt.aspx?page=&short_name=UP&state_name=UTTAR%20PRADESH&state_code=31&district_name=BASTI&district_code=3153&block_name=DUBAULIYA&block_code=3153014&panchayat_name=BHIURA&panchayat_code=3153014026&fin_year=2025-2026&source=&work_code=3153014026/RC/958486255823732619&msr_no=4339&AttendanceDate=25/03/2026&Digest=ohgImwF6owgAricydmPh1w",4
"BASTI","DUBAULIYA","DUBAULIYA","3153014029/RC/958486255823749639","4384","https://mnregaweb4.nic.in/nregaarch/View_NMMS_atten_date_dtl_rpt.aspx?page=&short_name=UP&state_name=UTTAR%20PRADESH&state_code=31&district_name=BASTI&district_code=3153&block_name=DUBAULIYA&block_code=3153014&panchayat_name=DUBAULIYA&panchayat_code=3153014029&fin_year=2025-2026&source=&work_code=3153014029/RC/958486255823749639&msr_no=4384&AttendanceDate=25/03/2026&Digest=y3O6fBCK6n2WvIlSJx1qvg",3
"BASTI","DUBAULIYA","SARIYA ATIBAL","3153014031/LD/958486255824953898","4137","https://mnregaweb4.nic.in/nregaarch/View_NMMS_atten_date_dtl_rpt.aspx?page=&short_name=UP&state_name=UTTAR%20PRADESH&state_code=31&district_name=BASTI&district_code=3153&block_name=DUBAULIYA&block_code=3153014&panchayat_name=SARIYA%20ATIBAL&panchayat_code=3153014031&fin_year=2025-2026&source=&work_code=3153014031/LD/958486255824953898&msr_no=4137&AttendanceDate=25/03/2026&Digest=hcgx31yfjGnzzb0GDzulWg",7
"BASTI","DUBAULIYA","BHAKRAHI","3153014035/RC/958486255823750364","4233","https://mnregaweb4.nic.in/nregaarch/View_NMMS_atten_date_dtl_rpt.aspx?page=&short_name=UP&state_name=UTTAR%20PRADESH&state_code=31&district_name=BASTI&district_code=3153&block_name=DUBAULIYA&block_code=3153014&panchayat_name=BHAKRAHI&panchayat_code=3153014035&fin_year=2025-2026&source=&work_code=3153014035/RC/958486255823750364&msr_no=4233&AttendanceDate=25/03/2026&Digest=xSNxdjZ6IhcAs0xpLv/Aqg",8
"BASTI","DUBAULIYA","BHAKRAHI","3153014035/RC/958486255823750365","4160","https://mnregaweb4.nic.in/nregaarch/View_NMMS_atten_date_dtl_rpt.aspx?page=&short_name=UP&state_name=UTTAR%20PRADESH&state_code=31&district_name=BASTI&district_code=3153&block_name=DUBAULIYA&block_code=3153014&panchayat_name=BHAKRAHI&panchayat_code=3153014035&fin_year=2025-2026&source=&work_code=3153014035/RC/958486255823750365&msr_no=4160&AttendanceDate=25/03/2026&Digest=eJEv2tlAeMT2CSFigMyKkA",9
"BASTI","DUBAULIYA","BHAKRAHI","3153014035/RC/958486255823751006","4237","https://mnregaweb4.nic.in/nregaarch/View_NMMS_atten_date_dtl_rpt.aspx?page=&short_name=UP&state_name=UTTAR%20PRADESH&state_code=31&district_name=BASTI&district_code=3153&block_name=DUBAULIYA&block_code=3153014&panchayat_name=BHAKRAHI&panchayat_code=3153014035&fin_year=2025-2026&source=&work_code=3153014035/RC/958486255823751006&msr_no=4237&AttendanceDate=25/03/2026&Digest=Tiazp0zd6+kI3aQOd27HZA",9
"BASTI","DUBAULIYA","BHAKRAHI","3153014035/RC/958486255823751006","4240","https://mnregaweb4.nic.in/nregaarch/View_NMMS_atten_date_dtl_rpt.aspx?page=&short_name=UP&state_name=UTTAR%20PRADESH&state_code=31&district_name=BASTI&district_code=3153&block_name=DUBAULIYA&block_code=3153014&panchayat_name=BHAKRAHI&panchayat_code=3153014035&fin_year=2025-2026&source=&work_code=3153014035/RC/958486255823751006&msr_no=4240&AttendanceDate=25/03/2026&Digest=86epnV1/SwyZw200PnOZPQ",9
"BASTI","DUBAULIYA","SHUKULPURA","3153014043/AV/958486255824178600","4120","https://mnregaweb4.nic.in/nregaarch/View_NMMS_atten_date_dtl_rpt.aspx?page=&short_name=UP&state_name=UTTAR%20PRADESH&state_code=31&district_name=BASTI&district_code=3153&block_name=DUBAULIYA&block_code=3153014&panchayat_name=SHUKULPURA&panchayat_code=3153014043&fin_year=2025-2026&source=&work_code=3153014043/AV/958486255824178600&msr_no=4120&AttendanceDate=25/03/2026&Digest=Itum2qKTkRaauYjACvC4eg",5
"BASTI","DUBAULIYA","SARAIYA BAKSI","3153014046/RC/958486255823647641","4196","https://mnregaweb4.nic.in/nregaarch/View_NMMS_atten_date_dtl_rpt.aspx?page=&short_name=UP&state_name=UTTAR%20PRADESH&state_code=31&district_name=BASTI&district_code=3153&block_name=DUBAULIYA&block_code=3153014&panchayat_name=SARAIYA%20BAKSI&panchayat_code=3153014046&fin_year=2025-2026&source=&work_code=3153014046/RC/958486255823647641&msr_no=4196&AttendanceDate=25/03/2026&Digest=0zgKSeq5FkxoXlRVtNVkHw",4
"BASTI","DUBAULIYA","SARAIYA BAKSI","3153014046/RC/958486255823727881","4205","https://mnregaweb4.nic.in/nregaarch/View_NMMS_atten_date_dtl_rpt.aspx?page=&short_name=UP&state_name=UTTAR%20PRADESH&state_code=31&district_name=BASTI&district_code=3153&block_name=DUBAULIYA&block_code=3153014&panchayat_name=SARAIYA%20BAKSI&panchayat_code=3153014046&fin_year=2025-2026&source=&work_code=3153014046/RC/958486255823727881&msr_no=4205&AttendanceDate=25/03/2026&Digest=cBhqZyDZxVJSgw1eeun5kw",3
"BASTI","DUBAULIYA","BARSAV","3153014055/RC/958486255823751326","4270","https://mnregaweb4.nic.in/nregaarch/View_NMMS_atten_date_dtl_rpt.aspx?page=&short_name=UP&state_name=UTTAR%20PRADESH&state_code=31&district_name=BASTI&district_code=3153&block_name=DUBAULIYA&block_code=3153014&panchayat_name=BARSAV&panchayat_code=3153014055&fin_year=2025-2026&source=&work_code=3153014055/RC/958486255823751326&msr_no=4270&AttendanceDate=25/03/2026&Digest=c7YCDck7AwfBjYsQ8Vf1Ow",9
"BASTI","DUBAULIYA","MISHRAULIYA","3153014059/AV/958486255824182606","4362","https://mnregaweb4.nic.in/nregaarch/View_NMMS_atten_date_dtl_rpt.aspx?page=&short_name=UP&state_name=UTTAR%20PRADESH&state_code=31&district_name=BASTI&district_code=3153&block_name=DUBAULIYA&block_code=3153014&panchayat_name=MISHRAULIYA&panchayat_code=3153014059&fin_year=2025-2026&source=&work_code=3153014059/AV/958486255824182606&msr_no=4362&AttendanceDate=25/03/2026&Digest=XH5V3UE7ahJiBf65g61Vkw",10
"BASTI","GAUR","BADYA","3153002009/IC/958486255823728560","6241","https://mnregaweb4.nic.in/nregaarch/View_NMMS_atten_date_dtl_rpt.aspx?page=&short_name=UP&state_name=UTTAR%20PRADESH&state_code=31&district_name=BASTI&district_code=3153&block_name=GAUR&block_code=3153002&panchayat_name=BADYA&panchayat_code=3153002009&fin_year=2025-2026&source=&work_code=3153002009/IC/958486255823728560&msr_no=6241&AttendanceDate=25/03/2026&Digest=sjeKqHJMo3vpcRgvKScIsw",5
"BASTI","GAUR","BAWAR PARA","3153002017/AV/958486255824164250","6507","https://mnregaweb4.nic.in/nregaarch/View_NMMS_atten_date_dtl_rpt.aspx?page=&short_name=UP&state_name=UTTAR%20PRADESH&state_code=31&district_name=BASTI&district_code=3153&block_name=GAUR&block_code=3153002&panchayat_name=BAWAR%20PARA&panchayat_code=3153002017&fin_year=2025-2026&source=&work_code=3153002017/AV/958486255824164250&msr_no=6507&AttendanceDate=25/03/2026&Digest=EAXMO5EEJeQWwvGbg43VoA",5
"BASTI","GAUR","BHARAVALIYA","3153002024/RC/958486255823705276","6332","https://mnregaweb4.nic.in/nregaarch/View_NMMS_atten_date_dtl_rpt.aspx?page=&short_name=UP&state_name=UTTAR%20PRADESH&state_code=31&district_name=BASTI&district_code=3153&block_name=GAUR&block_code=3153002&panchayat_name=BHARAVALIYA&panchayat_code=3153002024&fin_year=2025-2026&source=&work_code=3153002024/RC/958486255823705276&msr_no=6332&AttendanceDate=25/03/2026&Digest=xTYyH7Y5bXVTWdQoSLftGA",5
"BASTI","GAUR","DUHAWA","3153002038/LD/958486255824947013","6327","https://mnregaweb4.nic.in/nregaarch/View_NMMS_atten_date_dtl_rpt.aspx?page=&short_name=UP&state_name=UTTAR%20PRADESH&state_code=31&district_name=BASTI&district_code=3153&block_name=GAUR&block_code=3153002&panchayat_name=DUHAWA&panchayat_code=3153002038&fin_year=2025-2026&source=&work_code=3153002038/LD/958486255824947013&msr_no=6327&AttendanceDate=25/03/2026&Digest=Rs2bTsv09frFlmuRIiV62w",10
"BASTI","GAUR","MAJHAUVA CHAUBEY","3153002061/WC/958486255824213629","6521","https://mnregaweb4.nic.in/nregaarch/View_NMMS_atten_date_dtl_rpt.aspx?page=&short_name=UP&state_name=UTTAR%20PRADESH&state_code=31&district_name=BASTI&district_code=3153&block_name=GAUR&block_code=3153002&panchayat_name=MAJHAUVA%20CHAUBEY&panchayat_code=3153002061&fin_year=2025-2026&source=&work_code=3153002061/WC/958486255824213629&msr_no=6521&AttendanceDate=25/03/2026&Digest=7szXZQZd3noxG+/XoYDv/g",8
"BASTI","GAUR","MAJHAUVA CHAUBEY","3153002061/WC/958486255824213629","6524","https://mnregaweb4.nic.in/nregaarch/View_NMMS_atten_date_dtl_rpt.aspx?page=&short_name=UP&state_name=UTTAR%20PRADESH&state_code=31&district_name=BASTI&district_code=3153&block_name=GAUR&block_code=3153002&panchayat_name=MAJHAUVA%20CHAUBEY&panchayat_code=3153002061&fin_year=2025-2026&source=&work_code=3153002061/WC/958486255824213629&msr_no=6524&AttendanceDate=25/03/2026&Digest=e4qCpJLnSW6Ub7VMwjfuOA",8
"BASTI","GAUR","RAMVA PUR","3153002079/RC/958486255823749345","6471","https://mnregaweb4.nic.in/nregaarch/View_NMMS_atten_date_dtl_rpt.aspx?page=&short_name=UP&state_name=UTTAR%20PRADESH&state_code=31&district_name=BASTI&district_code=3153&block_name=GAUR&block_code=3153002&panchayat_name=RAMVA%20PUR&panchayat_code=3153002079&fin_year=2025-2026&source=&work_code=3153002079/RC/958486255823749345&msr_no=6471&AttendanceDate=25/03/2026&Digest=xbRiwB9s8EvGrA12XNcdaA",10
"BASTI","GAUR","GHAGHARIYA","3153002094/LD/958486255824988251","6392","https://mnregaweb4.nic.in/nregaarch/View_NMMS_atten_date_dtl_rpt.aspx?page=&short_name=UP&state_name=UTTAR%20PRADESH&state_code=31&district_name=BASTI&district_code=3153&block_name=GAUR&block_code=3153002&panchayat_name=GHAGHARIYA&panchayat_code=3153002094&fin_year=2025-2026&source=&work_code=3153002094/LD/958486255824988251&msr_no=6392&AttendanceDate=25/03/2026&Digest=0G0+FIZBNeGz1xJPDhGU8A",4
"BASTI","GAUR","GHAGHARIYA","3153002094/RC/958486255823735160","6542","https://mnregaweb4.nic.in/nregaarch/View_NMMS_atten_date_dtl_rpt.aspx?page=&short_name=UP&state_name=UTTAR%20PRADESH&state_code=31&district_name=BASTI&district_code=3153&block_name=GAUR&block_code=3153002&panchayat_name=GHAGHARIYA&panchayat_code=3153002094&fin_year=2025-2026&source=&work_code=3153002094/RC/958486255823735160&msr_no=6542&AttendanceDate=25/03/2026&Digest=vwc7S1SuKLpZ6DtxJUktHA",6
"BASTI","HARRAIYA","BELBHARIYA RAM GULAM","3153003017/LD/958486255825009419","6996","https://mnregaweb4.nic.in/nregaarch/View_NMMS_atten_date_dtl_rpt.aspx?page=&short_name=UP&state_name=UTTAR%20PRADESH&state_code=31&district_name=BASTI&district_code=3153&block_name=HARRAIYA&block_code=3153003&panchayat_name=BELBHARIYA%20RAM%20GULAM&panchayat_code=3153003017&fin_year=2025-2026&source=&work_code=3153003017/LD/958486255825009419&msr_no=6996&AttendanceDate=25/03/2026&Digest=U80SVB/D2Hn1AcEAb1mCvA",10
"BASTI","HARRAIYA","BELBHARIYA RAM GULAM","3153003017/LD/958486255825009419","6999","https://mnregaweb4.nic.in/nregaarch/View_NMMS_atten_date_dtl_rpt.aspx?page=&short_name=UP&state_name=UTTAR%20PRADESH&state_code=31&district_name=BASTI&district_code=3153&block_name=HARRAIYA&block_code=3153003&panchayat_name=BELBHARIYA%20RAM%20GULAM&panchayat_code=3153003017&fin_year=2025-2026&source=&work_code=3153003017/LD/958486255825009419&msr_no=6999&AttendanceDate=25/03/2026&Digest=7KJlivjj3kEP6NJPDfABMg",9
"BASTI","HARRAIYA","BHAIRO PUR","3153003027/RC/YD/958486255823736251","6951","https://mnregaweb4.nic.in/nregaarch/View_NMMS_atten_date_dtl_rpt.aspx?page=&short_name=UP&state_name=UTTAR%20PRADESH&state_code=31&district_name=BASTI&district_code=3153&block_name=HARRAIYA&block_code=3153003&panchayat_name=BHAIRO%20PUR&panchayat_code=3153003027&fin_year=2025-2026&source=&work_code=3153003027/RC/YD/958486255823736251&msr_no=6951&AttendanceDate=25/03/2026&Digest=S/q4A+TSbhoe1FtYOQxdOg",2
"BASTI","HARRAIYA","MARWATIA BHAWAN","3153003039/AV/958486255824176086","6917","https://mnregaweb4.nic.in/nregaarch/View_NMMS_atten_date_dtl_rpt.aspx?page=&short_name=UP&state_name=UTTAR%20PRADESH&state_code=31&district_name=BASTI&district_code=3153&block_name=HARRAIYA&block_code=3153003&panchayat_name=MARWATIA%20BHAWAN&panchayat_code=3153003039&fin_year=2025-2026&source=&work_code=3153003039/AV/958486255824176086&msr_no=6917&AttendanceDate=25/03/2026&Digest=yv3V49XwHfXu0p4XKo71Aw",10
"BASTI","HARRAIYA","NADAYEN","3153003042/LD/958486255824955644","6904","https://mnregaweb4.nic.in/nregaarch/View_NMMS_atten_date_dtl_rpt.aspx?page=&short_name=UP&state_name=UTTAR%20PRADESH&state_code=31&district_name=BASTI&district_code=3153&block_name=HARRAIYA&block_code=3153003&panchayat_name=NADAYEN&panchayat_code=3153003042&fin_year=2025-2026&source=&work_code=3153003042/LD/958486255824955644&msr_no=6904&AttendanceDate=25/03/2026&Digest=pLOVZOPJGwRAItcfc+3rRw",10
"BASTI","HARRAIYA","NADAYEN","3153003042/LD/958486255824955644","6907","https://mnregaweb4.nic.in/nregaarch/View_NMMS_atten_date_dtl_rpt.aspx?page=&short_name=UP&state_name=UTTAR%20PRADESH&state_code=31&district_name=BASTI&district_code=3153&block_name=HARRAIYA&block_code=3153003&panchayat_name=NADAYEN&panchayat_code=3153003042&fin_year=2025-2026&source=&work_code=3153003042/LD/958486255824955644&msr_no=6907&AttendanceDate=25/03/2026&Digest=sP4kdefMWNUWr/Z9+7/zdA",2
"BASTI","BANKATI","PARASI","3153011076/RC/958486255823749924","9556","https://mnregaweb4.nic.in/nregaarch/View_NMMS_atten_date_dtl_rpt.aspx?page=&short_name=UP&state_name=UTTAR%20PRADESH&state_code=31&district_name=BASTI&district_code=3153&block_name=BANKATI&block_code=3153011&panchayat_name=PARASI&panchayat_code=3153011076&fin_year=2025-2026&source=&work_code=3153011076/RC/958486255823749924&msr_no=9556&AttendanceDate=25/03/2026&Digest=3dH4JrrOYtXijY/1Msufow",9
"BASTI","BANKATI","MAHTHA","3153011096/IC/958486255823740167","9346","https://mnregaweb4.nic.in/nregaarch/View_NMMS_atten_date_dtl_rpt.aspx?page=&short_name=UP&state_name=UTTAR%20PRADESH&state_code=31&district_name=BASTI&district_code=3153&block_name=BANKATI&block_code=3153011&panchayat_name=MAHTHA&panchayat_code=3153011096&fin_year=2025-2026&source=&work_code=3153011096/IC/958486255823740167&msr_no=9346&AttendanceDate=25/03/2026&Digest=LJ403BKTEdZtQc/aHxyTmw",9
"BASTI","BANKATI","SISWA PANDEY","3153011101/IC/958486255823741153","9300","https://mnregaweb4.nic.in/nregaarch/View_NMMS_atten_date_dtl_rpt.aspx?page=&short_name=UP&state_name=UTTAR%20PRADESH&state_code=31&district_name=BASTI&district_code=3153&block_name=BANKATI&block_code=3153011&panchayat_name=SISWA%20PANDEY&panchayat_code=3153011101&fin_year=2025-2026&source=&work_code=3153011101/IC/958486255823741153&msr_no=9300&AttendanceDate=25/03/2026&Digest=yfcK1/RJbDRtC0yKe/KqKA",10
"BASTI","BANKATI","DUBAULI KHURD","3153011109/IC/958486255823741004","9276","https://mnregaweb4.nic.in/nregaarch/View_NMMS_atten_date_dtl_rpt.aspx?page=&short_name=UP&state_name=UTTAR%20PRADESH&state_code=31&district_name=BASTI&district_code=3153&block_name=BANKATI&block_code=3153011&panchayat_name=DUBAULI%20KHURD&panchayat_code=3153011109&fin_year=2025-2026&source=&work_code=3153011109/IC/958486255823741004&msr_no=9276&AttendanceDate=25/03/2026&Digest=8SAXFXqEFr+LOYLsmNqnQg",7
"BASTI","BANKATI","DUBAULI KHURD","3153011109/IC/958486255823741004","9279","https://mnregaweb4.nic.in/nregaarch/View_NMMS_atten_date_dtl_rpt.aspx?page=&short_name=UP&state_name=UTTAR%20PRADESH&state_code=31&district_name=BASTI&district_code=3153&block_name=BANKATI&block_code=3153011&panchayat_name=DUBAULI%20KHURD&panchayat_code=3153011109&fin_year=2025-2026&source=&work_code=3153011109/IC/958486255823741004&msr_no=9279&AttendanceDate=25/03/2026&Digest=x92TZMZ6C+Gzd5T3dXiSLw",5
"BASTI","BANKATI","GULAURA","3153011112/RC/958486255823716059","9731","https://mnregaweb4.nic.in/nregaarch/View_NMMS_atten_date_dtl_rpt.aspx?page=&short_name=UP&state_name=UTTAR%20PRADESH&state_code=31&district_name=BASTI&district_code=3153&block_name=BANKATI&block_code=3153011&panchayat_name=GULAURA&panchayat_code=3153011112&fin_year=2025-2026&source=&work_code=3153011112/RC/958486255823716059&msr_no=9731&AttendanceDate=25/03/2026&Digest=0gMqpbGSDu6hg3s/QjodMQ",3
"BASTI","BASTI","JAKHANI","3153010042/RC/958486255823747486","4418","https://mnregaweb4.nic.in/nregaarch/View_NMMS_atten_date_dtl_rpt.aspx?page=&short_name=UP&state_name=UTTAR%20PRADESH&state_code=31&district_name=BASTI&district_code=3153&block_name=BASTI&block_code=3153010&panchayat_name=JAKHANI&panchayat_code=3153010042&fin_year=2025-2026&source=&work_code=3153010042/RC/958486255823747486&msr_no=4418&AttendanceDate=25/03/2026&Digest=pT5x7zQatlhgcuKRtaPZwQ",10
"BASTI","BASTI","MAHSO","3153010057/RC/958486255823703203","4386","https://mnregaweb4.nic.in/nregaarch/View_NMMS_atten_date_dtl_rpt.aspx?page=&short_name=UP&state_name=UTTAR%20PRADESH&state_code=31&district_name=BASTI&district_code=3153&block_name=BASTI&block_code=3153010&panchayat_name=MAHSO&panchayat_code=3153010057&fin_year=2025-2026&source=&work_code=3153010057/RC/958486255823703203&msr_no=4386&AttendanceDate=25/03/2026&Digest=xZAIvWBqKzfGhUlqeJFMoQ",5
"BASTI","BASTI","MAHSO","3153010057/WH/958486255824012356","4367","https://mnregaweb4.nic.in/nregaarch/View_NMMS_atten_date_dtl_rpt.aspx?page=&short_name=UP&state_name=UTTAR%20PRADESH&state_code=31&district_name=BASTI&district_code=3153&block_name=BASTI&block_code=3153010&panchayat_name=MAHSO&panchayat_code=3153010057&fin_year=2025-2026&source=&work_code=3153010057/WH/958486255824012356&msr_no=4367&AttendanceDate=25/03/2026&Digest=oG/93EYSV4Kw7MQrXAmtzw",10
"BASTI","DUBAULIYA","CHILMAPARSAN","3153014004/LD/958486255824846423","4128","https://mnregaweb4.nic.in/nregaarch/View_NMMS_atten_date_dtl_rpt.aspx?page=&short_name=UP&state_name=UTTAR%20PRADESH&state_code=31&district_name=BASTI&district_code=3153&block_name=DUBAULIYA&block_code=3153014&panchayat_name=CHILMAPARSAN&panchayat_code=3153014004&fin_year=2025-2026&source=&work_code=3153014004/LD/958486255824846423&msr_no=4128&AttendanceDate=25/03/2026&Digest=u3+HacG8VHSrvlPs2rz5cA",9
"BASTI","DUBAULIYA","CHILMAPARSAN","3153014004/LD/958486255824919567","4135","https://mnregaweb4.nic.in/nregaarch/View_NMMS_atten_date_dtl_rpt.aspx?page=&short_name=UP&state_name=UTTAR%20PRADESH&state_code=31&district_name=BASTI&district_code=3153&block_name=DUBAULIYA&block_code=3153014&panchayat_name=CHILMAPARSAN&panchayat_code=3153014004&fin_year=2025-2026&source=&work_code=3153014004/LD/958486255824919567&msr_no=4135&AttendanceDate=25/03/2026&Digest=HgQ42LG3b3A9R05LXZfrhw",5
"BASTI","DUBAULIYA","CHILMAPARSAN","3153014004/RC/958486255823661852","4335","https://mnregaweb4.nic.in/nregaarch/View_NMMS_atten_date_dtl_rpt.aspx?page=&short_name=UP&state_name=UTTAR%20PRADESH&state_code=31&district_name=BASTI&district_code=3153&block_name=DUBAULIYA&block_code=3153014&panchayat_name=CHILMAPARSAN&panchayat_code=3153014004&fin_year=2025-2026&source=&work_code=3153014004/RC/958486255823661852&msr_no=4335&AttendanceDate=25/03/2026&Digest=nTCc3t89O/Eydr6zbseG0w",2
"BASTI","DUBAULIYA","PAKRI CHAUHAAN","3153014006/AV/958486255824187517","4309","https://mnregaweb4.nic.in/nregaarch/View_NMMS_atten_date_dtl_rpt.aspx?page=&short_name=UP&state_name=UTTAR%20PRADESH&state_code=31&district_name=BASTI&district_code=3153&block_name=DUBAULIYA&block_code=3153014&panchayat_name=PAKRI%20CHAUHAAN&panchayat_code=3153014006&fin_year=2025-2026&source=&work_code=3153014006/AV/958486255824187517&msr_no=4309&AttendanceDate=25/03/2026&Digest=0nvkly95nr5UhfKCmpkCkQ",9
"BASTI","DUBAULIYA","HENGAPUR","3153014012/RC/958486255823752058","4326","https://mnregaweb4.nic.in/nregaarch/View_NMMS_atten_date_dtl_rpt.aspx?page=&short_name=UP&state_name=UTTAR%20PRADESH&state_code=31&district_name=BASTI&district_code=3153&block_name=DUBAULIYA&block_code=3153014&panchayat_name=HENGAPUR&panchayat_code=3153014012&fin_year=2025-2026&source=&work_code=3153014012/RC/958486255823752058&msr_no=4326&AttendanceDate=25/03/2026&Digest=xKhRH3skYKMxt+7GIq7ATg",10
"BASTI","DUBAULIYA","RAM NAGAR","3153014020/RC/958486255823749961","4185","https://mnregaweb4.nic.in/nregaarch/View_NMMS_atten_date_dtl_rpt.aspx?page=&short_name=UP&state_name=UTTAR%20PRADESH&state_code=31&district_name=BASTI&district_code=3153&block_name=DUBAULIYA&block_code=3153014&panchayat_name=RAM%20NAGAR&panchayat_code=3153014020&fin_year=2025-2026&source=&work_code=3153014020/RC/958486255823749961&msr_no=4185&AttendanceDate=25/03/2026&Digest=KtHOi8fUzf07j15EJn1EUg",2
"BASTI","DUBAULIYA","BAIRAGAL","3153014027/RC/958486255823703417","4119","https://mnregaweb4.nic.in/nregaarch/View_NMMS_atten_date_dtl_rpt.aspx?page=&short_name=UP&state_name=UTTAR%20PRADESH&state_code=31&district_name=BASTI&district_code=3153&block_name=DUBAULIYA&block_code=3153014&panchayat_name=BAIRAGAL&panchayat_code=3153014027&fin_year=2025-2026&source=&work_code=3153014027/RC/958486255823703417&msr_no=4119&AttendanceDate=25/03/2026&Digest=BzxkjdyaeXANkARgQBlFlw",10
"BASTI","DUBAULIYA","DUBAULIYA","3153014029/RC/958486255823737184","4118","https://mnregaweb4.nic.in/nregaarch/View_NMMS_atten_date_dtl_rpt.aspx?page=&short_name=UP&state_name=UTTAR%20PRADESH&state_code=31&district_name=BASTI&district_code=3153&block_name=DUBAULIYA&block_code=3153014&panchayat_name=DUBAULIYA&panchayat_code=3153014029&fin_year=2025-2026&source=&work_code=3153014029/RC/958486255823737184&msr_no=4118&AttendanceDate=25/03/2026&Digest=68XuJLo7NAGilMSb9G3DeQ",3
"BASTI","DUBAULIYA","BHAKRAHI","3153014035/RC/958486255823750364","4235","https://mnregaweb4.nic.in/nregaarch/View_NMMS_atten_date_dtl_rpt.aspx?page=&short_name=UP&state_name=UTTAR%20PRADESH&state_code=31&district_name=BASTI&district_code=3153&block_name=DUBAULIYA&block_code=3153014&panchayat_name=BHAKRAHI&panchayat_code=3153014035&fin_year=2025-2026&source=&work_code=3153014035/RC/958486255823750364&msr_no=4235&AttendanceDate=25/03/2026&Digest=z9kYBBWE40yxvUwf7us6Hg",6
"BASTI","DUBAULIYA","KEVARI MUSTAHKAM","3153014040/RC/958486255823615820","4115","https://mnregaweb4.nic.in/nregaarch/View_NMMS_atten_date_dtl_rpt.aspx?page=&short_name=UP&state_name=UTTAR%20PRADESH&state_code=31&district_name=BASTI&district_code=3153&block_name=DUBAULIYA&block_code=3153014&panchayat_name=KEVARI%20MUSTAHKAM&panchayat_code=3153014040&fin_year=2025-2026&source=&work_code=3153014040/RC/958486255823615820&msr_no=4115&AttendanceDate=25/03/2026&Digest=Tn4Jge6Bd7zmqnjK7Ui5jQ",9
"BASTI","DUBAULIYA","SARAIYA BAKSI","3153014046/RC/958486255823727877","4197","https://mnregaweb4.nic.in/nregaarch/View_NMMS_atten_date_dtl_rpt.aspx?page=&short_name=UP&state_name=UTTAR%20PRADESH&state_code=31&district_name=BASTI&district_code=3153&block_name=DUBAULIYA&block_code=3153014&panchayat_name=SARAIYA%20BAKSI&panchayat_code=3153014046&fin_year=2025-2026&source=&work_code=3153014046/RC/958486255823727877&msr_no=4197&AttendanceDate=25/03/2026&Digest=n+xAg99hhI162Kw1RscP2w",9
"BASTI","DUBAULIYA","SARAIYA BAKSI","3153014046/RC/958486255823727877","4200","https://mnregaweb4.nic.in/nregaarch/View_NMMS_atten_date_dtl_rpt.aspx?page=&short_name=UP&state_name=UTTAR%20PRADESH&state_code=31&district_name=BASTI&district_code=3153&block_name=DUBAULIYA&block_code=3153014&panchayat_name=SARAIYA%20BAKSI&panchayat_code=3153014046&fin_year=2025-2026&source=&work_code=3153014046/RC/958486255823727877&msr_no=4200&AttendanceDate=25/03/2026&Digest=5wysvOQAt+nhhBwdlkWwhA",3
"BASTI","DUBAULIYA","SARAIYA BAKSI","3153014046/RC/958486255823727878","4201","https://mnregaweb4.nic.in/nregaarch/View_NMMS_atten_date_dtl_rpt.aspx?page=&short_name=UP&state_name=UTTAR%20PRADESH&state_code=31&district_name=BASTI&district_code=3153&block_name=DUBAULIYA&block_code=3153014&panchayat_name=SARAIYA%20BAKSI&panchayat_code=3153014046&fin_year=2025-2026&source=&work_code=3153014046/RC/958486255823727878&msr_no=4201&AttendanceDate=25/03/2026&Digest=Zy3Z35NvQ/YO8T9R2ccK8A",9
"BASTI","DUBAULIYA","SARAIYA BAKSI","3153014046/RC/958486255823727881","4204","https://mnregaweb4.nic.in/nregaarch/View_NMMS_atten_date_dtl_rpt.aspx?page=&short_name=UP&state_name=UTTAR%20PRADESH&state_code=31&district_name=BASTI&district_code=3153&block_name=DUBAULIYA&block_code=3153014&panchayat_name=SARAIYA%20BAKSI&panchayat_code=3153014046&fin_year=2025-2026&source=&work_code=3153014046/RC/958486255823727881&msr_no=4204&AttendanceDate=25/03/2026&Digest=XInlSpIUPO/QvfHkof5SCA",6
"BASTI","GAUR","AIALAKLA","3153002003/RC/958486255823748284","6534","https://mnregaweb4.nic.in/nregaarch/View_NMMS_atten_date_dtl_rpt.aspx?page=&short_name=UP&state_name=UTTAR%20PRADESH&state_code=31&district_name=BASTI&district_code=3153&block_name=GAUR&block_code=3153002&panchayat_name=AIALAKLA&panchayat_code=3153002003&fin_year=2025-2026&source=&work_code=3153002003/RC/958486255823748284&msr_no=6534&AttendanceDate=25/03/2026&Digest=rRkU5iAmR3MpDEm1aEAGqA",10
"BASTI","GAUR","BADHANI","3153002008/RC/958486255823745355","6430","https://mnregaweb4.nic.in/nregaarch/View_NMMS_atten_date_dtl_rpt.aspx?page=&short_name=UP&state_name=UTTAR%20PRADESH&state_code=31&district_name=BASTI&district_code=3153&block_name=GAUR&block_code=3153002&panchayat_name=BADHANI&panchayat_code=3153002008&fin_year=2025-2026&source=&work_code=3153002008/RC/958486255823745355&msr_no=6430&AttendanceDate=25/03/2026&Digest=tMq+bOA3IQd7/efbuRZGPg",10
"BASTI","GAUR","BALUA CHAUBE","3153002013/RC/958486255823733175","6362","https://mnregaweb4.nic.in/nregaarch/View_NMMS_atten_date_dtl_rpt.aspx?page=&short_name=UP&state_name=UTTAR%20PRADESH&state_code=31&district_name=BASTI&district_code=3153&block_name=GAUR&block_code=3153002&panchayat_name=BALUA%20CHAUBE&panchayat_code=3153002013&fin_year=2025-2026&source=&work_code=3153002013/RC/958486255823733175&msr_no=6362&AttendanceDate=25/03/2026&Digest=6ZB4TmnItmJXXWuJ2JFbsw",6
"BASTI","GAUR","BALUA CHAUBE","3153002013/RC/958486255823749569","6527","https://mnregaweb4.nic.in/nregaarch/View_NMMS_atten_date_dtl_rpt.aspx?page=&short_name=UP&state_name=UTTAR%20PRADESH&state_code=31&district_name=BASTI&district_code=3153&block_name=GAUR&block_code=3153002&panchayat_name=BALUA%20CHAUBE&panchayat_code=3153002013&fin_year=2025-2026&source=&work_code=3153002013/RC/958486255823749569&msr_no=6527&AttendanceDate=25/03/2026&Digest=najvHUGrfut2yetdNzDkGA",10
"BASTI","GAUR","BABHANGAVA KHURD","3153002014/WH/958486255824013491","6510","https://mnregaweb4.nic.in/nregaarch/View_NMMS_atten_date_dtl_rpt.aspx?page=&short_name=UP&state_name=UTTAR%20PRADESH&state_code=31&district_name=BASTI&district_code=3153&block_name=GAUR&block_code=3153002&panchayat_name=BABHANGAVA%20KHURD&panchayat_code=3153002014&fin_year=2025-2026&source=&work_code=3153002014/WH/958486255824013491&msr_no=6510&AttendanceDate=25/03/2026&Digest=Sl1RWcOjCY/gycgFU1kNvA",2
"BASTI","GAUR","KACHIYA","3153002046/LD/958486255824922222","6408","https://mnregaweb4.nic.in/nregaarch/View_NMMS_atten_date_dtl_rpt.aspx?page=&short_name=UP&state_name=UTTAR%20PRADESH&state_code=31&district_name=BASTI&district_code=3153&block_name=GAUR&block_code=3153002&panchayat_name=KACHIYA&panchayat_code=3153002046&fin_year=2025-2026&source=&work_code=3153002046/LD/958486255824922222&msr_no=6408&AttendanceDate=25/03/2026&Digest=SpM2pOY1esxaWfpY/BLr3w",10
"BASTI","GAUR","MAJHAUVA CHAUBEY","3153002061/WC/958486255824213629","6522","https://mnregaweb4.nic.in/nregaarch/View_NMMS_atten_date_dtl_rpt.aspx?page=&short_name=UP&state_name=UTTAR%20PRADESH&state_code=31&district_name=BASTI&district_code=3153&block_name=GAUR&block_code=3153002&panchayat_name=MAJHAUVA%20CHAUBEY&panchayat_code=3153002061&fin_year=2025-2026&source=&work_code=3153002061/WC/958486255824213629&msr_no=6522&AttendanceDate=25/03/2026&Digest=o0i7BeNHu/5bsWSP8EJF0w",10
"BASTI","GAUR","MAJHAUVA DUDTHNATH","3153002062/RC/958486255823748554","6499","https://mnregaweb4.nic.in/nregaarch/View_NMMS_atten_date_dtl_rpt.aspx?page=&short_name=UP&state_name=UTTAR%20PRADESH&state_code=31&district_name=BASTI&district_code=3153&block_name=GAUR&block_code=3153002&panchayat_name=MAJHAUVA%20DUDTHNATH&panchayat_code=3153002062&fin_year=2025-2026&source=&work_code=3153002062/RC/958486255823748554&msr_no=6499&AttendanceDate=25/03/2026&Digest=DAmoij3H0mhijMa2Eo4YOw",7
"BASTI","GAUR","RAMVA PUR","3153002079/RC/958486255823749326","6615","https://mnregaweb4.nic.in/nregaarch/View_NMMS_atten_date_dtl_rpt.aspx?page=&short_name=UP&state_name=UTTAR%20PRADESH&state_code=31&district_name=BASTI&district_code=3153&block_name=GAUR&block_code=3153002&panchayat_name=RAMVA%20PUR&panchayat_code=3153002079&fin_year=2025-2026&source=&work_code=3153002079/RC/958486255823749326&msr_no=6615&AttendanceDate=25/03/2026&Digest=jPULU7SwMEF0fE1BBlvxKg",7
"BASTI","GAUR","SUMAHI","3153002089/LD/YD/958486255825010403","6283","https://mnregaweb4.nic.in/nregaarch/View_NMMS_atten_date_dtl_rpt.aspx?page=&short_name=UP&state_name=UTTAR%20PRADESH&state_code=31&district_name=BASTI&district_code=3153&block_name=GAUR&block_code=3153002&panchayat_name=SUMAHI&panchayat_code=3153002089&fin_year=2025-2026&source=&work_code=3153002089/LD/YD/958486255825010403&msr_no=6283&AttendanceDate=25/03/2026&Digest=V7cj9LEr9Mfc9+PY9jIwyw",5
"BASTI","GAUR","SAURAHA","3153002107/RC/958486255823749863","6289","https://mnregaweb4.nic.in/nregaarch/View_NMMS_atten_date_dtl_rpt.aspx?page=&short_name=UP&state_name=UTTAR%20PRADESH&state_code=31&district_name=BASTI&district_code=3153&block_name=GAUR&block_code=3153002&panchayat_name=SAURAHA&panchayat_code=3153002107&fin_year=2025-2026&source=&work_code=3153002107/RC/958486255823749863&msr_no=6289&AttendanceDate=25/03/2026&Digest=ysp/7otcNYKU4k0cq1v1hg",4
"BASTI","HARRAIYA","BELBHARIYA RAM GULAM","3153003017/LD/958486255825009419","7001","https://mnregaweb4.nic.in/nregaarch/View_NMMS_atten_date_dtl_rpt.aspx?page=&short_name=UP&state_name=UTTAR%20PRADESH&state_code=31&district_name=BASTI&district_code=3153&block_name=HARRAIYA&block_code=3153003&panchayat_name=BELBHARIYA%20RAM%20GULAM&panchayat_code=3153003017&fin_year=2025-2026&source=&work_code=3153003017/LD/958486255825009419&msr_no=7001&AttendanceDate=25/03/2026&Digest=Wctpv3oyF4PShBJvuGa6PQ",3
"BASTI","HARRAIYA","MAHUAPAR","3153003018/LD/958486255824931758","6890","https://mnregaweb4.nic.in/nregaarch/View_NMMS_atten_date_dtl_rpt.aspx?page=&short_name=UP&state_name=UTTAR%20PRADESH&state_code=31&district_name=BASTI&district_code=3153&block_name=HARRAIYA&block_code=3153003&panchayat_name=MAHUAPAR&panchayat_code=3153003018&fin_year=2025-2026&source=&work_code=3153003018/LD/958486255824931758&msr_no=6890&AttendanceDate=25/03/2026&Digest=XhtaUa6z1Pq1uVPYkQ/vqA",10
"BASTI","HARRAIYA","RATANPUR RAI","3153003026/LD/958486255825004588","6778","https://mnregaweb4.nic.in/nregaarch/View_NMMS_atten_date_dtl_rpt.aspx?page=&short_name=UP&state_name=UTTAR%20PRADESH&state_code=31&district_name=BASTI&district_code=3153&block_name=HARRAIYA&block_code=3153003&panchayat_name=RATANPUR%20RAI&panchayat_code=3153003026&fin_year=2025-2026&source=&work_code=3153003026/LD/958486255825004588&msr_no=6778&AttendanceDate=25/03/2026&Digest=YtEtQCKnSRwkabp1L5W5WA",9
"BASTI","HARRAIYA","BANS GAW","3153003031/LD/958486255824994674","6897","https://mnregaweb4.nic.in/nregaarch/View_NMMS_atten_date_dtl_rpt.aspx?page=&short_name=UP&state_name=UTTAR%20PRADESH&state_code=31&district_name=BASTI&district_code=3153&block_name=HARRAIYA&block_code=3153003&panchayat_name=BANS%20GAW&panchayat_code=3153003031&fin_year=2025-2026&source=&work_code=3153003031/LD/958486255824994674&msr_no=6897&AttendanceDate=25/03/2026&Digest=gwXHovSjNV2azKkUpT7sbQ",10
"BASTI","HARRAIYA","NADAYEN","3153003042/LD/958486255824955644","6909","https://mnregaweb4.nic.in/nregaarch/View_NMMS_atten_date_dtl_rpt.aspx?page=&short_name=UP&state_name=UTTAR%20PRADESH&state_code=31&district_name=BASTI&district_code=3153&block_name=HARRAIYA&block_code=3153003&panchayat_name=NADAYEN&panchayat_code=3153003042&fin_year=2025-2026&source=&work_code=3153003042/LD/958486255824955644&msr_no=6909&AttendanceDate=25/03/2026&Digest=5wFSqEq2uYHlvZizrZv3Hw",10
"BASTI","HARRAIYA","AMARI","3153003052/IC/958486255823729369","6971","https://mnregaweb4.nic.in/nregaarch/View_NMMS_atten_date_dtl_rpt.aspx?page=&short_name=UP&state_name=UTTAR%20PRADESH&state_code=31&district_name=BASTI&district_code=3153&block_name=HARRAIYA&block_code=3153003&panchayat_name=AMARI&panchayat_code=3153003052&fin_year=2025-2026&source=&work_code=3153003052/IC/958486255823729369&msr_no=6971&AttendanceDate=25/03/2026&Digest=FAKdsd65j1mpaHjVA/ZJ/A",5
"BASTI","GAUR","GONHA","3153002041/LD/958486255824899111","6467","https://mnregaweb4.nic.in/nregaarch/View_NMMS_atten_date_dtl_rpt.aspx?page=&short_name=UP&state_name=UTTAR%20PRADESH&state_code=31&district_name=BASTI&district_code=3153&block_name=GAUR&block_code=3153002&panchayat_name=GONHA&panchayat_code=3153002041&fin_year=2025-2026&source=&work_code=3153002041/LD/958486255824899111&msr_no=6467&AttendanceDate=25/03/2026&Digest=25FkwCjqqWy4AAUGSgY7Dg",4
"BASTI","GAUR","HARDI","3153002043/WC/958486255824252613","6404","https://mnregaweb4.nic.in/nregaarch/View_NMMS_atten_date_dtl_rpt.aspx?page=&short_name=UP&state_name=UTTAR%20PRADESH&state_code=31&district_name=BASTI&district_code=3153&block_name=GAUR&block_code=3153002&panchayat_name=HARDI&panchayat_code=3153002043&fin_year=2025-2026&source=&work_code=3153002043/WC/958486255824252613&msr_no=6404&AttendanceDate=25/03/2026&Digest=BmOIedMOgdjhfsT8q+wMtA",9
"BASTI","GAUR","HARDI","3153002043/WC/958486255824252613","6407","https://mnregaweb4.nic.in/nregaarch/View_NMMS_atten_date_dtl_rpt.aspx?page=&short_name=UP&state_name=UTTAR%20PRADESH&state_code=31&district_name=BASTI&district_code=3153&block_name=GAUR&block_code=3153002&panchayat_name=HARDI&panchayat_code=3153002043&fin_year=2025-2026&source=&work_code=3153002043/WC/958486255824252613&msr_no=6407&AttendanceDate=25/03/2026&Digest=oSdnKLXh0ZTZWTW8qPIydA",8
"BASTI","GAUR","KACHIYA","3153002046/LD/958486255824922222","6409","https://mnregaweb4.nic.in/nregaarch/View_NMMS_atten_date_dtl_rpt.aspx?page=&short_name=UP&state_name=UTTAR%20PRADESH&state_code=31&district_name=BASTI&district_code=3153&block_name=GAUR&block_code=3153002&panchayat_name=KACHIYA&panchayat_code=3153002046&fin_year=2025-2026&source=&work_code=3153002046/LD/958486255824922222&msr_no=6409&AttendanceDate=25/03/2026&Digest=JerOlQ66ehILLvU1pnp9OQ",4
"BASTI","GAUR","KAISRAI","3153002047/RC/958486255823752199","6595","https://mnregaweb4.nic.in/nregaarch/View_NMMS_atten_date_dtl_rpt.aspx?page=&short_name=UP&state_name=UTTAR%20PRADESH&state_code=31&district_name=BASTI&district_code=3153&block_name=GAUR&block_code=3153002&panchayat_name=KAISRAI&panchayat_code=3153002047&fin_year=2025-2026&source=&work_code=3153002047/RC/958486255823752199&msr_no=6595&AttendanceDate=25/03/2026&Digest=U6ApO3FLaFcE0oTntQIa+Q",5
"BASTI","GAUR","SUMAHI","3153002089/LD/YD/958486255825010405","6285","https://mnregaweb4.nic.in/nregaarch/View_NMMS_atten_date_dtl_rpt.aspx?page=&short_name=UP&state_name=UTTAR%20PRADESH&state_code=31&district_name=BASTI&district_code=3153&block_name=GAUR&block_code=3153002&panchayat_name=SUMAHI&panchayat_code=3153002089&fin_year=2025-2026&source=&work_code=3153002089/LD/YD/958486255825010405&msr_no=6285&AttendanceDate=25/03/2026&Digest=O+s1QMHqyGdbIq/V5UgbDQ",8
"BASTI","GAUR","TENUI CHET SINGH","3153002092/IC/958486255823745285","6344","https://mnregaweb4.nic.in/nregaarch/View_NMMS_atten_date_dtl_rpt.aspx?page=&short_name=UP&state_name=UTTAR%20PRADESH&state_code=31&district_name=BASTI&district_code=3153&block_name=GAUR&block_code=3153002&panchayat_name=TENUI%20CHET%20SINGH&panchayat_code=3153002092&fin_year=2025-2026&source=&work_code=3153002092/IC/958486255823745285&msr_no=6344&AttendanceDate=25/03/2026&Digest=Z5u7js4yqKhieJHQUJak0Q",8
"BASTI","GAUR","MADANPURA","3153002100/RC/958486255823737292","6477","https://mnregaweb4.nic.in/nregaarch/View_NMMS_atten_date_dtl_rpt.aspx?page=&short_name=UP&state_name=UTTAR%20PRADESH&state_code=31&district_name=BASTI&district_code=3153&block_name=GAUR&block_code=3153002&panchayat_name=MADANPURA&panchayat_code=3153002100&fin_year=2025-2026&source=&work_code=3153002100/RC/958486255823737292&msr_no=6477&AttendanceDate=25/03/2026&Digest=EjrAoX8gNvQ6cfLuzzi95g",6
"BASTI","GAUR","SITKOHER","3153002104/RC/958486255823740262","6394","https://mnregaweb4.nic.in/nregaarch/View_NMMS_atten_date_dtl_rpt.aspx?page=&short_name=UP&state_name=UTTAR%20PRADESH&state_code=31&district_name=BASTI&district_code=3153&block_name=GAUR&block_code=3153002&panchayat_name=SITKOHER&panchayat_code=3153002104&fin_year=2025-2026&source=&work_code=3153002104/RC/958486255823740262&msr_no=6394&AttendanceDate=25/03/2026&Digest=Eo3yuWP/bO2w0CanlIpBsA",10
"BASTI","GAUR","SAURAHA","3153002107/WC/958486255824252674","6370","https://mnregaweb4.nic.in/nregaarch/View_NMMS_atten_date_dtl_rpt.aspx?page=&short_name=UP&state_name=UTTAR%20PRADESH&state_code=31&district_name=BASTI&district_code=3153&block_name=GAUR&block_code=3153002&panchayat_name=SAURAHA&panchayat_code=3153002107&fin_year=2025-2026&source=&work_code=3153002107/WC/958486255824252674&msr_no=6370&AttendanceDate=25/03/2026&Digest=D0xZw4VO8hNY82dQqWyj9Q",2
"BASTI","HARRAIYA","BHITI MISHR","3153003010/LD/958486255824946085","6844","https://mnregaweb4.nic.in/nregaarch/View_NMMS_atten_date_dtl_rpt.aspx?page=&short_name=UP&state_name=UTTAR%20PRADESH&state_code=31&district_name=BASTI&district_code=3153&block_name=HARRAIYA&block_code=3153003&panchayat_name=BHITI%20MISHR&panchayat_code=3153003010&fin_year=2025-2026&source=&work_code=3153003010/LD/958486255824946085&msr_no=6844&AttendanceDate=25/03/2026&Digest=hv2JFioqRqTpkfvFnfOPkw",10
"BASTI","HARRAIYA","MAHUAPAR","3153003018/LD/958486255824931758","6891","https://mnregaweb4.nic.in/nregaarch/View_NMMS_atten_date_dtl_rpt.aspx?page=&short_name=UP&state_name=UTTAR%20PRADESH&state_code=31&district_name=BASTI&district_code=3153&block_name=HARRAIYA&block_code=3153003&panchayat_name=MAHUAPAR&panchayat_code=3153003018&fin_year=2025-2026&source=&work_code=3153003018/LD/958486255824931758&msr_no=6891&AttendanceDate=25/03/2026&Digest=oEwciokjH6uMDwg32LyLcw",10
"BASTI","HARRAIYA","RATANPUR RAI","3153003026/LD/958486255825004588","6781","https://mnregaweb4.nic.in/nregaarch/View_NMMS_atten_date_dtl_rpt.aspx?page=&short_name=UP&state_name=UTTAR%20PRADESH&state_code=31&district_name=BASTI&district_code=3153&block_name=HARRAIYA&block_code=3153003&panchayat_name=RATANPUR%20RAI&panchayat_code=3153003026&fin_year=2025-2026&source=&work_code=3153003026/LD/958486255825004588&msr_no=6781&AttendanceDate=25/03/2026&Digest=ky84QiFrBHYV8NeGsAlv5g",9
"BASTI","HARRAIYA","BHAIRO PUR","3153003027/RC/YD/958486255823735828","6942","https://mnregaweb4.nic.in/nregaarch/View_NMMS_atten_date_dtl_rpt.aspx?page=&short_name=UP&state_name=UTTAR%20PRADESH&state_code=31&district_name=BASTI&district_code=3153&block_name=HARRAIYA&block_code=3153003&panchayat_name=BHAIRO%20PUR&panchayat_code=3153003027&fin_year=2025-2026&source=&work_code=3153003027/RC/YD/958486255823735828&msr_no=6942&AttendanceDate=25/03/2026&Digest=Lx1MlpAykfk58t/Xrq8puA",1
"BASTI","HARRAIYA","BHAIRO PUR","3153003027/RC/YD/958486255823736251","6939","https://mnregaweb4.nic.in/nregaarch/View_NMMS_atten_date_dtl_rpt.aspx?page=&short_name=UP&state_name=UTTAR%20PRADESH&state_code=31&district_name=BASTI&district_code=3153&block_name=HARRAIYA&block_code=3153003&panchayat_name=BHAIRO%20PUR&panchayat_code=3153003027&fin_year=2025-2026&source=&work_code=3153003027/RC/YD/958486255823736251&msr_no=6939&AttendanceDate=25/03/2026&Digest=cug6wERHQAXWn3FcL8xrAg",10
"BASTI","HARRAIYA","BANS GAW","3153003031/LD/958486255824994674","6900","https://mnregaweb4.nic.in/nregaarch/View_NMMS_atten_date_dtl_rpt.aspx?page=&short_name=UP&state_name=UTTAR%20PRADESH&state_code=31&district_name=BASTI&district_code=3153&block_name=HARRAIYA&block_code=3153003&panchayat_name=BANS%20GAW&panchayat_code=3153003031&fin_year=2025-2026&source=&work_code=3153003031/LD/958486255824994674&msr_no=6900&AttendanceDate=25/03/2026&Digest=+PanLl1jTJR607GfvPEQ3w",8
"BASTI","HARRAIYA","BANS GAW","3153003031/LD/958486255824999778","6895","https://mnregaweb4.nic.in/nregaarch/View_NMMS_atten_date_dtl_rpt.aspx?page=&short_name=UP&state_name=UTTAR%20PRADESH&state_code=31&district_name=BASTI&district_code=3153&block_name=HARRAIYA&block_code=3153003&panchayat_name=BANS%20GAW&panchayat_code=3153003031&fin_year=2025-2026&source=&work_code=3153003031/LD/958486255824999778&msr_no=6895&AttendanceDate=25/03/2026&Digest=5HRAobH29llhZyKD319ucA",10
"BASTI","HARRAIYA","DUHWA MISHR","3153003037/LD/958486255824957648","6788","https://mnregaweb4.nic.in/nregaarch/View_NMMS_atten_date_dtl_rpt.aspx?page=&short_name=UP&state_name=UTTAR%20PRADESH&state_code=31&district_name=BASTI&district_code=3153&block_name=HARRAIYA&block_code=3153003&panchayat_name=DUHWA%20MISHR&panchayat_code=3153003037&fin_year=2025-2026&source=&work_code=3153003037/LD/958486255824957648&msr_no=6788&AttendanceDate=25/03/2026&Digest=U4/PymEKoncrcwl/2i7WPg",6
"BASTI","HARRAIYA","BHARGAWA","3153003058/LD/958486255824949792","6854","https://mnregaweb4.nic.in/nregaarch/View_NMMS_atten_date_dtl_rpt.aspx?page=&short_name=UP&state_name=UTTAR%20PRADESH&state_code=31&district_name=BASTI&district_code=3153&block_name=HARRAIYA&block_code=3153003&panchayat_name=BHARGAWA&panchayat_code=3153003058&fin_year=2025-2026&source=&work_code=3153003058/LD/958486255824949792&msr_no=6854&AttendanceDate=25/03/2026&Digest=Md0q9mJ59uRTLrYw/2bJfg",10
"BASTI","HARRAIYA","KHAMHARIA GANGARAM","3153003061/LD/958486255824988270","6912","https://mnregaweb4.nic.in/nregaarch/View_NMMS_atten_date_dtl_rpt.aspx?page=&short_name=UP&state_name=UTTAR%20PRADESH&state_code=31&district_name=BASTI&district_code=3153&block_name=HARRAIYA&block_code=3153003&panchayat_name=KHAMHARIA%20GANGARAM&panchayat_code=3153003061&fin_year=2025-2026&source=&work_code=3153003061/LD/958486255824988270&msr_no=6912&AttendanceDate=25/03/2026&Digest=YsNYWAxAKU7zUT/SeyDzzQ",10
"BASTI","HARRAIYA","KHAMHARIA GANGARAM","3153003061/LD/958486255824988274","6922","https://mnregaweb4.nic.in/nregaarch/View_NMMS_atten_date_dtl_rpt.aspx?page=&short_name=UP&state_name=UTTAR%20PRADESH&state_code=31&district_name=BASTI&district_code=3153&block_name=HARRAIYA&block_code=3153003&panchayat_name=KHAMHARIA%20GANGARAM&panchayat_code=3153003061&fin_year=2025-2026&source=&work_code=3153003061/LD/958486255824988274&msr_no=6922&AttendanceDate=25/03/2026&Digest=eRPelXR+rUALKd+ZX2Fn/w",10
"BASTI","HARRAIYA","KHAMHARIA GANGARAM","3153003061/LD/958486255824988274","6925","https://mnregaweb4.nic.in/nregaarch/View_NMMS_atten_date_dtl_rpt.aspx?page=&short_name=UP&state_name=UTTAR%20PRADESH&state_code=31&district_name=BASTI&district_code=3153&block_name=HARRAIYA&block_code=3153003&panchayat_name=KHAMHARIA%20GANGARAM&panchayat_code=3153003061&fin_year=2025-2026&source=&work_code=3153003061/LD/958486255824988274&msr_no=6925&AttendanceDate=25/03/2026&Digest=mOmAdevQpxcR89L5r0+Hbg",10
"BASTI","HARRAIYA","KHAMAHRIA SUJAT","3153003072/LD/958486255825008862","6828","https://mnregaweb4.nic.in/nregaarch/View_NMMS_atten_date_dtl_rpt.aspx?page=&short_name=UP&state_name=UTTAR%20PRADESH&state_code=31&district_name=BASTI&district_code=3153&block_name=HARRAIYA&block_code=3153003&panchayat_name=KHAMAHRIA%20SUJAT&panchayat_code=3153003072&fin_year=2025-2026&source=&work_code=3153003072/LD/958486255825008862&msr_no=6828&AttendanceDate=25/03/2026&Digest=e9sSNHZ5dHAZTq9xe3+/xA",10
"BASTI","HARRAIYA","KHAMAHRIA SUJAT","3153003072/LD/958486255825008862","6831","https://mnregaweb4.nic.in/nregaarch/View_NMMS_atten_date_dtl_rpt.aspx?page=&short_name=UP&state_name=UTTAR%20PRADESH&state_code=31&district_name=BASTI&district_code=3153&block_name=HARRAIYA&block_code=3153003&panchayat_name=KHAMAHRIA%20SUJAT&panchayat_code=3153003072&fin_year=2025-2026&source=&work_code=3153003072/LD/958486255825008862&msr_no=6831&AttendanceDate=25/03/2026&Digest=va9u+5Mdcj3GULZtt6grvw",10
"BASTI","HARRAIYA","BHADAWAL KALA","3153003074/WH/958486255823988938","6872","https://mnregaweb4.nic.in/nregaarch/View_NMMS_atten_date_dtl_rpt.aspx?page=&short_name=UP&state_name=UTTAR%20PRADESH&state_code=31&district_name=BASTI&district_code=3153&block_name=HARRAIYA&block_code=3153003&panchayat_name=BHADAWAL%20KALA&panchayat_code=3153003074&fin_year=2025-2026&source=&work_code=3153003074/WH/958486255823988938&msr_no=6872&AttendanceDate=25/03/2026&Digest=eYAF/iV9oypUvHNJzVdYmA",10
"BASTI","HARRAIYA","BHADAWAL KALA","3153003074/WH/958486255823988938","6875","https://mnregaweb4.nic.in/nregaarch/View_NMMS_atten_date_dtl_rpt.aspx?page=&short_name=UP&state_name=UTTAR%20PRADESH&state_code=31&district_name=BASTI&district_code=3153&block_name=HARRAIYA&block_code=3153003&panchayat_name=BHADAWAL%20KALA&panchayat_code=3153003074&fin_year=2025-2026&source=&work_code=3153003074/WH/958486255823988938&msr_no=6875&AttendanceDate=25/03/2026&Digest=y0OOMEqE8zL7MAMW1o0NCg",9
"BASTI","HARRAIYA","BHADAWAL KALA","3153003074/WH/958486255823988938","6878","https://mnregaweb4.nic.in/nregaarch/View_NMMS_atten_date_dtl_rpt.aspx?page=&short_name=UP&state_name=UTTAR%20PRADESH&state_code=31&district_name=BASTI&district_code=3153&block_name=HARRAIYA&block_code=3153003&panchayat_name=BHADAWAL%20KALA&panchayat_code=3153003074&fin_year=2025-2026&source=&work_code=3153003074/WH/958486255823988938&msr_no=6878&AttendanceDate=25/03/2026&Digest=Mr9I3moxwgJlF/CMegNaZw",3
"BASTI","HARRAIYA","KESHAWPUR","3153003079/LD/958486255825004294","6972","https://mnregaweb4.nic.in/nregaarch/View_NMMS_atten_date_dtl_rpt.aspx?page=&short_name=UP&state_name=UTTAR%20PRADESH&state_code=31&district_name=BASTI&district_code=3153&block_name=HARRAIYA&block_code=3153003&panchayat_name=KESHAWPUR&panchayat_code=3153003079&fin_year=2025-2026&source=&work_code=3153003079/LD/958486255825004294&msr_no=6972&AttendanceDate=25/03/2026&Digest=BKYo6RxxUkmDUcsY+hwC7A",10
"BASTI","HARRAIYA","KISHUNPUR","3153003084/RC/958486255823542539","6947","https://mnregaweb4.nic.in/nregaarch/View_NMMS_atten_date_dtl_rpt.aspx?page=&short_name=UP&state_name=UTTAR%20PRADESH&state_code=31&district_name=BASTI&district_code=3153&block_name=HARRAIYA&block_code=3153003&panchayat_name=KISHUNPUR&panchayat_code=3153003084&fin_year=2025-2026&source=&work_code=3153003084/RC/958486255823542539&msr_no=6947&AttendanceDate=25/03/2026&Digest=yRkKU0TtIsRk05ITwZrhJw",8
"BASTI","HARRAIYA","MIRJAPUR","3153003092/LD/958486255825008868","6834","https://mnregaweb4.nic.in/nregaarch/View_NMMS_atten_date_dtl_rpt.aspx?page=&short_name=UP&state_name=UTTAR%20PRADESH&state_code=31&district_name=BASTI&district_code=3153&block_name=HARRAIYA&block_code=3153003&panchayat_name=MIRJAPUR&panchayat_code=3153003092&fin_year=2025-2026&source=&work_code=3153003092/LD/958486255825008868&msr_no=6834&AttendanceDate=25/03/2026&Digest=7bMGqX+DjH9fDnq7/pNBfQ",10
"BASTI","KAPTANGANJ","PENDA","3153005007/RC/958486255823747915","4911","https://mnregaweb4.nic.in/nregaarch/View_NMMS_atten_date_dtl_rpt.aspx?page=&short_name=UP&state_name=UTTAR%20PRADESH&state_code=31&district_name=BASTI&district_code=3153&block_name=KAPTANGANJ&block_code=3153005&panchayat_name=PENDA&panchayat_code=3153005007&fin_year=2025-2026&source=&work_code=3153005007/RC/958486255823747915&msr_no=4911&AttendanceDate=25/03/2026&Digest=FFi+a02JWq07EtaP3vsMOw",7
"BASTI","KAPTANGANJ","BASANT PUR","3153005011/RC/958486255823637328","4870","https://mnregaweb4.nic.in/nregaarch/View_NMMS_atten_date_dtl_rpt.aspx?page=&short_name=UP&state_name=UTTAR%20PRADESH&state_code=31&district_name=BASTI&district_code=3153&block_name=KAPTANGANJ&block_code=3153005&panchayat_name=BASANT%20PUR&panchayat_code=3153005011&fin_year=2025-2026&source=&work_code=3153005011/RC/958486255823637328&msr_no=4870&AttendanceDate=25/03/2026&Digest=hXS2c2ZBU1yQyThwSlmZPA",3
"BASTI","KAPTANGANJ","BESAURA","3153005031/RC/958486255823680624","4862","https://mnregaweb4.nic.in/nregaarch/View_NMMS_atten_date_dtl_rpt.aspx?page=&short_name=UP&state_name=UTTAR%20PRADESH&state_code=31&district_name=BASTI&district_code=3153&block_name=KAPTANGANJ&block_code=3153005&panchayat_name=BESAURA&panchayat_code=3153005031&fin_year=2025-2026&source=&work_code=3153005031/RC/958486255823680624&msr_no=4862&AttendanceDate=25/03/2026&Digest=BB4z57WtHKOvJE/VyFna5Q",1
"BASTI","KAPTANGANJ","SARWALIYA","3153005034/AV/958486255824178714","4823","https://mnregaweb4.nic.in/nregaarch/View_NMMS_atten_date_dtl_rpt.aspx?page=&short_name=UP&state_name=UTTAR%20PRADESH&state_code=31&district_name=BASTI&district_code=3153&block_name=KAPTANGANJ&block_code=3153005&panchayat_name=SARWALIYA&panchayat_code=3153005034&fin_year=2025-2026&source=&work_code=3153005034/AV/958486255824178714&msr_no=4823&AttendanceDate=25/03/2026&Digest=1G09V/NAO9rR2wNO9Dr1Ig",1
"BASTI","KAPTANGANJ","SARWALIYA","3153005034/RC/958486255823718353","4902","https://mnregaweb4.nic.in/nregaarch/View_NMMS_atten_date_dtl_rpt.aspx?page=&short_name=UP&state_name=UTTAR%20PRADESH&state_code=31&district_name=BASTI&district_code=3153&block_name=KAPTANGANJ&block_code=3153005&panchayat_name=SARWALIYA&panchayat_code=3153005034&fin_year=2025-2026&source=&work_code=3153005034/RC/958486255823718353&msr_no=4902&AttendanceDate=25/03/2026&Digest=M4C3BQ4wUvDZCo//QOHChg",7
"BASTI","KAPTANGANJ","NAIKAPAR","3153005057/LD/958486255824964925","4864","https://mnregaweb4.nic.in/nregaarch/View_NMMS_atten_date_dtl_rpt.aspx?page=&short_name=UP&state_name=UTTAR%20PRADESH&state_code=31&district_name=BASTI&district_code=3153&block_name=KAPTANGANJ&block_code=3153005&panchayat_name=NAIKAPAR&panchayat_code=3153005057&fin_year=2025-2026&source=&work_code=3153005057/LD/958486255824964925&msr_no=4864&AttendanceDate=25/03/2026&Digest=D0WQaJN65hs/G/WMo75Hnw",7
"BASTI","KAPTANGANJ","PARIWARPUR","3153005058/RC/958486255823676758","4830","https://mnregaweb4.nic.in/nregaarch/View_NMMS_atten_date_dtl_rpt.aspx?page=&short_name=UP&state_name=UTTAR%20PRADESH&state_code=31&district_name=BASTI&district_code=3153&block_name=KAPTANGANJ&block_code=3153005&panchayat_name=PARIWARPUR&panchayat_code=3153005058&fin_year=2025-2026&source=&work_code=3153005058/RC/958486255823676758&msr_no=4830&AttendanceDate=25/03/2026&Digest=gO7myJKBvC7Jz70QdQ4nyg",7
"BASTI","KAPTANGANJ","PARIWARPUR","3153005058/RC/958486255823693211","4819","https://mnregaweb4.nic.in/nregaarch/View_NMMS_atten_date_dtl_rpt.aspx?page=&short_name=UP&state_name=UTTAR%20PRADESH&state_code=31&district_name=BASTI&district_code=3153&block_name=KAPTANGANJ&block_code=3153005&panchayat_name=PARIWARPUR&panchayat_code=3153005058&fin_year=2025-2026&source=&work_code=3153005058/RC/958486255823693211&msr_no=4819&AttendanceDate=25/03/2026&Digest=mCVFniL9G9Mmh/eZEMpcMA",3
"BASTI","KUDARAHA","MURADPUR","3153013002/WH/958486255823990667","8033","https://mnregaweb4.nic.in/nregaarch/View_NMMS_atten_date_dtl_rpt.aspx?page=&short_name=UP&state_name=UTTAR%20PRADESH&state_code=31&district_name=BASTI&district_code=3153&block_name=KUDARAHA&block_code=3153013&panchayat_name=MURADPUR&panchayat_code=3153013002&fin_year=2025-2026&source=&work_code=3153013002/WH/958486255823990667&msr_no=8033&AttendanceDate=25/03/2026&Digest=PU+yNcddwHci0XBJ1xP6+A",10
"BASTI","KUDARAHA","MURADPUR","3153013002/WH/958486255823990667","8036","https://mnregaweb4.nic.in/nregaarch/View_NMMS_atten_date_dtl_rpt.aspx?page=&short_name=UP&state_name=UTTAR%20PRADESH&state_code=31&district_name=BASTI&district_code=3153&block_name=KUDARAHA&block_code=3153013&panchayat_name=MURADPUR&panchayat_code=3153013002&fin_year=2025-2026&source=&work_code=3153013002/WH/958486255823990667&msr_no=8036&AttendanceDate=25/03/2026&Digest=icMkmEihS3CJ6OtXOe4WXw",10
"BASTI","KAPTANGANJ","NARAYANPUR","3153005025/RC/958486255823747055","4890","https://mnregaweb4.nic.in/nregaarch/View_NMMS_atten_date_dtl_rpt.aspx?page=&short_name=UP&state_name=UTTAR%20PRADESH&state_code=31&district_name=BASTI&district_code=3153&block_name=KAPTANGANJ&block_code=3153005&panchayat_name=NARAYANPUR&panchayat_code=3153005025&fin_year=2025-2026&source=&work_code=3153005025/RC/958486255823747055&msr_no=4890&AttendanceDate=25/03/2026&Digest=gYIXvO/hNdt+ml3vKGzGEA",9
"BASTI","KAPTANGANJ","SARWALIYA","3153005034/RC/958486255823718357","4937","https://mnregaweb4.nic.in/nregaarch/View_NMMS_atten_date_dtl_rpt.aspx?page=&short_name=UP&state_name=UTTAR%20PRADESH&state_code=31&district_name=BASTI&district_code=3153&block_name=KAPTANGANJ&block_code=3153005&panchayat_name=SARWALIYA&panchayat_code=3153005034&fin_year=2025-2026&source=&work_code=3153005034/RC/958486255823718357&msr_no=4937&AttendanceDate=25/03/2026&Digest=0RdxJUR3rLGWAJHAGsboqA",4
"BASTI","KAPTANGANJ","BARHNI","3153005046/RC/YD/958486255823698429","4927","https://mnregaweb4.nic.in/nregaarch/View_NMMS_atten_date_dtl_rpt.aspx?page=&short_name=UP&state_name=UTTAR%20PRADESH&state_code=31&district_name=BASTI&district_code=3153&block_name=KAPTANGANJ&block_code=3153005&panchayat_name=BARHNI&panchayat_code=3153005046&fin_year=2025-2026&source=&work_code=3153005046/RC/YD/958486255823698429&msr_no=4927&AttendanceDate=25/03/2026&Digest=+m9ZqHtcZZ9TJqb5rIgJjA",9
"BASTI","KAPTANGANJ","BARHNI","3153005046/RC/YD/958486255823699536","4817","https://mnregaweb4.nic.in/nregaarch/View_NMMS_atten_date_dtl_rpt.aspx?page=&short_name=UP&state_name=UTTAR%20PRADESH&state_code=31&district_name=BASTI&district_code=3153&block_name=KAPTANGANJ&block_code=3153005&panchayat_name=BARHNI&panchayat_code=3153005046&fin_year=2025-2026&source=&work_code=3153005046/RC/YD/958486255823699536&msr_no=4817&AttendanceDate=25/03/2026&Digest=ncT9muGXr1afIFG9S1kyXA",7
"BASTI","KAPTANGANJ","POKHRA","3153005054/RC/958486255823652439","4947","https://mnregaweb4.nic.in/nregaarch/View_NMMS_atten_date_dtl_rpt.aspx?page=&short_name=UP&state_name=UTTAR%20PRADESH&state_code=31&district_name=BASTI&district_code=3153&block_name=KAPTANGANJ&block_code=3153005&panchayat_name=POKHRA&panchayat_code=3153005054&fin_year=2025-2026&source=&work_code=3153005054/RC/958486255823652439&msr_no=4947&AttendanceDate=25/03/2026&Digest=rwLVgEqduRDoc3eUgivI0A",10
"BASTI","KAPTANGANJ","POKHRA","3153005054/RC/958486255823735764","4855","https://mnregaweb4.nic.in/nregaarch/View_NMMS_atten_date_dtl_rpt.aspx?page=&short_name=UP&state_name=UTTAR%20PRADESH&state_code=31&district_name=BASTI&district_code=3153&block_name=KAPTANGANJ&block_code=3153005&panchayat_name=POKHRA&panchayat_code=3153005054&fin_year=2025-2026&source=&work_code=3153005054/RC/958486255823735764&msr_no=4855&AttendanceDate=25/03/2026&Digest=MroCIIb2vttafYHTtibsZg",8
"BASTI","KAPTANGANJ","PARIWARPUR","3153005058/RC/958486255823693209","4820","https://mnregaweb4.nic.in/nregaarch/View_NMMS_atten_date_dtl_rpt.aspx?page=&short_name=UP&state_name=UTTAR%20PRADESH&state_code=31&district_name=BASTI&district_code=3153&block_name=KAPTANGANJ&block_code=3153005&panchayat_name=PARIWARPUR&panchayat_code=3153005058&fin_year=2025-2026&source=&work_code=3153005058/RC/958486255823693209&msr_no=4820&AttendanceDate=25/03/2026&Digest=Q9rRse+yi7VsNtdzUm0Asw",6
"BASTI","KUDARAHA","BHERWA","3153013009/RC/958486255823743141","7624","https://mnregaweb4.nic.in/nregaarch/View_NMMS_atten_date_dtl_rpt.aspx?page=&short_name=UP&state_name=UTTAR%20PRADESH&state_code=31&district_name=BASTI&district_code=3153&block_name=KUDARAHA&block_code=3153013&panchayat_name=BHERWA&panchayat_code=3153013009&fin_year=2025-2026&source=&work_code=3153013009/RC/958486255823743141&msr_no=7624&AttendanceDate=25/03/2026&Digest=At/BtFHr7n3Jqlm4eVG0gg",5
"BASTI","KUDARAHA","CHAUBAAH","3153013014/LD/958486255824934681","7774","https://mnregaweb4.nic.in/nregaarch/View_NMMS_atten_date_dtl_rpt.aspx?page=&short_name=UP&state_name=UTTAR%20PRADESH&state_code=31&district_name=BASTI&district_code=3153&block_name=KUDARAHA&block_code=3153013&panchayat_name=CHAUBAAH&panchayat_code=3153013014&fin_year=2025-2026&source=&work_code=3153013014/LD/958486255824934681&msr_no=7774&AttendanceDate=25/03/2026&Digest=Gkq6iKjw6eKZSqMVEByTyg",9
"BASTI","KUDARAHA","RASOOLPUR","3153013020/RC/958486255823670231","7966","https://mnregaweb4.nic.in/nregaarch/View_NMMS_atten_date_dtl_rpt.aspx?page=&short_name=UP&state_name=UTTAR%20PRADESH&state_code=31&district_name=BASTI&district_code=3153&block_name=KUDARAHA&block_code=3153013&panchayat_name=RASOOLPUR&panchayat_code=3153013020&fin_year=2025-2026&source=&work_code=3153013020/RC/958486255823670231&msr_no=7966&AttendanceDate=25/03/2026&Digest=h/OJxpCgSysq7SFYpI3/Cg",10
"BASTI","KUDARAHA","RASOOLPUR","3153013020/RC/958486255823670231","7969","https://mnregaweb4.nic.in/nregaarch/View_NMMS_atten_date_dtl_rpt.aspx?page=&short_name=UP&state_name=UTTAR%20PRADESH&state_code=31&district_name=BASTI&district_code=3153&block_name=KUDARAHA&block_code=3153013&panchayat_name=RASOOLPUR&panchayat_code=3153013020&fin_year=2025-2026&source=&work_code=3153013020/RC/958486255823670231&msr_no=7969&AttendanceDate=25/03/2026&Digest=iGqOD+a8VsKX7efHvCbltA",10
"BASTI","KUDARAHA","RASOOLPUR","3153013020/RC/958486255823670231","7972","https://mnregaweb4.nic.in/nregaarch/View_NMMS_atten_date_dtl_rpt.aspx?page=&short_name=UP&state_name=UTTAR%20PRADESH&state_code=31&district_name=BASTI&district_code=3153&block_name=KUDARAHA&block_code=3153013&panchayat_name=RASOOLPUR&panchayat_code=3153013020&fin_year=2025-2026&source=&work_code=3153013020/RC/958486255823670231&msr_no=7972&AttendanceDate=25/03/2026&Digest=RgrzkhIJ/sNesQy4ekDtWw",9
"BASTI","KUDARAHA","CHHIBRA","3153013023/RC/958486255823701120","7730","https://mnregaweb4.nic.in/nregaarch/View_NMMS_atten_date_dtl_rpt.aspx?page=&short_name=UP&state_name=UTTAR%20PRADESH&state_code=31&district_name=BASTI&district_code=3153&block_name=KUDARAHA&block_code=3153013&panchayat_name=CHHIBRA&panchayat_code=3153013023&fin_year=2025-2026&source=&work_code=3153013023/RC/958486255823701120&msr_no=7730&AttendanceDate=25/03/2026&Digest=9pSoZ0v6mXWybpp00ShfCg",2
"BASTI","KUDARAHA","CHHIBRA","3153013023/RC/958486255823701124","7731","https://mnregaweb4.nic.in/nregaarch/View_NMMS_atten_date_dtl_rpt.aspx?page=&short_name=UP&state_name=UTTAR%20PRADESH&state_code=31&district_name=BASTI&district_code=3153&block_name=KUDARAHA&block_code=3153013&panchayat_name=CHHIBRA&panchayat_code=3153013023&fin_year=2025-2026&source=&work_code=3153013023/RC/958486255823701124&msr_no=7731&AttendanceDate=25/03/2026&Digest=iSNlwpAzKRrJw4KiYbt7nw",8
"BASTI","KUDARAHA","GAURA ROHARI","3153013024/FP/958486255823604468","8208","https://mnregaweb4.nic.in/nregaarch/View_NMMS_atten_date_dtl_rpt.aspx?page=&short_name=UP&state_name=UTTAR%20PRADESH&state_code=31&district_name=BASTI&district_code=3153&block_name=KUDARAHA&block_code=3153013&panchayat_name=GAURA%20ROHARI&panchayat_code=3153013024&fin_year=2025-2026&source=&work_code=3153013024/FP/958486255823604468&msr_no=8208&AttendanceDate=25/03/2026&Digest=XTdpffm8Nw9RI3sOfdw02Q",10
"BASTI","KUDARAHA","GAURA ROHARI","3153013024/FP/958486255823604468","8211","https://mnregaweb4.nic.in/nregaarch/View_NMMS_atten_date_dtl_rpt.aspx?page=&short_name=UP&state_name=UTTAR%20PRADESH&state_code=31&district_name=BASTI&district_code=3153&block_name=KUDARAHA&block_code=3153013&panchayat_name=GAURA%20ROHARI&panchayat_code=3153013024&fin_year=2025-2026&source=&work_code=3153013024/FP/958486255823604468&msr_no=8211&AttendanceDate=25/03/2026&Digest=fHGqiLgz+mahMXrKprAXLg",2
"BASTI","KUDARAHA","GAURA ROHARI","3153013024/LD/958486255824973367","7593","https://mnregaweb4.nic.in/nregaarch/View_NMMS_atten_date_dtl_rpt.aspx?page=&short_name=UP&state_name=UTTAR%20PRADESH&state_code=31&district_name=BASTI&district_code=3153&block_name=KUDARAHA&block_code=3153013&panchayat_name=GAURA%20ROHARI&panchayat_code=3153013024&fin_year=2025-2026&source=&work_code=3153013024/LD/958486255824973367&msr_no=7593&AttendanceDate=25/03/2026&Digest=8NugF750y7Li8kLPv2RLuQ",10
"BASTI","KUDARAHA","GAURA ROHARI","3153013024/LD/958486255824973367","7596","https://mnregaweb4.nic.in/nregaarch/View_NMMS_atten_date_dtl_rpt.aspx?page=&short_name=UP&state_name=UTTAR%20PRADESH&state_code=31&district_name=BASTI&district_code=3153&block_name=KUDARAHA&block_code=3153013&panchayat_name=GAURA%20ROHARI&panchayat_code=3153013024&fin_year=2025-2026&source=&work_code=3153013024/LD/958486255824973367&msr_no=7596&AttendanceDate=25/03/2026&Digest=DSp6FYoDN8we8Mvn7BNblA",4
"BASTI","KUDARAHA","GANGAPUR","3153013025/AV/958486255824174967","7776","https://mnregaweb4.nic.in/nregaarch/View_NMMS_atten_date_dtl_rpt.aspx?page=&short_name=UP&state_name=UTTAR%20PRADESH&state_code=31&district_name=BASTI&district_code=3153&block_name=KUDARAHA&block_code=3153013&panchayat_name=GANGAPUR&panchayat_code=3153013025&fin_year=2025-2026&source=&work_code=3153013025/AV/958486255824174967&msr_no=7776&AttendanceDate=25/03/2026&Digest=EBGU0frPLD64InQHQ2Eo8A",5
"BASTI","KUDARAHA","GANGAPUR","3153013025/RC/958486255823679231","7777","https://mnregaweb4.nic.in/nregaarch/View_NMMS_atten_date_dtl_rpt.aspx?page=&short_name=UP&state_name=UTTAR%20PRADESH&state_code=31&district_name=BASTI&district_code=3153&block_name=KUDARAHA&block_code=3153013&panchayat_name=GANGAPUR&panchayat_code=3153013025&fin_year=2025-2026&source=&work_code=3153013025/RC/958486255823679231&msr_no=7777&AttendanceDate=25/03/2026&Digest=DNY2huwFuzlFoCQ3i/8UOg",10
"BASTI","KUDARAHA","THANWA MUDYARI","3153013027/LD/958486255824954841","7822","https://mnregaweb4.nic.in/nregaarch/View_NMMS_atten_date_dtl_rpt.aspx?page=&short_name=UP&state_name=UTTAR%20PRADESH&state_code=31&district_name=BASTI&district_code=3153&block_name=KUDARAHA&block_code=3153013&panchayat_name=THANWA%20MUDYARI&panchayat_code=3153013027&fin_year=2025-2026&source=&work_code=3153013027/LD/958486255824954841&msr_no=7822&AttendanceDate=25/03/2026&Digest=rAtdSp+s0SlSPdWXa13GTQ",1
"BASTI","KUDARAHA","KORMA","3153013029/RC/958486255823748490","8155","https://mnregaweb4.nic.in/nregaarch/View_NMMS_atten_date_dtl_rpt.aspx?page=&short_name=UP&state_name=UTTAR%20PRADESH&state_code=31&district_name=BASTI&district_code=3153&block_name=KUDARAHA&block_code=3153013&panchayat_name=KORMA&panchayat_code=3153013029&fin_year=2025-2026&source=&work_code=3153013029/RC/958486255823748490&msr_no=8155&AttendanceDate=25/03/2026&Digest=aQZ26/2m3khd90NXYIUZHQ",4
"BASTI","KUDARAHA","KORMA","3153013029/RC/958486255823748565","7911","https://mnregaweb4.nic.in/nregaarch/View_NMMS_atten_date_dtl_rpt.aspx?page=&short_name=UP&state_name=UTTAR%20PRADESH&state_code=31&district_name=BASTI&district_code=3153&block_name=KUDARAHA&block_code=3153013&panchayat_name=KORMA&panchayat_code=3153013029&fin_year=2025-2026&source=&work_code=3153013029/RC/958486255823748565&msr_no=7911&AttendanceDate=25/03/2026&Digest=n7pgXvet+p0ckNi10/RO1Q",9
"BASTI","KUDARAHA","CHARKAILA","3153013033/RC/958486255823751272","8146","https://mnregaweb4.nic.in/nregaarch/View_NMMS_atten_date_dtl_rpt.aspx?page=&short_name=UP&state_name=UTTAR%20PRADESH&state_code=31&district_name=BASTI&district_code=3153&block_name=KUDARAHA&block_code=3153013&panchayat_name=CHARKAILA&panchayat_code=3153013033&fin_year=2025-2026&source=&work_code=3153013033/RC/958486255823751272&msr_no=8146&AttendanceDate=25/03/2026&Digest=mtIt7QZxmLpL3CURsgAkyg",6
"BASTI","KUDARAHA","JAGANNATHPUR","3153013035/LD/958486255824982495","7659","https://mnregaweb4.nic.in/nregaarch/View_NMMS_atten_date_dtl_rpt.aspx?page=&short_name=UP&state_name=UTTAR%20PRADESH&state_code=31&district_name=BASTI&district_code=3153&block_name=KUDARAHA&block_code=3153013&panchayat_name=JAGANNATHPUR&panchayat_code=3153013035&fin_year=2025-2026&source=&work_code=3153013035/LD/958486255824982495&msr_no=7659&AttendanceDate=25/03/2026&Digest=G6ibA1dp0mUp57xTr5jbNQ",6
"BASTI","KUDARAHA","MADHOPUR","3153013038/RC/958486255823738295","7603","https://mnregaweb4.nic.in/nregaarch/View_NMMS_atten_date_dtl_rpt.aspx?page=&short_name=UP&state_name=UTTAR%20PRADESH&state_code=31&district_name=BASTI&district_code=3153&block_name=KUDARAHA&block_code=3153013&panchayat_name=MADHOPUR&panchayat_code=3153013038&fin_year=2025-2026&source=&work_code=3153013038/RC/958486255823738295&msr_no=7603&AttendanceDate=25/03/2026&Digest=AGJKY3SkkFUUbMvalKSqIw",4
"BASTI","KUDARAHA","KABRA KHAS","3153013043/RC/958486255823706794","7871","https://mnregaweb4.nic.in/nregaarch/View_NMMS_atten_date_dtl_rpt.aspx?page=&short_name=UP&state_name=UTTAR%20PRADESH&state_code=31&district_name=BASTI&district_code=3153&block_name=KUDARAHA&block_code=3153013&panchayat_name=KABRA%20KHAS&panchayat_code=3153013043&fin_year=2025-2026&source=&work_code=3153013043/RC/958486255823706794&msr_no=7871&AttendanceDate=25/03/2026&Digest=NiHsDvU+zp16gLH6vOpFaA",10
"BASTI","KUDARAHA","KABRA KHAS","3153013043/RC/958486255823706795","8125","https://mnregaweb4.nic.in/nregaarch/View_NMMS_atten_date_dtl_rpt.aspx?page=&short_name=UP&state_name=UTTAR%20PRADESH&state_code=31&district_name=BASTI&district_code=3153&block_name=KUDARAHA&block_code=3153013&panchayat_name=KABRA%20KHAS&panchayat_code=3153013043&fin_year=2025-2026&source=&work_code=3153013043/RC/958486255823706795&msr_no=8125&AttendanceDate=25/03/2026&Digest=gp6nkkvJKm+okd/7Ot44VQ",8
"BASTI","KUDARAHA","KABRA KHAS","3153013043/RC/958486255823706795","8128","https://mnregaweb4.nic.in/nregaarch/View_NMMS_atten_date_dtl_rpt.aspx?page=&short_name=UP&state_name=UTTAR%20PRADESH&state_code=31&district_name=BASTI&district_code=3153&block_name=KUDARAHA&block_code=3153013&panchayat_name=KABRA%20KHAS&panchayat_code=3153013043&fin_year=2025-2026&source=&work_code=3153013043/RC/958486255823706795&msr_no=8128&AttendanceDate=25/03/2026&Digest=DXo+SDUzq3Q6yNq+nvbs5w",9
"BASTI","KUDARAHA","PASRA","3153013046/LD/958486255824692148","7664","https://mnregaweb4.nic.in/nregaarch/View_NMMS_atten_date_dtl_rpt.aspx?page=&short_name=UP&state_name=UTTAR%20PRADESH&state_code=31&district_name=BASTI&district_code=3153&block_name=KUDARAHA&block_code=3153013&panchayat_name=PASRA&panchayat_code=3153013046&fin_year=2025-2026&source=&work_code=3153013046/LD/958486255824692148&msr_no=7664&AttendanceDate=25/03/2026&Digest=H2Ab2tRm//IFD7A/VTf2RA",10
"BASTI","KUDARAHA","PASRA","3153013046/RC/958486255823746514","7555","https://mnregaweb4.nic.in/nregaarch/View_NMMS_atten_date_dtl_rpt.aspx?page=&short_name=UP&state_name=UTTAR%20PRADESH&state_code=31&district_name=BASTI&district_code=3153&block_name=KUDARAHA&block_code=3153013&panchayat_name=PASRA&panchayat_code=3153013046&fin_year=2025-2026&source=&work_code=3153013046/RC/958486255823746514&msr_no=7555&AttendanceDate=25/03/2026&Digest=IwKdwqlj3s7FA8cUXMEfug",9
"BASTI","KUDARAHA","PASRA","3153013046/RC/958486255823746514","7558","https://mnregaweb4.nic.in/nregaarch/View_NMMS_atten_date_dtl_rpt.aspx?page=&short_name=UP&state_name=UTTAR%20PRADESH&state_code=31&district_name=BASTI&district_code=3153&block_name=KUDARAHA&block_code=3153013&panchayat_name=PASRA&panchayat_code=3153013046&fin_year=2025-2026&source=&work_code=3153013046/RC/958486255823746514&msr_no=7558&AttendanceDate=25/03/2026&Digest=qRuGayviFueSKBwragQqWQ",9
"BASTI","KUDARAHA","BAIRARI EHATMALI","3153013052/RC/958486255823747069","8163","https://mnregaweb4.nic.in/nregaarch/View_NMMS_atten_date_dtl_rpt.aspx?page=&short_name=UP&state_name=UTTAR%20PRADESH&state_code=31&district_name=BASTI&district_code=3153&block_name=KUDARAHA&block_code=3153013&panchayat_name=BAIRARI%20EHATMALI&panchayat_code=3153013052&fin_year=2025-2026&source=&work_code=3153013052/RC/958486255823747069&msr_no=8163&AttendanceDate=25/03/2026&Digest=JAtQMlRaXRMzWonxEdUoyA",2
"BASTI","KUDARAHA","HATHIYAVKALA","3153013054/RC/958486255823672224","7768","https://mnregaweb4.nic.in/nregaarch/View_NMMS_atten_date_dtl_rpt.aspx?page=&short_name=UP&state_name=UTTAR%20PRADESH&state_code=31&district_name=BASTI&district_code=3153&block_name=KUDARAHA&block_code=3153013&panchayat_name=HATHIYAVKALA&panchayat_code=3153013054&fin_year=2025-2026&source=&work_code=3153013054/RC/958486255823672224&msr_no=7768&AttendanceDate=25/03/2026&Digest=teMNSD3ofFgngqKPht+j+w",3
"BASTI","KUDARAHA","PAERMESHWARPUR","3153013056/RC/958486255823748250","8098","https://mnregaweb4.nic.in/nregaarch/View_NMMS_atten_date_dtl_rpt.aspx?page=&short_name=UP&state_name=UTTAR%20PRADESH&state_code=31&district_name=BASTI&district_code=3153&block_name=KUDARAHA&block_code=3153013&panchayat_name=PAERMESHWARPUR&panchayat_code=3153013056&fin_year=2025-2026&source=&work_code=3153013056/RC/958486255823748250&msr_no=8098&AttendanceDate=25/03/2026&Digest=6cOfAWkRRZARi2HKaje+WA",10
"BASTI","KUDARAHA","MANJHARIYA","3153013057/LD/958486255824945664","7648","https://mnregaweb4.nic.in/nregaarch/View_NMMS_atten_date_dtl_rpt.aspx?page=&short_name=UP&state_name=UTTAR%20PRADESH&state_code=31&district_name=BASTI&district_code=3153&block_name=KUDARAHA&block_code=3153013&panchayat_name=MANJHARIYA&panchayat_code=3153013057&fin_year=2025-2026&source=&work_code=3153013057/LD/958486255824945664&msr_no=7648&AttendanceDate=25/03/2026&Digest=g7MO3SsJY9H40qUu/xJdtw",10
"BASTI","KUDARAHA","MANJHARIYA","3153013057/LD/958486255824945664","7651","https://mnregaweb4.nic.in/nregaarch/View_NMMS_atten_date_dtl_rpt.aspx?page=&short_name=UP&state_name=UTTAR%20PRADESH&state_code=31&district_name=BASTI&district_code=3153&block_name=KUDARAHA&block_code=3153013&panchayat_name=MANJHARIYA&panchayat_code=3153013057&fin_year=2025-2026&source=&work_code=3153013057/LD/958486255824945664&msr_no=7651&AttendanceDate=25/03/2026&Digest=KK34AOgaSJbZMR6B9cTeUA",10
"BASTI","KUDARAHA","BAANPUR","3153013059/RC/958486255823693972","8173","https://mnregaweb4.nic.in/nregaarch/View_NMMS_atten_date_dtl_rpt.aspx?page=&short_name=UP&state_name=UTTAR%20PRADESH&state_code=31&district_name=BASTI&district_code=3153&block_name=KUDARAHA&block_code=3153013&panchayat_name=BAANPUR&panchayat_code=3153013059&fin_year=2025-2026&source=&work_code=3153013059/RC/958486255823693972&msr_no=8173&AttendanceDate=25/03/2026&Digest=cFiC8ohG4Qb8mCCEZI3z2A",10
"BASTI","KUDARAHA","BAANPUR","3153013059/RC/958486255823693972","8176","https://mnregaweb4.nic.in/nregaarch/View_NMMS_atten_date_dtl_rpt.aspx?page=&short_name=UP&state_name=UTTAR%20PRADESH&state_code=31&district_name=BASTI&district_code=3153&block_name=KUDARAHA&block_code=3153013&panchayat_name=BAANPUR&panchayat_code=3153013059&fin_year=2025-2026&source=&work_code=3153013059/RC/958486255823693972&msr_no=8176&AttendanceDate=25/03/2026&Digest=qMIpAqthErAIiN7pTfhKAQ",3
"BASTI","KUDARAHA","BAANPUR","3153013059/RC/958486255823694008","7706","https://mnregaweb4.nic.in/nregaarch/View_NMMS_atten_date_dtl_rpt.aspx?page=&short_name=UP&state_name=UTTAR%20PRADESH&state_code=31&district_name=BASTI&district_code=3153&block_name=KUDARAHA&block_code=3153013&panchayat_name=BAANPUR&panchayat_code=3153013059&fin_year=2025-2026&source=&work_code=3153013059/RC/958486255823694008&msr_no=7706&AttendanceDate=25/03/2026&Digest=cowGoRYN4eFgIqAwsEQuTA",10
"BASTI","BANKATI","DUBAULI KHURD","3153011109/RC/958486255823749300","9394","https://mnregaweb4.nic.in/nregaarch/View_NMMS_atten_date_dtl_rpt.aspx?page=&short_name=UP&state_name=UTTAR%20PRADESH&state_code=31&district_name=BASTI&district_code=3153&block_name=BANKATI&block_code=3153011&panchayat_name=DUBAULI%20KHURD&panchayat_code=3153011109&fin_year=2025-2026&source=&work_code=3153011109/RC/958486255823749300&msr_no=9394&AttendanceDate=25/03/2026&Digest=uHpieLc/CzFKt7t9wiFmzA",4
"BASTI","BANKATI","DUBAULI KHURD","3153011109/RC/958486255823749300","9397","https://mnregaweb4.nic.in/nregaarch/View_NMMS_atten_date_dtl_rpt.aspx?page=&short_name=UP&state_name=UTTAR%20PRADESH&state_code=31&district_name=BASTI&district_code=3153&block_name=BANKATI&block_code=3153011&panchayat_name=DUBAULI%20KHURD&panchayat_code=3153011109&fin_year=2025-2026&source=&work_code=3153011109/RC/958486255823749300&msr_no=9397&AttendanceDate=25/03/2026&Digest=y4K1uX4ycxcRDqKOoqm2oQ",6
"BASTI","BASTI","AVASHTAIPUR","3153010001/AV/958486255824150950","4345","https://mnregaweb4.nic.in/nregaarch/View_NMMS_atten_date_dtl_rpt.aspx?page=&short_name=UP&state_name=UTTAR%20PRADESH&state_code=31&district_name=BASTI&district_code=3153&block_name=BASTI&block_code=3153010&panchayat_name=AVASHTAIPUR&panchayat_code=3153010001&fin_year=2025-2026&source=&work_code=3153010001/AV/958486255824150950&msr_no=4345&AttendanceDate=25/03/2026&Digest=FBdwJOWgoRX83Z66cSsVcQ",9
"BASTI","BASTI","BHARAULI BABU","3153010016/RC/958486255823750651","4415","https://mnregaweb4.nic.in/nregaarch/View_NMMS_atten_date_dtl_rpt.aspx?page=&short_name=UP&state_name=UTTAR%20PRADESH&state_code=31&district_name=BASTI&district_code=3153&block_name=BASTI&block_code=3153010&panchayat_name=BHARAULI%20BABU&panchayat_code=3153010016&fin_year=2025-2026&source=&work_code=3153010016/RC/958486255823750651&msr_no=4415&AttendanceDate=25/03/2026&Digest=oebKeft6y4Dbfw+s9OgVEg",5
"BASTI","BASTI","ORAI","3153010065/WC/958486255824160997","4411","https://mnregaweb4.nic.in/nregaarch/View_NMMS_atten_date_dtl_rpt.aspx?page=&short_name=UP&state_name=UTTAR%20PRADESH&state_code=31&district_name=BASTI&district_code=3153&block_name=BASTI&block_code=3153010&panchayat_name=ORAI&panchayat_code=3153010065&fin_year=2025-2026&source=&work_code=3153010065/WC/958486255824160997&msr_no=4411&AttendanceDate=25/03/2026&Digest=4bvfhkUNxYkiOxb6f20eyA",8
"BASTI","BASTI","RAI PURA JUNGEL","3153010069/AV/958486255824176808","4389","https://mnregaweb4.nic.in/nregaarch/View_NMMS_atten_date_dtl_rpt.aspx?page=&short_name=UP&state_name=UTTAR%20PRADESH&state_code=31&district_name=BASTI&district_code=3153&block_name=BASTI&block_code=3153010&panchayat_name=RAI%20PURA%20JUNGEL&panchayat_code=3153010069&fin_year=2025-2026&source=&work_code=3153010069/AV/958486255824176808&msr_no=4389&AttendanceDate=25/03/2026&Digest=jv8BiW0Vv1D0UJhq232CjQ",3
"BASTI","DUBAULIYA","ASHOK PUR","3153014003/RC/958486255823554950","4346","https://mnregaweb4.nic.in/nregaarch/View_NMMS_atten_date_dtl_rpt.aspx?page=&short_name=UP&state_name=UTTAR%20PRADESH&state_code=31&district_name=BASTI&district_code=3153&block_name=DUBAULIYA&block_code=3153014&panchayat_name=ASHOK%20PUR&panchayat_code=3153014003&fin_year=2025-2026&source=&work_code=3153014003/RC/958486255823554950&msr_no=4346&AttendanceDate=25/03/2026&Digest=qqPLbdCgeDRqNMpmJsBadA",2
"BASTI","DUBAULIYA","CHILMAPARSAN","3153014004/LD/958486255824919567","4126","https://mnregaweb4.nic.in/nregaarch/View_NMMS_atten_date_dtl_rpt.aspx?page=&short_name=UP&state_name=UTTAR%20PRADESH&state_code=31&district_name=BASTI&district_code=3153&block_name=DUBAULIYA&block_code=3153014&panchayat_name=CHILMAPARSAN&panchayat_code=3153014004&fin_year=2025-2026&source=&work_code=3153014004/LD/958486255824919567&msr_no=4126&AttendanceDate=25/03/2026&Digest=EtqA+vJtWfyK7+rDAh4VsA",6
"BASTI","DUBAULIYA","DEWRAGANGWAR","3153014015/LD/958486255825001480","4188","https://mnregaweb4.nic.in/nregaarch/View_NMMS_atten_date_dtl_rpt.aspx?page=&short_name=UP&state_name=UTTAR%20PRADESH&state_code=31&district_name=BASTI&district_code=3153&block_name=DUBAULIYA&block_code=3153014&panchayat_name=DEWRAGANGWAR&panchayat_code=3153014015&fin_year=2025-2026&source=&work_code=3153014015/LD/958486255825001480&msr_no=4188&AttendanceDate=25/03/2026&Digest=vHQ2ijd5vzD8stK7eJ8w0Q",2
"BASTI","DUBAULIYA","DEWRAGANGWAR","3153014015/LD/958486255825001483","4189","https://mnregaweb4.nic.in/nregaarch/View_NMMS_atten_date_dtl_rpt.aspx?page=&short_name=UP&state_name=UTTAR%20PRADESH&state_code=31&district_name=BASTI&district_code=3153&block_name=DUBAULIYA&block_code=3153014&panchayat_name=DEWRAGANGWAR&panchayat_code=3153014015&fin_year=2025-2026&source=&work_code=3153014015/LD/958486255825001483&msr_no=4189&AttendanceDate=25/03/2026&Digest=bKkWZDI3/6E0sO5fz/uGMw",10
"BASTI","DUBAULIYA","PAYAK PUR","3153014025/RC/958486255823750947","4298","https://mnregaweb4.nic.in/nregaarch/View_NMMS_atten_date_dtl_rpt.aspx?page=&short_name=UP&state_name=UTTAR%20PRADESH&state_code=31&district_name=BASTI&district_code=3153&block_name=DUBAULIYA&block_code=3153014&panchayat_name=PAYAK%20PUR&panchayat_code=3153014025&fin_year=2025-2026&source=&work_code=3153014025/RC/958486255823750947&msr_no=4298&AttendanceDate=25/03/2026&Digest=jNSed17bE+V4AU7WJ/jMiw",10
"BASTI","DUBAULIYA","BHIURA","3153014026/RC/958486255823732619","4340","https://mnregaweb4.nic.in/nregaarch/View_NMMS_atten_date_dtl_rpt.aspx?page=&short_name=UP&state_name=UTTAR%20PRADESH&state_code=31&district_name=BASTI&district_code=3153&block_name=DUBAULIYA&block_code=3153014&panchayat_name=BHIURA&panchayat_code=3153014026&fin_year=2025-2026&source=&work_code=3153014026/RC/958486255823732619&msr_no=4340&AttendanceDate=25/03/2026&Digest=6XlgLl1OpmlC8vRpgwVnUg",1
"BASTI","DUBAULIYA","DUBAULIYA","3153014029/RC/958486255823737184","4136","https://mnregaweb4.nic.in/nregaarch/View_NMMS_atten_date_dtl_rpt.aspx?page=&short_name=UP&state_name=UTTAR%20PRADESH&state_code=31&district_name=BASTI&district_code=3153&block_name=DUBAULIYA&block_code=3153014&panchayat_name=DUBAULIYA&panchayat_code=3153014029&fin_year=2025-2026&source=&work_code=3153014029/RC/958486255823737184&msr_no=4136&AttendanceDate=25/03/2026&Digest=P3BN71c81pq3d+lqtsmAGw",3
"BASTI","DUBAULIYA","DUBAULIYA","3153014029/RC/958486255823749639","4383","https://mnregaweb4.nic.in/nregaarch/View_NMMS_atten_date_dtl_rpt.aspx?page=&short_name=UP&state_name=UTTAR%20PRADESH&state_code=31&district_name=BASTI&district_code=3153&block_name=DUBAULIYA&block_code=3153014&panchayat_name=DUBAULIYA&panchayat_code=3153014029&fin_year=2025-2026&source=&work_code=3153014029/RC/958486255823749639&msr_no=4383&AttendanceDate=25/03/2026&Digest=R89BO3I5lGszZcJxhVY80g",6
"BASTI","DUBAULIYA","LAXMANPUR","3153014030/LD/958486255824889814","4251","https://mnregaweb4.nic.in/nregaarch/View_NMMS_atten_date_dtl_rpt.aspx?page=&short_name=UP&state_name=UTTAR%20PRADESH&state_code=31&district_name=BASTI&district_code=3153&block_name=DUBAULIYA&block_code=3153014&panchayat_name=LAXMANPUR&panchayat_code=3153014030&fin_year=2025-2026&source=&work_code=3153014030/LD/958486255824889814&msr_no=4251&AttendanceDate=25/03/2026&Digest=Cak9BL3Z20lQc4GYsk+U8A",10
"BASTI","DUBAULIYA","BHAKRAHI","3153014035/RC/958486255823750365","4162","https://mnregaweb4.nic.in/nregaarch/View_NMMS_atten_date_dtl_rpt.aspx?page=&short_name=UP&state_name=UTTAR%20PRADESH&state_code=31&district_name=BASTI&district_code=3153&block_name=DUBAULIYA&block_code=3153014&panchayat_name=BHAKRAHI&panchayat_code=3153014035&fin_year=2025-2026&source=&work_code=3153014035/RC/958486255823750365&msr_no=4162&AttendanceDate=25/03/2026&Digest=OYggFHFvlRHNsig4bOemjw",4
"BASTI","DUBAULIYA","TIGHRA","3153014041/RC/958486255823694419","4290","https://mnregaweb4.nic.in/nregaarch/View_NMMS_atten_date_dtl_rpt.aspx?page=&short_name=UP&state_name=UTTAR%20PRADESH&state_code=31&district_name=BASTI&district_code=3153&block_name=DUBAULIYA&block_code=3153014&panchayat_name=TIGHRA&panchayat_code=3153014041&fin_year=2025-2026&source=&work_code=3153014041/RC/958486255823694419&msr_no=4290&AttendanceDate=25/03/2026&Digest=w0BxZdU8V2QlhRwA/YDQhw",9
"BASTI","DUBAULIYA","TIGHRA","3153014041/RC/958486255823750592","4288","https://mnregaweb4.nic.in/nregaarch/View_NMMS_atten_date_dtl_rpt.aspx?page=&short_name=UP&state_name=UTTAR%20PRADESH&state_code=31&district_name=BASTI&district_code=3153&block_name=DUBAULIYA&block_code=3153014&panchayat_name=TIGHRA&panchayat_code=3153014041&fin_year=2025-2026&source=&work_code=3153014041/RC/958486255823750592&msr_no=4288&AttendanceDate=25/03/2026&Digest=br9PmEMV7TBU66l1fdc5VA",9
"BASTI","DUBAULIYA","BARSAV","3153014055/RC/958486255823751326","4268","https://mnregaweb4.nic.in/nregaarch/View_NMMS_atten_date_dtl_rpt.aspx?page=&short_name=UP&state_name=UTTAR%20PRADESH&state_code=31&district_name=BASTI&district_code=3153&block_name=DUBAULIYA&block_code=3153014&panchayat_name=BARSAV&panchayat_code=3153014055&fin_year=2025-2026&source=&work_code=3153014055/RC/958486255823751326&msr_no=4268&AttendanceDate=25/03/2026&Digest=XyOR4tGCUO71Y6cGt4icpg",10
"BASTI","DUBAULIYA","BARSAV","3153014055/RC/958486255823751326","4271","https://mnregaweb4.nic.in/nregaarch/View_NMMS_atten_date_dtl_rpt.aspx?page=&short_name=UP&state_name=UTTAR%20PRADESH&state_code=31&district_name=BASTI&district_code=3153&block_name=DUBAULIYA&block_code=3153014&panchayat_name=BARSAV&panchayat_code=3153014055&fin_year=2025-2026&source=&work_code=3153014055/RC/958486255823751326&msr_no=4271&AttendanceDate=25/03/2026&Digest=1XuiPeBdP3gYVaKiujedaQ",10
"BASTI","DUBAULIYA","BASANTPUR","3153014056/RC/958486255823751367","4283","https://mnregaweb4.nic.in/nregaarch/View_NMMS_atten_date_dtl_rpt.aspx?page=&short_name=UP&state_name=UTTAR%20PRADESH&state_code=31&district_name=BASTI&district_code=3153&block_name=DUBAULIYA&block_code=3153014&panchayat_name=BASANTPUR&panchayat_code=3153014056&fin_year=2025-2026&source=&work_code=3153014056/RC/958486255823751367&msr_no=4283&AttendanceDate=25/03/2026&Digest=5SGJTU9KJmsO0L6VuartJw",4
"BASTI","DUBAULIYA","HARIPAL PUR","3153014060/RC/958486255823749903","4220","https://mnregaweb4.nic.in/nregaarch/View_NMMS_atten_date_dtl_rpt.aspx?page=&short_name=UP&state_name=UTTAR%20PRADESH&state_code=31&district_name=BASTI&district_code=3153&block_name=DUBAULIYA&block_code=3153014&panchayat_name=HARIPAL%20PUR&panchayat_code=3153014060&fin_year=2025-2026&source=&work_code=3153014060/RC/958486255823749903&msr_no=4220&AttendanceDate=25/03/2026&Digest=KU14kxw45HggKb9WPKB8Eg",3
"BASTI","GAUR","ASANHARA","3153002006/RC/958486255823746228","6486","https://mnregaweb4.nic.in/nregaarch/View_NMMS_atten_date_dtl_rpt.aspx?page=&short_name=UP&state_name=UTTAR%20PRADESH&state_code=31&district_name=BASTI&district_code=3153&block_name=GAUR&block_code=3153002&panchayat_name=ASANHARA&panchayat_code=3153002006&fin_year=2025-2026&source=&work_code=3153002006/RC/958486255823746228&msr_no=6486&AttendanceDate=25/03/2026&Digest=rY5EqVNd9Or9htBcciW45w",8
"BASTI","GAUR","HARDI","3153002043/IC/958486255823744557","6401","https://mnregaweb4.nic.in/nregaarch/View_NMMS_atten_date_dtl_rpt.aspx?page=&short_name=UP&state_name=UTTAR%20PRADESH&state_code=31&district_name=BASTI&district_code=3153&block_name=GAUR&block_code=3153002&panchayat_name=HARDI&panchayat_code=3153002043&fin_year=2025-2026&source=&work_code=3153002043/IC/958486255823744557&msr_no=6401&AttendanceDate=25/03/2026&Digest=dThaabzWCR5WU/3mKdG+7w",4
"BASTI","GAUR","HARDI","3153002043/WC/958486255824252613","6406","https://mnregaweb4.nic.in/nregaarch/View_NMMS_atten_date_dtl_rpt.aspx?page=&short_name=UP&state_name=UTTAR%20PRADESH&state_code=31&district_name=BASTI&district_code=3153&block_name=GAUR&block_code=3153002&panchayat_name=HARDI&panchayat_code=3153002043&fin_year=2025-2026&source=&work_code=3153002043/WC/958486255824252613&msr_no=6406&AttendanceDate=25/03/2026&Digest=OiHTMAsZACw9crg0hfl1hg",9
"BASTI","GAUR","KALIGARA","3153002048/LD/958486255824940643","6273","https://mnregaweb4.nic.in/nregaarch/View_NMMS_atten_date_dtl_rpt.aspx?page=&short_name=UP&state_name=UTTAR%20PRADESH&state_code=31&district_name=BASTI&district_code=3153&block_name=GAUR&block_code=3153002&panchayat_name=KALIGARA&panchayat_code=3153002048&fin_year=2025-2026&source=&work_code=3153002048/LD/958486255824940643&msr_no=6273&AttendanceDate=25/03/2026&Digest=AKnUHfBvibmuTOxAaxdSsA",7
"BASTI","GAUR","KHUTAHANA","3153002053/AV/958486255824177566","6340","https://mnregaweb4.nic.in/nregaarch/View_NMMS_atten_date_dtl_rpt.aspx?page=&short_name=UP&state_name=UTTAR%20PRADESH&state_code=31&district_name=BASTI&district_code=3153&block_name=GAUR&block_code=3153002&panchayat_name=KHUTAHANA&panchayat_code=3153002053&fin_year=2025-2026&source=&work_code=3153002053/AV/958486255824177566&msr_no=6340&AttendanceDate=25/03/2026&Digest=7Coyhf9mgJ736Pjl0HX7dQ",3
"BASTI","GAUR","MAHUVADABR","3153002059/AV/958486255824185057","6254","https://mnregaweb4.nic.in/nregaarch/View_NMMS_atten_date_dtl_rpt.aspx?page=&short_name=UP&state_name=UTTAR%20PRADESH&state_code=31&district_name=BASTI&district_code=3153&block_name=GAUR&block_code=3153002&panchayat_name=MAHUVADABR&panchayat_code=3153002059&fin_year=2025-2026&source=&work_code=3153002059/AV/958486255824185057&msr_no=6254&AttendanceDate=25/03/2026&Digest=5B1LPpmnrzRTvHw6raqzgw",10
"BASTI","GAUR","RANIPUR BABU","3153002080/IC/958486255823745018","6308","https://mnregaweb4.nic.in/nregaarch/View_NMMS_atten_date_dtl_rpt.aspx?page=&short_name=UP&state_name=UTTAR%20PRADESH&state_code=31&district_name=BASTI&district_code=3153&block_name=GAUR&block_code=3153002&panchayat_name=RANIPUR%20BABU&panchayat_code=3153002080&fin_year=2025-2026&source=&work_code=3153002080/IC/958486255823745018&msr_no=6308&AttendanceDate=25/03/2026&Digest=H4r63uwg4LyaVCihve9cZg",10
"BASTI","GAUR","RANIPUR BABU","3153002080/IC/958486255823745018","6311","https://mnregaweb4.nic.in/nregaarch/View_NMMS_atten_date_dtl_rpt.aspx?page=&short_name=UP&state_name=UTTAR%20PRADESH&state_code=31&district_name=BASTI&district_code=3153&block_name=GAUR&block_code=3153002&panchayat_name=RANIPUR%20BABU&panchayat_code=3153002080&fin_year=2025-2026&source=&work_code=3153002080/IC/958486255823745018&msr_no=6311&AttendanceDate=25/03/2026&Digest=HGQ2bJC++w1Ng+9IFnh31g",5
"BASTI","GAUR","RANIPUR BABU","3153002080/IC/958486255823745019","6579","https://mnregaweb4.nic.in/nregaarch/View_NMMS_atten_date_dtl_rpt.aspx?page=&short_name=UP&state_name=UTTAR%20PRADESH&state_code=31&district_name=BASTI&district_code=3153&block_name=GAUR&block_code=3153002&panchayat_name=RANIPUR%20BABU&panchayat_code=3153002080&fin_year=2025-2026&source=&work_code=3153002080/IC/958486255823745019&msr_no=6579&AttendanceDate=25/03/2026&Digest=fwTD2lBk1P0xVMeKe1kAOg",8
"BASTI","GAUR","SHEMRA","3153002086/LD/958486255825004508","6385","https://mnregaweb4.nic.in/nregaarch/View_NMMS_atten_date_dtl_rpt.aspx?page=&short_name=UP&state_name=UTTAR%20PRADESH&state_code=31&district_name=BASTI&district_code=3153&block_name=GAUR&block_code=3153002&panchayat_name=SHEMRA&panchayat_code=3153002086&fin_year=2025-2026&source=&work_code=3153002086/LD/958486255825004508&msr_no=6385&AttendanceDate=25/03/2026&Digest=pa8ph0kTlNPS6rjBWIYapA",10
"BASTI","GAUR","SHEMRA","3153002086/LD/958486255825004508","6388","https://mnregaweb4.nic.in/nregaarch/View_NMMS_atten_date_dtl_rpt.aspx?page=&short_name=UP&state_name=UTTAR%20PRADESH&state_code=31&district_name=BASTI&district_code=3153&block_name=GAUR&block_code=3153002&panchayat_name=SHEMRA&panchayat_code=3153002086&fin_year=2025-2026&source=&work_code=3153002086/LD/958486255825004508&msr_no=6388&AttendanceDate=25/03/2026&Digest=vs8Aetkj3a1vTh5nxtQKIg",4
"BASTI","GAUR","TENUI CHET SINGH","3153002092/IC/958486255823746518","6573","https://mnregaweb4.nic.in/nregaarch/View_NMMS_atten_date_dtl_rpt.aspx?page=&short_name=UP&state_name=UTTAR%20PRADESH&state_code=31&district_name=BASTI&district_code=3153&block_name=GAUR&block_code=3153002&panchayat_name=TENUI%20CHET%20SINGH&panchayat_code=3153002092&fin_year=2025-2026&source=&work_code=3153002092/IC/958486255823746518&msr_no=6573&AttendanceDate=25/03/2026&Digest=HLDAhl4vc79jcIRVFPGV+Q",10
"BASTI","GAUR","TENUI CHET SINGH","3153002092/IC/958486255823746518","6576","https://mnregaweb4.nic.in/nregaarch/View_NMMS_atten_date_dtl_rpt.aspx?page=&short_name=UP&state_name=UTTAR%20PRADESH&state_code=31&district_name=BASTI&district_code=3153&block_name=GAUR&block_code=3153002&panchayat_name=TENUI%20CHET%20SINGH&panchayat_code=3153002092&fin_year=2025-2026&source=&work_code=3153002092/IC/958486255823746518&msr_no=6576&AttendanceDate=25/03/2026&Digest=0vH6UURxUvkjFAt9/IybnQ",10
"BASTI","GAUR","GHAGHARIYA","3153002094/LD/958486255824988251","6390","https://mnregaweb4.nic.in/nregaarch/View_NMMS_atten_date_dtl_rpt.aspx?page=&short_name=UP&state_name=UTTAR%20PRADESH&state_code=31&district_name=BASTI&district_code=3153&block_name=GAUR&block_code=3153002&panchayat_name=GHAGHARIYA&panchayat_code=3153002094&fin_year=2025-2026&source=&work_code=3153002094/LD/958486255824988251&msr_no=6390&AttendanceDate=25/03/2026&Digest=IaDG9zKEYZwMneBDvQoPOg",9
"BASTI","HARRAIYA","BANS GAW","3153003031/LD/958486255824999776","6902","https://mnregaweb4.nic.in/nregaarch/View_NMMS_atten_date_dtl_rpt.aspx?page=&short_name=UP&state_name=UTTAR%20PRADESH&state_code=31&district_name=BASTI&district_code=3153&block_name=HARRAIYA&block_code=3153003&panchayat_name=BANS%20GAW&panchayat_code=3153003031&fin_year=2025-2026&source=&work_code=3153003031/LD/958486255824999776&msr_no=6902&AttendanceDate=25/03/2026&Digest=DYZKuZYG0U4Y4X2wjVdZzA",4
"BASTI","HARRAIYA","BANS GAW","3153003031/LD/958486255824999778","6893","https://mnregaweb4.nic.in/nregaarch/View_NMMS_atten_date_dtl_rpt.aspx?page=&short_name=UP&state_name=UTTAR%20PRADESH&state_code=31&district_name=BASTI&district_code=3153&block_name=HARRAIYA&block_code=3153003&panchayat_name=BANS%20GAW&panchayat_code=3153003031&fin_year=2025-2026&source=&work_code=3153003031/LD/958486255824999778&msr_no=6893&AttendanceDate=25/03/2026&Digest=RBiw1RFltjzc559kbTNBqg",10
"BASTI","HARRAIYA","SANGRAM PUR","3153003035/LD/958486255824958169","6823","https://mnregaweb4.nic.in/nregaarch/View_NMMS_atten_date_dtl_rpt.aspx?page=&short_name=UP&state_name=UTTAR%20PRADESH&state_code=31&district_name=BASTI&district_code=3153&block_name=HARRAIYA&block_code=3153003&panchayat_name=SANGRAM%20PUR&panchayat_code=3153003035&fin_year=2025-2026&source=&work_code=3153003035/LD/958486255824958169&msr_no=6823&AttendanceDate=25/03/2026&Digest=QB4Oxbk5UUfxjs7Sob97lg",7
"BASTI","HARRAIYA","SANGRAM PUR","3153003035/LD/958486255824958172","6821","https://mnregaweb4.nic.in/nregaarch/View_NMMS_atten_date_dtl_rpt.aspx?page=&short_name=UP&state_name=UTTAR%20PRADESH&state_code=31&district_name=BASTI&district_code=3153&block_name=HARRAIYA&block_code=3153003&panchayat_name=SANGRAM%20PUR&panchayat_code=3153003035&fin_year=2025-2026&source=&work_code=3153003035/LD/958486255824958172&msr_no=6821&AttendanceDate=25/03/2026&Digest=QBBHuF9oCh7Zw3KVrfuPPw",9
"BASTI","HARRAIYA","MARWATIA BHAWAN","3153003039/AV/958486255824176086","6920","https://mnregaweb4.nic.in/nregaarch/View_NMMS_atten_date_dtl_rpt.aspx?page=&short_name=UP&state_name=UTTAR%20PRADESH&state_code=31&district_name=BASTI&district_code=3153&block_name=HARRAIYA&block_code=3153003&panchayat_name=MARWATIA%20BHAWAN&panchayat_code=3153003039&fin_year=2025-2026&source=&work_code=3153003039/AV/958486255824176086&msr_no=6920&AttendanceDate=25/03/2026&Digest=nkodYnVE6SmcGwCbQucEcA",9
"BASTI","GAUR","RANIPUR BABU","3153002080/IC/958486255823745018","6307","https://mnregaweb4.nic.in/nregaarch/View_NMMS_atten_date_dtl_rpt.aspx?page=&short_name=UP&state_name=UTTAR%20PRADESH&state_code=31&district_name=BASTI&district_code=3153&block_name=GAUR&block_code=3153002&panchayat_name=RANIPUR%20BABU&panchayat_code=3153002080&fin_year=2025-2026&source=&work_code=3153002080/IC/958486255823745018&msr_no=6307&AttendanceDate=25/03/2026&Digest=pq/s+9mYidfw2s80jC4F9Q",8
"BASTI","GAUR","RANIPUR BABU","3153002080/IC/958486255823745018","6310","https://mnregaweb4.nic.in/nregaarch/View_NMMS_atten_date_dtl_rpt.aspx?page=&short_name=UP&state_name=UTTAR%20PRADESH&state_code=31&district_name=BASTI&district_code=3153&block_name=GAUR&block_code=3153002&panchayat_name=RANIPUR%20BABU&panchayat_code=3153002080&fin_year=2025-2026&source=&work_code=3153002080/IC/958486255823745018&msr_no=6310&AttendanceDate=25/03/2026&Digest=Y/R+KOt62pm3ykeE7EYwdA",10
"BASTI","GAUR","RANIPUR BABU","3153002080/IC/958486255823745019","6578","https://mnregaweb4.nic.in/nregaarch/View_NMMS_atten_date_dtl_rpt.aspx?page=&short_name=UP&state_name=UTTAR%20PRADESH&state_code=31&district_name=BASTI&district_code=3153&block_name=GAUR&block_code=3153002&panchayat_name=RANIPUR%20BABU&panchayat_code=3153002080&fin_year=2025-2026&source=&work_code=3153002080/IC/958486255823745019&msr_no=6578&AttendanceDate=25/03/2026&Digest=yTHOJCtwrzlvrMcs7OywlA",9
"BASTI","GAUR","RANIPUR BABU","3153002080/IC/958486255823745019","6581","https://mnregaweb4.nic.in/nregaarch/View_NMMS_atten_date_dtl_rpt.aspx?page=&short_name=UP&state_name=UTTAR%20PRADESH&state_code=31&district_name=BASTI&district_code=3153&block_name=GAUR&block_code=3153002&panchayat_name=RANIPUR%20BABU&panchayat_code=3153002080&fin_year=2025-2026&source=&work_code=3153002080/IC/958486255823745019&msr_no=6581&AttendanceDate=25/03/2026&Digest=btid1Vc4qYi59Lj57KntYQ",5
"BASTI","GAUR","SHEMRA","3153002086/LD/958486255825004508","6386","https://mnregaweb4.nic.in/nregaarch/View_NMMS_atten_date_dtl_rpt.aspx?page=&short_name=UP&state_name=UTTAR%20PRADESH&state_code=31&district_name=BASTI&district_code=3153&block_name=GAUR&block_code=3153002&panchayat_name=SHEMRA&panchayat_code=3153002086&fin_year=2025-2026&source=&work_code=3153002086/LD/958486255825004508&msr_no=6386&AttendanceDate=25/03/2026&Digest=370xHahH8ZBHwlsKW0z1lQ",10
"BASTI","GAUR","SUKRAOLI","3153002088/RC/958486255823751516","6592","https://mnregaweb4.nic.in/nregaarch/View_NMMS_atten_date_dtl_rpt.aspx?page=&short_name=UP&state_name=UTTAR%20PRADESH&state_code=31&district_name=BASTI&district_code=3153&block_name=GAUR&block_code=3153002&panchayat_name=SUKRAOLI&panchayat_code=3153002088&fin_year=2025-2026&source=&work_code=3153002088/RC/958486255823751516&msr_no=6592&AttendanceDate=25/03/2026&Digest=4NCJvu14K4j54GHBMpASDA",10
"BASTI","GAUR","TENUI CHET SINGH","3153002092/IC/958486255823745285","6345","https://mnregaweb4.nic.in/nregaarch/View_NMMS_atten_date_dtl_rpt.aspx?page=&short_name=UP&state_name=UTTAR%20PRADESH&state_code=31&district_name=BASTI&district_code=3153&block_name=GAUR&block_code=3153002&panchayat_name=TENUI%20CHET%20SINGH&panchayat_code=3153002092&fin_year=2025-2026&source=&work_code=3153002092/IC/958486255823745285&msr_no=6345&AttendanceDate=25/03/2026&Digest=Khk4s16ZMFXHJjfjZbOZbQ",2
"BASTI","GAUR","TENUI CHET SINGH","3153002092/IC/958486255823746518","6574","https://mnregaweb4.nic.in/nregaarch/View_NMMS_atten_date_dtl_rpt.aspx?page=&short_name=UP&state_name=UTTAR%20PRADESH&state_code=31&district_name=BASTI&district_code=3153&block_name=GAUR&block_code=3153002&panchayat_name=TENUI%20CHET%20SINGH&panchayat_code=3153002092&fin_year=2025-2026&source=&work_code=3153002092/IC/958486255823746518&msr_no=6574&AttendanceDate=25/03/2026&Digest=o/l3Ob7RjOG6sWFJMIr/ew",7
"BASTI","GAUR","TENUI CHET SINGH","3153002092/IC/958486255823746518","6577","https://mnregaweb4.nic.in/nregaarch/View_NMMS_atten_date_dtl_rpt.aspx?page=&short_name=UP&state_name=UTTAR%20PRADESH&state_code=31&district_name=BASTI&district_code=3153&block_name=GAUR&block_code=3153002&panchayat_name=TENUI%20CHET%20SINGH&panchayat_code=3153002092&fin_year=2025-2026&source=&work_code=3153002092/IC/958486255823746518&msr_no=6577&AttendanceDate=25/03/2026&Digest=Xb3Og0VP0hqnwbaUR/v35Q",3
"BASTI","GAUR","GHAGHARIYA","3153002094/LD/958486255824988251","6391","https://mnregaweb4.nic.in/nregaarch/View_NMMS_atten_date_dtl_rpt.aspx?page=&short_name=UP&state_name=UTTAR%20PRADESH&state_code=31&district_name=BASTI&district_code=3153&block_name=GAUR&block_code=3153002&panchayat_name=GHAGHARIYA&panchayat_code=3153002094&fin_year=2025-2026&source=&work_code=3153002094/LD/958486255824988251&msr_no=6391&AttendanceDate=25/03/2026&Digest=enyAdH1bfxf5fDJzZRXzgA",9
"BASTI","GAUR","SAURAHA","3153002107/LD/958486255824938807","6291","https://mnregaweb4.nic.in/nregaarch/View_NMMS_atten_date_dtl_rpt.aspx?page=&short_name=UP&state_name=UTTAR%20PRADESH&state_code=31&district_name=BASTI&district_code=3153&block_name=GAUR&block_code=3153002&panchayat_name=SAURAHA&panchayat_code=3153002107&fin_year=2025-2026&source=&work_code=3153002107/LD/958486255824938807&msr_no=6291&AttendanceDate=25/03/2026&Digest=i8EGqkQEmenDRo4xRaPVaA",2
"BASTI","HARRAIYA","BHITI MISHR","3153003010/LD/958486255824946085","6845","https://mnregaweb4.nic.in/nregaarch/View_NMMS_atten_date_dtl_rpt.aspx?page=&short_name=UP&state_name=UTTAR%20PRADESH&state_code=31&district_name=BASTI&district_code=3153&block_name=HARRAIYA&block_code=3153003&panchayat_name=BHITI%20MISHR&panchayat_code=3153003010&fin_year=2025-2026&source=&work_code=3153003010/LD/958486255824946085&msr_no=6845&AttendanceDate=25/03/2026&Digest=zkp+Xu3QnCPYRJLLdA4czQ",10
"BASTI","HARRAIYA","BELBHARIYA RAM GULAM","3153003017/LD/958486255825009419","6994","https://mnregaweb4.nic.in/nregaarch/View_NMMS_atten_date_dtl_rpt.aspx?page=&short_name=UP&state_name=UTTAR%20PRADESH&state_code=31&district_name=BASTI&district_code=3153&block_name=HARRAIYA&block_code=3153003&panchayat_name=BELBHARIYA%20RAM%20GULAM&panchayat_code=3153003017&fin_year=2025-2026&source=&work_code=3153003017/LD/958486255825009419&msr_no=6994&AttendanceDate=25/03/2026&Digest=YiZR7vWOJe6f5mcZTmfrHg",9
"BASTI","HARRAIYA","BHAIRO PUR","3153003027/RC/YD/958486255823736251","6940","https://mnregaweb4.nic.in/nregaarch/View_NMMS_atten_date_dtl_rpt.aspx?page=&short_name=UP&state_name=UTTAR%20PRADESH&state_code=31&district_name=BASTI&district_code=3153&block_name=HARRAIYA&block_code=3153003&panchayat_name=BHAIRO%20PUR&panchayat_code=3153003027&fin_year=2025-2026&source=&work_code=3153003027/RC/YD/958486255823736251&msr_no=6940&AttendanceDate=25/03/2026&Digest=0O+IM3Js/2ejq56m0CGeGA",9
"BASTI","HARRAIYA","BANS GAW","3153003031/LD/958486255824999778","6894","https://mnregaweb4.nic.in/nregaarch/View_NMMS_atten_date_dtl_rpt.aspx?page=&short_name=UP&state_name=UTTAR%20PRADESH&state_code=31&district_name=BASTI&district_code=3153&block_name=HARRAIYA&block_code=3153003&panchayat_name=BANS%20GAW&panchayat_code=3153003031&fin_year=2025-2026&source=&work_code=3153003031/LD/958486255824999778&msr_no=6894&AttendanceDate=25/03/2026&Digest=A6mS7UZpnhtDrpCejPfn0Q",10
"BASTI","HARRAIYA","MARWATIA BHAWAN","3153003039/AV/958486255824176086","6919","https://mnregaweb4.nic.in/nregaarch/View_NMMS_atten_date_dtl_rpt.aspx?page=&short_name=UP&state_name=UTTAR%20PRADESH&state_code=31&district_name=BASTI&district_code=3153&block_name=HARRAIYA&block_code=3153003&panchayat_name=MARWATIA%20BHAWAN&panchayat_code=3153003039&fin_year=2025-2026&source=&work_code=3153003039/AV/958486255824176086&msr_no=6919&AttendanceDate=25/03/2026&Digest=C9D2l+R+sxnImKFepwU05A",10
"BASTI","HARRAIYA","BHARGAWA","3153003058/RC/958486255823718541","6856","https://mnregaweb4.nic.in/nregaarch/View_NMMS_atten_date_dtl_rpt.aspx?page=&short_name=UP&state_name=UTTAR%20PRADESH&state_code=31&district_name=BASTI&district_code=3153&block_name=HARRAIYA&block_code=3153003&panchayat_name=BHARGAWA&panchayat_code=3153003058&fin_year=2025-2026&source=&work_code=3153003058/RC/958486255823718541&msr_no=6856&AttendanceDate=25/03/2026&Digest=3RixO8x4vkW44p/LsyfqUg",10
"BASTI","HARRAIYA","KHAMHARIA GANGARAM","3153003061/LD/958486255824988270","6913","https://mnregaweb4.nic.in/nregaarch/View_NMMS_atten_date_dtl_rpt.aspx?page=&short_name=UP&state_name=UTTAR%20PRADESH&state_code=31&district_name=BASTI&district_code=3153&block_name=HARRAIYA&block_code=3153003&panchayat_name=KHAMHARIA%20GANGARAM&panchayat_code=3153003061&fin_year=2025-2026&source=&work_code=3153003061/LD/958486255824988270&msr_no=6913&AttendanceDate=25/03/2026&Digest=6Axbwew9qyjt22znYz85jA",10
"BASTI","HARRAIYA","KHAMHARIA GANGARAM","3153003061/LD/958486255824988270","6916","https://mnregaweb4.nic.in/nregaarch/View_NMMS_atten_date_dtl_rpt.aspx?page=&short_name=UP&state_name=UTTAR%20PRADESH&state_code=31&district_name=BASTI&district_code=3153&block_name=HARRAIYA&block_code=3153003&panchayat_name=KHAMHARIA%20GANGARAM&panchayat_code=3153003061&fin_year=2025-2026&source=&work_code=3153003061/LD/958486255824988270&msr_no=6916&AttendanceDate=25/03/2026&Digest=TMQ+nIWBwTRun0sedkuGIg",5
"BASTI","HARRAIYA","KHAMHARIA GANGARAM","3153003061/LD/958486255824988274","6923","https://mnregaweb4.nic.in/nregaarch/View_NMMS_atten_date_dtl_rpt.aspx?page=&short_name=UP&state_name=UTTAR%20PRADESH&state_code=31&district_name=BASTI&district_code=3153&block_name=HARRAIYA&block_code=3153003&panchayat_name=KHAMHARIA%20GANGARAM&panchayat_code=3153003061&fin_year=2025-2026&source=&work_code=3153003061/LD/958486255824988274&msr_no=6923&AttendanceDate=25/03/2026&Digest=J233UACOaqlb9vMblOabxQ",10
"BASTI","HARRAIYA","KHAMHARIA GANGARAM","3153003061/LD/958486255824988274","6926","https://mnregaweb4.nic.in/nregaarch/View_NMMS_atten_date_dtl_rpt.aspx?page=&short_name=UP&state_name=UTTAR%20PRADESH&state_code=31&district_name=BASTI&district_code=3153&block_name=HARRAIYA&block_code=3153003&panchayat_name=KHAMHARIA%20GANGARAM&panchayat_code=3153003061&fin_year=2025-2026&source=&work_code=3153003061/LD/958486255824988274&msr_no=6926&AttendanceDate=25/03/2026&Digest=mi/wn+DYNzlh17C9IP1fcw",10
"BASTI","HARRAIYA","PURAINA KHAS","3153003065/AV/958486255824184943","6989","https://mnregaweb4.nic.in/nregaarch/View_NMMS_atten_date_dtl_rpt.aspx?page=&short_name=UP&state_name=UTTAR%20PRADESH&state_code=31&district_name=BASTI&district_code=3153&block_name=HARRAIYA&block_code=3153003&panchayat_name=PURAINA%20KHAS&panchayat_code=3153003065&fin_year=2025-2026&source=&work_code=3153003065/AV/958486255824184943&msr_no=6989&AttendanceDate=25/03/2026&Digest=vpomY3FXNhQ/4OwKgREmNQ",6
"BASTI","HARRAIYA","BHADAWAL KALA","3153003074/WH/958486255823988938","6871","https://mnregaweb4.nic.in/nregaarch/View_NMMS_atten_date_dtl_rpt.aspx?page=&short_name=UP&state_name=UTTAR%20PRADESH&state_code=31&district_name=BASTI&district_code=3153&block_name=HARRAIYA&block_code=3153003&panchayat_name=BHADAWAL%20KALA&panchayat_code=3153003074&fin_year=2025-2026&source=&work_code=3153003074/WH/958486255823988938&msr_no=6871&AttendanceDate=25/03/2026&Digest=rNQKaBA2jsKnfKRN89C4Ew",10
"BASTI","HARRAIYA","BHADAWAL KALA","3153003074/WH/958486255823988938","6874","https://mnregaweb4.nic.in/nregaarch/View_NMMS_atten_date_dtl_rpt.aspx?page=&short_name=UP&state_name=UTTAR%20PRADESH&state_code=31&district_name=BASTI&district_code=3153&block_name=HARRAIYA&block_code=3153003&panchayat_name=BHADAWAL%20KALA&panchayat_code=3153003074&fin_year=2025-2026&source=&work_code=3153003074/WH/958486255823988938&msr_no=6874&AttendanceDate=25/03/2026&Digest=7+MVOiJwrNWFbS3EezaJTA",10
"BASTI","HARRAIYA","SHAMBHUPUR","3153003077/WC/958486255823257967","6842","https://mnregaweb4.nic.in/nregaarch/View_NMMS_atten_date_dtl_rpt.aspx?page=&short_name=UP&state_name=UTTAR%20PRADESH&state_code=31&district_name=BASTI&district_code=3153&block_name=HARRAIYA&block_code=3153003&panchayat_name=SHAMBHUPUR&panchayat_code=3153003077&fin_year=2025-2026&source=&work_code=3153003077/WC/958486255823257967&msr_no=6842&AttendanceDate=25/03/2026&Digest=7x3f5MrtoUmwkCE/sIA2xQ",10
"BASTI","HARRAIYA","KESHAWPUR","3153003079/LD/958486255824879264","6977","https://mnregaweb4.nic.in/nregaarch/View_NMMS_atten_date_dtl_rpt.aspx?page=&short_name=UP&state_name=UTTAR%20PRADESH&state_code=31&district_name=BASTI&district_code=3153&block_name=HARRAIYA&block_code=3153003&panchayat_name=KESHAWPUR&panchayat_code=3153003079&fin_year=2025-2026&source=&work_code=3153003079/LD/958486255824879264&msr_no=6977&AttendanceDate=25/03/2026&Digest=ZxvgrPtb2tMFa1UvYfWlrw",10
"BASTI","HARRAIYA","KESHAWPUR","3153003079/LD/958486255824879264","6980","https://mnregaweb4.nic.in/nregaarch/View_NMMS_atten_date_dtl_rpt.aspx?page=&short_name=UP&state_name=UTTAR%20PRADESH&state_code=31&district_name=BASTI&district_code=3153&block_name=HARRAIYA&block_code=3153003&panchayat_name=KESHAWPUR&panchayat_code=3153003079&fin_year=2025-2026&source=&work_code=3153003079/LD/958486255824879264&msr_no=6980&AttendanceDate=25/03/2026&Digest=2Ern+XMmc3EJSDOfZkszDQ",6
"BASTI","HARRAIYA","KESHAWPUR","3153003079/LD/958486255825004294","6973","https://mnregaweb4.nic.in/nregaarch/View_NMMS_atten_date_dtl_rpt.aspx?page=&short_name=UP&state_name=UTTAR%20PRADESH&state_code=31&district_name=BASTI&district_code=3153&block_name=HARRAIYA&block_code=3153003&panchayat_name=KESHAWPUR&panchayat_code=3153003079&fin_year=2025-2026&source=&work_code=3153003079/LD/958486255825004294&msr_no=6973&AttendanceDate=25/03/2026&Digest=pd+wC1v315u5iO+1Wm6fjQ",10
"BASTI","HARRAIYA","KESHAWPUR","3153003079/LD/958486255825004294","6976","https://mnregaweb4.nic.in/nregaarch/View_NMMS_atten_date_dtl_rpt.aspx?page=&short_name=UP&state_name=UTTAR%20PRADESH&state_code=31&district_name=BASTI&district_code=3153&block_name=HARRAIYA&block_code=3153003&panchayat_name=KESHAWPUR&panchayat_code=3153003079&fin_year=2025-2026&source=&work_code=3153003079/LD/958486255825004294&msr_no=6976&AttendanceDate=25/03/2026&Digest=zKFcKLaBu9fvWAWAP4Vf4A",2
"BASTI","HARRAIYA","KISHUNPUR","3153003084/RC/958486255823446020","6949","https://mnregaweb4.nic.in/nregaarch/View_NMMS_atten_date_dtl_rpt.aspx?page=&short_name=UP&state_name=UTTAR%20PRADESH&state_code=31&district_name=BASTI&district_code=3153&block_name=HARRAIYA&block_code=3153003&panchayat_name=KISHUNPUR&panchayat_code=3153003084&fin_year=2025-2026&source=&work_code=3153003084/RC/958486255823446020&msr_no=6949&AttendanceDate=25/03/2026&Digest=Zsvn+uIIJS29WYduUOIKQw",10
"BASTI","HARRAIYA","KISHUNPUR","3153003084/RC/958486255823446033","6948","https://mnregaweb4.nic.in/nregaarch/View_NMMS_atten_date_dtl_rpt.aspx?page=&short_name=UP&state_name=UTTAR%20PRADESH&state_code=31&district_name=BASTI&district_code=3153&block_name=HARRAIYA&block_code=3153003&panchayat_name=KISHUNPUR&panchayat_code=3153003084&fin_year=2025-2026&source=&work_code=3153003084/RC/958486255823446033&msr_no=6948&AttendanceDate=25/03/2026&Digest=cj3Df7J0rRW2BlzYvusf2Q",7
"BASTI","HARRAIYA","RAJAULI","3153003097/IC/958486255823741420","6885","https://mnregaweb4.nic.in/nregaarch/View_NMMS_atten_date_dtl_rpt.aspx?page=&short_name=UP&state_name=UTTAR%20PRADESH&state_code=31&district_name=BASTI&district_code=3153&block_name=HARRAIYA&block_code=3153003&panchayat_name=RAJAULI&panchayat_code=3153003097&fin_year=2025-2026&source=&work_code=3153003097/IC/958486255823741420&msr_no=6885&AttendanceDate=25/03/2026&Digest=JS/SyTAmTdr4yDKXLk7SJA",5
"BASTI","KAPTANGANJ","PENDA","3153005007/RC/958486255823747915","4910","https://mnregaweb4.nic.in/nregaarch/View_NMMS_atten_date_dtl_rpt.aspx?page=&short_name=UP&state_name=UTTAR%20PRADESH&state_code=31&district_name=BASTI&district_code=3153&block_name=KAPTANGANJ&block_code=3153005&panchayat_name=PENDA&panchayat_code=3153005007&fin_year=2025-2026&source=&work_code=3153005007/RC/958486255823747915&msr_no=4910&AttendanceDate=25/03/2026&Digest=WpuvT112QXSKHy11v2vi2g",7
"BASTI","KAPTANGANJ","PINESAR","3153005021/RC/958486255823733126","4804","https://mnregaweb4.nic.in/nregaarch/View_NMMS_atten_date_dtl_rpt.aspx?page=&short_name=UP&state_name=UTTAR%20PRADESH&state_code=31&district_name=BASTI&district_code=3153&block_name=KAPTANGANJ&block_code=3153005&panchayat_name=PINESAR&panchayat_code=3153005021&fin_year=2025-2026&source=&work_code=3153005021/RC/958486255823733126&msr_no=4804&AttendanceDate=25/03/2026&Digest=N3KgI8RDlZKyV4ZUzgi6Xw",4
"BASTI","KAPTANGANJ","NARAYANPUR","3153005025/RC/958486255823747055","4889","https://mnregaweb4.nic.in/nregaarch/View_NMMS_atten_date_dtl_rpt.aspx?page=&short_name=UP&state_name=UTTAR%20PRADESH&state_code=31&district_name=BASTI&district_code=3153&block_name=KAPTANGANJ&block_code=3153005&panchayat_name=NARAYANPUR&panchayat_code=3153005025&fin_year=2025-2026&source=&work_code=3153005025/RC/958486255823747055&msr_no=4889&AttendanceDate=25/03/2026&Digest=LVx/4A674B6CkTB49z80Jg",8
"BASTI","KAPTANGANJ","SARWALIYA","3153005034/RC/958486255823718353","4903","https://mnregaweb4.nic.in/nregaarch/View_NMMS_atten_date_dtl_rpt.aspx?page=&short_name=UP&state_name=UTTAR%20PRADESH&state_code=31&district_name=BASTI&district_code=3153&block_name=KAPTANGANJ&block_code=3153005&panchayat_name=SARWALIYA&panchayat_code=3153005034&fin_year=2025-2026&source=&work_code=3153005034/RC/958486255823718353&msr_no=4903&AttendanceDate=25/03/2026&Digest=L2Jx4fPSGIQP7als5g/3kw",1
"BASTI","KAPTANGANJ","BARHNI","3153005046/RC/YD/958486255823698430","4809","https://mnregaweb4.nic.in/nregaarch/View_NMMS_atten_date_dtl_rpt.aspx?page=&short_name=UP&state_name=UTTAR%20PRADESH&state_code=31&district_name=BASTI&district_code=3153&block_name=KAPTANGANJ&block_code=3153005&panchayat_name=BARHNI&panchayat_code=3153005046&fin_year=2025-2026&source=&work_code=3153005046/RC/YD/958486255823698430&msr_no=4809&AttendanceDate=25/03/2026&Digest=HpTaFYOwk3T6mPDnPwznTA",9
"BASTI","KAPTANGANJ","POKHRA","3153005054/RC/958486255823652439","4945","https://mnregaweb4.nic.in/nregaarch/View_NMMS_atten_date_dtl_rpt.aspx?page=&short_name=UP&state_name=UTTAR%20PRADESH&state_code=31&district_name=BASTI&district_code=3153&block_name=KAPTANGANJ&block_code=3153005&panchayat_name=POKHRA&panchayat_code=3153005054&fin_year=2025-2026&source=&work_code=3153005054/RC/958486255823652439&msr_no=4945&AttendanceDate=25/03/2026&Digest=E+gKqjw4hs4wDT7RGSG+yw",10
"BASTI","KAPTANGANJ","POKHRA","3153005054/RC/958486255823652439","4948","https://mnregaweb4.nic.in/nregaarch/View_NMMS_atten_date_dtl_rpt.aspx?page=&short_name=UP&state_name=UTTAR%20PRADESH&state_code=31&district_name=BASTI&district_code=3153&block_name=KAPTANGANJ&block_code=3153005&panchayat_name=POKHRA&panchayat_code=3153005054&fin_year=2025-2026&source=&work_code=3153005054/RC/958486255823652439&msr_no=4948&AttendanceDate=25/03/2026&Digest=gbkz1KWEVjZxBakDrn0u6A",1
"BASTI","KAPTANGANJ","POKHRA","3153005054/RC/958486255823736562","4851","https://mnregaweb4.nic.in/nregaarch/View_NMMS_atten_date_dtl_rpt.aspx?page=&short_name=UP&state_name=UTTAR%20PRADESH&state_code=31&district_name=BASTI&district_code=3153&block_name=KAPTANGANJ&block_code=3153005&panchayat_name=POKHRA&panchayat_code=3153005054&fin_year=2025-2026&source=&work_code=3153005054/RC/958486255823736562&msr_no=4851&AttendanceDate=25/03/2026&Digest=l8dzRKQ2ODn9xnyy+H9PIA",10
"BASTI","GAUR","SITKOHER","3153002104/RC/958486255823740262","6393","https://mnregaweb4.nic.in/nregaarch/View_NMMS_atten_date_dtl_rpt.aspx?page=&short_name=UP&state_name=UTTAR%20PRADESH&state_code=31&district_name=BASTI&district_code=3153&block_name=GAUR&block_code=3153002&panchayat_name=SITKOHER&panchayat_code=3153002104&fin_year=2025-2026&source=&work_code=3153002104/RC/958486255823740262&msr_no=6393&AttendanceDate=25/03/2026&Digest=iwaX5ob343fKhHsMQg/gNA",10
"BASTI","GAUR","SITKOHER","3153002104/RC/958486255823740266","6359","https://mnregaweb4.nic.in/nregaarch/View_NMMS_atten_date_dtl_rpt.aspx?page=&short_name=UP&state_name=UTTAR%20PRADESH&state_code=31&district_name=BASTI&district_code=3153&block_name=GAUR&block_code=3153002&panchayat_name=SITKOHER&panchayat_code=3153002104&fin_year=2025-2026&source=&work_code=3153002104/RC/958486255823740266&msr_no=6359&AttendanceDate=25/03/2026&Digest=aE6U2r01aImHD0GcHPgY2A",7
"BASTI","GAUR","BHITA","3153002105/RC/958486255823662851","6583","https://mnregaweb4.nic.in/nregaarch/View_NMMS_atten_date_dtl_rpt.aspx?page=&short_name=UP&state_name=UTTAR%20PRADESH&state_code=31&district_name=BASTI&district_code=3153&block_name=GAUR&block_code=3153002&panchayat_name=BHITA&panchayat_code=3153002105&fin_year=2025-2026&source=&work_code=3153002105/RC/958486255823662851&msr_no=6583&AttendanceDate=25/03/2026&Digest=t+AvdxkDVKoHfozgmOLxxg",3
"BASTI","GAUR","SAURAHA","3153002107/WC/958486255824252674","6368","https://mnregaweb4.nic.in/nregaarch/View_NMMS_atten_date_dtl_rpt.aspx?page=&short_name=UP&state_name=UTTAR%20PRADESH&state_code=31&district_name=BASTI&district_code=3153&block_name=GAUR&block_code=3153002&panchayat_name=SAURAHA&panchayat_code=3153002107&fin_year=2025-2026&source=&work_code=3153002107/WC/958486255824252674&msr_no=6368&AttendanceDate=25/03/2026&Digest=ZXj7BJvnf9Nb0aBs6MppzA",8
"BASTI","HARRAIYA","BELBHARIYA RAM GULAM","3153003017/LD/958486255825009419","6997","https://mnregaweb4.nic.in/nregaarch/View_NMMS_atten_date_dtl_rpt.aspx?page=&short_name=UP&state_name=UTTAR%20PRADESH&state_code=31&district_name=BASTI&district_code=3153&block_name=HARRAIYA&block_code=3153003&panchayat_name=BELBHARIYA%20RAM%20GULAM&panchayat_code=3153003017&fin_year=2025-2026&source=&work_code=3153003017/LD/958486255825009419&msr_no=6997&AttendanceDate=25/03/2026&Digest=OiKkXMtTnYwBqQ0HRQl30A",10
"BASTI","HARRAIYA","BELBHARIYA RAM GULAM","3153003017/LD/958486255825009419","7000","https://mnregaweb4.nic.in/nregaarch/View_NMMS_atten_date_dtl_rpt.aspx?page=&short_name=UP&state_name=UTTAR%20PRADESH&state_code=31&district_name=BASTI&district_code=3153&block_name=HARRAIYA&block_code=3153003&panchayat_name=BELBHARIYA%20RAM%20GULAM&panchayat_code=3153003017&fin_year=2025-2026&source=&work_code=3153003017/LD/958486255825009419&msr_no=7000&AttendanceDate=25/03/2026&Digest=ctlvC258xwm1vDHlyT5wJA",10
"BASTI","HARRAIYA","MAHUAPAR","3153003018/LD/958486255824931758","6889","https://mnregaweb4.nic.in/nregaarch/View_NMMS_atten_date_dtl_rpt.aspx?page=&short_name=UP&state_name=UTTAR%20PRADESH&state_code=31&district_name=BASTI&district_code=3153&block_name=HARRAIYA&block_code=3153003&panchayat_name=MAHUAPAR&panchayat_code=3153003018&fin_year=2025-2026&source=&work_code=3153003018/LD/958486255824931758&msr_no=6889&AttendanceDate=25/03/2026&Digest=F5kvojmr4XRiZRrxgUAM4w",10
"BASTI","HARRAIYA","MAHUAPAR","3153003018/LD/958486255824931758","6892","https://mnregaweb4.nic.in/nregaarch/View_NMMS_atten_date_dtl_rpt.aspx?page=&short_name=UP&state_name=UTTAR%20PRADESH&state_code=31&district_name=BASTI&district_code=3153&block_name=HARRAIYA&block_code=3153003&panchayat_name=MAHUAPAR&panchayat_code=3153003018&fin_year=2025-2026&source=&work_code=3153003018/LD/958486255824931758&msr_no=6892&AttendanceDate=25/03/2026&Digest=5TciV1dYUWCTD+jRmCwpYQ",10
"BASTI","HARRAIYA","RATANPUR RAI","3153003026/LD/958486255825004588","6779","https://mnregaweb4.nic.in/nregaarch/View_NMMS_atten_date_dtl_rpt.aspx?page=&short_name=UP&state_name=UTTAR%20PRADESH&state_code=31&district_name=BASTI&district_code=3153&block_name=HARRAIYA&block_code=3153003&panchayat_name=RATANPUR%20RAI&panchayat_code=3153003026&fin_year=2025-2026&source=&work_code=3153003026/LD/958486255825004588&msr_no=6779&AttendanceDate=25/03/2026&Digest=j7SlSrTWtTc06v3rRpUYPg",10
"BASTI","HARRAIYA","BHAIRO PUR","3153003027/RC/YD/958486255823735828","6941","https://mnregaweb4.nic.in/nregaarch/View_NMMS_atten_date_dtl_rpt.aspx?page=&short_name=UP&state_name=UTTAR%20PRADESH&state_code=31&district_name=BASTI&district_code=3153&block_name=HARRAIYA&block_code=3153003&panchayat_name=BHAIRO%20PUR&panchayat_code=3153003027&fin_year=2025-2026&source=&work_code=3153003027/RC/YD/958486255823735828&msr_no=6941&AttendanceDate=25/03/2026&Digest=Cr4tZfNp0myXY9g2c04uCQ",10
"BASTI","HARRAIYA","BANS GAW","3153003031/LD/958486255824994674","6898","https://mnregaweb4.nic.in/nregaarch/View_NMMS_atten_date_dtl_rpt.aspx?page=&short_name=UP&state_name=UTTAR%20PRADESH&state_code=31&district_name=BASTI&district_code=3153&block_name=HARRAIYA&block_code=3153003&panchayat_name=BANS%20GAW&panchayat_code=3153003031&fin_year=2025-2026&source=&work_code=3153003031/LD/958486255824994674&msr_no=6898&AttendanceDate=25/03/2026&Digest=lPJnr2+oGaQKl13XDgUdCQ",10
"BASTI","HARRAIYA","KHAMAHRIA SUJAT","3153003072/LD/958486255825008862","6829","https://mnregaweb4.nic.in/nregaarch/View_NMMS_atten_date_dtl_rpt.aspx?page=&short_name=UP&state_name=UTTAR%20PRADESH&state_code=31&district_name=BASTI&district_code=3153&block_name=HARRAIYA&block_code=3153003&panchayat_name=KHAMAHRIA%20SUJAT&panchayat_code=3153003072&fin_year=2025-2026&source=&work_code=3153003072/LD/958486255825008862&msr_no=6829&AttendanceDate=25/03/2026&Digest=LJ/Fe7HZuWEZhzRZ+gh5Wg",10
"BASTI","HARRAIYA","BHADAWAL KALA","3153003074/LD/958486255825010527","6868","https://mnregaweb4.nic.in/nregaarch/View_NMMS_atten_date_dtl_rpt.aspx?page=&short_name=UP&state_name=UTTAR%20PRADESH&state_code=31&district_name=BASTI&district_code=3153&block_name=HARRAIYA&block_code=3153003&panchayat_name=BHADAWAL%20KALA&panchayat_code=3153003074&fin_year=2025-2026&source=&work_code=3153003074/LD/958486255825010527&msr_no=6868&AttendanceDate=25/03/2026&Digest=3wNEQJzzBPT88hI3XvZgXA",8
"BASTI","HARRAIYA","BHADAWAL KALA","3153003074/WH/958486255823988938","6877","https://mnregaweb4.nic.in/nregaarch/View_NMMS_atten_date_dtl_rpt.aspx?page=&short_name=UP&state_name=UTTAR%20PRADESH&state_code=31&district_name=BASTI&district_code=3153&block_name=HARRAIYA&block_code=3153003&panchayat_name=BHADAWAL%20KALA&panchayat_code=3153003074&fin_year=2025-2026&source=&work_code=3153003074/WH/958486255823988938&msr_no=6877&AttendanceDate=25/03/2026&Digest=QQ+Bkj2iHsKx8LqPl2HyoQ",10
"BASTI","HARRAIYA","KISHUNPUR","3153003084/RC/958486255823542539","6946","https://mnregaweb4.nic.in/nregaarch/View_NMMS_atten_date_dtl_rpt.aspx?page=&short_name=UP&state_name=UTTAR%20PRADESH&state_code=31&district_name=BASTI&district_code=3153&block_name=HARRAIYA&block_code=3153003&panchayat_name=KISHUNPUR&panchayat_code=3153003084&fin_year=2025-2026&source=&work_code=3153003084/RC/958486255823542539&msr_no=6946&AttendanceDate=25/03/2026&Digest=GkOeli7nBuOT4YAM88LiZg",10
"BASTI","KAPTANGANJ","PENDA","3153005007/RC/958486255823747915","4913","https://mnregaweb4.nic.in/nregaarch/View_NMMS_atten_date_dtl_rpt.aspx?page=&short_name=UP&state_name=UTTAR%20PRADESH&state_code=31&district_name=BASTI&district_code=3153&block_name=KAPTANGANJ&block_code=3153005&panchayat_name=PENDA&panchayat_code=3153005007&fin_year=2025-2026&source=&work_code=3153005007/RC/958486255823747915&msr_no=4913&AttendanceDate=25/03/2026&Digest=lAg2hqKJEhjPN5jpRRlM0A",1
"BASTI","KAPTANGANJ","BAGHAUDA","3153005008/RC/958486255823700091","4845","https://mnregaweb4.nic.in/nregaarch/View_NMMS_atten_date_dtl_rpt.aspx?page=&short_name=UP&state_name=UTTAR%20PRADESH&state_code=31&district_name=BASTI&district_code=3153&block_name=KAPTANGANJ&block_code=3153005&panchayat_name=BAGHAUDA&panchayat_code=3153005008&fin_year=2025-2026&source=&work_code=3153005008/RC/958486255823700091&msr_no=4845&AttendanceDate=25/03/2026&Digest=FxlpoCfFd9ZqTSJ27Evwdg",9
"BASTI","KAPTANGANJ","BESAURA","3153005031/RC/958486255823680624","4860","https://mnregaweb4.nic.in/nregaarch/View_NMMS_atten_date_dtl_rpt.aspx?page=&short_name=UP&state_name=UTTAR%20PRADESH&state_code=31&district_name=BASTI&district_code=3153&block_name=KAPTANGANJ&block_code=3153005&panchayat_name=BESAURA&panchayat_code=3153005031&fin_year=2025-2026&source=&work_code=3153005031/RC/958486255823680624&msr_no=4860&AttendanceDate=25/03/2026&Digest=mH53jCJen0A5ei2YYK0uJg",9
"BASTI","KAPTANGANJ","BARHNI","3153005046/RC/YD/958486255823698430","4812","https://mnregaweb4.nic.in/nregaarch/View_NMMS_atten_date_dtl_rpt.aspx?page=&short_name=UP&state_name=UTTAR%20PRADESH&state_code=31&district_name=BASTI&district_code=3153&block_name=KAPTANGANJ&block_code=3153005&panchayat_name=BARHNI&panchayat_code=3153005046&fin_year=2025-2026&source=&work_code=3153005046/RC/YD/958486255823698430&msr_no=4812&AttendanceDate=25/03/2026&Digest=klIZgN1qyuxVNPAA3ynqtw",7
"BASTI","KAPTANGANJ","POKHRA","3153005054/RC/958486255823736565","4949","https://mnregaweb4.nic.in/nregaarch/View_NMMS_atten_date_dtl_rpt.aspx?page=&short_name=UP&state_name=UTTAR%20PRADESH&state_code=31&district_name=BASTI&district_code=3153&block_name=KAPTANGANJ&block_code=3153005&panchayat_name=POKHRA&panchayat_code=3153005054&fin_year=2025-2026&source=&work_code=3153005054/RC/958486255823736565&msr_no=4949&AttendanceDate=25/03/2026&Digest=y7zDXFXTPB8uaFdkgxTlPw",10
"BASTI","KAPTANGANJ","POKHRA","3153005054/RC/958486255823736565","4952","https://mnregaweb4.nic.in/nregaarch/View_NMMS_atten_date_dtl_rpt.aspx?page=&short_name=UP&state_name=UTTAR%20PRADESH&state_code=31&district_name=BASTI&district_code=3153&block_name=KAPTANGANJ&block_code=3153005&panchayat_name=POKHRA&panchayat_code=3153005054&fin_year=2025-2026&source=&work_code=3153005054/RC/958486255823736565&msr_no=4952&AttendanceDate=25/03/2026&Digest=kwjyxbQLdZ4SRD4jxkiPQg",1
"BASTI","KAPTANGANJ","NAIKAPAR","3153005057/LD/958486255824964925","4865","https://mnregaweb4.nic.in/nregaarch/View_NMMS_atten_date_dtl_rpt.aspx?page=&short_name=UP&state_name=UTTAR%20PRADESH&state_code=31&district_name=BASTI&district_code=3153&block_name=KAPTANGANJ&block_code=3153005&panchayat_name=NAIKAPAR&panchayat_code=3153005057&fin_year=2025-2026&source=&work_code=3153005057/LD/958486255824964925&msr_no=4865&AttendanceDate=25/03/2026&Digest=ILw+3XkoyP7EATqJzESDtA",4
"BASTI","KAPTANGANJ","PARIWARPUR","3153005058/RC/958486255823726572","4896","https://mnregaweb4.nic.in/nregaarch/View_NMMS_atten_date_dtl_rpt.aspx?page=&short_name=UP&state_name=UTTAR%20PRADESH&state_code=31&district_name=BASTI&district_code=3153&block_name=KAPTANGANJ&block_code=3153005&panchayat_name=PARIWARPUR&panchayat_code=3153005058&fin_year=2025-2026&source=&work_code=3153005058/RC/958486255823726572&msr_no=4896&AttendanceDate=25/03/2026&Digest=ermzwg7H7sD0+PUshPghAA",7
"BASTI","KUDARAHA","PIPARPATI MUSTAHKAM","3153013004/RC/958486255823748170","8064","https://mnregaweb4.nic.in/nregaarch/View_NMMS_atten_date_dtl_rpt.aspx?page=&short_name=UP&state_name=UTTAR%20PRADESH&state_code=31&district_name=BASTI&district_code=3153&block_name=KUDARAHA&block_code=3153013&panchayat_name=PIPARPATI%20MUSTAHKAM&panchayat_code=3153013004&fin_year=2025-2026&source=&work_code=3153013004/RC/958486255823748170&msr_no=8064&AttendanceDate=25/03/2026&Digest=QuA2g+biGboXs3n8L+bMpQ",10
"BASTI","KUDARAHA","PIPARPATI MUSTAHKAM","3153013004/RC/958486255823749540","8068","https://mnregaweb4.nic.in/nregaarch/View_NMMS_atten_date_dtl_rpt.aspx?page=&short_name=UP&state_name=UTTAR%20PRADESH&state_code=31&district_name=BASTI&district_code=3153&block_name=KUDARAHA&block_code=3153013&panchayat_name=PIPARPATI%20MUSTAHKAM&panchayat_code=3153013004&fin_year=2025-2026&source=&work_code=3153013004/RC/958486255823749540&msr_no=8068&AttendanceDate=25/03/2026&Digest=sjdJIZULg/DmbwDnEAtZAw",7
"BASTI","KUDARAHA","AKELA KUBERPUR","3153013008/RC/958486255823594326","8056","https://mnregaweb4.nic.in/nregaarch/View_NMMS_atten_date_dtl_rpt.aspx?page=&short_name=UP&state_name=UTTAR%20PRADESH&state_code=31&district_name=BASTI&district_code=3153&block_name=KUDARAHA&block_code=3153013&panchayat_name=AKELA%20KUBERPUR&panchayat_code=3153013008&fin_year=2025-2026&source=&work_code=3153013008/RC/958486255823594326&msr_no=8056&AttendanceDate=25/03/2026&Digest=7lPYYi92mFO+iJLq4HyURA",10
"BASTI","KUDARAHA","AKELA KUBERPUR","3153013008/RC/958486255823749188","7988","https://mnregaweb4.nic.in/nregaarch/View_NMMS_atten_date_dtl_rpt.aspx?page=&short_name=UP&state_name=UTTAR%20PRADESH&state_code=31&district_name=BASTI&district_code=3153&block_name=KUDARAHA&block_code=3153013&panchayat_name=AKELA%20KUBERPUR&panchayat_code=3153013008&fin_year=2025-2026&source=&work_code=3153013008/RC/958486255823749188&msr_no=7988&AttendanceDate=25/03/2026&Digest=ek3To99o49XQ/t5YwwDU+g",10
"BASTI","KUDARAHA","AKELA KUBERPUR","3153013008/RC/958486255823749188","7991","https://mnregaweb4.nic.in/nregaarch/View_NMMS_atten_date_dtl_rpt.aspx?page=&short_name=UP&state_name=UTTAR%20PRADESH&state_code=31&district_name=BASTI&district_code=3153&block_name=KUDARAHA&block_code=3153013&panchayat_name=AKELA%20KUBERPUR&panchayat_code=3153013008&fin_year=2025-2026&source=&work_code=3153013008/RC/958486255823749188&msr_no=7991&AttendanceDate=25/03/2026&Digest=2sR2XGtS9YX+KvbgxDFagw",10
"BASTI","KUDARAHA","BHERWA","3153013009/RC/958486255823743141","7625","https://mnregaweb4.nic.in/nregaarch/View_NMMS_atten_date_dtl_rpt.aspx?page=&short_name=UP&state_name=UTTAR%20PRADESH&state_code=31&district_name=BASTI&district_code=3153&block_name=KUDARAHA&block_code=3153013&panchayat_name=BHERWA&panchayat_code=3153013009&fin_year=2025-2026&source=&work_code=3153013009/RC/958486255823743141&msr_no=7625&AttendanceDate=25/03/2026&Digest=BMO7z9vEZKqaALMQPlv4sQ",4
"BASTI","KUDARAHA","CHAUBAAH","3153013014/LD/958486255824934681","7772","https://mnregaweb4.nic.in/nregaarch/View_NMMS_atten_date_dtl_rpt.aspx?page=&short_name=UP&state_name=UTTAR%20PRADESH&state_code=31&district_name=BASTI&district_code=3153&block_name=KUDARAHA&block_code=3153013&panchayat_name=CHAUBAAH&panchayat_code=3153013014&fin_year=2025-2026&source=&work_code=3153013014/LD/958486255824934681&msr_no=7772&AttendanceDate=25/03/2026&Digest=jHBH34LeL5mWAxFjnx3ZpA",10
"BASTI","KUDARAHA","RASOOLPUR","3153013020/RC/958486255823670232","7975","https://mnregaweb4.nic.in/nregaarch/View_NMMS_atten_date_dtl_rpt.aspx?page=&short_name=UP&state_name=UTTAR%20PRADESH&state_code=31&district_name=BASTI&district_code=3153&block_name=KUDARAHA&block_code=3153013&panchayat_name=RASOOLPUR&panchayat_code=3153013020&fin_year=2025-2026&source=&work_code=3153013020/RC/958486255823670232&msr_no=7975&AttendanceDate=25/03/2026&Digest=qNzv0+gVfP2whdE114v2WA",10
"BASTI","KUDARAHA","CHAKIYA","3153013021/LD/958486255825007259","8143","https://mnregaweb4.nic.in/nregaarch/View_NMMS_atten_date_dtl_rpt.aspx?page=&short_name=UP&state_name=UTTAR%20PRADESH&state_code=31&district_name=BASTI&district_code=3153&block_name=KUDARAHA&block_code=3153013&panchayat_name=CHAKIYA&panchayat_code=3153013021&fin_year=2025-2026&source=&work_code=3153013021/LD/958486255825007259&msr_no=8143&AttendanceDate=25/03/2026&Digest=VEck8SEZhbkr5qWYFGk67w",9
"BASTI","KUDARAHA","GAURA ROHARI","3153013024/FP/958486255823604468","8206","https://mnregaweb4.nic.in/nregaarch/View_NMMS_atten_date_dtl_rpt.aspx?page=&short_name=UP&state_name=UTTAR%20PRADESH&state_code=31&district_name=BASTI&district_code=3153&block_name=KUDARAHA&block_code=3153013&panchayat_name=GAURA%20ROHARI&panchayat_code=3153013024&fin_year=2025-2026&source=&work_code=3153013024/FP/958486255823604468&msr_no=8206&AttendanceDate=25/03/2026&Digest=KHHanYItougQiEq70k7fRg",9
"BASTI","KUDARAHA","GAURA ROHARI","3153013024/LD/958486255824973367","7591","https://mnregaweb4.nic.in/nregaarch/View_NMMS_atten_date_dtl_rpt.aspx?page=&short_name=UP&state_name=UTTAR%20PRADESH&state_code=31&district_name=BASTI&district_code=3153&block_name=KUDARAHA&block_code=3153013&panchayat_name=GAURA%20ROHARI&panchayat_code=3153013024&fin_year=2025-2026&source=&work_code=3153013024/LD/958486255824973367&msr_no=7591&AttendanceDate=25/03/2026&Digest=a1f2srRQn6lciuGtq6po4A",8
"BASTI","KUDARAHA","GAURA ROHARI","3153013024/LD/958486255824973367","7594","https://mnregaweb4.nic.in/nregaarch/View_NMMS_atten_date_dtl_rpt.aspx?page=&short_name=UP&state_name=UTTAR%20PRADESH&state_code=31&district_name=BASTI&district_code=3153&block_name=KUDARAHA&block_code=3153013&panchayat_name=GAURA%20ROHARI&panchayat_code=3153013024&fin_year=2025-2026&source=&work_code=3153013024/LD/958486255824973367&msr_no=7594&AttendanceDate=25/03/2026&Digest=pF8f9aPRJD5Hj5DhHkJVhg",10
"BASTI","KUDARAHA","SUVRAHA","3153013026/WC/958486255824251727","8041","https://mnregaweb4.nic.in/nregaarch/View_NMMS_atten_date_dtl_rpt.aspx?page=&short_name=UP&state_name=UTTAR%20PRADESH&state_code=31&district_name=BASTI&district_code=3153&block_name=KUDARAHA&block_code=3153013&panchayat_name=SUVRAHA&panchayat_code=3153013026&fin_year=2025-2026&source=&work_code=3153013026/WC/958486255824251727&msr_no=8041&AttendanceDate=25/03/2026&Digest=uwFrNv3ChpfJ1gG+MciNEQ",10
"BASTI","KUDARAHA","THANWA MUDYARI","3153013027/LD/958486255824954841","7820","https://mnregaweb4.nic.in/nregaarch/View_NMMS_atten_date_dtl_rpt.aspx?page=&short_name=UP&state_name=UTTAR%20PRADESH&state_code=31&district_name=BASTI&district_code=3153&block_name=KUDARAHA&block_code=3153013&panchayat_name=THANWA%20MUDYARI&panchayat_code=3153013027&fin_year=2025-2026&source=&work_code=3153013027/LD/958486255824954841&msr_no=7820&AttendanceDate=25/03/2026&Digest=kwmKEi564/6UHN1UTOHIfQ",6
"BASTI","KUDARAHA","AMAIPAR","3153013032/RC/958486255823694994","7941","https://mnregaweb4.nic.in/nregaarch/View_NMMS_atten_date_dtl_rpt.aspx?page=&short_name=UP&state_name=UTTAR%20PRADESH&state_code=31&district_name=BASTI&district_code=3153&block_name=KUDARAHA&block_code=3153013&panchayat_name=AMAIPAR&panchayat_code=3153013032&fin_year=2025-2026&source=&work_code=3153013032/RC/958486255823694994&msr_no=7941&AttendanceDate=25/03/2026&Digest=8kv/6I3pkAJGqGBrNcczpg",10
"BASTI","KUDARAHA","AMAIPAR","3153013032/RC/958486255823735251","7917","https://mnregaweb4.nic.in/nregaarch/View_NMMS_atten_date_dtl_rpt.aspx?page=&short_name=UP&state_name=UTTAR%20PRADESH&state_code=31&district_name=BASTI&district_code=3153&block_name=KUDARAHA&block_code=3153013&panchayat_name=AMAIPAR&panchayat_code=3153013032&fin_year=2025-2026&source=&work_code=3153013032/RC/958486255823735251&msr_no=7917&AttendanceDate=25/03/2026&Digest=woqAdmiADLeicfEp/wDonA",7
"BASTI","KUDARAHA","AMAIPAR","3153013032/RC/958486255823735251","7920","https://mnregaweb4.nic.in/nregaarch/View_NMMS_atten_date_dtl_rpt.aspx?page=&short_name=UP&state_name=UTTAR%20PRADESH&state_code=31&district_name=BASTI&district_code=3153&block_name=KUDARAHA&block_code=3153013&panchayat_name=AMAIPAR&panchayat_code=3153013032&fin_year=2025-2026&source=&work_code=3153013032/RC/958486255823735251&msr_no=7920&AttendanceDate=25/03/2026&Digest=+2B1EsQOkgJNeG6aRW4qyQ",2
"BASTI","GAUR","TENUI CHET SINGH","3153002092/IC/958486255823745285","6343","https://mnregaweb4.nic.in/nregaarch/View_NMMS_atten_date_dtl_rpt.aspx?page=&short_name=UP&state_name=UTTAR%20PRADESH&state_code=31&district_name=BASTI&district_code=3153&block_name=GAUR&block_code=3153002&panchayat_name=TENUI%20CHET%20SINGH&panchayat_code=3153002092&fin_year=2025-2026&source=&work_code=3153002092/IC/958486255823745285&msr_no=6343&AttendanceDate=25/03/2026&Digest=mliUtAXQc/BCnnUU65UBOQ",8
"BASTI","GAUR","TENUI CHET SINGH","3153002092/IC/958486255823746518","6575","https://mnregaweb4.nic.in/nregaarch/View_NMMS_atten_date_dtl_rpt.aspx?page=&short_name=UP&state_name=UTTAR%20PRADESH&state_code=31&district_name=BASTI&district_code=3153&block_name=GAUR&block_code=3153002&panchayat_name=TENUI%20CHET%20SINGH&panchayat_code=3153002092&fin_year=2025-2026&source=&work_code=3153002092/IC/958486255823746518&msr_no=6575&AttendanceDate=25/03/2026&Digest=WSt0OQwaFLg/stiMP8oufw",7
"BASTI","GAUR","MADANPURA","3153002100/RC/958486255823737298","6476","https://mnregaweb4.nic.in/nregaarch/View_NMMS_atten_date_dtl_rpt.aspx?page=&short_name=UP&state_name=UTTAR%20PRADESH&state_code=31&district_name=BASTI&district_code=3153&block_name=GAUR&block_code=3153002&panchayat_name=MADANPURA&panchayat_code=3153002100&fin_year=2025-2026&source=&work_code=3153002100/RC/958486255823737298&msr_no=6476&AttendanceDate=25/03/2026&Digest=Ky7w8/t4PkauFZZAY/4CHw",7
"BASTI","GAUR","SITKOHER","3153002104/RC/958486255823740262","6395","https://mnregaweb4.nic.in/nregaarch/View_NMMS_atten_date_dtl_rpt.aspx?page=&short_name=UP&state_name=UTTAR%20PRADESH&state_code=31&district_name=BASTI&district_code=3153&block_name=GAUR&block_code=3153002&panchayat_name=SITKOHER&panchayat_code=3153002104&fin_year=2025-2026&source=&work_code=3153002104/RC/958486255823740262&msr_no=6395&AttendanceDate=25/03/2026&Digest=5r/wIQoVlPUBqsFl5BMCjw",10
"BASTI","GAUR","BHITA","3153002105/RC/958486255823662851","6582","https://mnregaweb4.nic.in/nregaarch/View_NMMS_atten_date_dtl_rpt.aspx?page=&short_name=UP&state_name=UTTAR%20PRADESH&state_code=31&district_name=BASTI&district_code=3153&block_name=GAUR&block_code=3153002&panchayat_name=BHITA&panchayat_code=3153002105&fin_year=2025-2026&source=&work_code=3153002105/RC/958486255823662851&msr_no=6582&AttendanceDate=25/03/2026&Digest=3cwyglcpc4vpHNlxCUBiTQ",6
"BASTI","GAUR","SAURAHA","3153002107/WC/958486255824252674","6369","https://mnregaweb4.nic.in/nregaarch/View_NMMS_atten_date_dtl_rpt.aspx?page=&short_name=UP&state_name=UTTAR%20PRADESH&state_code=31&district_name=BASTI&district_code=3153&block_name=GAUR&block_code=3153002&panchayat_name=SAURAHA&panchayat_code=3153002107&fin_year=2025-2026&source=&work_code=3153002107/WC/958486255824252674&msr_no=6369&AttendanceDate=25/03/2026&Digest=e6T61D5lUjs2jodr4MjoKg",10
"BASTI","HARRAIYA","BHITI MISHR","3153003010/LD/958486255824946085","6846","https://mnregaweb4.nic.in/nregaarch/View_NMMS_atten_date_dtl_rpt.aspx?page=&short_name=UP&state_name=UTTAR%20PRADESH&state_code=31&district_name=BASTI&district_code=3153&block_name=HARRAIYA&block_code=3153003&panchayat_name=BHITI%20MISHR&panchayat_code=3153003010&fin_year=2025-2026&source=&work_code=3153003010/LD/958486255824946085&msr_no=6846&AttendanceDate=25/03/2026&Digest=51gEmWINhULk+a2W6vL8iQ",2
"BASTI","HARRAIYA","RATANPUR RAI","3153003026/LD/958486255825004588","6777","https://mnregaweb4.nic.in/nregaarch/View_NMMS_atten_date_dtl_rpt.aspx?page=&short_name=UP&state_name=UTTAR%20PRADESH&state_code=31&district_name=BASTI&district_code=3153&block_name=HARRAIYA&block_code=3153003&panchayat_name=RATANPUR%20RAI&panchayat_code=3153003026&fin_year=2025-2026&source=&work_code=3153003026/LD/958486255825004588&msr_no=6777&AttendanceDate=25/03/2026&Digest=1BjUadpXp3lTdabp7CTBzg",10
"BASTI","HARRAIYA","RATANPUR RAI","3153003026/LD/958486255825004588","6780","https://mnregaweb4.nic.in/nregaarch/View_NMMS_atten_date_dtl_rpt.aspx?page=&short_name=UP&state_name=UTTAR%20PRADESH&state_code=31&district_name=BASTI&district_code=3153&block_name=HARRAIYA&block_code=3153003&panchayat_name=RATANPUR%20RAI&panchayat_code=3153003026&fin_year=2025-2026&source=&work_code=3153003026/LD/958486255825004588&msr_no=6780&AttendanceDate=25/03/2026&Digest=5O27MPCNIUsQNX1DLgerag",10
"BASTI","HARRAIYA","BHAIRO PUR","3153003027/RC/YD/958486255823736252","6952","https://mnregaweb4.nic.in/nregaarch/View_NMMS_atten_date_dtl_rpt.aspx?page=&short_name=UP&state_name=UTTAR%20PRADESH&state_code=31&district_name=BASTI&district_code=3153&block_name=HARRAIYA&block_code=3153003&panchayat_name=BHAIRO%20PUR&panchayat_code=3153003027&fin_year=2025-2026&source=&work_code=3153003027/RC/YD/958486255823736252&msr_no=6952&AttendanceDate=25/03/2026&Digest=gOgQg/cKOtWbZsnOSW7hoQ",3
"BASTI","HARRAIYA","BANS GAW","3153003031/LD/958486255824994674","6899","https://mnregaweb4.nic.in/nregaarch/View_NMMS_atten_date_dtl_rpt.aspx?page=&short_name=UP&state_name=UTTAR%20PRADESH&state_code=31&district_name=BASTI&district_code=3153&block_name=HARRAIYA&block_code=3153003&panchayat_name=BANS%20GAW&panchayat_code=3153003031&fin_year=2025-2026&source=&work_code=3153003031/LD/958486255824994674&msr_no=6899&AttendanceDate=25/03/2026&Digest=AUm7PWXnHUqbNqQTG2rv4w",10
"BASTI","HARRAIYA","BANS GAW","3153003031/LD/958486255824999778","6896","https://mnregaweb4.nic.in/nregaarch/View_NMMS_atten_date_dtl_rpt.aspx?page=&short_name=UP&state_name=UTTAR%20PRADESH&state_code=31&district_name=BASTI&district_code=3153&block_name=HARRAIYA&block_code=3153003&panchayat_name=BANS%20GAW&panchayat_code=3153003031&fin_year=2025-2026&source=&work_code=3153003031/LD/958486255824999778&msr_no=6896&AttendanceDate=25/03/2026&Digest=JWL995ZZV2IKCiK6rZW6kg",7
"BASTI","HARRAIYA","SANGRAM PUR","3153003035/LD/958486255824958172","6825","https://mnregaweb4.nic.in/nregaarch/View_NMMS_atten_date_dtl_rpt.aspx?page=&short_name=UP&state_name=UTTAR%20PRADESH&state_code=31&district_name=BASTI&district_code=3153&block_name=HARRAIYA&block_code=3153003&panchayat_name=SANGRAM%20PUR&panchayat_code=3153003035&fin_year=2025-2026&source=&work_code=3153003035/LD/958486255824958172&msr_no=6825&AttendanceDate=25/03/2026&Digest=UNs6MpiMKH3eDTdmZicjCw",8
"BASTI","HARRAIYA","AMARI","3153003052/RC/958486255823726923","6969","https://mnregaweb4.nic.in/nregaarch/View_NMMS_atten_date_dtl_rpt.aspx?page=&short_name=UP&state_name=UTTAR%20PRADESH&state_code=31&district_name=BASTI&district_code=3153&block_name=HARRAIYA&block_code=3153003&panchayat_name=AMARI&panchayat_code=3153003052&fin_year=2025-2026&source=&work_code=3153003052/RC/958486255823726923&msr_no=6969&AttendanceDate=25/03/2026&Digest=ewEv3XVYIomm6MXN0A+iAg",7
"BASTI","HARRAIYA","KHAMHARIA GANGARAM","3153003061/LD/958486255824988274","6921","https://mnregaweb4.nic.in/nregaarch/View_NMMS_atten_date_dtl_rpt.aspx?page=&short_name=UP&state_name=UTTAR%20PRADESH&state_code=31&district_name=BASTI&district_code=3153&block_name=HARRAIYA&block_code=3153003&panchayat_name=KHAMHARIA%20GANGARAM&panchayat_code=3153003061&fin_year=2025-2026&source=&work_code=3153003061/LD/958486255824988274&msr_no=6921&AttendanceDate=25/03/2026&Digest=rszwfPfc+RWhwaB825cdUA",10
"BASTI","HARRAIYA","KHAMAHRIA SUJAT","3153003072/LD/958486255825008862","6832","https://mnregaweb4.nic.in/nregaarch/View_NMMS_atten_date_dtl_rpt.aspx?page=&short_name=UP&state_name=UTTAR%20PRADESH&state_code=31&district_name=BASTI&district_code=3153&block_name=HARRAIYA&block_code=3153003&panchayat_name=KHAMAHRIA%20SUJAT&panchayat_code=3153003072&fin_year=2025-2026&source=&work_code=3153003072/LD/958486255825008862&msr_no=6832&AttendanceDate=25/03/2026&Digest=x5IqjcnS1OkwF3Ut2qJFWw",7
"BASTI","HARRAIYA","BHADAWAL KALA","3153003074/WH/958486255823988938","6873","https://mnregaweb4.nic.in/nregaarch/View_NMMS_atten_date_dtl_rpt.aspx?page=&short_name=UP&state_name=UTTAR%20PRADESH&state_code=31&district_name=BASTI&district_code=3153&block_name=HARRAIYA&block_code=3153003&panchayat_name=BHADAWAL%20KALA&panchayat_code=3153003074&fin_year=2025-2026&source=&work_code=3153003074/WH/958486255823988938&msr_no=6873&AttendanceDate=25/03/2026&Digest=Gc2crzeuAsSGQvoHIctXWA",10
"BASTI","HARRAIYA","BHADAWAL KALA","3153003074/WH/958486255823988938","6876","https://mnregaweb4.nic.in/nregaarch/View_NMMS_atten_date_dtl_rpt.aspx?page=&short_name=UP&state_name=UTTAR%20PRADESH&state_code=31&district_name=BASTI&district_code=3153&block_name=HARRAIYA&block_code=3153003&panchayat_name=BHADAWAL%20KALA&panchayat_code=3153003074&fin_year=2025-2026&source=&work_code=3153003074/WH/958486255823988938&msr_no=6876&AttendanceDate=25/03/2026&Digest=zEEGgOHmziM4Gz7aSxLy2Q",9
"BASTI","HARRAIYA","BHAISA CHAUBEY","3153003080/RC/958486255823712256","6982","https://mnregaweb4.nic.in/nregaarch/View_NMMS_atten_date_dtl_rpt.aspx?page=&short_name=UP&state_name=UTTAR%20PRADESH&state_code=31&district_name=BASTI&district_code=3153&block_name=HARRAIYA&block_code=3153003&panchayat_name=BHAISA%20CHAUBEY&panchayat_code=3153003080&fin_year=2025-2026&source=&work_code=3153003080/RC/958486255823712256&msr_no=6982&AttendanceDate=25/03/2026&Digest=KxCyNG9blyrHAkFVW2NRmQ",1
"BASTI","HARRAIYA","MIRJAPUR","3153003092/LD/958486255825008868","6835","https://mnregaweb4.nic.in/nregaarch/View_NMMS_atten_date_dtl_rpt.aspx?page=&short_name=UP&state_name=UTTAR%20PRADESH&state_code=31&district_name=BASTI&district_code=3153&block_name=HARRAIYA&block_code=3153003&panchayat_name=MIRJAPUR&panchayat_code=3153003092&fin_year=2025-2026&source=&work_code=3153003092/LD/958486255825008868&msr_no=6835&AttendanceDate=25/03/2026&Digest=Pp+Tnnf7Xsar+Ew0mpZpHA",10
"BASTI","HARRAIYA","SUKRAULI CHAUDHARY","3153003098/LD/958486255824844875","6858","https://mnregaweb4.nic.in/nregaarch/View_NMMS_atten_date_dtl_rpt.aspx?page=&short_name=UP&state_name=UTTAR%20PRADESH&state_code=31&district_name=BASTI&district_code=3153&block_name=HARRAIYA&block_code=3153003&panchayat_name=SUKRAULI%20CHAUDHARY&panchayat_code=3153003098&fin_year=2025-2026&source=&work_code=3153003098/LD/958486255824844875&msr_no=6858&AttendanceDate=25/03/2026&Digest=cn3oPMogMkzHt8lndxQxlg",10
"BASTI","KAPTANGANJ","PENDA","3153005007/RC/958486255823747915","4912","https://mnregaweb4.nic.in/nregaarch/View_NMMS_atten_date_dtl_rpt.aspx?page=&short_name=UP&state_name=UTTAR%20PRADESH&state_code=31&district_name=BASTI&district_code=3153&block_name=KAPTANGANJ&block_code=3153005&panchayat_name=PENDA&panchayat_code=3153005007&fin_year=2025-2026&source=&work_code=3153005007/RC/958486255823747915&msr_no=4912&AttendanceDate=25/03/2026&Digest=KBd2+aLmxXyxa9s8Gkq/eA",7
"BASTI","KAPTANGANJ","BAGHAUDA","3153005008/RC/958486255823700091","4844","https://mnregaweb4.nic.in/nregaarch/View_NMMS_atten_date_dtl_rpt.aspx?page=&short_name=UP&state_name=UTTAR%20PRADESH&state_code=31&district_name=BASTI&district_code=3153&block_name=KAPTANGANJ&block_code=3153005&panchayat_name=BAGHAUDA&panchayat_code=3153005008&fin_year=2025-2026&source=&work_code=3153005008/RC/958486255823700091&msr_no=4844&AttendanceDate=25/03/2026&Digest=cOUUvV7gARq9UKfwevlOwQ",8
"BASTI","KAPTANGANJ","BAGHAUDA","3153005008/RC/958486255823700091","4847","https://mnregaweb4.nic.in/nregaarch/View_NMMS_atten_date_dtl_rpt.aspx?page=&short_name=UP&state_name=UTTAR%20PRADESH&state_code=31&district_name=BASTI&district_code=3153&block_name=KAPTANGANJ&block_code=3153005&panchayat_name=BAGHAUDA&panchayat_code=3153005008&fin_year=2025-2026&source=&work_code=3153005008/RC/958486255823700091&msr_no=4847&AttendanceDate=25/03/2026&Digest=3l0VQUlAgDa/bswvvrzYCQ",1
"BASTI","KAPTANGANJ","BASANT PUR","3153005011/RC/958486255823645771","4919","https://mnregaweb4.nic.in/nregaarch/View_NMMS_atten_date_dtl_rpt.aspx?page=&short_name=UP&state_name=UTTAR%20PRADESH&state_code=31&district_name=BASTI&district_code=3153&block_name=KAPTANGANJ&block_code=3153005&panchayat_name=BASANT%20PUR&panchayat_code=3153005011&fin_year=2025-2026&source=&work_code=3153005011/RC/958486255823645771&msr_no=4919&AttendanceDate=25/03/2026&Digest=BWvz8XWfRzxOoXITyJNlSQ",6
"BASTI","KAPTANGANJ","SARWALIYA","3153005034/AV/958486255824178714","4822","https://mnregaweb4.nic.in/nregaarch/View_NMMS_atten_date_dtl_rpt.aspx?page=&short_name=UP&state_name=UTTAR%20PRADESH&state_code=31&district_name=BASTI&district_code=3153&block_name=KAPTANGANJ&block_code=3153005&panchayat_name=SARWALIYA&panchayat_code=3153005034&fin_year=2025-2026&source=&work_code=3153005034/AV/958486255824178714&msr_no=4822&AttendanceDate=25/03/2026&Digest=OLTXiGGCSAgzLQcIy4UoEw",3
"BASTI","KAPTANGANJ","BARHNI","3153005046/RC/YD/958486255823698427","4929","https://mnregaweb4.nic.in/nregaarch/View_NMMS_atten_date_dtl_rpt.aspx?page=&short_name=UP&state_name=UTTAR%20PRADESH&state_code=31&district_name=BASTI&district_code=3153&block_name=KAPTANGANJ&block_code=3153005&panchayat_name=BARHNI&panchayat_code=3153005046&fin_year=2025-2026&source=&work_code=3153005046/RC/YD/958486255823698427&msr_no=4929&AttendanceDate=25/03/2026&Digest=yL/Ru2qGBfzDKHcfCZkY9g",1
"BASTI","KAPTANGANJ","POKHRA","3153005054/RC/958486255823736563","4857","https://mnregaweb4.nic.in/nregaarch/View_NMMS_atten_date_dtl_rpt.aspx?page=&short_name=UP&state_name=UTTAR%20PRADESH&state_code=31&district_name=BASTI&district_code=3153&block_name=KAPTANGANJ&block_code=3153005&panchayat_name=POKHRA&panchayat_code=3153005054&fin_year=2025-2026&source=&work_code=3153005054/RC/958486255823736563&msr_no=4857&AttendanceDate=25/03/2026&Digest=VlWt9DYbvpIjakdzxN8V/w",4
"BASTI","KAPTANGANJ","POKHRA","3153005054/RC/958486255823736565","4950","https://mnregaweb4.nic.in/nregaarch/View_NMMS_atten_date_dtl_rpt.aspx?page=&short_name=UP&state_name=UTTAR%20PRADESH&state_code=31&district_name=BASTI&district_code=3153&block_name=KAPTANGANJ&block_code=3153005&panchayat_name=POKHRA&panchayat_code=3153005054&fin_year=2025-2026&source=&work_code=3153005054/RC/958486255823736565&msr_no=4950&AttendanceDate=25/03/2026&Digest=ruUCqrf0Kkh3hpmmfC02fw",4
"BASTI","KAPTANGANJ","PARIWARPUR","3153005058/RC/958486255823726572","4895","https://mnregaweb4.nic.in/nregaarch/View_NMMS_atten_date_dtl_rpt.aspx?page=&short_name=UP&state_name=UTTAR%20PRADESH&state_code=31&district_name=BASTI&district_code=3153&block_name=KAPTANGANJ&block_code=3153005&panchayat_name=PARIWARPUR&panchayat_code=3153005058&fin_year=2025-2026&source=&work_code=3153005058/RC/958486255823726572&msr_no=4895&AttendanceDate=25/03/2026&Digest=61o6AIxY6anDIhiKpiLo1w",7
"BASTI","KUDARAHA","MURADPUR","3153013002/WH/958486255823990667","8034","https://mnregaweb4.nic.in/nregaarch/View_NMMS_atten_date_dtl_rpt.aspx?page=&short_name=UP&state_name=UTTAR%20PRADESH&state_code=31&district_name=BASTI&district_code=3153&block_name=KUDARAHA&block_code=3153013&panchayat_name=MURADPUR&panchayat_code=3153013002&fin_year=2025-2026&source=&work_code=3153013002/WH/958486255823990667&msr_no=8034&AttendanceDate=25/03/2026&Digest=izLddhrMrxzsL9BWLTWBcg",10
"BASTI","KUDARAHA","MURADPUR","3153013002/WH/958486255823990667","8037","https://mnregaweb4.nic.in/nregaarch/View_NMMS_atten_date_dtl_rpt.aspx?page=&short_name=UP&state_name=UTTAR%20PRADESH&state_code=31&district_name=BASTI&district_code=3153&block_name=KUDARAHA&block_code=3153013&panchayat_name=MURADPUR&panchayat_code=3153013002&fin_year=2025-2026&source=&work_code=3153013002/WH/958486255823990667&msr_no=8037&AttendanceDate=25/03/2026&Digest=wEoVtULjDaU/Y/gAN/P4Wg",6
"BASTI","KUDARAHA","AKELA KUBERPUR","3153013008/RC/958486255823749187","7979","https://mnregaweb4.nic.in/nregaarch/View_NMMS_atten_date_dtl_rpt.aspx?page=&short_name=UP&state_name=UTTAR%20PRADESH&state_code=31&district_name=BASTI&district_code=3153&block_name=KUDARAHA&block_code=3153013&panchayat_name=AKELA%20KUBERPUR&panchayat_code=3153013008&fin_year=2025-2026&source=&work_code=3153013008/RC/958486255823749187&msr_no=7979&AttendanceDate=25/03/2026&Digest=+XUnvT7Zqunf1DglGouhIw",7
"BASTI","KUDARAHA","AKELA KUBERPUR","3153013008/RC/958486255823749187","7982","https://mnregaweb4.nic.in/nregaarch/View_NMMS_atten_date_dtl_rpt.aspx?page=&short_name=UP&state_name=UTTAR%20PRADESH&state_code=31&district_name=BASTI&district_code=3153&block_name=KUDARAHA&block_code=3153013&panchayat_name=AKELA%20KUBERPUR&panchayat_code=3153013008&fin_year=2025-2026&source=&work_code=3153013008/RC/958486255823749187&msr_no=7982&AttendanceDate=25/03/2026&Digest=fbYLg3J83CLw/UGOeBJZBg",9
"BASTI","KUDARAHA","PAAUN","3153013010/RC/958486255823673809","8132","https://mnregaweb4.nic.in/nregaarch/View_NMMS_atten_date_dtl_rpt.aspx?page=&short_name=UP&state_name=UTTAR%20PRADESH&state_code=31&district_name=BASTI&district_code=3153&block_name=KUDARAHA&block_code=3153013&panchayat_name=PAAUN&panchayat_code=3153013010&fin_year=2025-2026&source=&work_code=3153013010/RC/958486255823673809&msr_no=8132&AttendanceDate=25/03/2026&Digest=XUwBI8XsYwU2ZQqvdSKWwQ",7
"BASTI","KUDARAHA","TURKWALIYA","3153013012/RC/958486255823686923","7683","https://mnregaweb4.nic.in/nregaarch/View_NMMS_atten_date_dtl_rpt.aspx?page=&short_name=UP&state_name=UTTAR%20PRADESH&state_code=31&district_name=BASTI&district_code=3153&block_name=KUDARAHA&block_code=3153013&panchayat_name=TURKWALIYA&panchayat_code=3153013012&fin_year=2025-2026&source=&work_code=3153013012/RC/958486255823686923&msr_no=7683&AttendanceDate=25/03/2026&Digest=okpryhWmIe/McnMkvEtuGw",2
"BASTI","KUDARAHA","RASOOLPUR","3153013020/RC/958486255823670232","7974","https://mnregaweb4.nic.in/nregaarch/View_NMMS_atten_date_dtl_rpt.aspx?page=&short_name=UP&state_name=UTTAR%20PRADESH&state_code=31&district_name=BASTI&district_code=3153&block_name=KUDARAHA&block_code=3153013&panchayat_name=RASOOLPUR&panchayat_code=3153013020&fin_year=2025-2026&source=&work_code=3153013020/RC/958486255823670232&msr_no=7974&AttendanceDate=25/03/2026&Digest=61VOE5jvNNPkvrnLFFf7GA",10
"BASTI","KUDARAHA","SUVRAHA","3153013026/RC/958486255823725224","8045","https://mnregaweb4.nic.in/nregaarch/View_NMMS_atten_date_dtl_rpt.aspx?page=&short_name=UP&state_name=UTTAR%20PRADESH&state_code=31&district_name=BASTI&district_code=3153&block_name=KUDARAHA&block_code=3153013&panchayat_name=SUVRAHA&panchayat_code=3153013026&fin_year=2025-2026&source=&work_code=3153013026/RC/958486255823725224&msr_no=8045&AttendanceDate=25/03/2026&Digest=MWG8WLB5mhHbhVTCWlmLPg",10
"BASTI","KUDARAHA","SUVRAHA","3153013026/WC/958486255824251727","8043","https://mnregaweb4.nic.in/nregaarch/View_NMMS_atten_date_dtl_rpt.aspx?page=&short_name=UP&state_name=UTTAR%20PRADESH&state_code=31&district_name=BASTI&district_code=3153&block_name=KUDARAHA&block_code=3153013&panchayat_name=SUVRAHA&panchayat_code=3153013026&fin_year=2025-2026&source=&work_code=3153013026/WC/958486255824251727&msr_no=8043&AttendanceDate=25/03/2026&Digest=bxwjnAodcw38M+Z+s/N1WA",3
"BASTI","KUDARAHA","KORMA","3153013029/LD/958486255824959030","7758","https://mnregaweb4.nic.in/nregaarch/View_NMMS_atten_date_dtl_rpt.aspx?page=&short_name=UP&state_name=UTTAR%20PRADESH&state_code=31&district_name=BASTI&district_code=3153&block_name=KUDARAHA&block_code=3153013&panchayat_name=KORMA&panchayat_code=3153013029&fin_year=2025-2026&source=&work_code=3153013029/LD/958486255824959030&msr_no=7758&AttendanceDate=25/03/2026&Digest=TNxE8dNoigCc6sTPT5vCBQ",9
"BASTI","HARRAIYA","NADAYEN","3153003042/LD/958486255824955644","6910","https://mnregaweb4.nic.in/nregaarch/View_NMMS_atten_date_dtl_rpt.aspx?page=&short_name=UP&state_name=UTTAR%20PRADESH&state_code=31&district_name=BASTI&district_code=3153&block_name=HARRAIYA&block_code=3153003&panchayat_name=NADAYEN&panchayat_code=3153003042&fin_year=2025-2026&source=&work_code=3153003042/LD/958486255824955644&msr_no=6910&AttendanceDate=25/03/2026&Digest=YrBkHyh8G3hmG2SfH6T19w",3
"BASTI","HARRAIYA","AMARI","3153003052/IC/958486255823729369","6970","https://mnregaweb4.nic.in/nregaarch/View_NMMS_atten_date_dtl_rpt.aspx?page=&short_name=UP&state_name=UTTAR%20PRADESH&state_code=31&district_name=BASTI&district_code=3153&block_name=HARRAIYA&block_code=3153003&panchayat_name=AMARI&panchayat_code=3153003052&fin_year=2025-2026&source=&work_code=3153003052/IC/958486255823729369&msr_no=6970&AttendanceDate=25/03/2026&Digest=72dPz2Q0rDERkfv0PRBOcQ",10
"BASTI","HARRAIYA","AMARI","3153003052/RC/958486255823726912","6968","https://mnregaweb4.nic.in/nregaarch/View_NMMS_atten_date_dtl_rpt.aspx?page=&short_name=UP&state_name=UTTAR%20PRADESH&state_code=31&district_name=BASTI&district_code=3153&block_name=HARRAIYA&block_code=3153003&panchayat_name=AMARI&panchayat_code=3153003052&fin_year=2025-2026&source=&work_code=3153003052/RC/958486255823726912&msr_no=6968&AttendanceDate=25/03/2026&Digest=dA4UC8mo5VnLoYzD6jXtvw",8
"BASTI","HARRAIYA","KHAMHARIA GANGARAM","3153003061/LD/958486255824988270","6915","https://mnregaweb4.nic.in/nregaarch/View_NMMS_atten_date_dtl_rpt.aspx?page=&short_name=UP&state_name=UTTAR%20PRADESH&state_code=31&district_name=BASTI&district_code=3153&block_name=HARRAIYA&block_code=3153003&panchayat_name=KHAMHARIA%20GANGARAM&panchayat_code=3153003061&fin_year=2025-2026&source=&work_code=3153003061/LD/958486255824988270&msr_no=6915&AttendanceDate=25/03/2026&Digest=RPyloLKF6oih9FQmZCTDmg",10
"BASTI","HARRAIYA","BHADAWAL KALA","3153003074/LD/958486255825010527","6869","https://mnregaweb4.nic.in/nregaarch/View_NMMS_atten_date_dtl_rpt.aspx?page=&short_name=UP&state_name=UTTAR%20PRADESH&state_code=31&district_name=BASTI&district_code=3153&block_name=HARRAIYA&block_code=3153003&panchayat_name=BHADAWAL%20KALA&panchayat_code=3153003074&fin_year=2025-2026&source=&work_code=3153003074/LD/958486255825010527&msr_no=6869&AttendanceDate=25/03/2026&Digest=kkoHIAXeNWd8KAtjT04oGA",10
"BASTI","HARRAIYA","KHAIRI OJHA","3153003075/RC/958486255823728315","6929","https://mnregaweb4.nic.in/nregaarch/View_NMMS_atten_date_dtl_rpt.aspx?page=&short_name=UP&state_name=UTTAR%20PRADESH&state_code=31&district_name=BASTI&district_code=3153&block_name=HARRAIYA&block_code=3153003&panchayat_name=KHAIRI%20OJHA&panchayat_code=3153003075&fin_year=2025-2026&source=&work_code=3153003075/RC/958486255823728315&msr_no=6929&AttendanceDate=25/03/2026&Digest=40Q8UmLbwrH2pSIafRMneg",2
"BASTI","HARRAIYA","SHAMBHUPUR","3153003077/WC/958486255823257967","6840","https://mnregaweb4.nic.in/nregaarch/View_NMMS_atten_date_dtl_rpt.aspx?page=&short_name=UP&state_name=UTTAR%20PRADESH&state_code=31&district_name=BASTI&district_code=3153&block_name=HARRAIYA&block_code=3153003&panchayat_name=SHAMBHUPUR&panchayat_code=3153003077&fin_year=2025-2026&source=&work_code=3153003077/WC/958486255823257967&msr_no=6840&AttendanceDate=25/03/2026&Digest=LJ06XG4THCe9ZbNNXQjgJA",10
"BASTI","HARRAIYA","SHAMBHUPUR","3153003077/WC/958486255823257967","6843","https://mnregaweb4.nic.in/nregaarch/View_NMMS_atten_date_dtl_rpt.aspx?page=&short_name=UP&state_name=UTTAR%20PRADESH&state_code=31&district_name=BASTI&district_code=3153&block_name=HARRAIYA&block_code=3153003&panchayat_name=SHAMBHUPUR&panchayat_code=3153003077&fin_year=2025-2026&source=&work_code=3153003077/WC/958486255823257967&msr_no=6843&AttendanceDate=25/03/2026&Digest=Yx5obzwTv6y3BmenfQKdfw",9
"BASTI","HARRAIYA","KESHAWPUR","3153003079/LD/958486255824879264","6978","https://mnregaweb4.nic.in/nregaarch/View_NMMS_atten_date_dtl_rpt.aspx?page=&short_name=UP&state_name=UTTAR%20PRADESH&state_code=31&district_name=BASTI&district_code=3153&block_name=HARRAIYA&block_code=3153003&panchayat_name=KESHAWPUR&panchayat_code=3153003079&fin_year=2025-2026&source=&work_code=3153003079/LD/958486255824879264&msr_no=6978&AttendanceDate=25/03/2026&Digest=aA7PxVRWDJoj088sD41JGw",10
"BASTI","HARRAIYA","KESHAWPUR","3153003079/LD/958486255825004294","6975","https://mnregaweb4.nic.in/nregaarch/View_NMMS_atten_date_dtl_rpt.aspx?page=&short_name=UP&state_name=UTTAR%20PRADESH&state_code=31&district_name=BASTI&district_code=3153&block_name=HARRAIYA&block_code=3153003&panchayat_name=KESHAWPUR&panchayat_code=3153003079&fin_year=2025-2026&source=&work_code=3153003079/LD/958486255825004294&msr_no=6975&AttendanceDate=25/03/2026&Digest=BudU7N53DYXdyeTiGXDO6A",10
"BASTI","HARRAIYA","RAJAULI","3153003097/IC/958486255823741420","6883","https://mnregaweb4.nic.in/nregaarch/View_NMMS_atten_date_dtl_rpt.aspx?page=&short_name=UP&state_name=UTTAR%20PRADESH&state_code=31&district_name=BASTI&district_code=3153&block_name=HARRAIYA&block_code=3153003&panchayat_name=RAJAULI&panchayat_code=3153003097&fin_year=2025-2026&source=&work_code=3153003097/IC/958486255823741420&msr_no=6883&AttendanceDate=25/03/2026&Digest=uEpt4gpKO5zU7jpdhe0XEw",10
"BASTI","KAPTANGANJ","PINESAR","3153005021/RC/958486255823731307","4802","https://mnregaweb4.nic.in/nregaarch/View_NMMS_atten_date_dtl_rpt.aspx?page=&short_name=UP&state_name=UTTAR%20PRADESH&state_code=31&district_name=BASTI&district_code=3153&block_name=KAPTANGANJ&block_code=3153005&panchayat_name=PINESAR&panchayat_code=3153005021&fin_year=2025-2026&source=&work_code=3153005021/RC/958486255823731307&msr_no=4802&AttendanceDate=25/03/2026&Digest=HC/v5EOeMwdieQeGZkdPZw",3
"BASTI","KAPTANGANJ","NARAYANPUR","3153005025/RC/958486255823747055","4891","https://mnregaweb4.nic.in/nregaarch/View_NMMS_atten_date_dtl_rpt.aspx?page=&short_name=UP&state_name=UTTAR%20PRADESH&state_code=31&district_name=BASTI&district_code=3153&block_name=KAPTANGANJ&block_code=3153005&panchayat_name=NARAYANPUR&panchayat_code=3153005025&fin_year=2025-2026&source=&work_code=3153005025/RC/958486255823747055&msr_no=4891&AttendanceDate=25/03/2026&Digest=mAv//Y+sk+LLoy+NkthfPA",1
"BASTI","KAPTANGANJ","BARHNI","3153005046/RC/YD/958486255823698430","4808","https://mnregaweb4.nic.in/nregaarch/View_NMMS_atten_date_dtl_rpt.aspx?page=&short_name=UP&state_name=UTTAR%20PRADESH&state_code=31&district_name=BASTI&district_code=3153&block_name=KAPTANGANJ&block_code=3153005&panchayat_name=BARHNI&panchayat_code=3153005046&fin_year=2025-2026&source=&work_code=3153005046/RC/YD/958486255823698430&msr_no=4808&AttendanceDate=25/03/2026&Digest=/CSV4eXP15FNFcXN1C3LvQ",9
"BASTI","KAPTANGANJ","BARHNI","3153005046/RC/YD/958486255823699536","4818","https://mnregaweb4.nic.in/nregaarch/View_NMMS_atten_date_dtl_rpt.aspx?page=&short_name=UP&state_name=UTTAR%20PRADESH&state_code=31&district_name=BASTI&district_code=3153&block_name=KAPTANGANJ&block_code=3153005&panchayat_name=BARHNI&panchayat_code=3153005046&fin_year=2025-2026&source=&work_code=3153005046/RC/YD/958486255823699536&msr_no=4818&AttendanceDate=25/03/2026&Digest=8ln438e7gNGKXsXNTbPG/g",8
"BASTI","KAPTANGANJ","POKHRA","3153005054/RC/958486255823652439","4946","https://mnregaweb4.nic.in/nregaarch/View_NMMS_atten_date_dtl_rpt.aspx?page=&short_name=UP&state_name=UTTAR%20PRADESH&state_code=31&district_name=BASTI&district_code=3153&block_name=KAPTANGANJ&block_code=3153005&panchayat_name=POKHRA&panchayat_code=3153005054&fin_year=2025-2026&source=&work_code=3153005054/RC/958486255823652439&msr_no=4946&AttendanceDate=25/03/2026&Digest=q5adkHKV6ZxYz0xQi6yEVw",10
"BASTI","KAPTANGANJ","POKHRA","3153005054/RC/958486255823735760","4853","https://mnregaweb4.nic.in/nregaarch/View_NMMS_atten_date_dtl_rpt.aspx?page=&short_name=UP&state_name=UTTAR%20PRADESH&state_code=31&district_name=BASTI&district_code=3153&block_name=KAPTANGANJ&block_code=3153005&panchayat_name=POKHRA&panchayat_code=3153005054&fin_year=2025-2026&source=&work_code=3153005054/RC/958486255823735760&msr_no=4853&AttendanceDate=25/03/2026&Digest=xgXtb+gGsbjuxV43NWg/og",9
"BASTI","KAPTANGANJ","POKHRA","3153005054/RC/958486255823735764","4856","https://mnregaweb4.nic.in/nregaarch/View_NMMS_atten_date_dtl_rpt.aspx?page=&short_name=UP&state_name=UTTAR%20PRADESH&state_code=31&district_name=BASTI&district_code=3153&block_name=KAPTANGANJ&block_code=3153005&panchayat_name=POKHRA&panchayat_code=3153005054&fin_year=2025-2026&source=&work_code=3153005054/RC/958486255823735764&msr_no=4856&AttendanceDate=25/03/2026&Digest=l91qEUQKypvX0jTZLFvl7w",2
"BASTI","KAPTANGANJ","PARIWARPUR","3153005058/RC/958486255823693209","4821","https://mnregaweb4.nic.in/nregaarch/View_NMMS_atten_date_dtl_rpt.aspx?page=&short_name=UP&state_name=UTTAR%20PRADESH&state_code=31&district_name=BASTI&district_code=3153&block_name=KAPTANGANJ&block_code=3153005&panchayat_name=PARIWARPUR&panchayat_code=3153005058&fin_year=2025-2026&source=&work_code=3153005058/RC/958486255823693209&msr_no=4821&AttendanceDate=25/03/2026&Digest=j8J05w+5h8SKzKC6mK6e2w",3
"BASTI","KAPTANGANJ","RAMWAPUR KALA","3153005059/AV/958486255824175698","4922","https://mnregaweb4.nic.in/nregaarch/View_NMMS_atten_date_dtl_rpt.aspx?page=&short_name=UP&state_name=UTTAR%20PRADESH&state_code=31&district_name=BASTI&district_code=3153&block_name=KAPTANGANJ&block_code=3153005&panchayat_name=RAMWAPUR%20KALA&panchayat_code=3153005059&fin_year=2025-2026&source=&work_code=3153005059/AV/958486255824175698&msr_no=4922&AttendanceDate=25/03/2026&Digest=F3LYLENV3Q+mUzeYtmTXHQ",8
"BASTI","KUDARAHA","MURADPUR","3153013002/RC/958486255823589710","8030","https://mnregaweb4.nic.in/nregaarch/View_NMMS_atten_date_dtl_rpt.aspx?page=&short_name=UP&state_name=UTTAR%20PRADESH&state_code=31&district_name=BASTI&district_code=3153&block_name=KUDARAHA&block_code=3153013&panchayat_name=MURADPUR&panchayat_code=3153013002&fin_year=2025-2026&source=&work_code=3153013002/RC/958486255823589710&msr_no=8030&AttendanceDate=25/03/2026&Digest=R68C9VCPYzy8IZa8utrEIg",6
"BASTI","KUDARAHA","PIPARPATI MUSTAHKAM","3153013004/RC/958486255823748170","8063","https://mnregaweb4.nic.in/nregaarch/View_NMMS_atten_date_dtl_rpt.aspx?page=&short_name=UP&state_name=UTTAR%20PRADESH&state_code=31&district_name=BASTI&district_code=3153&block_name=KUDARAHA&block_code=3153013&panchayat_name=PIPARPATI%20MUSTAHKAM&panchayat_code=3153013004&fin_year=2025-2026&source=&work_code=3153013004/RC/958486255823748170&msr_no=8063&AttendanceDate=25/03/2026&Digest=8nvpFV8k+ihaFpFHKJcBjg",10
"BASTI","KUDARAHA","AKELA KUBERPUR","3153013008/RC/958486255823749188","7992","https://mnregaweb4.nic.in/nregaarch/View_NMMS_atten_date_dtl_rpt.aspx?page=&short_name=UP&state_name=UTTAR%20PRADESH&state_code=31&district_name=BASTI&district_code=3153&block_name=KUDARAHA&block_code=3153013&panchayat_name=AKELA%20KUBERPUR&panchayat_code=3153013008&fin_year=2025-2026&source=&work_code=3153013008/RC/958486255823749188&msr_no=7992&AttendanceDate=25/03/2026&Digest=lAaAtDuVxMI8vZ+b2naaxg",6
"BASTI","KUDARAHA","TURKWALIYA","3153013012/RC/958486255823686925","7690","https://mnregaweb4.nic.in/nregaarch/View_NMMS_atten_date_dtl_rpt.aspx?page=&short_name=UP&state_name=UTTAR%20PRADESH&state_code=31&district_name=BASTI&district_code=3153&block_name=KUDARAHA&block_code=3153013&panchayat_name=TURKWALIYA&panchayat_code=3153013012&fin_year=2025-2026&source=&work_code=3153013012/RC/958486255823686925&msr_no=7690&AttendanceDate=25/03/2026&Digest=AkvNp4SlDNQYANDPtk4ymg",3
"BASTI","KUDARAHA","TURKWALIYA","3153013012/RC/958486255823686929","7680","https://mnregaweb4.nic.in/nregaarch/View_NMMS_atten_date_dtl_rpt.aspx?page=&short_name=UP&state_name=UTTAR%20PRADESH&state_code=31&district_name=BASTI&district_code=3153&block_name=KUDARAHA&block_code=3153013&panchayat_name=TURKWALIYA&panchayat_code=3153013012&fin_year=2025-2026&source=&work_code=3153013012/RC/958486255823686929&msr_no=7680&AttendanceDate=25/03/2026&Digest=h2LIfzAXKR6lSMGA6pT+dQ",1
"BASTI","KUDARAHA","CHAUBAAH","3153013014/LD/958486255824934681","7773","https://mnregaweb4.nic.in/nregaarch/View_NMMS_atten_date_dtl_rpt.aspx?page=&short_name=UP&state_name=UTTAR%20PRADESH&state_code=31&district_name=BASTI&district_code=3153&block_name=KUDARAHA&block_code=3153013&panchayat_name=CHAUBAAH&panchayat_code=3153013014&fin_year=2025-2026&source=&work_code=3153013014/LD/958486255824934681&msr_no=7773&AttendanceDate=25/03/2026&Digest=Sb22bo0ozftTbqoDqwz9cA",9
"BASTI","KUDARAHA","RASOOLPUR","3153013020/RC/958486255823670231","7967","https://mnregaweb4.nic.in/nregaarch/View_NMMS_atten_date_dtl_rpt.aspx?page=&short_name=UP&state_name=UTTAR%20PRADESH&state_code=31&district_name=BASTI&district_code=3153&block_name=KUDARAHA&block_code=3153013&panchayat_name=RASOOLPUR&panchayat_code=3153013020&fin_year=2025-2026&source=&work_code=3153013020/RC/958486255823670231&msr_no=7967&AttendanceDate=25/03/2026&Digest=cOHv2sOOoPg67A5Jaity2g",10
"BASTI","KUDARAHA","RASOOLPUR","3153013020/RC/958486255823670231","7970","https://mnregaweb4.nic.in/nregaarch/View_NMMS_atten_date_dtl_rpt.aspx?page=&short_name=UP&state_name=UTTAR%20PRADESH&state_code=31&district_name=BASTI&district_code=3153&block_name=KUDARAHA&block_code=3153013&panchayat_name=RASOOLPUR&panchayat_code=3153013020&fin_year=2025-2026&source=&work_code=3153013020/RC/958486255823670231&msr_no=7970&AttendanceDate=25/03/2026&Digest=g1DeKNusO/OdNoKT2fwTFg",10
"BASTI","KUDARAHA","CHHIBRA","3153013023/RC/958486255823701124","7732","https://mnregaweb4.nic.in/nregaarch/View_NMMS_atten_date_dtl_rpt.aspx?page=&short_name=UP&state_name=UTTAR%20PRADESH&state_code=31&district_name=BASTI&district_code=3153&block_name=KUDARAHA&block_code=3153013&panchayat_name=CHHIBRA&panchayat_code=3153013023&fin_year=2025-2026&source=&work_code=3153013023/RC/958486255823701124&msr_no=7732&AttendanceDate=25/03/2026&Digest=TocaQM09GYC6IUE/exRS1A",4
"BASTI","KUDARAHA","GAURA ROHARI","3153013024/FP/958486255823604468","8209","https://mnregaweb4.nic.in/nregaarch/View_NMMS_atten_date_dtl_rpt.aspx?page=&short_name=UP&state_name=UTTAR%20PRADESH&state_code=31&district_name=BASTI&district_code=3153&block_name=KUDARAHA&block_code=3153013&panchayat_name=GAURA%20ROHARI&panchayat_code=3153013024&fin_year=2025-2026&source=&work_code=3153013024/FP/958486255823604468&msr_no=8209&AttendanceDate=25/03/2026&Digest=xNOVE2c/EK1RmWZDPnoysA",10
"BASTI","KUDARAHA","GANGAPUR","3153013025/RC/958486255823679237","7780","https://mnregaweb4.nic.in/nregaarch/View_NMMS_atten_date_dtl_rpt.aspx?page=&short_name=UP&state_name=UTTAR%20PRADESH&state_code=31&district_name=BASTI&district_code=3153&block_name=KUDARAHA&block_code=3153013&panchayat_name=GANGAPUR&panchayat_code=3153013025&fin_year=2025-2026&source=&work_code=3153013025/RC/958486255823679237&msr_no=7780&AttendanceDate=25/03/2026&Digest=H/wxSYJO5uj46xzmzPuU6A",8
"BASTI","KUDARAHA","KORMA","3153013029/RC/958486255823748490","8154","https://mnregaweb4.nic.in/nregaarch/View_NMMS_atten_date_dtl_rpt.aspx?page=&short_name=UP&state_name=UTTAR%20PRADESH&state_code=31&district_name=BASTI&district_code=3153&block_name=KUDARAHA&block_code=3153013&panchayat_name=KORMA&panchayat_code=3153013029&fin_year=2025-2026&source=&work_code=3153013029/RC/958486255823748490&msr_no=8154&AttendanceDate=25/03/2026&Digest=R6WtvhHKeWXp91oSoGALsw",5
"BASTI","KUDARAHA","CHARKAILA","3153013033/RC/958486255823751272","8147","https://mnregaweb4.nic.in/nregaarch/View_NMMS_atten_date_dtl_rpt.aspx?page=&short_name=UP&state_name=UTTAR%20PRADESH&state_code=31&district_name=BASTI&district_code=3153&block_name=KUDARAHA&block_code=3153013&panchayat_name=CHARKAILA&panchayat_code=3153013033&fin_year=2025-2026&source=&work_code=3153013033/RC/958486255823751272&msr_no=8147&AttendanceDate=25/03/2026&Digest=pg31xdN0tpYuHD31Tfqfaw",6
"BASTI","KUDARAHA","MADHOPUR","3153013038/RC/958486255823728643","7578","https://mnregaweb4.nic.in/nregaarch/View_NMMS_atten_date_dtl_rpt.aspx?page=&short_name=UP&state_name=UTTAR%20PRADESH&state_code=31&district_name=BASTI&district_code=3153&block_name=KUDARAHA&block_code=3153013&panchayat_name=MADHOPUR&panchayat_code=3153013038&fin_year=2025-2026&source=&work_code=3153013038/RC/958486255823728643&msr_no=7578&AttendanceDate=25/03/2026&Digest=P6t7Sj3Vgl+yujcfDehYUA",1
"BASTI","KUDARAHA","KABRA KHAS","3153013043/RC/958486255823706794","7873","https://mnregaweb4.nic.in/nregaarch/View_NMMS_atten_date_dtl_rpt.aspx?page=&short_name=UP&state_name=UTTAR%20PRADESH&state_code=31&district_name=BASTI&district_code=3153&block_name=KUDARAHA&block_code=3153013&panchayat_name=KABRA%20KHAS&panchayat_code=3153013043&fin_year=2025-2026&source=&work_code=3153013043/RC/958486255823706794&msr_no=7873&AttendanceDate=25/03/2026&Digest=b+DrhcWJS354Tnk4AN8kOQ",4
"BASTI","KUDARAHA","KABRA KHAS","3153013043/RC/958486255823706797","8141","https://mnregaweb4.nic.in/nregaarch/View_NMMS_atten_date_dtl_rpt.aspx?page=&short_name=UP&state_name=UTTAR%20PRADESH&state_code=31&district_name=BASTI&district_code=3153&block_name=KUDARAHA&block_code=3153013&panchayat_name=KABRA%20KHAS&panchayat_code=3153013043&fin_year=2025-2026&source=&work_code=3153013043/RC/958486255823706797&msr_no=8141&AttendanceDate=25/03/2026&Digest=vuOuum8eeMfOf0IN7dZzdA",2
"BASTI","KUDARAHA","PASRA","3153013046/LD/958486255824692144","7669","https://mnregaweb4.nic.in/nregaarch/View_NMMS_atten_date_dtl_rpt.aspx?page=&short_name=UP&state_name=UTTAR%20PRADESH&state_code=31&district_name=BASTI&district_code=3153&block_name=KUDARAHA&block_code=3153013&panchayat_name=PASRA&panchayat_code=3153013046&fin_year=2025-2026&source=&work_code=3153013046/LD/958486255824692144&msr_no=7669&AttendanceDate=25/03/2026&Digest=77+77PtLtMSntSqWfpuBcA",9
"BASTI","KUDARAHA","PASRA","3153013046/RC/958486255823746514","7556","https://mnregaweb4.nic.in/nregaarch/View_NMMS_atten_date_dtl_rpt.aspx?page=&short_name=UP&state_name=UTTAR%20PRADESH&state_code=31&district_name=BASTI&district_code=3153&block_name=KUDARAHA&block_code=3153013&panchayat_name=PASRA&panchayat_code=3153013046&fin_year=2025-2026&source=&work_code=3153013046/RC/958486255823746514&msr_no=7556&AttendanceDate=25/03/2026&Digest=npcm1/WW2cCg14AcQ3AA/Q",9
"BASTI","KUDARAHA","PASRA","3153013046/RC/958486255823746514","7559","https://mnregaweb4.nic.in/nregaarch/View_NMMS_atten_date_dtl_rpt.aspx?page=&short_name=UP&state_name=UTTAR%20PRADESH&state_code=31&district_name=BASTI&district_code=3153&block_name=KUDARAHA&block_code=3153013&panchayat_name=PASRA&panchayat_code=3153013046&fin_year=2025-2026&source=&work_code=3153013046/RC/958486255823746514&msr_no=7559&AttendanceDate=25/03/2026&Digest=uCUYxS/Jlsdqnvz3CMvk4w",5
"BASTI","KUDARAHA","BAISIYA KALA","3153013050/RC/958486255823749599","8002","https://mnregaweb4.nic.in/nregaarch/View_NMMS_atten_date_dtl_rpt.aspx?page=&short_name=UP&state_name=UTTAR%20PRADESH&state_code=31&district_name=BASTI&district_code=3153&block_name=KUDARAHA&block_code=3153013&panchayat_name=BAISIYA%20KALA&panchayat_code=3153013050&fin_year=2025-2026&source=&work_code=3153013050/RC/958486255823749599&msr_no=8002&AttendanceDate=25/03/2026&Digest=w9NuAcXsWZRVGDstkS6G6g",4
"BASTI","KUDARAHA","PIPARPATI MUSTAHKAM","3153013004/RC/958486255823749540","8067","https://mnregaweb4.nic.in/nregaarch/View_NMMS_atten_date_dtl_rpt.aspx?page=&short_name=UP&state_name=UTTAR%20PRADESH&state_code=31&district_name=BASTI&district_code=3153&block_name=KUDARAHA&block_code=3153013&panchayat_name=PIPARPATI%20MUSTAHKAM&panchayat_code=3153013004&fin_year=2025-2026&source=&work_code=3153013004/RC/958486255823749540&msr_no=8067&AttendanceDate=25/03/2026&Digest=iraNVP9T99h3W/fkpsSwtg",10
"BASTI","KUDARAHA","AKELA KUBERPUR","3153013008/RC/958486255823579681","8251","https://mnregaweb4.nic.in/nregaarch/View_NMMS_atten_date_dtl_rpt.aspx?page=&short_name=UP&state_name=UTTAR%20PRADESH&state_code=31&district_name=BASTI&district_code=3153&block_name=KUDARAHA&block_code=3153013&panchayat_name=AKELA%20KUBERPUR&panchayat_code=3153013008&fin_year=2025-2026&source=&work_code=3153013008/RC/958486255823579681&msr_no=8251&AttendanceDate=25/03/2026&Digest=SzFl3xd6B1dXPcO+JFUIjA",10
"BASTI","KUDARAHA","AKELA KUBERPUR","3153013008/RC/958486255823579682","8253","https://mnregaweb4.nic.in/nregaarch/View_NMMS_atten_date_dtl_rpt.aspx?page=&short_name=UP&state_name=UTTAR%20PRADESH&state_code=31&district_name=BASTI&district_code=3153&block_name=KUDARAHA&block_code=3153013&panchayat_name=AKELA%20KUBERPUR&panchayat_code=3153013008&fin_year=2025-2026&source=&work_code=3153013008/RC/958486255823579682&msr_no=8253&AttendanceDate=25/03/2026&Digest=mh9oOan+W0TQLoW2tNr5FQ",10
"BASTI","KUDARAHA","AKELA KUBERPUR","3153013008/RC/958486255823749187","7977","https://mnregaweb4.nic.in/nregaarch/View_NMMS_atten_date_dtl_rpt.aspx?page=&short_name=UP&state_name=UTTAR%20PRADESH&state_code=31&district_name=BASTI&district_code=3153&block_name=KUDARAHA&block_code=3153013&panchayat_name=AKELA%20KUBERPUR&panchayat_code=3153013008&fin_year=2025-2026&source=&work_code=3153013008/RC/958486255823749187&msr_no=7977&AttendanceDate=25/03/2026&Digest=CSpeQDfprpSNL966c348IA",10
"BASTI","KUDARAHA","AKELA KUBERPUR","3153013008/RC/958486255823749187","7980","https://mnregaweb4.nic.in/nregaarch/View_NMMS_atten_date_dtl_rpt.aspx?page=&short_name=UP&state_name=UTTAR%20PRADESH&state_code=31&district_name=BASTI&district_code=3153&block_name=KUDARAHA&block_code=3153013&panchayat_name=AKELA%20KUBERPUR&panchayat_code=3153013008&fin_year=2025-2026&source=&work_code=3153013008/RC/958486255823749187&msr_no=7980&AttendanceDate=25/03/2026&Digest=YwanKCGC1DK/AURRbq0fSA",8
"BASTI","KUDARAHA","AKELA KUBERPUR","3153013008/RC/958486255823749188","7989","https://mnregaweb4.nic.in/nregaarch/View_NMMS_atten_date_dtl_rpt.aspx?page=&short_name=UP&state_name=UTTAR%20PRADESH&state_code=31&district_name=BASTI&district_code=3153&block_name=KUDARAHA&block_code=3153013&panchayat_name=AKELA%20KUBERPUR&panchayat_code=3153013008&fin_year=2025-2026&source=&work_code=3153013008/RC/958486255823749188&msr_no=7989&AttendanceDate=25/03/2026&Digest=AEexNlMG+jiBp+WtidnSjw",10
"BASTI","KUDARAHA","PAAUN","3153013010/RC/958486255823672819","8084","https://mnregaweb4.nic.in/nregaarch/View_NMMS_atten_date_dtl_rpt.aspx?page=&short_name=UP&state_name=UTTAR%20PRADESH&state_code=31&district_name=BASTI&district_code=3153&block_name=KUDARAHA&block_code=3153013&panchayat_name=PAAUN&panchayat_code=3153013010&fin_year=2025-2026&source=&work_code=3153013010/RC/958486255823672819&msr_no=8084&AttendanceDate=25/03/2026&Digest=GV7A5C31DtFGgcZxubhfaA",4
"BASTI","KUDARAHA","TURKWALIYA","3153013012/RC/958486255823686923","7682","https://mnregaweb4.nic.in/nregaarch/View_NMMS_atten_date_dtl_rpt.aspx?page=&short_name=UP&state_name=UTTAR%20PRADESH&state_code=31&district_name=BASTI&district_code=3153&block_name=KUDARAHA&block_code=3153013&panchayat_name=TURKWALIYA&panchayat_code=3153013012&fin_year=2025-2026&source=&work_code=3153013012/RC/958486255823686923&msr_no=7682&AttendanceDate=25/03/2026&Digest=wXcupubUNXHb2KOZr4uWdQ",10
"BASTI","KUDARAHA","CHAKIYA","3153013021/LD/958486255825007259","8144","https://mnregaweb4.nic.in/nregaarch/View_NMMS_atten_date_dtl_rpt.aspx?page=&short_name=UP&state_name=UTTAR%20PRADESH&state_code=31&district_name=BASTI&district_code=3153&block_name=KUDARAHA&block_code=3153013&panchayat_name=CHAKIYA&panchayat_code=3153013021&fin_year=2025-2026&source=&work_code=3153013021/LD/958486255825007259&msr_no=8144&AttendanceDate=25/03/2026&Digest=ghCz9VGRIQUcVwQKshw+UQ",9
"BASTI","KUDARAHA","KORMA","3153013029/LD/958486255824959030","7757","https://mnregaweb4.nic.in/nregaarch/View_NMMS_atten_date_dtl_rpt.aspx?page=&short_name=UP&state_name=UTTAR%20PRADESH&state_code=31&district_name=BASTI&district_code=3153&block_name=KUDARAHA&block_code=3153013&panchayat_name=KORMA&panchayat_code=3153013029&fin_year=2025-2026&source=&work_code=3153013029/LD/958486255824959030&msr_no=7757&AttendanceDate=25/03/2026&Digest=TBKQQjfXfOlA5XEmKdu38w",7
"BASTI","KUDARAHA","AMAIPAR","3153013032/IC/958486255823726741","7836","https://mnregaweb4.nic.in/nregaarch/View_NMMS_atten_date_dtl_rpt.aspx?page=&short_name=UP&state_name=UTTAR%20PRADESH&state_code=31&district_name=BASTI&district_code=3153&block_name=KUDARAHA&block_code=3153013&panchayat_name=AMAIPAR&panchayat_code=3153013032&fin_year=2025-2026&source=&work_code=3153013032/IC/958486255823726741&msr_no=7836&AttendanceDate=25/03/2026&Digest=PDmlfE3To34ZYqrZ4/amoQ",10
"BASTI","KUDARAHA","AMAIPAR","3153013032/IC/958486255823726741","7839","https://mnregaweb4.nic.in/nregaarch/View_NMMS_atten_date_dtl_rpt.aspx?page=&short_name=UP&state_name=UTTAR%20PRADESH&state_code=31&district_name=BASTI&district_code=3153&block_name=KUDARAHA&block_code=3153013&panchayat_name=AMAIPAR&panchayat_code=3153013032&fin_year=2025-2026&source=&work_code=3153013032/IC/958486255823726741&msr_no=7839&AttendanceDate=25/03/2026&Digest=7pE7PdmakNWGZ94kA7Iqvw",2
"BASTI","KUDARAHA","AMAIPAR","3153013032/RC/958486255823694991","7829","https://mnregaweb4.nic.in/nregaarch/View_NMMS_atten_date_dtl_rpt.aspx?page=&short_name=UP&state_name=UTTAR%20PRADESH&state_code=31&district_name=BASTI&district_code=3153&block_name=KUDARAHA&block_code=3153013&panchayat_name=AMAIPAR&panchayat_code=3153013032&fin_year=2025-2026&source=&work_code=3153013032/RC/958486255823694991&msr_no=7829&AttendanceDate=25/03/2026&Digest=VK9balCaugm7mu7BU5dqCA",10
"BASTI","KUDARAHA","AMAIPAR","3153013032/RC/958486255823695002","7840","https://mnregaweb4.nic.in/nregaarch/View_NMMS_atten_date_dtl_rpt.aspx?page=&short_name=UP&state_name=UTTAR%20PRADESH&state_code=31&district_name=BASTI&district_code=3153&block_name=KUDARAHA&block_code=3153013&panchayat_name=AMAIPAR&panchayat_code=3153013032&fin_year=2025-2026&source=&work_code=3153013032/RC/958486255823695002&msr_no=7840&AttendanceDate=25/03/2026&Digest=+Wr6yIlzFh3FRKxCkEk7Cw",10
"BASTI","KUDARAHA","AMAIPAR","3153013032/RC/958486255823735251","7915","https://mnregaweb4.nic.in/nregaarch/View_NMMS_atten_date_dtl_rpt.aspx?page=&short_name=UP&state_name=UTTAR%20PRADESH&state_code=31&district_name=BASTI&district_code=3153&block_name=KUDARAHA&block_code=3153013&panchayat_name=AMAIPAR&panchayat_code=3153013032&fin_year=2025-2026&source=&work_code=3153013032/RC/958486255823735251&msr_no=7915&AttendanceDate=25/03/2026&Digest=ejUE7ui5O7xXDjfRZOd87g",10
"BASTI","KUDARAHA","AMAIPAR","3153013032/RC/958486255823735251","7918","https://mnregaweb4.nic.in/nregaarch/View_NMMS_atten_date_dtl_rpt.aspx?page=&short_name=UP&state_name=UTTAR%20PRADESH&state_code=31&district_name=BASTI&district_code=3153&block_name=KUDARAHA&block_code=3153013&panchayat_name=AMAIPAR&panchayat_code=3153013032&fin_year=2025-2026&source=&work_code=3153013032/RC/958486255823735251&msr_no=7918&AttendanceDate=25/03/2026&Digest=QAC/Vl1ANRSW/0/D38C5/g",10
"BASTI","KUDARAHA","JAGANNATHPUR","3153013035/RC/958486255823748456","7740","https://mnregaweb4.nic.in/nregaarch/View_NMMS_atten_date_dtl_rpt.aspx?page=&short_name=UP&state_name=UTTAR%20PRADESH&state_code=31&district_name=BASTI&district_code=3153&block_name=KUDARAHA&block_code=3153013&panchayat_name=JAGANNATHPUR&panchayat_code=3153013035&fin_year=2025-2026&source=&work_code=3153013035/RC/958486255823748456&msr_no=7740&AttendanceDate=25/03/2026&Digest=//TKoXfXKU4GuyLD5zJzLg",3
"BASTI","KUDARAHA","PARSAW","3153013036/LD/958486255824957716","7856","https://mnregaweb4.nic.in/nregaarch/View_NMMS_atten_date_dtl_rpt.aspx?page=&short_name=UP&state_name=UTTAR%20PRADESH&state_code=31&district_name=BASTI&district_code=3153&block_name=KUDARAHA&block_code=3153013&panchayat_name=PARSAW&panchayat_code=3153013036&fin_year=2025-2026&source=&work_code=3153013036/LD/958486255824957716&msr_no=7856&AttendanceDate=25/03/2026&Digest=nbHg5Pamr5K5SL6dANoW5Q",10
"BASTI","KUDARAHA","DELHWA","3153013037/RC/958486255823745217","7886","https://mnregaweb4.nic.in/nregaarch/View_NMMS_atten_date_dtl_rpt.aspx?page=&short_name=UP&state_name=UTTAR%20PRADESH&state_code=31&district_name=BASTI&district_code=3153&block_name=KUDARAHA&block_code=3153013&panchayat_name=DELHWA&panchayat_code=3153013037&fin_year=2025-2026&source=&work_code=3153013037/RC/958486255823745217&msr_no=7886&AttendanceDate=25/03/2026&Digest=0hl5L+GMnjYoWHGCe70CzQ",6
"BASTI","KUDARAHA","BARTANIYA","3153013040/AV/958486255824155477","7960","https://mnregaweb4.nic.in/nregaarch/View_NMMS_atten_date_dtl_rpt.aspx?page=&short_name=UP&state_name=UTTAR%20PRADESH&state_code=31&district_name=BASTI&district_code=3153&block_name=KUDARAHA&block_code=3153013&panchayat_name=BARTANIYA&panchayat_code=3153013040&fin_year=2025-2026&source=&work_code=3153013040/AV/958486255824155477&msr_no=7960&AttendanceDate=25/03/2026&Digest=7aLqB+lVq5hKS17tpTp/IA",9
"BASTI","KUDARAHA","BARTANIYA","3153013040/LD/958486255824900453","7927","https://mnregaweb4.nic.in/nregaarch/View_NMMS_atten_date_dtl_rpt.aspx?page=&short_name=UP&state_name=UTTAR%20PRADESH&state_code=31&district_name=BASTI&district_code=3153&block_name=KUDARAHA&block_code=3153013&panchayat_name=BARTANIYA&panchayat_code=3153013040&fin_year=2025-2026&source=&work_code=3153013040/LD/958486255824900453&msr_no=7927&AttendanceDate=25/03/2026&Digest=lXqovFxltqWFl8QuH9IzEQ",10
"BASTI","KUDARAHA","BARTANIYA","3153013040/LD/958486255824900453","7930","https://mnregaweb4.nic.in/nregaarch/View_NMMS_atten_date_dtl_rpt.aspx?page=&short_name=UP&state_name=UTTAR%20PRADESH&state_code=31&district_name=BASTI&district_code=3153&block_name=KUDARAHA&block_code=3153013&panchayat_name=BARTANIYA&panchayat_code=3153013040&fin_year=2025-2026&source=&work_code=3153013040/LD/958486255824900453&msr_no=7930&AttendanceDate=25/03/2026&Digest=orAkz3pev2hr/E0ZosOL7A",10
"BASTI","KUDARAHA","MUSARIHA","3153013041/RC/958486255823728282","7824","https://mnregaweb4.nic.in/nregaarch/View_NMMS_atten_date_dtl_rpt.aspx?page=&short_name=UP&state_name=UTTAR%20PRADESH&state_code=31&district_name=BASTI&district_code=3153&block_name=KUDARAHA&block_code=3153013&panchayat_name=MUSARIHA&panchayat_code=3153013041&fin_year=2025-2026&source=&work_code=3153013041/RC/958486255823728282&msr_no=7824&AttendanceDate=25/03/2026&Digest=TXfVlf1NDeMO5kz5d+NK2g",9
"BASTI","KUDARAHA","KABRA KHAS","3153013043/RC/958486255823726579","7752","https://mnregaweb4.nic.in/nregaarch/View_NMMS_atten_date_dtl_rpt.aspx?page=&short_name=UP&state_name=UTTAR%20PRADESH&state_code=31&district_name=BASTI&district_code=3153&block_name=KUDARAHA&block_code=3153013&panchayat_name=KABRA%20KHAS&panchayat_code=3153013043&fin_year=2025-2026&source=&work_code=3153013043/RC/958486255823726579&msr_no=7752&AttendanceDate=25/03/2026&Digest=f0IEBDMmiN1Z+kZxVRsc5w",10
"BASTI","KUDARAHA","BAISIYA KALA","3153013050/LD/958486255824953603","7713","https://mnregaweb4.nic.in/nregaarch/View_NMMS_atten_date_dtl_rpt.aspx?page=&short_name=UP&state_name=UTTAR%20PRADESH&state_code=31&district_name=BASTI&district_code=3153&block_name=KUDARAHA&block_code=3153013&panchayat_name=BAISIYA%20KALA&panchayat_code=3153013050&fin_year=2025-2026&source=&work_code=3153013050/LD/958486255824953603&msr_no=7713&AttendanceDate=25/03/2026&Digest=WHdeiN3+Gk5WocOPNrFmbA",7
"BASTI","KUDARAHA","BAISIYA KALA","3153013050/RC/958486255823747638","7998","https://mnregaweb4.nic.in/nregaarch/View_NMMS_atten_date_dtl_rpt.aspx?page=&short_name=UP&state_name=UTTAR%20PRADESH&state_code=31&district_name=BASTI&district_code=3153&block_name=KUDARAHA&block_code=3153013&panchayat_name=BAISIYA%20KALA&panchayat_code=3153013050&fin_year=2025-2026&source=&work_code=3153013050/RC/958486255823747638&msr_no=7998&AttendanceDate=25/03/2026&Digest=OQxbZWSTrv2i/Vf5HD5JLQ",1
"BASTI","KUDARAHA","MANJHARIYA","3153013057/LD/958486255824935540","7654","https://mnregaweb4.nic.in/nregaarch/View_NMMS_atten_date_dtl_rpt.aspx?page=&short_name=UP&state_name=UTTAR%20PRADESH&state_code=31&district_name=BASTI&district_code=3153&block_name=KUDARAHA&block_code=3153013&panchayat_name=MANJHARIYA&panchayat_code=3153013057&fin_year=2025-2026&source=&work_code=3153013057/LD/958486255824935540&msr_no=7654&AttendanceDate=25/03/2026&Digest=JHYUAWqP6E87WMxp2OxdfA",6
"BASTI","KUDARAHA","MANJHARIYA","3153013057/RC/958486255823656442","8307","https://mnregaweb4.nic.in/nregaarch/View_NMMS_atten_date_dtl_rpt.aspx?page=&short_name=UP&state_name=UTTAR%20PRADESH&state_code=31&district_name=BASTI&district_code=3153&block_name=KUDARAHA&block_code=3153013&panchayat_name=MANJHARIYA&panchayat_code=3153013057&fin_year=2025-2026&source=&work_code=3153013057/RC/958486255823656442&msr_no=8307&AttendanceDate=25/03/2026&Digest=qdjyb/abd/GbVUx/5L9h+Q",1
"BASTI","KUDARAHA","BAANPUR","3153013059/RC/958486255823694013","7704","https://mnregaweb4.nic.in/nregaarch/View_NMMS_atten_date_dtl_rpt.aspx?page=&short_name=UP&state_name=UTTAR%20PRADESH&state_code=31&district_name=BASTI&district_code=3153&block_name=KUDARAHA&block_code=3153013&panchayat_name=BAANPUR&panchayat_code=3153013059&fin_year=2025-2026&source=&work_code=3153013059/RC/958486255823694013&msr_no=7704&AttendanceDate=25/03/2026&Digest=wpKscRcdt1GitYMwqCgBDQ",10
"BASTI","KUDARAHA","BAANPUR","3153013059/RC/958486255823694017","7702","https://mnregaweb4.nic.in/nregaarch/View_NMMS_atten_date_dtl_rpt.aspx?page=&short_name=UP&state_name=UTTAR%20PRADESH&state_code=31&district_name=BASTI&district_code=3153&block_name=KUDARAHA&block_code=3153013&panchayat_name=BAANPUR&panchayat_code=3153013059&fin_year=2025-2026&source=&work_code=3153013059/RC/958486255823694017&msr_no=7702&AttendanceDate=25/03/2026&Digest=ai4ctROB/v8Jy3QzVI7Iew",10
"BASTI","KUDARAHA","BAANPUR","3153013059/RC/958486255823745463","8187","https://mnregaweb4.nic.in/nregaarch/View_NMMS_atten_date_dtl_rpt.aspx?page=&short_name=UP&state_name=UTTAR%20PRADESH&state_code=31&district_name=BASTI&district_code=3153&block_name=KUDARAHA&block_code=3153013&panchayat_name=BAANPUR&panchayat_code=3153013059&fin_year=2025-2026&source=&work_code=3153013059/RC/958486255823745463&msr_no=8187&AttendanceDate=25/03/2026&Digest=UoIOhV/TsKvsQxMx4OitTQ",10
"BASTI","KUDARAHA","BAANPUR","3153013059/RC/958486255823745465","8181","https://mnregaweb4.nic.in/nregaarch/View_NMMS_atten_date_dtl_rpt.aspx?page=&short_name=UP&state_name=UTTAR%20PRADESH&state_code=31&district_name=BASTI&district_code=3153&block_name=KUDARAHA&block_code=3153013&panchayat_name=BAANPUR&panchayat_code=3153013059&fin_year=2025-2026&source=&work_code=3153013059/RC/958486255823745465&msr_no=8181&AttendanceDate=25/03/2026&Digest=ib8v+ikxP5Vm7tSry1wOVA",10
"BASTI","KUDARAHA","DIHUKPURA","3153013060/RC/958486255823750162","8089","https://mnregaweb4.nic.in/nregaarch/View_NMMS_atten_date_dtl_rpt.aspx?page=&short_name=UP&state_name=UTTAR%20PRADESH&state_code=31&district_name=BASTI&district_code=3153&block_name=KUDARAHA&block_code=3153013&panchayat_name=DIHUKPURA&panchayat_code=3153013060&fin_year=2025-2026&source=&work_code=3153013060/RC/958486255823750162&msr_no=8089&AttendanceDate=25/03/2026&Digest=DyrBwYfJ51E0eweB+8kPug",3
"BASTI","KUDARAHA","DIHUKPURA","3153013060/RC/958486255823750558","8233","https://mnregaweb4.nic.in/nregaarch/View_NMMS_atten_date_dtl_rpt.aspx?page=&short_name=UP&state_name=UTTAR%20PRADESH&state_code=31&district_name=BASTI&district_code=3153&block_name=KUDARAHA&block_code=3153013&panchayat_name=DIHUKPURA&panchayat_code=3153013060&fin_year=2025-2026&source=&work_code=3153013060/RC/958486255823750558&msr_no=8233&AttendanceDate=25/03/2026&Digest=kpR/gF6SMwZ63MAhlBhBhg",4
"BASTI","KUDARAHA","DIHUKPURA","3153013060/RC/958486255823750568","8225","https://mnregaweb4.nic.in/nregaarch/View_NMMS_atten_date_dtl_rpt.aspx?page=&short_name=UP&state_name=UTTAR%20PRADESH&state_code=31&district_name=BASTI&district_code=3153&block_name=KUDARAHA&block_code=3153013&panchayat_name=DIHUKPURA&panchayat_code=3153013060&fin_year=2025-2026&source=&work_code=3153013060/RC/958486255823750568&msr_no=8225&AttendanceDate=25/03/2026&Digest=sa1CF35YpWJsegnEd+YayQ",8
"BASTI","KUDARAHA","PIPARPATI EHATMALI","3153013071/RC/958486255823700979","8015","https://mnregaweb4.nic.in/nregaarch/View_NMMS_atten_date_dtl_rpt.aspx?page=&short_name=UP&state_name=UTTAR%20PRADESH&state_code=31&district_name=BASTI&district_code=3153&block_name=KUDARAHA&block_code=3153013&panchayat_name=PIPARPATI%20EHATMALI&panchayat_code=3153013071&fin_year=2025-2026&source=&work_code=3153013071/RC/958486255823700979&msr_no=8015&AttendanceDate=25/03/2026&Digest=pC/Z5zpipBBDV4+/4nJAxA",9
"BASTI","KUDARAHA","PIPARPATI EHATMALI","3153013071/RC/958486255823746235","8019","https://mnregaweb4.nic.in/nregaarch/View_NMMS_atten_date_dtl_rpt.aspx?page=&short_name=UP&state_name=UTTAR%20PRADESH&state_code=31&district_name=BASTI&district_code=3153&block_name=KUDARAHA&block_code=3153013&panchayat_name=PIPARPATI%20EHATMALI&panchayat_code=3153013071&fin_year=2025-2026&source=&work_code=3153013071/RC/958486255823746235&msr_no=8019&AttendanceDate=25/03/2026&Digest=sOqTXPkfRUEZRjlBuwKMSg",10
"BASTI","KUDARAHA","PIPARPATI EHATMALI","3153013071/RC/958486255823746235","8022","https://mnregaweb4.nic.in/nregaarch/View_NMMS_atten_date_dtl_rpt.aspx?page=&short_name=UP&state_name=UTTAR%20PRADESH&state_code=31&district_name=BASTI&district_code=3153&block_name=KUDARAHA&block_code=3153013&panchayat_name=PIPARPATI%20EHATMALI&panchayat_code=3153013071&fin_year=2025-2026&source=&work_code=3153013071/RC/958486255823746235&msr_no=8022&AttendanceDate=25/03/2026&Digest=apCyln9uPNtRgqn9UUcrIA",10
"BASTI","KUDARAHA","PIPARPATI EHATMALI","3153013071/RC/958486255823746235","8080","https://mnregaweb4.nic.in/nregaarch/View_NMMS_atten_date_dtl_rpt.aspx?page=&short_name=UP&state_name=UTTAR%20PRADESH&state_code=31&district_name=BASTI&district_code=3153&block_name=KUDARAHA&block_code=3153013&panchayat_name=PIPARPATI%20EHATMALI&panchayat_code=3153013071&fin_year=2025-2026&source=&work_code=3153013071/RC/958486255823746235&msr_no=8080&AttendanceDate=25/03/2026&Digest=6jqi9soVOSitUyRztqNULQ",7
"BASTI","KUDARAHA","HARKHAILIYA URF MATIYARIA","3153013074/RC/YD/958486255823751079","8069","https://mnregaweb4.nic.in/nregaarch/View_NMMS_atten_date_dtl_rpt.aspx?page=&short_name=UP&state_name=UTTAR%20PRADESH&state_code=31&district_name=BASTI&district_code=3153&block_name=KUDARAHA&block_code=3153013&panchayat_name=HARKHAILIYA%20URF%20MATIYARIA&panchayat_code=3153013074&fin_year=2025-2026&source=&work_code=3153013074/RC/YD/958486255823751079&msr_no=8069&AttendanceDate=25/03/2026&Digest=kqxqsCfMUfPZbTikGf/KMQ",10
"BASTI","HARRAIYA","BHARGAWA","3153003058/LD/958486255824611296","6962","https://mnregaweb4.nic.in/nregaarch/View_NMMS_atten_date_dtl_rpt.aspx?page=&short_name=UP&state_name=UTTAR%20PRADESH&state_code=31&district_name=BASTI&district_code=3153&block_name=HARRAIYA&block_code=3153003&panchayat_name=BHARGAWA&panchayat_code=3153003058&fin_year=2025-2026&source=&work_code=3153003058/LD/958486255824611296&msr_no=6962&AttendanceDate=25/03/2026&Digest=fxRPr8m2mUWsaVopB5X2Xg",10
"BASTI","HARRAIYA","BHARGAWA","3153003058/LD/958486255824949792","6852","https://mnregaweb4.nic.in/nregaarch/View_NMMS_atten_date_dtl_rpt.aspx?page=&short_name=UP&state_name=UTTAR%20PRADESH&state_code=31&district_name=BASTI&district_code=3153&block_name=HARRAIYA&block_code=3153003&panchayat_name=BHARGAWA&panchayat_code=3153003058&fin_year=2025-2026&source=&work_code=3153003058/LD/958486255824949792&msr_no=6852&AttendanceDate=25/03/2026&Digest=wSUsodk9KYJFoDyVXMd+3w",10
"BASTI","HARRAIYA","BHARGAWA","3153003058/LD/958486255824949792","6855","https://mnregaweb4.nic.in/nregaarch/View_NMMS_atten_date_dtl_rpt.aspx?page=&short_name=UP&state_name=UTTAR%20PRADESH&state_code=31&district_name=BASTI&district_code=3153&block_name=HARRAIYA&block_code=3153003&panchayat_name=BHARGAWA&panchayat_code=3153003058&fin_year=2025-2026&source=&work_code=3153003058/LD/958486255824949792&msr_no=6855&AttendanceDate=25/03/2026&Digest=xyygIUAV0PhHUZU6vyk23w",6
"BASTI","HARRAIYA","LAVDAHA","3153003060/RC/958486255823749438","6990","https://mnregaweb4.nic.in/nregaarch/View_NMMS_atten_date_dtl_rpt.aspx?page=&short_name=UP&state_name=UTTAR%20PRADESH&state_code=31&district_name=BASTI&district_code=3153&block_name=HARRAIYA&block_code=3153003&panchayat_name=LAVDAHA&panchayat_code=3153003060&fin_year=2025-2026&source=&work_code=3153003060/RC/958486255823749438&msr_no=6990&AttendanceDate=25/03/2026&Digest=iFiXJfFcFj5TaYwynIvkeg",7
"BASTI","HARRAIYA","KHAMAHRIA SUJAT","3153003072/LD/958486255825008862","6827","https://mnregaweb4.nic.in/nregaarch/View_NMMS_atten_date_dtl_rpt.aspx?page=&short_name=UP&state_name=UTTAR%20PRADESH&state_code=31&district_name=BASTI&district_code=3153&block_name=HARRAIYA&block_code=3153003&panchayat_name=KHAMAHRIA%20SUJAT&panchayat_code=3153003072&fin_year=2025-2026&source=&work_code=3153003072/LD/958486255825008862&msr_no=6827&AttendanceDate=25/03/2026&Digest=E+bK2VlCFuR8egTJbUN+0A",10
"BASTI","HARRAIYA","KHAMAHRIA SUJAT","3153003072/LD/958486255825008862","6830","https://mnregaweb4.nic.in/nregaarch/View_NMMS_atten_date_dtl_rpt.aspx?page=&short_name=UP&state_name=UTTAR%20PRADESH&state_code=31&district_name=BASTI&district_code=3153&block_name=HARRAIYA&block_code=3153003&panchayat_name=KHAMAHRIA%20SUJAT&panchayat_code=3153003072&fin_year=2025-2026&source=&work_code=3153003072/LD/958486255825008862&msr_no=6830&AttendanceDate=25/03/2026&Digest=x03r9U9Zlqvdi0m7ajbqnA",10
"BASTI","HARRAIYA","KHAIRI OJHA","3153003075/RC/958486255823728319","6930","https://mnregaweb4.nic.in/nregaarch/View_NMMS_atten_date_dtl_rpt.aspx?page=&short_name=UP&state_name=UTTAR%20PRADESH&state_code=31&district_name=BASTI&district_code=3153&block_name=HARRAIYA&block_code=3153003&panchayat_name=KHAIRI%20OJHA&panchayat_code=3153003075&fin_year=2025-2026&source=&work_code=3153003075/RC/958486255823728319&msr_no=6930&AttendanceDate=25/03/2026&Digest=QiVSHqUR+YxAoeNg7htIag",6
"BASTI","HARRAIYA","SHAMBHUPUR","3153003077/RC/958486255823742783","6961","https://mnregaweb4.nic.in/nregaarch/View_NMMS_atten_date_dtl_rpt.aspx?page=&short_name=UP&state_name=UTTAR%20PRADESH&state_code=31&district_name=BASTI&district_code=3153&block_name=HARRAIYA&block_code=3153003&panchayat_name=SHAMBHUPUR&panchayat_code=3153003077&fin_year=2025-2026&source=&work_code=3153003077/RC/958486255823742783&msr_no=6961&AttendanceDate=25/03/2026&Digest=8NF745qYQJ8ej7GdKz3pGw",8
"BASTI","KAPTANGANJ","BAGHAUDA","3153005008/RC/958486255823695929","4925","https://mnregaweb4.nic.in/nregaarch/View_NMMS_atten_date_dtl_rpt.aspx?page=&short_name=UP&state_name=UTTAR%20PRADESH&state_code=31&district_name=BASTI&district_code=3153&block_name=KAPTANGANJ&block_code=3153005&panchayat_name=BAGHAUDA&panchayat_code=3153005008&fin_year=2025-2026&source=&work_code=3153005008/RC/958486255823695929&msr_no=4925&AttendanceDate=25/03/2026&Digest=1MlCk+UkBngm7I+IywLilw",10
"BASTI","KAPTANGANJ","BAGHAUDA","3153005008/RC/958486255823700091","4846","https://mnregaweb4.nic.in/nregaarch/View_NMMS_atten_date_dtl_rpt.aspx?page=&short_name=UP&state_name=UTTAR%20PRADESH&state_code=31&district_name=BASTI&district_code=3153&block_name=KAPTANGANJ&block_code=3153005&panchayat_name=BAGHAUDA&panchayat_code=3153005008&fin_year=2025-2026&source=&work_code=3153005008/RC/958486255823700091&msr_no=4846&AttendanceDate=25/03/2026&Digest=gsCqCpqhM813YQM0Ix4juA",2
"BASTI","KAPTANGANJ","BESAURA","3153005031/RC/958486255823680624","4861","https://mnregaweb4.nic.in/nregaarch/View_NMMS_atten_date_dtl_rpt.aspx?page=&short_name=UP&state_name=UTTAR%20PRADESH&state_code=31&district_name=BASTI&district_code=3153&block_name=KAPTANGANJ&block_code=3153005&panchayat_name=BESAURA&panchayat_code=3153005031&fin_year=2025-2026&source=&work_code=3153005031/RC/958486255823680624&msr_no=4861&AttendanceDate=25/03/2026&Digest=sV8y1lUiQGqydfPYGTRMgA",8
"BASTI","KAPTANGANJ","SARWALIYA","3153005034/RC/958486255823718357","4938","https://mnregaweb4.nic.in/nregaarch/View_NMMS_atten_date_dtl_rpt.aspx?page=&short_name=UP&state_name=UTTAR%20PRADESH&state_code=31&district_name=BASTI&district_code=3153&block_name=KAPTANGANJ&block_code=3153005&panchayat_name=SARWALIYA&panchayat_code=3153005034&fin_year=2025-2026&source=&work_code=3153005034/RC/958486255823718357&msr_no=4938&AttendanceDate=25/03/2026&Digest=qIGOrO8j+Lp1lvBs3fizEg",2
"BASTI","KAPTANGANJ","NAIKAPAR","3153005057/LD/958486255824964925","4863","https://mnregaweb4.nic.in/nregaarch/View_NMMS_atten_date_dtl_rpt.aspx?page=&short_name=UP&state_name=UTTAR%20PRADESH&state_code=31&district_name=BASTI&district_code=3153&block_name=KAPTANGANJ&block_code=3153005&panchayat_name=NAIKAPAR&panchayat_code=3153005057&fin_year=2025-2026&source=&work_code=3153005057/LD/958486255824964925&msr_no=4863&AttendanceDate=25/03/2026&Digest=M8e58HRZebCSFNumRd6oLQ",7
"BASTI","KAPTANGANJ","PARIWARPUR","3153005058/RC/958486255823726572","4894","https://mnregaweb4.nic.in/nregaarch/View_NMMS_atten_date_dtl_rpt.aspx?page=&short_name=UP&state_name=UTTAR%20PRADESH&state_code=31&district_name=BASTI&district_code=3153&block_name=KAPTANGANJ&block_code=3153005&panchayat_name=PARIWARPUR&panchayat_code=3153005058&fin_year=2025-2026&source=&work_code=3153005058/RC/958486255823726572&msr_no=4894&AttendanceDate=25/03/2026&Digest=kEsqQ2sOhTOaCNScoPV9SQ",8
"BASTI","KUDARAHA","MURADPUR","3153013002/WH/958486255823990667","8035","https://mnregaweb4.nic.in/nregaarch/View_NMMS_atten_date_dtl_rpt.aspx?page=&short_name=UP&state_name=UTTAR%20PRADESH&state_code=31&district_name=BASTI&district_code=3153&block_name=KUDARAHA&block_code=3153013&panchayat_name=MURADPUR&panchayat_code=3153013002&fin_year=2025-2026&source=&work_code=3153013002/WH/958486255823990667&msr_no=8035&AttendanceDate=25/03/2026&Digest=idOFdxF/pdMsvSuEwuh3Tw",10
"BASTI","KUDARAHA","PIPARPATI MUSTAHKAM","3153013004/RC/958486255823748170","8065","https://mnregaweb4.nic.in/nregaarch/View_NMMS_atten_date_dtl_rpt.aspx?page=&short_name=UP&state_name=UTTAR%20PRADESH&state_code=31&district_name=BASTI&district_code=3153&block_name=KUDARAHA&block_code=3153013&panchayat_name=PIPARPATI%20MUSTAHKAM&panchayat_code=3153013004&fin_year=2025-2026&source=&work_code=3153013004/RC/958486255823748170&msr_no=8065&AttendanceDate=25/03/2026&Digest=2hnJNT9G9q0F+QRc3jxNMw",7
"BASTI","KUDARAHA","PIPARPATI MUSTAHKAM","3153013004/RC/958486255823749540","8066","https://mnregaweb4.nic.in/nregaarch/View_NMMS_atten_date_dtl_rpt.aspx?page=&short_name=UP&state_name=UTTAR%20PRADESH&state_code=31&district_name=BASTI&district_code=3153&block_name=KUDARAHA&block_code=3153013&panchayat_name=PIPARPATI%20MUSTAHKAM&panchayat_code=3153013004&fin_year=2025-2026&source=&work_code=3153013004/RC/958486255823749540&msr_no=8066&AttendanceDate=25/03/2026&Digest=NzXhJvz0zrWOGHm0WCtuNA",10
"BASTI","KUDARAHA","AKELA KUBERPUR","3153013008/RC/958486255823579681","8252","https://mnregaweb4.nic.in/nregaarch/View_NMMS_atten_date_dtl_rpt.aspx?page=&short_name=UP&state_name=UTTAR%20PRADESH&state_code=31&district_name=BASTI&district_code=3153&block_name=KUDARAHA&block_code=3153013&panchayat_name=AKELA%20KUBERPUR&panchayat_code=3153013008&fin_year=2025-2026&source=&work_code=3153013008/RC/958486255823579681&msr_no=8252&AttendanceDate=25/03/2026&Digest=OhIGVWiuhwtECkh2pTNmyw",9
"BASTI","KUDARAHA","AKELA KUBERPUR","3153013008/RC/958486255823579682","8254","https://mnregaweb4.nic.in/nregaarch/View_NMMS_atten_date_dtl_rpt.aspx?page=&short_name=UP&state_name=UTTAR%20PRADESH&state_code=31&district_name=BASTI&district_code=3153&block_name=KUDARAHA&block_code=3153013&panchayat_name=AKELA%20KUBERPUR&panchayat_code=3153013008&fin_year=2025-2026&source=&work_code=3153013008/RC/958486255823579682&msr_no=8254&AttendanceDate=25/03/2026&Digest=1HnajjMLPK0SE7CJM02Aaw",8
"BASTI","KUDARAHA","AKELA KUBERPUR","3153013008/RC/958486255823594326","8057","https://mnregaweb4.nic.in/nregaarch/View_NMMS_atten_date_dtl_rpt.aspx?page=&short_name=UP&state_name=UTTAR%20PRADESH&state_code=31&district_name=BASTI&district_code=3153&block_name=KUDARAHA&block_code=3153013&panchayat_name=AKELA%20KUBERPUR&panchayat_code=3153013008&fin_year=2025-2026&source=&work_code=3153013008/RC/958486255823594326&msr_no=8057&AttendanceDate=25/03/2026&Digest=87PGMG6PyNTVmtRIlW5hLA",8
"BASTI","KUDARAHA","AKELA KUBERPUR","3153013008/RC/958486255823749187","7981","https://mnregaweb4.nic.in/nregaarch/View_NMMS_atten_date_dtl_rpt.aspx?page=&short_name=UP&state_name=UTTAR%20PRADESH&state_code=31&district_name=BASTI&district_code=3153&block_name=KUDARAHA&block_code=3153013&panchayat_name=AKELA%20KUBERPUR&panchayat_code=3153013008&fin_year=2025-2026&source=&work_code=3153013008/RC/958486255823749187&msr_no=7981&AttendanceDate=25/03/2026&Digest=Az4QAPHY+EQOAgwA4u+rqA",9
"BASTI","KUDARAHA","AKELA KUBERPUR","3153013008/RC/958486255823749188","7987","https://mnregaweb4.nic.in/nregaarch/View_NMMS_atten_date_dtl_rpt.aspx?page=&short_name=UP&state_name=UTTAR%20PRADESH&state_code=31&district_name=BASTI&district_code=3153&block_name=KUDARAHA&block_code=3153013&panchayat_name=AKELA%20KUBERPUR&panchayat_code=3153013008&fin_year=2025-2026&source=&work_code=3153013008/RC/958486255823749188&msr_no=7987&AttendanceDate=25/03/2026&Digest=VZSF8+JhsnATqQ4tOdvWRQ",10
"BASTI","KUDARAHA","AKELA KUBERPUR","3153013008/RC/958486255823749188","7990","https://mnregaweb4.nic.in/nregaarch/View_NMMS_atten_date_dtl_rpt.aspx?page=&short_name=UP&state_name=UTTAR%20PRADESH&state_code=31&district_name=BASTI&district_code=3153&block_name=KUDARAHA&block_code=3153013&panchayat_name=AKELA%20KUBERPUR&panchayat_code=3153013008&fin_year=2025-2026&source=&work_code=3153013008/RC/958486255823749188&msr_no=7990&AttendanceDate=25/03/2026&Digest=DjSrHt2JQC6oeK4fEZXeBg",10
"BASTI","KUDARAHA","RASOOLPUR","3153013020/RC/958486255823670231","7968","https://mnregaweb4.nic.in/nregaarch/View_NMMS_atten_date_dtl_rpt.aspx?page=&short_name=UP&state_name=UTTAR%20PRADESH&state_code=31&district_name=BASTI&district_code=3153&block_name=KUDARAHA&block_code=3153013&panchayat_name=RASOOLPUR&panchayat_code=3153013020&fin_year=2025-2026&source=&work_code=3153013020/RC/958486255823670231&msr_no=7968&AttendanceDate=25/03/2026&Digest=M6CUlc9HU9KZ7gEmEKL2QA",10
"BASTI","KUDARAHA","RASOOLPUR","3153013020/RC/958486255823670232","7973","https://mnregaweb4.nic.in/nregaarch/View_NMMS_atten_date_dtl_rpt.aspx?page=&short_name=UP&state_name=UTTAR%20PRADESH&state_code=31&district_name=BASTI&district_code=3153&block_name=KUDARAHA&block_code=3153013&panchayat_name=RASOOLPUR&panchayat_code=3153013020&fin_year=2025-2026&source=&work_code=3153013020/RC/958486255823670232&msr_no=7973&AttendanceDate=25/03/2026&Digest=D9MTBSoW4SKJk3EW9cf1xg",10
"BASTI","KUDARAHA","RASOOLPUR","3153013020/RC/958486255823670232","7976","https://mnregaweb4.nic.in/nregaarch/View_NMMS_atten_date_dtl_rpt.aspx?page=&short_name=UP&state_name=UTTAR%20PRADESH&state_code=31&district_name=BASTI&district_code=3153&block_name=KUDARAHA&block_code=3153013&panchayat_name=RASOOLPUR&panchayat_code=3153013020&fin_year=2025-2026&source=&work_code=3153013020/RC/958486255823670232&msr_no=7976&AttendanceDate=25/03/2026&Digest=0XVhRX1D/UrP1LMiCf39ew",2
"BASTI","KUDARAHA","CHAKIYA","3153013021/LD/958486255825007259","8145","https://mnregaweb4.nic.in/nregaarch/View_NMMS_atten_date_dtl_rpt.aspx?page=&short_name=UP&state_name=UTTAR%20PRADESH&state_code=31&district_name=BASTI&district_code=3153&block_name=KUDARAHA&block_code=3153013&panchayat_name=CHAKIYA&panchayat_code=3153013021&fin_year=2025-2026&source=&work_code=3153013021/LD/958486255825007259&msr_no=8145&AttendanceDate=25/03/2026&Digest=HvPZ11u8KRyO0wRnTv3xJQ",1
"BASTI","KUDARAHA","GAURA ROHARI","3153013024/FP/958486255823604468","8207","https://mnregaweb4.nic.in/nregaarch/View_NMMS_atten_date_dtl_rpt.aspx?page=&short_name=UP&state_name=UTTAR%20PRADESH&state_code=31&district_name=BASTI&district_code=3153&block_name=KUDARAHA&block_code=3153013&panchayat_name=GAURA%20ROHARI&panchayat_code=3153013024&fin_year=2025-2026&source=&work_code=3153013024/FP/958486255823604468&msr_no=8207&AttendanceDate=25/03/2026&Digest=1xSZKXPi956rAKteU4a88g",10
"BASTI","KUDARAHA","GAURA ROHARI","3153013024/FP/958486255823604468","8210","https://mnregaweb4.nic.in/nregaarch/View_NMMS_atten_date_dtl_rpt.aspx?page=&short_name=UP&state_name=UTTAR%20PRADESH&state_code=31&district_name=BASTI&district_code=3153&block_name=KUDARAHA&block_code=3153013&panchayat_name=GAURA%20ROHARI&panchayat_code=3153013024&fin_year=2025-2026&source=&work_code=3153013024/FP/958486255823604468&msr_no=8210&AttendanceDate=25/03/2026&Digest=UPUTm2AfQcePksvda8xYbQ",10
"BASTI","KUDARAHA","GAURA ROHARI","3153013024/LD/958486255824973367","7592","https://mnregaweb4.nic.in/nregaarch/View_NMMS_atten_date_dtl_rpt.aspx?page=&short_name=UP&state_name=UTTAR%20PRADESH&state_code=31&district_name=BASTI&district_code=3153&block_name=KUDARAHA&block_code=3153013&panchayat_name=GAURA%20ROHARI&panchayat_code=3153013024&fin_year=2025-2026&source=&work_code=3153013024/LD/958486255824973367&msr_no=7592&AttendanceDate=25/03/2026&Digest=fqagiqZIPNztICxoq2BStw",8
"BASTI","KUDARAHA","GAURA ROHARI","3153013024/LD/958486255824973367","7595","https://mnregaweb4.nic.in/nregaarch/View_NMMS_atten_date_dtl_rpt.aspx?page=&short_name=UP&state_name=UTTAR%20PRADESH&state_code=31&district_name=BASTI&district_code=3153&block_name=KUDARAHA&block_code=3153013&panchayat_name=GAURA%20ROHARI&panchayat_code=3153013024&fin_year=2025-2026&source=&work_code=3153013024/LD/958486255824973367&msr_no=7595&AttendanceDate=25/03/2026&Digest=0zY5S3SjC8RqQqi4w5YWow",10
"BASTI","KUDARAHA","SUVRAHA","3153013026/RC/958486255823725225","7657","https://mnregaweb4.nic.in/nregaarch/View_NMMS_atten_date_dtl_rpt.aspx?page=&short_name=UP&state_name=UTTAR%20PRADESH&state_code=31&district_name=BASTI&district_code=3153&block_name=KUDARAHA&block_code=3153013&panchayat_name=SUVRAHA&panchayat_code=3153013026&fin_year=2025-2026&source=&work_code=3153013026/RC/958486255823725225&msr_no=7657&AttendanceDate=25/03/2026&Digest=G2wKvrVu+q7CYblg9S4kpw",6
"BASTI","KUDARAHA","SUVRAHA","3153013026/WC/958486255824251727","8042","https://mnregaweb4.nic.in/nregaarch/View_NMMS_atten_date_dtl_rpt.aspx?page=&short_name=UP&state_name=UTTAR%20PRADESH&state_code=31&district_name=BASTI&district_code=3153&block_name=KUDARAHA&block_code=3153013&panchayat_name=SUVRAHA&panchayat_code=3153013026&fin_year=2025-2026&source=&work_code=3153013026/WC/958486255824251727&msr_no=8042&AttendanceDate=25/03/2026&Digest=3K3Th9odOCsUy/1P5rmJXA",10
"BASTI","KUDARAHA","THANWA MUDYARI","3153013027/LD/958486255824954841","7821","https://mnregaweb4.nic.in/nregaarch/View_NMMS_atten_date_dtl_rpt.aspx?page=&short_name=UP&state_name=UTTAR%20PRADESH&state_code=31&district_name=BASTI&district_code=3153&block_name=KUDARAHA&block_code=3153013&panchayat_name=THANWA%20MUDYARI&panchayat_code=3153013027&fin_year=2025-2026&source=&work_code=3153013027/LD/958486255824954841&msr_no=7821&AttendanceDate=25/03/2026&Digest=f/A/JW3mYRkYHhujLLBXvA",9
"BASTI","KUDARAHA","KORMA","3153013029/RC/958486255823748490","8153","https://mnregaweb4.nic.in/nregaarch/View_NMMS_atten_date_dtl_rpt.aspx?page=&short_name=UP&state_name=UTTAR%20PRADESH&state_code=31&district_name=BASTI&district_code=3153&block_name=KUDARAHA&block_code=3153013&panchayat_name=KORMA&panchayat_code=3153013029&fin_year=2025-2026&source=&work_code=3153013029/RC/958486255823748490&msr_no=8153&AttendanceDate=25/03/2026&Digest=4rPsrDB1aiQoUqEQYyzHHw",7
"BASTI","KUDARAHA","KORMA","3153013029/RC/958486255823748565","7912","https://mnregaweb4.nic.in/nregaarch/View_NMMS_atten_date_dtl_rpt.aspx?page=&short_name=UP&state_name=UTTAR%20PRADESH&state_code=31&district_name=BASTI&district_code=3153&block_name=KUDARAHA&block_code=3153013&panchayat_name=KORMA&panchayat_code=3153013029&fin_year=2025-2026&source=&work_code=3153013029/RC/958486255823748565&msr_no=7912&AttendanceDate=25/03/2026&Digest=rZCS4H9MHgUGKxPS9QFPlA",8
"BASTI","KUDARAHA","AMAIPAR","3153013032/RC/958486255823694994","7942","https://mnregaweb4.nic.in/nregaarch/View_NMMS_atten_date_dtl_rpt.aspx?page=&short_name=UP&state_name=UTTAR%20PRADESH&state_code=31&district_name=BASTI&district_code=3153&block_name=KUDARAHA&block_code=3153013&panchayat_name=AMAIPAR&panchayat_code=3153013032&fin_year=2025-2026&source=&work_code=3153013032/RC/958486255823694994&msr_no=7942&AttendanceDate=25/03/2026&Digest=UrSGLQ2iVxY2xaXZZR1O3g",10
"BASTI","KUDARAHA","AMAIPAR","3153013032/RC/958486255823735251","7913","https://mnregaweb4.nic.in/nregaarch/View_NMMS_atten_date_dtl_rpt.aspx?page=&short_name=UP&state_name=UTTAR%20PRADESH&state_code=31&district_name=BASTI&district_code=3153&block_name=KUDARAHA&block_code=3153013&panchayat_name=AMAIPAR&panchayat_code=3153013032&fin_year=2025-2026&source=&work_code=3153013032/RC/958486255823735251&msr_no=7913&AttendanceDate=25/03/2026&Digest=hTuXIOJdkDBsEs3JGTZUZQ",9
"BASTI","KUDARAHA","AMAIPAR","3153013032/RC/958486255823735251","7916","https://mnregaweb4.nic.in/nregaarch/View_NMMS_atten_date_dtl_rpt.aspx?page=&short_name=UP&state_name=UTTAR%20PRADESH&state_code=31&district_name=BASTI&district_code=3153&block_name=KUDARAHA&block_code=3153013&panchayat_name=AMAIPAR&panchayat_code=3153013032&fin_year=2025-2026&source=&work_code=3153013032/RC/958486255823735251&msr_no=7916&AttendanceDate=25/03/2026&Digest=IY48hi+FBCo+bw+sYWtZkw",7
"BASTI","KUDARAHA","AMAIPAR","3153013032/RC/958486255823735251","7919","https://mnregaweb4.nic.in/nregaarch/View_NMMS_atten_date_dtl_rpt.aspx?page=&short_name=UP&state_name=UTTAR%20PRADESH&state_code=31&district_name=BASTI&district_code=3153&block_name=KUDARAHA&block_code=3153013&panchayat_name=AMAIPAR&panchayat_code=3153013032&fin_year=2025-2026&source=&work_code=3153013032/RC/958486255823735251&msr_no=7919&AttendanceDate=25/03/2026&Digest=e4nxhUQ7RtwyP5rmhY1W8Q",9
"BASTI","KUDARAHA","BAANPUR","3153013059/RC/958486255823694030","8179","https://mnregaweb4.nic.in/nregaarch/View_NMMS_atten_date_dtl_rpt.aspx?page=&short_name=UP&state_name=UTTAR%20PRADESH&state_code=31&district_name=BASTI&district_code=3153&block_name=KUDARAHA&block_code=3153013&panchayat_name=BAANPUR&panchayat_code=3153013059&fin_year=2025-2026&source=&work_code=3153013059/RC/958486255823694030&msr_no=8179&AttendanceDate=25/03/2026&Digest=IXTR4qUiAmzVRfJlybfBkg",9
"BASTI","KUDARAHA","BAANPUR","3153013059/RC/958486255823745461","8190","https://mnregaweb4.nic.in/nregaarch/View_NMMS_atten_date_dtl_rpt.aspx?page=&short_name=UP&state_name=UTTAR%20PRADESH&state_code=31&district_name=BASTI&district_code=3153&block_name=KUDARAHA&block_code=3153013&panchayat_name=BAANPUR&panchayat_code=3153013059&fin_year=2025-2026&source=&work_code=3153013059/RC/958486255823745461&msr_no=8190&AttendanceDate=25/03/2026&Digest=DZkG85C0vVA7AmCmKnYxDg",8
"BASTI","KUDARAHA","DIHUKPURA","3153013060/RC/958486255823750157","8092","https://mnregaweb4.nic.in/nregaarch/View_NMMS_atten_date_dtl_rpt.aspx?page=&short_name=UP&state_name=UTTAR%20PRADESH&state_code=31&district_name=BASTI&district_code=3153&block_name=KUDARAHA&block_code=3153013&panchayat_name=DIHUKPURA&panchayat_code=3153013060&fin_year=2025-2026&source=&work_code=3153013060/RC/958486255823750157&msr_no=8092&AttendanceDate=25/03/2026&Digest=bhyn3ZO4WpovrPF5tQ20IQ",2
"BASTI","KUDARAHA","TENUA","3153013064/LD/958486255825009974","7569","https://mnregaweb4.nic.in/nregaarch/View_NMMS_atten_date_dtl_rpt.aspx?page=&short_name=UP&state_name=UTTAR%20PRADESH&state_code=31&district_name=BASTI&district_code=3153&block_name=KUDARAHA&block_code=3153013&panchayat_name=TENUA&panchayat_code=3153013064&fin_year=2025-2026&source=&work_code=3153013064/LD/958486255825009974&msr_no=7569&AttendanceDate=25/03/2026&Digest=LtoIM1J51yQiKcYC8JVAMg",9
"BASTI","KUDARAHA","TENUA","3153013064/LD/958486255825009975","7563","https://mnregaweb4.nic.in/nregaarch/View_NMMS_atten_date_dtl_rpt.aspx?page=&short_name=UP&state_name=UTTAR%20PRADESH&state_code=31&district_name=BASTI&district_code=3153&block_name=KUDARAHA&block_code=3153013&panchayat_name=TENUA&panchayat_code=3153013064&fin_year=2025-2026&source=&work_code=3153013064/LD/958486255825009975&msr_no=7563&AttendanceDate=25/03/2026&Digest=F4i9l9hg/iRyNCSYiolqug",10
"BASTI","KUDARAHA","TENUA","3153013064/LD/958486255825009975","7566","https://mnregaweb4.nic.in/nregaarch/View_NMMS_atten_date_dtl_rpt.aspx?page=&short_name=UP&state_name=UTTAR%20PRADESH&state_code=31&district_name=BASTI&district_code=3153&block_name=KUDARAHA&block_code=3153013&panchayat_name=TENUA&panchayat_code=3153013064&fin_year=2025-2026&source=&work_code=3153013064/LD/958486255825009975&msr_no=7566&AttendanceDate=25/03/2026&Digest=Cso2/8y9JM/jjVsWR9JqiQ",10
"BASTI","KUDARAHA","SISAI PANDIT","3153013068/RC/958486255823751403","8108","https://mnregaweb4.nic.in/nregaarch/View_NMMS_atten_date_dtl_rpt.aspx?page=&short_name=UP&state_name=UTTAR%20PRADESH&state_code=31&district_name=BASTI&district_code=3153&block_name=KUDARAHA&block_code=3153013&panchayat_name=SISAI%20PANDIT&panchayat_code=3153013068&fin_year=2025-2026&source=&work_code=3153013068/RC/958486255823751403&msr_no=8108&AttendanceDate=25/03/2026&Digest=YOF1rs4Td5jRO2MFMVjrkA",9
"BASTI","KUDARAHA","PIPARPATI EHATMALI","3153013071/RC/958486255823700979","7932","https://mnregaweb4.nic.in/nregaarch/View_NMMS_atten_date_dtl_rpt.aspx?page=&short_name=UP&state_name=UTTAR%20PRADESH&state_code=31&district_name=BASTI&district_code=3153&block_name=KUDARAHA&block_code=3153013&panchayat_name=PIPARPATI%20EHATMALI&panchayat_code=3153013071&fin_year=2025-2026&source=&work_code=3153013071/RC/958486255823700979&msr_no=7932&AttendanceDate=25/03/2026&Digest=2W0hrhGQv2uWBy0u9gPMuw",9
"BASTI","KUDARAHA","PIPARPATI EHATMALI","3153013071/RC/958486255823700979","7935","https://mnregaweb4.nic.in/nregaarch/View_NMMS_atten_date_dtl_rpt.aspx?page=&short_name=UP&state_name=UTTAR%20PRADESH&state_code=31&district_name=BASTI&district_code=3153&block_name=KUDARAHA&block_code=3153013&panchayat_name=PIPARPATI%20EHATMALI&panchayat_code=3153013071&fin_year=2025-2026&source=&work_code=3153013071/RC/958486255823700979&msr_no=7935&AttendanceDate=25/03/2026&Digest=hVc9SsjohQi/Fv0yyoQPIA",9
"BASTI","KUDARAHA","PIPARPATI EHATMALI","3153013071/RC/958486255823751618","8136","https://mnregaweb4.nic.in/nregaarch/View_NMMS_atten_date_dtl_rpt.aspx?page=&short_name=UP&state_name=UTTAR%20PRADESH&state_code=31&district_name=BASTI&district_code=3153&block_name=KUDARAHA&block_code=3153013&panchayat_name=PIPARPATI%20EHATMALI&panchayat_code=3153013071&fin_year=2025-2026&source=&work_code=3153013071/RC/958486255823751618&msr_no=8136&AttendanceDate=25/03/2026&Digest=ECj/Gwzbyz9CQwHsfb8H5Q",10
"BASTI","KUDARAHA","VISHENPUR","3153013073/LD/958486255824854652","7907","https://mnregaweb4.nic.in/nregaarch/View_NMMS_atten_date_dtl_rpt.aspx?page=&short_name=UP&state_name=UTTAR%20PRADESH&state_code=31&district_name=BASTI&district_code=3153&block_name=KUDARAHA&block_code=3153013&panchayat_name=VISHENPUR&panchayat_code=3153013073&fin_year=2025-2026&source=&work_code=3153013073/LD/958486255824854652&msr_no=7907&AttendanceDate=25/03/2026&Digest=fPlTMYTi2hD26vB6cmybnA",5
"BASTI","KUDARAHA","HARKHAILIYA URF MATIYARIA","3153013074/RC/YD/958486255823746860","7878","https://mnregaweb4.nic.in/nregaarch/View_NMMS_atten_date_dtl_rpt.aspx?page=&short_name=UP&state_name=UTTAR%20PRADESH&state_code=31&district_name=BASTI&district_code=3153&block_name=KUDARAHA&block_code=3153013&panchayat_name=HARKHAILIYA%20URF%20MATIYARIA&panchayat_code=3153013074&fin_year=2025-2026&source=&work_code=3153013074/RC/YD/958486255823746860&msr_no=7878&AttendanceDate=25/03/2026&Digest=eoxECqSLltgQG8LOHoiSLw",10
"BASTI","KUDARAHA","HARKHAILIYA URF MATIYARIA","3153013074/RC/YD/958486255823746860","7881","https://mnregaweb4.nic.in/nregaarch/View_NMMS_atten_date_dtl_rpt.aspx?page=&short_name=UP&state_name=UTTAR%20PRADESH&state_code=31&district_name=BASTI&district_code=3153&block_name=KUDARAHA&block_code=3153013&panchayat_name=HARKHAILIYA%20URF%20MATIYARIA&panchayat_code=3153013074&fin_year=2025-2026&source=&work_code=3153013074/RC/YD/958486255823746860&msr_no=7881&AttendanceDate=25/03/2026&Digest=zEB91EwzEmGSuVZM3fNB9Q",10
"BASTI","KUDARAHA","HARKHAILIYA URF MATIYARIA","3153013074/RC/YD/958486255823746903","7640","https://mnregaweb4.nic.in/nregaarch/View_NMMS_atten_date_dtl_rpt.aspx?page=&short_name=UP&state_name=UTTAR%20PRADESH&state_code=31&district_name=BASTI&district_code=3153&block_name=KUDARAHA&block_code=3153013&panchayat_name=HARKHAILIYA%20URF%20MATIYARIA&panchayat_code=3153013074&fin_year=2025-2026&source=&work_code=3153013074/RC/YD/958486255823746903&msr_no=7640&AttendanceDate=25/03/2026&Digest=7yyPW1zfUzI5/yY4zGx26g",10
"BASTI","KUDARAHA","UJIYANATPUR","3153013077/RC/958486255823654392","8280","https://mnregaweb4.nic.in/nregaarch/View_NMMS_atten_date_dtl_rpt.aspx?page=&short_name=UP&state_name=UTTAR%20PRADESH&state_code=31&district_name=BASTI&district_code=3153&block_name=KUDARAHA&block_code=3153013&panchayat_name=UJIYANATPUR&panchayat_code=3153013077&fin_year=2025-2026&source=&work_code=3153013077/RC/958486255823654392&msr_no=8280&AttendanceDate=25/03/2026&Digest=6s69cuaO3KVIHo6DnF3kXg",10
"BASTI","KUDARAHA","DAIJI","3153013078/LD/958486255824702897","8051","https://mnregaweb4.nic.in/nregaarch/View_NMMS_atten_date_dtl_rpt.aspx?page=&short_name=UP&state_name=UTTAR%20PRADESH&state_code=31&district_name=BASTI&district_code=3153&block_name=KUDARAHA&block_code=3153013&panchayat_name=DAIJI&panchayat_code=3153013078&fin_year=2025-2026&source=&work_code=3153013078/LD/958486255824702897&msr_no=8051&AttendanceDate=25/03/2026&Digest=2qAILoboll87At/tb0sZvw",10
"BASTI","PARAS RAMPUR","AMAULI","3153001003/RC/958486255823642575","9498","https://mnregaweb4.nic.in/nregaarch/View_NMMS_atten_date_dtl_rpt.aspx?page=&short_name=UP&state_name=UTTAR%20PRADESH&state_code=31&district_name=BASTI&district_code=3153&block_name=PARAS%20RAMPUR&block_code=3153001&panchayat_name=AMAULI&panchayat_code=3153001003&fin_year=2025-2026&source=&work_code=3153001003/RC/958486255823642575&msr_no=9498&AttendanceDate=25/03/2026&Digest=/R1fBvrSd3k8JGkm4g6fyg",7
"BASTI","PARAS RAMPUR","BHAISAHAWA","3153001011/RC/958486255823728168","9380","https://mnregaweb4.nic.in/nregaarch/View_NMMS_atten_date_dtl_rpt.aspx?page=&short_name=UP&state_name=UTTAR%20PRADESH&state_code=31&district_name=BASTI&district_code=3153&block_name=PARAS%20RAMPUR&block_code=3153001&panchayat_name=BHAISAHAWA&panchayat_code=3153001011&fin_year=2025-2026&source=&work_code=3153001011/RC/958486255823728168&msr_no=9380&AttendanceDate=25/03/2026&Digest=2xEQmkL2S4ERu3R1iU659Q",8
"BASTI","PARAS RAMPUR","BICHHIYA MISHRA","3153001013/RC/958486255823699327","9557","https://mnregaweb4.nic.in/nregaarch/View_NMMS_atten_date_dtl_rpt.aspx?page=&short_name=UP&state_name=UTTAR%20PRADESH&state_code=31&district_name=BASTI&district_code=3153&block_name=PARAS%20RAMPUR&block_code=3153001&panchayat_name=BICHHIYA%20MISHRA&panchayat_code=3153001013&fin_year=2025-2026&source=&work_code=3153001013/RC/958486255823699327&msr_no=9557&AttendanceDate=25/03/2026&Digest=WLtvnqS78uxBlgVLZJedMw",7
"BASTI","PARAS RAMPUR","CHAORI","3153001015/LD/958486255825005262","9373","https://mnregaweb4.nic.in/nregaarch/View_NMMS_atten_date_dtl_rpt.aspx?page=&short_name=UP&state_name=UTTAR%20PRADESH&state_code=31&district_name=BASTI&district_code=3153&block_name=PARAS%20RAMPUR&block_code=3153001&panchayat_name=CHAORI&panchayat_code=3153001015&fin_year=2025-2026&source=&work_code=3153001015/LD/958486255825005262&msr_no=9373&AttendanceDate=25/03/2026&Digest=bA81ZUogAzGphjPNxvHSSg",10
"BASTI","PARAS RAMPUR","CHHEDIYAPARA","3153001016/LD/958486255824986999","9583","https://mnregaweb4.nic.in/nregaarch/View_NMMS_atten_date_dtl_rpt.aspx?page=&short_name=UP&state_name=UTTAR%20PRADESH&state_code=31&district_name=BASTI&district_code=3153&block_name=PARAS%20RAMPUR&block_code=3153001&panchayat_name=CHHEDIYAPARA&panchayat_code=3153001016&fin_year=2025-2026&source=&work_code=3153001016/LD/958486255824986999&msr_no=9583&AttendanceDate=25/03/2026&Digest=EC6ruJOOg9qWijCViP05mg",9
"BASTI","PARAS RAMPUR","DHURDA JANGAL","3153001021/WC/958486255824219248","9351","https://mnregaweb4.nic.in/nregaarch/View_NMMS_atten_date_dtl_rpt.aspx?page=&short_name=UP&state_name=UTTAR%20PRADESH&state_code=31&district_name=BASTI&district_code=3153&block_name=PARAS%20RAMPUR&block_code=3153001&panchayat_name=DHURDA%20JANGAL&panchayat_code=3153001021&fin_year=2025-2026&source=&work_code=3153001021/WC/958486255824219248&msr_no=9351&AttendanceDate=25/03/2026&Digest=Mgu4NMY90hBbhGIjkFy/OQ",5
"BASTI","PARAS RAMPUR","KHAMARIYA","3153001041/WC/958486255824229095","9442","https://mnregaweb4.nic.in/nregaarch/View_NMMS_atten_date_dtl_rpt.aspx?page=&short_name=UP&state_name=UTTAR%20PRADESH&state_code=31&district_name=BASTI&district_code=3153&block_name=PARAS%20RAMPUR&block_code=3153001&panchayat_name=KHAMARIYA&panchayat_code=3153001041&fin_year=2025-2026&source=&work_code=3153001041/WC/958486255824229095&msr_no=9442&AttendanceDate=25/03/2026&Digest=tyPKTIgkxPCudG9VbAaMgg",2
"BASTI","PARAS RAMPUR","KISHUNPUR","3153001043/RC/958486255823728851","9563","https://mnregaweb4.nic.in/nregaarch/View_NMMS_atten_date_dtl_rpt.aspx?page=&short_name=UP&state_name=UTTAR%20PRADESH&state_code=31&district_name=BASTI&district_code=3153&block_name=PARAS%20RAMPUR&block_code=3153001&panchayat_name=KISHUNPUR&panchayat_code=3153001043&fin_year=2025-2026&source=&work_code=3153001043/RC/958486255823728851&msr_no=9563&AttendanceDate=25/03/2026&Digest=y2U1hjzclRqzAVa0IOv/wA",10
"BASTI","PARAS RAMPUR","NAGPUR (KUVAR)","3153001054/LD/958486255824934307","9551","https://mnregaweb4.nic.in/nregaarch/View_NMMS_atten_date_dtl_rpt.aspx?page=&short_name=UP&state_name=UTTAR%20PRADESH&state_code=31&district_name=BASTI&district_code=3153&block_name=PARAS%20RAMPUR&block_code=3153001&panchayat_name=NAGPUR%20(KUVAR)&panchayat_code=3153001054&fin_year=2025-2026&source=&work_code=3153001054/LD/958486255824934307&msr_no=9551&AttendanceDate=25/03/2026&Digest=ShBWH0Hd66siDtkN0xA6Vg",10
"BASTI","PARAS RAMPUR","NAGPUR (KUVAR)","3153001054/LD/958486255824934307","9554","https://mnregaweb4.nic.in/nregaarch/View_NMMS_atten_date_dtl_rpt.aspx?page=&short_name=UP&state_name=UTTAR%20PRADESH&state_code=31&district_name=BASTI&district_code=3153&block_name=PARAS%20RAMPUR&block_code=3153001&panchayat_name=NAGPUR%20(KUVAR)&panchayat_code=3153001054&fin_year=2025-2026&source=&work_code=3153001054/LD/958486255824934307&msr_no=9554&AttendanceDate=25/03/2026&Digest=wByDN86tGfQcecb4QfjVIw",9
"BASTI","PARAS RAMPUR","NAGPUR TIKAYT","3153001055/LD/958486255824641104","9456","https://mnregaweb4.nic.in/nregaarch/View_NMMS_atten_date_dtl_rpt.aspx?page=&short_name=UP&state_name=UTTAR%20PRADESH&state_code=31&district_name=BASTI&district_code=3153&block_name=PARAS%20RAMPUR&block_code=3153001&panchayat_name=NAGPUR%20TIKAYT&panchayat_code=3153001055&fin_year=2025-2026&source=&work_code=3153001055/LD/958486255824641104&msr_no=9456&AttendanceDate=25/03/2026&Digest=sVhHEWHdraqiuYcljQNWCw",10
"BASTI","PARAS RAMPUR","NANADNAGAR","3153001056/WH/958486255823988945","9524","https://mnregaweb4.nic.in/nregaarch/View_NMMS_atten_date_dtl_rpt.aspx?page=&short_name=UP&state_name=UTTAR%20PRADESH&state_code=31&district_name=BASTI&district_code=3153&block_name=PARAS%20RAMPUR&block_code=3153001&panchayat_name=NANADNAGAR&panchayat_code=3153001056&fin_year=2025-2026&source=&work_code=3153001056/WH/958486255823988945&msr_no=9524&AttendanceDate=25/03/2026&Digest=JmJY2dmslRamZQfqxp7sWQ",8
"BASTI","PARAS RAMPUR","PADARI BABU","3153001062/LD/958486255824958230","9426","https://mnregaweb4.nic.in/nregaarch/View_NMMS_atten_date_dtl_rpt.aspx?page=&short_name=UP&state_name=UTTAR%20PRADESH&state_code=31&district_name=BASTI&district_code=3153&block_name=PARAS%20RAMPUR&block_code=3153001&panchayat_name=PADARI%20BABU&panchayat_code=3153001062&fin_year=2025-2026&source=&work_code=3153001062/LD/958486255824958230&msr_no=9426&AttendanceDate=25/03/2026&Digest=sPa88Mpi4OONoVkU8YkGJg",10
"BASTI","PARAS RAMPUR","PADARI BABU","3153001062/LD/958486255824958230","9429","https://mnregaweb4.nic.in/nregaarch/View_NMMS_atten_date_dtl_rpt.aspx?page=&short_name=UP&state_name=UTTAR%20PRADESH&state_code=31&district_name=BASTI&district_code=3153&block_name=PARAS%20RAMPUR&block_code=3153001&panchayat_name=PADARI%20BABU&panchayat_code=3153001062&fin_year=2025-2026&source=&work_code=3153001062/LD/958486255824958230&msr_no=9429&AttendanceDate=25/03/2026&Digest=QwoF7F0S6op+uVL7W4X2Dg",4
"BASTI","PARAS RAMPUR","RAGHVAPUR","3153001068/AV/958486255824184571","9415","https://mnregaweb4.nic.in/nregaarch/View_NMMS_atten_date_dtl_rpt.aspx?page=&short_name=UP&state_name=UTTAR%20PRADESH&state_code=31&district_name=BASTI&district_code=3153&block_name=PARAS%20RAMPUR&block_code=3153001&panchayat_name=RAGHVAPUR&panchayat_code=3153001068&fin_year=2025-2026&source=&work_code=3153001068/AV/958486255824184571&msr_no=9415&AttendanceDate=25/03/2026&Digest=E+Pw2PBs7isIMsTLz556MA",10
"BASTI","PARAS RAMPUR","RIDHAURA","3153001072/AV/958486255824186487","9388","https://mnregaweb4.nic.in/nregaarch/View_NMMS_atten_date_dtl_rpt.aspx?page=&short_name=UP&state_name=UTTAR%20PRADESH&state_code=31&district_name=BASTI&district_code=3153&block_name=PARAS%20RAMPUR&block_code=3153001&panchayat_name=RIDHAURA&panchayat_code=3153001072&fin_year=2025-2026&source=&work_code=3153001072/AV/958486255824186487&msr_no=9388&AttendanceDate=25/03/2026&Digest=hp15AUVJuFCDB2VUdFVXtw",8
"BASTI","PARAS RAMPUR","ROHDA","3153001073/LD/958486255825001938","9418","https://mnregaweb4.nic.in/nregaarch/View_NMMS_atten_date_dtl_rpt.aspx?page=&short_name=UP&state_name=UTTAR%20PRADESH&state_code=31&district_name=BASTI&district_code=3153&block_name=PARAS%20RAMPUR&block_code=3153001&panchayat_name=ROHDA&panchayat_code=3153001073&fin_year=2025-2026&source=&work_code=3153001073/LD/958486255825001938&msr_no=9418&AttendanceDate=25/03/2026&Digest=9tsWPd5fIW6ZTavUv/HU7Q",5
"BASTI","PARAS RAMPUR","ROHDA","3153001073/RC/958486255823744276","9500","https://mnregaweb4.nic.in/nregaarch/View_NMMS_atten_date_dtl_rpt.aspx?page=&short_name=UP&state_name=UTTAR%20PRADESH&state_code=31&district_name=BASTI&district_code=3153&block_name=PARAS%20RAMPUR&block_code=3153001&panchayat_name=ROHDA&panchayat_code=3153001073&fin_year=2025-2026&source=&work_code=3153001073/RC/958486255823744276&msr_no=9500&AttendanceDate=25/03/2026&Digest=PaAmdvLU7qD2U4cN/LSxGQ",9
"BASTI","PARAS RAMPUR","SUKRAULI KUWAR","3153001078/RC/958486255823584108","9602","https://mnregaweb4.nic.in/nregaarch/View_NMMS_atten_date_dtl_rpt.aspx?page=&short_name=UP&state_name=UTTAR%20PRADESH&state_code=31&district_name=BASTI&district_code=3153&block_name=PARAS%20RAMPUR&block_code=3153001&panchayat_name=SUKRAULI%20KUWAR&panchayat_code=3153001078&fin_year=2025-2026&source=&work_code=3153001078/RC/958486255823584108&msr_no=9602&AttendanceDate=25/03/2026&Digest=55gFs/M+bKUGwkK0100/mg",7
"BASTI","PARAS RAMPUR","DHOSHAR MISHRA","3153001085/LD/958486255824966588","9453","https://mnregaweb4.nic.in/nregaarch/View_NMMS_atten_date_dtl_rpt.aspx?page=&short_name=UP&state_name=UTTAR%20PRADESH&state_code=31&district_name=BASTI&district_code=3153&block_name=PARAS%20RAMPUR&block_code=3153001&panchayat_name=DHOSHAR%20MISHRA&panchayat_code=3153001085&fin_year=2025-2026&source=&work_code=3153001085/LD/958486255824966588&msr_no=9453&AttendanceDate=25/03/2026&Digest=R7OfbCML9geEELWQEwtJnw",9
"BASTI","PARAS RAMPUR","DHOSHAR MISHRA","3153001085/RC/958486255823726378","9449","https://mnregaweb4.nic.in/nregaarch/View_NMMS_atten_date_dtl_rpt.aspx?page=&short_name=UP&state_name=UTTAR%20PRADESH&state_code=31&district_name=BASTI&district_code=3153&block_name=PARAS%20RAMPUR&block_code=3153001&panchayat_name=DHOSHAR%20MISHRA&panchayat_code=3153001085&fin_year=2025-2026&source=&work_code=3153001085/RC/958486255823726378&msr_no=9449&AttendanceDate=25/03/2026&Digest=ANAj94e+9c6rZDTPw5LC3w",10
"BASTI","PARAS RAMPUR","DHOSHAR MISHRA","3153001085/RC/958486255823726380","9659","https://mnregaweb4.nic.in/nregaarch/View_NMMS_atten_date_dtl_rpt.aspx?page=&short_name=UP&state_name=UTTAR%20PRADESH&state_code=31&district_name=BASTI&district_code=3153&block_name=PARAS%20RAMPUR&block_code=3153001&panchayat_name=DHOSHAR%20MISHRA&panchayat_code=3153001085&fin_year=2025-2026&source=&work_code=3153001085/RC/958486255823726380&msr_no=9659&AttendanceDate=25/03/2026&Digest=AdL8Z6hzNcld5OuJKJVjCA",10
"BASTI","HARRAIYA","NADAYEN","3153003042/LD/958486255824955644","6903","https://mnregaweb4.nic.in/nregaarch/View_NMMS_atten_date_dtl_rpt.aspx?page=&short_name=UP&state_name=UTTAR%20PRADESH&state_code=31&district_name=BASTI&district_code=3153&block_name=HARRAIYA&block_code=3153003&panchayat_name=NADAYEN&panchayat_code=3153003042&fin_year=2025-2026&source=&work_code=3153003042/LD/958486255824955644&msr_no=6903&AttendanceDate=25/03/2026&Digest=iCBFfd8et23ik5MOzgSGyw",10
"BASTI","HARRAIYA","NADAYEN","3153003042/LD/958486255824955644","6906","https://mnregaweb4.nic.in/nregaarch/View_NMMS_atten_date_dtl_rpt.aspx?page=&short_name=UP&state_name=UTTAR%20PRADESH&state_code=31&district_name=BASTI&district_code=3153&block_name=HARRAIYA&block_code=3153003&panchayat_name=NADAYEN&panchayat_code=3153003042&fin_year=2025-2026&source=&work_code=3153003042/LD/958486255824955644&msr_no=6906&AttendanceDate=25/03/2026&Digest=ARqH8gTJqC7DxLRVY1qpdg",10
"BASTI","HARRAIYA","BHARGAWA","3153003058/RC/958486255823718541","6857","https://mnregaweb4.nic.in/nregaarch/View_NMMS_atten_date_dtl_rpt.aspx?page=&short_name=UP&state_name=UTTAR%20PRADESH&state_code=31&district_name=BASTI&district_code=3153&block_name=HARRAIYA&block_code=3153003&panchayat_name=BHARGAWA&panchayat_code=3153003058&fin_year=2025-2026&source=&work_code=3153003058/RC/958486255823718541&msr_no=6857&AttendanceDate=25/03/2026&Digest=EKcOKuhhsFcjqnxKJfxOuA",4
"BASTI","HARRAIYA","KHAMHARIA GANGARAM","3153003061/LD/958486255824988270","6914","https://mnregaweb4.nic.in/nregaarch/View_NMMS_atten_date_dtl_rpt.aspx?page=&short_name=UP&state_name=UTTAR%20PRADESH&state_code=31&district_name=BASTI&district_code=3153&block_name=HARRAIYA&block_code=3153003&panchayat_name=KHAMHARIA%20GANGARAM&panchayat_code=3153003061&fin_year=2025-2026&source=&work_code=3153003061/LD/958486255824988270&msr_no=6914&AttendanceDate=25/03/2026&Digest=YBjHYYLuIn2B3xzutw1GAg",10
"BASTI","HARRAIYA","KHAMHARIA GANGARAM","3153003061/LD/958486255824988274","6924","https://mnregaweb4.nic.in/nregaarch/View_NMMS_atten_date_dtl_rpt.aspx?page=&short_name=UP&state_name=UTTAR%20PRADESH&state_code=31&district_name=BASTI&district_code=3153&block_name=HARRAIYA&block_code=3153003&panchayat_name=KHAMHARIA%20GANGARAM&panchayat_code=3153003061&fin_year=2025-2026&source=&work_code=3153003061/LD/958486255824988274&msr_no=6924&AttendanceDate=25/03/2026&Digest=0p7168lTpgUgwip/+QE1Rg",10
"BASTI","HARRAIYA","KHAMHARIA GANGARAM","3153003061/LD/958486255824988274","6927","https://mnregaweb4.nic.in/nregaarch/View_NMMS_atten_date_dtl_rpt.aspx?page=&short_name=UP&state_name=UTTAR%20PRADESH&state_code=31&district_name=BASTI&district_code=3153&block_name=HARRAIYA&block_code=3153003&panchayat_name=KHAMHARIA%20GANGARAM&panchayat_code=3153003061&fin_year=2025-2026&source=&work_code=3153003061/LD/958486255824988274&msr_no=6927&AttendanceDate=25/03/2026&Digest=IpckGsNUGzWD3E45qqQ1BA",2
"BASTI","HARRAIYA","PURAINA KHAS","3153003065/AV/958486255824184943","6988","https://mnregaweb4.nic.in/nregaarch/View_NMMS_atten_date_dtl_rpt.aspx?page=&short_name=UP&state_name=UTTAR%20PRADESH&state_code=31&district_name=BASTI&district_code=3153&block_name=HARRAIYA&block_code=3153003&panchayat_name=PURAINA%20KHAS&panchayat_code=3153003065&fin_year=2025-2026&source=&work_code=3153003065/AV/958486255824184943&msr_no=6988&AttendanceDate=25/03/2026&Digest=JRsPZaYsFCCvkW7FF5vvFQ",10
"BASTI","HARRAIYA","KESHAWPUR","3153003079/LD/958486255824879264","6979","https://mnregaweb4.nic.in/nregaarch/View_NMMS_atten_date_dtl_rpt.aspx?page=&short_name=UP&state_name=UTTAR%20PRADESH&state_code=31&district_name=BASTI&district_code=3153&block_name=HARRAIYA&block_code=3153003&panchayat_name=KESHAWPUR&panchayat_code=3153003079&fin_year=2025-2026&source=&work_code=3153003079/LD/958486255824879264&msr_no=6979&AttendanceDate=25/03/2026&Digest=rbqUi8FU+m/J1hjrUKi30g",10
"BASTI","HARRAIYA","KESHAWPUR","3153003079/LD/958486255825004294","6974","https://mnregaweb4.nic.in/nregaarch/View_NMMS_atten_date_dtl_rpt.aspx?page=&short_name=UP&state_name=UTTAR%20PRADESH&state_code=31&district_name=BASTI&district_code=3153&block_name=HARRAIYA&block_code=3153003&panchayat_name=KESHAWPUR&panchayat_code=3153003079&fin_year=2025-2026&source=&work_code=3153003079/LD/958486255825004294&msr_no=6974&AttendanceDate=25/03/2026&Digest=LHNQJLms1Rh/4HdLwdZDTg",10
"BASTI","HARRAIYA","BHAISA CHAUBEY","3153003080/RC/958486255823712256","6981","https://mnregaweb4.nic.in/nregaarch/View_NMMS_atten_date_dtl_rpt.aspx?page=&short_name=UP&state_name=UTTAR%20PRADESH&state_code=31&district_name=BASTI&district_code=3153&block_name=HARRAIYA&block_code=3153003&panchayat_name=BHAISA%20CHAUBEY&panchayat_code=3153003080&fin_year=2025-2026&source=&work_code=3153003080/RC/958486255823712256&msr_no=6981&AttendanceDate=25/03/2026&Digest=EGK7XYQKgvLzM1/zWjmSHw",10
"BASTI","HARRAIYA","MIRJAPUR","3153003092/LD/958486255825008868","6833","https://mnregaweb4.nic.in/nregaarch/View_NMMS_atten_date_dtl_rpt.aspx?page=&short_name=UP&state_name=UTTAR%20PRADESH&state_code=31&district_name=BASTI&district_code=3153&block_name=HARRAIYA&block_code=3153003&panchayat_name=MIRJAPUR&panchayat_code=3153003092&fin_year=2025-2026&source=&work_code=3153003092/LD/958486255825008868&msr_no=6833&AttendanceDate=25/03/2026&Digest=buKCsXY1E6qWjv50Yz5dlQ",10
"BASTI","HARRAIYA","RAJAULI","3153003097/IC/958486255823741420","6884","https://mnregaweb4.nic.in/nregaarch/View_NMMS_atten_date_dtl_rpt.aspx?page=&short_name=UP&state_name=UTTAR%20PRADESH&state_code=31&district_name=BASTI&district_code=3153&block_name=HARRAIYA&block_code=3153003&panchayat_name=RAJAULI&panchayat_code=3153003097&fin_year=2025-2026&source=&work_code=3153003097/IC/958486255823741420&msr_no=6884&AttendanceDate=25/03/2026&Digest=wnGj+OfrgsfWpJTjWCLuGA",10
"BASTI","HARRAIYA","SUKRAULI CHAUDHARY","3153003098/LD/958486255824844875","6859","https://mnregaweb4.nic.in/nregaarch/View_NMMS_atten_date_dtl_rpt.aspx?page=&short_name=UP&state_name=UTTAR%20PRADESH&state_code=31&district_name=BASTI&district_code=3153&block_name=HARRAIYA&block_code=3153003&panchayat_name=SUKRAULI%20CHAUDHARY&panchayat_code=3153003098&fin_year=2025-2026&source=&work_code=3153003098/LD/958486255824844875&msr_no=6859&AttendanceDate=25/03/2026&Digest=itzKwuvnaiQDWai+zIZblw",4
"BASTI","KAPTANGANJ","BASANT PUR","3153005011/RC/958486255823645771","4920","https://mnregaweb4.nic.in/nregaarch/View_NMMS_atten_date_dtl_rpt.aspx?page=&short_name=UP&state_name=UTTAR%20PRADESH&state_code=31&district_name=BASTI&district_code=3153&block_name=KAPTANGANJ&block_code=3153005&panchayat_name=BASANT%20PUR&panchayat_code=3153005011&fin_year=2025-2026&source=&work_code=3153005011/RC/958486255823645771&msr_no=4920&AttendanceDate=25/03/2026&Digest=scIqTlnVs9nh/QDPbrkmmQ",1
"BASTI","KAPTANGANJ","ACHHATPUR","3153005022/RC/958486255823697356","4848","https://mnregaweb4.nic.in/nregaarch/View_NMMS_atten_date_dtl_rpt.aspx?page=&short_name=UP&state_name=UTTAR%20PRADESH&state_code=31&district_name=BASTI&district_code=3153&block_name=KAPTANGANJ&block_code=3153005&panchayat_name=ACHHATPUR&panchayat_code=3153005022&fin_year=2025-2026&source=&work_code=3153005022/RC/958486255823697356&msr_no=4848&AttendanceDate=25/03/2026&Digest=d7sozWOazPFn1U3mF6YCtw",7
"BASTI","KAPTANGANJ","ACHHATPUR","3153005022/RS/958486255823128845","4876","https://mnregaweb4.nic.in/nregaarch/View_NMMS_atten_date_dtl_rpt.aspx?page=&short_name=UP&state_name=UTTAR%20PRADESH&state_code=31&district_name=BASTI&district_code=3153&block_name=KAPTANGANJ&block_code=3153005&panchayat_name=ACHHATPUR&panchayat_code=3153005022&fin_year=2025-2026&source=&work_code=3153005022/RS/958486255823128845&msr_no=4876&AttendanceDate=25/03/2026&Digest=n6oC80cEyN3XiXrQSJSsSw",3
"BASTI","KAPTANGANJ","ACHHATPUR","3153005022/RS/958486255823128846","4935","https://mnregaweb4.nic.in/nregaarch/View_NMMS_atten_date_dtl_rpt.aspx?page=&short_name=UP&state_name=UTTAR%20PRADESH&state_code=31&district_name=BASTI&district_code=3153&block_name=KAPTANGANJ&block_code=3153005&panchayat_name=ACHHATPUR&panchayat_code=3153005022&fin_year=2025-2026&source=&work_code=3153005022/RS/958486255823128846&msr_no=4935&AttendanceDate=25/03/2026&Digest=G+7C4/4ARg81lrPnkTgGyg",2
"BASTI","KAPTANGANJ","SARWALIYA","3153005034/RC/958486255823718353","4901","https://mnregaweb4.nic.in/nregaarch/View_NMMS_atten_date_dtl_rpt.aspx?page=&short_name=UP&state_name=UTTAR%20PRADESH&state_code=31&district_name=BASTI&district_code=3153&block_name=KAPTANGANJ&block_code=3153005&panchayat_name=SARWALIYA&panchayat_code=3153005034&fin_year=2025-2026&source=&work_code=3153005034/RC/958486255823718353&msr_no=4901&AttendanceDate=25/03/2026&Digest=jtxExiXNxnDvM38I/IsOoQ",5
"BASTI","KAPTANGANJ","BARHNI","3153005046/RC/YD/958486255823698425","4814","https://mnregaweb4.nic.in/nregaarch/View_NMMS_atten_date_dtl_rpt.aspx?page=&short_name=UP&state_name=UTTAR%20PRADESH&state_code=31&district_name=BASTI&district_code=3153&block_name=KAPTANGANJ&block_code=3153005&panchayat_name=BARHNI&panchayat_code=3153005046&fin_year=2025-2026&source=&work_code=3153005046/RC/YD/958486255823698425&msr_no=4814&AttendanceDate=25/03/2026&Digest=zesCc+sB0L5f3YdsJxipYQ",6
"BASTI","KAPTANGANJ","POKHRA","3153005054/RC/958486255823735760","4854","https://mnregaweb4.nic.in/nregaarch/View_NMMS_atten_date_dtl_rpt.aspx?page=&short_name=UP&state_name=UTTAR%20PRADESH&state_code=31&district_name=BASTI&district_code=3153&block_name=KAPTANGANJ&block_code=3153005&panchayat_name=POKHRA&panchayat_code=3153005054&fin_year=2025-2026&source=&work_code=3153005054/RC/958486255823735760&msr_no=4854&AttendanceDate=25/03/2026&Digest=Qon6GLkW4MXkgVm0fQkjIA",4
"BASTI","KAPTANGANJ","POKHRA","3153005054/RC/958486255823736562","4852","https://mnregaweb4.nic.in/nregaarch/View_NMMS_atten_date_dtl_rpt.aspx?page=&short_name=UP&state_name=UTTAR%20PRADESH&state_code=31&district_name=BASTI&district_code=3153&block_name=KAPTANGANJ&block_code=3153005&panchayat_name=POKHRA&panchayat_code=3153005054&fin_year=2025-2026&source=&work_code=3153005054/RC/958486255823736562&msr_no=4852&AttendanceDate=25/03/2026&Digest=KfGUW6GA8yG9jLFRLvlNdw",1
"BASTI","KAPTANGANJ","PARIWARPUR","3153005058/RC/958486255823676758","4831","https://mnregaweb4.nic.in/nregaarch/View_NMMS_atten_date_dtl_rpt.aspx?page=&short_name=UP&state_name=UTTAR%20PRADESH&state_code=31&district_name=BASTI&district_code=3153&block_name=KAPTANGANJ&block_code=3153005&panchayat_name=PARIWARPUR&panchayat_code=3153005058&fin_year=2025-2026&source=&work_code=3153005058/RC/958486255823676758&msr_no=4831&AttendanceDate=25/03/2026&Digest=ovuLiZ3OgzuzykTeEasnHA",1
"BASTI","KUDARAHA","AKELA KUBERPUR","3153013008/RC/958486255823579683","8250","https://mnregaweb4.nic.in/nregaarch/View_NMMS_atten_date_dtl_rpt.aspx?page=&short_name=UP&state_name=UTTAR%20PRADESH&state_code=31&district_name=BASTI&district_code=3153&block_name=KUDARAHA&block_code=3153013&panchayat_name=AKELA%20KUBERPUR&panchayat_code=3153013008&fin_year=2025-2026&source=&work_code=3153013008/RC/958486255823579683&msr_no=8250&AttendanceDate=25/03/2026&Digest=fnJ40F1b9mH2GcZkzppJCQ",4
"BASTI","KUDARAHA","AKELA KUBERPUR","3153013008/RC/958486255823749187","7978","https://mnregaweb4.nic.in/nregaarch/View_NMMS_atten_date_dtl_rpt.aspx?page=&short_name=UP&state_name=UTTAR%20PRADESH&state_code=31&district_name=BASTI&district_code=3153&block_name=KUDARAHA&block_code=3153013&panchayat_name=AKELA%20KUBERPUR&panchayat_code=3153013008&fin_year=2025-2026&source=&work_code=3153013008/RC/958486255823749187&msr_no=7978&AttendanceDate=25/03/2026&Digest=Gh/0hQ7iJrMQney2WQDGWw",9
"BASTI","KUDARAHA","BHERWA","3153013009/RC/958486255823743118","7622","https://mnregaweb4.nic.in/nregaarch/View_NMMS_atten_date_dtl_rpt.aspx?page=&short_name=UP&state_name=UTTAR%20PRADESH&state_code=31&district_name=BASTI&district_code=3153&block_name=KUDARAHA&block_code=3153013&panchayat_name=BHERWA&panchayat_code=3153013009&fin_year=2025-2026&source=&work_code=3153013009/RC/958486255823743118&msr_no=7622&AttendanceDate=25/03/2026&Digest=yV08O3L9ojusA2qBsVywTA",7
"BASTI","KUDARAHA","PAAUN","3153013010/RC/958486255823672822","8085","https://mnregaweb4.nic.in/nregaarch/View_NMMS_atten_date_dtl_rpt.aspx?page=&short_name=UP&state_name=UTTAR%20PRADESH&state_code=31&district_name=BASTI&district_code=3153&block_name=KUDARAHA&block_code=3153013&panchayat_name=PAAUN&panchayat_code=3153013010&fin_year=2025-2026&source=&work_code=3153013010/RC/958486255823672822&msr_no=8085&AttendanceDate=25/03/2026&Digest=fFADyCVkSIBeNyA9WXcCHg",3
"BASTI","KUDARAHA","PAAUN","3153013010/RC/958486255823673809","8133","https://mnregaweb4.nic.in/nregaarch/View_NMMS_atten_date_dtl_rpt.aspx?page=&short_name=UP&state_name=UTTAR%20PRADESH&state_code=31&district_name=BASTI&district_code=3153&block_name=KUDARAHA&block_code=3153013&panchayat_name=PAAUN&panchayat_code=3153013010&fin_year=2025-2026&source=&work_code=3153013010/RC/958486255823673809&msr_no=8133&AttendanceDate=25/03/2026&Digest=i3JLFR23EQx+jG5USpmgEg",6
"BASTI","KUDARAHA","RASOOLPUR","3153013020/RC/958486255823670231","7971","https://mnregaweb4.nic.in/nregaarch/View_NMMS_atten_date_dtl_rpt.aspx?page=&short_name=UP&state_name=UTTAR%20PRADESH&state_code=31&district_name=BASTI&district_code=3153&block_name=KUDARAHA&block_code=3153013&panchayat_name=RASOOLPUR&panchayat_code=3153013020&fin_year=2025-2026&source=&work_code=3153013020/RC/958486255823670231&msr_no=7971&AttendanceDate=25/03/2026&Digest=eOnmMGNDXgVA3bZpUV9cmQ",10
"BASTI","KUDARAHA","GANGAPUR","3153013025/RC/958486255823679239","7779","https://mnregaweb4.nic.in/nregaarch/View_NMMS_atten_date_dtl_rpt.aspx?page=&short_name=UP&state_name=UTTAR%20PRADESH&state_code=31&district_name=BASTI&district_code=3153&block_name=KUDARAHA&block_code=3153013&panchayat_name=GANGAPUR&panchayat_code=3153013025&fin_year=2025-2026&source=&work_code=3153013025/RC/958486255823679239&msr_no=7779&AttendanceDate=25/03/2026&Digest=g1f+4Oq4063b+dUJAXHvmA",7
"BASTI","KUDARAHA","SUVRAHA","3153013026/RC/958486255823725224","8044","https://mnregaweb4.nic.in/nregaarch/View_NMMS_atten_date_dtl_rpt.aspx?page=&short_name=UP&state_name=UTTAR%20PRADESH&state_code=31&district_name=BASTI&district_code=3153&block_name=KUDARAHA&block_code=3153013&panchayat_name=SUVRAHA&panchayat_code=3153013026&fin_year=2025-2026&source=&work_code=3153013026/RC/958486255823725224&msr_no=8044&AttendanceDate=25/03/2026&Digest=dhqfJRVY/zGhZfM0cVnB6g",10
"BASTI","KUDARAHA","KORMA","3153013029/LD/958486255824959030","7759","https://mnregaweb4.nic.in/nregaarch/View_NMMS_atten_date_dtl_rpt.aspx?page=&short_name=UP&state_name=UTTAR%20PRADESH&state_code=31&district_name=BASTI&district_code=3153&block_name=KUDARAHA&block_code=3153013&panchayat_name=KORMA&panchayat_code=3153013029&fin_year=2025-2026&source=&work_code=3153013029/LD/958486255824959030&msr_no=7759&AttendanceDate=25/03/2026&Digest=PThwhDFvhRBPX8bfHoqKHw",8
"BASTI","KUDARAHA","KORMA","3153013029/LD/958486255824959030","7762","https://mnregaweb4.nic.in/nregaarch/View_NMMS_atten_date_dtl_rpt.aspx?page=&short_name=UP&state_name=UTTAR%20PRADESH&state_code=31&district_name=BASTI&district_code=3153&block_name=KUDARAHA&block_code=3153013&panchayat_name=KORMA&panchayat_code=3153013029&fin_year=2025-2026&source=&work_code=3153013029/LD/958486255824959030&msr_no=7762&AttendanceDate=25/03/2026&Digest=TRTxVhz79Ul7TjfaeNuEhw",4
"BASTI","KUDARAHA","KORMA","3153013029/LD/958486255824959032","7764","https://mnregaweb4.nic.in/nregaarch/View_NMMS_atten_date_dtl_rpt.aspx?page=&short_name=UP&state_name=UTTAR%20PRADESH&state_code=31&district_name=BASTI&district_code=3153&block_name=KUDARAHA&block_code=3153013&panchayat_name=KORMA&panchayat_code=3153013029&fin_year=2025-2026&source=&work_code=3153013029/LD/958486255824959032&msr_no=7764&AttendanceDate=25/03/2026&Digest=cPx9K5ZHhCuzjar0vavbPw",2
"BASTI","KUDARAHA","AMAIPAR","3153013032/IC/958486255823726741","7834","https://mnregaweb4.nic.in/nregaarch/View_NMMS_atten_date_dtl_rpt.aspx?page=&short_name=UP&state_name=UTTAR%20PRADESH&state_code=31&district_name=BASTI&district_code=3153&block_name=KUDARAHA&block_code=3153013&panchayat_name=AMAIPAR&panchayat_code=3153013032&fin_year=2025-2026&source=&work_code=3153013032/IC/958486255823726741&msr_no=7834&AttendanceDate=25/03/2026&Digest=XG/np5kDlQbvfndU8MTTNw",7
"BASTI","KUDARAHA","AMAIPAR","3153013032/IC/958486255823726741","7837","https://mnregaweb4.nic.in/nregaarch/View_NMMS_atten_date_dtl_rpt.aspx?page=&short_name=UP&state_name=UTTAR%20PRADESH&state_code=31&district_name=BASTI&district_code=3153&block_name=KUDARAHA&block_code=3153013&panchayat_name=AMAIPAR&panchayat_code=3153013032&fin_year=2025-2026&source=&work_code=3153013032/IC/958486255823726741&msr_no=7837&AttendanceDate=25/03/2026&Digest=6rzMjdsqp/8NTX3YbAdFlg",10
"BASTI","KUDARAHA","AMAIPAR","3153013032/RC/958486255823694991","7827","https://mnregaweb4.nic.in/nregaarch/View_NMMS_atten_date_dtl_rpt.aspx?page=&short_name=UP&state_name=UTTAR%20PRADESH&state_code=31&district_name=BASTI&district_code=3153&block_name=KUDARAHA&block_code=3153013&panchayat_name=AMAIPAR&panchayat_code=3153013032&fin_year=2025-2026&source=&work_code=3153013032/RC/958486255823694991&msr_no=7827&AttendanceDate=25/03/2026&Digest=PVipR2adNI0cNhrt+RVuUA",10
"BASTI","KUDARAHA","JAGANNATHPUR","3153013035/LD/958486255824982494","8006","https://mnregaweb4.nic.in/nregaarch/View_NMMS_atten_date_dtl_rpt.aspx?page=&short_name=UP&state_name=UTTAR%20PRADESH&state_code=31&district_name=BASTI&district_code=3153&block_name=KUDARAHA&block_code=3153013&panchayat_name=JAGANNATHPUR&panchayat_code=3153013035&fin_year=2025-2026&source=&work_code=3153013035/LD/958486255824982494&msr_no=8006&AttendanceDate=25/03/2026&Digest=Zdm0sMZv2m9JoHQb28q1WA",9
"BASTI","KUDARAHA","MUSARIHA","3153013041/RC/958486255823728278","7597","https://mnregaweb4.nic.in/nregaarch/View_NMMS_atten_date_dtl_rpt.aspx?page=&short_name=UP&state_name=UTTAR%20PRADESH&state_code=31&district_name=BASTI&district_code=3153&block_name=KUDARAHA&block_code=3153013&panchayat_name=MUSARIHA&panchayat_code=3153013041&fin_year=2025-2026&source=&work_code=3153013041/RC/958486255823728278&msr_no=7597&AttendanceDate=25/03/2026&Digest=R//Dcy7modRed4CGHNIhzQ",8
"BASTI","KUDARAHA","MUSARIHA","3153013041/RC/958486255823728278","7600","https://mnregaweb4.nic.in/nregaarch/View_NMMS_atten_date_dtl_rpt.aspx?page=&short_name=UP&state_name=UTTAR%20PRADESH&state_code=31&district_name=BASTI&district_code=3153&block_name=KUDARAHA&block_code=3153013&panchayat_name=MUSARIHA&panchayat_code=3153013041&fin_year=2025-2026&source=&work_code=3153013041/RC/958486255823728278&msr_no=7600&AttendanceDate=25/03/2026&Digest=3AMZ0w99e47C4D6cIjzhSg",8
"BASTI","KUDARAHA","KABRA KHAS","3153013043/RC/958486255823706794","7872","https://mnregaweb4.nic.in/nregaarch/View_NMMS_atten_date_dtl_rpt.aspx?page=&short_name=UP&state_name=UTTAR%20PRADESH&state_code=31&district_name=BASTI&district_code=3153&block_name=KUDARAHA&block_code=3153013&panchayat_name=KABRA%20KHAS&panchayat_code=3153013043&fin_year=2025-2026&source=&work_code=3153013043/RC/958486255823706794&msr_no=7872&AttendanceDate=25/03/2026&Digest=yIUAC+In1wD+oGkjn0Y9dQ",9
"BASTI","KUDARAHA","AKELA KUBERPUR","3153013008/RC/958486255823579683","8249","https://mnregaweb4.nic.in/nregaarch/View_NMMS_atten_date_dtl_rpt.aspx?page=&short_name=UP&state_name=UTTAR%20PRADESH&state_code=31&district_name=BASTI&district_code=3153&block_name=KUDARAHA&block_code=3153013&panchayat_name=AKELA%20KUBERPUR&panchayat_code=3153013008&fin_year=2025-2026&source=&work_code=3153013008/RC/958486255823579683&msr_no=8249&AttendanceDate=25/03/2026&Digest=ZAsNY28+/jwTn1e08Jjr4g",10
"BASTI","KUDARAHA","BHERWA","3153013009/RC/958486255823743118","7623","https://mnregaweb4.nic.in/nregaarch/View_NMMS_atten_date_dtl_rpt.aspx?page=&short_name=UP&state_name=UTTAR%20PRADESH&state_code=31&district_name=BASTI&district_code=3153&block_name=KUDARAHA&block_code=3153013&panchayat_name=BHERWA&panchayat_code=3153013009&fin_year=2025-2026&source=&work_code=3153013009/RC/958486255823743118&msr_no=7623&AttendanceDate=25/03/2026&Digest=lRaveH8ohLlwnns2VnnAhA",3
"BASTI","KUDARAHA","CHAUBAAH","3153013014/LD/958486255824934681","7775","https://mnregaweb4.nic.in/nregaarch/View_NMMS_atten_date_dtl_rpt.aspx?page=&short_name=UP&state_name=UTTAR%20PRADESH&state_code=31&district_name=BASTI&district_code=3153&block_name=KUDARAHA&block_code=3153013&panchayat_name=CHAUBAAH&panchayat_code=3153013014&fin_year=2025-2026&source=&work_code=3153013014/LD/958486255824934681&msr_no=7775&AttendanceDate=25/03/2026&Digest=OBFqjNuUgNBg4Blhvd81Jg",10
"BASTI","KUDARAHA","CHHIBRA","3153013023/RC/958486255823701120","7729","https://mnregaweb4.nic.in/nregaarch/View_NMMS_atten_date_dtl_rpt.aspx?page=&short_name=UP&state_name=UTTAR%20PRADESH&state_code=31&district_name=BASTI&district_code=3153&block_name=KUDARAHA&block_code=3153013&panchayat_name=CHHIBRA&panchayat_code=3153013023&fin_year=2025-2026&source=&work_code=3153013023/RC/958486255823701120&msr_no=7729&AttendanceDate=25/03/2026&Digest=XdiS2G2z4HfqDuZqSFl/bw",9
"BASTI","KUDARAHA","GANGAPUR","3153013025/RC/958486255823679231","7778","https://mnregaweb4.nic.in/nregaarch/View_NMMS_atten_date_dtl_rpt.aspx?page=&short_name=UP&state_name=UTTAR%20PRADESH&state_code=31&district_name=BASTI&district_code=3153&block_name=KUDARAHA&block_code=3153013&panchayat_name=GANGAPUR&panchayat_code=3153013025&fin_year=2025-2026&source=&work_code=3153013025/RC/958486255823679231&msr_no=7778&AttendanceDate=25/03/2026&Digest=+M0/NpXgf2WyS0sBRond1w",2
"BASTI","KUDARAHA","SUVRAHA","3153013026/RC/958486255823725224","8046","https://mnregaweb4.nic.in/nregaarch/View_NMMS_atten_date_dtl_rpt.aspx?page=&short_name=UP&state_name=UTTAR%20PRADESH&state_code=31&district_name=BASTI&district_code=3153&block_name=KUDARAHA&block_code=3153013&panchayat_name=SUVRAHA&panchayat_code=3153013026&fin_year=2025-2026&source=&work_code=3153013026/RC/958486255823725224&msr_no=8046&AttendanceDate=25/03/2026&Digest=m/7Uiirz/LG3aX6BVYg8Vg",10
"BASTI","KUDARAHA","KORMA","3153013029/LD/958486255824959030","7760","https://mnregaweb4.nic.in/nregaarch/View_NMMS_atten_date_dtl_rpt.aspx?page=&short_name=UP&state_name=UTTAR%20PRADESH&state_code=31&district_name=BASTI&district_code=3153&block_name=KUDARAHA&block_code=3153013&panchayat_name=KORMA&panchayat_code=3153013029&fin_year=2025-2026&source=&work_code=3153013029/LD/958486255824959030&msr_no=7760&AttendanceDate=25/03/2026&Digest=f6BEdNOtIoGk7TZJYe+Y3Q",7
"BASTI","KUDARAHA","AMAIPAR","3153013032/RC/958486255823694991","7828","https://mnregaweb4.nic.in/nregaarch/View_NMMS_atten_date_dtl_rpt.aspx?page=&short_name=UP&state_name=UTTAR%20PRADESH&state_code=31&district_name=BASTI&district_code=3153&block_name=KUDARAHA&block_code=3153013&panchayat_name=AMAIPAR&panchayat_code=3153013032&fin_year=2025-2026&source=&work_code=3153013032/RC/958486255823694991&msr_no=7828&AttendanceDate=25/03/2026&Digest=u/ffShgm2QCffngyjpHYRA",10
"BASTI","KUDARAHA","JAGANNATHPUR","3153013035/LD/958486255824982494","8007","https://mnregaweb4.nic.in/nregaarch/View_NMMS_atten_date_dtl_rpt.aspx?page=&short_name=UP&state_name=UTTAR%20PRADESH&state_code=31&district_name=BASTI&district_code=3153&block_name=KUDARAHA&block_code=3153013&panchayat_name=JAGANNATHPUR&panchayat_code=3153013035&fin_year=2025-2026&source=&work_code=3153013035/LD/958486255824982494&msr_no=8007&AttendanceDate=25/03/2026&Digest=mgAa1mqu4UT7ZbLTR6Ckpg",9
"BASTI","KUDARAHA","MUSARIHA","3153013041/RC/958486255823728278","7599","https://mnregaweb4.nic.in/nregaarch/View_NMMS_atten_date_dtl_rpt.aspx?page=&short_name=UP&state_name=UTTAR%20PRADESH&state_code=31&district_name=BASTI&district_code=3153&block_name=KUDARAHA&block_code=3153013&panchayat_name=MUSARIHA&panchayat_code=3153013041&fin_year=2025-2026&source=&work_code=3153013041/RC/958486255823728278&msr_no=7599&AttendanceDate=25/03/2026&Digest=gAw6Og9ehW4XYbSkCiuHHA",9
"BASTI","KUDARAHA","PASRA","3153013046/LD/958486255824692144","7670","https://mnregaweb4.nic.in/nregaarch/View_NMMS_atten_date_dtl_rpt.aspx?page=&short_name=UP&state_name=UTTAR%20PRADESH&state_code=31&district_name=BASTI&district_code=3153&block_name=KUDARAHA&block_code=3153013&panchayat_name=PASRA&panchayat_code=3153013046&fin_year=2025-2026&source=&work_code=3153013046/LD/958486255824692144&msr_no=7670&AttendanceDate=25/03/2026&Digest=eD8p5yIA1JTkul/o9Gpn8g",10
"BASTI","KUDARAHA","BAISIYA KALA","3153013050/LD/958486255824953603","7714","https://mnregaweb4.nic.in/nregaarch/View_NMMS_atten_date_dtl_rpt.aspx?page=&short_name=UP&state_name=UTTAR%20PRADESH&state_code=31&district_name=BASTI&district_code=3153&block_name=KUDARAHA&block_code=3153013&panchayat_name=BAISIYA%20KALA&panchayat_code=3153013050&fin_year=2025-2026&source=&work_code=3153013050/LD/958486255824953603&msr_no=7714&AttendanceDate=25/03/2026&Digest=fJGN6pp5cVLUYnBMgoKceg",9
"BASTI","KUDARAHA","MANJHARIYA","3153013057/LD/958486255824935540","7747","https://mnregaweb4.nic.in/nregaarch/View_NMMS_atten_date_dtl_rpt.aspx?page=&short_name=UP&state_name=UTTAR%20PRADESH&state_code=31&district_name=BASTI&district_code=3153&block_name=KUDARAHA&block_code=3153013&panchayat_name=MANJHARIYA&panchayat_code=3153013057&fin_year=2025-2026&source=&work_code=3153013057/LD/958486255824935540&msr_no=7747&AttendanceDate=25/03/2026&Digest=2LONfeIBXCUmTY4arxg9Tw",10
"BASTI","KUDARAHA","MANJHARIYA","3153013057/LD/958486255824935540","7750","https://mnregaweb4.nic.in/nregaarch/View_NMMS_atten_date_dtl_rpt.aspx?page=&short_name=UP&state_name=UTTAR%20PRADESH&state_code=31&district_name=BASTI&district_code=3153&block_name=KUDARAHA&block_code=3153013&panchayat_name=MANJHARIYA&panchayat_code=3153013057&fin_year=2025-2026&source=&work_code=3153013057/LD/958486255824935540&msr_no=7750&AttendanceDate=25/03/2026&Digest=gRq9KAxl/VNHb1RJHsqxfg",1
"BASTI","KUDARAHA","CHARADHE","3153013058/RC/958486255823667723","7961","https://mnregaweb4.nic.in/nregaarch/View_NMMS_atten_date_dtl_rpt.aspx?page=&short_name=UP&state_name=UTTAR%20PRADESH&state_code=31&district_name=BASTI&district_code=3153&block_name=KUDARAHA&block_code=3153013&panchayat_name=CHARADHE&panchayat_code=3153013058&fin_year=2025-2026&source=&work_code=3153013058/RC/958486255823667723&msr_no=7961&AttendanceDate=25/03/2026&Digest=s4WlBhOXmfLbJTyPTOmmuw",6
"BASTI","KUDARAHA","BAANPUR","3153013059/RC/958486255823693972","8175","https://mnregaweb4.nic.in/nregaarch/View_NMMS_atten_date_dtl_rpt.aspx?page=&short_name=UP&state_name=UTTAR%20PRADESH&state_code=31&district_name=BASTI&district_code=3153&block_name=KUDARAHA&block_code=3153013&panchayat_name=BAANPUR&panchayat_code=3153013059&fin_year=2025-2026&source=&work_code=3153013059/RC/958486255823693972&msr_no=8175&AttendanceDate=25/03/2026&Digest=4d1nRR1oom3yYmhA6qJLOQ",9
"BASTI","KUDARAHA","BAANPUR","3153013059/RC/958486255823694013","7705","https://mnregaweb4.nic.in/nregaarch/View_NMMS_atten_date_dtl_rpt.aspx?page=&short_name=UP&state_name=UTTAR%20PRADESH&state_code=31&district_name=BASTI&district_code=3153&block_name=KUDARAHA&block_code=3153013&panchayat_name=BAANPUR&panchayat_code=3153013059&fin_year=2025-2026&source=&work_code=3153013059/RC/958486255823694013&msr_no=7705&AttendanceDate=25/03/2026&Digest=3isytocwCGgzkScV5k5/4A",3
"BASTI","KUDARAHA","BAANPUR","3153013059/RC/958486255823694017","7703","https://mnregaweb4.nic.in/nregaarch/View_NMMS_atten_date_dtl_rpt.aspx?page=&short_name=UP&state_name=UTTAR%20PRADESH&state_code=31&district_name=BASTI&district_code=3153&block_name=KUDARAHA&block_code=3153013&panchayat_name=BAANPUR&panchayat_code=3153013059&fin_year=2025-2026&source=&work_code=3153013059/RC/958486255823694017&msr_no=7703&AttendanceDate=25/03/2026&Digest=kWJAV4YuwNMOa5jSCovN4g",3
"BASTI","KUDARAHA","DIHUKPURA","3153013060/RC/958486255823750157","8091","https://mnregaweb4.nic.in/nregaarch/View_NMMS_atten_date_dtl_rpt.aspx?page=&short_name=UP&state_name=UTTAR%20PRADESH&state_code=31&district_name=BASTI&district_code=3153&block_name=KUDARAHA&block_code=3153013&panchayat_name=DIHUKPURA&panchayat_code=3153013060&fin_year=2025-2026&source=&work_code=3153013060/RC/958486255823750157&msr_no=8091&AttendanceDate=25/03/2026&Digest=BITu0AZQ3o4yhDkyt4Nkug",10
"BASTI","KUDARAHA","DIHUKPURA","3153013060/RC/958486255823750558","8232","https://mnregaweb4.nic.in/nregaarch/View_NMMS_atten_date_dtl_rpt.aspx?page=&short_name=UP&state_name=UTTAR%20PRADESH&state_code=31&district_name=BASTI&district_code=3153&block_name=KUDARAHA&block_code=3153013&panchayat_name=DIHUKPURA&panchayat_code=3153013060&fin_year=2025-2026&source=&work_code=3153013060/RC/958486255823750558&msr_no=8232&AttendanceDate=25/03/2026&Digest=s6cD1YKZ9IVBgA06Wh1VHQ",10
"BASTI","KUDARAHA","JIBHIYAV","3153013062/RC/958486255823747131","7809","https://mnregaweb4.nic.in/nregaarch/View_NMMS_atten_date_dtl_rpt.aspx?page=&short_name=UP&state_name=UTTAR%20PRADESH&state_code=31&district_name=BASTI&district_code=3153&block_name=KUDARAHA&block_code=3153013&panchayat_name=JIBHIYAV&panchayat_code=3153013062&fin_year=2025-2026&source=&work_code=3153013062/RC/958486255823747131&msr_no=7809&AttendanceDate=25/03/2026&Digest=94Y3vFfbw2tjaxjMLn8rzw",3
"BASTI","KUDARAHA","TENUA","3153013064/LD/958486255825009970","7572","https://mnregaweb4.nic.in/nregaarch/View_NMMS_atten_date_dtl_rpt.aspx?page=&short_name=UP&state_name=UTTAR%20PRADESH&state_code=31&district_name=BASTI&district_code=3153&block_name=KUDARAHA&block_code=3153013&panchayat_name=TENUA&panchayat_code=3153013064&fin_year=2025-2026&source=&work_code=3153013064/LD/958486255825009970&msr_no=7572&AttendanceDate=25/03/2026&Digest=1n9tBeZTbgUbUu/5+dt9sA",10
"BASTI","KUDARAHA","TENUA","3153013064/LD/958486255825009970","7575","https://mnregaweb4.nic.in/nregaarch/View_NMMS_atten_date_dtl_rpt.aspx?page=&short_name=UP&state_name=UTTAR%20PRADESH&state_code=31&district_name=BASTI&district_code=3153&block_name=KUDARAHA&block_code=3153013&panchayat_name=TENUA&panchayat_code=3153013064&fin_year=2025-2026&source=&work_code=3153013064/LD/958486255825009970&msr_no=7575&AttendanceDate=25/03/2026&Digest=QPkMqyCOapzjB/r6ejWUnA",10
"BASTI","KUDARAHA","BAIRARA MUSTAHKAM","3153013065/RC/958486255823740362","7949","https://mnregaweb4.nic.in/nregaarch/View_NMMS_atten_date_dtl_rpt.aspx?page=&short_name=UP&state_name=UTTAR%20PRADESH&state_code=31&district_name=BASTI&district_code=3153&block_name=KUDARAHA&block_code=3153013&panchayat_name=BAIRARA%20MUSTAHKAM&panchayat_code=3153013065&fin_year=2025-2026&source=&work_code=3153013065/RC/958486255823740362&msr_no=7949&AttendanceDate=25/03/2026&Digest=ohsBMtyOaVCSS7HQMbrZQQ",9
"BASTI","KUDARAHA","PIPARPATI EHATMALI","3153013071/RC/958486255823746235","8018","https://mnregaweb4.nic.in/nregaarch/View_NMMS_atten_date_dtl_rpt.aspx?page=&short_name=UP&state_name=UTTAR%20PRADESH&state_code=31&district_name=BASTI&district_code=3153&block_name=KUDARAHA&block_code=3153013&panchayat_name=PIPARPATI%20EHATMALI&panchayat_code=3153013071&fin_year=2025-2026&source=&work_code=3153013071/RC/958486255823746235&msr_no=8018&AttendanceDate=25/03/2026&Digest=NLW3OsbQCl4++ZEn+XdafQ",10
"BASTI","KUDARAHA","PIPARPATI EHATMALI","3153013071/RC/958486255823746235","8021","https://mnregaweb4.nic.in/nregaarch/View_NMMS_atten_date_dtl_rpt.aspx?page=&short_name=UP&state_name=UTTAR%20PRADESH&state_code=31&district_name=BASTI&district_code=3153&block_name=KUDARAHA&block_code=3153013&panchayat_name=PIPARPATI%20EHATMALI&panchayat_code=3153013071&fin_year=2025-2026&source=&work_code=3153013071/RC/958486255823746235&msr_no=8021&AttendanceDate=25/03/2026&Digest=opv4hKY9O0BNA4HLVMF0tQ",10
"BASTI","KUDARAHA","HARKHAILIYA URF MATIYARIA","3153013074/RC/YD/958486255823746903","7641","https://mnregaweb4.nic.in/nregaarch/View_NMMS_atten_date_dtl_rpt.aspx?page=&short_name=UP&state_name=UTTAR%20PRADESH&state_code=31&district_name=BASTI&district_code=3153&block_name=KUDARAHA&block_code=3153013&panchayat_name=HARKHAILIYA%20URF%20MATIYARIA&panchayat_code=3153013074&fin_year=2025-2026&source=&work_code=3153013074/RC/YD/958486255823746903&msr_no=7641&AttendanceDate=25/03/2026&Digest=zemD0pQ/wnAUcQgW5l7FIw",10
"BASTI","KUDARAHA","RAGHAUPUR","3153013075/RC/958486255823592070","8106","https://mnregaweb4.nic.in/nregaarch/View_NMMS_atten_date_dtl_rpt.aspx?page=&short_name=UP&state_name=UTTAR%20PRADESH&state_code=31&district_name=BASTI&district_code=3153&block_name=KUDARAHA&block_code=3153013&panchayat_name=RAGHAUPUR&panchayat_code=3153013075&fin_year=2025-2026&source=&work_code=3153013075/RC/958486255823592070&msr_no=8106&AttendanceDate=25/03/2026&Digest=U3gH81HonKv8FkfkkwpSKw",7
"BASTI","KUDARAHA","UJIYANATPUR","3153013077/RC/958486255823654392","8281","https://mnregaweb4.nic.in/nregaarch/View_NMMS_atten_date_dtl_rpt.aspx?page=&short_name=UP&state_name=UTTAR%20PRADESH&state_code=31&district_name=BASTI&district_code=3153&block_name=KUDARAHA&block_code=3153013&panchayat_name=UJIYANATPUR&panchayat_code=3153013077&fin_year=2025-2026&source=&work_code=3153013077/RC/958486255823654392&msr_no=8281&AttendanceDate=25/03/2026&Digest=+v9shccMnUYId/4h14+PTQ",10
"BASTI","KUDARAHA","UJIYANATPUR","3153013077/RC/958486255823654392","8284","https://mnregaweb4.nic.in/nregaarch/View_NMMS_atten_date_dtl_rpt.aspx?page=&short_name=UP&state_name=UTTAR%20PRADESH&state_code=31&district_name=BASTI&district_code=3153&block_name=KUDARAHA&block_code=3153013&panchayat_name=UJIYANATPUR&panchayat_code=3153013077&fin_year=2025-2026&source=&work_code=3153013077/RC/958486255823654392&msr_no=8284&AttendanceDate=25/03/2026&Digest=+A0nJHHAC6sYKnZiAMhqlg",8
"BASTI","KUDARAHA","DAIJI","3153013078/LD/958486255824702897","8050","https://mnregaweb4.nic.in/nregaarch/View_NMMS_atten_date_dtl_rpt.aspx?page=&short_name=UP&state_name=UTTAR%20PRADESH&state_code=31&district_name=BASTI&district_code=3153&block_name=KUDARAHA&block_code=3153013&panchayat_name=DAIJI&panchayat_code=3153013078&fin_year=2025-2026&source=&work_code=3153013078/LD/958486255824702897&msr_no=8050&AttendanceDate=25/03/2026&Digest=PJxXiHN4RRfqGOn7xBw56Q",10
"BASTI","KUDARAHA","DAIJI","3153013078/RC/958486255823747071","7786","https://mnregaweb4.nic.in/nregaarch/View_NMMS_atten_date_dtl_rpt.aspx?page=&short_name=UP&state_name=UTTAR%20PRADESH&state_code=31&district_name=BASTI&district_code=3153&block_name=KUDARAHA&block_code=3153013&panchayat_name=DAIJI&panchayat_code=3153013078&fin_year=2025-2026&source=&work_code=3153013078/RC/958486255823747071&msr_no=7786&AttendanceDate=25/03/2026&Digest=7cQU7D9yLxo0puuSVZ5AMw",10
"BASTI","PARAS RAMPUR","BELBHARIYA","3153001010/RC/958486255823732335","9386","https://mnregaweb4.nic.in/nregaarch/View_NMMS_atten_date_dtl_rpt.aspx?page=&short_name=UP&state_name=UTTAR%20PRADESH&state_code=31&district_name=BASTI&district_code=3153&block_name=PARAS%20RAMPUR&block_code=3153001&panchayat_name=BELBHARIYA&panchayat_code=3153001010&fin_year=2025-2026&source=&work_code=3153001010/RC/958486255823732335&msr_no=9386&AttendanceDate=25/03/2026&Digest=D9ELSYdvVqOjAb9bLjpV2w",2
"BASTI","PARAS RAMPUR","BHAISAHAWA","3153001011/RC/958486255823728168","9381","https://mnregaweb4.nic.in/nregaarch/View_NMMS_atten_date_dtl_rpt.aspx?page=&short_name=UP&state_name=UTTAR%20PRADESH&state_code=31&district_name=BASTI&district_code=3153&block_name=PARAS%20RAMPUR&block_code=3153001&panchayat_name=BHAISAHAWA&panchayat_code=3153001011&fin_year=2025-2026&source=&work_code=3153001011/RC/958486255823728168&msr_no=9381&AttendanceDate=25/03/2026&Digest=C7+5Nyxjl8LWBX4OnLJwPQ",5
"BASTI","PARAS RAMPUR","BICHHIYA MISHRA","3153001013/RC/958486255823699322","9558","https://mnregaweb4.nic.in/nregaarch/View_NMMS_atten_date_dtl_rpt.aspx?page=&short_name=UP&state_name=UTTAR%20PRADESH&state_code=31&district_name=BASTI&district_code=3153&block_name=PARAS%20RAMPUR&block_code=3153001&panchayat_name=BICHHIYA%20MISHRA&panchayat_code=3153001013&fin_year=2025-2026&source=&work_code=3153001013/RC/958486255823699322&msr_no=9558&AttendanceDate=25/03/2026&Digest=NtzT3hxZ9LKgqv7PnNiBtg",8
"BASTI","PARAS RAMPUR","BICHNAIYA PANDEY","3153001014/RC/958486255823646074","9509","https://mnregaweb4.nic.in/nregaarch/View_NMMS_atten_date_dtl_rpt.aspx?page=&short_name=UP&state_name=UTTAR%20PRADESH&state_code=31&district_name=BASTI&district_code=3153&block_name=PARAS%20RAMPUR&block_code=3153001&panchayat_name=BICHNAIYA%20PANDEY&panchayat_code=3153001014&fin_year=2025-2026&source=&work_code=3153001014/RC/958486255823646074&msr_no=9509&AttendanceDate=25/03/2026&Digest=eI8aHIrmARltSbNXxP8UIA",4
"BASTI","PARAS RAMPUR","BICHNAIYA PANDEY","3153001014/RC/958486255823701145","9532","https://mnregaweb4.nic.in/nregaarch/View_NMMS_atten_date_dtl_rpt.aspx?page=&short_name=UP&state_name=UTTAR%20PRADESH&state_code=31&district_name=BASTI&district_code=3153&block_name=PARAS%20RAMPUR&block_code=3153001&panchayat_name=BICHNAIYA%20PANDEY&panchayat_code=3153001014&fin_year=2025-2026&source=&work_code=3153001014/RC/958486255823701145&msr_no=9532&AttendanceDate=25/03/2026&Digest=MKGLopaI/yPHx6JSgZdTug",1
"BASTI","PARAS RAMPUR","CHAORI","3153001015/LD/958486255825005262","9376","https://mnregaweb4.nic.in/nregaarch/View_NMMS_atten_date_dtl_rpt.aspx?page=&short_name=UP&state_name=UTTAR%20PRADESH&state_code=31&district_name=BASTI&district_code=3153&block_name=PARAS%20RAMPUR&block_code=3153001&panchayat_name=CHAORI&panchayat_code=3153001015&fin_year=2025-2026&source=&work_code=3153001015/LD/958486255825005262&msr_no=9376&AttendanceDate=25/03/2026&Digest=RTUyzvmxINpl+hi7ZQ5HOg",6
"BASTI","PARAS RAMPUR","CHHEDIYAPARA","3153001016/LD/958486255824986999","9582","https://mnregaweb4.nic.in/nregaarch/View_NMMS_atten_date_dtl_rpt.aspx?page=&short_name=UP&state_name=UTTAR%20PRADESH&state_code=31&district_name=BASTI&district_code=3153&block_name=PARAS%20RAMPUR&block_code=3153001&panchayat_name=CHHEDIYAPARA&panchayat_code=3153001016&fin_year=2025-2026&source=&work_code=3153001016/LD/958486255824986999&msr_no=9582&AttendanceDate=25/03/2026&Digest=h3iydVlDZHP0JouJe6dd4g",7
"BASTI","PARAS RAMPUR","KISHUNPUR","3153001043/RC/958486255823728851","9562","https://mnregaweb4.nic.in/nregaarch/View_NMMS_atten_date_dtl_rpt.aspx?page=&short_name=UP&state_name=UTTAR%20PRADESH&state_code=31&district_name=BASTI&district_code=3153&block_name=PARAS%20RAMPUR&block_code=3153001&panchayat_name=KISHUNPUR&panchayat_code=3153001043&fin_year=2025-2026&source=&work_code=3153001043/RC/958486255823728851&msr_no=9562&AttendanceDate=25/03/2026&Digest=qTelF54a2ufgYoBiu08v4w",5
"BASTI","KUDARAHA","JAGANNATHPUR","3153013035/RC/958486255823748456","7738","https://mnregaweb4.nic.in/nregaarch/View_NMMS_atten_date_dtl_rpt.aspx?page=&short_name=UP&state_name=UTTAR%20PRADESH&state_code=31&district_name=BASTI&district_code=3153&block_name=KUDARAHA&block_code=3153013&panchayat_name=JAGANNATHPUR&panchayat_code=3153013035&fin_year=2025-2026&source=&work_code=3153013035/RC/958486255823748456&msr_no=7738&AttendanceDate=25/03/2026&Digest=+MMNPgnE+ph9VjF9FDOBfA",8
"BASTI","KUDARAHA","PARSAW","3153013036/LD/958486255824957716","7858","https://mnregaweb4.nic.in/nregaarch/View_NMMS_atten_date_dtl_rpt.aspx?page=&short_name=UP&state_name=UTTAR%20PRADESH&state_code=31&district_name=BASTI&district_code=3153&block_name=KUDARAHA&block_code=3153013&panchayat_name=PARSAW&panchayat_code=3153013036&fin_year=2025-2026&source=&work_code=3153013036/LD/958486255824957716&msr_no=7858&AttendanceDate=25/03/2026&Digest=qPObCajm45U50peRlA6GFw",10
"BASTI","KUDARAHA","DELHWA","3153013037/RC/958486255823745217","7884","https://mnregaweb4.nic.in/nregaarch/View_NMMS_atten_date_dtl_rpt.aspx?page=&short_name=UP&state_name=UTTAR%20PRADESH&state_code=31&district_name=BASTI&district_code=3153&block_name=KUDARAHA&block_code=3153013&panchayat_name=DELHWA&panchayat_code=3153013037&fin_year=2025-2026&source=&work_code=3153013037/RC/958486255823745217&msr_no=7884&AttendanceDate=25/03/2026&Digest=LVAMfVEEgkfSNqOJCf/8tA",4
"BASTI","KUDARAHA","DELHWA","3153013037/RC/958486255823745217","7887","https://mnregaweb4.nic.in/nregaarch/View_NMMS_atten_date_dtl_rpt.aspx?page=&short_name=UP&state_name=UTTAR%20PRADESH&state_code=31&district_name=BASTI&district_code=3153&block_name=KUDARAHA&block_code=3153013&panchayat_name=DELHWA&panchayat_code=3153013037&fin_year=2025-2026&source=&work_code=3153013037/RC/958486255823745217&msr_no=7887&AttendanceDate=25/03/2026&Digest=rlPCcPPW/NodHt+9qivkaQ",6
"BASTI","KUDARAHA","MADHOPUR","3153013038/RC/958486255823738295","7602","https://mnregaweb4.nic.in/nregaarch/View_NMMS_atten_date_dtl_rpt.aspx?page=&short_name=UP&state_name=UTTAR%20PRADESH&state_code=31&district_name=BASTI&district_code=3153&block_name=KUDARAHA&block_code=3153013&panchayat_name=MADHOPUR&panchayat_code=3153013038&fin_year=2025-2026&source=&work_code=3153013038/RC/958486255823738295&msr_no=7602&AttendanceDate=25/03/2026&Digest=6Mvtw8ItbUFgdOb0WeaJPg",6
"BASTI","KUDARAHA","BARTANIYA","3153013040/AV/958486255824155477","7958","https://mnregaweb4.nic.in/nregaarch/View_NMMS_atten_date_dtl_rpt.aspx?page=&short_name=UP&state_name=UTTAR%20PRADESH&state_code=31&district_name=BASTI&district_code=3153&block_name=KUDARAHA&block_code=3153013&panchayat_name=BARTANIYA&panchayat_code=3153013040&fin_year=2025-2026&source=&work_code=3153013040/AV/958486255824155477&msr_no=7958&AttendanceDate=25/03/2026&Digest=/xHqNt9sst3NEoszYOtj0Q",10
"BASTI","KUDARAHA","BARTANIYA","3153013040/LD/958486255824900453","7929","https://mnregaweb4.nic.in/nregaarch/View_NMMS_atten_date_dtl_rpt.aspx?page=&short_name=UP&state_name=UTTAR%20PRADESH&state_code=31&district_name=BASTI&district_code=3153&block_name=KUDARAHA&block_code=3153013&panchayat_name=BARTANIYA&panchayat_code=3153013040&fin_year=2025-2026&source=&work_code=3153013040/LD/958486255824900453&msr_no=7929&AttendanceDate=25/03/2026&Digest=Tr93CuKIvF2eaD6eanb8Ag",10
"BASTI","KUDARAHA","MUSARIHA","3153013041/RC/958486255823728282","7826","https://mnregaweb4.nic.in/nregaarch/View_NMMS_atten_date_dtl_rpt.aspx?page=&short_name=UP&state_name=UTTAR%20PRADESH&state_code=31&district_name=BASTI&district_code=3153&block_name=KUDARAHA&block_code=3153013&panchayat_name=MUSARIHA&panchayat_code=3153013041&fin_year=2025-2026&source=&work_code=3153013041/RC/958486255823728282&msr_no=7826&AttendanceDate=25/03/2026&Digest=qlknBpUPcHEPJCoNXTW9OQ",8
"BASTI","KUDARAHA","KABRA KHAS","3153013043/RC/958486255823706795","8127","https://mnregaweb4.nic.in/nregaarch/View_NMMS_atten_date_dtl_rpt.aspx?page=&short_name=UP&state_name=UTTAR%20PRADESH&state_code=31&district_name=BASTI&district_code=3153&block_name=KUDARAHA&block_code=3153013&panchayat_name=KABRA%20KHAS&panchayat_code=3153013043&fin_year=2025-2026&source=&work_code=3153013043/RC/958486255823706795&msr_no=8127&AttendanceDate=25/03/2026&Digest=fn47v1PGId2DHI6hd6ikyw",10
"BASTI","KUDARAHA","KABRA KHAS","3153013043/RC/958486255823706795","8130","https://mnregaweb4.nic.in/nregaarch/View_NMMS_atten_date_dtl_rpt.aspx?page=&short_name=UP&state_name=UTTAR%20PRADESH&state_code=31&district_name=BASTI&district_code=3153&block_name=KUDARAHA&block_code=3153013&panchayat_name=KABRA%20KHAS&panchayat_code=3153013043&fin_year=2025-2026&source=&work_code=3153013043/RC/958486255823706795&msr_no=8130&AttendanceDate=25/03/2026&Digest=GILZ1Bb0Y8lmFu6IUMbOwA",10
"BASTI","KUDARAHA","PASRA","3153013046/LD/958486255824682010","7716","https://mnregaweb4.nic.in/nregaarch/View_NMMS_atten_date_dtl_rpt.aspx?page=&short_name=UP&state_name=UTTAR%20PRADESH&state_code=31&district_name=BASTI&district_code=3153&block_name=KUDARAHA&block_code=3153013&panchayat_name=PASRA&panchayat_code=3153013046&fin_year=2025-2026&source=&work_code=3153013046/LD/958486255824682010&msr_no=7716&AttendanceDate=25/03/2026&Digest=fouMRJv6ZscnpSoS/brDLA",6
"BASTI","KUDARAHA","PASRA","3153013046/LD/958486255824692148","7663","https://mnregaweb4.nic.in/nregaarch/View_NMMS_atten_date_dtl_rpt.aspx?page=&short_name=UP&state_name=UTTAR%20PRADESH&state_code=31&district_name=BASTI&district_code=3153&block_name=KUDARAHA&block_code=3153013&panchayat_name=PASRA&panchayat_code=3153013046&fin_year=2025-2026&source=&work_code=3153013046/LD/958486255824692148&msr_no=7663&AttendanceDate=25/03/2026&Digest=UqS4GWrIoNtLGhn4v0zcfQ",10
"BASTI","KUDARAHA","PASRA","3153013046/LD/958486255824692148","7666","https://mnregaweb4.nic.in/nregaarch/View_NMMS_atten_date_dtl_rpt.aspx?page=&short_name=UP&state_name=UTTAR%20PRADESH&state_code=31&district_name=BASTI&district_code=3153&block_name=KUDARAHA&block_code=3153013&panchayat_name=PASRA&panchayat_code=3153013046&fin_year=2025-2026&source=&work_code=3153013046/LD/958486255824692148&msr_no=7666&AttendanceDate=25/03/2026&Digest=WGnPWbBOobrtu3BSigMhMQ",8
"BASTI","KUDARAHA","PASRA","3153013046/LD/958486255824692150","7721","https://mnregaweb4.nic.in/nregaarch/View_NMMS_atten_date_dtl_rpt.aspx?page=&short_name=UP&state_name=UTTAR%20PRADESH&state_code=31&district_name=BASTI&district_code=3153&block_name=KUDARAHA&block_code=3153013&panchayat_name=PASRA&panchayat_code=3153013046&fin_year=2025-2026&source=&work_code=3153013046/LD/958486255824692150&msr_no=7721&AttendanceDate=25/03/2026&Digest=jnwhDWLAdUxzh6jDqPnDPA",1
"BASTI","KUDARAHA","GONAR","3153013049/DP/958486255824216040","7736","https://mnregaweb4.nic.in/nregaarch/View_NMMS_atten_date_dtl_rpt.aspx?page=&short_name=UP&state_name=UTTAR%20PRADESH&state_code=31&district_name=BASTI&district_code=3153&block_name=KUDARAHA&block_code=3153013&panchayat_name=GONAR&panchayat_code=3153013049&fin_year=2025-2026&source=&work_code=3153013049/DP/958486255824216040&msr_no=7736&AttendanceDate=25/03/2026&Digest=tIsmQTGDBK0rZflf2AiDIA",1
"BASTI","KUDARAHA","BAISIYA KALA","3153013050/LD/958486255824953603","7711","https://mnregaweb4.nic.in/nregaarch/View_NMMS_atten_date_dtl_rpt.aspx?page=&short_name=UP&state_name=UTTAR%20PRADESH&state_code=31&district_name=BASTI&district_code=3153&block_name=KUDARAHA&block_code=3153013&panchayat_name=BAISIYA%20KALA&panchayat_code=3153013050&fin_year=2025-2026&source=&work_code=3153013050/LD/958486255824953603&msr_no=7711&AttendanceDate=25/03/2026&Digest=lmj3ugWDWsBFFX3sbGqLCA",8
"BASTI","KUDARAHA","BAISIYA KALA","3153013050/RC/958486255823747638","7997","https://mnregaweb4.nic.in/nregaarch/View_NMMS_atten_date_dtl_rpt.aspx?page=&short_name=UP&state_name=UTTAR%20PRADESH&state_code=31&district_name=BASTI&district_code=3153&block_name=KUDARAHA&block_code=3153013&panchayat_name=BAISIYA%20KALA&panchayat_code=3153013050&fin_year=2025-2026&source=&work_code=3153013050/RC/958486255823747638&msr_no=7997&AttendanceDate=25/03/2026&Digest=tWsxFVX7gY80hSEbQGomcA",7
"BASTI","KUDARAHA","BAISIYA KALA","3153013050/RC/958486255823749599","8001","https://mnregaweb4.nic.in/nregaarch/View_NMMS_atten_date_dtl_rpt.aspx?page=&short_name=UP&state_name=UTTAR%20PRADESH&state_code=31&district_name=BASTI&district_code=3153&block_name=KUDARAHA&block_code=3153013&panchayat_name=BAISIYA%20KALA&panchayat_code=3153013050&fin_year=2025-2026&source=&work_code=3153013050/RC/958486255823749599&msr_no=8001&AttendanceDate=25/03/2026&Digest=BUBqY74nvPQl0JaY2OJ5rg",9
"BASTI","KUDARAHA","HATHIYAVKALA","3153013054/IC/958486255823746777","8112","https://mnregaweb4.nic.in/nregaarch/View_NMMS_atten_date_dtl_rpt.aspx?page=&short_name=UP&state_name=UTTAR%20PRADESH&state_code=31&district_name=BASTI&district_code=3153&block_name=KUDARAHA&block_code=3153013&panchayat_name=HATHIYAVKALA&panchayat_code=3153013054&fin_year=2025-2026&source=&work_code=3153013054/IC/958486255823746777&msr_no=8112&AttendanceDate=25/03/2026&Digest=+YtVq1KFLTLgTVQNVrqG9A",8
"BASTI","KUDARAHA","HATHIYAVKALA","3153013054/RC/958486255823672224","7766","https://mnregaweb4.nic.in/nregaarch/View_NMMS_atten_date_dtl_rpt.aspx?page=&short_name=UP&state_name=UTTAR%20PRADESH&state_code=31&district_name=BASTI&district_code=3153&block_name=KUDARAHA&block_code=3153013&panchayat_name=HATHIYAVKALA&panchayat_code=3153013054&fin_year=2025-2026&source=&work_code=3153013054/RC/958486255823672224&msr_no=7766&AttendanceDate=25/03/2026&Digest=vgRMePzx/GV65RUeZOx7wg",9
"BASTI","KUDARAHA","PAERMESHWARPUR","3153013056/AV/958486255824182484","8095","https://mnregaweb4.nic.in/nregaarch/View_NMMS_atten_date_dtl_rpt.aspx?page=&short_name=UP&state_name=UTTAR%20PRADESH&state_code=31&district_name=BASTI&district_code=3153&block_name=KUDARAHA&block_code=3153013&panchayat_name=PAERMESHWARPUR&panchayat_code=3153013056&fin_year=2025-2026&source=&work_code=3153013056/AV/958486255824182484&msr_no=8095&AttendanceDate=25/03/2026&Digest=YWj5xABFsk78DKeQYQBJnQ",10
"BASTI","KUDARAHA","PAERMESHWARPUR","3153013056/RC/958486255823748250","8100","https://mnregaweb4.nic.in/nregaarch/View_NMMS_atten_date_dtl_rpt.aspx?page=&short_name=UP&state_name=UTTAR%20PRADESH&state_code=31&district_name=BASTI&district_code=3153&block_name=KUDARAHA&block_code=3153013&panchayat_name=PAERMESHWARPUR&panchayat_code=3153013056&fin_year=2025-2026&source=&work_code=3153013056/RC/958486255823748250&msr_no=8100&AttendanceDate=25/03/2026&Digest=zX+Sszq9GIAcUGaBv8FSVw",5
"BASTI","KUDARAHA","MANJHARIYA","3153013057/LD/958486255824945664","7653","https://mnregaweb4.nic.in/nregaarch/View_NMMS_atten_date_dtl_rpt.aspx?page=&short_name=UP&state_name=UTTAR%20PRADESH&state_code=31&district_name=BASTI&district_code=3153&block_name=KUDARAHA&block_code=3153013&panchayat_name=MANJHARIYA&panchayat_code=3153013057&fin_year=2025-2026&source=&work_code=3153013057/LD/958486255824945664&msr_no=7653&AttendanceDate=25/03/2026&Digest=saNw746W6UmX0p5jFMbLaA",1
"BASTI","KUDARAHA","MANJHARIYA","3153013057/RC/958486255823656451","8310","https://mnregaweb4.nic.in/nregaarch/View_NMMS_atten_date_dtl_rpt.aspx?page=&short_name=UP&state_name=UTTAR%20PRADESH&state_code=31&district_name=BASTI&district_code=3153&block_name=KUDARAHA&block_code=3153013&panchayat_name=MANJHARIYA&panchayat_code=3153013057&fin_year=2025-2026&source=&work_code=3153013057/RC/958486255823656451&msr_no=8310&AttendanceDate=25/03/2026&Digest=OzlNQaYZPZz0DMqgyAPnGQ",5
"BASTI","KUDARAHA","MANJHARIYA","3153013057/RC/958486255823737216","8260","https://mnregaweb4.nic.in/nregaarch/View_NMMS_atten_date_dtl_rpt.aspx?page=&short_name=UP&state_name=UTTAR%20PRADESH&state_code=31&district_name=BASTI&district_code=3153&block_name=KUDARAHA&block_code=3153013&panchayat_name=MANJHARIYA&panchayat_code=3153013057&fin_year=2025-2026&source=&work_code=3153013057/RC/958486255823737216&msr_no=8260&AttendanceDate=25/03/2026&Digest=F2ajMBcGGyHXifoMd3xczg",4
"BASTI","KUDARAHA","BAANPUR","3153013059/RC/958486255823694023","8170","https://mnregaweb4.nic.in/nregaarch/View_NMMS_atten_date_dtl_rpt.aspx?page=&short_name=UP&state_name=UTTAR%20PRADESH&state_code=31&district_name=BASTI&district_code=3153&block_name=KUDARAHA&block_code=3153013&panchayat_name=BAANPUR&panchayat_code=3153013059&fin_year=2025-2026&source=&work_code=3153013059/RC/958486255823694023&msr_no=8170&AttendanceDate=25/03/2026&Digest=fgkZ5/IeSKlN6jVWO303Bw",8
"BASTI","KUDARAHA","BAANPUR","3153013059/RC/958486255823745461","8192","https://mnregaweb4.nic.in/nregaarch/View_NMMS_atten_date_dtl_rpt.aspx?page=&short_name=UP&state_name=UTTAR%20PRADESH&state_code=31&district_name=BASTI&district_code=3153&block_name=KUDARAHA&block_code=3153013&panchayat_name=BAANPUR&panchayat_code=3153013059&fin_year=2025-2026&source=&work_code=3153013059/RC/958486255823745461&msr_no=8192&AttendanceDate=25/03/2026&Digest=KawIlyYvRmx/jj7sWwq99A",4
"BASTI","KUDARAHA","BAANPUR","3153013059/RC/958486255823745463","8188","https://mnregaweb4.nic.in/nregaarch/View_NMMS_atten_date_dtl_rpt.aspx?page=&short_name=UP&state_name=UTTAR%20PRADESH&state_code=31&district_name=BASTI&district_code=3153&block_name=KUDARAHA&block_code=3153013&panchayat_name=BAANPUR&panchayat_code=3153013059&fin_year=2025-2026&source=&work_code=3153013059/RC/958486255823745463&msr_no=8188&AttendanceDate=25/03/2026&Digest=bc205fWQ0JE5KvFwCrUKBQ",9
"BASTI","KUDARAHA","BAANPUR","3153013059/RC/958486255823745464","8185","https://mnregaweb4.nic.in/nregaarch/View_NMMS_atten_date_dtl_rpt.aspx?page=&short_name=UP&state_name=UTTAR%20PRADESH&state_code=31&district_name=BASTI&district_code=3153&block_name=KUDARAHA&block_code=3153013&panchayat_name=BAANPUR&panchayat_code=3153013059&fin_year=2025-2026&source=&work_code=3153013059/RC/958486255823745464&msr_no=8185&AttendanceDate=25/03/2026&Digest=sWRraOyFu9Ddqf20m59CZg",7
"BASTI","KUDARAHA","BAANPUR","3153013059/RC/958486255823745465","8182","https://mnregaweb4.nic.in/nregaarch/View_NMMS_atten_date_dtl_rpt.aspx?page=&short_name=UP&state_name=UTTAR%20PRADESH&state_code=31&district_name=BASTI&district_code=3153&block_name=KUDARAHA&block_code=3153013&panchayat_name=BAANPUR&panchayat_code=3153013059&fin_year=2025-2026&source=&work_code=3153013059/RC/958486255823745465&msr_no=8182&AttendanceDate=25/03/2026&Digest=WD3qAspX/71Tse96HNEIEA",8
"BASTI","KUDARAHA","JIBHIYAV","3153013062/RC/958486255823747134","7811","https://mnregaweb4.nic.in/nregaarch/View_NMMS_atten_date_dtl_rpt.aspx?page=&short_name=UP&state_name=UTTAR%20PRADESH&state_code=31&district_name=BASTI&district_code=3153&block_name=KUDARAHA&block_code=3153013&panchayat_name=JIBHIYAV&panchayat_code=3153013062&fin_year=2025-2026&source=&work_code=3153013062/RC/958486255823747134&msr_no=7811&AttendanceDate=25/03/2026&Digest=hLy0w+7yiORbjsOt4j2Cnw",9
"BASTI","KUDARAHA","TENUA","3153013064/LD/958486255825009974","7568","https://mnregaweb4.nic.in/nregaarch/View_NMMS_atten_date_dtl_rpt.aspx?page=&short_name=UP&state_name=UTTAR%20PRADESH&state_code=31&district_name=BASTI&district_code=3153&block_name=KUDARAHA&block_code=3153013&panchayat_name=TENUA&panchayat_code=3153013064&fin_year=2025-2026&source=&work_code=3153013064/LD/958486255825009974&msr_no=7568&AttendanceDate=25/03/2026&Digest=EB0A/AcZhV5QTfRuSjGFOw",10
"BASTI","KUDARAHA","TENUA","3153013064/LD/958486255825009974","7571","https://mnregaweb4.nic.in/nregaarch/View_NMMS_atten_date_dtl_rpt.aspx?page=&short_name=UP&state_name=UTTAR%20PRADESH&state_code=31&district_name=BASTI&district_code=3153&block_name=KUDARAHA&block_code=3153013&panchayat_name=TENUA&panchayat_code=3153013064&fin_year=2025-2026&source=&work_code=3153013064/LD/958486255825009974&msr_no=7571&AttendanceDate=25/03/2026&Digest=OwSJSMdqw4wjiXXzQHAbcA",10
"BASTI","KUDARAHA","PIPARPATI EHATMALI","3153013071/RC/958486255823700979","7933","https://mnregaweb4.nic.in/nregaarch/View_NMMS_atten_date_dtl_rpt.aspx?page=&short_name=UP&state_name=UTTAR%20PRADESH&state_code=31&district_name=BASTI&district_code=3153&block_name=KUDARAHA&block_code=3153013&panchayat_name=PIPARPATI%20EHATMALI&panchayat_code=3153013071&fin_year=2025-2026&source=&work_code=3153013071/RC/958486255823700979&msr_no=7933&AttendanceDate=25/03/2026&Digest=x5bojYC34IxFZmUKUjaiVw",9
"BASTI","KUDARAHA","PIPARPATI EHATMALI","3153013071/RC/958486255823700979","8014","https://mnregaweb4.nic.in/nregaarch/View_NMMS_atten_date_dtl_rpt.aspx?page=&short_name=UP&state_name=UTTAR%20PRADESH&state_code=31&district_name=BASTI&district_code=3153&block_name=KUDARAHA&block_code=3153013&panchayat_name=PIPARPATI%20EHATMALI&panchayat_code=3153013071&fin_year=2025-2026&source=&work_code=3153013071/RC/958486255823700979&msr_no=8014&AttendanceDate=25/03/2026&Digest=Khxd+jJveuIigjSPmJx8MQ",10
"BASTI","KUDARAHA","PIPARPATI EHATMALI","3153013071/RC/958486255823700979","8017","https://mnregaweb4.nic.in/nregaarch/View_NMMS_atten_date_dtl_rpt.aspx?page=&short_name=UP&state_name=UTTAR%20PRADESH&state_code=31&district_name=BASTI&district_code=3153&block_name=KUDARAHA&block_code=3153013&panchayat_name=PIPARPATI%20EHATMALI&panchayat_code=3153013071&fin_year=2025-2026&source=&work_code=3153013071/RC/958486255823700979&msr_no=8017&AttendanceDate=25/03/2026&Digest=BuIQFaZt4Z5jlJ2MR5+8GA",4
"BASTI","KUDARAHA","PIPARPATI EHATMALI","3153013071/RC/958486255823746235","8024","https://mnregaweb4.nic.in/nregaarch/View_NMMS_atten_date_dtl_rpt.aspx?page=&short_name=UP&state_name=UTTAR%20PRADESH&state_code=31&district_name=BASTI&district_code=3153&block_name=KUDARAHA&block_code=3153013&panchayat_name=PIPARPATI%20EHATMALI&panchayat_code=3153013071&fin_year=2025-2026&source=&work_code=3153013071/RC/958486255823746235&msr_no=8024&AttendanceDate=25/03/2026&Digest=7hFyORkCVauxSpSRdL8Ciw",10
"BASTI","KUDARAHA","RAINIYA","3153013076/RC/958486255823733771","7770","https://mnregaweb4.nic.in/nregaarch/View_NMMS_atten_date_dtl_rpt.aspx?page=&short_name=UP&state_name=UTTAR%20PRADESH&state_code=31&district_name=BASTI&district_code=3153&block_name=KUDARAHA&block_code=3153013&panchayat_name=RAINIYA&panchayat_code=3153013076&fin_year=2025-2026&source=&work_code=3153013076/RC/958486255823733771&msr_no=7770&AttendanceDate=25/03/2026&Digest=yl2Vg46Yw4d6hINqerbDKw",3
"BASTI","KUDARAHA","DAIJI","3153013078/LD/958486255824702897","8053","https://mnregaweb4.nic.in/nregaarch/View_NMMS_atten_date_dtl_rpt.aspx?page=&short_name=UP&state_name=UTTAR%20PRADESH&state_code=31&district_name=BASTI&district_code=3153&block_name=KUDARAHA&block_code=3153013&panchayat_name=DAIJI&panchayat_code=3153013078&fin_year=2025-2026&source=&work_code=3153013078/LD/958486255824702897&msr_no=8053&AttendanceDate=25/03/2026&Digest=JWPgYoOOtf/uhFiv5m66iA",9
"BASTI","KUDARAHA","DAIJI","3153013078/RC/958486255823742477","7785","https://mnregaweb4.nic.in/nregaarch/View_NMMS_atten_date_dtl_rpt.aspx?page=&short_name=UP&state_name=UTTAR%20PRADESH&state_code=31&district_name=BASTI&district_code=3153&block_name=KUDARAHA&block_code=3153013&panchayat_name=DAIJI&panchayat_code=3153013078&fin_year=2025-2026&source=&work_code=3153013078/RC/958486255823742477&msr_no=7785&AttendanceDate=25/03/2026&Digest=etyiR+ffhLxabTkNHznlCw",8
"BASTI","KUDARAHA","HATHIYAVKALA","3153013054/RC/958486255823672224","7767","https://mnregaweb4.nic.in/nregaarch/View_NMMS_atten_date_dtl_rpt.aspx?page=&short_name=UP&state_name=UTTAR%20PRADESH&state_code=31&district_name=BASTI&district_code=3153&block_name=KUDARAHA&block_code=3153013&panchayat_name=HATHIYAVKALA&panchayat_code=3153013054&fin_year=2025-2026&source=&work_code=3153013054/RC/958486255823672224&msr_no=7767&AttendanceDate=25/03/2026&Digest=ULwzkA0gHC8hC2ig80CMvA",9
"BASTI","KUDARAHA","HATHIYAVKALA","3153013054/RC/958486255823672226","7661","https://mnregaweb4.nic.in/nregaarch/View_NMMS_atten_date_dtl_rpt.aspx?page=&short_name=UP&state_name=UTTAR%20PRADESH&state_code=31&district_name=BASTI&district_code=3153&block_name=KUDARAHA&block_code=3153013&panchayat_name=HATHIYAVKALA&panchayat_code=3153013054&fin_year=2025-2026&source=&work_code=3153013054/RC/958486255823672226&msr_no=7661&AttendanceDate=25/03/2026&Digest=VjCZ9pATfn4bRX+xVhw8Tg",6
"BASTI","KUDARAHA","PAERMESHWARPUR","3153013056/AV/958486255824182484","8097","https://mnregaweb4.nic.in/nregaarch/View_NMMS_atten_date_dtl_rpt.aspx?page=&short_name=UP&state_name=UTTAR%20PRADESH&state_code=31&district_name=BASTI&district_code=3153&block_name=KUDARAHA&block_code=3153013&panchayat_name=PAERMESHWARPUR&panchayat_code=3153013056&fin_year=2025-2026&source=&work_code=3153013056/AV/958486255824182484&msr_no=8097&AttendanceDate=25/03/2026&Digest=YqfFNPWGll4hZNmfoOPzMw",2
"BASTI","KUDARAHA","MANJHARIYA","3153013057/IC/958486255823686218","8302","https://mnregaweb4.nic.in/nregaarch/View_NMMS_atten_date_dtl_rpt.aspx?page=&short_name=UP&state_name=UTTAR%20PRADESH&state_code=31&district_name=BASTI&district_code=3153&block_name=KUDARAHA&block_code=3153013&panchayat_name=MANJHARIYA&panchayat_code=3153013057&fin_year=2025-2026&source=&work_code=3153013057/IC/958486255823686218&msr_no=8302&AttendanceDate=25/03/2026&Digest=ouNnzR9zkeJpnx+VFUh1+g",6
"BASTI","KUDARAHA","MANJHARIYA","3153013057/LD/958486255824945664","7650","https://mnregaweb4.nic.in/nregaarch/View_NMMS_atten_date_dtl_rpt.aspx?page=&short_name=UP&state_name=UTTAR%20PRADESH&state_code=31&district_name=BASTI&district_code=3153&block_name=KUDARAHA&block_code=3153013&panchayat_name=MANJHARIYA&panchayat_code=3153013057&fin_year=2025-2026&source=&work_code=3153013057/LD/958486255824945664&msr_no=7650&AttendanceDate=25/03/2026&Digest=ORn0gttniwLFR6fhH7tjAQ",10
"BASTI","KUDARAHA","MANJHARIYA","3153013057/RC/958486255823656451","8309","https://mnregaweb4.nic.in/nregaarch/View_NMMS_atten_date_dtl_rpt.aspx?page=&short_name=UP&state_name=UTTAR%20PRADESH&state_code=31&district_name=BASTI&district_code=3153&block_name=KUDARAHA&block_code=3153013&panchayat_name=MANJHARIYA&panchayat_code=3153013057&fin_year=2025-2026&source=&work_code=3153013057/RC/958486255823656451&msr_no=8309&AttendanceDate=25/03/2026&Digest=ePdRCmRtpY1SJo8d85iPEQ",10
"BASTI","KUDARAHA","MANJHARIYA","3153013057/RC/958486255823737799","8259","https://mnregaweb4.nic.in/nregaarch/View_NMMS_atten_date_dtl_rpt.aspx?page=&short_name=UP&state_name=UTTAR%20PRADESH&state_code=31&district_name=BASTI&district_code=3153&block_name=KUDARAHA&block_code=3153013&panchayat_name=MANJHARIYA&panchayat_code=3153013057&fin_year=2025-2026&source=&work_code=3153013057/RC/958486255823737799&msr_no=8259&AttendanceDate=25/03/2026&Digest=DOkQfwXeWg33QU3h9/zTLg",4
"BASTI","KUDARAHA","BAANPUR","3153013059/RC/958486255823694030","8178","https://mnregaweb4.nic.in/nregaarch/View_NMMS_atten_date_dtl_rpt.aspx?page=&short_name=UP&state_name=UTTAR%20PRADESH&state_code=31&district_name=BASTI&district_code=3153&block_name=KUDARAHA&block_code=3153013&panchayat_name=BAANPUR&panchayat_code=3153013059&fin_year=2025-2026&source=&work_code=3153013059/RC/958486255823694030&msr_no=8178&AttendanceDate=25/03/2026&Digest=8z7mz08YBV06f9FytK+SlA",10
"BASTI","KUDARAHA","DIHUKPURA","3153013060/RC/958486255823750160","8082","https://mnregaweb4.nic.in/nregaarch/View_NMMS_atten_date_dtl_rpt.aspx?page=&short_name=UP&state_name=UTTAR%20PRADESH&state_code=31&district_name=BASTI&district_code=3153&block_name=KUDARAHA&block_code=3153013&panchayat_name=DIHUKPURA&panchayat_code=3153013060&fin_year=2025-2026&source=&work_code=3153013060/RC/958486255823750160&msr_no=8082&AttendanceDate=25/03/2026&Digest=DjyO0MSHoW5l01mGWSBvDQ",4
"BASTI","KUDARAHA","TENUA","3153013064/LD/958486255825009970","7574","https://mnregaweb4.nic.in/nregaarch/View_NMMS_atten_date_dtl_rpt.aspx?page=&short_name=UP&state_name=UTTAR%20PRADESH&state_code=31&district_name=BASTI&district_code=3153&block_name=KUDARAHA&block_code=3153013&panchayat_name=TENUA&panchayat_code=3153013064&fin_year=2025-2026&source=&work_code=3153013064/LD/958486255825009970&msr_no=7574&AttendanceDate=25/03/2026&Digest=LHlQQsqAFR36fQRxANUXWQ",10
"BASTI","KUDARAHA","TENUA","3153013064/LD/958486255825009975","7562","https://mnregaweb4.nic.in/nregaarch/View_NMMS_atten_date_dtl_rpt.aspx?page=&short_name=UP&state_name=UTTAR%20PRADESH&state_code=31&district_name=BASTI&district_code=3153&block_name=KUDARAHA&block_code=3153013&panchayat_name=TENUA&panchayat_code=3153013064&fin_year=2025-2026&source=&work_code=3153013064/LD/958486255825009975&msr_no=7562&AttendanceDate=25/03/2026&Digest=RMWo2aifJPesVz+JhTJYgQ",10
"BASTI","KUDARAHA","TENUA","3153013064/LD/958486255825009975","7565","https://mnregaweb4.nic.in/nregaarch/View_NMMS_atten_date_dtl_rpt.aspx?page=&short_name=UP&state_name=UTTAR%20PRADESH&state_code=31&district_name=BASTI&district_code=3153&block_name=KUDARAHA&block_code=3153013&panchayat_name=TENUA&panchayat_code=3153013064&fin_year=2025-2026&source=&work_code=3153013064/LD/958486255825009975&msr_no=7565&AttendanceDate=25/03/2026&Digest=EDBXaASachIwaizP+P8uow",10
"BASTI","KUDARAHA","BAIRARA MUSTAHKAM","3153013065/RC/958486255823740362","7950","https://mnregaweb4.nic.in/nregaarch/View_NMMS_atten_date_dtl_rpt.aspx?page=&short_name=UP&state_name=UTTAR%20PRADESH&state_code=31&district_name=BASTI&district_code=3153&block_name=KUDARAHA&block_code=3153013&panchayat_name=BAIRARA%20MUSTAHKAM&panchayat_code=3153013065&fin_year=2025-2026&source=&work_code=3153013065/RC/958486255823740362&msr_no=7950&AttendanceDate=25/03/2026&Digest=/9SijvYD4jG3K+VQTHm/rw",10
"BASTI","KUDARAHA","PIPARPATI EHATMALI","3153013071/RC/958486255823700975","7672","https://mnregaweb4.nic.in/nregaarch/View_NMMS_atten_date_dtl_rpt.aspx?page=&short_name=UP&state_name=UTTAR%20PRADESH&state_code=31&district_name=BASTI&district_code=3153&block_name=KUDARAHA&block_code=3153013&panchayat_name=PIPARPATI%20EHATMALI&panchayat_code=3153013071&fin_year=2025-2026&source=&work_code=3153013071/RC/958486255823700975&msr_no=7672&AttendanceDate=25/03/2026&Digest=QGj3gc+AaaBJOJ4ehUfwRg",8
"BASTI","KUDARAHA","PIPARPATI EHATMALI","3153013071/RC/958486255823700979","7934","https://mnregaweb4.nic.in/nregaarch/View_NMMS_atten_date_dtl_rpt.aspx?page=&short_name=UP&state_name=UTTAR%20PRADESH&state_code=31&district_name=BASTI&district_code=3153&block_name=KUDARAHA&block_code=3153013&panchayat_name=PIPARPATI%20EHATMALI&panchayat_code=3153013071&fin_year=2025-2026&source=&work_code=3153013071/RC/958486255823700979&msr_no=7934&AttendanceDate=25/03/2026&Digest=d2CMW561khwIjkgH4oJs3w",10
"BASTI","KUDARAHA","PIPARPATI EHATMALI","3153013071/RC/958486255823746233","8257","https://mnregaweb4.nic.in/nregaarch/View_NMMS_atten_date_dtl_rpt.aspx?page=&short_name=UP&state_name=UTTAR%20PRADESH&state_code=31&district_name=BASTI&district_code=3153&block_name=KUDARAHA&block_code=3153013&panchayat_name=PIPARPATI%20EHATMALI&panchayat_code=3153013071&fin_year=2025-2026&source=&work_code=3153013071/RC/958486255823746233&msr_no=8257&AttendanceDate=25/03/2026&Digest=h1BJjFPsCBENXCIH2d3Z4g",9
"BASTI","KUDARAHA","PIPARPATI EHATMALI","3153013071/RC/958486255823751618","8137","https://mnregaweb4.nic.in/nregaarch/View_NMMS_atten_date_dtl_rpt.aspx?page=&short_name=UP&state_name=UTTAR%20PRADESH&state_code=31&district_name=BASTI&district_code=3153&block_name=KUDARAHA&block_code=3153013&panchayat_name=PIPARPATI%20EHATMALI&panchayat_code=3153013071&fin_year=2025-2026&source=&work_code=3153013071/RC/958486255823751618&msr_no=8137&AttendanceDate=25/03/2026&Digest=z03cpq/8nR0BdeG3MRbJNw",4
"BASTI","KUDARAHA","HARKHAILIYA URF MATIYARIA","3153013074/RC/YD/958486255823746860","7877","https://mnregaweb4.nic.in/nregaarch/View_NMMS_atten_date_dtl_rpt.aspx?page=&short_name=UP&state_name=UTTAR%20PRADESH&state_code=31&district_name=BASTI&district_code=3153&block_name=KUDARAHA&block_code=3153013&panchayat_name=HARKHAILIYA%20URF%20MATIYARIA&panchayat_code=3153013074&fin_year=2025-2026&source=&work_code=3153013074/RC/YD/958486255823746860&msr_no=7877&AttendanceDate=25/03/2026&Digest=PWWwn6JZkC0f91187Cpn6g",10
"BASTI","KUDARAHA","HARKHAILIYA URF MATIYARIA","3153013074/RC/YD/958486255823746860","7880","https://mnregaweb4.nic.in/nregaarch/View_NMMS_atten_date_dtl_rpt.aspx?page=&short_name=UP&state_name=UTTAR%20PRADESH&state_code=31&district_name=BASTI&district_code=3153&block_name=KUDARAHA&block_code=3153013&panchayat_name=HARKHAILIYA%20URF%20MATIYARIA&panchayat_code=3153013074&fin_year=2025-2026&source=&work_code=3153013074/RC/YD/958486255823746860&msr_no=7880&AttendanceDate=25/03/2026&Digest=QI+UGaSGrERnKVvw6jG03w",10
"BASTI","KUDARAHA","HARKHAILIYA URF MATIYARIA","3153013074/RC/YD/958486255823746903","7639","https://mnregaweb4.nic.in/nregaarch/View_NMMS_atten_date_dtl_rpt.aspx?page=&short_name=UP&state_name=UTTAR%20PRADESH&state_code=31&district_name=BASTI&district_code=3153&block_name=KUDARAHA&block_code=3153013&panchayat_name=HARKHAILIYA%20URF%20MATIYARIA&panchayat_code=3153013074&fin_year=2025-2026&source=&work_code=3153013074/RC/YD/958486255823746903&msr_no=7639&AttendanceDate=25/03/2026&Digest=4QWS5pBkOlBQNANK9noQUQ",10
"BASTI","KUDARAHA","HARKHAILIYA URF MATIYARIA","3153013074/RC/YD/958486255823746903","7642","https://mnregaweb4.nic.in/nregaarch/View_NMMS_atten_date_dtl_rpt.aspx?page=&short_name=UP&state_name=UTTAR%20PRADESH&state_code=31&district_name=BASTI&district_code=3153&block_name=KUDARAHA&block_code=3153013&panchayat_name=HARKHAILIYA%20URF%20MATIYARIA&panchayat_code=3153013074&fin_year=2025-2026&source=&work_code=3153013074/RC/YD/958486255823746903&msr_no=7642&AttendanceDate=25/03/2026&Digest=HMgHjtyKJAR1qpXBqGbPjw",5
"BASTI","KUDARAHA","RAGHAUPUR","3153013075/RC/958486255823592070","8124","https://mnregaweb4.nic.in/nregaarch/View_NMMS_atten_date_dtl_rpt.aspx?page=&short_name=UP&state_name=UTTAR%20PRADESH&state_code=31&district_name=BASTI&district_code=3153&block_name=KUDARAHA&block_code=3153013&panchayat_name=RAGHAUPUR&panchayat_code=3153013075&fin_year=2025-2026&source=&work_code=3153013075/RC/958486255823592070&msr_no=8124&AttendanceDate=25/03/2026&Digest=tdtxnonYkTkzUJYGGVBFNg",3
"BASTI","KUDARAHA","DAIJI","3153013078/LD/958486255824702897","8052","https://mnregaweb4.nic.in/nregaarch/View_NMMS_atten_date_dtl_rpt.aspx?page=&short_name=UP&state_name=UTTAR%20PRADESH&state_code=31&district_name=BASTI&district_code=3153&block_name=KUDARAHA&block_code=3153013&panchayat_name=DAIJI&panchayat_code=3153013078&fin_year=2025-2026&source=&work_code=3153013078/LD/958486255824702897&msr_no=8052&AttendanceDate=25/03/2026&Digest=M6pjYNR0p+JzJDZ8yiSDBQ",10
"BASTI","KUDARAHA","DAIJI","3153013078/RC/958486255823747071","7788","https://mnregaweb4.nic.in/nregaarch/View_NMMS_atten_date_dtl_rpt.aspx?page=&short_name=UP&state_name=UTTAR%20PRADESH&state_code=31&district_name=BASTI&district_code=3153&block_name=KUDARAHA&block_code=3153013&panchayat_name=DAIJI&panchayat_code=3153013078&fin_year=2025-2026&source=&work_code=3153013078/RC/958486255823747071&msr_no=7788&AttendanceDate=25/03/2026&Digest=EvXXYKbymi33P0Btj0jkmQ",9
"BASTI","PARAS RAMPUR","AMAULI","3153001003/RC/958486255823642575","9496","https://mnregaweb4.nic.in/nregaarch/View_NMMS_atten_date_dtl_rpt.aspx?page=&short_name=UP&state_name=UTTAR%20PRADESH&state_code=31&district_name=BASTI&district_code=3153&block_name=PARAS%20RAMPUR&block_code=3153001&panchayat_name=AMAULI&panchayat_code=3153001003&fin_year=2025-2026&source=&work_code=3153001003/RC/958486255823642575&msr_no=9496&AttendanceDate=25/03/2026&Digest=KukQyUWBQSvt0jVuhwa2FQ",10
"BASTI","PARAS RAMPUR","AMAULI","3153001003/RC/958486255823642575","9499","https://mnregaweb4.nic.in/nregaarch/View_NMMS_atten_date_dtl_rpt.aspx?page=&short_name=UP&state_name=UTTAR%20PRADESH&state_code=31&district_name=BASTI&district_code=3153&block_name=PARAS%20RAMPUR&block_code=3153001&panchayat_name=AMAULI&panchayat_code=3153001003&fin_year=2025-2026&source=&work_code=3153001003/RC/958486255823642575&msr_no=9499&AttendanceDate=25/03/2026&Digest=1GoWup3y07YIQNxRcq6oIg",5
"BASTI","PARAS RAMPUR","ARJANIPUR","3153001004/RC/958486255823734626","9459","https://mnregaweb4.nic.in/nregaarch/View_NMMS_atten_date_dtl_rpt.aspx?page=&short_name=UP&state_name=UTTAR%20PRADESH&state_code=31&district_name=BASTI&district_code=3153&block_name=PARAS%20RAMPUR&block_code=3153001&panchayat_name=ARJANIPUR&panchayat_code=3153001004&fin_year=2025-2026&source=&work_code=3153001004/RC/958486255823734626&msr_no=9459&AttendanceDate=25/03/2026&Digest=Z+hr5QzJq7G9G7RbAqhlgQ",10
"BASTI","PARAS RAMPUR","CHAORI","3153001015/LD/958486255825005262","9374","https://mnregaweb4.nic.in/nregaarch/View_NMMS_atten_date_dtl_rpt.aspx?page=&short_name=UP&state_name=UTTAR%20PRADESH&state_code=31&district_name=BASTI&district_code=3153&block_name=PARAS%20RAMPUR&block_code=3153001&panchayat_name=CHAORI&panchayat_code=3153001015&fin_year=2025-2026&source=&work_code=3153001015/LD/958486255825005262&msr_no=9374&AttendanceDate=25/03/2026&Digest=cYh4Q9/SBpyCO52zjVOkTg",9
"BASTI","PARAS RAMPUR","CHHEDIYAPARA","3153001016/LD/958486255824986999","9584","https://mnregaweb4.nic.in/nregaarch/View_NMMS_atten_date_dtl_rpt.aspx?page=&short_name=UP&state_name=UTTAR%20PRADESH&state_code=31&district_name=BASTI&district_code=3153&block_name=PARAS%20RAMPUR&block_code=3153001&panchayat_name=CHHEDIYAPARA&panchayat_code=3153001016&fin_year=2025-2026&source=&work_code=3153001016/LD/958486255824986999&msr_no=9584&AttendanceDate=25/03/2026&Digest=XnE5R3KhIvYuA+xaxUXzWQ",4
"BASTI","PARAS RAMPUR","CHHEDIYAPARA","3153001016/LD/958486255824986999","9590","https://mnregaweb4.nic.in/nregaarch/View_NMMS_atten_date_dtl_rpt.aspx?page=&short_name=UP&state_name=UTTAR%20PRADESH&state_code=31&district_name=BASTI&district_code=3153&block_name=PARAS%20RAMPUR&block_code=3153001&panchayat_name=CHHEDIYAPARA&panchayat_code=3153001016&fin_year=2025-2026&source=&work_code=3153001016/LD/958486255824986999&msr_no=9590&AttendanceDate=25/03/2026&Digest=FoDzUFnQPPJjUyNU+dUE8A",9
"BASTI","PARAS RAMPUR","GAURA PANDAY","3153001027/WC/958486255824209503","9401","https://mnregaweb4.nic.in/nregaarch/View_NMMS_atten_date_dtl_rpt.aspx?page=&short_name=UP&state_name=UTTAR%20PRADESH&state_code=31&district_name=BASTI&district_code=3153&block_name=PARAS%20RAMPUR&block_code=3153001&panchayat_name=GAURA%20PANDAY&panchayat_code=3153001027&fin_year=2025-2026&source=&work_code=3153001027/WC/958486255824209503&msr_no=9401&AttendanceDate=25/03/2026&Digest=bmu2UNVVydgJPsxbGBQ5uQ",10
"BASTI","PARAS RAMPUR","GAURA PANDAY","3153001027/WC/958486255824209503","9404","https://mnregaweb4.nic.in/nregaarch/View_NMMS_atten_date_dtl_rpt.aspx?page=&short_name=UP&state_name=UTTAR%20PRADESH&state_code=31&district_name=BASTI&district_code=3153&block_name=PARAS%20RAMPUR&block_code=3153001&panchayat_name=GAURA%20PANDAY&panchayat_code=3153001027&fin_year=2025-2026&source=&work_code=3153001027/WC/958486255824209503&msr_no=9404&AttendanceDate=25/03/2026&Digest=p06ZEBUZvVDZ8Bs+lABzIA",6
"BASTI","PARAS RAMPUR","KARIGHNA","3153001038/RC/958486255823697763","9671","https://mnregaweb4.nic.in/nregaarch/View_NMMS_atten_date_dtl_rpt.aspx?page=&short_name=UP&state_name=UTTAR%20PRADESH&state_code=31&district_name=BASTI&district_code=3153&block_name=PARAS%20RAMPUR&block_code=3153001&panchayat_name=KARIGHNA&panchayat_code=3153001038&fin_year=2025-2026&source=&work_code=3153001038/RC/958486255823697763&msr_no=9671&AttendanceDate=25/03/2026&Digest=x4Wd9ILVVpZ/0MlOTL4WFA",9
"BASTI","PARAS RAMPUR","KHAMARIYA","3153001041/WC/958486255824229095","9441","https://mnregaweb4.nic.in/nregaarch/View_NMMS_atten_date_dtl_rpt.aspx?page=&short_name=UP&state_name=UTTAR%20PRADESH&state_code=31&district_name=BASTI&district_code=3153&block_name=PARAS%20RAMPUR&block_code=3153001&panchayat_name=KHAMARIYA&panchayat_code=3153001041&fin_year=2025-2026&source=&work_code=3153001041/WC/958486255824229095&msr_no=9441&AttendanceDate=25/03/2026&Digest=Rh3NHH8Rdgbdt6OMsxnG3A",3
"BASTI","PARAS RAMPUR","LOHRAULI","3153001046/RC/958486255823686639","9560","https://mnregaweb4.nic.in/nregaarch/View_NMMS_atten_date_dtl_rpt.aspx?page=&short_name=UP&state_name=UTTAR%20PRADESH&state_code=31&district_name=BASTI&district_code=3153&block_name=PARAS%20RAMPUR&block_code=3153001&panchayat_name=LOHRAULI&panchayat_code=3153001046&fin_year=2025-2026&source=&work_code=3153001046/RC/958486255823686639&msr_no=9560&AttendanceDate=25/03/2026&Digest=DvwAkpviHO7GVo3/UfiaRQ",7
"BASTI","PARAS RAMPUR","NANADNAGAR","3153001056/WH/958486255823988945","9522","https://mnregaweb4.nic.in/nregaarch/View_NMMS_atten_date_dtl_rpt.aspx?page=&short_name=UP&state_name=UTTAR%20PRADESH&state_code=31&district_name=BASTI&district_code=3153&block_name=PARAS%20RAMPUR&block_code=3153001&panchayat_name=NANADNAGAR&panchayat_code=3153001056&fin_year=2025-2026&source=&work_code=3153001056/WH/958486255823988945&msr_no=9522&AttendanceDate=25/03/2026&Digest=Qf2m8G9DMOGprTv+K4LHPQ",10
"BASTI","PARAS RAMPUR","NANADNAGAR","3153001056/WH/958486255823988945","9525","https://mnregaweb4.nic.in/nregaarch/View_NMMS_atten_date_dtl_rpt.aspx?page=&short_name=UP&state_name=UTTAR%20PRADESH&state_code=31&district_name=BASTI&district_code=3153&block_name=PARAS%20RAMPUR&block_code=3153001&panchayat_name=NANADNAGAR&panchayat_code=3153001056&fin_year=2025-2026&source=&work_code=3153001056/WH/958486255823988945&msr_no=9525&AttendanceDate=25/03/2026&Digest=v7z9T8fbsbpd8PEAx4N96Q",9
"BASTI","PARAS RAMPUR","PADARI BABU","3153001062/LD/958486255824958230","9427","https://mnregaweb4.nic.in/nregaarch/View_NMMS_atten_date_dtl_rpt.aspx?page=&short_name=UP&state_name=UTTAR%20PRADESH&state_code=31&district_name=BASTI&district_code=3153&block_name=PARAS%20RAMPUR&block_code=3153001&panchayat_name=PADARI%20BABU&panchayat_code=3153001062&fin_year=2025-2026&source=&work_code=3153001062/LD/958486255824958230&msr_no=9427&AttendanceDate=25/03/2026&Digest=j+z4bn2LUAWklgUdfPpODQ",10
"BASTI","PARAS RAMPUR","PADARI BABU","3153001062/RC/958486255823743924","9397","https://mnregaweb4.nic.in/nregaarch/View_NMMS_atten_date_dtl_rpt.aspx?page=&short_name=UP&state_name=UTTAR%20PRADESH&state_code=31&district_name=BASTI&district_code=3153&block_name=PARAS%20RAMPUR&block_code=3153001&panchayat_name=PADARI%20BABU&panchayat_code=3153001062&fin_year=2025-2026&source=&work_code=3153001062/RC/958486255823743924&msr_no=9397&AttendanceDate=25/03/2026&Digest=aXZ3+f1NEnsOs38KvIrXAA",2
"BASTI","KUDARAHA","KORMA","3153013029/LD/958486255824959030","7761","https://mnregaweb4.nic.in/nregaarch/View_NMMS_atten_date_dtl_rpt.aspx?page=&short_name=UP&state_name=UTTAR%20PRADESH&state_code=31&district_name=BASTI&district_code=3153&block_name=KUDARAHA&block_code=3153013&panchayat_name=KORMA&panchayat_code=3153013029&fin_year=2025-2026&source=&work_code=3153013029/LD/958486255824959030&msr_no=7761&AttendanceDate=25/03/2026&Digest=Z3bze9ojMzGNWsyHwr5PeQ",9
"BASTI","KUDARAHA","KORMA","3153013029/LD/958486255824959032","7763","https://mnregaweb4.nic.in/nregaarch/View_NMMS_atten_date_dtl_rpt.aspx?page=&short_name=UP&state_name=UTTAR%20PRADESH&state_code=31&district_name=BASTI&district_code=3153&block_name=KUDARAHA&block_code=3153013&panchayat_name=KORMA&panchayat_code=3153013029&fin_year=2025-2026&source=&work_code=3153013029/LD/958486255824959032&msr_no=7763&AttendanceDate=25/03/2026&Digest=v7rkKPv+s/BAZ+iVMFgA7Q",7
"BASTI","KUDARAHA","AMAIPAR","3153013032/IC/958486255823726741","7835","https://mnregaweb4.nic.in/nregaarch/View_NMMS_atten_date_dtl_rpt.aspx?page=&short_name=UP&state_name=UTTAR%20PRADESH&state_code=31&district_name=BASTI&district_code=3153&block_name=KUDARAHA&block_code=3153013&panchayat_name=AMAIPAR&panchayat_code=3153013032&fin_year=2025-2026&source=&work_code=3153013032/IC/958486255823726741&msr_no=7835&AttendanceDate=25/03/2026&Digest=5ES/p4oK9ddgR1nL6kjOKw",9
"BASTI","KUDARAHA","AMAIPAR","3153013032/IC/958486255823726741","7838","https://mnregaweb4.nic.in/nregaarch/View_NMMS_atten_date_dtl_rpt.aspx?page=&short_name=UP&state_name=UTTAR%20PRADESH&state_code=31&district_name=BASTI&district_code=3153&block_name=KUDARAHA&block_code=3153013&panchayat_name=AMAIPAR&panchayat_code=3153013032&fin_year=2025-2026&source=&work_code=3153013032/IC/958486255823726741&msr_no=7838&AttendanceDate=25/03/2026&Digest=e+pMBXK+U8+mTb6Pj68T8Q",9
"BASTI","KUDARAHA","AMAIPAR","3153013032/RC/958486255823694991","7830","https://mnregaweb4.nic.in/nregaarch/View_NMMS_atten_date_dtl_rpt.aspx?page=&short_name=UP&state_name=UTTAR%20PRADESH&state_code=31&district_name=BASTI&district_code=3153&block_name=KUDARAHA&block_code=3153013&panchayat_name=AMAIPAR&panchayat_code=3153013032&fin_year=2025-2026&source=&work_code=3153013032/RC/958486255823694991&msr_no=7830&AttendanceDate=25/03/2026&Digest=Ee9KSutdtIJgHENAhjUNXQ",10
"BASTI","KUDARAHA","AMAIPAR","3153013032/RC/958486255823694994","7940","https://mnregaweb4.nic.in/nregaarch/View_NMMS_atten_date_dtl_rpt.aspx?page=&short_name=UP&state_name=UTTAR%20PRADESH&state_code=31&district_name=BASTI&district_code=3153&block_name=KUDARAHA&block_code=3153013&panchayat_name=AMAIPAR&panchayat_code=3153013032&fin_year=2025-2026&source=&work_code=3153013032/RC/958486255823694994&msr_no=7940&AttendanceDate=25/03/2026&Digest=NmrzWQ1/BN+0Mj94QUPrkg",9
"BASTI","KUDARAHA","AMAIPAR","3153013032/RC/958486255823694994","7943","https://mnregaweb4.nic.in/nregaarch/View_NMMS_atten_date_dtl_rpt.aspx?page=&short_name=UP&state_name=UTTAR%20PRADESH&state_code=31&district_name=BASTI&district_code=3153&block_name=KUDARAHA&block_code=3153013&panchayat_name=AMAIPAR&panchayat_code=3153013032&fin_year=2025-2026&source=&work_code=3153013032/RC/958486255823694994&msr_no=7943&AttendanceDate=25/03/2026&Digest=+LZZpkzlwLOXW9SkL6dRnw",5
"BASTI","KUDARAHA","AMAIPAR","3153013032/RC/958486255823695002","7841","https://mnregaweb4.nic.in/nregaarch/View_NMMS_atten_date_dtl_rpt.aspx?page=&short_name=UP&state_name=UTTAR%20PRADESH&state_code=31&district_name=BASTI&district_code=3153&block_name=KUDARAHA&block_code=3153013&panchayat_name=AMAIPAR&panchayat_code=3153013032&fin_year=2025-2026&source=&work_code=3153013032/RC/958486255823695002&msr_no=7841&AttendanceDate=25/03/2026&Digest=1lxF5iPjclUlKLFTxc72Eg",5
"BASTI","KUDARAHA","AMAIPAR","3153013032/RC/958486255823735251","7914","https://mnregaweb4.nic.in/nregaarch/View_NMMS_atten_date_dtl_rpt.aspx?page=&short_name=UP&state_name=UTTAR%20PRADESH&state_code=31&district_name=BASTI&district_code=3153&block_name=KUDARAHA&block_code=3153013&panchayat_name=AMAIPAR&panchayat_code=3153013032&fin_year=2025-2026&source=&work_code=3153013032/RC/958486255823735251&msr_no=7914&AttendanceDate=25/03/2026&Digest=uV5QRQtmS67xeahGm5XIyg",9
"BASTI","KUDARAHA","JAGANNATHPUR","3153013035/LD/958486255824982494","8005","https://mnregaweb4.nic.in/nregaarch/View_NMMS_atten_date_dtl_rpt.aspx?page=&short_name=UP&state_name=UTTAR%20PRADESH&state_code=31&district_name=BASTI&district_code=3153&block_name=KUDARAHA&block_code=3153013&panchayat_name=JAGANNATHPUR&panchayat_code=3153013035&fin_year=2025-2026&source=&work_code=3153013035/LD/958486255824982494&msr_no=8005&AttendanceDate=25/03/2026&Digest=2YNDu2ZA0yaqPeC5EydsBg",10
"BASTI","KUDARAHA","JAGANNATHPUR","3153013035/LD/958486255824982494","8008","https://mnregaweb4.nic.in/nregaarch/View_NMMS_atten_date_dtl_rpt.aspx?page=&short_name=UP&state_name=UTTAR%20PRADESH&state_code=31&district_name=BASTI&district_code=3153&block_name=KUDARAHA&block_code=3153013&panchayat_name=JAGANNATHPUR&panchayat_code=3153013035&fin_year=2025-2026&source=&work_code=3153013035/LD/958486255824982494&msr_no=8008&AttendanceDate=25/03/2026&Digest=4JseGrL2sTW1i4p43/HP8w",8
"BASTI","KUDARAHA","JAGANNATHPUR","3153013035/RC/958486255823748456","7739","https://mnregaweb4.nic.in/nregaarch/View_NMMS_atten_date_dtl_rpt.aspx?page=&short_name=UP&state_name=UTTAR%20PRADESH&state_code=31&district_name=BASTI&district_code=3153&block_name=KUDARAHA&block_code=3153013&panchayat_name=JAGANNATHPUR&panchayat_code=3153013035&fin_year=2025-2026&source=&work_code=3153013035/RC/958486255823748456&msr_no=7739&AttendanceDate=25/03/2026&Digest=WogENK++rDyjDaiBJ+wVHg",7
"BASTI","KUDARAHA","DELHWA","3153013037/RC/958486255823745217","7885","https://mnregaweb4.nic.in/nregaarch/View_NMMS_atten_date_dtl_rpt.aspx?page=&short_name=UP&state_name=UTTAR%20PRADESH&state_code=31&district_name=BASTI&district_code=3153&block_name=KUDARAHA&block_code=3153013&panchayat_name=DELHWA&panchayat_code=3153013037&fin_year=2025-2026&source=&work_code=3153013037/RC/958486255823745217&msr_no=7885&AttendanceDate=25/03/2026&Digest=Xr44ighJ85tBmzQ9SDyMFw",6
"BASTI","KUDARAHA","DELHWA","3153013037/RC/958486255823745217","7888","https://mnregaweb4.nic.in/nregaarch/View_NMMS_atten_date_dtl_rpt.aspx?page=&short_name=UP&state_name=UTTAR%20PRADESH&state_code=31&district_name=BASTI&district_code=3153&block_name=KUDARAHA&block_code=3153013&panchayat_name=DELHWA&panchayat_code=3153013037&fin_year=2025-2026&source=&work_code=3153013037/RC/958486255823745217&msr_no=7888&AttendanceDate=25/03/2026&Digest=FgSRpX+3EehTHVDAm6EEmQ",5
"BASTI","KUDARAHA","MADHOPUR","3153013038/RC/958486255823728641","8167","https://mnregaweb4.nic.in/nregaarch/View_NMMS_atten_date_dtl_rpt.aspx?page=&short_name=UP&state_name=UTTAR%20PRADESH&state_code=31&district_name=BASTI&district_code=3153&block_name=KUDARAHA&block_code=3153013&panchayat_name=MADHOPUR&panchayat_code=3153013038&fin_year=2025-2026&source=&work_code=3153013038/RC/958486255823728641&msr_no=8167&AttendanceDate=25/03/2026&Digest=LNP7W7RSWxUktDlU0/T23w",2
"BASTI","KUDARAHA","MADHOPUR","3153013038/RC/958486255823735299","7579","https://mnregaweb4.nic.in/nregaarch/View_NMMS_atten_date_dtl_rpt.aspx?page=&short_name=UP&state_name=UTTAR%20PRADESH&state_code=31&district_name=BASTI&district_code=3153&block_name=KUDARAHA&block_code=3153013&panchayat_name=MADHOPUR&panchayat_code=3153013038&fin_year=2025-2026&source=&work_code=3153013038/RC/958486255823735299&msr_no=7579&AttendanceDate=25/03/2026&Digest=GgTyADiAOjWtepYhwGckKQ",1
"BASTI","KUDARAHA","BARTANIYA","3153013040/AV/958486255824155477","7959","https://mnregaweb4.nic.in/nregaarch/View_NMMS_atten_date_dtl_rpt.aspx?page=&short_name=UP&state_name=UTTAR%20PRADESH&state_code=31&district_name=BASTI&district_code=3153&block_name=KUDARAHA&block_code=3153013&panchayat_name=BARTANIYA&panchayat_code=3153013040&fin_year=2025-2026&source=&work_code=3153013040/AV/958486255824155477&msr_no=7959&AttendanceDate=25/03/2026&Digest=9xynvarQs7mX2GwG1Z4r1Q",10
"BASTI","KUDARAHA","BARTANIYA","3153013040/LD/958486255824900453","7926","https://mnregaweb4.nic.in/nregaarch/View_NMMS_atten_date_dtl_rpt.aspx?page=&short_name=UP&state_name=UTTAR%20PRADESH&state_code=31&district_name=BASTI&district_code=3153&block_name=KUDARAHA&block_code=3153013&panchayat_name=BARTANIYA&panchayat_code=3153013040&fin_year=2025-2026&source=&work_code=3153013040/LD/958486255824900453&msr_no=7926&AttendanceDate=25/03/2026&Digest=lsy4Gz3e23Zx0Mte+eLGgQ",10
"BASTI","KUDARAHA","MUSARIHA","3153013041/RC/958486255823728278","7598","https://mnregaweb4.nic.in/nregaarch/View_NMMS_atten_date_dtl_rpt.aspx?page=&short_name=UP&state_name=UTTAR%20PRADESH&state_code=31&district_name=BASTI&district_code=3153&block_name=KUDARAHA&block_code=3153013&panchayat_name=MUSARIHA&panchayat_code=3153013041&fin_year=2025-2026&source=&work_code=3153013041/RC/958486255823728278&msr_no=7598&AttendanceDate=25/03/2026&Digest=AO7co4AtHQCgdyPAvHH6JQ",7
"BASTI","KUDARAHA","MUSARIHA","3153013041/RC/958486255823728282","7823","https://mnregaweb4.nic.in/nregaarch/View_NMMS_atten_date_dtl_rpt.aspx?page=&short_name=UP&state_name=UTTAR%20PRADESH&state_code=31&district_name=BASTI&district_code=3153&block_name=KUDARAHA&block_code=3153013&panchayat_name=MUSARIHA&panchayat_code=3153013041&fin_year=2025-2026&source=&work_code=3153013041/RC/958486255823728282&msr_no=7823&AttendanceDate=25/03/2026&Digest=2dboFLU1QqPpuRLWs5u11g",5
"BASTI","KUDARAHA","KABRA KHAS","3153013043/RC/958486255823706795","8131","https://mnregaweb4.nic.in/nregaarch/View_NMMS_atten_date_dtl_rpt.aspx?page=&short_name=UP&state_name=UTTAR%20PRADESH&state_code=31&district_name=BASTI&district_code=3153&block_name=KUDARAHA&block_code=3153013&panchayat_name=KABRA%20KHAS&panchayat_code=3153013043&fin_year=2025-2026&source=&work_code=3153013043/RC/958486255823706795&msr_no=8131&AttendanceDate=25/03/2026&Digest=K1/tgCJ2s0mb3fyhQnllYg",2
"BASTI","KUDARAHA","KABRA KHAS","3153013043/RC/958486255823726579","7753","https://mnregaweb4.nic.in/nregaarch/View_NMMS_atten_date_dtl_rpt.aspx?page=&short_name=UP&state_name=UTTAR%20PRADESH&state_code=31&district_name=BASTI&district_code=3153&block_name=KUDARAHA&block_code=3153013&panchayat_name=KABRA%20KHAS&panchayat_code=3153013043&fin_year=2025-2026&source=&work_code=3153013043/RC/958486255823726579&msr_no=7753&AttendanceDate=25/03/2026&Digest=wBuVJqBLu82U1SyOkn/n0A",9
"BASTI","KUDARAHA","PASRA","3153013046/LD/958486255824692138","7717","https://mnregaweb4.nic.in/nregaarch/View_NMMS_atten_date_dtl_rpt.aspx?page=&short_name=UP&state_name=UTTAR%20PRADESH&state_code=31&district_name=BASTI&district_code=3153&block_name=KUDARAHA&block_code=3153013&panchayat_name=PASRA&panchayat_code=3153013046&fin_year=2025-2026&source=&work_code=3153013046/LD/958486255824692138&msr_no=7717&AttendanceDate=25/03/2026&Digest=yjC7pxZroioz7lnCfRqfKw",10
"BASTI","KUDARAHA","PASRA","3153013046/LD/958486255824692148","7667","https://mnregaweb4.nic.in/nregaarch/View_NMMS_atten_date_dtl_rpt.aspx?page=&short_name=UP&state_name=UTTAR%20PRADESH&state_code=31&district_name=BASTI&district_code=3153&block_name=KUDARAHA&block_code=3153013&panchayat_name=PASRA&panchayat_code=3153013046&fin_year=2025-2026&source=&work_code=3153013046/LD/958486255824692148&msr_no=7667&AttendanceDate=25/03/2026&Digest=QZlDeLLI3Z4vmMSWCxhovw",9
"BASTI","KUDARAHA","PASRA","3153013046/LD/958486255824692150","7719","https://mnregaweb4.nic.in/nregaarch/View_NMMS_atten_date_dtl_rpt.aspx?page=&short_name=UP&state_name=UTTAR%20PRADESH&state_code=31&district_name=BASTI&district_code=3153&block_name=KUDARAHA&block_code=3153013&panchayat_name=PASRA&panchayat_code=3153013046&fin_year=2025-2026&source=&work_code=3153013046/LD/958486255824692150&msr_no=7719&AttendanceDate=25/03/2026&Digest=cqigjs3g76eSUhXsqxYQ/w",10
"BASTI","KUDARAHA","PASRA","3153013046/RC/958486255823746516","7964","https://mnregaweb4.nic.in/nregaarch/View_NMMS_atten_date_dtl_rpt.aspx?page=&short_name=UP&state_name=UTTAR%20PRADESH&state_code=31&district_name=BASTI&district_code=3153&block_name=KUDARAHA&block_code=3153013&panchayat_name=PASRA&panchayat_code=3153013046&fin_year=2025-2026&source=&work_code=3153013046/RC/958486255823746516&msr_no=7964&AttendanceDate=25/03/2026&Digest=qRcVtYiE6N2l25fSLsCJlg",3
"BASTI","KUDARAHA","GONAR","3153013049/LD/958486255824621269","7656","https://mnregaweb4.nic.in/nregaarch/View_NMMS_atten_date_dtl_rpt.aspx?page=&short_name=UP&state_name=UTTAR%20PRADESH&state_code=31&district_name=BASTI&district_code=3153&block_name=KUDARAHA&block_code=3153013&panchayat_name=GONAR&panchayat_code=3153013049&fin_year=2025-2026&source=&work_code=3153013049/LD/958486255824621269&msr_no=7656&AttendanceDate=25/03/2026&Digest=DB/lNsv8+VdCKtL5NjEBkA",1
"BASTI","KUDARAHA","BAISIYA KALA","3153013050/LD/958486255824953603","7712","https://mnregaweb4.nic.in/nregaarch/View_NMMS_atten_date_dtl_rpt.aspx?page=&short_name=UP&state_name=UTTAR%20PRADESH&state_code=31&district_name=BASTI&district_code=3153&block_name=KUDARAHA&block_code=3153013&panchayat_name=BAISIYA%20KALA&panchayat_code=3153013050&fin_year=2025-2026&source=&work_code=3153013050/LD/958486255824953603&msr_no=7712&AttendanceDate=25/03/2026&Digest=ricZ04C6HGmWQZvVYYcR0Q",8
"BASTI","KUDARAHA","BAISIYA KALA","3153013050/LD/958486255824953603","7715","https://mnregaweb4.nic.in/nregaarch/View_NMMS_atten_date_dtl_rpt.aspx?page=&short_name=UP&state_name=UTTAR%20PRADESH&state_code=31&district_name=BASTI&district_code=3153&block_name=KUDARAHA&block_code=3153013&panchayat_name=BAISIYA%20KALA&panchayat_code=3153013050&fin_year=2025-2026&source=&work_code=3153013050/LD/958486255824953603&msr_no=7715&AttendanceDate=25/03/2026&Digest=+hdJQin2xfrNkWPDHSMzIw",4
"BASTI","KUDARAHA","BAIRARI EHATMALI","3153013052/RC/958486255823747065","8246","https://mnregaweb4.nic.in/nregaarch/View_NMMS_atten_date_dtl_rpt.aspx?page=&short_name=UP&state_name=UTTAR%20PRADESH&state_code=31&district_name=BASTI&district_code=3153&block_name=KUDARAHA&block_code=3153013&panchayat_name=BAIRARI%20EHATMALI&panchayat_code=3153013052&fin_year=2025-2026&source=&work_code=3153013052/RC/958486255823747065&msr_no=8246&AttendanceDate=25/03/2026&Digest=TobUoIfKfyFSu+wBeLEVig",8
"BASTI","KUDARAHA","MANJHARIYA","3153013057/LD/958486255824935540","7655","https://mnregaweb4.nic.in/nregaarch/View_NMMS_atten_date_dtl_rpt.aspx?page=&short_name=UP&state_name=UTTAR%20PRADESH&state_code=31&district_name=BASTI&district_code=3153&block_name=KUDARAHA&block_code=3153013&panchayat_name=MANJHARIYA&panchayat_code=3153013057&fin_year=2025-2026&source=&work_code=3153013057/LD/958486255824935540&msr_no=7655&AttendanceDate=25/03/2026&Digest=zBb6CAX/UM8KxTMAFOnOvw",4
"BASTI","KUDARAHA","MANJHARIYA","3153013057/LD/958486255824935540","7748","https://mnregaweb4.nic.in/nregaarch/View_NMMS_atten_date_dtl_rpt.aspx?page=&short_name=UP&state_name=UTTAR%20PRADESH&state_code=31&district_name=BASTI&district_code=3153&block_name=KUDARAHA&block_code=3153013&panchayat_name=MANJHARIYA&panchayat_code=3153013057&fin_year=2025-2026&source=&work_code=3153013057/LD/958486255824935540&msr_no=7748&AttendanceDate=25/03/2026&Digest=b1STZgn7kuEhDCo33Rf4hw",7
"BASTI","KUDARAHA","MANJHARIYA","3153013057/RC/958486255823656431","8311","https://mnregaweb4.nic.in/nregaarch/View_NMMS_atten_date_dtl_rpt.aspx?page=&short_name=UP&state_name=UTTAR%20PRADESH&state_code=31&district_name=BASTI&district_code=3153&block_name=KUDARAHA&block_code=3153013&panchayat_name=MANJHARIYA&panchayat_code=3153013057&fin_year=2025-2026&source=&work_code=3153013057/RC/958486255823656431&msr_no=8311&AttendanceDate=25/03/2026&Digest=5RKoFSuOPQ2mQoIX4MIhQw",10
"BASTI","KUDARAHA","MANJHARIYA","3153013057/RC/958486255823656442","8305","https://mnregaweb4.nic.in/nregaarch/View_NMMS_atten_date_dtl_rpt.aspx?page=&short_name=UP&state_name=UTTAR%20PRADESH&state_code=31&district_name=BASTI&district_code=3153&block_name=KUDARAHA&block_code=3153013&panchayat_name=MANJHARIYA&panchayat_code=3153013057&fin_year=2025-2026&source=&work_code=3153013057/RC/958486255823656442&msr_no=8305&AttendanceDate=25/03/2026&Digest=UFJNxYjokJsnFpQzp3fVIg",10
"BASTI","KUDARAHA","BAANPUR","3153013059/RC/958486255823694023","8171","https://mnregaweb4.nic.in/nregaarch/View_NMMS_atten_date_dtl_rpt.aspx?page=&short_name=UP&state_name=UTTAR%20PRADESH&state_code=31&district_name=BASTI&district_code=3153&block_name=KUDARAHA&block_code=3153013&panchayat_name=BAANPUR&panchayat_code=3153013059&fin_year=2025-2026&source=&work_code=3153013059/RC/958486255823694023&msr_no=8171&AttendanceDate=25/03/2026&Digest=5GlZkGfcFWSE3mv58mjZMw",5
"BASTI","KUDARAHA","BAANPUR","3153013059/RC/958486255823745463","8189","https://mnregaweb4.nic.in/nregaarch/View_NMMS_atten_date_dtl_rpt.aspx?page=&short_name=UP&state_name=UTTAR%20PRADESH&state_code=31&district_name=BASTI&district_code=3153&block_name=KUDARAHA&block_code=3153013&panchayat_name=BAANPUR&panchayat_code=3153013059&fin_year=2025-2026&source=&work_code=3153013059/RC/958486255823745463&msr_no=8189&AttendanceDate=25/03/2026&Digest=QAuMYNYy5CwXs6IisM5HiQ",2
"BASTI","KUDARAHA","BAANPUR","3153013059/RC/958486255823745464","8186","https://mnregaweb4.nic.in/nregaarch/View_NMMS_atten_date_dtl_rpt.aspx?page=&short_name=UP&state_name=UTTAR%20PRADESH&state_code=31&district_name=BASTI&district_code=3153&block_name=KUDARAHA&block_code=3153013&panchayat_name=BAANPUR&panchayat_code=3153013059&fin_year=2025-2026&source=&work_code=3153013059/RC/958486255823745464&msr_no=8186&AttendanceDate=25/03/2026&Digest=ah5urU3dkbPI3PEcoiFWOQ",10
"BASTI","KUDARAHA","BAANPUR","3153013059/RC/958486255823745465","8180","https://mnregaweb4.nic.in/nregaarch/View_NMMS_atten_date_dtl_rpt.aspx?page=&short_name=UP&state_name=UTTAR%20PRADESH&state_code=31&district_name=BASTI&district_code=3153&block_name=KUDARAHA&block_code=3153013&panchayat_name=BAANPUR&panchayat_code=3153013059&fin_year=2025-2026&source=&work_code=3153013059/RC/958486255823745465&msr_no=8180&AttendanceDate=25/03/2026&Digest=dE7lASk6GdAFoAgt1DerRQ",9
"BASTI","KUDARAHA","BAANPUR","3153013059/RC/958486255823745465","8183","https://mnregaweb4.nic.in/nregaarch/View_NMMS_atten_date_dtl_rpt.aspx?page=&short_name=UP&state_name=UTTAR%20PRADESH&state_code=31&district_name=BASTI&district_code=3153&block_name=KUDARAHA&block_code=3153013&panchayat_name=BAANPUR&panchayat_code=3153013059&fin_year=2025-2026&source=&work_code=3153013059/RC/958486255823745465&msr_no=8183&AttendanceDate=25/03/2026&Digest=8g+EX5EoUPxZhBYhExDTDA",7
"BASTI","KUDARAHA","DIHUKPURA","3153013060/RC/958486255823750155","7956","https://mnregaweb4.nic.in/nregaarch/View_NMMS_atten_date_dtl_rpt.aspx?page=&short_name=UP&state_name=UTTAR%20PRADESH&state_code=31&district_name=BASTI&district_code=3153&block_name=KUDARAHA&block_code=3153013&panchayat_name=DIHUKPURA&panchayat_code=3153013060&fin_year=2025-2026&source=&work_code=3153013060/RC/958486255823750155&msr_no=7956&AttendanceDate=25/03/2026&Digest=J0o70GIcha/ji4pWKYv49A",4
"BASTI","KUDARAHA","PIPARPATI EHATMALI","3153013071/RC/958486255823746235","8020","https://mnregaweb4.nic.in/nregaarch/View_NMMS_atten_date_dtl_rpt.aspx?page=&short_name=UP&state_name=UTTAR%20PRADESH&state_code=31&district_name=BASTI&district_code=3153&block_name=KUDARAHA&block_code=3153013&panchayat_name=PIPARPATI%20EHATMALI&panchayat_code=3153013071&fin_year=2025-2026&source=&work_code=3153013071/RC/958486255823746235&msr_no=8020&AttendanceDate=25/03/2026&Digest=Y+syOvxbBt/Nn+iS8fdS4g",9
"BASTI","KUDARAHA","RAGHAUPUR","3153013075/LD/958486255824946739","8101","https://mnregaweb4.nic.in/nregaarch/View_NMMS_atten_date_dtl_rpt.aspx?page=&short_name=UP&state_name=UTTAR%20PRADESH&state_code=31&district_name=BASTI&district_code=3153&block_name=KUDARAHA&block_code=3153013&panchayat_name=RAGHAUPUR&panchayat_code=3153013075&fin_year=2025-2026&source=&work_code=3153013075/LD/958486255824946739&msr_no=8101&AttendanceDate=25/03/2026&Digest=g4Kr803B8MKM7crbS+DisA",5
"BASTI","KUDARAHA","RAGHAUPUR","3153013075/RC/958486255823592072","8123","https://mnregaweb4.nic.in/nregaarch/View_NMMS_atten_date_dtl_rpt.aspx?page=&short_name=UP&state_name=UTTAR%20PRADESH&state_code=31&district_name=BASTI&district_code=3153&block_name=KUDARAHA&block_code=3153013&panchayat_name=RAGHAUPUR&panchayat_code=3153013075&fin_year=2025-2026&source=&work_code=3153013075/RC/958486255823592072&msr_no=8123&AttendanceDate=25/03/2026&Digest=mTXigmIW4/BtU+2u6Ec/DA",2
"BASTI","KUDARAHA","UJIYANATPUR","3153013077/RC/958486255823654404","8275","https://mnregaweb4.nic.in/nregaarch/View_NMMS_atten_date_dtl_rpt.aspx?page=&short_name=UP&state_name=UTTAR%20PRADESH&state_code=31&district_name=BASTI&district_code=3153&block_name=KUDARAHA&block_code=3153013&panchayat_name=UJIYANATPUR&panchayat_code=3153013077&fin_year=2025-2026&source=&work_code=3153013077/RC/958486255823654404&msr_no=8275&AttendanceDate=25/03/2026&Digest=Ets//MR6tem6MlSTmR1AoA",10
"BASTI","KUDARAHA","UJIYANATPUR","3153013077/RC/958486255823654404","8278","https://mnregaweb4.nic.in/nregaarch/View_NMMS_atten_date_dtl_rpt.aspx?page=&short_name=UP&state_name=UTTAR%20PRADESH&state_code=31&district_name=BASTI&district_code=3153&block_name=KUDARAHA&block_code=3153013&panchayat_name=UJIYANATPUR&panchayat_code=3153013077&fin_year=2025-2026&source=&work_code=3153013077/RC/958486255823654404&msr_no=8278&AttendanceDate=25/03/2026&Digest=WHHg5zZr1MOJA8F5TU1Ffw",10
"BASTI","KUDARAHA","DAIJI","3153013078/RC/958486255823742477","7784","https://mnregaweb4.nic.in/nregaarch/View_NMMS_atten_date_dtl_rpt.aspx?page=&short_name=UP&state_name=UTTAR%20PRADESH&state_code=31&district_name=BASTI&district_code=3153&block_name=KUDARAHA&block_code=3153013&panchayat_name=DAIJI&panchayat_code=3153013078&fin_year=2025-2026&source=&work_code=3153013078/RC/958486255823742477&msr_no=7784&AttendanceDate=25/03/2026&Digest=9uSp/1PgTyuP1jFD1kf2rA",9
"BASTI","PARAS RAMPUR","AMAULI","3153001003/IC/958486255823689767","9477","https://mnregaweb4.nic.in/nregaarch/View_NMMS_atten_date_dtl_rpt.aspx?page=&short_name=UP&state_name=UTTAR%20PRADESH&state_code=31&district_name=BASTI&district_code=3153&block_name=PARAS%20RAMPUR&block_code=3153001&panchayat_name=AMAULI&panchayat_code=3153001003&fin_year=2025-2026&source=&work_code=3153001003/IC/958486255823689767&msr_no=9477&AttendanceDate=25/03/2026&Digest=lLOcUbrFeUL98anXwzQXqw",10
"BASTI","PARAS RAMPUR","BELBHARIYA","3153001010/RC/958486255823732335","9385","https://mnregaweb4.nic.in/nregaarch/View_NMMS_atten_date_dtl_rpt.aspx?page=&short_name=UP&state_name=UTTAR%20PRADESH&state_code=31&district_name=BASTI&district_code=3153&block_name=PARAS%20RAMPUR&block_code=3153001&panchayat_name=BELBHARIYA&panchayat_code=3153001010&fin_year=2025-2026&source=&work_code=3153001010/RC/958486255823732335&msr_no=9385&AttendanceDate=25/03/2026&Digest=A6HUsvVf5drEGtwDxzOxRw",5
"BASTI","PARAS RAMPUR","BHAISAHAWA","3153001011/RC/958486255823728162","9377","https://mnregaweb4.nic.in/nregaarch/View_NMMS_atten_date_dtl_rpt.aspx?page=&short_name=UP&state_name=UTTAR%20PRADESH&state_code=31&district_name=BASTI&district_code=3153&block_name=PARAS%20RAMPUR&block_code=3153001&panchayat_name=BHAISAHAWA&panchayat_code=3153001011&fin_year=2025-2026&source=&work_code=3153001011/RC/958486255823728162&msr_no=9377&AttendanceDate=25/03/2026&Digest=OxgaYF/5tM9DGuwhe43tOw",7
"BASTI","PARAS RAMPUR","BICHHIYA MISHRA","3153001013/RC/958486255823737450","9362","https://mnregaweb4.nic.in/nregaarch/View_NMMS_atten_date_dtl_rpt.aspx?page=&short_name=UP&state_name=UTTAR%20PRADESH&state_code=31&district_name=BASTI&district_code=3153&block_name=PARAS%20RAMPUR&block_code=3153001&panchayat_name=BICHHIYA%20MISHRA&panchayat_code=3153001013&fin_year=2025-2026&source=&work_code=3153001013/RC/958486255823737450&msr_no=9362&AttendanceDate=25/03/2026&Digest=rGg4SBjCzW9gmrAMXgz52w",10
"BASTI","PARAS RAMPUR","BICHNAIYA PANDEY","3153001014/RC/958486255823701145","9531","https://mnregaweb4.nic.in/nregaarch/View_NMMS_atten_date_dtl_rpt.aspx?page=&short_name=UP&state_name=UTTAR%20PRADESH&state_code=31&district_name=BASTI&district_code=3153&block_name=PARAS%20RAMPUR&block_code=3153001&panchayat_name=BICHNAIYA%20PANDEY&panchayat_code=3153001014&fin_year=2025-2026&source=&work_code=3153001014/RC/958486255823701145&msr_no=9531&AttendanceDate=25/03/2026&Digest=ZKhlhq2RCRUivfsbsgg+hw",7
"BASTI","PARAS RAMPUR","DHURDA JANGAL","3153001021/RC/958486255823727458","9304","https://mnregaweb4.nic.in/nregaarch/View_NMMS_atten_date_dtl_rpt.aspx?page=&short_name=UP&state_name=UTTAR%20PRADESH&state_code=31&district_name=BASTI&district_code=3153&block_name=PARAS%20RAMPUR&block_code=3153001&panchayat_name=DHURDA%20JANGAL&panchayat_code=3153001021&fin_year=2025-2026&source=&work_code=3153001021/RC/958486255823727458&msr_no=9304&AttendanceDate=25/03/2026&Digest=mBiVy9S4fyZUr+7BRci0hA",3
"BASTI","PARAS RAMPUR","KARIGHNA","3153001038/LD/958486255824982417","9673","https://mnregaweb4.nic.in/nregaarch/View_NMMS_atten_date_dtl_rpt.aspx?page=&short_name=UP&state_name=UTTAR%20PRADESH&state_code=31&district_name=BASTI&district_code=3153&block_name=PARAS%20RAMPUR&block_code=3153001&panchayat_name=KARIGHNA&panchayat_code=3153001038&fin_year=2025-2026&source=&work_code=3153001038/LD/958486255824982417&msr_no=9673&AttendanceDate=25/03/2026&Digest=WZXgB/5+A/G4gc+RsA37tA",10
"BASTI","PARAS RAMPUR","LAKSHIMANPUR KUNWAR","3153001042/RC/958486255823724120","9283","https://mnregaweb4.nic.in/nregaarch/View_NMMS_atten_date_dtl_rpt.aspx?page=&short_name=UP&state_name=UTTAR%20PRADESH&state_code=31&district_name=BASTI&district_code=3153&block_name=PARAS%20RAMPUR&block_code=3153001&panchayat_name=LAKSHIMANPUR%20KUNWAR&panchayat_code=3153001042&fin_year=2025-2026&source=&work_code=3153001042/RC/958486255823724120&msr_no=9283&AttendanceDate=25/03/2026&Digest=VaHAy8oUmUOCurWxRp69hQ",3
"BASTI","PARAS RAMPUR","NEVRIRAM BAKSH","3153001060/AV/958486255824160584","9565","https://mnregaweb4.nic.in/nregaarch/View_NMMS_atten_date_dtl_rpt.aspx?page=&short_name=UP&state_name=UTTAR%20PRADESH&state_code=31&district_name=BASTI&district_code=3153&block_name=PARAS%20RAMPUR&block_code=3153001&panchayat_name=NEVRIRAM%20BAKSH&panchayat_code=3153001060&fin_year=2025-2026&source=&work_code=3153001060/AV/958486255824160584&msr_no=9565&AttendanceDate=25/03/2026&Digest=s9JB3OXrbTRRTk+fiXOcHQ",10
"BASTI","PARAS RAMPUR","UJJAINI","3153001081/LD/958486255824971580","9348","https://mnregaweb4.nic.in/nregaarch/View_NMMS_atten_date_dtl_rpt.aspx?page=&short_name=UP&state_name=UTTAR%20PRADESH&state_code=31&district_name=BASTI&district_code=3153&block_name=PARAS%20RAMPUR&block_code=3153001&panchayat_name=UJJAINI&panchayat_code=3153001081&fin_year=2025-2026&source=&work_code=3153001081/LD/958486255824971580&msr_no=9348&AttendanceDate=25/03/2026&Digest=qDqZ8is3ke0fngcQXOYS4Q",9
"BASTI","PARAS RAMPUR","BILARI BHITI","3153001092/WC/958486255823409958","9299","https://mnregaweb4.nic.in/nregaarch/View_NMMS_atten_date_dtl_rpt.aspx?page=&short_name=UP&state_name=UTTAR%20PRADESH&state_code=31&district_name=BASTI&district_code=3153&block_name=PARAS%20RAMPUR&block_code=3153001&panchayat_name=BILARI%20BHITI&panchayat_code=3153001092&fin_year=2025-2026&source=&work_code=3153001092/WC/958486255823409958&msr_no=9299&AttendanceDate=25/03/2026&Digest=weID/cRFMAfLPA0LupzELQ",10
"BASTI","PARAS RAMPUR","BILARI BHITI","3153001092/WC/958486255823409958","9302","https://mnregaweb4.nic.in/nregaarch/View_NMMS_atten_date_dtl_rpt.aspx?page=&short_name=UP&state_name=UTTAR%20PRADESH&state_code=31&district_name=BASTI&district_code=3153&block_name=PARAS%20RAMPUR&block_code=3153001&panchayat_name=BILARI%20BHITI&panchayat_code=3153001092&fin_year=2025-2026&source=&work_code=3153001092/WC/958486255823409958&msr_no=9302&AttendanceDate=25/03/2026&Digest=lOIQ++Bw47ag8pEKoWATIg",5
"BASTI","PARAS RAMPUR","PITUDA","3153001093/RC/958486255823643998","9650","https://mnregaweb4.nic.in/nregaarch/View_NMMS_atten_date_dtl_rpt.aspx?page=&short_name=UP&state_name=UTTAR%20PRADESH&state_code=31&district_name=BASTI&district_code=3153&block_name=PARAS%20RAMPUR&block_code=3153001&panchayat_name=PITUDA&panchayat_code=3153001093&fin_year=2025-2026&source=&work_code=3153001093/RC/958486255823643998&msr_no=9650&AttendanceDate=25/03/2026&Digest=E7GiRjnJRcavFgfBJrIAfw",7
"BASTI","PARAS RAMPUR","RAMPUR NAV NIDHI RAI","3153001096/LD/958486255824671641","9616","https://mnregaweb4.nic.in/nregaarch/View_NMMS_atten_date_dtl_rpt.aspx?page=&short_name=UP&state_name=UTTAR%20PRADESH&state_code=31&district_name=BASTI&district_code=3153&block_name=PARAS%20RAMPUR&block_code=3153001&panchayat_name=RAMPUR%20NAV%20NIDHI%20RAI&panchayat_code=3153001096&fin_year=2025-2026&source=&work_code=3153001096/LD/958486255824671641&msr_no=9616&AttendanceDate=25/03/2026&Digest=YJY/Jc8yWn7DJp4A1hbVZg",10
"BASTI","PARAS RAMPUR","TALHVAPUR","3153001101/RC/958486255823741272","9550","https://mnregaweb4.nic.in/nregaarch/View_NMMS_atten_date_dtl_rpt.aspx?page=&short_name=UP&state_name=UTTAR%20PRADESH&state_code=31&district_name=BASTI&district_code=3153&block_name=PARAS%20RAMPUR&block_code=3153001&panchayat_name=TALHVAPUR&panchayat_code=3153001101&fin_year=2025-2026&source=&work_code=3153001101/RC/958486255823741272&msr_no=9550&AttendanceDate=25/03/2026&Digest=YOddDQ54ej4trfNwkAcwVQ",9
"BASTI","PARAS RAMPUR","JAMOLIYA PANDEY","3153001102/RC/958486255823726351","9526","https://mnregaweb4.nic.in/nregaarch/View_NMMS_atten_date_dtl_rpt.aspx?page=&short_name=UP&state_name=UTTAR%20PRADESH&state_code=31&district_name=BASTI&district_code=3153&block_name=PARAS%20RAMPUR&block_code=3153001&panchayat_name=JAMOLIYA%20PANDEY&panchayat_code=3153001102&fin_year=2025-2026&source=&work_code=3153001102/RC/958486255823726351&msr_no=9526&AttendanceDate=25/03/2026&Digest=Jz7eb7X5OT1DkCKqxZWWAQ",1
"BASTI","PARAS RAMPUR","JAMOLIYA PANDEY","3153001102/RC/958486255823726351","9529","https://mnregaweb4.nic.in/nregaarch/View_NMMS_atten_date_dtl_rpt.aspx?page=&short_name=UP&state_name=UTTAR%20PRADESH&state_code=31&district_name=BASTI&district_code=3153&block_name=PARAS%20RAMPUR&block_code=3153001&panchayat_name=JAMOLIYA%20PANDEY&panchayat_code=3153001102&fin_year=2025-2026&source=&work_code=3153001102/RC/958486255823726351&msr_no=9529&AttendanceDate=25/03/2026&Digest=28VdS94yGhap3B1WiLt3XA",9
"BASTI","PARAS RAMPUR","LACHHIPUR","3153001106/LD/958486255824900960","9288","https://mnregaweb4.nic.in/nregaarch/View_NMMS_atten_date_dtl_rpt.aspx?page=&short_name=UP&state_name=UTTAR%20PRADESH&state_code=31&district_name=BASTI&district_code=3153&block_name=PARAS%20RAMPUR&block_code=3153001&panchayat_name=LACHHIPUR&panchayat_code=3153001106&fin_year=2025-2026&source=&work_code=3153001106/LD/958486255824900960&msr_no=9288&AttendanceDate=25/03/2026&Digest=usTFEifdO0CQaOmv3BCbtA",7
"BASTI","PARAS RAMPUR","LACHHIPUR","3153001106/RC/958486255823730898","9297","https://mnregaweb4.nic.in/nregaarch/View_NMMS_atten_date_dtl_rpt.aspx?page=&short_name=UP&state_name=UTTAR%20PRADESH&state_code=31&district_name=BASTI&district_code=3153&block_name=PARAS%20RAMPUR&block_code=3153001&panchayat_name=LACHHIPUR&panchayat_code=3153001106&fin_year=2025-2026&source=&work_code=3153001106/RC/958486255823730898&msr_no=9297&AttendanceDate=25/03/2026&Digest=Mho+JB2cDjZed1EVNzsWOQ",9
"BASTI","PARAS RAMPUR","LACHHIPUR","3153001106/RC/958486255823743756","9689","https://mnregaweb4.nic.in/nregaarch/View_NMMS_atten_date_dtl_rpt.aspx?page=&short_name=UP&state_name=UTTAR%20PRADESH&state_code=31&district_name=BASTI&district_code=3153&block_name=PARAS%20RAMPUR&block_code=3153001&panchayat_name=LACHHIPUR&panchayat_code=3153001106&fin_year=2025-2026&source=&work_code=3153001106/RC/958486255823743756&msr_no=9689&AttendanceDate=25/03/2026&Digest=PtKwq9Cn2CbyvvwgK4jqlQ",10
"BASTI","RAMNAGAR","AHIRAULA","3153006002/RC/958486255823713516","6144","https://mnregaweb4.nic.in/nregaarch/View_NMMS_atten_date_dtl_rpt.aspx?page=&short_name=UP&state_name=UTTAR%20PRADESH&state_code=31&district_name=BASTI&district_code=3153&block_name=RAMNAGAR&block_code=3153006&panchayat_name=AHIRAULA&panchayat_code=3153006002&fin_year=2025-2026&source=&work_code=3153006002/RC/958486255823713516&msr_no=6144&AttendanceDate=25/03/2026&Digest=2Ih/JkPadmfdUp3J4gIxGA",5
"BASTI","RAMNAGAR","BARGADWA","3153006011/RC/958486255823736485","6201","https://mnregaweb4.nic.in/nregaarch/View_NMMS_atten_date_dtl_rpt.aspx?page=&short_name=UP&state_name=UTTAR%20PRADESH&state_code=31&district_name=BASTI&district_code=3153&block_name=RAMNAGAR&block_code=3153006&panchayat_name=BARGADWA&panchayat_code=3153006011&fin_year=2025-2026&source=&work_code=3153006011/RC/958486255823736485&msr_no=6201&AttendanceDate=25/03/2026&Digest=oAb5LAPodkxvzy6/Io1DYw",4
"BASTI","RAMNAGAR","BARGADWA","3153006011/RC/958486255823738435","6202","https://mnregaweb4.nic.in/nregaarch/View_NMMS_atten_date_dtl_rpt.aspx?page=&short_name=UP&state_name=UTTAR%20PRADESH&state_code=31&district_name=BASTI&district_code=3153&block_name=RAMNAGAR&block_code=3153006&panchayat_name=BARGADWA&panchayat_code=3153006011&fin_year=2025-2026&source=&work_code=3153006011/RC/958486255823738435&msr_no=6202&AttendanceDate=25/03/2026&Digest=dYdSaMcFDU40PNmrw4Yx/w",6
"BASTI","RAMNAGAR","GADAPUR CHAK","3153006026/RC/958486255823750649","6151","https://mnregaweb4.nic.in/nregaarch/View_NMMS_atten_date_dtl_rpt.aspx?page=&short_name=UP&state_name=UTTAR%20PRADESH&state_code=31&district_name=BASTI&district_code=3153&block_name=RAMNAGAR&block_code=3153006&panchayat_name=GADAPUR%20CHAK&panchayat_code=3153006026&fin_year=2025-2026&source=&work_code=3153006026/RC/958486255823750649&msr_no=6151&AttendanceDate=25/03/2026&Digest=YP6/Aldkc/YB+ScpoppBVg",7
"BASTI","RAMNAGAR","MAILANI SAHEB WAJID","3153006041/RC/958486255823577457","6209","https://mnregaweb4.nic.in/nregaarch/View_NMMS_atten_date_dtl_rpt.aspx?page=&short_name=UP&state_name=UTTAR%20PRADESH&state_code=31&district_name=BASTI&district_code=3153&block_name=RAMNAGAR&block_code=3153006&panchayat_name=MAILANI%20SAHEB%20WAJID&panchayat_code=3153006041&fin_year=2025-2026&source=&work_code=3153006041/RC/958486255823577457&msr_no=6209&AttendanceDate=25/03/2026&Digest=BYcgDWPoXX6LipObSojcEQ",1
"BASTI","RAMNAGAR","PARSA KHURD BUJURG URF DARIAPUR JANGAL","3153006050/RC/958486255823751709","6178","https://mnregaweb4.nic.in/nregaarch/View_NMMS_atten_date_dtl_rpt.aspx?page=&short_name=UP&state_name=UTTAR%20PRADESH&state_code=31&district_name=BASTI&district_code=3153&block_name=RAMNAGAR&block_code=3153006&panchayat_name=PARSA%20KHURD%20BUJURG%20URF%20DARIAPUR%20JANGAL&panchayat_code=3153006050&fin_year=2025-2026&source=&work_code=3153006050/RC/958486255823751709&msr_no=6178&AttendanceDate=25/03/2026&Digest=lzHOAJH7rpeptylidwNwDg",6
"BASTI","RAMNAGAR","PARSA KUTUB","3153006051/RC/958486255823741598","6169","https://mnregaweb4.nic.in/nregaarch/View_NMMS_atten_date_dtl_rpt.aspx?page=&short_name=UP&state_name=UTTAR%20PRADESH&state_code=31&district_name=BASTI&district_code=3153&block_name=RAMNAGAR&block_code=3153006&panchayat_name=PARSA%20KUTUB&panchayat_code=3153006051&fin_year=2025-2026&source=&work_code=3153006051/RC/958486255823741598&msr_no=6169&AttendanceDate=25/03/2026&Digest=dpLUxgas4pBrYjCkWWJd+w",7
"BASTI","RAMNAGAR","IBRAHIMCHAK SEKHAPUR","3153006071/RC/958486255823751189","6158","https://mnregaweb4.nic.in/nregaarch/View_NMMS_atten_date_dtl_rpt.aspx?page=&short_name=UP&state_name=UTTAR%20PRADESH&state_code=31&district_name=BASTI&district_code=3153&block_name=RAMNAGAR&block_code=3153006&panchayat_name=IBRAHIMCHAK%20SEKHAPUR&panchayat_code=3153006071&fin_year=2025-2026&source=&work_code=3153006071/RC/958486255823751189&msr_no=6158&AttendanceDate=25/03/2026&Digest=FGWrLTiCrev9Xyam6Zx9GA",1
"BASTI","RAMNAGAR","ATARDIHA","3153006091/RC/958486255823744182","6091","https://mnregaweb4.nic.in/nregaarch/View_NMMS_atten_date_dtl_rpt.aspx?page=&short_name=UP&state_name=UTTAR%20PRADESH&state_code=31&district_name=BASTI&district_code=3153&block_name=RAMNAGAR&block_code=3153006&panchayat_name=ATARDIHA&panchayat_code=3153006091&fin_year=2025-2026&source=&work_code=3153006091/RC/958486255823744182&msr_no=6091&AttendanceDate=25/03/2026&Digest=KbbnAsPdDwWdxkJOOsrZig",4
"BASTI","RUDAULI","BHARAULI","3153008012/RC/958486255823749823","6084","https://mnregaweb4.nic.in/nregaarch/View_NMMS_atten_date_dtl_rpt.aspx?page=&short_name=UP&state_name=UTTAR%20PRADESH&state_code=31&district_name=BASTI&district_code=3153&block_name=RUDAULI&block_code=3153008&panchayat_name=BHARAULI&panchayat_code=3153008012&fin_year=2025-2026&source=&work_code=3153008012/RC/958486255823749823&msr_no=6084&AttendanceDate=25/03/2026&Digest=mQPxH2ywaa+Uf5Hj/3QL2w",8
"BASTI","RUDAULI","BIJALPUR","3153008016/RC/958486255823745796","6207","https://mnregaweb4.nic.in/nregaarch/View_NMMS_atten_date_dtl_rpt.aspx?page=&short_name=UP&state_name=UTTAR%20PRADESH&state_code=31&district_name=BASTI&district_code=3153&block_name=RUDAULI&block_code=3153008&panchayat_name=BIJALPUR&panchayat_code=3153008016&fin_year=2025-2026&source=&work_code=3153008016/RC/958486255823745796&msr_no=6207&AttendanceDate=25/03/2026&Digest=91cy79+yrqU8xDpQrlvyDw",8
"BASTI","RUDAULI","CHHATRIYA","3153008018/RC/958486255823690414","6158","https://mnregaweb4.nic.in/nregaarch/View_NMMS_atten_date_dtl_rpt.aspx?page=&short_name=UP&state_name=UTTAR%20PRADESH&state_code=31&district_name=BASTI&district_code=3153&block_name=RUDAULI&block_code=3153008&panchayat_name=CHHATRIYA&panchayat_code=3153008018&fin_year=2025-2026&source=&work_code=3153008018/RC/958486255823690414&msr_no=6158&AttendanceDate=25/03/2026&Digest=qKIjgQmd2I56J0OW8UOoXg",10
"BASTI","RUDAULI","CHHATRIYA","3153008018/RC/958486255823750102","6162","https://mnregaweb4.nic.in/nregaarch/View_NMMS_atten_date_dtl_rpt.aspx?page=&short_name=UP&state_name=UTTAR%20PRADESH&state_code=31&district_name=BASTI&district_code=3153&block_name=RUDAULI&block_code=3153008&panchayat_name=CHHATRIYA&panchayat_code=3153008018&fin_year=2025-2026&source=&work_code=3153008018/RC/958486255823750102&msr_no=6162&AttendanceDate=25/03/2026&Digest=7Lh5l9QSC1Lxr1kUmRg3ZQ",8
"BASTI","RUDAULI","GOTHWA","3153008028/WH/958486255824013420","6223","https://mnregaweb4.nic.in/nregaarch/View_NMMS_atten_date_dtl_rpt.aspx?page=&short_name=UP&state_name=UTTAR%20PRADESH&state_code=31&district_name=BASTI&district_code=3153&block_name=RUDAULI&block_code=3153008&panchayat_name=GOTHWA&panchayat_code=3153008028&fin_year=2025-2026&source=&work_code=3153008028/WH/958486255824013420&msr_no=6223&AttendanceDate=25/03/2026&Digest=d7EawfBbD5H4rNSgClSC4Q",7
"BASTI","PARAS RAMPUR","DHOSHAR MISHRA","3153001085/RC/958486255823726405","9663","https://mnregaweb4.nic.in/nregaarch/View_NMMS_atten_date_dtl_rpt.aspx?page=&short_name=UP&state_name=UTTAR%20PRADESH&state_code=31&district_name=BASTI&district_code=3153&block_name=PARAS%20RAMPUR&block_code=3153001&panchayat_name=DHOSHAR%20MISHRA&panchayat_code=3153001085&fin_year=2025-2026&source=&work_code=3153001085/RC/958486255823726405&msr_no=9663&AttendanceDate=25/03/2026&Digest=lOc89JxVBmUoYeQlrOx/VQ",10
"BASTI","PARAS RAMPUR","DHOSHAR MISHRA","3153001085/RC/958486255823726405","9666","https://mnregaweb4.nic.in/nregaarch/View_NMMS_atten_date_dtl_rpt.aspx?page=&short_name=UP&state_name=UTTAR%20PRADESH&state_code=31&district_name=BASTI&district_code=3153&block_name=PARAS%20RAMPUR&block_code=3153001&panchayat_name=DHOSHAR%20MISHRA&panchayat_code=3153001085&fin_year=2025-2026&source=&work_code=3153001085/RC/958486255823726405&msr_no=9666&AttendanceDate=25/03/2026&Digest=ARVAO62ClMxZAslTHo6tuw",9
"BASTI","PARAS RAMPUR","DHOSHAR MISHRA","3153001085/WC/958486255824211496","9447","https://mnregaweb4.nic.in/nregaarch/View_NMMS_atten_date_dtl_rpt.aspx?page=&short_name=UP&state_name=UTTAR%20PRADESH&state_code=31&district_name=BASTI&district_code=3153&block_name=PARAS%20RAMPUR&block_code=3153001&panchayat_name=DHOSHAR%20MISHRA&panchayat_code=3153001085&fin_year=2025-2026&source=&work_code=3153001085/WC/958486255824211496&msr_no=9447&AttendanceDate=25/03/2026&Digest=101VE+wzQDoJZQ/Pedu2gA",10
"BASTI","PARAS RAMPUR","MADARIYA BABU","3153001090/RC/958486255823692886","9703","https://mnregaweb4.nic.in/nregaarch/View_NMMS_atten_date_dtl_rpt.aspx?page=&short_name=UP&state_name=UTTAR%20PRADESH&state_code=31&district_name=BASTI&district_code=3153&block_name=PARAS%20RAMPUR&block_code=3153001&panchayat_name=MADARIYA%20BABU	&panchayat_code=3153001090&fin_year=2025-2026&source=&work_code=3153001090/RC/958486255823692886&msr_no=9703&AttendanceDate=25/03/2026&Digest=+oqGoLykdo/Y9EmUcvZsnQ",1
"BASTI","PARAS RAMPUR","MUKUND PUR","3153001091/WC/958486255824209000","9596","https://mnregaweb4.nic.in/nregaarch/View_NMMS_atten_date_dtl_rpt.aspx?page=&short_name=UP&state_name=UTTAR%20PRADESH&state_code=31&district_name=BASTI&district_code=3153&block_name=PARAS%20RAMPUR&block_code=3153001&panchayat_name=MUKUND%20PUR&panchayat_code=3153001091&fin_year=2025-2026&source=&work_code=3153001091/WC/958486255824209000&msr_no=9596&AttendanceDate=25/03/2026&Digest=QLIZz9uv712mBZ7ftpv3Qg",10
"BASTI","PARAS RAMPUR","PITUDA","3153001093/LD/958486255824888940","9683","https://mnregaweb4.nic.in/nregaarch/View_NMMS_atten_date_dtl_rpt.aspx?page=&short_name=UP&state_name=UTTAR%20PRADESH&state_code=31&district_name=BASTI&district_code=3153&block_name=PARAS%20RAMPUR&block_code=3153001&panchayat_name=PITUDA&panchayat_code=3153001093&fin_year=2025-2026&source=&work_code=3153001093/LD/958486255824888940&msr_no=9683&AttendanceDate=25/03/2026&Digest=JqclxZPwTeptZduxczGKOg",9
"BASTI","PARAS RAMPUR","NAGAR BAHERA","3153001103/WH/958486255823989494","9572","https://mnregaweb4.nic.in/nregaarch/View_NMMS_atten_date_dtl_rpt.aspx?page=&short_name=UP&state_name=UTTAR%20PRADESH&state_code=31&district_name=BASTI&district_code=3153&block_name=PARAS%20RAMPUR&block_code=3153001&panchayat_name=NAGAR%20BAHERA&panchayat_code=3153001103&fin_year=2025-2026&source=&work_code=3153001103/WH/958486255823989494&msr_no=9572&AttendanceDate=25/03/2026&Digest=LQrwJo5VTMA/1j+/WM98bA",10
"BASTI","PARAS RAMPUR","LACHHIPUR","3153001106/LD/958486255824828632","9521","https://mnregaweb4.nic.in/nregaarch/View_NMMS_atten_date_dtl_rpt.aspx?page=&short_name=UP&state_name=UTTAR%20PRADESH&state_code=31&district_name=BASTI&district_code=3153&block_name=PARAS%20RAMPUR&block_code=3153001&panchayat_name=LACHHIPUR&panchayat_code=3153001106&fin_year=2025-2026&source=&work_code=3153001106/LD/958486255824828632&msr_no=9521&AttendanceDate=25/03/2026&Digest=X6rIBOwYWqX7ouni7mxD5A",2
"BASTI","PARAS RAMPUR","LACHHIPUR","3153001106/LD/958486255824901004","9292","https://mnregaweb4.nic.in/nregaarch/View_NMMS_atten_date_dtl_rpt.aspx?page=&short_name=UP&state_name=UTTAR%20PRADESH&state_code=31&district_name=BASTI&district_code=3153&block_name=PARAS%20RAMPUR&block_code=3153001&panchayat_name=LACHHIPUR&panchayat_code=3153001106&fin_year=2025-2026&source=&work_code=3153001106/LD/958486255824901004&msr_no=9292&AttendanceDate=25/03/2026&Digest=XhN7OnyzF2LRegbrY2QAGw",10
"BASTI","RAMNAGAR","BANGAWAN","3153006008/LD/958486255825006435","6063","https://mnregaweb4.nic.in/nregaarch/View_NMMS_atten_date_dtl_rpt.aspx?page=&short_name=UP&state_name=UTTAR%20PRADESH&state_code=31&district_name=BASTI&district_code=3153&block_name=RAMNAGAR&block_code=3153006&panchayat_name=BANGAWAN&panchayat_code=3153006008&fin_year=2025-2026&source=&work_code=3153006008/LD/958486255825006435&msr_no=6063&AttendanceDate=25/03/2026&Digest=1gUowx/mVYfENmKRmGpJlA",9
"BASTI","RAMNAGAR","BARGADWA","3153006011/RC/958486255823710213","6203","https://mnregaweb4.nic.in/nregaarch/View_NMMS_atten_date_dtl_rpt.aspx?page=&short_name=UP&state_name=UTTAR%20PRADESH&state_code=31&district_name=BASTI&district_code=3153&block_name=RAMNAGAR&block_code=3153006&panchayat_name=BARGADWA&panchayat_code=3153006011&fin_year=2025-2026&source=&work_code=3153006011/RC/958486255823710213&msr_no=6203&AttendanceDate=25/03/2026&Digest=2uPHkTHC13wxZrHvEK9noQ",7
"BASTI","RAMNAGAR","BHIVAPAR","3153006017/RC/958486255823744393","6014","https://mnregaweb4.nic.in/nregaarch/View_NMMS_atten_date_dtl_rpt.aspx?page=&short_name=UP&state_name=UTTAR%20PRADESH&state_code=31&district_name=BASTI&district_code=3153&block_name=RAMNAGAR&block_code=3153006&panchayat_name=BHIVAPAR&panchayat_code=3153006017&fin_year=2025-2026&source=&work_code=3153006017/RC/958486255823744393&msr_no=6014&AttendanceDate=25/03/2026&Digest=osNBUUrY46tfPsM/3KkUAA",7
"BASTI","RAMNAGAR","CHAISAR","3153006020/WC/958486255824226728","6184","https://mnregaweb4.nic.in/nregaarch/View_NMMS_atten_date_dtl_rpt.aspx?page=&short_name=UP&state_name=UTTAR%20PRADESH&state_code=31&district_name=BASTI&district_code=3153&block_name=RAMNAGAR&block_code=3153006&panchayat_name=CHAISAR&panchayat_code=3153006020&fin_year=2025-2026&source=&work_code=3153006020/WC/958486255824226728&msr_no=6184&AttendanceDate=25/03/2026&Digest=Fj6exZI+1esqA5KenD0wgA",9
"BASTI","RAMNAGAR","LODHAVA","3153006040/LD/958486255824981630","6138","https://mnregaweb4.nic.in/nregaarch/View_NMMS_atten_date_dtl_rpt.aspx?page=&short_name=UP&state_name=UTTAR%20PRADESH&state_code=31&district_name=BASTI&district_code=3153&block_name=RAMNAGAR&block_code=3153006&panchayat_name=LODHAVA&panchayat_code=3153006040&fin_year=2025-2026&source=&work_code=3153006040/LD/958486255824981630&msr_no=6138&AttendanceDate=25/03/2026&Digest=IuVJtvX75pPoKiTXmMt69A",3
"BASTI","RAMNAGAR","MAILANI SAHEB WAJID","3153006041/RC/958486255823577459","6210","https://mnregaweb4.nic.in/nregaarch/View_NMMS_atten_date_dtl_rpt.aspx?page=&short_name=UP&state_name=UTTAR%20PRADESH&state_code=31&district_name=BASTI&district_code=3153&block_name=RAMNAGAR&block_code=3153006&panchayat_name=MAILANI%20SAHEB%20WAJID&panchayat_code=3153006041&fin_year=2025-2026&source=&work_code=3153006041/RC/958486255823577459&msr_no=6210&AttendanceDate=25/03/2026&Digest=FPPXgJg04CKWvNRzqGEAVA",2
"BASTI","RAMNAGAR","KAULPUR","3153006075/RC/958486255823750669","6197","https://mnregaweb4.nic.in/nregaarch/View_NMMS_atten_date_dtl_rpt.aspx?page=&short_name=UP&state_name=UTTAR%20PRADESH&state_code=31&district_name=BASTI&district_code=3153&block_name=RAMNAGAR&block_code=3153006&panchayat_name=KAULPUR&panchayat_code=3153006075&fin_year=2025-2026&source=&work_code=3153006075/RC/958486255823750669&msr_no=6197&AttendanceDate=25/03/2026&Digest=LYbponWOnzoKkgS3q04Utw",2
"BASTI","RAMNAGAR","KOLHUIEE","3153006076/RC/958486255823750755","6204","https://mnregaweb4.nic.in/nregaarch/View_NMMS_atten_date_dtl_rpt.aspx?page=&short_name=UP&state_name=UTTAR%20PRADESH&state_code=31&district_name=BASTI&district_code=3153&block_name=RAMNAGAR&block_code=3153006&panchayat_name=KOLHUIEE&panchayat_code=3153006076&fin_year=2025-2026&source=&work_code=3153006076/RC/958486255823750755&msr_no=6204&AttendanceDate=25/03/2026&Digest=h9oUoZGZs6QQ2N5SggCjZA",9
"BASTI","RUDAULI","DADWA TIWARI","3153008020/RC/958486255823740211","6186","https://mnregaweb4.nic.in/nregaarch/View_NMMS_atten_date_dtl_rpt.aspx?page=&short_name=UP&state_name=UTTAR%20PRADESH&state_code=31&district_name=BASTI&district_code=3153&block_name=RUDAULI&block_code=3153008&panchayat_name=DADWA%20TIWARI&panchayat_code=3153008020&fin_year=2025-2026&source=&work_code=3153008020/RC/958486255823740211&msr_no=6186&AttendanceDate=25/03/2026&Digest=NqPg4rB0xg7QSThvS2XIGA",7
"BASTI","RUDAULI","GOTHWA","3153008028/WH/958486255824013420","6242","https://mnregaweb4.nic.in/nregaarch/View_NMMS_atten_date_dtl_rpt.aspx?page=&short_name=UP&state_name=UTTAR%20PRADESH&state_code=31&district_name=BASTI&district_code=3153&block_name=RUDAULI&block_code=3153008&panchayat_name=GOTHWA&panchayat_code=3153008028&fin_year=2025-2026&source=&work_code=3153008028/WH/958486255824013420&msr_no=6242&AttendanceDate=25/03/2026&Digest=a1vSNMgRnR2Mll5xcxYwqg",5
"BASTI","RUDAULI","HASANI","3153008031/RC/958486255823750097","6250","https://mnregaweb4.nic.in/nregaarch/View_NMMS_atten_date_dtl_rpt.aspx?page=&short_name=UP&state_name=UTTAR%20PRADESH&state_code=31&district_name=BASTI&district_code=3153&block_name=RUDAULI&block_code=3153008&panchayat_name=HASANI&panchayat_code=3153008031&fin_year=2025-2026&source=&work_code=3153008031/RC/958486255823750097&msr_no=6250&AttendanceDate=25/03/2026&Digest=XZh/I+smj4fnRkHD26tuKA",8
"BASTI","RUDAULI","KUDAHI","3153008039/RC/958486255823698713","6102","https://mnregaweb4.nic.in/nregaarch/View_NMMS_atten_date_dtl_rpt.aspx?page=&short_name=UP&state_name=UTTAR%20PRADESH&state_code=31&district_name=BASTI&district_code=3153&block_name=RUDAULI&block_code=3153008&panchayat_name=KUDAHI&panchayat_code=3153008039&fin_year=2025-2026&source=&work_code=3153008039/RC/958486255823698713&msr_no=6102&AttendanceDate=25/03/2026&Digest=ZE+zWDvaPAIP1SF6d8xqKA",10
"BASTI","RUDAULI","MAHUAA PAAR","3153008041/RC/958486255823714155","6176","https://mnregaweb4.nic.in/nregaarch/View_NMMS_atten_date_dtl_rpt.aspx?page=&short_name=UP&state_name=UTTAR%20PRADESH&state_code=31&district_name=BASTI&district_code=3153&block_name=RUDAULI&block_code=3153008&panchayat_name=MAHUAA%20PAAR&panchayat_code=3153008041&fin_year=2025-2026&source=&work_code=3153008041/RC/958486255823714155&msr_no=6176&AttendanceDate=25/03/2026&Digest=5wcJdYJdBswUl6PYIr7FIg",9
"BASTI","RUDAULI","MISHRAULIA BHAIYA","3153008045/RC/958486255823692935","6024","https://mnregaweb4.nic.in/nregaarch/View_NMMS_atten_date_dtl_rpt.aspx?page=&short_name=UP&state_name=UTTAR%20PRADESH&state_code=31&district_name=BASTI&district_code=3153&block_name=RUDAULI&block_code=3153008&panchayat_name=MISHRAULIA%20BHAIYA&panchayat_code=3153008045&fin_year=2025-2026&source=&work_code=3153008045/RC/958486255823692935&msr_no=6024&AttendanceDate=25/03/2026&Digest=jdNnCpzmEFNDXIY8wbscSw",5
"BASTI","RUDAULI","PADARI","3153008052/RC/958486255823713423","6121","https://mnregaweb4.nic.in/nregaarch/View_NMMS_atten_date_dtl_rpt.aspx?page=&short_name=UP&state_name=UTTAR%20PRADESH&state_code=31&district_name=BASTI&district_code=3153&block_name=RUDAULI&block_code=3153008&panchayat_name=PADARI&panchayat_code=3153008052&fin_year=2025-2026&source=&work_code=3153008052/RC/958486255823713423&msr_no=6121&AttendanceDate=25/03/2026&Digest=1/m0Uw8gA9JYGU6clMogjw",2
"BASTI","RUDAULI","PADARI","3153008052/RC/958486255823713425","6115","https://mnregaweb4.nic.in/nregaarch/View_NMMS_atten_date_dtl_rpt.aspx?page=&short_name=UP&state_name=UTTAR%20PRADESH&state_code=31&district_name=BASTI&district_code=3153&block_name=RUDAULI&block_code=3153008&panchayat_name=PADARI&panchayat_code=3153008052&fin_year=2025-2026&source=&work_code=3153008052/RC/958486255823713425&msr_no=6115&AttendanceDate=25/03/2026&Digest=pPq1f2zvYvF9Dbo20fHlXw",5
"BASTI","RUDAULI","PADARI","3153008052/RC/958486255823716448","6117","https://mnregaweb4.nic.in/nregaarch/View_NMMS_atten_date_dtl_rpt.aspx?page=&short_name=UP&state_name=UTTAR%20PRADESH&state_code=31&district_name=BASTI&district_code=3153&block_name=RUDAULI&block_code=3153008&panchayat_name=PADARI&panchayat_code=3153008052&fin_year=2025-2026&source=&work_code=3153008052/RC/958486255823716448&msr_no=6117&AttendanceDate=25/03/2026&Digest=LZVP207rf+vSrlQpzvtReQ",2
"BASTI","RUDAULI","JIGINA","3153008075/RC/958486255823686634","6094","https://mnregaweb4.nic.in/nregaarch/View_NMMS_atten_date_dtl_rpt.aspx?page=&short_name=UP&state_name=UTTAR%20PRADESH&state_code=31&district_name=BASTI&district_code=3153&block_name=RUDAULI&block_code=3153008&panchayat_name=JIGINA&panchayat_code=3153008075&fin_year=2025-2026&source=&work_code=3153008075/RC/958486255823686634&msr_no=6094&AttendanceDate=25/03/2026&Digest=G3MtOoBgYkSERFMJ8LeHaQ",9
"BASTI","SALTAUA GOPAL PUR","AMRAULI SHUMALI","3153007006/DP/958486255824204315","5504","https://mnregaweb4.nic.in/nregaarch/View_NMMS_atten_date_dtl_rpt.aspx?page=&short_name=UP&state_name=UTTAR%20PRADESH&state_code=31&district_name=BASTI&district_code=3153&block_name=SALTAUA%20GOPAL%20PUR&block_code=3153007&panchayat_name=AMRAULI%20SHUMALI&panchayat_code=3153007006&fin_year=2025-2026&source=&work_code=3153007006/DP/958486255824204315&msr_no=5504&AttendanceDate=25/03/2026&Digest=wxoHwF/RXBwitogPvmW3kg",5
"BASTI","SALTAUA GOPAL PUR","BANJARIYA","3153007010/RC/958486255823740667","5441","https://mnregaweb4.nic.in/nregaarch/View_NMMS_atten_date_dtl_rpt.aspx?page=&short_name=UP&state_name=UTTAR%20PRADESH&state_code=31&district_name=BASTI&district_code=3153&block_name=SALTAUA%20GOPAL%20PUR&block_code=3153007&panchayat_name=BANJARIYA&panchayat_code=3153007010&fin_year=2025-2026&source=&work_code=3153007010/RC/958486255823740667&msr_no=5441&AttendanceDate=25/03/2026&Digest=UUQKFCo6VF843/rpK22w6Q",3
"BASTI","SALTAUA GOPAL PUR","GORKHAR","3153007027/RC/958486255823702991","5372","https://mnregaweb4.nic.in/nregaarch/View_NMMS_atten_date_dtl_rpt.aspx?page=&short_name=UP&state_name=UTTAR%20PRADESH&state_code=31&district_name=BASTI&district_code=3153&block_name=SALTAUA%20GOPAL%20PUR&block_code=3153007&panchayat_name=GORKHAR&panchayat_code=3153007027&fin_year=2025-2026&source=&work_code=3153007027/RC/958486255823702991&msr_no=5372&AttendanceDate=25/03/2026&Digest=WuwSIogAD+xghqZqJlodtg",6
"BASTI","SALTAUA GOPAL PUR","JOGIA JUDI KUAIYA","3153007034/WH/958486255824010482","5384","https://mnregaweb4.nic.in/nregaarch/View_NMMS_atten_date_dtl_rpt.aspx?page=&short_name=UP&state_name=UTTAR%20PRADESH&state_code=31&district_name=BASTI&district_code=3153&block_name=SALTAUA%20GOPAL%20PUR&block_code=3153007&panchayat_name=JOGIA%20JUDI%20KUAIYA&panchayat_code=3153007034&fin_year=2025-2026&source=&work_code=3153007034/WH/958486255824010482&msr_no=5384&AttendanceDate=25/03/2026&Digest=DSVcO4xjDP6OwoKRfG5IXw",7
"BASTI","SALTAUA GOPAL PUR","NEWADA","3153007052/RC/958486255823671394","5508","https://mnregaweb4.nic.in/nregaarch/View_NMMS_atten_date_dtl_rpt.aspx?page=&short_name=UP&state_name=UTTAR%20PRADESH&state_code=31&district_name=BASTI&district_code=3153&block_name=SALTAUA%20GOPAL%20PUR&block_code=3153007&panchayat_name=NEWADA&panchayat_code=3153007052&fin_year=2025-2026&source=&work_code=3153007052/RC/958486255823671394&msr_no=5508&AttendanceDate=25/03/2026&Digest=BUiWgAnofc3PTraYbXEd1Q",8
"BASTI","SALTAUA GOPAL PUR","REGI","3153007066/RC/958486255823744632","5522","https://mnregaweb4.nic.in/nregaarch/View_NMMS_atten_date_dtl_rpt.aspx?page=&short_name=UP&state_name=UTTAR%20PRADESH&state_code=31&district_name=BASTI&district_code=3153&block_name=SALTAUA%20GOPAL%20PUR&block_code=3153007&panchayat_name=REGI&panchayat_code=3153007066&fin_year=2025-2026&source=&work_code=3153007066/RC/958486255823744632&msr_no=5522&AttendanceDate=25/03/2026&Digest=ecdCNWjsaxvqe4MS5FeqTA",7
"BASTI","SALTAUA GOPAL PUR","SUBHAI","3153007078/RC/958486255823677087","5499","https://mnregaweb4.nic.in/nregaarch/View_NMMS_atten_date_dtl_rpt.aspx?page=&short_name=UP&state_name=UTTAR%20PRADESH&state_code=31&district_name=BASTI&district_code=3153&block_name=SALTAUA%20GOPAL%20PUR&block_code=3153007&panchayat_name=SUBHAI&panchayat_code=3153007078&fin_year=2025-2026&source=&work_code=3153007078/RC/958486255823677087&msr_no=5499&AttendanceDate=25/03/2026&Digest=kxJq7o0P+hTWNZuyFvAcBg",9
"BASTI","SALTAUA GOPAL PUR","KHARHARA JAPTI","3153007083/IC/958486255823744669","5472","https://mnregaweb4.nic.in/nregaarch/View_NMMS_atten_date_dtl_rpt.aspx?page=&short_name=UP&state_name=UTTAR%20PRADESH&state_code=31&district_name=BASTI&district_code=3153&block_name=SALTAUA%20GOPAL%20PUR&block_code=3153007&panchayat_name=KHARHARA%20JAPTI&panchayat_code=3153007083&fin_year=2025-2026&source=&work_code=3153007083/IC/958486255823744669&msr_no=5472&AttendanceDate=25/03/2026&Digest=47R5+nRskzZhs877UI/PDg",9
"BASTI","SALTAUA GOPAL PUR","KORIYA DIH","3153007086/IC/958486255823742443","5439","https://mnregaweb4.nic.in/nregaarch/View_NMMS_atten_date_dtl_rpt.aspx?page=&short_name=UP&state_name=UTTAR%20PRADESH&state_code=31&district_name=BASTI&district_code=3153&block_name=SALTAUA%20GOPAL%20PUR&block_code=3153007&panchayat_name=KORIYA%20DIH&panchayat_code=3153007086&fin_year=2025-2026&source=&work_code=3153007086/IC/958486255823742443&msr_no=5439&AttendanceDate=25/03/2026&Digest=UXi5/S3cV/jGvLWz2XfS+A",1
"BASTI","SALTAUA GOPAL PUR","MUDBARA","3153007090/LD/958486255825006022","5490","https://mnregaweb4.nic.in/nregaarch/View_NMMS_atten_date_dtl_rpt.aspx?page=&short_name=UP&state_name=UTTAR%20PRADESH&state_code=31&district_name=BASTI&district_code=3153&block_name=SALTAUA%20GOPAL%20PUR&block_code=3153007&panchayat_name=MUDBARA&panchayat_code=3153007090&fin_year=2025-2026&source=&work_code=3153007090/LD/958486255825006022&msr_no=5490&AttendanceDate=25/03/2026&Digest=iUxajvtXwxxemDM7ghbfLA",10
"BASTI","SALTAUA GOPAL PUR","BHIURA","3153007091/LD/958486255825005524","5428","https://mnregaweb4.nic.in/nregaarch/View_NMMS_atten_date_dtl_rpt.aspx?page=&short_name=UP&state_name=UTTAR%20PRADESH&state_code=31&district_name=BASTI&district_code=3153&block_name=SALTAUA%20GOPAL%20PUR&block_code=3153007&panchayat_name=BHIURA&panchayat_code=3153007091&fin_year=2025-2026&source=&work_code=3153007091/LD/958486255825005524&msr_no=5428&AttendanceDate=25/03/2026&Digest=u5SwWJlODRmlL9/Ml/7Qew",4
"BASTI","SAU GHAT","KHAMAHRIYA","3153009035/RC/958486255823730376","3380","https://mnregaweb4.nic.in/nregaarch/View_NMMS_atten_date_dtl_rpt.aspx?page=&short_name=UP&state_name=UTTAR%20PRADESH&state_code=31&district_name=BASTI&district_code=3153&block_name=SAU%20GHAT&block_code=3153009&panchayat_name=KHAMAHRIYA&panchayat_code=3153009035&fin_year=2025-2026&source=&work_code=3153009035/RC/958486255823730376&msr_no=3380&AttendanceDate=25/03/2026&Digest=WzBoUhplfMq6jiQWrEbKoA",7
"BASTI","PARAS RAMPUR","RAGHUPUR","3153001067/IC/958486255823741774","9685","https://mnregaweb4.nic.in/nregaarch/View_NMMS_atten_date_dtl_rpt.aspx?page=&short_name=UP&state_name=UTTAR%20PRADESH&state_code=31&district_name=BASTI&district_code=3153&block_name=PARAS%20RAMPUR&block_code=3153001&panchayat_name=RAGHUPUR&panchayat_code=3153001067&fin_year=2025-2026&source=&work_code=3153001067/IC/958486255823741774&msr_no=9685&AttendanceDate=25/03/2026&Digest=5UYmubTINdAJJMiwzEMngQ",9
"BASTI","PARAS RAMPUR","RAGHUPUR","3153001067/IC/958486255823741774","9688","https://mnregaweb4.nic.in/nregaarch/View_NMMS_atten_date_dtl_rpt.aspx?page=&short_name=UP&state_name=UTTAR%20PRADESH&state_code=31&district_name=BASTI&district_code=3153&block_name=PARAS%20RAMPUR&block_code=3153001&panchayat_name=RAGHUPUR&panchayat_code=3153001067&fin_year=2025-2026&source=&work_code=3153001067/IC/958486255823741774&msr_no=9688&AttendanceDate=25/03/2026&Digest=zWw1U2tdtlqQfIUd80GvIQ",9
"BASTI","PARAS RAMPUR","RAGHUPUR","3153001067/WC/958486255824249956","9411","https://mnregaweb4.nic.in/nregaarch/View_NMMS_atten_date_dtl_rpt.aspx?page=&short_name=UP&state_name=UTTAR%20PRADESH&state_code=31&district_name=BASTI&district_code=3153&block_name=PARAS%20RAMPUR&block_code=3153001&panchayat_name=RAGHUPUR&panchayat_code=3153001067&fin_year=2025-2026&source=&work_code=3153001067/WC/958486255824249956&msr_no=9411&AttendanceDate=25/03/2026&Digest=ADaJLKZUHZcNdKmLeQRhFw",9
"BASTI","PARAS RAMPUR","RAGHVAPUR","3153001068/AV/958486255824184571","9414","https://mnregaweb4.nic.in/nregaarch/View_NMMS_atten_date_dtl_rpt.aspx?page=&short_name=UP&state_name=UTTAR%20PRADESH&state_code=31&district_name=BASTI&district_code=3153&block_name=PARAS%20RAMPUR&block_code=3153001&panchayat_name=RAGHVAPUR&panchayat_code=3153001068&fin_year=2025-2026&source=&work_code=3153001068/AV/958486255824184571&msr_no=9414&AttendanceDate=25/03/2026&Digest=1OIQmzLkYoLJpXNn7xiuRw",8
"BASTI","PARAS RAMPUR","RAGHVAPUR","3153001068/IC/958486255823698240","9589","https://mnregaweb4.nic.in/nregaarch/View_NMMS_atten_date_dtl_rpt.aspx?page=&short_name=UP&state_name=UTTAR%20PRADESH&state_code=31&district_name=BASTI&district_code=3153&block_name=PARAS%20RAMPUR&block_code=3153001&panchayat_name=RAGHVAPUR&panchayat_code=3153001068&fin_year=2025-2026&source=&work_code=3153001068/IC/958486255823698240&msr_no=9589&AttendanceDate=25/03/2026&Digest=HgbZ8JFNuM6qT4jurQ/4uw",2
"BASTI","PARAS RAMPUR","ROHDA","3153001073/RC/958486255823744276","9501","https://mnregaweb4.nic.in/nregaarch/View_NMMS_atten_date_dtl_rpt.aspx?page=&short_name=UP&state_name=UTTAR%20PRADESH&state_code=31&district_name=BASTI&district_code=3153&block_name=PARAS%20RAMPUR&block_code=3153001&panchayat_name=ROHDA&panchayat_code=3153001073&fin_year=2025-2026&source=&work_code=3153001073/RC/958486255823744276&msr_no=9501&AttendanceDate=25/03/2026&Digest=1IzmrpdU7BCHFvd7fdKmDw",6
"BASTI","PARAS RAMPUR","SIRSAHAWA","3153001076/RC/958486255823745716","9533","https://mnregaweb4.nic.in/nregaarch/View_NMMS_atten_date_dtl_rpt.aspx?page=&short_name=UP&state_name=UTTAR%20PRADESH&state_code=31&district_name=BASTI&district_code=3153&block_name=PARAS%20RAMPUR&block_code=3153001&panchayat_name=SIRSAHAWA&panchayat_code=3153001076&fin_year=2025-2026&source=&work_code=3153001076/RC/958486255823745716&msr_no=9533&AttendanceDate=25/03/2026&Digest=agg/7MyI+vnElXfaxAlgFg",10
"BASTI","PARAS RAMPUR","DHOSHAR MISHRA","3153001085/RC/958486255823726405","9664","https://mnregaweb4.nic.in/nregaarch/View_NMMS_atten_date_dtl_rpt.aspx?page=&short_name=UP&state_name=UTTAR%20PRADESH&state_code=31&district_name=BASTI&district_code=3153&block_name=PARAS%20RAMPUR&block_code=3153001&panchayat_name=DHOSHAR%20MISHRA&panchayat_code=3153001085&fin_year=2025-2026&source=&work_code=3153001085/RC/958486255823726405&msr_no=9664&AttendanceDate=25/03/2026&Digest=PShuLPt9vulCSTmR5hT3Tw",10
"BASTI","PARAS RAMPUR","MADARIYA BABU","3153001090/RC/958486255823692886","9702","https://mnregaweb4.nic.in/nregaarch/View_NMMS_atten_date_dtl_rpt.aspx?page=&short_name=UP&state_name=UTTAR%20PRADESH&state_code=31&district_name=BASTI&district_code=3153&block_name=PARAS%20RAMPUR&block_code=3153001&panchayat_name=MADARIYA%20BABU	&panchayat_code=3153001090&fin_year=2025-2026&source=&work_code=3153001090/RC/958486255823692886&msr_no=9702&AttendanceDate=25/03/2026&Digest=hRmCVYPcp7sP2x/UUXU68A",4
"BASTI","PARAS RAMPUR","MUKUND PUR","3153001091/RC/958486255823737822","9694","https://mnregaweb4.nic.in/nregaarch/View_NMMS_atten_date_dtl_rpt.aspx?page=&short_name=UP&state_name=UTTAR%20PRADESH&state_code=31&district_name=BASTI&district_code=3153&block_name=PARAS%20RAMPUR&block_code=3153001&panchayat_name=MUKUND%20PUR&panchayat_code=3153001091&fin_year=2025-2026&source=&work_code=3153001091/RC/958486255823737822&msr_no=9694&AttendanceDate=25/03/2026&Digest=gCcrDtEUJit9eg9hMDo7VQ",6
"BASTI","PARAS RAMPUR","MUKUND PUR","3153001091/WC/958486255824209000","9597","https://mnregaweb4.nic.in/nregaarch/View_NMMS_atten_date_dtl_rpt.aspx?page=&short_name=UP&state_name=UTTAR%20PRADESH&state_code=31&district_name=BASTI&district_code=3153&block_name=PARAS%20RAMPUR&block_code=3153001&panchayat_name=MUKUND%20PUR&panchayat_code=3153001091&fin_year=2025-2026&source=&work_code=3153001091/WC/958486255824209000&msr_no=9597&AttendanceDate=25/03/2026&Digest=q+4Xdo4SU1JljvuC/Gznlw",10
"BASTI","PARAS RAMPUR","SEHARIYA MAGNAPUR","3153001098/AV/958486255824186902","9358","https://mnregaweb4.nic.in/nregaarch/View_NMMS_atten_date_dtl_rpt.aspx?page=&short_name=UP&state_name=UTTAR%20PRADESH&state_code=31&district_name=BASTI&district_code=3153&block_name=PARAS%20RAMPUR&block_code=3153001&panchayat_name=SEHARIYA%20MAGNAPUR&panchayat_code=3153001098&fin_year=2025-2026&source=&work_code=3153001098/AV/958486255824186902&msr_no=9358&AttendanceDate=25/03/2026&Digest=5omWYy17JbqCIY8d7tjSZg",5
"BASTI","PARAS RAMPUR","NAGAR BAHERA","3153001103/WH/958486255823989494","9574","https://mnregaweb4.nic.in/nregaarch/View_NMMS_atten_date_dtl_rpt.aspx?page=&short_name=UP&state_name=UTTAR%20PRADESH&state_code=31&district_name=BASTI&district_code=3153&block_name=PARAS%20RAMPUR&block_code=3153001&panchayat_name=NAGAR%20BAHERA&panchayat_code=3153001103&fin_year=2025-2026&source=&work_code=3153001103/WH/958486255823989494&msr_no=9574&AttendanceDate=25/03/2026&Digest=d1VlnzwGgt2+ByUxuwgc5w",10
"BASTI","PARAS RAMPUR","NAGAR BAHERA","3153001103/WH/958486255823989494","9600","https://mnregaweb4.nic.in/nregaarch/View_NMMS_atten_date_dtl_rpt.aspx?page=&short_name=UP&state_name=UTTAR%20PRADESH&state_code=31&district_name=BASTI&district_code=3153&block_name=PARAS%20RAMPUR&block_code=3153001&panchayat_name=NAGAR%20BAHERA&panchayat_code=3153001103&fin_year=2025-2026&source=&work_code=3153001103/WH/958486255823989494&msr_no=9600&AttendanceDate=25/03/2026&Digest=/c6wdrtoSJhpwu3pYDpQYA",1
"BASTI","PARAS RAMPUR","LACHHIPUR","3153001106/LD/958486255824828632","9520","https://mnregaweb4.nic.in/nregaarch/View_NMMS_atten_date_dtl_rpt.aspx?page=&short_name=UP&state_name=UTTAR%20PRADESH&state_code=31&district_name=BASTI&district_code=3153&block_name=PARAS%20RAMPUR&block_code=3153001&panchayat_name=LACHHIPUR&panchayat_code=3153001106&fin_year=2025-2026&source=&work_code=3153001106/LD/958486255824828632&msr_no=9520&AttendanceDate=25/03/2026&Digest=9mnLlk53A37SAmjhoLl+1A",10
"BASTI","PARAS RAMPUR","LACHHIPUR","3153001106/LD/958486255824900960","9291","https://mnregaweb4.nic.in/nregaarch/View_NMMS_atten_date_dtl_rpt.aspx?page=&short_name=UP&state_name=UTTAR%20PRADESH&state_code=31&district_name=BASTI&district_code=3153&block_name=PARAS%20RAMPUR&block_code=3153001&panchayat_name=LACHHIPUR&panchayat_code=3153001106&fin_year=2025-2026&source=&work_code=3153001106/LD/958486255824900960&msr_no=9291&AttendanceDate=25/03/2026&Digest=dNxXsOHqH5gDed2jl3VGRw",8
"BASTI","RAMNAGAR","BANGAWAN","3153006008/LD/958486255825006435","6064","https://mnregaweb4.nic.in/nregaarch/View_NMMS_atten_date_dtl_rpt.aspx?page=&short_name=UP&state_name=UTTAR%20PRADESH&state_code=31&district_name=BASTI&district_code=3153&block_name=RAMNAGAR&block_code=3153006&panchayat_name=BANGAWAN&panchayat_code=3153006008&fin_year=2025-2026&source=&work_code=3153006008/LD/958486255825006435&msr_no=6064&AttendanceDate=25/03/2026&Digest=0Dh6mnAeUZEYOkM8nZMFXw",9
"BASTI","RAMNAGAR","BEILI","3153006014/RC/958486255823749832","6111","https://mnregaweb4.nic.in/nregaarch/View_NMMS_atten_date_dtl_rpt.aspx?page=&short_name=UP&state_name=UTTAR%20PRADESH&state_code=31&district_name=BASTI&district_code=3153&block_name=RAMNAGAR&block_code=3153006&panchayat_name=BEILI&panchayat_code=3153006014&fin_year=2025-2026&source=&work_code=3153006014/RC/958486255823749832&msr_no=6111&AttendanceDate=25/03/2026&Digest=sdPtcYvyVjP97JVbZZU4jg",10
"BASTI","RAMNAGAR","MAILANI SAHEB WAJID","3153006041/WC/958486255824251271","6211","https://mnregaweb4.nic.in/nregaarch/View_NMMS_atten_date_dtl_rpt.aspx?page=&short_name=UP&state_name=UTTAR%20PRADESH&state_code=31&district_name=BASTI&district_code=3153&block_name=RAMNAGAR&block_code=3153006&panchayat_name=MAILANI%20SAHEB%20WAJID&panchayat_code=3153006041&fin_year=2025-2026&source=&work_code=3153006041/WC/958486255824251271&msr_no=6211&AttendanceDate=25/03/2026&Digest=w0v83Pkl917yQWoeTXdIXQ",2
"BASTI","RAMNAGAR","MAJHARI BAZAR","3153006042/RC/958486255823749133","5997","https://mnregaweb4.nic.in/nregaarch/View_NMMS_atten_date_dtl_rpt.aspx?page=&short_name=UP&state_name=UTTAR%20PRADESH&state_code=31&district_name=BASTI&district_code=3153&block_name=RAMNAGAR&block_code=3153006&panchayat_name=MAJHARI%20BAZAR&panchayat_code=3153006042&fin_year=2025-2026&source=&work_code=3153006042/RC/958486255823749133&msr_no=5997&AttendanceDate=25/03/2026&Digest=74iysutgPgxzERE8sIS0Iw",5
"BASTI","RAMNAGAR","PARSA SHIVRAJ","3153006052/RC/958486255823702149","6044","https://mnregaweb4.nic.in/nregaarch/View_NMMS_atten_date_dtl_rpt.aspx?page=&short_name=UP&state_name=UTTAR%20PRADESH&state_code=31&district_name=BASTI&district_code=3153&block_name=RAMNAGAR&block_code=3153006&panchayat_name=PARSA%20SHIVRAJ&panchayat_code=3153006052&fin_year=2025-2026&source=&work_code=3153006052/RC/958486255823702149&msr_no=6044&AttendanceDate=25/03/2026&Digest=spqg84uTBKfkBHxMPnKJ4Q",8
"BASTI","RAMNAGAR","TURKOLIYA/KARMAHIYA","3153006067/RC/958486255823602410","6195","https://mnregaweb4.nic.in/nregaarch/View_NMMS_atten_date_dtl_rpt.aspx?page=&short_name=UP&state_name=UTTAR%20PRADESH&state_code=31&district_name=BASTI&district_code=3153&block_name=RAMNAGAR&block_code=3153006&panchayat_name=TURKOLIYA/KARMAHIYA&panchayat_code=3153006067&fin_year=2025-2026&source=&work_code=3153006067/RC/958486255823602410&msr_no=6195&AttendanceDate=25/03/2026&Digest=de1+neUOwePbD35PfZXz9A",3
"BASTI","RUDAULI","BAKHARIAYA","3153008008/RC/958486255823751356","6214","https://mnregaweb4.nic.in/nregaarch/View_NMMS_atten_date_dtl_rpt.aspx?page=&short_name=UP&state_name=UTTAR%20PRADESH&state_code=31&district_name=BASTI&district_code=3153&block_name=RUDAULI&block_code=3153008&panchayat_name=BAKHARIAYA&panchayat_code=3153008008&fin_year=2025-2026&source=&work_code=3153008008/RC/958486255823751356&msr_no=6214&AttendanceDate=25/03/2026&Digest=kG813svT6KqPjfXiZMFiBQ",4
"BASTI","RUDAULI","BHITIYA KALA","3153008014/RC/958486255823735759","6150","https://mnregaweb4.nic.in/nregaarch/View_NMMS_atten_date_dtl_rpt.aspx?page=&short_name=UP&state_name=UTTAR%20PRADESH&state_code=31&district_name=BASTI&district_code=3153&block_name=RUDAULI&block_code=3153008&panchayat_name=BHITIYA%20KALA&panchayat_code=3153008014&fin_year=2025-2026&source=&work_code=3153008014/RC/958486255823735759&msr_no=6150&AttendanceDate=25/03/2026&Digest=JnbUu5W2uqSE5Kr61ULm5Q",3
"BASTI","RUDAULI","DADWA TIWARI","3153008020/RC/958486255823740212","6180","https://mnregaweb4.nic.in/nregaarch/View_NMMS_atten_date_dtl_rpt.aspx?page=&short_name=UP&state_name=UTTAR%20PRADESH&state_code=31&district_name=BASTI&district_code=3153&block_name=RUDAULI&block_code=3153008&panchayat_name=DADWA%20TIWARI&panchayat_code=3153008020&fin_year=2025-2026&source=&work_code=3153008020/RC/958486255823740212&msr_no=6180&AttendanceDate=25/03/2026&Digest=LsyExft19zIJFpdn2lC31w",2
"BASTI","RUDAULI","DADWA TIWARI","3153008020/RC/958486255823749017","6189","https://mnregaweb4.nic.in/nregaarch/View_NMMS_atten_date_dtl_rpt.aspx?page=&short_name=UP&state_name=UTTAR%20PRADESH&state_code=31&district_name=BASTI&district_code=3153&block_name=RUDAULI&block_code=3153008&panchayat_name=DADWA%20TIWARI&panchayat_code=3153008020&fin_year=2025-2026&source=&work_code=3153008020/RC/958486255823749017&msr_no=6189&AttendanceDate=25/03/2026&Digest=Am/jPkEQy1Qsw8WlsxikyA",5
"BASTI","RUDAULI","PADARI","3153008052/RC/958486255823713421","6123","https://mnregaweb4.nic.in/nregaarch/View_NMMS_atten_date_dtl_rpt.aspx?page=&short_name=UP&state_name=UTTAR%20PRADESH&state_code=31&district_name=BASTI&district_code=3153&block_name=RUDAULI&block_code=3153008&panchayat_name=PADARI&panchayat_code=3153008052&fin_year=2025-2026&source=&work_code=3153008052/RC/958486255823713421&msr_no=6123&AttendanceDate=25/03/2026&Digest=VRiPIzi60dKo84R8yPGgHA",3
"BASTI","RUDAULI","RANI PUR","3153008059/RC/958486255823686632","6227","https://mnregaweb4.nic.in/nregaarch/View_NMMS_atten_date_dtl_rpt.aspx?page=&short_name=UP&state_name=UTTAR%20PRADESH&state_code=31&district_name=BASTI&district_code=3153&block_name=RUDAULI&block_code=3153008&panchayat_name=RANI%20PUR&panchayat_code=3153008059&fin_year=2025-2026&source=&work_code=3153008059/RC/958486255823686632&msr_no=6227&AttendanceDate=25/03/2026&Digest=VVVAJRn9ewoDgGwMGwF82g",8
"BASTI","SALTAUA GOPAL PUR","AMRAULI SHUMALI","3153007006/DP/958486255824204315","5506","https://mnregaweb4.nic.in/nregaarch/View_NMMS_atten_date_dtl_rpt.aspx?page=&short_name=UP&state_name=UTTAR%20PRADESH&state_code=31&district_name=BASTI&district_code=3153&block_name=SALTAUA%20GOPAL%20PUR&block_code=3153007&panchayat_name=AMRAULI%20SHUMALI&panchayat_code=3153007006&fin_year=2025-2026&source=&work_code=3153007006/DP/958486255824204315&msr_no=5506&AttendanceDate=25/03/2026&Digest=i0+TjbZDchm03/aG733MZA",1
"BASTI","SALTAUA GOPAL PUR","BASTHANWA","3153007015/LD/958486255824639495","5375","https://mnregaweb4.nic.in/nregaarch/View_NMMS_atten_date_dtl_rpt.aspx?page=&short_name=UP&state_name=UTTAR%20PRADESH&state_code=31&district_name=BASTI&district_code=3153&block_name=SALTAUA%20GOPAL%20PUR&block_code=3153007&panchayat_name=BASTHANWA&panchayat_code=3153007015&fin_year=2025-2026&source=&work_code=3153007015/LD/958486255824639495&msr_no=5375&AttendanceDate=25/03/2026&Digest=6mDwSr/T8ITbSLKge4RqEA",9
"BASTI","SALTAUA GOPAL PUR","BASTHANWA","3153007015/LD/958486255824639495","5404","https://mnregaweb4.nic.in/nregaarch/View_NMMS_atten_date_dtl_rpt.aspx?page=&short_name=UP&state_name=UTTAR%20PRADESH&state_code=31&district_name=BASTI&district_code=3153&block_name=SALTAUA%20GOPAL%20PUR&block_code=3153007&panchayat_name=BASTHANWA&panchayat_code=3153007015&fin_year=2025-2026&source=&work_code=3153007015/LD/958486255824639495&msr_no=5404&AttendanceDate=25/03/2026&Digest=nUsNwbEmlC/Cut4bjJB0dg",9
"BASTI","SALTAUA GOPAL PUR","TELIYADEEH","3153007021/IC/958486255823742442","5479","https://mnregaweb4.nic.in/nregaarch/View_NMMS_atten_date_dtl_rpt.aspx?page=&short_name=UP&state_name=UTTAR%20PRADESH&state_code=31&district_name=BASTI&district_code=3153&block_name=SALTAUA%20GOPAL%20PUR&block_code=3153007&panchayat_name=TELIYADEEH&panchayat_code=3153007021&fin_year=2025-2026&source=&work_code=3153007021/IC/958486255823742442&msr_no=5479&AttendanceDate=25/03/2026&Digest=dzyqf9UOZIYalp1nw998vg",8
"BASTI","SALTAUA GOPAL PUR","TELIYADEEH","3153007021/IC/958486255823742442","5482","https://mnregaweb4.nic.in/nregaarch/View_NMMS_atten_date_dtl_rpt.aspx?page=&short_name=UP&state_name=UTTAR%20PRADESH&state_code=31&district_name=BASTI&district_code=3153&block_name=SALTAUA%20GOPAL%20PUR&block_code=3153007&panchayat_name=TELIYADEEH&panchayat_code=3153007021&fin_year=2025-2026&source=&work_code=3153007021/IC/958486255823742442&msr_no=5482&AttendanceDate=25/03/2026&Digest=XqfUjC79zl9vjfsr9B5XGQ",4
"BASTI","SALTAUA GOPAL PUR","GORKHAR","3153007027/RC/958486255823702991","5373","https://mnregaweb4.nic.in/nregaarch/View_NMMS_atten_date_dtl_rpt.aspx?page=&short_name=UP&state_name=UTTAR%20PRADESH&state_code=31&district_name=BASTI&district_code=3153&block_name=SALTAUA%20GOPAL%20PUR&block_code=3153007&panchayat_name=GORKHAR&panchayat_code=3153007027&fin_year=2025-2026&source=&work_code=3153007027/RC/958486255823702991&msr_no=5373&AttendanceDate=25/03/2026&Digest=p3DPa/871gqnb7UUSdQ39g",6
"BASTI","SALTAUA GOPAL PUR","JOGIA JUDI KUAIYA","3153007034/WH/958486255824010482","5383","https://mnregaweb4.nic.in/nregaarch/View_NMMS_atten_date_dtl_rpt.aspx?page=&short_name=UP&state_name=UTTAR%20PRADESH&state_code=31&district_name=BASTI&district_code=3153&block_name=SALTAUA%20GOPAL%20PUR&block_code=3153007&panchayat_name=JOGIA%20JUDI%20KUAIYA&panchayat_code=3153007034&fin_year=2025-2026&source=&work_code=3153007034/WH/958486255824010482&msr_no=5383&AttendanceDate=25/03/2026&Digest=DG+0FyG+rx/qay0rJwa4FQ",7
"BASTI","SALTAUA GOPAL PUR","JOGIA JUDI KUAIYA","3153007034/WH/958486255824010482","5386","https://mnregaweb4.nic.in/nregaarch/View_NMMS_atten_date_dtl_rpt.aspx?page=&short_name=UP&state_name=UTTAR%20PRADESH&state_code=31&district_name=BASTI&district_code=3153&block_name=SALTAUA%20GOPAL%20PUR&block_code=3153007&panchayat_name=JOGIA%20JUDI%20KUAIYA&panchayat_code=3153007034&fin_year=2025-2026&source=&work_code=3153007034/WH/958486255824010482&msr_no=5386&AttendanceDate=25/03/2026&Digest=S6ZrhpmiAKtlIy5YMgJNfw",7
"BASTI","SALTAUA GOPAL PUR","NEWADA","3153007052/RC/958486255823671394","5507","https://mnregaweb4.nic.in/nregaarch/View_NMMS_atten_date_dtl_rpt.aspx?page=&short_name=UP&state_name=UTTAR%20PRADESH&state_code=31&district_name=BASTI&district_code=3153&block_name=SALTAUA%20GOPAL%20PUR&block_code=3153007&panchayat_name=NEWADA&panchayat_code=3153007052&fin_year=2025-2026&source=&work_code=3153007052/RC/958486255823671394&msr_no=5507&AttendanceDate=25/03/2026&Digest=3vG9SASLwNEye8p5eBvC9g",9
"BASTI","SALTAUA GOPAL PUR","PARSA KHAL","3153007057/RC/958486255823652950","5408","https://mnregaweb4.nic.in/nregaarch/View_NMMS_atten_date_dtl_rpt.aspx?page=&short_name=UP&state_name=UTTAR%20PRADESH&state_code=31&district_name=BASTI&district_code=3153&block_name=SALTAUA%20GOPAL%20PUR&block_code=3153007&panchayat_name=PARSA%20KHAL&panchayat_code=3153007057&fin_year=2025-2026&source=&work_code=3153007057/RC/958486255823652950&msr_no=5408&AttendanceDate=25/03/2026&Digest=wGbfxVP1cKyRPBaH8WQojw",9
"BASTI","KUDARAHA","JAGANNATHPUR","3153013035/RC/958486255823748456","7737","https://mnregaweb4.nic.in/nregaarch/View_NMMS_atten_date_dtl_rpt.aspx?page=&short_name=UP&state_name=UTTAR%20PRADESH&state_code=31&district_name=BASTI&district_code=3153&block_name=KUDARAHA&block_code=3153013&panchayat_name=JAGANNATHPUR&panchayat_code=3153013035&fin_year=2025-2026&source=&work_code=3153013035/RC/958486255823748456&msr_no=7737&AttendanceDate=25/03/2026&Digest=Pq/pVjJKLIZmeJw84O+ILQ",7
"BASTI","KUDARAHA","PARSAW","3153013036/LD/958486255824957716","7857","https://mnregaweb4.nic.in/nregaarch/View_NMMS_atten_date_dtl_rpt.aspx?page=&short_name=UP&state_name=UTTAR%20PRADESH&state_code=31&district_name=BASTI&district_code=3153&block_name=KUDARAHA&block_code=3153013&panchayat_name=PARSAW&panchayat_code=3153013036&fin_year=2025-2026&source=&work_code=3153013036/LD/958486255824957716&msr_no=7857&AttendanceDate=25/03/2026&Digest=IkK/5vQBCEqbo/SmaW1mxA",10
"BASTI","KUDARAHA","DELHWA","3153013037/RC/958486255823745217","7883","https://mnregaweb4.nic.in/nregaarch/View_NMMS_atten_date_dtl_rpt.aspx?page=&short_name=UP&state_name=UTTAR%20PRADESH&state_code=31&district_name=BASTI&district_code=3153&block_name=KUDARAHA&block_code=3153013&panchayat_name=DELHWA&panchayat_code=3153013037&fin_year=2025-2026&source=&work_code=3153013037/RC/958486255823745217&msr_no=7883&AttendanceDate=25/03/2026&Digest=3oO/37CNZ3xVRu5zVfNl8g",6
"BASTI","KUDARAHA","MADHOPUR","3153013038/IC/958486255823739075","7577","https://mnregaweb4.nic.in/nregaarch/View_NMMS_atten_date_dtl_rpt.aspx?page=&short_name=UP&state_name=UTTAR%20PRADESH&state_code=31&district_name=BASTI&district_code=3153&block_name=KUDARAHA&block_code=3153013&panchayat_name=MADHOPUR&panchayat_code=3153013038&fin_year=2025-2026&source=&work_code=3153013038/IC/958486255823739075&msr_no=7577&AttendanceDate=25/03/2026&Digest=jYUrz9Pvred0DragOx38Pw",1
"BASTI","KUDARAHA","MADHOPUR","3153013038/RC/958486255823728641","8166","https://mnregaweb4.nic.in/nregaarch/View_NMMS_atten_date_dtl_rpt.aspx?page=&short_name=UP&state_name=UTTAR%20PRADESH&state_code=31&district_name=BASTI&district_code=3153&block_name=KUDARAHA&block_code=3153013&panchayat_name=MADHOPUR&panchayat_code=3153013038&fin_year=2025-2026&source=&work_code=3153013038/RC/958486255823728641&msr_no=8166&AttendanceDate=25/03/2026&Digest=OZzFcNpLco50F375lu6mVw",3
"BASTI","KUDARAHA","MADHOPUR","3153013038/RC/958486255823738295","7601","https://mnregaweb4.nic.in/nregaarch/View_NMMS_atten_date_dtl_rpt.aspx?page=&short_name=UP&state_name=UTTAR%20PRADESH&state_code=31&district_name=BASTI&district_code=3153&block_name=KUDARAHA&block_code=3153013&panchayat_name=MADHOPUR&panchayat_code=3153013038&fin_year=2025-2026&source=&work_code=3153013038/RC/958486255823738295&msr_no=7601&AttendanceDate=25/03/2026&Digest=VJeecJgMT4W255W5ekW5DQ",8
"BASTI","KUDARAHA","BARTANIYA","3153013040/LD/958486255824900453","7928","https://mnregaweb4.nic.in/nregaarch/View_NMMS_atten_date_dtl_rpt.aspx?page=&short_name=UP&state_name=UTTAR%20PRADESH&state_code=31&district_name=BASTI&district_code=3153&block_name=KUDARAHA&block_code=3153013&panchayat_name=BARTANIYA&panchayat_code=3153013040&fin_year=2025-2026&source=&work_code=3153013040/LD/958486255824900453&msr_no=7928&AttendanceDate=25/03/2026&Digest=NM0rYqVCEcTUegOQ3xgpzw",10
"BASTI","KUDARAHA","BARTANIYA","3153013040/LD/958486255824900453","7931","https://mnregaweb4.nic.in/nregaarch/View_NMMS_atten_date_dtl_rpt.aspx?page=&short_name=UP&state_name=UTTAR%20PRADESH&state_code=31&district_name=BASTI&district_code=3153&block_name=KUDARAHA&block_code=3153013&panchayat_name=BARTANIYA&panchayat_code=3153013040&fin_year=2025-2026&source=&work_code=3153013040/LD/958486255824900453&msr_no=7931&AttendanceDate=25/03/2026&Digest=ZiEsaZ2MHS2uEdLJZ1N5+A",9
"BASTI","KUDARAHA","MUSARIHA","3153013041/RC/958486255823728282","7825","https://mnregaweb4.nic.in/nregaarch/View_NMMS_atten_date_dtl_rpt.aspx?page=&short_name=UP&state_name=UTTAR%20PRADESH&state_code=31&district_name=BASTI&district_code=3153&block_name=KUDARAHA&block_code=3153013&panchayat_name=MUSARIHA&panchayat_code=3153013041&fin_year=2025-2026&source=&work_code=3153013041/RC/958486255823728282&msr_no=7825&AttendanceDate=25/03/2026&Digest=kmaS45f0sKRXXGa/scZHyQ",10
"BASTI","KUDARAHA","KABRA KHAS","3153013043/RC/958486255823706795","8126","https://mnregaweb4.nic.in/nregaarch/View_NMMS_atten_date_dtl_rpt.aspx?page=&short_name=UP&state_name=UTTAR%20PRADESH&state_code=31&district_name=BASTI&district_code=3153&block_name=KUDARAHA&block_code=3153013&panchayat_name=KABRA%20KHAS&panchayat_code=3153013043&fin_year=2025-2026&source=&work_code=3153013043/RC/958486255823706795&msr_no=8126&AttendanceDate=25/03/2026&Digest=3k6DYomZAdEBu6lo6C9Sng",9
"BASTI","KUDARAHA","KABRA KHAS","3153013043/RC/958486255823706795","8129","https://mnregaweb4.nic.in/nregaarch/View_NMMS_atten_date_dtl_rpt.aspx?page=&short_name=UP&state_name=UTTAR%20PRADESH&state_code=31&district_name=BASTI&district_code=3153&block_name=KUDARAHA&block_code=3153013&panchayat_name=KABRA%20KHAS&panchayat_code=3153013043&fin_year=2025-2026&source=&work_code=3153013043/RC/958486255823706795&msr_no=8129&AttendanceDate=25/03/2026&Digest=C4nXqrlJgR9PPECYmhM8rg",9
"BASTI","KUDARAHA","KABRA KHAS","3153013043/RC/958486255823726579","7751","https://mnregaweb4.nic.in/nregaarch/View_NMMS_atten_date_dtl_rpt.aspx?page=&short_name=UP&state_name=UTTAR%20PRADESH&state_code=31&district_name=BASTI&district_code=3153&block_name=KUDARAHA&block_code=3153013&panchayat_name=KABRA%20KHAS&panchayat_code=3153013043&fin_year=2025-2026&source=&work_code=3153013043/RC/958486255823726579&msr_no=7751&AttendanceDate=25/03/2026&Digest=Pl1/RZ3AijUoeUq7ygOzgA",10
"BASTI","KUDARAHA","KABRA KHAS","3153013043/RC/958486255823726579","7754","https://mnregaweb4.nic.in/nregaarch/View_NMMS_atten_date_dtl_rpt.aspx?page=&short_name=UP&state_name=UTTAR%20PRADESH&state_code=31&district_name=BASTI&district_code=3153&block_name=KUDARAHA&block_code=3153013&panchayat_name=KABRA%20KHAS&panchayat_code=3153013043&fin_year=2025-2026&source=&work_code=3153013043/RC/958486255823726579&msr_no=7754&AttendanceDate=25/03/2026&Digest=XCV1dCMCObuSk+eRa7+wlA",7
"BASTI","KUDARAHA","PASRA","3153013046/LD/958486255824692138","7718","https://mnregaweb4.nic.in/nregaarch/View_NMMS_atten_date_dtl_rpt.aspx?page=&short_name=UP&state_name=UTTAR%20PRADESH&state_code=31&district_name=BASTI&district_code=3153&block_name=KUDARAHA&block_code=3153013&panchayat_name=PASRA&panchayat_code=3153013046&fin_year=2025-2026&source=&work_code=3153013046/LD/958486255824692138&msr_no=7718&AttendanceDate=25/03/2026&Digest=lcRuCKE40qg0nzBM8++3Rw",8
"BASTI","KUDARAHA","PASRA","3153013046/LD/958486255824692148","7665","https://mnregaweb4.nic.in/nregaarch/View_NMMS_atten_date_dtl_rpt.aspx?page=&short_name=UP&state_name=UTTAR%20PRADESH&state_code=31&district_name=BASTI&district_code=3153&block_name=KUDARAHA&block_code=3153013&panchayat_name=PASRA&panchayat_code=3153013046&fin_year=2025-2026&source=&work_code=3153013046/LD/958486255824692148&msr_no=7665&AttendanceDate=25/03/2026&Digest=1+XzcD9sTLNmp/chSCNokQ",10
"BASTI","KUDARAHA","PASRA","3153013046/LD/958486255824692150","7720","https://mnregaweb4.nic.in/nregaarch/View_NMMS_atten_date_dtl_rpt.aspx?page=&short_name=UP&state_name=UTTAR%20PRADESH&state_code=31&district_name=BASTI&district_code=3153&block_name=KUDARAHA&block_code=3153013&panchayat_name=PASRA&panchayat_code=3153013046&fin_year=2025-2026&source=&work_code=3153013046/LD/958486255824692150&msr_no=7720&AttendanceDate=25/03/2026&Digest=wsh66l/N0knssHl9kVV8cg",10
"BASTI","KUDARAHA","GONAR","3153013049/DP/958486255824216040","7735","https://mnregaweb4.nic.in/nregaarch/View_NMMS_atten_date_dtl_rpt.aspx?page=&short_name=UP&state_name=UTTAR%20PRADESH&state_code=31&district_name=BASTI&district_code=3153&block_name=KUDARAHA&block_code=3153013&panchayat_name=GONAR&panchayat_code=3153013049&fin_year=2025-2026&source=&work_code=3153013049/DP/958486255824216040&msr_no=7735&AttendanceDate=25/03/2026&Digest=aSzmIKuYTGzlHJsh7I+EvQ",2
"BASTI","KUDARAHA","HATHIYAVKALA","3153013054/IC/958486255823746777","8111","https://mnregaweb4.nic.in/nregaarch/View_NMMS_atten_date_dtl_rpt.aspx?page=&short_name=UP&state_name=UTTAR%20PRADESH&state_code=31&district_name=BASTI&district_code=3153&block_name=KUDARAHA&block_code=3153013&panchayat_name=HATHIYAVKALA&panchayat_code=3153013054&fin_year=2025-2026&source=&work_code=3153013054/IC/958486255823746777&msr_no=8111&AttendanceDate=25/03/2026&Digest=6OyrY3tEx1+6P33amgEcoA",9
"BASTI","KUDARAHA","PAERMESHWARPUR","3153013056/AV/958486255824182484","8096","https://mnregaweb4.nic.in/nregaarch/View_NMMS_atten_date_dtl_rpt.aspx?page=&short_name=UP&state_name=UTTAR%20PRADESH&state_code=31&district_name=BASTI&district_code=3153&block_name=KUDARAHA&block_code=3153013&panchayat_name=PAERMESHWARPUR&panchayat_code=3153013056&fin_year=2025-2026&source=&work_code=3153013056/AV/958486255824182484&msr_no=8096&AttendanceDate=25/03/2026&Digest=EffYiFLRJe2vYn+RjJWBmw",10
"BASTI","KUDARAHA","PAERMESHWARPUR","3153013056/RC/958486255823748250","8099","https://mnregaweb4.nic.in/nregaarch/View_NMMS_atten_date_dtl_rpt.aspx?page=&short_name=UP&state_name=UTTAR%20PRADESH&state_code=31&district_name=BASTI&district_code=3153&block_name=KUDARAHA&block_code=3153013&panchayat_name=PAERMESHWARPUR&panchayat_code=3153013056&fin_year=2025-2026&source=&work_code=3153013056/RC/958486255823748250&msr_no=8099&AttendanceDate=25/03/2026&Digest=rF8c+Xg1xVu56HpKL1z5yg",10
"BASTI","KUDARAHA","MANJHARIYA","3153013057/LD/958486255824945664","7649","https://mnregaweb4.nic.in/nregaarch/View_NMMS_atten_date_dtl_rpt.aspx?page=&short_name=UP&state_name=UTTAR%20PRADESH&state_code=31&district_name=BASTI&district_code=3153&block_name=KUDARAHA&block_code=3153013&panchayat_name=MANJHARIYA&panchayat_code=3153013057&fin_year=2025-2026&source=&work_code=3153013057/LD/958486255824945664&msr_no=7649&AttendanceDate=25/03/2026&Digest=ncDEBfFJFW5WKncbV4Y2cw",10
"BASTI","KUDARAHA","MANJHARIYA","3153013057/LD/958486255824945664","7652","https://mnregaweb4.nic.in/nregaarch/View_NMMS_atten_date_dtl_rpt.aspx?page=&short_name=UP&state_name=UTTAR%20PRADESH&state_code=31&district_name=BASTI&district_code=3153&block_name=KUDARAHA&block_code=3153013&panchayat_name=MANJHARIYA&panchayat_code=3153013057&fin_year=2025-2026&source=&work_code=3153013057/LD/958486255824945664&msr_no=7652&AttendanceDate=25/03/2026&Digest=1NJhQ6zRA1Sooi/pCXSkSA",8
"BASTI","KUDARAHA","MANJHARIYA","3153013057/RC/958486255823656431","8312","https://mnregaweb4.nic.in/nregaarch/View_NMMS_atten_date_dtl_rpt.aspx?page=&short_name=UP&state_name=UTTAR%20PRADESH&state_code=31&district_name=BASTI&district_code=3153&block_name=KUDARAHA&block_code=3153013&panchayat_name=MANJHARIYA&panchayat_code=3153013057&fin_year=2025-2026&source=&work_code=3153013057/RC/958486255823656431&msr_no=8312&AttendanceDate=25/03/2026&Digest=2rqNCw1s5FZ66SU+iBVJeQ",6
"BASTI","KUDARAHA","MANJHARIYA","3153013057/RC/958486255823656442","8306","https://mnregaweb4.nic.in/nregaarch/View_NMMS_atten_date_dtl_rpt.aspx?page=&short_name=UP&state_name=UTTAR%20PRADESH&state_code=31&district_name=BASTI&district_code=3153&block_name=KUDARAHA&block_code=3153013&panchayat_name=MANJHARIYA&panchayat_code=3153013057&fin_year=2025-2026&source=&work_code=3153013057/RC/958486255823656442&msr_no=8306&AttendanceDate=25/03/2026&Digest=j+1EXIe7vBbBIaKjJGlPxQ",10
"BASTI","KUDARAHA","MANJHARIYA","3153013057/RC/958486255823656451","8308","https://mnregaweb4.nic.in/nregaarch/View_NMMS_atten_date_dtl_rpt.aspx?page=&short_name=UP&state_name=UTTAR%20PRADESH&state_code=31&district_name=BASTI&district_code=3153&block_name=KUDARAHA&block_code=3153013&panchayat_name=MANJHARIYA&panchayat_code=3153013057&fin_year=2025-2026&source=&work_code=3153013057/RC/958486255823656451&msr_no=8308&AttendanceDate=25/03/2026&Digest=Fe3ixYNlRbJPA/f96fwseQ",10
"BASTI","KUDARAHA","BAANPUR","3153013059/RC/958486255823694023","8172","https://mnregaweb4.nic.in/nregaarch/View_NMMS_atten_date_dtl_rpt.aspx?page=&short_name=UP&state_name=UTTAR%20PRADESH&state_code=31&district_name=BASTI&district_code=3153&block_name=KUDARAHA&block_code=3153013&panchayat_name=BAANPUR&panchayat_code=3153013059&fin_year=2025-2026&source=&work_code=3153013059/RC/958486255823694023&msr_no=8172&AttendanceDate=25/03/2026&Digest=RN7tlKwUG7dcYUat/Ci+FQ",2
"BASTI","KUDARAHA","BAANPUR","3153013059/RC/958486255823745461","8191","https://mnregaweb4.nic.in/nregaarch/View_NMMS_atten_date_dtl_rpt.aspx?page=&short_name=UP&state_name=UTTAR%20PRADESH&state_code=31&district_name=BASTI&district_code=3153&block_name=KUDARAHA&block_code=3153013&panchayat_name=BAANPUR&panchayat_code=3153013059&fin_year=2025-2026&source=&work_code=3153013059/RC/958486255823745461&msr_no=8191&AttendanceDate=25/03/2026&Digest=78l3Ff7kNeR2j7ukygQxTw",9
"BASTI","KUDARAHA","BAANPUR","3153013059/RC/958486255823745464","8184","https://mnregaweb4.nic.in/nregaarch/View_NMMS_atten_date_dtl_rpt.aspx?page=&short_name=UP&state_name=UTTAR%20PRADESH&state_code=31&district_name=BASTI&district_code=3153&block_name=KUDARAHA&block_code=3153013&panchayat_name=BAANPUR&panchayat_code=3153013059&fin_year=2025-2026&source=&work_code=3153013059/RC/958486255823745464&msr_no=8184&AttendanceDate=25/03/2026&Digest=/j/MhgN0r4YAH0XA41OOjQ",8
"BASTI","KUDARAHA","DIHUKPURA","3153013060/RC/958486255823750162","8088","https://mnregaweb4.nic.in/nregaarch/View_NMMS_atten_date_dtl_rpt.aspx?page=&short_name=UP&state_name=UTTAR%20PRADESH&state_code=31&district_name=BASTI&district_code=3153&block_name=KUDARAHA&block_code=3153013&panchayat_name=DIHUKPURA&panchayat_code=3153013060&fin_year=2025-2026&source=&work_code=3153013060/RC/958486255823750162&msr_no=8088&AttendanceDate=25/03/2026&Digest=2rJvRfltBHxcD4ukO8VKTQ",10
"BASTI","KUDARAHA","TENUA","3153013064/LD/958486255825009974","7567","https://mnregaweb4.nic.in/nregaarch/View_NMMS_atten_date_dtl_rpt.aspx?page=&short_name=UP&state_name=UTTAR%20PRADESH&state_code=31&district_name=BASTI&district_code=3153&block_name=KUDARAHA&block_code=3153013&panchayat_name=TENUA&panchayat_code=3153013064&fin_year=2025-2026&source=&work_code=3153013064/LD/958486255825009974&msr_no=7567&AttendanceDate=25/03/2026&Digest=x7H1/dRSEWIHBXu4sA8RwQ",10
"BASTI","KUDARAHA","TENUA","3153013064/LD/958486255825009974","7570","https://mnregaweb4.nic.in/nregaarch/View_NMMS_atten_date_dtl_rpt.aspx?page=&short_name=UP&state_name=UTTAR%20PRADESH&state_code=31&district_name=BASTI&district_code=3153&block_name=KUDARAHA&block_code=3153013&panchayat_name=TENUA&panchayat_code=3153013064&fin_year=2025-2026&source=&work_code=3153013064/LD/958486255825009974&msr_no=7570&AttendanceDate=25/03/2026&Digest=m83k6XfflV1Im+Fz1zREow",10
"BASTI","KUDARAHA","PIPARPATI EHATMALI","3153013071/RC/958486255823700975","7673","https://mnregaweb4.nic.in/nregaarch/View_NMMS_atten_date_dtl_rpt.aspx?page=&short_name=UP&state_name=UTTAR%20PRADESH&state_code=31&district_name=BASTI&district_code=3153&block_name=KUDARAHA&block_code=3153013&panchayat_name=PIPARPATI%20EHATMALI&panchayat_code=3153013071&fin_year=2025-2026&source=&work_code=3153013071/RC/958486255823700975&msr_no=7673&AttendanceDate=25/03/2026&Digest=Y+1yVsQraB93EaERuZkesw",1
"BASTI","KUDARAHA","PIPARPATI EHATMALI","3153013071/RC/958486255823700977","8135","https://mnregaweb4.nic.in/nregaarch/View_NMMS_atten_date_dtl_rpt.aspx?page=&short_name=UP&state_name=UTTAR%20PRADESH&state_code=31&district_name=BASTI&district_code=3153&block_name=KUDARAHA&block_code=3153013&panchayat_name=PIPARPATI%20EHATMALI&panchayat_code=3153013071&fin_year=2025-2026&source=&work_code=3153013071/RC/958486255823700977&msr_no=8135&AttendanceDate=25/03/2026&Digest=wTq7n3iLZuuQT5rKvy67Cw",10
"BASTI","KUDARAHA","PIPARPATI EHATMALI","3153013071/RC/958486255823700979","8013","https://mnregaweb4.nic.in/nregaarch/View_NMMS_atten_date_dtl_rpt.aspx?page=&short_name=UP&state_name=UTTAR%20PRADESH&state_code=31&district_name=BASTI&district_code=3153&block_name=KUDARAHA&block_code=3153013&panchayat_name=PIPARPATI%20EHATMALI&panchayat_code=3153013071&fin_year=2025-2026&source=&work_code=3153013071/RC/958486255823700979&msr_no=8013&AttendanceDate=25/03/2026&Digest=Tr88+X3sAZUosTf05jtn2w",9
"BASTI","KUDARAHA","PIPARPATI EHATMALI","3153013071/RC/958486255823700979","8016","https://mnregaweb4.nic.in/nregaarch/View_NMMS_atten_date_dtl_rpt.aspx?page=&short_name=UP&state_name=UTTAR%20PRADESH&state_code=31&district_name=BASTI&district_code=3153&block_name=KUDARAHA&block_code=3153013&panchayat_name=PIPARPATI%20EHATMALI&panchayat_code=3153013071&fin_year=2025-2026&source=&work_code=3153013071/RC/958486255823700979&msr_no=8016&AttendanceDate=25/03/2026&Digest=PAde9odsEyoZcM+wlf2PQQ",10
"BASTI","KUDARAHA","PIPARPATI EHATMALI","3153013071/RC/958486255823746235","8025","https://mnregaweb4.nic.in/nregaarch/View_NMMS_atten_date_dtl_rpt.aspx?page=&short_name=UP&state_name=UTTAR%20PRADESH&state_code=31&district_name=BASTI&district_code=3153&block_name=KUDARAHA&block_code=3153013&panchayat_name=PIPARPATI%20EHATMALI&panchayat_code=3153013071&fin_year=2025-2026&source=&work_code=3153013071/RC/958486255823746235&msr_no=8025&AttendanceDate=25/03/2026&Digest=2SDQKVlzYq8UK1NbsZXreA",5
"BASTI","KUDARAHA","HARKHAILIYA URF MATIYARIA","3153013074/RC/YD/958486255823746860","7882","https://mnregaweb4.nic.in/nregaarch/View_NMMS_atten_date_dtl_rpt.aspx?page=&short_name=UP&state_name=UTTAR%20PRADESH&state_code=31&district_name=BASTI&district_code=3153&block_name=KUDARAHA&block_code=3153013&panchayat_name=HARKHAILIYA%20URF%20MATIYARIA&panchayat_code=3153013074&fin_year=2025-2026&source=&work_code=3153013074/RC/YD/958486255823746860&msr_no=7882&AttendanceDate=25/03/2026&Digest=A9jygQ8DQOyWPnG5nYfelQ",6
"BASTI","KUDARAHA","RAGHAUPUR","3153013075/RC/958486255823592068","8121","https://mnregaweb4.nic.in/nregaarch/View_NMMS_atten_date_dtl_rpt.aspx?page=&short_name=UP&state_name=UTTAR%20PRADESH&state_code=31&district_name=BASTI&district_code=3153&block_name=KUDARAHA&block_code=3153013&panchayat_name=RAGHAUPUR&panchayat_code=3153013075&fin_year=2025-2026&source=&work_code=3153013075/RC/958486255823592068&msr_no=8121&AttendanceDate=25/03/2026&Digest=BQkgNTwZ5TYPpZ/Scl3U/g",1
"BASTI","KUDARAHA","RAGHAUPUR","3153013075/RC/958486255823592072","8103","https://mnregaweb4.nic.in/nregaarch/View_NMMS_atten_date_dtl_rpt.aspx?page=&short_name=UP&state_name=UTTAR%20PRADESH&state_code=31&district_name=BASTI&district_code=3153&block_name=KUDARAHA&block_code=3153013&panchayat_name=RAGHAUPUR&panchayat_code=3153013075&fin_year=2025-2026&source=&work_code=3153013075/RC/958486255823592072&msr_no=8103&AttendanceDate=25/03/2026&Digest=S4ACHsQ+S9VY44rHcG03Lg",8
"BASTI","KUDARAHA","RAGHAUPUR","3153013075/RC/958486255823592073","8122","https://mnregaweb4.nic.in/nregaarch/View_NMMS_atten_date_dtl_rpt.aspx?page=&short_name=UP&state_name=UTTAR%20PRADESH&state_code=31&district_name=BASTI&district_code=3153&block_name=KUDARAHA&block_code=3153013&panchayat_name=RAGHAUPUR&panchayat_code=3153013075&fin_year=2025-2026&source=&work_code=3153013075/RC/958486255823592073&msr_no=8122&AttendanceDate=25/03/2026&Digest=v/a/aqy9RHj5CmcVLKrhuw",2
"BASTI","KUDARAHA","KABRA KHAS","3153013043/RC/958486255823706797","8140","https://mnregaweb4.nic.in/nregaarch/View_NMMS_atten_date_dtl_rpt.aspx?page=&short_name=UP&state_name=UTTAR%20PRADESH&state_code=31&district_name=BASTI&district_code=3153&block_name=KUDARAHA&block_code=3153013&panchayat_name=KABRA%20KHAS&panchayat_code=3153013043&fin_year=2025-2026&source=&work_code=3153013043/RC/958486255823706797&msr_no=8140&AttendanceDate=25/03/2026&Digest=iqDcYYD3kVTKJ+LQDeGFCQ",9
"BASTI","KUDARAHA","PASRA","3153013046/LD/958486255824692144","7668","https://mnregaweb4.nic.in/nregaarch/View_NMMS_atten_date_dtl_rpt.aspx?page=&short_name=UP&state_name=UTTAR%20PRADESH&state_code=31&district_name=BASTI&district_code=3153&block_name=KUDARAHA&block_code=3153013&panchayat_name=PASRA&panchayat_code=3153013046&fin_year=2025-2026&source=&work_code=3153013046/LD/958486255824692144&msr_no=7668&AttendanceDate=25/03/2026&Digest=nQJDsiIQZrJH94aGPO4QOw",10
"BASTI","KUDARAHA","PASRA","3153013046/LD/958486255824692144","7671","https://mnregaweb4.nic.in/nregaarch/View_NMMS_atten_date_dtl_rpt.aspx?page=&short_name=UP&state_name=UTTAR%20PRADESH&state_code=31&district_name=BASTI&district_code=3153&block_name=KUDARAHA&block_code=3153013&panchayat_name=PASRA&panchayat_code=3153013046&fin_year=2025-2026&source=&work_code=3153013046/LD/958486255824692144&msr_no=7671&AttendanceDate=25/03/2026&Digest=X0Atpax6PTb3T5vskuJ8gQ",8
"BASTI","KUDARAHA","PASRA","3153013046/RC/958486255823746514","7557","https://mnregaweb4.nic.in/nregaarch/View_NMMS_atten_date_dtl_rpt.aspx?page=&short_name=UP&state_name=UTTAR%20PRADESH&state_code=31&district_name=BASTI&district_code=3153&block_name=KUDARAHA&block_code=3153013&panchayat_name=PASRA&panchayat_code=3153013046&fin_year=2025-2026&source=&work_code=3153013046/RC/958486255823746514&msr_no=7557&AttendanceDate=25/03/2026&Digest=ti9ej/4ghgkG8V1/D775ig",10
"BASTI","KUDARAHA","MANJHARIYA","3153013057/LD/958486255824935540","7746","https://mnregaweb4.nic.in/nregaarch/View_NMMS_atten_date_dtl_rpt.aspx?page=&short_name=UP&state_name=UTTAR%20PRADESH&state_code=31&district_name=BASTI&district_code=3153&block_name=KUDARAHA&block_code=3153013&panchayat_name=MANJHARIYA&panchayat_code=3153013057&fin_year=2025-2026&source=&work_code=3153013057/LD/958486255824935540&msr_no=7746&AttendanceDate=25/03/2026&Digest=JO8ZAsRXX3b0C8l9i0WlTQ",10
"BASTI","KUDARAHA","MANJHARIYA","3153013057/LD/958486255824935540","7749","https://mnregaweb4.nic.in/nregaarch/View_NMMS_atten_date_dtl_rpt.aspx?page=&short_name=UP&state_name=UTTAR%20PRADESH&state_code=31&district_name=BASTI&district_code=3153&block_name=KUDARAHA&block_code=3153013&panchayat_name=MANJHARIYA&panchayat_code=3153013057&fin_year=2025-2026&source=&work_code=3153013057/LD/958486255824935540&msr_no=7749&AttendanceDate=25/03/2026&Digest=56FUxPJ9CSxN7//CUhEKSA",10
"BASTI","KUDARAHA","MANJHARIYA","3153013057/RC/958486255823656495","8304","https://mnregaweb4.nic.in/nregaarch/View_NMMS_atten_date_dtl_rpt.aspx?page=&short_name=UP&state_name=UTTAR%20PRADESH&state_code=31&district_name=BASTI&district_code=3153&block_name=KUDARAHA&block_code=3153013&panchayat_name=MANJHARIYA&panchayat_code=3153013057&fin_year=2025-2026&source=&work_code=3153013057/RC/958486255823656495&msr_no=8304&AttendanceDate=25/03/2026&Digest=8oNT5bOb0+BvoCTUmktLXg",5
"BASTI","KUDARAHA","CHARADHE","3153013058/RC/958486255823667723","7962","https://mnregaweb4.nic.in/nregaarch/View_NMMS_atten_date_dtl_rpt.aspx?page=&short_name=UP&state_name=UTTAR%20PRADESH&state_code=31&district_name=BASTI&district_code=3153&block_name=KUDARAHA&block_code=3153013&panchayat_name=CHARADHE&panchayat_code=3153013058&fin_year=2025-2026&source=&work_code=3153013058/RC/958486255823667723&msr_no=7962&AttendanceDate=25/03/2026&Digest=twwtc3YuH7t7+lGqdy/aUA",7
"BASTI","KUDARAHA","BAANPUR","3153013059/RC/958486255823693972","8174","https://mnregaweb4.nic.in/nregaarch/View_NMMS_atten_date_dtl_rpt.aspx?page=&short_name=UP&state_name=UTTAR%20PRADESH&state_code=31&district_name=BASTI&district_code=3153&block_name=KUDARAHA&block_code=3153013&panchayat_name=BAANPUR&panchayat_code=3153013059&fin_year=2025-2026&source=&work_code=3153013059/RC/958486255823693972&msr_no=8174&AttendanceDate=25/03/2026&Digest=xM7Q+bqlIjfxrQFtNLJNpQ",10
"BASTI","KUDARAHA","BAANPUR","3153013059/RC/958486255823694008","7707","https://mnregaweb4.nic.in/nregaarch/View_NMMS_atten_date_dtl_rpt.aspx?page=&short_name=UP&state_name=UTTAR%20PRADESH&state_code=31&district_name=BASTI&district_code=3153&block_name=KUDARAHA&block_code=3153013&panchayat_name=BAANPUR&panchayat_code=3153013059&fin_year=2025-2026&source=&work_code=3153013059/RC/958486255823694008&msr_no=7707&AttendanceDate=25/03/2026&Digest=jL9jIT1zpQhtzbu/x5ySoQ",5
"BASTI","KUDARAHA","BAANPUR","3153013059/RC/958486255823694017","7701","https://mnregaweb4.nic.in/nregaarch/View_NMMS_atten_date_dtl_rpt.aspx?page=&short_name=UP&state_name=UTTAR%20PRADESH&state_code=31&district_name=BASTI&district_code=3153&block_name=KUDARAHA&block_code=3153013&panchayat_name=BAANPUR&panchayat_code=3153013059&fin_year=2025-2026&source=&work_code=3153013059/RC/958486255823694017&msr_no=7701&AttendanceDate=25/03/2026&Digest=j0OP/PHOvWqcQdC9XP+Z0Q",10
"BASTI","KUDARAHA","BAANPUR","3153013059/RC/958486255823694030","8177","https://mnregaweb4.nic.in/nregaarch/View_NMMS_atten_date_dtl_rpt.aspx?page=&short_name=UP&state_name=UTTAR%20PRADESH&state_code=31&district_name=BASTI&district_code=3153&block_name=KUDARAHA&block_code=3153013&panchayat_name=BAANPUR&panchayat_code=3153013059&fin_year=2025-2026&source=&work_code=3153013059/RC/958486255823694030&msr_no=8177&AttendanceDate=25/03/2026&Digest=f1BNsKHT0Y4XKzTXlha2CA",10
"BASTI","KUDARAHA","DIHUKPURA","3153013060/RC/958486255823750568","8226","https://mnregaweb4.nic.in/nregaarch/View_NMMS_atten_date_dtl_rpt.aspx?page=&short_name=UP&state_name=UTTAR%20PRADESH&state_code=31&district_name=BASTI&district_code=3153&block_name=KUDARAHA&block_code=3153013&panchayat_name=DIHUKPURA&panchayat_code=3153013060&fin_year=2025-2026&source=&work_code=3153013060/RC/958486255823750568&msr_no=8226&AttendanceDate=25/03/2026&Digest=appTFLLPseICCCwlHV5eDw",3
"BASTI","KUDARAHA","JIBHIYAV","3153013062/RC/958486255823747131","7808","https://mnregaweb4.nic.in/nregaarch/View_NMMS_atten_date_dtl_rpt.aspx?page=&short_name=UP&state_name=UTTAR%20PRADESH&state_code=31&district_name=BASTI&district_code=3153&block_name=KUDARAHA&block_code=3153013&panchayat_name=JIBHIYAV&panchayat_code=3153013062&fin_year=2025-2026&source=&work_code=3153013062/RC/958486255823747131&msr_no=7808&AttendanceDate=25/03/2026&Digest=YmSR11Z7P2c79Y47BSN4bQ",10
"BASTI","KUDARAHA","TENUA","3153013064/LD/958486255825009970","7573","https://mnregaweb4.nic.in/nregaarch/View_NMMS_atten_date_dtl_rpt.aspx?page=&short_name=UP&state_name=UTTAR%20PRADESH&state_code=31&district_name=BASTI&district_code=3153&block_name=KUDARAHA&block_code=3153013&panchayat_name=TENUA&panchayat_code=3153013064&fin_year=2025-2026&source=&work_code=3153013064/LD/958486255825009970&msr_no=7573&AttendanceDate=25/03/2026&Digest=+nflCydkAYGhVJtibpurPg",10
"BASTI","KUDARAHA","TENUA","3153013064/LD/958486255825009970","7576","https://mnregaweb4.nic.in/nregaarch/View_NMMS_atten_date_dtl_rpt.aspx?page=&short_name=UP&state_name=UTTAR%20PRADESH&state_code=31&district_name=BASTI&district_code=3153&block_name=KUDARAHA&block_code=3153013&panchayat_name=TENUA&panchayat_code=3153013064&fin_year=2025-2026&source=&work_code=3153013064/LD/958486255825009970&msr_no=7576&AttendanceDate=25/03/2026&Digest=wWmaNc1heQOYpi2aOTXBww",7
"BASTI","KUDARAHA","TENUA","3153013064/LD/958486255825009975","7564","https://mnregaweb4.nic.in/nregaarch/View_NMMS_atten_date_dtl_rpt.aspx?page=&short_name=UP&state_name=UTTAR%20PRADESH&state_code=31&district_name=BASTI&district_code=3153&block_name=KUDARAHA&block_code=3153013&panchayat_name=TENUA&panchayat_code=3153013064&fin_year=2025-2026&source=&work_code=3153013064/LD/958486255825009975&msr_no=7564&AttendanceDate=25/03/2026&Digest=ZdUUojAe+wCdtGo7fXN0nQ",10
"BASTI","KUDARAHA","TENUA","3153013064/RC/958486255823716173","8047","https://mnregaweb4.nic.in/nregaarch/View_NMMS_atten_date_dtl_rpt.aspx?page=&short_name=UP&state_name=UTTAR%20PRADESH&state_code=31&district_name=BASTI&district_code=3153&block_name=KUDARAHA&block_code=3153013&panchayat_name=TENUA&panchayat_code=3153013064&fin_year=2025-2026&source=&work_code=3153013064/RC/958486255823716173&msr_no=8047&AttendanceDate=25/03/2026&Digest=xFUACIgIKkb4qrsAek51lw",3
"BASTI","KUDARAHA","BAIRARA MUSTAHKAM","3153013065/RC/958486255823740362","7948","https://mnregaweb4.nic.in/nregaarch/View_NMMS_atten_date_dtl_rpt.aspx?page=&short_name=UP&state_name=UTTAR%20PRADESH&state_code=31&district_name=BASTI&district_code=3153&block_name=KUDARAHA&block_code=3153013&panchayat_name=BAIRARA%20MUSTAHKAM&panchayat_code=3153013065&fin_year=2025-2026&source=&work_code=3153013065/RC/958486255823740362&msr_no=7948&AttendanceDate=25/03/2026&Digest=5q1hvg0qS/a22g8GNQzi1Q",10
"BASTI","KUDARAHA","BAIRARA MUSTAHKAM","3153013065/RC/958486255823740362","7951","https://mnregaweb4.nic.in/nregaarch/View_NMMS_atten_date_dtl_rpt.aspx?page=&short_name=UP&state_name=UTTAR%20PRADESH&state_code=31&district_name=BASTI&district_code=3153&block_name=KUDARAHA&block_code=3153013&panchayat_name=BAIRARA%20MUSTAHKAM&panchayat_code=3153013065&fin_year=2025-2026&source=&work_code=3153013065/RC/958486255823740362&msr_no=7951&AttendanceDate=25/03/2026&Digest=MvKGnipc9xZjvS6hTy67VQ",9
"BASTI","KUDARAHA","SISAI PANDIT","3153013068/RC/958486255823751403","8107","https://mnregaweb4.nic.in/nregaarch/View_NMMS_atten_date_dtl_rpt.aspx?page=&short_name=UP&state_name=UTTAR%20PRADESH&state_code=31&district_name=BASTI&district_code=3153&block_name=KUDARAHA&block_code=3153013&panchayat_name=SISAI%20PANDIT&panchayat_code=3153013068&fin_year=2025-2026&source=&work_code=3153013068/RC/958486255823751403&msr_no=8107&AttendanceDate=25/03/2026&Digest=Zjf0MIp9orPz5LMt3IqNMw",9
"BASTI","KUDARAHA","PIPARPATI EHATMALI","3153013071/RC/958486255823746233","8258","https://mnregaweb4.nic.in/nregaarch/View_NMMS_atten_date_dtl_rpt.aspx?page=&short_name=UP&state_name=UTTAR%20PRADESH&state_code=31&district_name=BASTI&district_code=3153&block_name=KUDARAHA&block_code=3153013&panchayat_name=PIPARPATI%20EHATMALI&panchayat_code=3153013071&fin_year=2025-2026&source=&work_code=3153013071/RC/958486255823746233&msr_no=8258&AttendanceDate=25/03/2026&Digest=is+JoYGBnq0WtmaqlvziJg",10
"BASTI","KUDARAHA","HARKHAILIYA URF MATIYARIA","3153013074/RC/YD/958486255823746860","7876","https://mnregaweb4.nic.in/nregaarch/View_NMMS_atten_date_dtl_rpt.aspx?page=&short_name=UP&state_name=UTTAR%20PRADESH&state_code=31&district_name=BASTI&district_code=3153&block_name=KUDARAHA&block_code=3153013&panchayat_name=HARKHAILIYA%20URF%20MATIYARIA&panchayat_code=3153013074&fin_year=2025-2026&source=&work_code=3153013074/RC/YD/958486255823746860&msr_no=7876&AttendanceDate=25/03/2026&Digest=0w+rB5W3YfYjOO/PU8t8EQ",10
"BASTI","KUDARAHA","HARKHAILIYA URF MATIYARIA","3153013074/RC/YD/958486255823746860","7879","https://mnregaweb4.nic.in/nregaarch/View_NMMS_atten_date_dtl_rpt.aspx?page=&short_name=UP&state_name=UTTAR%20PRADESH&state_code=31&district_name=BASTI&district_code=3153&block_name=KUDARAHA&block_code=3153013&panchayat_name=HARKHAILIYA%20URF%20MATIYARIA&panchayat_code=3153013074&fin_year=2025-2026&source=&work_code=3153013074/RC/YD/958486255823746860&msr_no=7879&AttendanceDate=25/03/2026&Digest=yBic2Zw7nfbp8mnFrW5u3Q",10
"BASTI","KUDARAHA","HARKHAILIYA URF MATIYARIA","3153013074/RC/YD/958486255823751079","8070","https://mnregaweb4.nic.in/nregaarch/View_NMMS_atten_date_dtl_rpt.aspx?page=&short_name=UP&state_name=UTTAR%20PRADESH&state_code=31&district_name=BASTI&district_code=3153&block_name=KUDARAHA&block_code=3153013&panchayat_name=HARKHAILIYA%20URF%20MATIYARIA&panchayat_code=3153013074&fin_year=2025-2026&source=&work_code=3153013074/RC/YD/958486255823751079&msr_no=8070&AttendanceDate=25/03/2026&Digest=ivkOc6faYT0NzUm5VVKykQ",10
"BASTI","KUDARAHA","RAGHAUPUR","3153013075/RC/958486255823592068","8104","https://mnregaweb4.nic.in/nregaarch/View_NMMS_atten_date_dtl_rpt.aspx?page=&short_name=UP&state_name=UTTAR%20PRADESH&state_code=31&district_name=BASTI&district_code=3153&block_name=KUDARAHA&block_code=3153013&panchayat_name=RAGHAUPUR&panchayat_code=3153013075&fin_year=2025-2026&source=&work_code=3153013075/RC/958486255823592068&msr_no=8104&AttendanceDate=25/03/2026&Digest=lyiT//b/3ro6KMp5J2GLZw",9
"BASTI","KUDARAHA","RAGHAUPUR","3153013075/RC/958486255823592073","8105","https://mnregaweb4.nic.in/nregaarch/View_NMMS_atten_date_dtl_rpt.aspx?page=&short_name=UP&state_name=UTTAR%20PRADESH&state_code=31&district_name=BASTI&district_code=3153&block_name=KUDARAHA&block_code=3153013&panchayat_name=RAGHAUPUR&panchayat_code=3153013075&fin_year=2025-2026&source=&work_code=3153013075/RC/958486255823592073&msr_no=8105&AttendanceDate=25/03/2026&Digest=zTiPiLeNCy1jpVKh0sLPKg",8
"BASTI","KUDARAHA","UJIYANATPUR","3153013077/RC/958486255823310757","8242","https://mnregaweb4.nic.in/nregaarch/View_NMMS_atten_date_dtl_rpt.aspx?page=&short_name=UP&state_name=UTTAR%20PRADESH&state_code=31&district_name=BASTI&district_code=3153&block_name=KUDARAHA&block_code=3153013&panchayat_name=UJIYANATPUR&panchayat_code=3153013077&fin_year=2025-2026&source=&work_code=3153013077/RC/958486255823310757&msr_no=8242&AttendanceDate=25/03/2026&Digest=uwsZT+Vyt9oZFXJbWgZs7Q",7
"BASTI","KUDARAHA","UJIYANATPUR","3153013077/RC/958486255823654392","8282","https://mnregaweb4.nic.in/nregaarch/View_NMMS_atten_date_dtl_rpt.aspx?page=&short_name=UP&state_name=UTTAR%20PRADESH&state_code=31&district_name=BASTI&district_code=3153&block_name=KUDARAHA&block_code=3153013&panchayat_name=UJIYANATPUR&panchayat_code=3153013077&fin_year=2025-2026&source=&work_code=3153013077/RC/958486255823654392&msr_no=8282&AttendanceDate=25/03/2026&Digest=WOny6qAqD6xQiSL2sDhYig",10
"BASTI","KUDARAHA","UJIYANATPUR","3153013077/RC/958486255823654404","8277","https://mnregaweb4.nic.in/nregaarch/View_NMMS_atten_date_dtl_rpt.aspx?page=&short_name=UP&state_name=UTTAR%20PRADESH&state_code=31&district_name=BASTI&district_code=3153&block_name=KUDARAHA&block_code=3153013&panchayat_name=UJIYANATPUR&panchayat_code=3153013077&fin_year=2025-2026&source=&work_code=3153013077/RC/958486255823654404&msr_no=8277&AttendanceDate=25/03/2026&Digest=13O6vc9rLMBzkgoilFqWIQ",10
"BASTI","KUDARAHA","DAIJI","3153013078/RC/958486255823747071","7787","https://mnregaweb4.nic.in/nregaarch/View_NMMS_atten_date_dtl_rpt.aspx?page=&short_name=UP&state_name=UTTAR%20PRADESH&state_code=31&district_name=BASTI&district_code=3153&block_name=KUDARAHA&block_code=3153013&panchayat_name=DAIJI&panchayat_code=3153013078&fin_year=2025-2026&source=&work_code=3153013078/RC/958486255823747071&msr_no=7787&AttendanceDate=25/03/2026&Digest=VHvzVik0khQt/k4uCH5nNg",10
"BASTI","PARAS RAMPUR","BICHHIYA MISHRA","3153001013/RC/958486255823737450","9361","https://mnregaweb4.nic.in/nregaarch/View_NMMS_atten_date_dtl_rpt.aspx?page=&short_name=UP&state_name=UTTAR%20PRADESH&state_code=31&district_name=BASTI&district_code=3153&block_name=PARAS%20RAMPUR&block_code=3153001&panchayat_name=BICHHIYA%20MISHRA&panchayat_code=3153001013&fin_year=2025-2026&source=&work_code=3153001013/RC/958486255823737450&msr_no=9361&AttendanceDate=25/03/2026&Digest=64luWcrfwnTtAZPX7BJ9Jw",4
"BASTI","PARAS RAMPUR","BICHNAIYA PANDEY","3153001014/RC/958486255823646065","9507","https://mnregaweb4.nic.in/nregaarch/View_NMMS_atten_date_dtl_rpt.aspx?page=&short_name=UP&state_name=UTTAR%20PRADESH&state_code=31&district_name=BASTI&district_code=3153&block_name=PARAS%20RAMPUR&block_code=3153001&panchayat_name=BICHNAIYA%20PANDEY&panchayat_code=3153001014&fin_year=2025-2026&source=&work_code=3153001014/RC/958486255823646065&msr_no=9507&AttendanceDate=25/03/2026&Digest=leQK5jZh6c1gJ9ZskgM0Aw",4
"BASTI","PARAS RAMPUR","CHAORI","3153001015/LD/958486255825005262","9375","https://mnregaweb4.nic.in/nregaarch/View_NMMS_atten_date_dtl_rpt.aspx?page=&short_name=UP&state_name=UTTAR%20PRADESH&state_code=31&district_name=BASTI&district_code=3153&block_name=PARAS%20RAMPUR&block_code=3153001&panchayat_name=CHAORI&panchayat_code=3153001015&fin_year=2025-2026&source=&work_code=3153001015/LD/958486255825005262&msr_no=9375&AttendanceDate=25/03/2026&Digest=nfSYU309rRBp8ETLIYEd4Q",7
"BASTI","PARAS RAMPUR","KARIGHNA","3153001038/RC/958486255823697763","9672","https://mnregaweb4.nic.in/nregaarch/View_NMMS_atten_date_dtl_rpt.aspx?page=&short_name=UP&state_name=UTTAR%20PRADESH&state_code=31&district_name=BASTI&district_code=3153&block_name=PARAS%20RAMPUR&block_code=3153001&panchayat_name=KARIGHNA&panchayat_code=3153001038&fin_year=2025-2026&source=&work_code=3153001038/RC/958486255823697763&msr_no=9672&AttendanceDate=25/03/2026&Digest=8iBv49WHrvpHpHwWtAyoPw",2
"BASTI","PARAS RAMPUR","KISHUNPUR","3153001043/RC/958486255823728851","9561","https://mnregaweb4.nic.in/nregaarch/View_NMMS_atten_date_dtl_rpt.aspx?page=&short_name=UP&state_name=UTTAR%20PRADESH&state_code=31&district_name=BASTI&district_code=3153&block_name=PARAS%20RAMPUR&block_code=3153001&panchayat_name=KISHUNPUR&panchayat_code=3153001043&fin_year=2025-2026&source=&work_code=3153001043/RC/958486255823728851&msr_no=9561&AttendanceDate=25/03/2026&Digest=VCKaL0SZtxBCRDIqiBJ5xQ",9
"BASTI","PARAS RAMPUR","KISHUNPUR","3153001043/RC/958486255823728851","9564","https://mnregaweb4.nic.in/nregaarch/View_NMMS_atten_date_dtl_rpt.aspx?page=&short_name=UP&state_name=UTTAR%20PRADESH&state_code=31&district_name=BASTI&district_code=3153&block_name=PARAS%20RAMPUR&block_code=3153001&panchayat_name=KISHUNPUR&panchayat_code=3153001043&fin_year=2025-2026&source=&work_code=3153001043/RC/958486255823728851&msr_no=9564&AttendanceDate=25/03/2026&Digest=KE4rDV5Cz2uPUdEaovnrsw",7
"BASTI","PARAS RAMPUR","NAGPUR (KUVAR)","3153001054/LD/958486255824934307","9552","https://mnregaweb4.nic.in/nregaarch/View_NMMS_atten_date_dtl_rpt.aspx?page=&short_name=UP&state_name=UTTAR%20PRADESH&state_code=31&district_name=BASTI&district_code=3153&block_name=PARAS%20RAMPUR&block_code=3153001&panchayat_name=NAGPUR%20(KUVAR)&panchayat_code=3153001054&fin_year=2025-2026&source=&work_code=3153001054/LD/958486255824934307&msr_no=9552&AttendanceDate=25/03/2026&Digest=yiO2ewEvd2hiXNhqKtrI8g",10
"BASTI","PARAS RAMPUR","PADARI BABU","3153001062/RC/958486255823721426","9393","https://mnregaweb4.nic.in/nregaarch/View_NMMS_atten_date_dtl_rpt.aspx?page=&short_name=UP&state_name=UTTAR%20PRADESH&state_code=31&district_name=BASTI&district_code=3153&block_name=PARAS%20RAMPUR&block_code=3153001&panchayat_name=PADARI%20BABU&panchayat_code=3153001062&fin_year=2025-2026&source=&work_code=3153001062/RC/958486255823721426&msr_no=9393&AttendanceDate=25/03/2026&Digest=Z+BsuOLmi5jNMvxZiBKxbw",8
"BASTI","SALTAUA GOPAL PUR","PARSHA DMYA","3153007059/RC/958486255823651451","5535","https://mnregaweb4.nic.in/nregaarch/View_NMMS_atten_date_dtl_rpt.aspx?page=&short_name=UP&state_name=UTTAR%20PRADESH&state_code=31&district_name=BASTI&district_code=3153&block_name=SALTAUA%20GOPAL%20PUR&block_code=3153007&panchayat_name=PARSHA%20DMYA&panchayat_code=3153007059&fin_year=2025-2026&source=&work_code=3153007059/RC/958486255823651451&msr_no=5535&AttendanceDate=25/03/2026&Digest=yhkfHiXDU9CiauNu9SdXwg",7
"BASTI","SALTAUA GOPAL PUR","KHARHARA JAPTI","3153007083/IC/958486255823744669","5470","https://mnregaweb4.nic.in/nregaarch/View_NMMS_atten_date_dtl_rpt.aspx?page=&short_name=UP&state_name=UTTAR%20PRADESH&state_code=31&district_name=BASTI&district_code=3153&block_name=SALTAUA%20GOPAL%20PUR&block_code=3153007&panchayat_name=KHARHARA%20JAPTI&panchayat_code=3153007083&fin_year=2025-2026&source=&work_code=3153007083/IC/958486255823744669&msr_no=5470&AttendanceDate=25/03/2026&Digest=bhC2vV3BO/OiK/sJmIckxA",3
"BASTI","SALTAUA GOPAL PUR","KHARHARA JAPTI","3153007083/IC/958486255823744669","5473","https://mnregaweb4.nic.in/nregaarch/View_NMMS_atten_date_dtl_rpt.aspx?page=&short_name=UP&state_name=UTTAR%20PRADESH&state_code=31&district_name=BASTI&district_code=3153&block_name=SALTAUA%20GOPAL%20PUR&block_code=3153007&panchayat_name=KHARHARA%20JAPTI&panchayat_code=3153007083&fin_year=2025-2026&source=&work_code=3153007083/IC/958486255823744669&msr_no=5473&AttendanceDate=25/03/2026&Digest=zXn4fsFFDRzPFeTDlSn+pw",5
"BASTI","SALTAUA GOPAL PUR","KEVTAKHOR","3153007087/RC/958486255823682901","5432","https://mnregaweb4.nic.in/nregaarch/View_NMMS_atten_date_dtl_rpt.aspx?page=&short_name=UP&state_name=UTTAR%20PRADESH&state_code=31&district_name=BASTI&district_code=3153&block_name=SALTAUA%20GOPAL%20PUR&block_code=3153007&panchayat_name=KEVTAKHOR&panchayat_code=3153007087&fin_year=2025-2026&source=&work_code=3153007087/RC/958486255823682901&msr_no=5432&AttendanceDate=25/03/2026&Digest=FqtFuFbSitV1UyG3yhZmVQ",1
"BASTI","SALTAUA GOPAL PUR","MUDBARA","3153007090/LD/958486255825006022","5489","https://mnregaweb4.nic.in/nregaarch/View_NMMS_atten_date_dtl_rpt.aspx?page=&short_name=UP&state_name=UTTAR%20PRADESH&state_code=31&district_name=BASTI&district_code=3153&block_name=SALTAUA%20GOPAL%20PUR&block_code=3153007&panchayat_name=MUDBARA&panchayat_code=3153007090&fin_year=2025-2026&source=&work_code=3153007090/LD/958486255825006022&msr_no=5489&AttendanceDate=25/03/2026&Digest=G2I4GT+Jkh0afbQAVy52uQ",8
"BASTI","SAU GHAT","ANDA","3153009002/RC/958486255823626058","3358","https://mnregaweb4.nic.in/nregaarch/View_NMMS_atten_date_dtl_rpt.aspx?page=&short_name=UP&state_name=UTTAR%20PRADESH&state_code=31&district_name=BASTI&district_code=3153&block_name=SAU%20GHAT&block_code=3153009&panchayat_name=ANDA&panchayat_code=3153009002&fin_year=2025-2026&source=&work_code=3153009002/RC/958486255823626058&msr_no=3358&AttendanceDate=25/03/2026&Digest=nkdlAXvLRD2nd8vsk+43WA",1
"BASTI","SAU GHAT","ANDA","3153009002/RC/958486255823685103","3383","https://mnregaweb4.nic.in/nregaarch/View_NMMS_atten_date_dtl_rpt.aspx?page=&short_name=UP&state_name=UTTAR%20PRADESH&state_code=31&district_name=BASTI&district_code=3153&block_name=SAU%20GHAT&block_code=3153009&panchayat_name=ANDA&panchayat_code=3153009002&fin_year=2025-2026&source=&work_code=3153009002/RC/958486255823685103&msr_no=3383&AttendanceDate=25/03/2026&Digest=qsCyY7J4q/SXWvrJAMVq4g",4
"BASTI","SAU GHAT","ANDA","3153009002/RC/958486255823685103","3386","https://mnregaweb4.nic.in/nregaarch/View_NMMS_atten_date_dtl_rpt.aspx?page=&short_name=UP&state_name=UTTAR%20PRADESH&state_code=31&district_name=BASTI&district_code=3153&block_name=SAU%20GHAT&block_code=3153009&panchayat_name=ANDA&panchayat_code=3153009002&fin_year=2025-2026&source=&work_code=3153009002/RC/958486255823685103&msr_no=3386&AttendanceDate=25/03/2026&Digest=1dZW/YKVJzV4ZT+vjI89qg",6
"BASTI","VIKRAM JOT","BATAULI","3153004009/RC/958486255823729776","5846","https://mnregaweb4.nic.in/nregaarch/View_NMMS_atten_date_dtl_rpt.aspx?page=&short_name=UP&state_name=UTTAR%20PRADESH&state_code=31&district_name=BASTI&district_code=3153&block_name=VIKRAM%20JOT&block_code=3153004&panchayat_name=BATAULI&panchayat_code=3153004009&fin_year=2025-2026&source=&work_code=3153004009/RC/958486255823729776&msr_no=5846&AttendanceDate=25/03/2026&Digest=YdgPGsigePHg+BrED7A22w",4
"BASTI","VIKRAM JOT","DAHDA MISHRA","3153004015/LD/958486255824958089","5807","https://mnregaweb4.nic.in/nregaarch/View_NMMS_atten_date_dtl_rpt.aspx?page=&short_name=UP&state_name=UTTAR%20PRADESH&state_code=31&district_name=BASTI&district_code=3153&block_name=VIKRAM%20JOT&block_code=3153004&panchayat_name=DAHDA%20MISHRA&panchayat_code=3153004015&fin_year=2025-2026&source=&work_code=3153004015/LD/958486255824958089&msr_no=5807&AttendanceDate=25/03/2026&Digest=icGl7DGOdwlWORZgt4CAkA",7
"BASTI","VIKRAM JOT","EKMA HIRANIYA","3153004043/RC/958486255823725143","5961","https://mnregaweb4.nic.in/nregaarch/View_NMMS_atten_date_dtl_rpt.aspx?page=&short_name=UP&state_name=UTTAR%20PRADESH&state_code=31&district_name=BASTI&district_code=3153&block_name=VIKRAM%20JOT&block_code=3153004&panchayat_name=EKMA%20HIRANIYA&panchayat_code=3153004043&fin_year=2025-2026&source=&work_code=3153004043/RC/958486255823725143&msr_no=5961&AttendanceDate=25/03/2026&Digest=AMHN3MlQDiOsZdLm2cfmSQ",10
"BASTI","VIKRAM JOT","PURE CHETAN","3153004053/RC/958486255823731818","5896","https://mnregaweb4.nic.in/nregaarch/View_NMMS_atten_date_dtl_rpt.aspx?page=&short_name=UP&state_name=UTTAR%20PRADESH&state_code=31&district_name=BASTI&district_code=3153&block_name=VIKRAM%20JOT&block_code=3153004&panchayat_name=PURE%20CHETAN&panchayat_code=3153004053&fin_year=2025-2026&source=&work_code=3153004053/RC/958486255823731818&msr_no=5896&AttendanceDate=25/03/2026&Digest=yNoDCiiooljTaxCu5ZlIOw",9
"BASTI","VIKRAM JOT","JAMAULIYA MAFI","3153004077/RC/958486255823518295","5794","https://mnregaweb4.nic.in/nregaarch/View_NMMS_atten_date_dtl_rpt.aspx?page=&short_name=UP&state_name=UTTAR%20PRADESH&state_code=31&district_name=BASTI&district_code=3153&block_name=VIKRAM%20JOT&block_code=3153004&panchayat_name=JAMAULIYA%20MAFI&panchayat_code=3153004077&fin_year=2025-2026&source=&work_code=3153004077/RC/958486255823518295&msr_no=5794&AttendanceDate=25/03/2026&Digest=d/w/TFQKLxVTWCDsU6k+JQ",1
"BASTI","PARAS RAMPUR","NAGPUR (KUVAR)","3153001054/LD/958486255824934307","9553","https://mnregaweb4.nic.in/nregaarch/View_NMMS_atten_date_dtl_rpt.aspx?page=&short_name=UP&state_name=UTTAR%20PRADESH&state_code=31&district_name=BASTI&district_code=3153&block_name=PARAS%20RAMPUR&block_code=3153001&panchayat_name=NAGPUR%20(KUVAR)&panchayat_code=3153001054&fin_year=2025-2026&source=&work_code=3153001054/LD/958486255824934307&msr_no=9553&AttendanceDate=25/03/2026&Digest=wab6JAFTLx33XBpFanOtOw",9
"BASTI","PARAS RAMPUR","NAGPUR TIKAYT","3153001055/LD/958486255824641104","9457","https://mnregaweb4.nic.in/nregaarch/View_NMMS_atten_date_dtl_rpt.aspx?page=&short_name=UP&state_name=UTTAR%20PRADESH&state_code=31&district_name=BASTI&district_code=3153&block_name=PARAS%20RAMPUR&block_code=3153001&panchayat_name=NAGPUR%20TIKAYT&panchayat_code=3153001055&fin_year=2025-2026&source=&work_code=3153001055/LD/958486255824641104&msr_no=9457&AttendanceDate=25/03/2026&Digest=BPMNAYcRMNuAR8AHTaA11g",9
"BASTI","PARAS RAMPUR","NANADNAGAR","3153001056/WH/958486255823988945","9523","https://mnregaweb4.nic.in/nregaarch/View_NMMS_atten_date_dtl_rpt.aspx?page=&short_name=UP&state_name=UTTAR%20PRADESH&state_code=31&district_name=BASTI&district_code=3153&block_name=PARAS%20RAMPUR&block_code=3153001&panchayat_name=NANADNAGAR&panchayat_code=3153001056&fin_year=2025-2026&source=&work_code=3153001056/WH/958486255823988945&msr_no=9523&AttendanceDate=25/03/2026&Digest=uuoimQMLtHHcJvtnkER/4g",10
"BASTI","PARAS RAMPUR","RIDHAURA","3153001072/AV/958486255824186487","9387","https://mnregaweb4.nic.in/nregaarch/View_NMMS_atten_date_dtl_rpt.aspx?page=&short_name=UP&state_name=UTTAR%20PRADESH&state_code=31&district_name=BASTI&district_code=3153&block_name=PARAS%20RAMPUR&block_code=3153001&panchayat_name=RIDHAURA&panchayat_code=3153001072&fin_year=2025-2026&source=&work_code=3153001072/AV/958486255824186487&msr_no=9387&AttendanceDate=25/03/2026&Digest=IHwuFxM1Dgs3qqC/SYfAMw",9
"BASTI","PARAS RAMPUR","SUKRAULI KUWAR","3153001078/AV/958486255824186356","9603","https://mnregaweb4.nic.in/nregaarch/View_NMMS_atten_date_dtl_rpt.aspx?page=&short_name=UP&state_name=UTTAR%20PRADESH&state_code=31&district_name=BASTI&district_code=3153&block_name=PARAS%20RAMPUR&block_code=3153001&panchayat_name=SUKRAULI%20KUWAR&panchayat_code=3153001078&fin_year=2025-2026&source=&work_code=3153001078/AV/958486255824186356&msr_no=9603&AttendanceDate=25/03/2026&Digest=r/cNVkhdZyaV8ZFxNEKIUg",3
"BASTI","PARAS RAMPUR","SUKRAULI KUWAR","3153001078/RC/958486255823732695","9606","https://mnregaweb4.nic.in/nregaarch/View_NMMS_atten_date_dtl_rpt.aspx?page=&short_name=UP&state_name=UTTAR%20PRADESH&state_code=31&district_name=BASTI&district_code=3153&block_name=PARAS%20RAMPUR&block_code=3153001&panchayat_name=SUKRAULI%20KUWAR&panchayat_code=3153001078&fin_year=2025-2026&source=&work_code=3153001078/RC/958486255823732695&msr_no=9606&AttendanceDate=25/03/2026&Digest=tVcxePJofd3DFq+oizUREA",4
"BASTI","PARAS RAMPUR","DHOSHAR MISHRA","3153001085/LD/958486255824966588","9454","https://mnregaweb4.nic.in/nregaarch/View_NMMS_atten_date_dtl_rpt.aspx?page=&short_name=UP&state_name=UTTAR%20PRADESH&state_code=31&district_name=BASTI&district_code=3153&block_name=PARAS%20RAMPUR&block_code=3153001&panchayat_name=DHOSHAR%20MISHRA&panchayat_code=3153001085&fin_year=2025-2026&source=&work_code=3153001085/LD/958486255824966588&msr_no=9454&AttendanceDate=25/03/2026&Digest=+wmWB0sI1xKKfuPkZQcwrA",10
"BASTI","PARAS RAMPUR","MUKUND PUR","3153001091/WC/958486255824209000","9595","https://mnregaweb4.nic.in/nregaarch/View_NMMS_atten_date_dtl_rpt.aspx?page=&short_name=UP&state_name=UTTAR%20PRADESH&state_code=31&district_name=BASTI&district_code=3153&block_name=PARAS%20RAMPUR&block_code=3153001&panchayat_name=MUKUND%20PUR&panchayat_code=3153001091&fin_year=2025-2026&source=&work_code=3153001091/WC/958486255824209000&msr_no=9595&AttendanceDate=25/03/2026&Digest=fw8HTWRU4Khxz6OeDBpqGQ",10
"BASTI","PARAS RAMPUR","BILARI BHITI","3153001092/RC/958486255823708508","9700","https://mnregaweb4.nic.in/nregaarch/View_NMMS_atten_date_dtl_rpt.aspx?page=&short_name=UP&state_name=UTTAR%20PRADESH&state_code=31&district_name=BASTI&district_code=3153&block_name=PARAS%20RAMPUR&block_code=3153001&panchayat_name=BILARI%20BHITI&panchayat_code=3153001092&fin_year=2025-2026&source=&work_code=3153001092/RC/958486255823708508&msr_no=9700&AttendanceDate=25/03/2026&Digest=zCoT59oBoEYEcTgmlTXVTw",10
"BASTI","PARAS RAMPUR","RAMPUR NAV NIDHI RAI","3153001096/LD/958486255824671641","9619","https://mnregaweb4.nic.in/nregaarch/View_NMMS_atten_date_dtl_rpt.aspx?page=&short_name=UP&state_name=UTTAR%20PRADESH&state_code=31&district_name=BASTI&district_code=3153&block_name=PARAS%20RAMPUR&block_code=3153001&panchayat_name=RAMPUR%20NAV%20NIDHI%20RAI&panchayat_code=3153001096&fin_year=2025-2026&source=&work_code=3153001096/LD/958486255824671641&msr_no=9619&AttendanceDate=25/03/2026&Digest=SK9jwT2YuFFkdlEKJqiyZQ",9
"BASTI","PARAS RAMPUR","SEHARIYA MADHUKARPUR","3153001097/LD/958486255824741360","9607","https://mnregaweb4.nic.in/nregaarch/View_NMMS_atten_date_dtl_rpt.aspx?page=&short_name=UP&state_name=UTTAR%20PRADESH&state_code=31&district_name=BASTI&district_code=3153&block_name=PARAS%20RAMPUR&block_code=3153001&panchayat_name=SEHARIYA%20MADHUKARPUR&panchayat_code=3153001097&fin_year=2025-2026&source=&work_code=3153001097/LD/958486255824741360&msr_no=9607&AttendanceDate=25/03/2026&Digest=4XtlDFJsY1SMUY0lgHphrg",8
"BASTI","PARAS RAMPUR","SEHARIYA MAGNAPUR","3153001098/AV/958486255824186902","9359","https://mnregaweb4.nic.in/nregaarch/View_NMMS_atten_date_dtl_rpt.aspx?page=&short_name=UP&state_name=UTTAR%20PRADESH&state_code=31&district_name=BASTI&district_code=3153&block_name=PARAS%20RAMPUR&block_code=3153001&panchayat_name=SEHARIYA%20MAGNAPUR&panchayat_code=3153001098&fin_year=2025-2026&source=&work_code=3153001098/AV/958486255824186902&msr_no=9359&AttendanceDate=25/03/2026&Digest=ApSRmzwGwUoPpHLWKsXnDg",3
"BASTI","PARAS RAMPUR","TALHVAPUR","3153001101/RC/958486255823641967","9669","https://mnregaweb4.nic.in/nregaarch/View_NMMS_atten_date_dtl_rpt.aspx?page=&short_name=UP&state_name=UTTAR%20PRADESH&state_code=31&district_name=BASTI&district_code=3153&block_name=PARAS%20RAMPUR&block_code=3153001&panchayat_name=TALHVAPUR&panchayat_code=3153001101&fin_year=2025-2026&source=&work_code=3153001101/RC/958486255823641967&msr_no=9669&AttendanceDate=25/03/2026&Digest=iN4YHTxjiVbJXMv1YMQXLw",4
"BASTI","PARAS RAMPUR","JAMOLIYA PANDEY","3153001102/RC/958486255823726351","9527","https://mnregaweb4.nic.in/nregaarch/View_NMMS_atten_date_dtl_rpt.aspx?page=&short_name=UP&state_name=UTTAR%20PRADESH&state_code=31&district_name=BASTI&district_code=3153&block_name=PARAS%20RAMPUR&block_code=3153001&panchayat_name=JAMOLIYA%20PANDEY&panchayat_code=3153001102&fin_year=2025-2026&source=&work_code=3153001102/RC/958486255823726351&msr_no=9527&AttendanceDate=25/03/2026&Digest=xUP/k6C1EKY5pFH91nQxqw",9
"BASTI","PARAS RAMPUR","JAMOLIYA PANDEY","3153001102/RC/958486255823726351","9530","https://mnregaweb4.nic.in/nregaarch/View_NMMS_atten_date_dtl_rpt.aspx?page=&short_name=UP&state_name=UTTAR%20PRADESH&state_code=31&district_name=BASTI&district_code=3153&block_name=PARAS%20RAMPUR&block_code=3153001&panchayat_name=JAMOLIYA%20PANDEY&panchayat_code=3153001102&fin_year=2025-2026&source=&work_code=3153001102/RC/958486255823726351&msr_no=9530&AttendanceDate=25/03/2026&Digest=iImaLj1kNlv2PiNbmwA6qQ",4
"BASTI","PARAS RAMPUR","LACHHIPUR","3153001106/LD/958486255824900960","9289","https://mnregaweb4.nic.in/nregaarch/View_NMMS_atten_date_dtl_rpt.aspx?page=&short_name=UP&state_name=UTTAR%20PRADESH&state_code=31&district_name=BASTI&district_code=3153&block_name=PARAS%20RAMPUR&block_code=3153001&panchayat_name=LACHHIPUR&panchayat_code=3153001106&fin_year=2025-2026&source=&work_code=3153001106/LD/958486255824900960&msr_no=9289&AttendanceDate=25/03/2026&Digest=MWSDi2bHZ+2+TJk9j+Gc2Q",9
"BASTI","PARAS RAMPUR","LACHHIPUR","3153001106/LD/958486255824901004","9293","https://mnregaweb4.nic.in/nregaarch/View_NMMS_atten_date_dtl_rpt.aspx?page=&short_name=UP&state_name=UTTAR%20PRADESH&state_code=31&district_name=BASTI&district_code=3153&block_name=PARAS%20RAMPUR&block_code=3153001&panchayat_name=LACHHIPUR&panchayat_code=3153001106&fin_year=2025-2026&source=&work_code=3153001106/LD/958486255824901004&msr_no=9293&AttendanceDate=25/03/2026&Digest=I5iBluOSdIgxEpurtgcbNQ",9
"BASTI","PARAS RAMPUR","LACHHIPUR","3153001106/RC/958486255823743756","9690","https://mnregaweb4.nic.in/nregaarch/View_NMMS_atten_date_dtl_rpt.aspx?page=&short_name=UP&state_name=UTTAR%20PRADESH&state_code=31&district_name=BASTI&district_code=3153&block_name=PARAS%20RAMPUR&block_code=3153001&panchayat_name=LACHHIPUR&panchayat_code=3153001106&fin_year=2025-2026&source=&work_code=3153001106/RC/958486255823743756&msr_no=9690&AttendanceDate=25/03/2026&Digest=c0Zmo1MVSywCNFc2bBjt7Q",9
"BASTI","PARAS RAMPUR","LACHHIPUR","3153001106/WC/958486255824214723","9517","https://mnregaweb4.nic.in/nregaarch/View_NMMS_atten_date_dtl_rpt.aspx?page=&short_name=UP&state_name=UTTAR%20PRADESH&state_code=31&district_name=BASTI&district_code=3153&block_name=PARAS%20RAMPUR&block_code=3153001&panchayat_name=LACHHIPUR&panchayat_code=3153001106&fin_year=2025-2026&source=&work_code=3153001106/WC/958486255824214723&msr_no=9517&AttendanceDate=25/03/2026&Digest=VrVvPOb7jO8r++hb0ebFdQ",10
"BASTI","RAMNAGAR","AHIRAULA","3153006002/RC/958486255823713516","6143","https://mnregaweb4.nic.in/nregaarch/View_NMMS_atten_date_dtl_rpt.aspx?page=&short_name=UP&state_name=UTTAR%20PRADESH&state_code=31&district_name=BASTI&district_code=3153&block_name=RAMNAGAR&block_code=3153006&panchayat_name=AHIRAULA&panchayat_code=3153006002&fin_year=2025-2026&source=&work_code=3153006002/RC/958486255823713516&msr_no=6143&AttendanceDate=25/03/2026&Digest=+igVFA0ZhxLG6p52zBfpCQ",8
"BASTI","RAMNAGAR","BANGAWAN","3153006008/LD/958486255825006435","6065","https://mnregaweb4.nic.in/nregaarch/View_NMMS_atten_date_dtl_rpt.aspx?page=&short_name=UP&state_name=UTTAR%20PRADESH&state_code=31&district_name=BASTI&district_code=3153&block_name=RAMNAGAR&block_code=3153006&panchayat_name=BANGAWAN&panchayat_code=3153006008&fin_year=2025-2026&source=&work_code=3153006008/LD/958486255825006435&msr_no=6065&AttendanceDate=25/03/2026&Digest=kuQ0gN6aa3ffj1ZmQhEtVw",3
"BASTI","RAMNAGAR","BHIVAPAR","3153006017/IC/958486255823743150","6166","https://mnregaweb4.nic.in/nregaarch/View_NMMS_atten_date_dtl_rpt.aspx?page=&short_name=UP&state_name=UTTAR%20PRADESH&state_code=31&district_name=BASTI&district_code=3153&block_name=RAMNAGAR&block_code=3153006&panchayat_name=BHIVAPAR&panchayat_code=3153006017&fin_year=2025-2026&source=&work_code=3153006017/IC/958486255823743150&msr_no=6166&AttendanceDate=25/03/2026&Digest=HaWtEdz9SeBDnbBDlkv2AA",8
"BASTI","RAMNAGAR","BHIVAPAR","3153006017/RC/958486255823744393","6013","https://mnregaweb4.nic.in/nregaarch/View_NMMS_atten_date_dtl_rpt.aspx?page=&short_name=UP&state_name=UTTAR%20PRADESH&state_code=31&district_name=BASTI&district_code=3153&block_name=RAMNAGAR&block_code=3153006&panchayat_name=BHIVAPAR&panchayat_code=3153006017&fin_year=2025-2026&source=&work_code=3153006017/RC/958486255823744393&msr_no=6013&AttendanceDate=25/03/2026&Digest=XftZvSGyzbFxKUfpwZnKOw",9
"BASTI","RAMNAGAR","CHAISAR","3153006020/RC/958486255823746238","6186","https://mnregaweb4.nic.in/nregaarch/View_NMMS_atten_date_dtl_rpt.aspx?page=&short_name=UP&state_name=UTTAR%20PRADESH&state_code=31&district_name=BASTI&district_code=3153&block_name=RAMNAGAR&block_code=3153006&panchayat_name=CHAISAR&panchayat_code=3153006020&fin_year=2025-2026&source=&work_code=3153006020/RC/958486255823746238&msr_no=6186&AttendanceDate=25/03/2026&Digest=raaxRRdqUw1Cksk7+9D0yw",5
"BASTI","RAMNAGAR","LODHAVA","3153006040/LD/958486255824981623","6123","https://mnregaweb4.nic.in/nregaarch/View_NMMS_atten_date_dtl_rpt.aspx?page=&short_name=UP&state_name=UTTAR%20PRADESH&state_code=31&district_name=BASTI&district_code=3153&block_name=RAMNAGAR&block_code=3153006&panchayat_name=LODHAVA&panchayat_code=3153006040&fin_year=2025-2026&source=&work_code=3153006040/LD/958486255824981623&msr_no=6123&AttendanceDate=25/03/2026&Digest=cweAHem2ejSZFRcOgkLljA",6
"BASTI","RAMNAGAR","MAJHARI BAZAR","3153006042/RC/958486255823749133","5996","https://mnregaweb4.nic.in/nregaarch/View_NMMS_atten_date_dtl_rpt.aspx?page=&short_name=UP&state_name=UTTAR%20PRADESH&state_code=31&district_name=BASTI&district_code=3153&block_name=RAMNAGAR&block_code=3153006&panchayat_name=MAJHARI%20BAZAR&panchayat_code=3153006042&fin_year=2025-2026&source=&work_code=3153006042/RC/958486255823749133&msr_no=5996&AttendanceDate=25/03/2026&Digest=+2t4HqZ4dZeY5tl5XmXsHg",6
"BASTI","RAMNAGAR","PAKADI","3153006049/RC/958486255823736309","6172","https://mnregaweb4.nic.in/nregaarch/View_NMMS_atten_date_dtl_rpt.aspx?page=&short_name=UP&state_name=UTTAR%20PRADESH&state_code=31&district_name=BASTI&district_code=3153&block_name=RAMNAGAR&block_code=3153006&panchayat_name=PAKADI&panchayat_code=3153006049&fin_year=2025-2026&source=&work_code=3153006049/RC/958486255823736309&msr_no=6172&AttendanceDate=25/03/2026&Digest=Kb6XCl3u08kAfecPUTMNBg",5
"BASTI","RAMNAGAR","KAULPUR","3153006075/RC/958486255823750669","6198","https://mnregaweb4.nic.in/nregaarch/View_NMMS_atten_date_dtl_rpt.aspx?page=&short_name=UP&state_name=UTTAR%20PRADESH&state_code=31&district_name=BASTI&district_code=3153&block_name=RAMNAGAR&block_code=3153006&panchayat_name=KAULPUR&panchayat_code=3153006075&fin_year=2025-2026&source=&work_code=3153006075/RC/958486255823750669&msr_no=6198&AttendanceDate=25/03/2026&Digest=tzY12dVDX8cDeVeLoBVnbQ",3
"BASTI","RAMNAGAR","MAILANI URF HINDU NAGAR","3153006079/RC/958486255823685884","6075","https://mnregaweb4.nic.in/nregaarch/View_NMMS_atten_date_dtl_rpt.aspx?page=&short_name=UP&state_name=UTTAR%20PRADESH&state_code=31&district_name=BASTI&district_code=3153&block_name=RAMNAGAR&block_code=3153006&panchayat_name=MAILANI%20URF%20HINDU%20NAGAR&panchayat_code=3153006079&fin_year=2025-2026&source=&work_code=3153006079/RC/958486255823685884&msr_no=6075&AttendanceDate=25/03/2026&Digest=OlZ4DZbFkTRwEUEUL3eJtg",8
"BASTI","RAMNAGAR","MAILANI URF HINDU NAGAR","3153006079/RC/958486255823731816","6073","https://mnregaweb4.nic.in/nregaarch/View_NMMS_atten_date_dtl_rpt.aspx?page=&short_name=UP&state_name=UTTAR%20PRADESH&state_code=31&district_name=BASTI&district_code=3153&block_name=RAMNAGAR&block_code=3153006&panchayat_name=MAILANI%20URF%20HINDU%20NAGAR&panchayat_code=3153006079&fin_year=2025-2026&source=&work_code=3153006079/RC/958486255823731816&msr_no=6073&AttendanceDate=25/03/2026&Digest=0fR3VR26EYLcTgE7dYUVbg",5
"BASTI","RUDAULI","ANDEURA","3153008002/AV/958486255824164141","6081","https://mnregaweb4.nic.in/nregaarch/View_NMMS_atten_date_dtl_rpt.aspx?page=&short_name=UP&state_name=UTTAR%20PRADESH&state_code=31&district_name=BASTI&district_code=3153&block_name=RUDAULI&block_code=3153008&panchayat_name=ANDEURA&panchayat_code=3153008002&fin_year=2025-2026&source=&work_code=3153008002/AV/958486255824164141&msr_no=6081&AttendanceDate=25/03/2026&Digest=krEyZUrahpC90jQbIvnU7A",5
"BASTI","RUDAULI","BAKHARIAYA","3153008008/RC/958486255823751356","6213","https://mnregaweb4.nic.in/nregaarch/View_NMMS_atten_date_dtl_rpt.aspx?page=&short_name=UP&state_name=UTTAR%20PRADESH&state_code=31&district_name=BASTI&district_code=3153&block_name=RUDAULI&block_code=3153008&panchayat_name=BAKHARIAYA&panchayat_code=3153008008&fin_year=2025-2026&source=&work_code=3153008008/RC/958486255823751356&msr_no=6213&AttendanceDate=25/03/2026&Digest=hCgrDRnV4mJEtonhCSOi0A",8
"BASTI","RUDAULI","BHARAULI","3153008012/RC/958486255823749823","6085","https://mnregaweb4.nic.in/nregaarch/View_NMMS_atten_date_dtl_rpt.aspx?page=&short_name=UP&state_name=UTTAR%20PRADESH&state_code=31&district_name=BASTI&district_code=3153&block_name=RUDAULI&block_code=3153008&panchayat_name=BHARAULI&panchayat_code=3153008012&fin_year=2025-2026&source=&work_code=3153008012/RC/958486255823749823&msr_no=6085&AttendanceDate=25/03/2026&Digest=b5ufKIcOfFAEXXMplyUtfA",5
"BASTI","RUDAULI","BHITIYA KALA","3153008014/RC/958486255823735730","6152","https://mnregaweb4.nic.in/nregaarch/View_NMMS_atten_date_dtl_rpt.aspx?page=&short_name=UP&state_name=UTTAR%20PRADESH&state_code=31&district_name=BASTI&district_code=3153&block_name=RUDAULI&block_code=3153008&panchayat_name=BHITIYA%20KALA&panchayat_code=3153008014&fin_year=2025-2026&source=&work_code=3153008014/RC/958486255823735730&msr_no=6152&AttendanceDate=25/03/2026&Digest=4J43AGpBeo3HNmztWZIX3g",4
"BASTI","RUDAULI","CHHATRIYA","3153008018/RC/958486255823690413","6155","https://mnregaweb4.nic.in/nregaarch/View_NMMS_atten_date_dtl_rpt.aspx?page=&short_name=UP&state_name=UTTAR%20PRADESH&state_code=31&district_name=BASTI&district_code=3153&block_name=RUDAULI&block_code=3153008&panchayat_name=CHHATRIYA&panchayat_code=3153008018&fin_year=2025-2026&source=&work_code=3153008018/RC/958486255823690413&msr_no=6155&AttendanceDate=25/03/2026&Digest=na0D+9BYYsw31KqH2bLhtQ",9
"BASTI","RUDAULI","KUDAHI","3153008039/RC/958486255823698713","6103","https://mnregaweb4.nic.in/nregaarch/View_NMMS_atten_date_dtl_rpt.aspx?page=&short_name=UP&state_name=UTTAR%20PRADESH&state_code=31&district_name=BASTI&district_code=3153&block_name=RUDAULI&block_code=3153008&panchayat_name=KUDAHI&panchayat_code=3153008039&fin_year=2025-2026&source=&work_code=3153008039/RC/958486255823698713&msr_no=6103&AttendanceDate=25/03/2026&Digest=FJCZ7K/i927kAQQN8me/Xw",3
"BASTI","RUDAULI","KUDAHI","3153008039/RC/958486255823735732","6078","https://mnregaweb4.nic.in/nregaarch/View_NMMS_atten_date_dtl_rpt.aspx?page=&short_name=UP&state_name=UTTAR%20PRADESH&state_code=31&district_name=BASTI&district_code=3153&block_name=RUDAULI&block_code=3153008&panchayat_name=KUDAHI&panchayat_code=3153008039&fin_year=2025-2026&source=&work_code=3153008039/RC/958486255823735732&msr_no=6078&AttendanceDate=25/03/2026&Digest=ZQX+yG2lsxrJE3mJveba4A",2
"BASTI","RUDAULI","MAHUAA PAAR","3153008041/RC/958486255823735731","6173","https://mnregaweb4.nic.in/nregaarch/View_NMMS_atten_date_dtl_rpt.aspx?page=&short_name=UP&state_name=UTTAR%20PRADESH&state_code=31&district_name=BASTI&district_code=3153&block_name=RUDAULI&block_code=3153008&panchayat_name=MAHUAA%20PAAR&panchayat_code=3153008041&fin_year=2025-2026&source=&work_code=3153008041/RC/958486255823735731&msr_no=6173&AttendanceDate=25/03/2026&Digest=r775uS0+nv36EYQGhcyX2Q",5
"BASTI","RUDAULI","MISHRAULIA BHAIYA","3153008045/RC/958486255823692935","6025","https://mnregaweb4.nic.in/nregaarch/View_NMMS_atten_date_dtl_rpt.aspx?page=&short_name=UP&state_name=UTTAR%20PRADESH&state_code=31&district_name=BASTI&district_code=3153&block_name=RUDAULI&block_code=3153008&panchayat_name=MISHRAULIA%20BHAIYA&panchayat_code=3153008045&fin_year=2025-2026&source=&work_code=3153008045/RC/958486255823692935&msr_no=6025&AttendanceDate=25/03/2026&Digest=4Tvyh/jrufgBf0IR7X1p2g",5
"BASTI","KUDARAHA","PIPARPATI EHATMALI","3153013071/RC/958486255823746235","8023","https://mnregaweb4.nic.in/nregaarch/View_NMMS_atten_date_dtl_rpt.aspx?page=&short_name=UP&state_name=UTTAR%20PRADESH&state_code=31&district_name=BASTI&district_code=3153&block_name=KUDARAHA&block_code=3153013&panchayat_name=PIPARPATI%20EHATMALI&panchayat_code=3153013071&fin_year=2025-2026&source=&work_code=3153013071/RC/958486255823746235&msr_no=8023&AttendanceDate=25/03/2026&Digest=bB2lgDXO7z2uTB0oExRPMg",10
"BASTI","KUDARAHA","HARKHAILIYA URF MATIYARIA","3153013074/RC/YD/958486255823751079","8071","https://mnregaweb4.nic.in/nregaarch/View_NMMS_atten_date_dtl_rpt.aspx?page=&short_name=UP&state_name=UTTAR%20PRADESH&state_code=31&district_name=BASTI&district_code=3153&block_name=KUDARAHA&block_code=3153013&panchayat_name=HARKHAILIYA%20URF%20MATIYARIA&panchayat_code=3153013074&fin_year=2025-2026&source=&work_code=3153013074/RC/YD/958486255823751079&msr_no=8071&AttendanceDate=25/03/2026&Digest=QqC+2Iis0gtzXC3W0WNjIQ",9
"BASTI","KUDARAHA","UJIYANATPUR","3153013077/RC/958486255823310757","8243","https://mnregaweb4.nic.in/nregaarch/View_NMMS_atten_date_dtl_rpt.aspx?page=&short_name=UP&state_name=UTTAR%20PRADESH&state_code=31&district_name=BASTI&district_code=3153&block_name=KUDARAHA&block_code=3153013&panchayat_name=UJIYANATPUR&panchayat_code=3153013077&fin_year=2025-2026&source=&work_code=3153013077/RC/958486255823310757&msr_no=8243&AttendanceDate=25/03/2026&Digest=Ws9KL50uwAHFnhVeSZ89ug",1
"BASTI","KUDARAHA","UJIYANATPUR","3153013077/RC/958486255823654392","8283","https://mnregaweb4.nic.in/nregaarch/View_NMMS_atten_date_dtl_rpt.aspx?page=&short_name=UP&state_name=UTTAR%20PRADESH&state_code=31&district_name=BASTI&district_code=3153&block_name=KUDARAHA&block_code=3153013&panchayat_name=UJIYANATPUR&panchayat_code=3153013077&fin_year=2025-2026&source=&work_code=3153013077/RC/958486255823654392&msr_no=8283&AttendanceDate=25/03/2026&Digest=B6JRqiS5oMRh4gnZ4m9MFw",10
"BASTI","KUDARAHA","UJIYANATPUR","3153013077/RC/958486255823654404","8276","https://mnregaweb4.nic.in/nregaarch/View_NMMS_atten_date_dtl_rpt.aspx?page=&short_name=UP&state_name=UTTAR%20PRADESH&state_code=31&district_name=BASTI&district_code=3153&block_name=KUDARAHA&block_code=3153013&panchayat_name=UJIYANATPUR&panchayat_code=3153013077&fin_year=2025-2026&source=&work_code=3153013077/RC/958486255823654404&msr_no=8276&AttendanceDate=25/03/2026&Digest=8bREz6EZTfwzPb6YJJcLvQ",10
"BASTI","KUDARAHA","UJIYANATPUR","3153013077/RC/958486255823654404","8279","https://mnregaweb4.nic.in/nregaarch/View_NMMS_atten_date_dtl_rpt.aspx?page=&short_name=UP&state_name=UTTAR%20PRADESH&state_code=31&district_name=BASTI&district_code=3153&block_name=KUDARAHA&block_code=3153013&panchayat_name=UJIYANATPUR&panchayat_code=3153013077&fin_year=2025-2026&source=&work_code=3153013077/RC/958486255823654404&msr_no=8279&AttendanceDate=25/03/2026&Digest=JUQfBQC8qKsU/P9ysa1g4g",1
"BASTI","KUDARAHA","DAIJI","3153013078/RC/958486255823742477","7783","https://mnregaweb4.nic.in/nregaarch/View_NMMS_atten_date_dtl_rpt.aspx?page=&short_name=UP&state_name=UTTAR%20PRADESH&state_code=31&district_name=BASTI&district_code=3153&block_name=KUDARAHA&block_code=3153013&panchayat_name=DAIJI&panchayat_code=3153013078&fin_year=2025-2026&source=&work_code=3153013078/RC/958486255823742477&msr_no=7783&AttendanceDate=25/03/2026&Digest=z9a6TapzzaLsltLV3SH8zw",10
"BASTI","PARAS RAMPUR","AMAULI","3153001003/IC/958486255823689767","9476","https://mnregaweb4.nic.in/nregaarch/View_NMMS_atten_date_dtl_rpt.aspx?page=&short_name=UP&state_name=UTTAR%20PRADESH&state_code=31&district_name=BASTI&district_code=3153&block_name=PARAS%20RAMPUR&block_code=3153001&panchayat_name=AMAULI&panchayat_code=3153001003&fin_year=2025-2026&source=&work_code=3153001003/IC/958486255823689767&msr_no=9476&AttendanceDate=25/03/2026&Digest=tjrUxjadS4sSFyspGSMNQA",9
"BASTI","PARAS RAMPUR","AMAULI","3153001003/IC/958486255823689767","9479","https://mnregaweb4.nic.in/nregaarch/View_NMMS_atten_date_dtl_rpt.aspx?page=&short_name=UP&state_name=UTTAR%20PRADESH&state_code=31&district_name=BASTI&district_code=3153&block_name=PARAS%20RAMPUR&block_code=3153001&panchayat_name=AMAULI&panchayat_code=3153001003&fin_year=2025-2026&source=&work_code=3153001003/IC/958486255823689767&msr_no=9479&AttendanceDate=25/03/2026&Digest=vRwReknR8xIzaegL4W+PGw",4
"BASTI","PARAS RAMPUR","BELBHARIYA","3153001010/RC/958486255823732335","9384","https://mnregaweb4.nic.in/nregaarch/View_NMMS_atten_date_dtl_rpt.aspx?page=&short_name=UP&state_name=UTTAR%20PRADESH&state_code=31&district_name=BASTI&district_code=3153&block_name=PARAS%20RAMPUR&block_code=3153001&panchayat_name=BELBHARIYA&panchayat_code=3153001010&fin_year=2025-2026&source=&work_code=3153001010/RC/958486255823732335&msr_no=9384&AttendanceDate=25/03/2026&Digest=nlYbeiUVJKVFe7WRM0oFSQ",9
"BASTI","PARAS RAMPUR","BICHHIYA MISHRA","3153001013/RC/958486255823699322","9559","https://mnregaweb4.nic.in/nregaarch/View_NMMS_atten_date_dtl_rpt.aspx?page=&short_name=UP&state_name=UTTAR%20PRADESH&state_code=31&district_name=BASTI&district_code=3153&block_name=PARAS%20RAMPUR&block_code=3153001&panchayat_name=BICHHIYA%20MISHRA&panchayat_code=3153001013&fin_year=2025-2026&source=&work_code=3153001013/RC/958486255823699322&msr_no=9559&AttendanceDate=25/03/2026&Digest=lH5/dxz0dtGCHLcs5heWYg",7
"BASTI","PARAS RAMPUR","ETAWA","3153001025/RC/958486255823743765","9360","https://mnregaweb4.nic.in/nregaarch/View_NMMS_atten_date_dtl_rpt.aspx?page=&short_name=UP&state_name=UTTAR%20PRADESH&state_code=31&district_name=BASTI&district_code=3153&block_name=PARAS%20RAMPUR&block_code=3153001&panchayat_name=ETAWA&panchayat_code=3153001025&fin_year=2025-2026&source=&work_code=3153001025/RC/958486255823743765&msr_no=9360&AttendanceDate=25/03/2026&Digest=jwd432dJr4+F/YkOc4XvXA",9
"BASTI","PARAS RAMPUR","KARIGHNA","3153001038/RC/958486255823701850","9670","https://mnregaweb4.nic.in/nregaarch/View_NMMS_atten_date_dtl_rpt.aspx?page=&short_name=UP&state_name=UTTAR%20PRADESH&state_code=31&district_name=BASTI&district_code=3153&block_name=PARAS%20RAMPUR&block_code=3153001&panchayat_name=KARIGHNA&panchayat_code=3153001038&fin_year=2025-2026&source=&work_code=3153001038/RC/958486255823701850&msr_no=9670&AttendanceDate=25/03/2026&Digest=wi6uhzcLhc7tRsCHC1vzMQ",7
"BASTI","PARAS RAMPUR","LAKSHIMANPUR KUNWAR","3153001042/RC/958486255823724120","9282","https://mnregaweb4.nic.in/nregaarch/View_NMMS_atten_date_dtl_rpt.aspx?page=&short_name=UP&state_name=UTTAR%20PRADESH&state_code=31&district_name=BASTI&district_code=3153&block_name=PARAS%20RAMPUR&block_code=3153001&panchayat_name=LAKSHIMANPUR%20KUNWAR&panchayat_code=3153001042&fin_year=2025-2026&source=&work_code=3153001042/RC/958486255823724120&msr_no=9282&AttendanceDate=25/03/2026&Digest=KlZPYm6h6OU1W8RzIIOGyw",5
"BASTI","PARAS RAMPUR","PADARI BABU","3153001062/RC/958486255823721426","9394","https://mnregaweb4.nic.in/nregaarch/View_NMMS_atten_date_dtl_rpt.aspx?page=&short_name=UP&state_name=UTTAR%20PRADESH&state_code=31&district_name=BASTI&district_code=3153&block_name=PARAS%20RAMPUR&block_code=3153001&panchayat_name=PADARI%20BABU&panchayat_code=3153001062&fin_year=2025-2026&source=&work_code=3153001062/RC/958486255823721426&msr_no=9394&AttendanceDate=25/03/2026&Digest=ti+J4G7AnHnGExrql7h3Lg",4
"BASTI","PARAS RAMPUR","DHOBAHI","3153001063/WC/958486255824234655","9653","https://mnregaweb4.nic.in/nregaarch/View_NMMS_atten_date_dtl_rpt.aspx?page=&short_name=UP&state_name=UTTAR%20PRADESH&state_code=31&district_name=BASTI&district_code=3153&block_name=PARAS%20RAMPUR&block_code=3153001&panchayat_name=DHOBAHI&panchayat_code=3153001063&fin_year=2025-2026&source=&work_code=3153001063/WC/958486255824234655&msr_no=9653&AttendanceDate=25/03/2026&Digest=W+RKLt9Lxwh8YO/ZzwGpTA",8
"BASTI","PARAS RAMPUR","DHOBAHI","3153001063/WC/958486255824234655","9656","https://mnregaweb4.nic.in/nregaarch/View_NMMS_atten_date_dtl_rpt.aspx?page=&short_name=UP&state_name=UTTAR%20PRADESH&state_code=31&district_name=BASTI&district_code=3153&block_name=PARAS%20RAMPUR&block_code=3153001&panchayat_name=DHOBAHI&panchayat_code=3153001063&fin_year=2025-2026&source=&work_code=3153001063/WC/958486255824234655&msr_no=9656&AttendanceDate=25/03/2026&Digest=4ycUpDiuAWjAFCK3/KnNbw",9
"BASTI","PARAS RAMPUR","SUKRAULI KUWAR","3153001078/RC/958486255823632392","9601","https://mnregaweb4.nic.in/nregaarch/View_NMMS_atten_date_dtl_rpt.aspx?page=&short_name=UP&state_name=UTTAR%20PRADESH&state_code=31&district_name=BASTI&district_code=3153&block_name=PARAS%20RAMPUR&block_code=3153001&panchayat_name=SUKRAULI%20KUWAR&panchayat_code=3153001078&fin_year=2025-2026&source=&work_code=3153001078/RC/958486255823632392&msr_no=9601&AttendanceDate=25/03/2026&Digest=G5PQTgrWpk5m/R+KdJQslA",7
"BASTI","PARAS RAMPUR","DHOSHAR MISHRA","3153001085/RC/958486255823726380","9662","https://mnregaweb4.nic.in/nregaarch/View_NMMS_atten_date_dtl_rpt.aspx?page=&short_name=UP&state_name=UTTAR%20PRADESH&state_code=31&district_name=BASTI&district_code=3153&block_name=PARAS%20RAMPUR&block_code=3153001&panchayat_name=DHOSHAR%20MISHRA&panchayat_code=3153001085&fin_year=2025-2026&source=&work_code=3153001085/RC/958486255823726380&msr_no=9662&AttendanceDate=25/03/2026&Digest=rV2L1RX9+toUxDGSv84kmw",9
"BASTI","PARAS RAMPUR","MUKUND PUR","3153001091/LD/958486255824849072","9693","https://mnregaweb4.nic.in/nregaarch/View_NMMS_atten_date_dtl_rpt.aspx?page=&short_name=UP&state_name=UTTAR%20PRADESH&state_code=31&district_name=BASTI&district_code=3153&block_name=PARAS%20RAMPUR&block_code=3153001&panchayat_name=MUKUND%20PUR&panchayat_code=3153001091&fin_year=2025-2026&source=&work_code=3153001091/LD/958486255824849072&msr_no=9693&AttendanceDate=25/03/2026&Digest=2ynVeuZ/uqDnQ9L1n4PbqQ",6
"BASTI","PARAS RAMPUR","RAMPUR NAV NIDHI RAI","3153001096/LD/958486255824671641","9617","https://mnregaweb4.nic.in/nregaarch/View_NMMS_atten_date_dtl_rpt.aspx?page=&short_name=UP&state_name=UTTAR%20PRADESH&state_code=31&district_name=BASTI&district_code=3153&block_name=PARAS%20RAMPUR&block_code=3153001&panchayat_name=RAMPUR%20NAV%20NIDHI%20RAI&panchayat_code=3153001096&fin_year=2025-2026&source=&work_code=3153001096/LD/958486255824671641&msr_no=9617&AttendanceDate=25/03/2026&Digest=U5XuKiJifKrxQ/Z8vrd+Vw",10
"BASTI","PARAS RAMPUR","SEHARIYA MAGNAPUR","3153001098/RC/958486255823746338","9355","https://mnregaweb4.nic.in/nregaarch/View_NMMS_atten_date_dtl_rpt.aspx?page=&short_name=UP&state_name=UTTAR%20PRADESH&state_code=31&district_name=BASTI&district_code=3153&block_name=PARAS%20RAMPUR&block_code=3153001&panchayat_name=SEHARIYA%20MAGNAPUR&panchayat_code=3153001098&fin_year=2025-2026&source=&work_code=3153001098/RC/958486255823746338&msr_no=9355&AttendanceDate=25/03/2026&Digest=rvt8ejKSTawyU4y8EDfeEw",1
"BASTI","PARAS RAMPUR","LACHHIPUR","3153001106/RC/958486255823730898","9296","https://mnregaweb4.nic.in/nregaarch/View_NMMS_atten_date_dtl_rpt.aspx?page=&short_name=UP&state_name=UTTAR%20PRADESH&state_code=31&district_name=BASTI&district_code=3153&block_name=PARAS%20RAMPUR&block_code=3153001&panchayat_name=LACHHIPUR&panchayat_code=3153001106&fin_year=2025-2026&source=&work_code=3153001106/RC/958486255823730898&msr_no=9296&AttendanceDate=25/03/2026&Digest=BADnOiXkov/hnyE9+T50tw",10
"BASTI","PARAS RAMPUR","LACHHIPUR","3153001106/WC/958486255824214723","9515","https://mnregaweb4.nic.in/nregaarch/View_NMMS_atten_date_dtl_rpt.aspx?page=&short_name=UP&state_name=UTTAR%20PRADESH&state_code=31&district_name=BASTI&district_code=3153&block_name=PARAS%20RAMPUR&block_code=3153001&panchayat_name=LACHHIPUR&panchayat_code=3153001106&fin_year=2025-2026&source=&work_code=3153001106/WC/958486255824214723&msr_no=9515&AttendanceDate=25/03/2026&Digest=eF+dBCI5hZG+81+lMa8kuA",10
"BASTI","PARAS RAMPUR","LACHHIPUR","3153001106/WC/958486255824214723","9518","https://mnregaweb4.nic.in/nregaarch/View_NMMS_atten_date_dtl_rpt.aspx?page=&short_name=UP&state_name=UTTAR%20PRADESH&state_code=31&district_name=BASTI&district_code=3153&block_name=PARAS%20RAMPUR&block_code=3153001&panchayat_name=LACHHIPUR&panchayat_code=3153001106&fin_year=2025-2026&source=&work_code=3153001106/WC/958486255824214723&msr_no=9518&AttendanceDate=25/03/2026&Digest=7dLYYrsxszFfr2gavXvJiw",9
"BASTI","RAMNAGAR","BHIVAPAR","3153006017/IC/958486255823743148","6167","https://mnregaweb4.nic.in/nregaarch/View_NMMS_atten_date_dtl_rpt.aspx?page=&short_name=UP&state_name=UTTAR%20PRADESH&state_code=31&district_name=BASTI&district_code=3153&block_name=RAMNAGAR&block_code=3153006&panchayat_name=BHIVAPAR&panchayat_code=3153006017&fin_year=2025-2026&source=&work_code=3153006017/IC/958486255823743148&msr_no=6167&AttendanceDate=25/03/2026&Digest=kOXY6h/hQqDQR9GilwpR8w",8
"BASTI","RAMNAGAR","CHAISAR","3153006020/WC/958486255824226707","6194","https://mnregaweb4.nic.in/nregaarch/View_NMMS_atten_date_dtl_rpt.aspx?page=&short_name=UP&state_name=UTTAR%20PRADESH&state_code=31&district_name=BASTI&district_code=3153&block_name=RAMNAGAR&block_code=3153006&panchayat_name=CHAISAR&panchayat_code=3153006020&fin_year=2025-2026&source=&work_code=3153006020/WC/958486255824226707&msr_no=6194&AttendanceDate=25/03/2026&Digest=9WljbdD3ggwPn+qsxch/NA",10
"BASTI","RAMNAGAR","GADAPUR CHAK","3153006026/RC/958486255823750649","6152","https://mnregaweb4.nic.in/nregaarch/View_NMMS_atten_date_dtl_rpt.aspx?page=&short_name=UP&state_name=UTTAR%20PRADESH&state_code=31&district_name=BASTI&district_code=3153&block_name=RAMNAGAR&block_code=3153006&panchayat_name=GADAPUR%20CHAK&panchayat_code=3153006026&fin_year=2025-2026&source=&work_code=3153006026/RC/958486255823750649&msr_no=6152&AttendanceDate=25/03/2026&Digest=tj3s9NaBTaBSZDQeI77rdQ",7
"BASTI","RAMNAGAR","LODHAVA","3153006040/AV/958486255824177707","6028","https://mnregaweb4.nic.in/nregaarch/View_NMMS_atten_date_dtl_rpt.aspx?page=&short_name=UP&state_name=UTTAR%20PRADESH&state_code=31&district_name=BASTI&district_code=3153&block_name=RAMNAGAR&block_code=3153006&panchayat_name=LODHAVA&panchayat_code=3153006040&fin_year=2025-2026&source=&work_code=3153006040/AV/958486255824177707&msr_no=6028&AttendanceDate=25/03/2026&Digest=PcHL8sWbqj+b3HpNLjttcg",6
"BASTI","RAMNAGAR","PARSA KUTUB","3153006051/RC/958486255823741598","6168","https://mnregaweb4.nic.in/nregaarch/View_NMMS_atten_date_dtl_rpt.aspx?page=&short_name=UP&state_name=UTTAR%20PRADESH&state_code=31&district_name=BASTI&district_code=3153&block_name=RAMNAGAR&block_code=3153006&panchayat_name=PARSA%20KUTUB&panchayat_code=3153006051&fin_year=2025-2026&source=&work_code=3153006051/RC/958486255823741598&msr_no=6168&AttendanceDate=25/03/2026&Digest=ZTUP+6x7ElDK7BJR5CICEA",9
"BASTI","RAMNAGAR","VAIDOLI URF DUBAULI","3153006069/LD/958486255824984130","6071","https://mnregaweb4.nic.in/nregaarch/View_NMMS_atten_date_dtl_rpt.aspx?page=&short_name=UP&state_name=UTTAR%20PRADESH&state_code=31&district_name=BASTI&district_code=3153&block_name=RAMNAGAR&block_code=3153006&panchayat_name=VAIDOLI%20URF%20DUBAULI&panchayat_code=3153006069&fin_year=2025-2026&source=&work_code=3153006069/LD/958486255824984130&msr_no=6071&AttendanceDate=25/03/2026&Digest=+5cBmIiAtFZnBkii4SuwqA",4
"BASTI","RAMNAGAR","IBRAHIMCHAK SEKHAPUR","3153006071/RC/958486255823751189","6157","https://mnregaweb4.nic.in/nregaarch/View_NMMS_atten_date_dtl_rpt.aspx?page=&short_name=UP&state_name=UTTAR%20PRADESH&state_code=31&district_name=BASTI&district_code=3153&block_name=RAMNAGAR&block_code=3153006&panchayat_name=IBRAHIMCHAK%20SEKHAPUR&panchayat_code=3153006071&fin_year=2025-2026&source=&work_code=3153006071/RC/958486255823751189&msr_no=6157&AttendanceDate=25/03/2026&Digest=gdEQxDp/Nq2Sib7KEaoWvQ",8
"BASTI","RAMNAGAR","MAILANI URF HINDU NAGAR","3153006079/RC/958486255823699542","6076","https://mnregaweb4.nic.in/nregaarch/View_NMMS_atten_date_dtl_rpt.aspx?page=&short_name=UP&state_name=UTTAR%20PRADESH&state_code=31&district_name=BASTI&district_code=3153&block_name=RAMNAGAR&block_code=3153006&panchayat_name=MAILANI%20URF%20HINDU%20NAGAR&panchayat_code=3153006079&fin_year=2025-2026&source=&work_code=3153006079/RC/958486255823699542&msr_no=6076&AttendanceDate=25/03/2026&Digest=sH/18XL7JCdqUy+BHAQkfQ",9
"BASTI","RUDAULI","CHHATRIYA","3153008018/RC/958486255823690414","6159","https://mnregaweb4.nic.in/nregaarch/View_NMMS_atten_date_dtl_rpt.aspx?page=&short_name=UP&state_name=UTTAR%20PRADESH&state_code=31&district_name=BASTI&district_code=3153&block_name=RUDAULI&block_code=3153008&panchayat_name=CHHATRIYA&panchayat_code=3153008018&fin_year=2025-2026&source=&work_code=3153008018/RC/958486255823690414&msr_no=6159&AttendanceDate=25/03/2026&Digest=F8UH0/lXGLRIas+h2Z9nnw",9
"BASTI","RUDAULI","CHHATRIYA","3153008018/RC/958486255823750102","6163","https://mnregaweb4.nic.in/nregaarch/View_NMMS_atten_date_dtl_rpt.aspx?page=&short_name=UP&state_name=UTTAR%20PRADESH&state_code=31&district_name=BASTI&district_code=3153&block_name=RUDAULI&block_code=3153008&panchayat_name=CHHATRIYA&panchayat_code=3153008018&fin_year=2025-2026&source=&work_code=3153008018/RC/958486255823750102&msr_no=6163&AttendanceDate=25/03/2026&Digest=rq1ah0YAW+v2riyKtRvMGg",8
"BASTI","RUDAULI","HARIYA MISHR","3153008030/RC/958486255823738965","6221","https://mnregaweb4.nic.in/nregaarch/View_NMMS_atten_date_dtl_rpt.aspx?page=&short_name=UP&state_name=UTTAR%20PRADESH&state_code=31&district_name=BASTI&district_code=3153&block_name=RUDAULI&block_code=3153008&panchayat_name=HARIYA%20MISHR&panchayat_code=3153008030&fin_year=2025-2026&source=&work_code=3153008030/RC/958486255823738965&msr_no=6221&AttendanceDate=25/03/2026&Digest=SZSRd69au6c00YlkerwmDg",5
"BASTI","RUDAULI","KUDAHI","3153008039/RC/958486255823735732","6077","https://mnregaweb4.nic.in/nregaarch/View_NMMS_atten_date_dtl_rpt.aspx?page=&short_name=UP&state_name=UTTAR%20PRADESH&state_code=31&district_name=BASTI&district_code=3153&block_name=RUDAULI&block_code=3153008&panchayat_name=KUDAHI&panchayat_code=3153008039&fin_year=2025-2026&source=&work_code=3153008039/RC/958486255823735732&msr_no=6077&AttendanceDate=25/03/2026&Digest=PK7nPfKOp+uqhg+fhkH6bA",8
"BASTI","RUDAULI","MAHUAA PAAR","3153008041/RC/958486255823714154","6169","https://mnregaweb4.nic.in/nregaarch/View_NMMS_atten_date_dtl_rpt.aspx?page=&short_name=UP&state_name=UTTAR%20PRADESH&state_code=31&district_name=BASTI&district_code=3153&block_name=RUDAULI&block_code=3153008&panchayat_name=MAHUAA%20PAAR&panchayat_code=3153008041&fin_year=2025-2026&source=&work_code=3153008041/RC/958486255823714154&msr_no=6169&AttendanceDate=25/03/2026&Digest=WjmxZaa2hj4af6a0bUsf+Q",10
"BASTI","RUDAULI","MISHRAULIA BHAIYA","3153008045/RC/958486255823692936","6027","https://mnregaweb4.nic.in/nregaarch/View_NMMS_atten_date_dtl_rpt.aspx?page=&short_name=UP&state_name=UTTAR%20PRADESH&state_code=31&district_name=BASTI&district_code=3153&block_name=RUDAULI&block_code=3153008&panchayat_name=MISHRAULIA%20BHAIYA&panchayat_code=3153008045&fin_year=2025-2026&source=&work_code=3153008045/RC/958486255823692936&msr_no=6027&AttendanceDate=25/03/2026&Digest=EprX6GOdxojve+HQ/3lXxA",2
"BASTI","KUDARAHA","DAIJI","3153013078/RC/958486255823750138","7781","https://mnregaweb4.nic.in/nregaarch/View_NMMS_atten_date_dtl_rpt.aspx?page=&short_name=UP&state_name=UTTAR%20PRADESH&state_code=31&district_name=BASTI&district_code=3153&block_name=KUDARAHA&block_code=3153013&panchayat_name=DAIJI&panchayat_code=3153013078&fin_year=2025-2026&source=&work_code=3153013078/RC/958486255823750138&msr_no=7781&AttendanceDate=25/03/2026&Digest=s5lccDQzvLlMyT4XtwiuLQ",6
"BASTI","PARAS RAMPUR","AMAULI","3153001003/IC/958486255823689767","9478","https://mnregaweb4.nic.in/nregaarch/View_NMMS_atten_date_dtl_rpt.aspx?page=&short_name=UP&state_name=UTTAR%20PRADESH&state_code=31&district_name=BASTI&district_code=3153&block_name=PARAS%20RAMPUR&block_code=3153001&panchayat_name=AMAULI&panchayat_code=3153001003&fin_year=2025-2026&source=&work_code=3153001003/IC/958486255823689767&msr_no=9478&AttendanceDate=25/03/2026&Digest=gTGdfuNGXoKIQg0gFoPR7Q",9
"BASTI","PARAS RAMPUR","BHAISAHAWA","3153001011/RC/958486255823728162","9379","https://mnregaweb4.nic.in/nregaarch/View_NMMS_atten_date_dtl_rpt.aspx?page=&short_name=UP&state_name=UTTAR%20PRADESH&state_code=31&district_name=BASTI&district_code=3153&block_name=PARAS%20RAMPUR&block_code=3153001&panchayat_name=BHAISAHAWA&panchayat_code=3153001011&fin_year=2025-2026&source=&work_code=3153001011/RC/958486255823728162&msr_no=9379&AttendanceDate=25/03/2026&Digest=FfMXBbKYbCGFr3i7iXeHiA",4
"BASTI","PARAS RAMPUR","DHURDA JANGAL","3153001021/RC/958486255823641105","9305","https://mnregaweb4.nic.in/nregaarch/View_NMMS_atten_date_dtl_rpt.aspx?page=&short_name=UP&state_name=UTTAR%20PRADESH&state_code=31&district_name=BASTI&district_code=3153&block_name=PARAS%20RAMPUR&block_code=3153001&panchayat_name=DHURDA%20JANGAL&panchayat_code=3153001021&fin_year=2025-2026&source=&work_code=3153001021/RC/958486255823641105&msr_no=9305&AttendanceDate=25/03/2026&Digest=1rBUeeg0pvzbDAIYQw2ziw",3
"BASTI","PARAS RAMPUR","DHURDA JANGAL","3153001021/RC/958486255823727458","9303","https://mnregaweb4.nic.in/nregaarch/View_NMMS_atten_date_dtl_rpt.aspx?page=&short_name=UP&state_name=UTTAR%20PRADESH&state_code=31&district_name=BASTI&district_code=3153&block_name=PARAS%20RAMPUR&block_code=3153001&panchayat_name=DHURDA%20JANGAL&panchayat_code=3153001021&fin_year=2025-2026&source=&work_code=3153001021/RC/958486255823727458&msr_no=9303&AttendanceDate=25/03/2026&Digest=uQptidGTO1zUcOr3j1JmNA",8
"BASTI","PARAS RAMPUR","DHURDA JANGAL","3153001021/WC/958486255824219248","9352","https://mnregaweb4.nic.in/nregaarch/View_NMMS_atten_date_dtl_rpt.aspx?page=&short_name=UP&state_name=UTTAR%20PRADESH&state_code=31&district_name=BASTI&district_code=3153&block_name=PARAS%20RAMPUR&block_code=3153001&panchayat_name=DHURDA%20JANGAL&panchayat_code=3153001021&fin_year=2025-2026&source=&work_code=3153001021/WC/958486255824219248&msr_no=9352&AttendanceDate=25/03/2026&Digest=bQihHa2gZx8cPqTHNWJtqw",4
"BASTI","PARAS RAMPUR","ETAWA","3153001025/RC/958486255823743763","9649","https://mnregaweb4.nic.in/nregaarch/View_NMMS_atten_date_dtl_rpt.aspx?page=&short_name=UP&state_name=UTTAR%20PRADESH&state_code=31&district_name=BASTI&district_code=3153&block_name=PARAS%20RAMPUR&block_code=3153001&panchayat_name=ETAWA&panchayat_code=3153001025&fin_year=2025-2026&source=&work_code=3153001025/RC/958486255823743763&msr_no=9649&AttendanceDate=25/03/2026&Digest=2YOjwPqAJSS7299NDVF1IA",8
"BASTI","PARAS RAMPUR","GAURA PANDAY","3153001027/WC/958486255824209503","9403","https://mnregaweb4.nic.in/nregaarch/View_NMMS_atten_date_dtl_rpt.aspx?page=&short_name=UP&state_name=UTTAR%20PRADESH&state_code=31&district_name=BASTI&district_code=3153&block_name=PARAS%20RAMPUR&block_code=3153001&panchayat_name=GAURA%20PANDAY&panchayat_code=3153001027&fin_year=2025-2026&source=&work_code=3153001027/WC/958486255824209503&msr_no=9403&AttendanceDate=25/03/2026&Digest=Pt2IHIJ9DZnK9aGgi5RXKA",10
"BASTI","PARAS RAMPUR","NARAYANPUR","3153001057/RC/958486255823694592","9679","https://mnregaweb4.nic.in/nregaarch/View_NMMS_atten_date_dtl_rpt.aspx?page=&short_name=UP&state_name=UTTAR%20PRADESH&state_code=31&district_name=BASTI&district_code=3153&block_name=PARAS%20RAMPUR&block_code=3153001&panchayat_name=NARAYANPUR&panchayat_code=3153001057&fin_year=2025-2026&source=&work_code=3153001057/RC/958486255823694592&msr_no=9679&AttendanceDate=25/03/2026&Digest=KHUUHp7OqvOBv9O5SoTvWw",9
"BASTI","PARAS RAMPUR","NEVRIRAM BAKSH","3153001060/AV/958486255824160584","9566","https://mnregaweb4.nic.in/nregaarch/View_NMMS_atten_date_dtl_rpt.aspx?page=&short_name=UP&state_name=UTTAR%20PRADESH&state_code=31&district_name=BASTI&district_code=3153&block_name=PARAS%20RAMPUR&block_code=3153001&panchayat_name=NEVRIRAM%20BAKSH&panchayat_code=3153001060&fin_year=2025-2026&source=&work_code=3153001060/AV/958486255824160584&msr_no=9566&AttendanceDate=25/03/2026&Digest=Bp4YyhzhkUHo+rivt1ptEg",4
"BASTI","PARAS RAMPUR","PADARI BABU","3153001062/LD/958486255824958230","9428","https://mnregaweb4.nic.in/nregaarch/View_NMMS_atten_date_dtl_rpt.aspx?page=&short_name=UP&state_name=UTTAR%20PRADESH&state_code=31&district_name=BASTI&district_code=3153&block_name=PARAS%20RAMPUR&block_code=3153001&panchayat_name=PADARI%20BABU&panchayat_code=3153001062&fin_year=2025-2026&source=&work_code=3153001062/LD/958486255824958230&msr_no=9428&AttendanceDate=25/03/2026&Digest=5PUuddcDZvbye5yEvyQ4GA",8
"BASTI","PARAS RAMPUR","DHOBAHI","3153001063/WC/958486255824234655","9654","https://mnregaweb4.nic.in/nregaarch/View_NMMS_atten_date_dtl_rpt.aspx?page=&short_name=UP&state_name=UTTAR%20PRADESH&state_code=31&district_name=BASTI&district_code=3153&block_name=PARAS%20RAMPUR&block_code=3153001&panchayat_name=DHOBAHI&panchayat_code=3153001063&fin_year=2025-2026&source=&work_code=3153001063/WC/958486255824234655&msr_no=9654&AttendanceDate=25/03/2026&Digest=IcYpm+jiyiy3tSqpnrvdgg",10
"BASTI","PARAS RAMPUR","RAGHUPUR","3153001067/IC/958486255823741774","9687","https://mnregaweb4.nic.in/nregaarch/View_NMMS_atten_date_dtl_rpt.aspx?page=&short_name=UP&state_name=UTTAR%20PRADESH&state_code=31&district_name=BASTI&district_code=3153&block_name=PARAS%20RAMPUR&block_code=3153001&panchayat_name=RAGHUPUR&panchayat_code=3153001067&fin_year=2025-2026&source=&work_code=3153001067/IC/958486255823741774&msr_no=9687&AttendanceDate=25/03/2026&Digest=6scEW3K9IW4fF9SHNafPRg",9
"BASTI","PARAS RAMPUR","RAGHUPUR","3153001067/WC/958486255824249956","9410","https://mnregaweb4.nic.in/nregaarch/View_NMMS_atten_date_dtl_rpt.aspx?page=&short_name=UP&state_name=UTTAR%20PRADESH&state_code=31&district_name=BASTI&district_code=3153&block_name=PARAS%20RAMPUR&block_code=3153001&panchayat_name=RAGHUPUR&panchayat_code=3153001067&fin_year=2025-2026&source=&work_code=3153001067/WC/958486255824249956&msr_no=9410&AttendanceDate=25/03/2026&Digest=CxSJinuQBYDi+bgBgFx2Kg",10
"BASTI","PARAS RAMPUR","RAGHUPUR","3153001067/WC/958486255824249956","9413","https://mnregaweb4.nic.in/nregaarch/View_NMMS_atten_date_dtl_rpt.aspx?page=&short_name=UP&state_name=UTTAR%20PRADESH&state_code=31&district_name=BASTI&district_code=3153&block_name=PARAS%20RAMPUR&block_code=3153001&panchayat_name=RAGHUPUR&panchayat_code=3153001067&fin_year=2025-2026&source=&work_code=3153001067/WC/958486255824249956&msr_no=9413&AttendanceDate=25/03/2026&Digest=cHwPDIYvmINaTQUf8lEkXQ",8
"BASTI","PARAS RAMPUR","ROHDA","3153001073/LD/958486255825001938","9417","https://mnregaweb4.nic.in/nregaarch/View_NMMS_atten_date_dtl_rpt.aspx?page=&short_name=UP&state_name=UTTAR%20PRADESH&state_code=31&district_name=BASTI&district_code=3153&block_name=PARAS%20RAMPUR&block_code=3153001&panchayat_name=ROHDA&panchayat_code=3153001073&fin_year=2025-2026&source=&work_code=3153001073/LD/958486255825001938&msr_no=9417&AttendanceDate=25/03/2026&Digest=RugbD+zKC2ipJV9cOLA7SQ",7
"BASTI","PARAS RAMPUR","SUKRAULI KUWAR","3153001078/RC/958486255823716271","9604","https://mnregaweb4.nic.in/nregaarch/View_NMMS_atten_date_dtl_rpt.aspx?page=&short_name=UP&state_name=UTTAR%20PRADESH&state_code=31&district_name=BASTI&district_code=3153&block_name=PARAS%20RAMPUR&block_code=3153001&panchayat_name=SUKRAULI%20KUWAR&panchayat_code=3153001078&fin_year=2025-2026&source=&work_code=3153001078/RC/958486255823716271&msr_no=9604&AttendanceDate=25/03/2026&Digest=s+GLwl7QAxDkKDMWRu0TZA",8
"BASTI","PARAS RAMPUR","UJJAINI","3153001081/LD/958486255824971580","9347","https://mnregaweb4.nic.in/nregaarch/View_NMMS_atten_date_dtl_rpt.aspx?page=&short_name=UP&state_name=UTTAR%20PRADESH&state_code=31&district_name=BASTI&district_code=3153&block_name=PARAS%20RAMPUR&block_code=3153001&panchayat_name=UJJAINI&panchayat_code=3153001081&fin_year=2025-2026&source=&work_code=3153001081/LD/958486255824971580&msr_no=9347&AttendanceDate=25/03/2026&Digest=wzttFTOQThH3iIp1iccRFg",10
"BASTI","PARAS RAMPUR","DHOSHAR MISHRA","3153001085/RC/958486255823726378","9451","https://mnregaweb4.nic.in/nregaarch/View_NMMS_atten_date_dtl_rpt.aspx?page=&short_name=UP&state_name=UTTAR%20PRADESH&state_code=31&district_name=BASTI&district_code=3153&block_name=PARAS%20RAMPUR&block_code=3153001&panchayat_name=DHOSHAR%20MISHRA&panchayat_code=3153001085&fin_year=2025-2026&source=&work_code=3153001085/RC/958486255823726378&msr_no=9451&AttendanceDate=25/03/2026&Digest=I3fg4asCVJkby2g5a5uZ5Q",6
"BASTI","PARAS RAMPUR","DHOSHAR MISHRA","3153001085/RC/958486255823726380","9661","https://mnregaweb4.nic.in/nregaarch/View_NMMS_atten_date_dtl_rpt.aspx?page=&short_name=UP&state_name=UTTAR%20PRADESH&state_code=31&district_name=BASTI&district_code=3153&block_name=PARAS%20RAMPUR&block_code=3153001&panchayat_name=DHOSHAR%20MISHRA&panchayat_code=3153001085&fin_year=2025-2026&source=&work_code=3153001085/RC/958486255823726380&msr_no=9661&AttendanceDate=25/03/2026&Digest=sF9Mb59i9cm4B7YM5T/Mgw",10
"BASTI","PARAS RAMPUR","DHOSHAR MISHRA","3153001085/WC/958486255824211496","9445","https://mnregaweb4.nic.in/nregaarch/View_NMMS_atten_date_dtl_rpt.aspx?page=&short_name=UP&state_name=UTTAR%20PRADESH&state_code=31&district_name=BASTI&district_code=3153&block_name=PARAS%20RAMPUR&block_code=3153001&panchayat_name=DHOSHAR%20MISHRA&panchayat_code=3153001085&fin_year=2025-2026&source=&work_code=3153001085/WC/958486255824211496&msr_no=9445&AttendanceDate=25/03/2026&Digest=50vVbSmuUHEjc9nHc+ez8Q",10
"BASTI","PARAS RAMPUR","DHOSHAR MISHRA","3153001085/WC/958486255824211496","9448","https://mnregaweb4.nic.in/nregaarch/View_NMMS_atten_date_dtl_rpt.aspx?page=&short_name=UP&state_name=UTTAR%20PRADESH&state_code=31&district_name=BASTI&district_code=3153&block_name=PARAS%20RAMPUR&block_code=3153001&panchayat_name=DHOSHAR%20MISHRA&panchayat_code=3153001085&fin_year=2025-2026&source=&work_code=3153001085/WC/958486255824211496&msr_no=9448&AttendanceDate=25/03/2026&Digest=Skx6QPMPqgdz3DUXoEs4qg",8
"BASTI","PARAS RAMPUR","MADARIYA BABU","3153001090/RC/958486255823692886","9701","https://mnregaweb4.nic.in/nregaarch/View_NMMS_atten_date_dtl_rpt.aspx?page=&short_name=UP&state_name=UTTAR%20PRADESH&state_code=31&district_name=BASTI&district_code=3153&block_name=PARAS%20RAMPUR&block_code=3153001&panchayat_name=MADARIYA%20BABU	&panchayat_code=3153001090&fin_year=2025-2026&source=&work_code=3153001090/RC/958486255823692886&msr_no=9701&AttendanceDate=25/03/2026&Digest=+TYhWTRqYbcUwa5yk0Vt8w",2
"BASTI","PARAS RAMPUR","MUKUND PUR","3153001091/RC/958486255823701551","9692","https://mnregaweb4.nic.in/nregaarch/View_NMMS_atten_date_dtl_rpt.aspx?page=&short_name=UP&state_name=UTTAR%20PRADESH&state_code=31&district_name=BASTI&district_code=3153&block_name=PARAS%20RAMPUR&block_code=3153001&panchayat_name=MUKUND%20PUR&panchayat_code=3153001091&fin_year=2025-2026&source=&work_code=3153001091/RC/958486255823701551&msr_no=9692&AttendanceDate=25/03/2026&Digest=1H9d4aLmXQicoaBSk6qmvw",4
"BASTI","PARAS RAMPUR","MUKUND PUR","3153001091/WC/958486255824209000","9598","https://mnregaweb4.nic.in/nregaarch/View_NMMS_atten_date_dtl_rpt.aspx?page=&short_name=UP&state_name=UTTAR%20PRADESH&state_code=31&district_name=BASTI&district_code=3153&block_name=PARAS%20RAMPUR&block_code=3153001&panchayat_name=MUKUND%20PUR&panchayat_code=3153001091&fin_year=2025-2026&source=&work_code=3153001091/WC/958486255824209000&msr_no=9598&AttendanceDate=25/03/2026&Digest=hoy62/gAdWCyI8ayberB1w",9
"BASTI","PARAS RAMPUR","BILARI BHITI","3153001092/WC/958486255823409958","9301","https://mnregaweb4.nic.in/nregaarch/View_NMMS_atten_date_dtl_rpt.aspx?page=&short_name=UP&state_name=UTTAR%20PRADESH&state_code=31&district_name=BASTI&district_code=3153&block_name=PARAS%20RAMPUR&block_code=3153001&panchayat_name=BILARI%20BHITI&panchayat_code=3153001092&fin_year=2025-2026&source=&work_code=3153001092/WC/958486255823409958&msr_no=9301&AttendanceDate=25/03/2026&Digest=ALv+iIkRMd9KnwfeLOpwcw",7
"BASTI","PARAS RAMPUR","PITUDA","3153001093/LD/958486255824888940","9681","https://mnregaweb4.nic.in/nregaarch/View_NMMS_atten_date_dtl_rpt.aspx?page=&short_name=UP&state_name=UTTAR%20PRADESH&state_code=31&district_name=BASTI&district_code=3153&block_name=PARAS%20RAMPUR&block_code=3153001&panchayat_name=PITUDA&panchayat_code=3153001093&fin_year=2025-2026&source=&work_code=3153001093/LD/958486255824888940&msr_no=9681&AttendanceDate=25/03/2026&Digest=NaxGRvKREbb/dkNz3FyPow",8
"BASTI","PARAS RAMPUR","PITUDA","3153001093/LD/958486255824888940","9684","https://mnregaweb4.nic.in/nregaarch/View_NMMS_atten_date_dtl_rpt.aspx?page=&short_name=UP&state_name=UTTAR%20PRADESH&state_code=31&district_name=BASTI&district_code=3153&block_name=PARAS%20RAMPUR&block_code=3153001&panchayat_name=PITUDA&panchayat_code=3153001093&fin_year=2025-2026&source=&work_code=3153001093/LD/958486255824888940&msr_no=9684&AttendanceDate=25/03/2026&Digest=OwWL1VRvvCUEX2CgvXGTDQ",6
"BASTI","PARAS RAMPUR","LACHHIPUR","3153001106/LD/958486255824828632","9519","https://mnregaweb4.nic.in/nregaarch/View_NMMS_atten_date_dtl_rpt.aspx?page=&short_name=UP&state_name=UTTAR%20PRADESH&state_code=31&district_name=BASTI&district_code=3153&block_name=PARAS%20RAMPUR&block_code=3153001&panchayat_name=LACHHIPUR&panchayat_code=3153001106&fin_year=2025-2026&source=&work_code=3153001106/LD/958486255824828632&msr_no=9519&AttendanceDate=25/03/2026&Digest=rqAQ22RLDgRQtIF2p/JPlg",10
"BASTI","RAMNAGAR","BANKECHOR","3153006010/WC/958486255824167506","6031","https://mnregaweb4.nic.in/nregaarch/View_NMMS_atten_date_dtl_rpt.aspx?page=&short_name=UP&state_name=UTTAR%20PRADESH&state_code=31&district_name=BASTI&district_code=3153&block_name=RAMNAGAR&block_code=3153006&panchayat_name=BANKECHOR&panchayat_code=3153006006&fin_year=2025-2026&source=&work_code=3153006010/WC/958486255824167506&msr_no=6031&AttendanceDate=25/03/2026&Digest=Rh6mZlvOK+SVfadeRs/4BA",9
"BASTI","RAMNAGAR","CHAISAR","3153006020/WC/958486255824226728","6183","https://mnregaweb4.nic.in/nregaarch/View_NMMS_atten_date_dtl_rpt.aspx?page=&short_name=UP&state_name=UTTAR%20PRADESH&state_code=31&district_name=BASTI&district_code=3153&block_name=RAMNAGAR&block_code=3153006&panchayat_name=CHAISAR&panchayat_code=3153006020&fin_year=2025-2026&source=&work_code=3153006020/WC/958486255824226728&msr_no=6183&AttendanceDate=25/03/2026&Digest=bBTEYyVZ7HR/U2ACl8l1Mw",8
"BASTI","RAMNAGAR","CHANDOKHA","3153006021/RC/958486255823733025","6174","https://mnregaweb4.nic.in/nregaarch/View_NMMS_atten_date_dtl_rpt.aspx?page=&short_name=UP&state_name=UTTAR%20PRADESH&state_code=31&district_name=BASTI&district_code=3153&block_name=RAMNAGAR&block_code=3153006&panchayat_name=CHANDOKHA&panchayat_code=3153006021&fin_year=2025-2026&source=&work_code=3153006021/RC/958486255823733025&msr_no=6174&AttendanceDate=25/03/2026&Digest=266eamTMwwTT2FuBdRczlQ",6
"BASTI","RAMNAGAR","GADAPUR CHAK","3153006026/RC/958486255823750649","6150","https://mnregaweb4.nic.in/nregaarch/View_NMMS_atten_date_dtl_rpt.aspx?page=&short_name=UP&state_name=UTTAR%20PRADESH&state_code=31&district_name=BASTI&district_code=3153&block_name=RAMNAGAR&block_code=3153006&panchayat_name=GADAPUR%20CHAK&panchayat_code=3153006026&fin_year=2025-2026&source=&work_code=3153006026/RC/958486255823750649&msr_no=6150&AttendanceDate=25/03/2026&Digest=8VOfXuH/wFm+jtIPM4gmbg",6
"BASTI","RAMNAGAR","GADAPUR CHAK","3153006026/RC/958486255823750649","6153","https://mnregaweb4.nic.in/nregaarch/View_NMMS_atten_date_dtl_rpt.aspx?page=&short_name=UP&state_name=UTTAR%20PRADESH&state_code=31&district_name=BASTI&district_code=3153&block_name=RAMNAGAR&block_code=3153006&panchayat_name=GADAPUR%20CHAK&panchayat_code=3153006026&fin_year=2025-2026&source=&work_code=3153006026/RC/958486255823750649&msr_no=6153&AttendanceDate=25/03/2026&Digest=h68iAVfVkjG97FoPZclc4A",1
"BASTI","RAMNAGAR","PARSA KHURD BUJURG URF DARIAPUR JANGAL","3153006050/RC/958486255823751709","6176","https://mnregaweb4.nic.in/nregaarch/View_NMMS_atten_date_dtl_rpt.aspx?page=&short_name=UP&state_name=UTTAR%20PRADESH&state_code=31&district_name=BASTI&district_code=3153&block_name=RAMNAGAR&block_code=3153006&panchayat_name=PARSA%20KHURD%20BUJURG%20URF%20DARIAPUR%20JANGAL&panchayat_code=3153006050&fin_year=2025-2026&source=&work_code=3153006050/RC/958486255823751709&msr_no=6176&AttendanceDate=25/03/2026&Digest=HIRf065QRf5CQyOd8gciLg",9
"BASTI","RAMNAGAR","IBRAHIMCHAK SEKHAPUR","3153006071/RC/958486255823750522","6156","https://mnregaweb4.nic.in/nregaarch/View_NMMS_atten_date_dtl_rpt.aspx?page=&short_name=UP&state_name=UTTAR%20PRADESH&state_code=31&district_name=BASTI&district_code=3153&block_name=RAMNAGAR&block_code=3153006&panchayat_name=IBRAHIMCHAK%20SEKHAPUR&panchayat_code=3153006071&fin_year=2025-2026&source=&work_code=3153006071/RC/958486255823750522&msr_no=6156&AttendanceDate=25/03/2026&Digest=TkzJBAZI1T1A0U1a03sWUQ",9
"BASTI","RUDAULI","DUMARI","3153008024/RC/958486255823749822","6088","https://mnregaweb4.nic.in/nregaarch/View_NMMS_atten_date_dtl_rpt.aspx?page=&short_name=UP&state_name=UTTAR%20PRADESH&state_code=31&district_name=BASTI&district_code=3153&block_name=RUDAULI&block_code=3153008&panchayat_name=DUMARI&panchayat_code=3153008024&fin_year=2025-2026&source=&work_code=3153008024/RC/958486255823749822&msr_no=6088&AttendanceDate=25/03/2026&Digest=rTn/dxSVNkplHedK7rG10g",9
"BASTI","RUDAULI","MAHUAA PAAR","3153008041/RC/958486255823714154","6168","https://mnregaweb4.nic.in/nregaarch/View_NMMS_atten_date_dtl_rpt.aspx?page=&short_name=UP&state_name=UTTAR%20PRADESH&state_code=31&district_name=BASTI&district_code=3153&block_name=RUDAULI&block_code=3153008&panchayat_name=MAHUAA%20PAAR&panchayat_code=3153008041&fin_year=2025-2026&source=&work_code=3153008041/RC/958486255823714154&msr_no=6168&AttendanceDate=25/03/2026&Digest=A1/vs3/0nOLB6hGUqeXQDQ",8
"BASTI","RUDAULI","PAIDA","3153008053/RC/958486255823749013","6063","https://mnregaweb4.nic.in/nregaarch/View_NMMS_atten_date_dtl_rpt.aspx?page=&short_name=UP&state_name=UTTAR%20PRADESH&state_code=31&district_name=BASTI&district_code=3153&block_name=RUDAULI&block_code=3153008&panchayat_name=PAIDA&panchayat_code=3153008053&fin_year=2025-2026&source=&work_code=3153008053/RC/958486255823749013&msr_no=6063&AttendanceDate=25/03/2026&Digest=uF919NIIRDdITJkfuCdcqQ",6
"BASTI","KUDARAHA","UJIYANATPUR","3153013077/RC/958486255823654404","8274","https://mnregaweb4.nic.in/nregaarch/View_NMMS_atten_date_dtl_rpt.aspx?page=&short_name=UP&state_name=UTTAR%20PRADESH&state_code=31&district_name=BASTI&district_code=3153&block_name=KUDARAHA&block_code=3153013&panchayat_name=UJIYANATPUR&panchayat_code=3153013077&fin_year=2025-2026&source=&work_code=3153013077/RC/958486255823654404&msr_no=8274&AttendanceDate=25/03/2026&Digest=dUle6RIPUrT6EAgcdg7YYw",10
"BASTI","PARAS RAMPUR","AMAULI","3153001003/RC/958486255823642575","9497","https://mnregaweb4.nic.in/nregaarch/View_NMMS_atten_date_dtl_rpt.aspx?page=&short_name=UP&state_name=UTTAR%20PRADESH&state_code=31&district_name=BASTI&district_code=3153&block_name=PARAS%20RAMPUR&block_code=3153001&panchayat_name=AMAULI&panchayat_code=3153001003&fin_year=2025-2026&source=&work_code=3153001003/RC/958486255823642575&msr_no=9497&AttendanceDate=25/03/2026&Digest=2WDgA5G1NIXHP54A/oQD0A",9
"BASTI","PARAS RAMPUR","BHAISAHAWA","3153001011/RC/958486255823728162","9378","https://mnregaweb4.nic.in/nregaarch/View_NMMS_atten_date_dtl_rpt.aspx?page=&short_name=UP&state_name=UTTAR%20PRADESH&state_code=31&district_name=BASTI&district_code=3153&block_name=PARAS%20RAMPUR&block_code=3153001&panchayat_name=BHAISAHAWA&panchayat_code=3153001011&fin_year=2025-2026&source=&work_code=3153001011/RC/958486255823728162&msr_no=9378&AttendanceDate=25/03/2026&Digest=rh0bDB3PlrZ2Mj2omxHZsA",8
"BASTI","PARAS RAMPUR","DHURDA JANGAL","3153001021/WC/958486255824219248","9350","https://mnregaweb4.nic.in/nregaarch/View_NMMS_atten_date_dtl_rpt.aspx?page=&short_name=UP&state_name=UTTAR%20PRADESH&state_code=31&district_name=BASTI&district_code=3153&block_name=PARAS%20RAMPUR&block_code=3153001&panchayat_name=DHURDA%20JANGAL&panchayat_code=3153001021&fin_year=2025-2026&source=&work_code=3153001021/WC/958486255824219248&msr_no=9350&AttendanceDate=25/03/2026&Digest=TcQdBzV4lYLgiQK5mTqv+w",5
"BASTI","PARAS RAMPUR","GAURA PANDAY","3153001027/WC/958486255824209503","9402","https://mnregaweb4.nic.in/nregaarch/View_NMMS_atten_date_dtl_rpt.aspx?page=&short_name=UP&state_name=UTTAR%20PRADESH&state_code=31&district_name=BASTI&district_code=3153&block_name=PARAS%20RAMPUR&block_code=3153001&panchayat_name=GAURA%20PANDAY&panchayat_code=3153001027&fin_year=2025-2026&source=&work_code=3153001027/WC/958486255824209503&msr_no=9402&AttendanceDate=25/03/2026&Digest=A0YkTniemGEQfvkevzFlvg",8
"BASTI","PARAS RAMPUR","KARIGHNA","3153001038/LD/958486255824982417","9674","https://mnregaweb4.nic.in/nregaarch/View_NMMS_atten_date_dtl_rpt.aspx?page=&short_name=UP&state_name=UTTAR%20PRADESH&state_code=31&district_name=BASTI&district_code=3153&block_name=PARAS%20RAMPUR&block_code=3153001&panchayat_name=KARIGHNA&panchayat_code=3153001038&fin_year=2025-2026&source=&work_code=3153001038/LD/958486255824982417&msr_no=9674&AttendanceDate=25/03/2026&Digest=0eQKQQMIMtD8wtcR11YCzw",6
"BASTI","PARAS RAMPUR","KARMEE PATTI","3153001039/RC/958486255823746260","9699","https://mnregaweb4.nic.in/nregaarch/View_NMMS_atten_date_dtl_rpt.aspx?page=&short_name=UP&state_name=UTTAR%20PRADESH&state_code=31&district_name=BASTI&district_code=3153&block_name=PARAS%20RAMPUR&block_code=3153001&panchayat_name=KARMEE%20PATTI&panchayat_code=3153001039&fin_year=2025-2026&source=&work_code=3153001039/RC/958486255823746260&msr_no=9699&AttendanceDate=25/03/2026&Digest=7fNUl6OKHFfvPYgy7YWY2A",2
"BASTI","PARAS RAMPUR","KHAMARIYA","3153001041/WC/958486255824229095","9440","https://mnregaweb4.nic.in/nregaarch/View_NMMS_atten_date_dtl_rpt.aspx?page=&short_name=UP&state_name=UTTAR%20PRADESH&state_code=31&district_name=BASTI&district_code=3153&block_name=PARAS%20RAMPUR&block_code=3153001&panchayat_name=KHAMARIYA&panchayat_code=3153001041&fin_year=2025-2026&source=&work_code=3153001041/WC/958486255824229095&msr_no=9440&AttendanceDate=25/03/2026&Digest=dayb/3uQ8F+JxRFSJ+Kc4Q",4
"BASTI","PARAS RAMPUR","KHAMARIYA","3153001041/WC/958486255824229095","9443","https://mnregaweb4.nic.in/nregaarch/View_NMMS_atten_date_dtl_rpt.aspx?page=&short_name=UP&state_name=UTTAR%20PRADESH&state_code=31&district_name=BASTI&district_code=3153&block_name=PARAS%20RAMPUR&block_code=3153001&panchayat_name=KHAMARIYA&panchayat_code=3153001041&fin_year=2025-2026&source=&work_code=3153001041/WC/958486255824229095&msr_no=9443&AttendanceDate=25/03/2026&Digest=HgF8bBQ9QDOXCS9qt6qhCg",1
"BASTI","PARAS RAMPUR","NARAYANPUR","3153001057/RC/958486255823694595","9678","https://mnregaweb4.nic.in/nregaarch/View_NMMS_atten_date_dtl_rpt.aspx?page=&short_name=UP&state_name=UTTAR%20PRADESH&state_code=31&district_name=BASTI&district_code=3153&block_name=PARAS%20RAMPUR&block_code=3153001&panchayat_name=NARAYANPUR&panchayat_code=3153001057&fin_year=2025-2026&source=&work_code=3153001057/RC/958486255823694595&msr_no=9678&AttendanceDate=25/03/2026&Digest=P2vliX1YBHTxTYbXyQLU8A",10
"BASTI","PARAS RAMPUR","PADARI BABU","3153001062/RC/958486255823743924","9396","https://mnregaweb4.nic.in/nregaarch/View_NMMS_atten_date_dtl_rpt.aspx?page=&short_name=UP&state_name=UTTAR%20PRADESH&state_code=31&district_name=BASTI&district_code=3153&block_name=PARAS%20RAMPUR&block_code=3153001&panchayat_name=PADARI%20BABU&panchayat_code=3153001062&fin_year=2025-2026&source=&work_code=3153001062/RC/958486255823743924&msr_no=9396&AttendanceDate=25/03/2026&Digest=Apy4Dl8LdYzK/cx8qeLu1g",8
"BASTI","PARAS RAMPUR","DHOBAHI","3153001063/WC/958486255824234655","9655","https://mnregaweb4.nic.in/nregaarch/View_NMMS_atten_date_dtl_rpt.aspx?page=&short_name=UP&state_name=UTTAR%20PRADESH&state_code=31&district_name=BASTI&district_code=3153&block_name=PARAS%20RAMPUR&block_code=3153001&panchayat_name=DHOBAHI&panchayat_code=3153001063&fin_year=2025-2026&source=&work_code=3153001063/WC/958486255824234655&msr_no=9655&AttendanceDate=25/03/2026&Digest=cxebY8Ioc/2G2XwYLQB94g",10
"BASTI","PARAS RAMPUR","RAGHUPUR","3153001067/IC/958486255823741774","9686","https://mnregaweb4.nic.in/nregaarch/View_NMMS_atten_date_dtl_rpt.aspx?page=&short_name=UP&state_name=UTTAR%20PRADESH&state_code=31&district_name=BASTI&district_code=3153&block_name=PARAS%20RAMPUR&block_code=3153001&panchayat_name=RAGHUPUR&panchayat_code=3153001067&fin_year=2025-2026&source=&work_code=3153001067/IC/958486255823741774&msr_no=9686&AttendanceDate=25/03/2026&Digest=MwGNQesk1GABpQ+7YzaS9Q",8
"BASTI","PARAS RAMPUR","RAGHUPUR","3153001067/WC/958486255824249956","9412","https://mnregaweb4.nic.in/nregaarch/View_NMMS_atten_date_dtl_rpt.aspx?page=&short_name=UP&state_name=UTTAR%20PRADESH&state_code=31&district_name=BASTI&district_code=3153&block_name=PARAS%20RAMPUR&block_code=3153001&panchayat_name=RAGHUPUR&panchayat_code=3153001067&fin_year=2025-2026&source=&work_code=3153001067/WC/958486255824249956&msr_no=9412&AttendanceDate=25/03/2026&Digest=n/0lGMRY2REkocQig33XIg",7
"BASTI","PARAS RAMPUR","RAGHVAPUR","3153001068/AV/958486255824184571","9416","https://mnregaweb4.nic.in/nregaarch/View_NMMS_atten_date_dtl_rpt.aspx?page=&short_name=UP&state_name=UTTAR%20PRADESH&state_code=31&district_name=BASTI&district_code=3153&block_name=PARAS%20RAMPUR&block_code=3153001&panchayat_name=RAGHVAPUR&panchayat_code=3153001068&fin_year=2025-2026&source=&work_code=3153001068/AV/958486255824184571&msr_no=9416&AttendanceDate=25/03/2026&Digest=DuMwBTDzeKGlZUttakQ/TA",8
"BASTI","PARAS RAMPUR","RAGHVAPUR","3153001068/WC/958486255824229110","9363","https://mnregaweb4.nic.in/nregaarch/View_NMMS_atten_date_dtl_rpt.aspx?page=&short_name=UP&state_name=UTTAR%20PRADESH&state_code=31&district_name=BASTI&district_code=3153&block_name=PARAS%20RAMPUR&block_code=3153001&panchayat_name=RAGHVAPUR&panchayat_code=3153001068&fin_year=2025-2026&source=&work_code=3153001068/WC/958486255824229110&msr_no=9363&AttendanceDate=25/03/2026&Digest=vwqGesLk3AmpElvm+n7aww",8
"BASTI","PARAS RAMPUR","UJJAINI","3153001081/LD/958486255824971580","9346","https://mnregaweb4.nic.in/nregaarch/View_NMMS_atten_date_dtl_rpt.aspx?page=&short_name=UP&state_name=UTTAR%20PRADESH&state_code=31&district_name=BASTI&district_code=3153&block_name=PARAS%20RAMPUR&block_code=3153001&panchayat_name=UJJAINI&panchayat_code=3153001081&fin_year=2025-2026&source=&work_code=3153001081/LD/958486255824971580&msr_no=9346&AttendanceDate=25/03/2026&Digest=asfTFNJqkBQFPWdc26jJVA",10
"BASTI","PARAS RAMPUR","UJJAINI","3153001081/LD/958486255824971580","9349","https://mnregaweb4.nic.in/nregaarch/View_NMMS_atten_date_dtl_rpt.aspx?page=&short_name=UP&state_name=UTTAR%20PRADESH&state_code=31&district_name=BASTI&district_code=3153&block_name=PARAS%20RAMPUR&block_code=3153001&panchayat_name=UJJAINI&panchayat_code=3153001081&fin_year=2025-2026&source=&work_code=3153001081/LD/958486255824971580&msr_no=9349&AttendanceDate=25/03/2026&Digest=F+BRaCqYEZaFT8jsTL11bA",9
"BASTI","PARAS RAMPUR","DHOSHAR MISHRA","3153001085/RC/958486255823726378","9450","https://mnregaweb4.nic.in/nregaarch/View_NMMS_atten_date_dtl_rpt.aspx?page=&short_name=UP&state_name=UTTAR%20PRADESH&state_code=31&district_name=BASTI&district_code=3153&block_name=PARAS%20RAMPUR&block_code=3153001&panchayat_name=DHOSHAR%20MISHRA&panchayat_code=3153001085&fin_year=2025-2026&source=&work_code=3153001085/RC/958486255823726378&msr_no=9450&AttendanceDate=25/03/2026&Digest=xu/z2K3DMHk0NiH4tWN42Q",10
"BASTI","PARAS RAMPUR","DHOSHAR MISHRA","3153001085/RC/958486255823726380","9660","https://mnregaweb4.nic.in/nregaarch/View_NMMS_atten_date_dtl_rpt.aspx?page=&short_name=UP&state_name=UTTAR%20PRADESH&state_code=31&district_name=BASTI&district_code=3153&block_name=PARAS%20RAMPUR&block_code=3153001&panchayat_name=DHOSHAR%20MISHRA&panchayat_code=3153001085&fin_year=2025-2026&source=&work_code=3153001085/RC/958486255823726380&msr_no=9660&AttendanceDate=25/03/2026&Digest=8gnAkcCZty9pyBY/XR1scQ",10
"BASTI","PARAS RAMPUR","DHOSHAR MISHRA","3153001085/RC/958486255823726405","9665","https://mnregaweb4.nic.in/nregaarch/View_NMMS_atten_date_dtl_rpt.aspx?page=&short_name=UP&state_name=UTTAR%20PRADESH&state_code=31&district_name=BASTI&district_code=3153&block_name=PARAS%20RAMPUR&block_code=3153001&panchayat_name=DHOSHAR%20MISHRA&panchayat_code=3153001085&fin_year=2025-2026&source=&work_code=3153001085/RC/958486255823726405&msr_no=9665&AttendanceDate=25/03/2026&Digest=+3Gvwg18nM5kPjyOX6x3xw",10
"BASTI","PARAS RAMPUR","DHOSHAR MISHRA","3153001085/WC/958486255824211496","9446","https://mnregaweb4.nic.in/nregaarch/View_NMMS_atten_date_dtl_rpt.aspx?page=&short_name=UP&state_name=UTTAR%20PRADESH&state_code=31&district_name=BASTI&district_code=3153&block_name=PARAS%20RAMPUR&block_code=3153001&panchayat_name=DHOSHAR%20MISHRA&panchayat_code=3153001085&fin_year=2025-2026&source=&work_code=3153001085/WC/958486255824211496&msr_no=9446&AttendanceDate=25/03/2026&Digest=9SjVtW57wvKFCsPpEjn9uQ",10
"BASTI","PARAS RAMPUR","BILARI BHITI","3153001092/WC/958486255823409958","9300","https://mnregaweb4.nic.in/nregaarch/View_NMMS_atten_date_dtl_rpt.aspx?page=&short_name=UP&state_name=UTTAR%20PRADESH&state_code=31&district_name=BASTI&district_code=3153&block_name=PARAS%20RAMPUR&block_code=3153001&panchayat_name=BILARI%20BHITI&panchayat_code=3153001092&fin_year=2025-2026&source=&work_code=3153001092/WC/958486255823409958&msr_no=9300&AttendanceDate=25/03/2026&Digest=6VzzHBOyjtctNsbEehkaxA",9
"BASTI","PARAS RAMPUR","PITUDA","3153001093/LD/958486255824888940","9682","https://mnregaweb4.nic.in/nregaarch/View_NMMS_atten_date_dtl_rpt.aspx?page=&short_name=UP&state_name=UTTAR%20PRADESH&state_code=31&district_name=BASTI&district_code=3153&block_name=PARAS%20RAMPUR&block_code=3153001&panchayat_name=PITUDA&panchayat_code=3153001093&fin_year=2025-2026&source=&work_code=3153001093/LD/958486255824888940&msr_no=9682&AttendanceDate=25/03/2026&Digest=AdsZqoTGHySa8w0ys8gjSg",9
"BASTI","PARAS RAMPUR","TALHVAPUR","3153001101/RC/958486255823741271","9549","https://mnregaweb4.nic.in/nregaarch/View_NMMS_atten_date_dtl_rpt.aspx?page=&short_name=UP&state_name=UTTAR%20PRADESH&state_code=31&district_name=BASTI&district_code=3153&block_name=PARAS%20RAMPUR&block_code=3153001&panchayat_name=TALHVAPUR&panchayat_code=3153001101&fin_year=2025-2026&source=&work_code=3153001101/RC/958486255823741271&msr_no=9549&AttendanceDate=25/03/2026&Digest=pR+qVbHhCILZNA2n7frjMQ",5
"BASTI","PARAS RAMPUR","NAGAR BAHERA","3153001103/WH/958486255823989494","9573","https://mnregaweb4.nic.in/nregaarch/View_NMMS_atten_date_dtl_rpt.aspx?page=&short_name=UP&state_name=UTTAR%20PRADESH&state_code=31&district_name=BASTI&district_code=3153&block_name=PARAS%20RAMPUR&block_code=3153001&panchayat_name=NAGAR%20BAHERA&panchayat_code=3153001103&fin_year=2025-2026&source=&work_code=3153001103/WH/958486255823989494&msr_no=9573&AttendanceDate=25/03/2026&Digest=+WRr2NrObLXWaoeOs5iBBg",10
"BASTI","PARAS RAMPUR","NAGAR BAHERA","3153001103/WH/958486255823989494","9576","https://mnregaweb4.nic.in/nregaarch/View_NMMS_atten_date_dtl_rpt.aspx?page=&short_name=UP&state_name=UTTAR%20PRADESH&state_code=31&district_name=BASTI&district_code=3153&block_name=PARAS%20RAMPUR&block_code=3153001&panchayat_name=NAGAR%20BAHERA&panchayat_code=3153001103&fin_year=2025-2026&source=&work_code=3153001103/WH/958486255823989494&msr_no=9576&AttendanceDate=25/03/2026&Digest=iB1lyR8slq3pCqMMWii9Fg",8
"BASTI","PARAS RAMPUR","LACHHIPUR","3153001106/RC/958486255823730898","9295","https://mnregaweb4.nic.in/nregaarch/View_NMMS_atten_date_dtl_rpt.aspx?page=&short_name=UP&state_name=UTTAR%20PRADESH&state_code=31&district_name=BASTI&district_code=3153&block_name=PARAS%20RAMPUR&block_code=3153001&panchayat_name=LACHHIPUR&panchayat_code=3153001106&fin_year=2025-2026&source=&work_code=3153001106/RC/958486255823730898&msr_no=9295&AttendanceDate=25/03/2026&Digest=JfVi7mryZo5GI2r0rUcCpA",10
"BASTI","PARAS RAMPUR","LACHHIPUR","3153001106/RC/958486255823730898","9298","https://mnregaweb4.nic.in/nregaarch/View_NMMS_atten_date_dtl_rpt.aspx?page=&short_name=UP&state_name=UTTAR%20PRADESH&state_code=31&district_name=BASTI&district_code=3153&block_name=PARAS%20RAMPUR&block_code=3153001&panchayat_name=LACHHIPUR&panchayat_code=3153001106&fin_year=2025-2026&source=&work_code=3153001106/RC/958486255823730898&msr_no=9298&AttendanceDate=25/03/2026&Digest=/+MLSRkiacghbNHBJrgn/A",9
"BASTI","RAMNAGAR","BANKECHOR","3153006010/WC/958486255824167506","6030","https://mnregaweb4.nic.in/nregaarch/View_NMMS_atten_date_dtl_rpt.aspx?page=&short_name=UP&state_name=UTTAR%20PRADESH&state_code=31&district_name=BASTI&district_code=3153&block_name=RAMNAGAR&block_code=3153006&panchayat_name=BANKECHOR&panchayat_code=3153006006&fin_year=2025-2026&source=&work_code=3153006010/WC/958486255824167506&msr_no=6030&AttendanceDate=25/03/2026&Digest=Pv3vp46bGq0mE/kzvxztoQ",8
"BASTI","RAMNAGAR","MAILANI SAHEB WAJID","3153006041/RC/958486255823564745","6208","https://mnregaweb4.nic.in/nregaarch/View_NMMS_atten_date_dtl_rpt.aspx?page=&short_name=UP&state_name=UTTAR%20PRADESH&state_code=31&district_name=BASTI&district_code=3153&block_name=RAMNAGAR&block_code=3153006&panchayat_name=MAILANI%20SAHEB%20WAJID&panchayat_code=3153006041&fin_year=2025-2026&source=&work_code=3153006041/RC/958486255823564745&msr_no=6208&AttendanceDate=25/03/2026&Digest=6eN06izhJBeSZCLcDepeEA",4
"BASTI","RAMNAGAR","PARSA KHURD BUJURG URF DARIAPUR JANGAL","3153006050/RC/958486255823751709","6177","https://mnregaweb4.nic.in/nregaarch/View_NMMS_atten_date_dtl_rpt.aspx?page=&short_name=UP&state_name=UTTAR%20PRADESH&state_code=31&district_name=BASTI&district_code=3153&block_name=RAMNAGAR&block_code=3153006&panchayat_name=PARSA%20KHURD%20BUJURG%20URF%20DARIAPUR%20JANGAL&panchayat_code=3153006050&fin_year=2025-2026&source=&work_code=3153006050/RC/958486255823751709&msr_no=6177&AttendanceDate=25/03/2026&Digest=jnVRzps/pVCUMAVBOCOpvw",9
"BASTI","RAMNAGAR","PATKHAULI","3153006054/RC/958486255823732784","6026","https://mnregaweb4.nic.in/nregaarch/View_NMMS_atten_date_dtl_rpt.aspx?page=&short_name=UP&state_name=UTTAR%20PRADESH&state_code=31&district_name=BASTI&district_code=3153&block_name=RAMNAGAR&block_code=3153006&panchayat_name=PATKHAULI&panchayat_code=3153006054&fin_year=2025-2026&source=&work_code=3153006054/RC/958486255823732784&msr_no=6026&AttendanceDate=25/03/2026&Digest=5e3twB2gBR5jfliIR1n4yQ",4
"BASTI","RAMNAGAR","KOLHUIEE","3153006076/RC/958486255823750755","6205","https://mnregaweb4.nic.in/nregaarch/View_NMMS_atten_date_dtl_rpt.aspx?page=&short_name=UP&state_name=UTTAR%20PRADESH&state_code=31&district_name=BASTI&district_code=3153&block_name=RAMNAGAR&block_code=3153006&panchayat_name=KOLHUIEE&panchayat_code=3153006076&fin_year=2025-2026&source=&work_code=3153006076/RC/958486255823750755&msr_no=6205&AttendanceDate=25/03/2026&Digest=ahAWQejLgH4HYe56TnT9hw",9
"BASTI","RUDAULI","ANDEURA","3153008002/RC/958486255823643434","6225","https://mnregaweb4.nic.in/nregaarch/View_NMMS_atten_date_dtl_rpt.aspx?page=&short_name=UP&state_name=UTTAR%20PRADESH&state_code=31&district_name=BASTI&district_code=3153&block_name=RUDAULI&block_code=3153008&panchayat_name=ANDEURA&panchayat_code=3153008002&fin_year=2025-2026&source=&work_code=3153008002/RC/958486255823643434&msr_no=6225&AttendanceDate=25/03/2026&Digest=yKadSV49Gl6baC8fcjj2EQ",9
"BASTI","RUDAULI","BAHADURPUR","3153008007/RC/958486255823749825","6247","https://mnregaweb4.nic.in/nregaarch/View_NMMS_atten_date_dtl_rpt.aspx?page=&short_name=UP&state_name=UTTAR%20PRADESH&state_code=31&district_name=BASTI&district_code=3153&block_name=RUDAULI&block_code=3153008&panchayat_name=BAHADURPUR&panchayat_code=3153008007&fin_year=2025-2026&source=&work_code=3153008007/RC/958486255823749825&msr_no=6247&AttendanceDate=25/03/2026&Digest=auTpE5zD+xZvNbeWDODmTg",9
"BASTI","RUDAULI","BIJALPUR","3153008016/RC/958486255823745796","6208","https://mnregaweb4.nic.in/nregaarch/View_NMMS_atten_date_dtl_rpt.aspx?page=&short_name=UP&state_name=UTTAR%20PRADESH&state_code=31&district_name=BASTI&district_code=3153&block_name=RUDAULI&block_code=3153008&panchayat_name=BIJALPUR&panchayat_code=3153008016&fin_year=2025-2026&source=&work_code=3153008016/RC/958486255823745796&msr_no=6208&AttendanceDate=25/03/2026&Digest=irN5pismpN/rMKf1BRzQfw",3
"BASTI","RUDAULI","DADWA TIWARI","3153008020/RC/958486255823744882","5964","https://mnregaweb4.nic.in/nregaarch/View_NMMS_atten_date_dtl_rpt.aspx?page=&short_name=UP&state_name=UTTAR%20PRADESH&state_code=31&district_name=BASTI&district_code=3153&block_name=RUDAULI&block_code=3153008&panchayat_name=DADWA%20TIWARI&panchayat_code=3153008020&fin_year=2025-2026&source=&work_code=3153008020/RC/958486255823744882&msr_no=5964&AttendanceDate=25/03/2026&Digest=e7L+ietqt3kk7HceymQIKw",3
"BASTI","RUDAULI","HASANI","3153008031/RC/958486255823750097","6249","https://mnregaweb4.nic.in/nregaarch/View_NMMS_atten_date_dtl_rpt.aspx?page=&short_name=UP&state_name=UTTAR%20PRADESH&state_code=31&district_name=BASTI&district_code=3153&block_name=RUDAULI&block_code=3153008&panchayat_name=HASANI&panchayat_code=3153008031&fin_year=2025-2026&source=&work_code=3153008031/RC/958486255823750097&msr_no=6249&AttendanceDate=25/03/2026&Digest=nVr0HwzTdJ4pLxzUgmGYDg",8
"BASTI","PARAS RAMPUR","PADARI BABU","3153001062/RC/958486255823743928","9395","https://mnregaweb4.nic.in/nregaarch/View_NMMS_atten_date_dtl_rpt.aspx?page=&short_name=UP&state_name=UTTAR%20PRADESH&state_code=31&district_name=BASTI&district_code=3153&block_name=PARAS%20RAMPUR&block_code=3153001&panchayat_name=PADARI%20BABU&panchayat_code=3153001062&fin_year=2025-2026&source=&work_code=3153001062/RC/958486255823743928&msr_no=9395&AttendanceDate=25/03/2026&Digest=z4NvAJth55+5orDugEDc4w",10
"BASTI","PARAS RAMPUR","SIRSAHAWA","3153001076/RC/958486255823745716","9534","https://mnregaweb4.nic.in/nregaarch/View_NMMS_atten_date_dtl_rpt.aspx?page=&short_name=UP&state_name=UTTAR%20PRADESH&state_code=31&district_name=BASTI&district_code=3153&block_name=PARAS%20RAMPUR&block_code=3153001&panchayat_name=SIRSAHAWA&panchayat_code=3153001076&fin_year=2025-2026&source=&work_code=3153001076/RC/958486255823745716&msr_no=9534&AttendanceDate=25/03/2026&Digest=C/Z1OOmkc2qDTJPtrKHW5A",10
"BASTI","PARAS RAMPUR","SUKRAULI KUWAR","3153001078/RC/958486255823732695","9605","https://mnregaweb4.nic.in/nregaarch/View_NMMS_atten_date_dtl_rpt.aspx?page=&short_name=UP&state_name=UTTAR%20PRADESH&state_code=31&district_name=BASTI&district_code=3153&block_name=PARAS%20RAMPUR&block_code=3153001&panchayat_name=SUKRAULI%20KUWAR&panchayat_code=3153001078&fin_year=2025-2026&source=&work_code=3153001078/RC/958486255823732695&msr_no=9605&AttendanceDate=25/03/2026&Digest=2uAaZddwzn8htUJld7tfMg",4
"BASTI","PARAS RAMPUR","DHOSHAR MISHRA","3153001085/LD/958486255824966588","9452","https://mnregaweb4.nic.in/nregaarch/View_NMMS_atten_date_dtl_rpt.aspx?page=&short_name=UP&state_name=UTTAR%20PRADESH&state_code=31&district_name=BASTI&district_code=3153&block_name=PARAS%20RAMPUR&block_code=3153001&panchayat_name=DHOSHAR%20MISHRA&panchayat_code=3153001085&fin_year=2025-2026&source=&work_code=3153001085/LD/958486255824966588&msr_no=9452&AttendanceDate=25/03/2026&Digest=MxjsyMLF8EsfuYCJPoCnvA",10
"BASTI","PARAS RAMPUR","DHOSHAR MISHRA","3153001085/LD/958486255824966588","9455","https://mnregaweb4.nic.in/nregaarch/View_NMMS_atten_date_dtl_rpt.aspx?page=&short_name=UP&state_name=UTTAR%20PRADESH&state_code=31&district_name=BASTI&district_code=3153&block_name=PARAS%20RAMPUR&block_code=3153001&panchayat_name=DHOSHAR%20MISHRA&panchayat_code=3153001085&fin_year=2025-2026&source=&work_code=3153001085/LD/958486255824966588&msr_no=9455&AttendanceDate=25/03/2026&Digest=BQ5ISm/4xTv1VpIwRWmfIw",8
"BASTI","PARAS RAMPUR","RAMPUR NAV NIDHI RAI","3153001096/LD/958486255824671641","9618","https://mnregaweb4.nic.in/nregaarch/View_NMMS_atten_date_dtl_rpt.aspx?page=&short_name=UP&state_name=UTTAR%20PRADESH&state_code=31&district_name=BASTI&district_code=3153&block_name=PARAS%20RAMPUR&block_code=3153001&panchayat_name=RAMPUR%20NAV%20NIDHI%20RAI&panchayat_code=3153001096&fin_year=2025-2026&source=&work_code=3153001096/LD/958486255824671641&msr_no=9618&AttendanceDate=25/03/2026&Digest=qQ9PRmVkbJTQx1mIsu5yiw",10
"BASTI","PARAS RAMPUR","JAMOLIYA PANDEY","3153001102/RC/958486255823726351","9528","https://mnregaweb4.nic.in/nregaarch/View_NMMS_atten_date_dtl_rpt.aspx?page=&short_name=UP&state_name=UTTAR%20PRADESH&state_code=31&district_name=BASTI&district_code=3153&block_name=PARAS%20RAMPUR&block_code=3153001&panchayat_name=JAMOLIYA%20PANDEY&panchayat_code=3153001102&fin_year=2025-2026&source=&work_code=3153001102/RC/958486255823726351&msr_no=9528&AttendanceDate=25/03/2026&Digest=dHOl/E4aNV36BOvBYFX1Pw",10
"BASTI","PARAS RAMPUR","LACHHIPUR","3153001106/LD/958486255824900960","9290","https://mnregaweb4.nic.in/nregaarch/View_NMMS_atten_date_dtl_rpt.aspx?page=&short_name=UP&state_name=UTTAR%20PRADESH&state_code=31&district_name=BASTI&district_code=3153&block_name=PARAS%20RAMPUR&block_code=3153001&panchayat_name=LACHHIPUR&panchayat_code=3153001106&fin_year=2025-2026&source=&work_code=3153001106/LD/958486255824900960&msr_no=9290&AttendanceDate=25/03/2026&Digest=o8/7WLi6d+M98CILhe9VwA",10
"BASTI","PARAS RAMPUR","LACHHIPUR","3153001106/RC/958486255823743756","9691","https://mnregaweb4.nic.in/nregaarch/View_NMMS_atten_date_dtl_rpt.aspx?page=&short_name=UP&state_name=UTTAR%20PRADESH&state_code=31&district_name=BASTI&district_code=3153&block_name=PARAS%20RAMPUR&block_code=3153001&panchayat_name=LACHHIPUR&panchayat_code=3153001106&fin_year=2025-2026&source=&work_code=3153001106/RC/958486255823743756&msr_no=9691&AttendanceDate=25/03/2026&Digest=eiskeKFqtMHRV3YK8JEQjg",2
"BASTI","PARAS RAMPUR","LACHHIPUR","3153001106/WC/958486255824214723","9516","https://mnregaweb4.nic.in/nregaarch/View_NMMS_atten_date_dtl_rpt.aspx?page=&short_name=UP&state_name=UTTAR%20PRADESH&state_code=31&district_name=BASTI&district_code=3153&block_name=PARAS%20RAMPUR&block_code=3153001&panchayat_name=LACHHIPUR&panchayat_code=3153001106&fin_year=2025-2026&source=&work_code=3153001106/WC/958486255824214723&msr_no=9516&AttendanceDate=25/03/2026&Digest=3FmXuhpD8YGdE11WML1oHQ",10
"BASTI","RAMNAGAR","AHIRAULA","3153006002/RC/958486255823713516","6145","https://mnregaweb4.nic.in/nregaarch/View_NMMS_atten_date_dtl_rpt.aspx?page=&short_name=UP&state_name=UTTAR%20PRADESH&state_code=31&district_name=BASTI&district_code=3153&block_name=RAMNAGAR&block_code=3153006&panchayat_name=AHIRAULA&panchayat_code=3153006002&fin_year=2025-2026&source=&work_code=3153006002/RC/958486255823713516&msr_no=6145&AttendanceDate=25/03/2026&Digest=KY4o22y9DbAG3+TruOKrDg",2
"BASTI","RAMNAGAR","BEILI","3153006014/RC/958486255823749832","6112","https://mnregaweb4.nic.in/nregaarch/View_NMMS_atten_date_dtl_rpt.aspx?page=&short_name=UP&state_name=UTTAR%20PRADESH&state_code=31&district_name=BASTI&district_code=3153&block_name=RAMNAGAR&block_code=3153006&panchayat_name=BEILI&panchayat_code=3153006014&fin_year=2025-2026&source=&work_code=3153006014/RC/958486255823749832&msr_no=6112&AttendanceDate=25/03/2026&Digest=OFKen18gl4g+WAyfwJ09yg",5
"BASTI","RAMNAGAR","CHAISAR","3153006020/RC/958486255823746238","6185","https://mnregaweb4.nic.in/nregaarch/View_NMMS_atten_date_dtl_rpt.aspx?page=&short_name=UP&state_name=UTTAR%20PRADESH&state_code=31&district_name=BASTI&district_code=3153&block_name=RAMNAGAR&block_code=3153006&panchayat_name=CHAISAR&panchayat_code=3153006020&fin_year=2025-2026&source=&work_code=3153006020/RC/958486255823746238&msr_no=6185&AttendanceDate=25/03/2026&Digest=kjSHMrDve/MS6vm0MhgiOQ",8
"BASTI","RAMNAGAR","CHAISAR","3153006020/WC/958486255824226707","6193","https://mnregaweb4.nic.in/nregaarch/View_NMMS_atten_date_dtl_rpt.aspx?page=&short_name=UP&state_name=UTTAR%20PRADESH&state_code=31&district_name=BASTI&district_code=3153&block_name=RAMNAGAR&block_code=3153006&panchayat_name=CHAISAR&panchayat_code=3153006020&fin_year=2025-2026&source=&work_code=3153006020/WC/958486255824226707&msr_no=6193&AttendanceDate=25/03/2026&Digest=d/+LUg453OMGQvIY6KaeCg",10
"BASTI","RAMNAGAR","MAJHARI BAZAR","3153006042/RC/958486255823749133","5995","https://mnregaweb4.nic.in/nregaarch/View_NMMS_atten_date_dtl_rpt.aspx?page=&short_name=UP&state_name=UTTAR%20PRADESH&state_code=31&district_name=BASTI&district_code=3153&block_name=RAMNAGAR&block_code=3153006&panchayat_name=MAJHARI%20BAZAR&panchayat_code=3153006042&fin_year=2025-2026&source=&work_code=3153006042/RC/958486255823749133&msr_no=5995&AttendanceDate=25/03/2026&Digest=a8VjZr5Lx8Bt8YuXzssbXg",1
"BASTI","RAMNAGAR","MANJHARI","3153006052/AV/958486255824157779","6027","https://mnregaweb4.nic.in/nregaarch/View_NMMS_atten_date_dtl_rpt.aspx?page=&short_name=UP&state_name=UTTAR%20PRADESH&state_code=31&district_name=BASTI&district_code=3153&block_name=RAMNAGAR&block_code=3153006&panchayat_name=MANJHARI&panchayat_code=3153006045&fin_year=2025-2026&source=&work_code=3153006052/AV/958486255824157779&msr_no=6027&AttendanceDate=25/03/2026&Digest=/MMTux5R9QxryA02XUpATQ",4
"BASTI","RAMNAGAR","MAILANI URF HINDU NAGAR","3153006079/RC/958486255823731816","6074","https://mnregaweb4.nic.in/nregaarch/View_NMMS_atten_date_dtl_rpt.aspx?page=&short_name=UP&state_name=UTTAR%20PRADESH&state_code=31&district_name=BASTI&district_code=3153&block_name=RAMNAGAR&block_code=3153006&panchayat_name=MAILANI%20URF%20HINDU%20NAGAR&panchayat_code=3153006079&fin_year=2025-2026&source=&work_code=3153006079/RC/958486255823731816&msr_no=6074&AttendanceDate=25/03/2026&Digest=J2I8YY54vMDOI7kw4U/ybQ",4
"BASTI","RUDAULI","BHITEHARA","3153008013/RC/958486255823743223","6106","https://mnregaweb4.nic.in/nregaarch/View_NMMS_atten_date_dtl_rpt.aspx?page=&short_name=UP&state_name=UTTAR%20PRADESH&state_code=31&district_name=BASTI&district_code=3153&block_name=RUDAULI&block_code=3153008&panchayat_name=BHITEHARA&panchayat_code=3153008013&fin_year=2025-2026&source=&work_code=3153008013/RC/958486255823743223&msr_no=6106&AttendanceDate=25/03/2026&Digest=RDL8zEhese/mXIpMBybICw",4
"BASTI","RUDAULI","CHHATRIYA","3153008018/RC/958486255823690413","6154","https://mnregaweb4.nic.in/nregaarch/View_NMMS_atten_date_dtl_rpt.aspx?page=&short_name=UP&state_name=UTTAR%20PRADESH&state_code=31&district_name=BASTI&district_code=3153&block_name=RUDAULI&block_code=3153008&panchayat_name=CHHATRIYA&panchayat_code=3153008018&fin_year=2025-2026&source=&work_code=3153008018/RC/958486255823690413&msr_no=6154&AttendanceDate=25/03/2026&Digest=NJSK35aE/80k7/kT59k+Lw",8
"BASTI","RUDAULI","DADWA TIWARI","3153008020/RC/958486255823740212","6181","https://mnregaweb4.nic.in/nregaarch/View_NMMS_atten_date_dtl_rpt.aspx?page=&short_name=UP&state_name=UTTAR%20PRADESH&state_code=31&district_name=BASTI&district_code=3153&block_name=RUDAULI&block_code=3153008&panchayat_name=DADWA%20TIWARI&panchayat_code=3153008020&fin_year=2025-2026&source=&work_code=3153008020/RC/958486255823740212&msr_no=6181&AttendanceDate=25/03/2026&Digest=bSdIEXq/LiBPvJE7MHOMVQ",10
"BASTI","RUDAULI","KHAMBHA","3153008037/RC/958486255823736388","6032","https://mnregaweb4.nic.in/nregaarch/View_NMMS_atten_date_dtl_rpt.aspx?page=&short_name=UP&state_name=UTTAR%20PRADESH&state_code=31&district_name=BASTI&district_code=3153&block_name=RUDAULI&block_code=3153008&panchayat_name=KHAMBHA&panchayat_code=3153008037&fin_year=2025-2026&source=&work_code=3153008037/RC/958486255823736388&msr_no=6032&AttendanceDate=25/03/2026&Digest=D8lOtVNUlPR4yxTWJW1w1w",1
"BASTI","SALTAUA GOPAL PUR","AJGAIWA JUNGAL","3153007004/AV/958486255824155126","5371","https://mnregaweb4.nic.in/nregaarch/View_NMMS_atten_date_dtl_rpt.aspx?page=&short_name=UP&state_name=UTTAR%20PRADESH&state_code=31&district_name=BASTI&district_code=3153&block_name=SALTAUA%20GOPAL%20PUR&block_code=3153007&panchayat_name=AJGAIWA%20JUNGAL&panchayat_code=3153007004&fin_year=2025-2026&source=&work_code=3153007004/AV/958486255824155126&msr_no=5371&AttendanceDate=25/03/2026&Digest=T+Bo7pF604IaomB0R66pUQ",4
"BASTI","SALTAUA GOPAL PUR","BASTHANWA","3153007015/LD/958486255824639495","5376","https://mnregaweb4.nic.in/nregaarch/View_NMMS_atten_date_dtl_rpt.aspx?page=&short_name=UP&state_name=UTTAR%20PRADESH&state_code=31&district_name=BASTI&district_code=3153&block_name=SALTAUA%20GOPAL%20PUR&block_code=3153007&panchayat_name=BASTHANWA&panchayat_code=3153007015&fin_year=2025-2026&source=&work_code=3153007015/LD/958486255824639495&msr_no=5376&AttendanceDate=25/03/2026&Digest=uJqerA964eJOBwPvIiAtZA",8
"BASTI","SALTAUA GOPAL PUR","BASTHANWA","3153007015/LD/958486255824639495","5405","https://mnregaweb4.nic.in/nregaarch/View_NMMS_atten_date_dtl_rpt.aspx?page=&short_name=UP&state_name=UTTAR%20PRADESH&state_code=31&district_name=BASTI&district_code=3153&block_name=SALTAUA%20GOPAL%20PUR&block_code=3153007&panchayat_name=BASTHANWA&panchayat_code=3153007015&fin_year=2025-2026&source=&work_code=3153007015/LD/958486255824639495&msr_no=5405&AttendanceDate=25/03/2026&Digest=yDKpRJPXhAUJtckt6NAIKA",1
"BASTI","SALTAUA GOPAL PUR","BELWADAD","3153007017/RC/958486255823742281","5494","https://mnregaweb4.nic.in/nregaarch/View_NMMS_atten_date_dtl_rpt.aspx?page=&short_name=UP&state_name=UTTAR%20PRADESH&state_code=31&district_name=BASTI&district_code=3153&block_name=SALTAUA%20GOPAL%20PUR&block_code=3153007&panchayat_name=BELWADAD&panchayat_code=3153007017&fin_year=2025-2026&source=&work_code=3153007017/RC/958486255823742281&msr_no=5494&AttendanceDate=25/03/2026&Digest=zX6Sohb6TVLTkjURIy5klg",5
"BASTI","SALTAUA GOPAL PUR","TENUWA","3153007020/LD/958486255824769941","5456","https://mnregaweb4.nic.in/nregaarch/View_NMMS_atten_date_dtl_rpt.aspx?page=&short_name=UP&state_name=UTTAR%20PRADESH&state_code=31&district_name=BASTI&district_code=3153&block_name=SALTAUA%20GOPAL%20PUR&block_code=3153007&panchayat_name=TENUWA&panchayat_code=3153007020&fin_year=2025-2026&source=&work_code=3153007020/LD/958486255824769941&msr_no=5456&AttendanceDate=25/03/2026&Digest=BRLB3f7iw/fTutNUJCMP7w",7
"BASTI","SALTAUA GOPAL PUR","JOGIA JUDI KUAIYA","3153007034/WH/958486255824010482","5385","https://mnregaweb4.nic.in/nregaarch/View_NMMS_atten_date_dtl_rpt.aspx?page=&short_name=UP&state_name=UTTAR%20PRADESH&state_code=31&district_name=BASTI&district_code=3153&block_name=SALTAUA%20GOPAL%20PUR&block_code=3153007&panchayat_name=JOGIA%20JUDI%20KUAIYA&panchayat_code=3153007034&fin_year=2025-2026&source=&work_code=3153007034/WH/958486255824010482&msr_no=5385&AttendanceDate=25/03/2026&Digest=5/LkQP+vAzVlpexcbMUNZQ",10
"BASTI","SALTAUA GOPAL PUR","NEWADA","3153007052/AV/958486255824177602","5461","https://mnregaweb4.nic.in/nregaarch/View_NMMS_atten_date_dtl_rpt.aspx?page=&short_name=UP&state_name=UTTAR%20PRADESH&state_code=31&district_name=BASTI&district_code=3153&block_name=SALTAUA%20GOPAL%20PUR&block_code=3153007&panchayat_name=NEWADA&panchayat_code=3153007052&fin_year=2025-2026&source=&work_code=3153007052/AV/958486255824177602&msr_no=5461&AttendanceDate=25/03/2026&Digest=js70hKGz+4Iibuk/PpDEXA",9
"BASTI","SALTAUA GOPAL PUR","NEWADA","3153007052/RC/958486255823671394","5509","https://mnregaweb4.nic.in/nregaarch/View_NMMS_atten_date_dtl_rpt.aspx?page=&short_name=UP&state_name=UTTAR%20PRADESH&state_code=31&district_name=BASTI&district_code=3153&block_name=SALTAUA%20GOPAL%20PUR&block_code=3153007&panchayat_name=NEWADA&panchayat_code=3153007052&fin_year=2025-2026&source=&work_code=3153007052/RC/958486255823671394&msr_no=5509&AttendanceDate=25/03/2026&Digest=AQx+Ugsvd9DhKV5pXTpe9g",4
"BASTI","SALTAUA GOPAL PUR","PARSA KHAL","3153007057/AV/958486255824177747","5529","https://mnregaweb4.nic.in/nregaarch/View_NMMS_atten_date_dtl_rpt.aspx?page=&short_name=UP&state_name=UTTAR%20PRADESH&state_code=31&district_name=BASTI&district_code=3153&block_name=SALTAUA%20GOPAL%20PUR&block_code=3153007&panchayat_name=PARSA%20KHAL&panchayat_code=3153007057&fin_year=2025-2026&source=&work_code=3153007057/AV/958486255824177747&msr_no=5529&AttendanceDate=25/03/2026&Digest=zpwqwtSQS+rReo1r67cS2Q",9
"BASTI","SALTAUA GOPAL PUR","REGI","3153007066/RC/958486255823706731","5512","https://mnregaweb4.nic.in/nregaarch/View_NMMS_atten_date_dtl_rpt.aspx?page=&short_name=UP&state_name=UTTAR%20PRADESH&state_code=31&district_name=BASTI&district_code=3153&block_name=SALTAUA%20GOPAL%20PUR&block_code=3153007&panchayat_name=REGI&panchayat_code=3153007066&fin_year=2025-2026&source=&work_code=3153007066/RC/958486255823706731&msr_no=5512&AttendanceDate=25/03/2026&Digest=Q1WHfSMTl1Hbau1BmGqq6A",7
"BASTI","SALTAUA GOPAL PUR","SUBHAI","3153007078/RC/958486255823677087","5500","https://mnregaweb4.nic.in/nregaarch/View_NMMS_atten_date_dtl_rpt.aspx?page=&short_name=UP&state_name=UTTAR%20PRADESH&state_code=31&district_name=BASTI&district_code=3153&block_name=SALTAUA%20GOPAL%20PUR&block_code=3153007&panchayat_name=SUBHAI&panchayat_code=3153007078&fin_year=2025-2026&source=&work_code=3153007078/RC/958486255823677087&msr_no=5500&AttendanceDate=25/03/2026&Digest=KEnhn0ltjlXqeX7ArUNHng",7
"BASTI","SALTAUA GOPAL PUR","PACHANU","3153007094/RC/958486255823666847","5364","https://mnregaweb4.nic.in/nregaarch/View_NMMS_atten_date_dtl_rpt.aspx?page=&short_name=UP&state_name=UTTAR%20PRADESH&state_code=31&district_name=BASTI&district_code=3153&block_name=SALTAUA%20GOPAL%20PUR&block_code=3153007&panchayat_name=PACHANU&panchayat_code=3153007094&fin_year=2025-2026&source=&work_code=3153007094/RC/958486255823666847&msr_no=5364&AttendanceDate=25/03/2026&Digest=GSRkwnmezOEfMCNoku6tBg",8
"BASTI","SALTAUA GOPAL PUR","PACHANU","3153007094/WH/958486255824008455","5367","https://mnregaweb4.nic.in/nregaarch/View_NMMS_atten_date_dtl_rpt.aspx?page=&short_name=UP&state_name=UTTAR%20PRADESH&state_code=31&district_name=BASTI&district_code=3153&block_name=SALTAUA%20GOPAL%20PUR&block_code=3153007&panchayat_name=PACHANU&panchayat_code=3153007094&fin_year=2025-2026&source=&work_code=3153007094/WH/958486255824008455&msr_no=5367&AttendanceDate=25/03/2026&Digest=hJzFp5PLoV4v0wuNSVRL+g",1
"BASTI","SAU GHAT","ANDA","3153009002/RC/958486255823685103","3384","https://mnregaweb4.nic.in/nregaarch/View_NMMS_atten_date_dtl_rpt.aspx?page=&short_name=UP&state_name=UTTAR%20PRADESH&state_code=31&district_name=BASTI&district_code=3153&block_name=SAU%20GHAT&block_code=3153009&panchayat_name=ANDA&panchayat_code=3153009002&fin_year=2025-2026&source=&work_code=3153009002/RC/958486255823685103&msr_no=3384&AttendanceDate=25/03/2026&Digest=s/gKHuzBewQ8PipCF/5Tgw",5
"BASTI","SAU GHAT","ANDA","3153009002/RC/958486255823685103","3390","https://mnregaweb4.nic.in/nregaarch/View_NMMS_atten_date_dtl_rpt.aspx?page=&short_name=UP&state_name=UTTAR%20PRADESH&state_code=31&district_name=BASTI&district_code=3153&block_name=SAU%20GHAT&block_code=3153009&panchayat_name=ANDA&panchayat_code=3153009002&fin_year=2025-2026&source=&work_code=3153009002/RC/958486255823685103&msr_no=3390&AttendanceDate=25/03/2026&Digest=532JRILwHS6IVjEifNs/cQ",2
"BASTI","SAU GHAT","BATELA","3153009008/RC/958486255823741425","3406","https://mnregaweb4.nic.in/nregaarch/View_NMMS_atten_date_dtl_rpt.aspx?page=&short_name=UP&state_name=UTTAR%20PRADESH&state_code=31&district_name=BASTI&district_code=3153&block_name=SAU%20GHAT&block_code=3153009&panchayat_name=BATELA&panchayat_code=3153009008&fin_year=2025-2026&source=&work_code=3153009008/RC/958486255823741425&msr_no=3406&AttendanceDate=25/03/2026&Digest=0eOaTu+Sg00B7eQRDq1xeg",5
"BASTI","SAU GHAT","JHARKATIYA","3153009028/RC/958486255823751269","3374","https://mnregaweb4.nic.in/nregaarch/View_NMMS_atten_date_dtl_rpt.aspx?page=&short_name=UP&state_name=UTTAR%20PRADESH&state_code=31&district_name=BASTI&district_code=3153&block_name=SAU%20GHAT&block_code=3153009&panchayat_name=JHARKATIYA&panchayat_code=3153009028&fin_year=2025-2026&source=&work_code=3153009028/RC/958486255823751269&msr_no=3374&AttendanceDate=25/03/2026&Digest=bulSAyuXpnq3K90eqcjq/Q",7
"BASTI","VIKRAM JOT","AURANGABAD","3153004005/LD/958486255824919627","5799","https://mnregaweb4.nic.in/nregaarch/View_NMMS_atten_date_dtl_rpt.aspx?page=&short_name=UP&state_name=UTTAR%20PRADESH&state_code=31&district_name=BASTI&district_code=3153&block_name=VIKRAM%20JOT&block_code=3153004&panchayat_name=AURANGABAD&panchayat_code=3153004005&fin_year=2025-2026&source=&work_code=3153004005/LD/958486255824919627&msr_no=5799&AttendanceDate=25/03/2026&Digest=270FC+j0MerOhBPA5YwH7A",5
"BASTI","RUDAULI","CHAND CHAUR","3153008077/RC/958486255823749524","6244","https://mnregaweb4.nic.in/nregaarch/View_NMMS_atten_date_dtl_rpt.aspx?page=&short_name=UP&state_name=UTTAR%20PRADESH&state_code=31&district_name=BASTI&district_code=3153&block_name=RUDAULI&block_code=3153008&panchayat_name=CHAND%20CHAUR&panchayat_code=3153008077&fin_year=2025-2026&source=&work_code=3153008077/RC/958486255823749524&msr_no=6244&AttendanceDate=25/03/2026&Digest=A06u/47RlPYx03kWrEDi+A",9
"BASTI","SALTAUA GOPAL PUR","BASTHANWA","3153007015/LD/958486255824805148","5375","https://mnregaweb4.nic.in/nregaarch/View_NMMS_atten_date_dtl_rpt.aspx?page=&short_name=UP&state_name=UTTAR%20PRADESH&state_code=31&district_name=BASTI&district_code=3153&block_name=SALTAUA%20GOPAL%20PUR&block_code=3153007&panchayat_name=BASTHANWA&panchayat_code=3153007015&fin_year=2025-2026&source=&work_code=3153007015/LD/958486255824805148&msr_no=5375&AttendanceDate=25/03/2026&Digest=b6H4xvIfAsOvjCc2ZgAZDQ",10
"BASTI","SALTAUA GOPAL PUR","JOTA","3153007035/WH/958486255824013074","5420","https://mnregaweb4.nic.in/nregaarch/View_NMMS_atten_date_dtl_rpt.aspx?page=&short_name=UP&state_name=UTTAR%20PRADESH&state_code=31&district_name=BASTI&district_code=3153&block_name=SALTAUA%20GOPAL%20PUR&block_code=3153007&panchayat_name=JOTA&panchayat_code=3153007035&fin_year=2025-2026&source=&work_code=3153007035/WH/958486255824013074&msr_no=5420&AttendanceDate=25/03/2026&Digest=yXEBwePMbdKk1vn7B+F3Gw",9
"BASTI","SALTAUA GOPAL PUR","JOTA","3153007035/WH/958486255824013074","5423","https://mnregaweb4.nic.in/nregaarch/View_NMMS_atten_date_dtl_rpt.aspx?page=&short_name=UP&state_name=UTTAR%20PRADESH&state_code=31&district_name=BASTI&district_code=3153&block_name=SALTAUA%20GOPAL%20PUR&block_code=3153007&panchayat_name=JOTA&panchayat_code=3153007035&fin_year=2025-2026&source=&work_code=3153007035/WH/958486255824013074&msr_no=5423&AttendanceDate=25/03/2026&Digest=iwMIMCr1Uc1rf3tKzXZBNQ",7
"BASTI","SALTAUA GOPAL PUR","JOTA","3153007035/WH/958486255824013074","5426","https://mnregaweb4.nic.in/nregaarch/View_NMMS_atten_date_dtl_rpt.aspx?page=&short_name=UP&state_name=UTTAR%20PRADESH&state_code=31&district_name=BASTI&district_code=3153&block_name=SALTAUA%20GOPAL%20PUR&block_code=3153007&panchayat_name=JOTA&panchayat_code=3153007035&fin_year=2025-2026&source=&work_code=3153007035/WH/958486255824013074&msr_no=5426&AttendanceDate=25/03/2026&Digest=U1Q1LcL0KZPu/a1eca7iFw",7
"BASTI","SALTAUA GOPAL PUR","KOILSA","3153007039/WH/958486255824012400","5453","https://mnregaweb4.nic.in/nregaarch/View_NMMS_atten_date_dtl_rpt.aspx?page=&short_name=UP&state_name=UTTAR%20PRADESH&state_code=31&district_name=BASTI&district_code=3153&block_name=SALTAUA%20GOPAL%20PUR&block_code=3153007&panchayat_name=KOILSA&panchayat_code=3153007039&fin_year=2025-2026&source=&work_code=3153007039/WH/958486255824012400&msr_no=5453&AttendanceDate=25/03/2026&Digest=D3jnPtE/pSiaS1XZIVI4zA",8
"BASTI","SALTAUA GOPAL PUR","PARSA KHAL","3153007057/WH/958486255824013365","5414","https://mnregaweb4.nic.in/nregaarch/View_NMMS_atten_date_dtl_rpt.aspx?page=&short_name=UP&state_name=UTTAR%20PRADESH&state_code=31&district_name=BASTI&district_code=3153&block_name=SALTAUA%20GOPAL%20PUR&block_code=3153007&panchayat_name=PARSA%20KHAL&panchayat_code=3153007057&fin_year=2025-2026&source=&work_code=3153007057/WH/958486255824013365&msr_no=5414&AttendanceDate=25/03/2026&Digest=x4ruKYZveGvy5A6R1bME2A",7
"BASTI","SALTAUA GOPAL PUR","SALTAUA","3153007069/LD/958486255824937021","5474","https://mnregaweb4.nic.in/nregaarch/View_NMMS_atten_date_dtl_rpt.aspx?page=&short_name=UP&state_name=UTTAR%20PRADESH&state_code=31&district_name=BASTI&district_code=3153&block_name=SALTAUA%20GOPAL%20PUR&block_code=3153007&panchayat_name=SALTAUA&panchayat_code=3153007069&fin_year=2025-2026&source=&work_code=3153007069/LD/958486255824937021&msr_no=5474&AttendanceDate=25/03/2026&Digest=11OB6dHrqM3i6VM92z9drw",9
"BASTI","SALTAUA GOPAL PUR","KORIYA DIH","3153007086/IC/958486255823742443","5361","https://mnregaweb4.nic.in/nregaarch/View_NMMS_atten_date_dtl_rpt.aspx?page=&short_name=UP&state_name=UTTAR%20PRADESH&state_code=31&district_name=BASTI&district_code=3153&block_name=SALTAUA%20GOPAL%20PUR&block_code=3153007&panchayat_name=KORIYA%20DIH&panchayat_code=3153007086&fin_year=2025-2026&source=&work_code=3153007086/IC/958486255823742443&msr_no=5361&AttendanceDate=25/03/2026&Digest=537NIPxTLmBgkRxVIR7vfA",7
"BASTI","SALTAUA GOPAL PUR","BHIURA","3153007091/RC/958486255823594409","5525","https://mnregaweb4.nic.in/nregaarch/View_NMMS_atten_date_dtl_rpt.aspx?page=&short_name=UP&state_name=UTTAR%20PRADESH&state_code=31&district_name=BASTI&district_code=3153&block_name=SALTAUA%20GOPAL%20PUR&block_code=3153007&panchayat_name=BHIURA&panchayat_code=3153007091&fin_year=2025-2026&source=&work_code=3153007091/RC/958486255823594409&msr_no=5525&AttendanceDate=25/03/2026&Digest=SqccYiLukJwHKxXxh1nhtQ",10
"BASTI","SALTAUA GOPAL PUR","BHITEHRA PACHANU","3153007092/AV/958486255824184613","5393","https://mnregaweb4.nic.in/nregaarch/View_NMMS_atten_date_dtl_rpt.aspx?page=&short_name=UP&state_name=UTTAR%20PRADESH&state_code=31&district_name=BASTI&district_code=3153&block_name=SALTAUA%20GOPAL%20PUR&block_code=3153007&panchayat_name=BHITEHRA%20PACHANU&panchayat_code=3153007092&fin_year=2025-2026&source=&work_code=3153007092/AV/958486255824184613&msr_no=5393&AttendanceDate=25/03/2026&Digest=iVvSJigJI3lh1tJ+svmGfA",5
"BASTI","SALTAUA GOPAL PUR","PACHANU","3153007094/RC/958486255823666847","5363","https://mnregaweb4.nic.in/nregaarch/View_NMMS_atten_date_dtl_rpt.aspx?page=&short_name=UP&state_name=UTTAR%20PRADESH&state_code=31&district_name=BASTI&district_code=3153&block_name=SALTAUA%20GOPAL%20PUR&block_code=3153007&panchayat_name=PACHANU&panchayat_code=3153007094&fin_year=2025-2026&source=&work_code=3153007094/RC/958486255823666847&msr_no=5363&AttendanceDate=25/03/2026&Digest=JIJv9Fj2eAZwFizSUQEKfQ",9
"BASTI","SAU GHAT","ANDA","3153009002/LD/958486255825010416","3356","https://mnregaweb4.nic.in/nregaarch/View_NMMS_atten_date_dtl_rpt.aspx?page=&short_name=UP&state_name=UTTAR%20PRADESH&state_code=31&district_name=BASTI&district_code=3153&block_name=SAU%20GHAT&block_code=3153009&panchayat_name=ANDA&panchayat_code=3153009002&fin_year=2025-2026&source=&work_code=3153009002/LD/958486255825010416&msr_no=3356&AttendanceDate=25/03/2026&Digest=3bz+02kSWAkOk1Yl3zrK/A",4
"BASTI","SAU GHAT","BATELA","3153009008/RC/958486255823741425","3407","https://mnregaweb4.nic.in/nregaarch/View_NMMS_atten_date_dtl_rpt.aspx?page=&short_name=UP&state_name=UTTAR%20PRADESH&state_code=31&district_name=BASTI&district_code=3153&block_name=SAU%20GHAT&block_code=3153009&panchayat_name=BATELA&panchayat_code=3153009008&fin_year=2025-2026&source=&work_code=3153009008/RC/958486255823741425&msr_no=3407&AttendanceDate=25/03/2026&Digest=RGKelx3nSesKlxC3h3eJog",8
"BASTI","SAU GHAT","BHITA RAM SEN","3153009013/RC/958486255823719601","3393","https://mnregaweb4.nic.in/nregaarch/View_NMMS_atten_date_dtl_rpt.aspx?page=&short_name=UP&state_name=UTTAR%20PRADESH&state_code=31&district_name=BASTI&district_code=3153&block_name=SAU%20GHAT&block_code=3153009&panchayat_name=BHITA%20RAM%20SEN&panchayat_code=3153009013&fin_year=2025-2026&source=&work_code=3153009013/RC/958486255823719601&msr_no=3393&AttendanceDate=25/03/2026&Digest=AxkO4soJegF5jDkzPmK3Mg",1
"BASTI","SAU GHAT","DAULATPUR","3153009019/RC/958486255823663567","3412","https://mnregaweb4.nic.in/nregaarch/View_NMMS_atten_date_dtl_rpt.aspx?page=&short_name=UP&state_name=UTTAR%20PRADESH&state_code=31&district_name=BASTI&district_code=3153&block_name=SAU%20GHAT&block_code=3153009&panchayat_name=DAULATPUR&panchayat_code=3153009019&fin_year=2025-2026&source=&work_code=3153009019/RC/958486255823663567&msr_no=3412&AttendanceDate=25/03/2026&Digest=q25mruf/JXrD+BqxtpgTRw",1
"BASTI","VIKRAM JOT","DHIRAULI PANDEY","3153004023/RC/958486255823733433","5964","https://mnregaweb4.nic.in/nregaarch/View_NMMS_atten_date_dtl_rpt.aspx?page=&short_name=UP&state_name=UTTAR%20PRADESH&state_code=31&district_name=BASTI&district_code=3153&block_name=VIKRAM%20JOT&block_code=3153004&panchayat_name=DHIRAULI%20PANDEY&panchayat_code=3153004023&fin_year=2025-2026&source=&work_code=3153004023/RC/958486255823733433&msr_no=5964&AttendanceDate=25/03/2026&Digest=1RBclxMLUZ/ihVpnohN7mg",4
"BASTI","VIKRAM JOT","KUANGAON","3153004037/FP/958486255823617398","5789","https://mnregaweb4.nic.in/nregaarch/View_NMMS_atten_date_dtl_rpt.aspx?page=&short_name=UP&state_name=UTTAR%20PRADESH&state_code=31&district_name=BASTI&district_code=3153&block_name=VIKRAM%20JOT&block_code=3153004&panchayat_name=KUANGAON&panchayat_code=3153004037&fin_year=2025-2026&source=&work_code=3153004037/FP/958486255823617398&msr_no=5789&AttendanceDate=25/03/2026&Digest=92VbEZ35j344c8ALakWDWQ",9
"BASTI","VIKRAM JOT","EKMA HIRANIYA","3153004043/WC/958486255824231525","5858","https://mnregaweb4.nic.in/nregaarch/View_NMMS_atten_date_dtl_rpt.aspx?page=&short_name=UP&state_name=UTTAR%20PRADESH&state_code=31&district_name=BASTI&district_code=3153&block_name=VIKRAM%20JOT&block_code=3153004&panchayat_name=EKMA%20HIRANIYA&panchayat_code=3153004043&fin_year=2025-2026&source=&work_code=3153004043/WC/958486255824231525&msr_no=5858&AttendanceDate=25/03/2026&Digest=9y01TLanTw8eTX7M/4RDVg",5
"BASTI","VIKRAM JOT","EKMA HIRANIYA","3153004043/WC/958486255824231525","5861","https://mnregaweb4.nic.in/nregaarch/View_NMMS_atten_date_dtl_rpt.aspx?page=&short_name=UP&state_name=UTTAR%20PRADESH&state_code=31&district_name=BASTI&district_code=3153&block_name=VIKRAM%20JOT&block_code=3153004&panchayat_name=EKMA%20HIRANIYA&panchayat_code=3153004043&fin_year=2025-2026&source=&work_code=3153004043/WC/958486255824231525&msr_no=5861&AttendanceDate=25/03/2026&Digest=v3YvEJxU1gG6cjTKED+4HA",5
"BASTI","VIKRAM JOT","PURE CHETAN","3153004053/RC/958486255823731821","5899","https://mnregaweb4.nic.in/nregaarch/View_NMMS_atten_date_dtl_rpt.aspx?page=&short_name=UP&state_name=UTTAR%20PRADESH&state_code=31&district_name=BASTI&district_code=3153&block_name=VIKRAM%20JOT&block_code=3153004&panchayat_name=PURE%20CHETAN&panchayat_code=3153004053&fin_year=2025-2026&source=&work_code=3153004053/RC/958486255823731821&msr_no=5899&AttendanceDate=25/03/2026&Digest=KWR/LeGjnf1SPtm6UEtMzg",10
"BASTI","VIKRAM JOT","VIKRAMJOT","3153004069/RC/958486255823750594","5965","https://mnregaweb4.nic.in/nregaarch/View_NMMS_atten_date_dtl_rpt.aspx?page=&short_name=UP&state_name=UTTAR%20PRADESH&state_code=31&district_name=BASTI&district_code=3153&block_name=VIKRAM%20JOT&block_code=3153004&panchayat_name=VIKRAMJOT&panchayat_code=3153004069&fin_year=2025-2026&source=&work_code=3153004069/RC/958486255823750594&msr_no=5965&AttendanceDate=25/03/2026&Digest=WIg6y1Tx/epU1AnNvhGxkw",5
"BASTI","VIKRAM JOT","NETWARPATTI","3153004078/LD/958486255824967920","5778","https://mnregaweb4.nic.in/nregaarch/View_NMMS_atten_date_dtl_rpt.aspx?page=&short_name=UP&state_name=UTTAR%20PRADESH&state_code=31&district_name=BASTI&district_code=3153&block_name=VIKRAM%20JOT&block_code=3153004&panchayat_name=NETWARPATTI&panchayat_code=3153004078&fin_year=2025-2026&source=&work_code=3153004078/LD/958486255824967920&msr_no=5778&AttendanceDate=25/03/2026&Digest=RAu+oFYkQxRgmE/sQOluXQ",9
"BASTI","RUDAULI","PADARI","3153008052/RC/958486255823713419","6119","https://mnregaweb4.nic.in/nregaarch/View_NMMS_atten_date_dtl_rpt.aspx?page=&short_name=UP&state_name=UTTAR%20PRADESH&state_code=31&district_name=BASTI&district_code=3153&block_name=RUDAULI&block_code=3153008&panchayat_name=PADARI&panchayat_code=3153008052&fin_year=2025-2026&source=&work_code=3153008052/RC/958486255823713419&msr_no=6119&AttendanceDate=25/03/2026&Digest=cWgRLGVuVF+b+qv4aJZb1A",2
"BASTI","RUDAULI","CHAND CHAUR","3153008077/RC/958486255823704370","6231","https://mnregaweb4.nic.in/nregaarch/View_NMMS_atten_date_dtl_rpt.aspx?page=&short_name=UP&state_name=UTTAR%20PRADESH&state_code=31&district_name=BASTI&district_code=3153&block_name=RUDAULI&block_code=3153008&panchayat_name=CHAND%20CHAUR&panchayat_code=3153008077&fin_year=2025-2026&source=&work_code=3153008077/RC/958486255823704370&msr_no=6231&AttendanceDate=25/03/2026&Digest=IhaqfiHfq0d5yRfnpA7Q2Q",10
"BASTI","SALTAUA GOPAL PUR","AJGAIWA JUNGAL","3153007004/AV/958486255824155126","5370","https://mnregaweb4.nic.in/nregaarch/View_NMMS_atten_date_dtl_rpt.aspx?page=&short_name=UP&state_name=UTTAR%20PRADESH&state_code=31&district_name=BASTI&district_code=3153&block_name=SALTAUA%20GOPAL%20PUR&block_code=3153007&panchayat_name=AJGAIWA%20JUNGAL&panchayat_code=3153007004&fin_year=2025-2026&source=&work_code=3153007004/AV/958486255824155126&msr_no=5370&AttendanceDate=25/03/2026&Digest=igzZeL4WWXQjLtHkgWWkQA",5
"BASTI","SALTAUA GOPAL PUR","BANJARIYA","3153007010/RC/958486255823740667","5440","https://mnregaweb4.nic.in/nregaarch/View_NMMS_atten_date_dtl_rpt.aspx?page=&short_name=UP&state_name=UTTAR%20PRADESH&state_code=31&district_name=BASTI&district_code=3153&block_name=SALTAUA%20GOPAL%20PUR&block_code=3153007&panchayat_name=BANJARIYA&panchayat_code=3153007010&fin_year=2025-2026&source=&work_code=3153007010/RC/958486255823740667&msr_no=5440&AttendanceDate=25/03/2026&Digest=aPYFksggx/mHCnLSZOuEyQ",6
"BASTI","SALTAUA GOPAL PUR","BASTHANWA","3153007015/LD/958486255824639495","5377","https://mnregaweb4.nic.in/nregaarch/View_NMMS_atten_date_dtl_rpt.aspx?page=&short_name=UP&state_name=UTTAR%20PRADESH&state_code=31&district_name=BASTI&district_code=3153&block_name=SALTAUA%20GOPAL%20PUR&block_code=3153007&panchayat_name=BASTHANWA&panchayat_code=3153007015&fin_year=2025-2026&source=&work_code=3153007015/LD/958486255824639495&msr_no=5377&AttendanceDate=25/03/2026&Digest=JZP08jYhoeZm8imy4SwNVg",1
"BASTI","SALTAUA GOPAL PUR","BELWADAD","3153007017/RC/958486255823742281","5493","https://mnregaweb4.nic.in/nregaarch/View_NMMS_atten_date_dtl_rpt.aspx?page=&short_name=UP&state_name=UTTAR%20PRADESH&state_code=31&district_name=BASTI&district_code=3153&block_name=SALTAUA%20GOPAL%20PUR&block_code=3153007&panchayat_name=BELWADAD&panchayat_code=3153007017&fin_year=2025-2026&source=&work_code=3153007017/RC/958486255823742281&msr_no=5493&AttendanceDate=25/03/2026&Digest=LjpIf4q+Tumu2u8Moe3V0A",8
"BASTI","SALTAUA GOPAL PUR","TENUWA","3153007020/LD/958486255824769941","5455","https://mnregaweb4.nic.in/nregaarch/View_NMMS_atten_date_dtl_rpt.aspx?page=&short_name=UP&state_name=UTTAR%20PRADESH&state_code=31&district_name=BASTI&district_code=3153&block_name=SALTAUA%20GOPAL%20PUR&block_code=3153007&panchayat_name=TENUWA&panchayat_code=3153007020&fin_year=2025-2026&source=&work_code=3153007020/LD/958486255824769941&msr_no=5455&AttendanceDate=25/03/2026&Digest=d4m8N5/94G8t/Yf60683pg",4
"BASTI","SALTAUA GOPAL PUR","TENUWA","3153007020/LD/958486255824769941","5484","https://mnregaweb4.nic.in/nregaarch/View_NMMS_atten_date_dtl_rpt.aspx?page=&short_name=UP&state_name=UTTAR%20PRADESH&state_code=31&district_name=BASTI&district_code=3153&block_name=SALTAUA%20GOPAL%20PUR&block_code=3153007&panchayat_name=TENUWA&panchayat_code=3153007020&fin_year=2025-2026&source=&work_code=3153007020/LD/958486255824769941&msr_no=5484&AttendanceDate=25/03/2026&Digest=c01veNXkjp0WjAFjfm4XZQ",8
"BASTI","SALTAUA GOPAL PUR","GORKHAR","3153007027/RC/958486255823702991","5374","https://mnregaweb4.nic.in/nregaarch/View_NMMS_atten_date_dtl_rpt.aspx?page=&short_name=UP&state_name=UTTAR%20PRADESH&state_code=31&district_name=BASTI&district_code=3153&block_name=SALTAUA%20GOPAL%20PUR&block_code=3153007&panchayat_name=GORKHAR&panchayat_code=3153007027&fin_year=2025-2026&source=&work_code=3153007027/RC/958486255823702991&msr_no=5374&AttendanceDate=25/03/2026&Digest=Qkg1yeY26Ih5vFdifEFvMw",5
"BASTI","SALTAUA GOPAL PUR","NEWADA","3153007052/AV/958486255824177602","5462","https://mnregaweb4.nic.in/nregaarch/View_NMMS_atten_date_dtl_rpt.aspx?page=&short_name=UP&state_name=UTTAR%20PRADESH&state_code=31&district_name=BASTI&district_code=3153&block_name=SALTAUA%20GOPAL%20PUR&block_code=3153007&panchayat_name=NEWADA&panchayat_code=3153007052&fin_year=2025-2026&source=&work_code=3153007052/AV/958486255824177602&msr_no=5462&AttendanceDate=25/03/2026&Digest=VlTEehih6kwje9TFgvnQkg",7
"BASTI","SALTAUA GOPAL PUR","PARSHA DMYA","3153007059/RC/958486255823651451","5536","https://mnregaweb4.nic.in/nregaarch/View_NMMS_atten_date_dtl_rpt.aspx?page=&short_name=UP&state_name=UTTAR%20PRADESH&state_code=31&district_name=BASTI&district_code=3153&block_name=SALTAUA%20GOPAL%20PUR&block_code=3153007&panchayat_name=PARSHA%20DMYA&panchayat_code=3153007059&fin_year=2025-2026&source=&work_code=3153007059/RC/958486255823651451&msr_no=5536&AttendanceDate=25/03/2026&Digest=/XG848NRD4/fVYaomvktyw",1
"BASTI","SALTAUA GOPAL PUR","REGI","3153007066/RC/958486255823706731","5513","https://mnregaweb4.nic.in/nregaarch/View_NMMS_atten_date_dtl_rpt.aspx?page=&short_name=UP&state_name=UTTAR%20PRADESH&state_code=31&district_name=BASTI&district_code=3153&block_name=SALTAUA%20GOPAL%20PUR&block_code=3153007&panchayat_name=REGI&panchayat_code=3153007066&fin_year=2025-2026&source=&work_code=3153007066/RC/958486255823706731&msr_no=5513&AttendanceDate=25/03/2026&Digest=2hkTWXeHbdzyLJ4Zi5ooCw",6
"BASTI","SALTAUA GOPAL PUR","SUBHAI","3153007078/RC/958486255823677087","5498","https://mnregaweb4.nic.in/nregaarch/View_NMMS_atten_date_dtl_rpt.aspx?page=&short_name=UP&state_name=UTTAR%20PRADESH&state_code=31&district_name=BASTI&district_code=3153&block_name=SALTAUA%20GOPAL%20PUR&block_code=3153007&panchayat_name=SUBHAI&panchayat_code=3153007078&fin_year=2025-2026&source=&work_code=3153007078/RC/958486255823677087&msr_no=5498&AttendanceDate=25/03/2026&Digest=D4cXKfLfX/9MUj2DpJgp5g",8
"BASTI","SALTAUA GOPAL PUR","MAJHAUWAN BAIKUNTH","3153007089/RC/958486255823682911","5530","https://mnregaweb4.nic.in/nregaarch/View_NMMS_atten_date_dtl_rpt.aspx?page=&short_name=UP&state_name=UTTAR%20PRADESH&state_code=31&district_name=BASTI&district_code=3153&block_name=SALTAUA%20GOPAL%20PUR&block_code=3153007&panchayat_name=MAJHAUWAN%20BAIKUNTH&panchayat_code=3153007089&fin_year=2025-2026&source=&work_code=3153007089/RC/958486255823682911&msr_no=5530&AttendanceDate=25/03/2026&Digest=WgwfSCQov4AJou7GZRELXw",5
"BASTI","SALTAUA GOPAL PUR","MAJHAUWAN BAIKUNTH","3153007089/RC/958486255823743502","5466","https://mnregaweb4.nic.in/nregaarch/View_NMMS_atten_date_dtl_rpt.aspx?page=&short_name=UP&state_name=UTTAR%20PRADESH&state_code=31&district_name=BASTI&district_code=3153&block_name=SALTAUA%20GOPAL%20PUR&block_code=3153007&panchayat_name=MAJHAUWAN%20BAIKUNTH&panchayat_code=3153007089&fin_year=2025-2026&source=&work_code=3153007089/RC/958486255823743502&msr_no=5466&AttendanceDate=25/03/2026&Digest=N5s7yF9TqtbIp/SQeFByxA",8
"BASTI","SALTAUA GOPAL PUR","PACHANU","3153007094/RC/958486255823666847","5365","https://mnregaweb4.nic.in/nregaarch/View_NMMS_atten_date_dtl_rpt.aspx?page=&short_name=UP&state_name=UTTAR%20PRADESH&state_code=31&district_name=BASTI&district_code=3153&block_name=SALTAUA%20GOPAL%20PUR&block_code=3153007&panchayat_name=PACHANU&panchayat_code=3153007094&fin_year=2025-2026&source=&work_code=3153007094/RC/958486255823666847&msr_no=5365&AttendanceDate=25/03/2026&Digest=/1ze3/q9nLjZ57wVuhiD8w",3
"BASTI","SALTAUA GOPAL PUR","PACHANU","3153007094/WH/958486255824011047","5369","https://mnregaweb4.nic.in/nregaarch/View_NMMS_atten_date_dtl_rpt.aspx?page=&short_name=UP&state_name=UTTAR%20PRADESH&state_code=31&district_name=BASTI&district_code=3153&block_name=SALTAUA%20GOPAL%20PUR&block_code=3153007&panchayat_name=PACHANU&panchayat_code=3153007094&fin_year=2025-2026&source=&work_code=3153007094/WH/958486255824011047&msr_no=5369&AttendanceDate=25/03/2026&Digest=2Chv744eJIzgUISMPeh+Ag",6
"BASTI","SAU GHAT","BYOTHRA","3153009015/RC/958486255823587028","3366","https://mnregaweb4.nic.in/nregaarch/View_NMMS_atten_date_dtl_rpt.aspx?page=&short_name=UP&state_name=UTTAR%20PRADESH&state_code=31&district_name=BASTI&district_code=3153&block_name=SAU%20GHAT&block_code=3153009&panchayat_name=BYOTHRA&panchayat_code=3153009015&fin_year=2025-2026&source=&work_code=3153009015/RC/958486255823587028&msr_no=3366&AttendanceDate=25/03/2026&Digest=S1NR+9Zj3oSP+k/klGyNLA",5
"BASTI","SAU GHAT","KASAILA","3153009077/RC/958486255823687472","3414","https://mnregaweb4.nic.in/nregaarch/View_NMMS_atten_date_dtl_rpt.aspx?page=&short_name=UP&state_name=UTTAR%20PRADESH&state_code=31&district_name=BASTI&district_code=3153&block_name=SAU%20GHAT&block_code=3153009&panchayat_name=KASAILA&panchayat_code=3153009077&fin_year=2025-2026&source=&work_code=3153009077/RC/958486255823687472&msr_no=3414&AttendanceDate=25/03/2026&Digest=pU9/3S5wpqXDahcoZeqWpw",8
"BASTI","VIKRAM JOT","ATRAURA JHAM","3153004004/RC/958486255823725256","5849","https://mnregaweb4.nic.in/nregaarch/View_NMMS_atten_date_dtl_rpt.aspx?page=&short_name=UP&state_name=UTTAR%20PRADESH&state_code=31&district_name=BASTI&district_code=3153&block_name=VIKRAM%20JOT&block_code=3153004&panchayat_name=ATRAURA%20JHAM&panchayat_code=3153004004&fin_year=2025-2026&source=&work_code=3153004004/RC/958486255823725256&msr_no=5849&AttendanceDate=25/03/2026&Digest=sOGdc7TLsS5bfkr0mEYFBw",10
"BASTI","VIKRAM JOT","CHAPILAON","3153004013/RC/958486255823646598","5975","https://mnregaweb4.nic.in/nregaarch/View_NMMS_atten_date_dtl_rpt.aspx?page=&short_name=UP&state_name=UTTAR%20PRADESH&state_code=31&district_name=BASTI&district_code=3153&block_name=VIKRAM%20JOT&block_code=3153004&panchayat_name=CHAPILAON&panchayat_code=3153004013&fin_year=2025-2026&source=&work_code=3153004013/RC/958486255823646598&msr_no=5975&AttendanceDate=25/03/2026&Digest=39YT/APOf53GleLO0aGz1Q",9
"BASTI","VIKRAM JOT","CHHATAUNA","3153004014/RC/958486255823648419","5914","https://mnregaweb4.nic.in/nregaarch/View_NMMS_atten_date_dtl_rpt.aspx?page=&short_name=UP&state_name=UTTAR%20PRADESH&state_code=31&district_name=BASTI&district_code=3153&block_name=VIKRAM%20JOT&block_code=3153004&panchayat_name=CHHATAUNA&panchayat_code=3153004014&fin_year=2025-2026&source=&work_code=3153004014/RC/958486255823648419&msr_no=5914&AttendanceDate=25/03/2026&Digest=CUh8Y6M4qx3lnA2qiBCNcw",8
"BASTI","VIKRAM JOT","DAHDA MISHRA","3153004015/LD/958486255824958089","5809","https://mnregaweb4.nic.in/nregaarch/View_NMMS_atten_date_dtl_rpt.aspx?page=&short_name=UP&state_name=UTTAR%20PRADESH&state_code=31&district_name=BASTI&district_code=3153&block_name=VIKRAM%20JOT&block_code=3153004&panchayat_name=DAHDA%20MISHRA&panchayat_code=3153004015&fin_year=2025-2026&source=&work_code=3153004015/LD/958486255824958089&msr_no=5809&AttendanceDate=25/03/2026&Digest=rE3x8rwh1N2+le5k3+BaXw",3
"BASTI","VIKRAM JOT","DEVKHAL","3153004017/RC/958486255823751176","5955","https://mnregaweb4.nic.in/nregaarch/View_NMMS_atten_date_dtl_rpt.aspx?page=&short_name=UP&state_name=UTTAR%20PRADESH&state_code=31&district_name=BASTI&district_code=3153&block_name=VIKRAM%20JOT&block_code=3153004&panchayat_name=DEVKHAL&panchayat_code=3153004017&fin_year=2025-2026&source=&work_code=3153004017/RC/958486255823751176&msr_no=5955&AttendanceDate=25/03/2026&Digest=Lwso78qsLj55bIa31prUsQ",2
"BASTI","VIKRAM JOT","DHAURAHRA CHAUHAN","3153004018/LD/958486255824989950","5957","https://mnregaweb4.nic.in/nregaarch/View_NMMS_atten_date_dtl_rpt.aspx?page=&short_name=UP&state_name=UTTAR%20PRADESH&state_code=31&district_name=BASTI&district_code=3153&block_name=VIKRAM%20JOT&block_code=3153004&panchayat_name=DHAURAHRA%20CHAUHAN&panchayat_code=3153004018&fin_year=2025-2026&source=&work_code=3153004018/LD/958486255824989950&msr_no=5957&AttendanceDate=25/03/2026&Digest=XCFtS4vhegD56PS0ZiAYgA",10
"BASTI","VIKRAM JOT","HAREVA SHUKLA","3153004025/RC/958486255823745135","5762","https://mnregaweb4.nic.in/nregaarch/View_NMMS_atten_date_dtl_rpt.aspx?page=&short_name=UP&state_name=UTTAR%20PRADESH&state_code=31&district_name=BASTI&district_code=3153&block_name=VIKRAM%20JOT&block_code=3153004&panchayat_name=HAREVA%20SHUKLA&panchayat_code=3153004025&fin_year=2025-2026&source=&work_code=3153004025/RC/958486255823745135&msr_no=5762&AttendanceDate=25/03/2026&Digest=CuiDovFgwyu9l3oH5qqa8g",4
"BASTI","VIKRAM JOT","KHATAMSARAY","3153004034/LD/958486255824995840","5782","https://mnregaweb4.nic.in/nregaarch/View_NMMS_atten_date_dtl_rpt.aspx?page=&short_name=UP&state_name=UTTAR%20PRADESH&state_code=31&district_name=BASTI&district_code=3153&block_name=VIKRAM%20JOT&block_code=3153004&panchayat_name=KHATAMSARAY&panchayat_code=3153004034&fin_year=2025-2026&source=&work_code=3153004034/LD/958486255824995840&msr_no=5782&AttendanceDate=25/03/2026&Digest=3T9Q6ffoquTc2YyyXjhO6Q",10
"BASTI","VIKRAM JOT","KHATAMSARAY","3153004034/LD/958486255825003166","5827","https://mnregaweb4.nic.in/nregaarch/View_NMMS_atten_date_dtl_rpt.aspx?page=&short_name=UP&state_name=UTTAR%20PRADESH&state_code=31&district_name=BASTI&district_code=3153&block_name=VIKRAM%20JOT&block_code=3153004&panchayat_name=KHATAMSARAY&panchayat_code=3153004034&fin_year=2025-2026&source=&work_code=3153004034/LD/958486255825003166&msr_no=5827&AttendanceDate=25/03/2026&Digest=6FEZlq4WBR9alQQeqJaYsQ",7
"BASTI","VIKRAM JOT","KHATAMSARAY","3153004034/LD/958486255825003179","5826","https://mnregaweb4.nic.in/nregaarch/View_NMMS_atten_date_dtl_rpt.aspx?page=&short_name=UP&state_name=UTTAR%20PRADESH&state_code=31&district_name=BASTI&district_code=3153&block_name=VIKRAM%20JOT&block_code=3153004&panchayat_name=KHATAMSARAY&panchayat_code=3153004034&fin_year=2025-2026&source=&work_code=3153004034/LD/958486255825003179&msr_no=5826&AttendanceDate=25/03/2026&Digest=mLrgYDN2nmu0ClHSOjgCvg",4
"BASTI","VIKRAM JOT","MADNA MAJHA","3153004040/LD/958486255824916796","5815","https://mnregaweb4.nic.in/nregaarch/View_NMMS_atten_date_dtl_rpt.aspx?page=&short_name=UP&state_name=UTTAR%20PRADESH&state_code=31&district_name=BASTI&district_code=3153&block_name=VIKRAM%20JOT&block_code=3153004&panchayat_name=MADNA%20MAJHA&panchayat_code=3153004040&fin_year=2025-2026&source=&work_code=3153004040/LD/958486255824916796&msr_no=5815&AttendanceDate=25/03/2026&Digest=R/oVlykd3LUXagOADYUPew",5
"BASTI","VIKRAM JOT","MALHNI","3153004042/RC/958486255823737150","5871","https://mnregaweb4.nic.in/nregaarch/View_NMMS_atten_date_dtl_rpt.aspx?page=&short_name=UP&state_name=UTTAR%20PRADESH&state_code=31&district_name=BASTI&district_code=3153&block_name=VIKRAM%20JOT&block_code=3153004&panchayat_name=MALHNI&panchayat_code=3153004042&fin_year=2025-2026&source=&work_code=3153004042/RC/958486255823737150&msr_no=5871&AttendanceDate=25/03/2026&Digest=S8044ugmcEbmNyt4lR5GTw",8
"BASTI","VIKRAM JOT","EKMA HIRANIYA","3153004043/WC/958486255824231525","5856","https://mnregaweb4.nic.in/nregaarch/View_NMMS_atten_date_dtl_rpt.aspx?page=&short_name=UP&state_name=UTTAR%20PRADESH&state_code=31&district_name=BASTI&district_code=3153&block_name=VIKRAM%20JOT&block_code=3153004&panchayat_name=EKMA%20HIRANIYA&panchayat_code=3153004043&fin_year=2025-2026&source=&work_code=3153004043/WC/958486255824231525&msr_no=5856&AttendanceDate=25/03/2026&Digest=1fcKczhmDV8E52Xf/84loQ",6
"BASTI","VIKRAM JOT","EKMA HIRANIYA","3153004043/WC/958486255824231525","5859","https://mnregaweb4.nic.in/nregaarch/View_NMMS_atten_date_dtl_rpt.aspx?page=&short_name=UP&state_name=UTTAR%20PRADESH&state_code=31&district_name=BASTI&district_code=3153&block_name=VIKRAM%20JOT&block_code=3153004&panchayat_name=EKMA%20HIRANIYA&panchayat_code=3153004043&fin_year=2025-2026&source=&work_code=3153004043/WC/958486255824231525&msr_no=5859&AttendanceDate=25/03/2026&Digest=LU5Fslom1G11hU4qMFUFMQ",10
"BASTI","VIKRAM JOT","KALAYANPUR","3153004064/RC/958486255823752248","5979","https://mnregaweb4.nic.in/nregaarch/View_NMMS_atten_date_dtl_rpt.aspx?page=&short_name=UP&state_name=UTTAR%20PRADESH&state_code=31&district_name=BASTI&district_code=3153&block_name=VIKRAM%20JOT&block_code=3153004&panchayat_name=KALAYANPUR&panchayat_code=3153004064&fin_year=2025-2026&source=&work_code=3153004064/RC/958486255823752248&msr_no=5979&AttendanceDate=25/03/2026&Digest=gQw4AFWt3qTQ4CLVSq/H/g",2
"BASTI","VIKRAM JOT","TURSI","3153004068/LD/YD/958486255825007923","5923","https://mnregaweb4.nic.in/nregaarch/View_NMMS_atten_date_dtl_rpt.aspx?page=&short_name=UP&state_name=UTTAR%20PRADESH&state_code=31&district_name=BASTI&district_code=3153&block_name=VIKRAM%20JOT&block_code=3153004&panchayat_name=TURSI&panchayat_code=3153004068&fin_year=2025-2026&source=&work_code=3153004068/LD/YD/958486255825007923&msr_no=5923&AttendanceDate=25/03/2026&Digest=K3G5cOqv46zK6lTanF8Q2A",4
"BASTI","VIKRAM JOT","NETWARPATTI","3153004078/RC/958486255823728519","5803","https://mnregaweb4.nic.in/nregaarch/View_NMMS_atten_date_dtl_rpt.aspx?page=&short_name=UP&state_name=UTTAR%20PRADESH&state_code=31&district_name=BASTI&district_code=3153&block_name=VIKRAM%20JOT&block_code=3153004&panchayat_name=NETWARPATTI&panchayat_code=3153004078&fin_year=2025-2026&source=&work_code=3153004078/RC/958486255823728519&msr_no=5803&AttendanceDate=25/03/2026&Digest=pLpDCzfqxtewH6vPBVCWmw",2
"BASTI","VIKRAM JOT","CHAPILAON","3153004013/RC/958486255823646590","5983","https://mnregaweb4.nic.in/nregaarch/View_NMMS_atten_date_dtl_rpt.aspx?page=&short_name=UP&state_name=UTTAR%20PRADESH&state_code=31&district_name=BASTI&district_code=3153&block_name=VIKRAM%20JOT&block_code=3153004&panchayat_name=CHAPILAON&panchayat_code=3153004013&fin_year=2025-2026&source=&work_code=3153004013/RC/958486255823646590&msr_no=5983&AttendanceDate=25/03/2026&Digest=s18d6zKsw1hEN5uJW92YxQ",2
"BASTI","VIKRAM JOT","DAHDA MISHRA","3153004015/LD/958486255824958089","5808","https://mnregaweb4.nic.in/nregaarch/View_NMMS_atten_date_dtl_rpt.aspx?page=&short_name=UP&state_name=UTTAR%20PRADESH&state_code=31&district_name=BASTI&district_code=3153&block_name=VIKRAM%20JOT&block_code=3153004&panchayat_name=DAHDA%20MISHRA&panchayat_code=3153004015&fin_year=2025-2026&source=&work_code=3153004015/LD/958486255824958089&msr_no=5808&AttendanceDate=25/03/2026&Digest=Acg0S2ZbinLZR7NN7UOAzg",8
"BASTI","VIKRAM JOT","DHAURAHRA CHAUHAN","3153004018/LD/958486255824989950","5956","https://mnregaweb4.nic.in/nregaarch/View_NMMS_atten_date_dtl_rpt.aspx?page=&short_name=UP&state_name=UTTAR%20PRADESH&state_code=31&district_name=BASTI&district_code=3153&block_name=VIKRAM%20JOT&block_code=3153004&panchayat_name=DHAURAHRA%20CHAUHAN&panchayat_code=3153004018&fin_year=2025-2026&source=&work_code=3153004018/LD/958486255824989950&msr_no=5956&AttendanceDate=25/03/2026&Digest=2QnlB8UKOwa5pN6J5wm4QA",10
"BASTI","VIKRAM JOT","DHAURAHRA CHAUHAN","3153004018/LD/958486255824989950","5959","https://mnregaweb4.nic.in/nregaarch/View_NMMS_atten_date_dtl_rpt.aspx?page=&short_name=UP&state_name=UTTAR%20PRADESH&state_code=31&district_name=BASTI&district_code=3153&block_name=VIKRAM%20JOT&block_code=3153004&panchayat_name=DHAURAHRA%20CHAUHAN&panchayat_code=3153004018&fin_year=2025-2026&source=&work_code=3153004018/LD/958486255824989950&msr_no=5959&AttendanceDate=25/03/2026&Digest=95paAEBVXRa1EPKy/VOoWA",8
"BASTI","VIKRAM JOT","DHIRAULI PANDEY","3153004023/RC/958486255823733433","5963","https://mnregaweb4.nic.in/nregaarch/View_NMMS_atten_date_dtl_rpt.aspx?page=&short_name=UP&state_name=UTTAR%20PRADESH&state_code=31&district_name=BASTI&district_code=3153&block_name=VIKRAM%20JOT&block_code=3153004&panchayat_name=DHIRAULI%20PANDEY&panchayat_code=3153004023&fin_year=2025-2026&source=&work_code=3153004023/RC/958486255823733433&msr_no=5963&AttendanceDate=25/03/2026&Digest=ZEswNqjcbDuQe6mDkEbfTA",9
"BASTI","VIKRAM JOT","HAREVA SHUKLA","3153004025/RC/958486255823745135","5763","https://mnregaweb4.nic.in/nregaarch/View_NMMS_atten_date_dtl_rpt.aspx?page=&short_name=UP&state_name=UTTAR%20PRADESH&state_code=31&district_name=BASTI&district_code=3153&block_name=VIKRAM%20JOT&block_code=3153004&panchayat_name=HAREVA%20SHUKLA&panchayat_code=3153004025&fin_year=2025-2026&source=&work_code=3153004025/RC/958486255823745135&msr_no=5763&AttendanceDate=25/03/2026&Digest=WvKTymJb7235lCHBmGu0eA",1
"BASTI","VIKRAM JOT","KHATAMSARAY","3153004034/LD/958486255824995840","5784","https://mnregaweb4.nic.in/nregaarch/View_NMMS_atten_date_dtl_rpt.aspx?page=&short_name=UP&state_name=UTTAR%20PRADESH&state_code=31&district_name=BASTI&district_code=3153&block_name=VIKRAM%20JOT&block_code=3153004&panchayat_name=KHATAMSARAY&panchayat_code=3153004034&fin_year=2025-2026&source=&work_code=3153004034/LD/958486255824995840&msr_no=5784&AttendanceDate=25/03/2026&Digest=ouYn+nD37AKQvCeiYIVweA",5
"BASTI","VIKRAM JOT","KHATAMSARAY","3153004034/LD/958486255825003179","5825","https://mnregaweb4.nic.in/nregaarch/View_NMMS_atten_date_dtl_rpt.aspx?page=&short_name=UP&state_name=UTTAR%20PRADESH&state_code=31&district_name=BASTI&district_code=3153&block_name=VIKRAM%20JOT&block_code=3153004&panchayat_name=KHATAMSARAY&panchayat_code=3153004034&fin_year=2025-2026&source=&work_code=3153004034/LD/958486255825003179&msr_no=5825&AttendanceDate=25/03/2026&Digest=TQ8EKnh+eMgP8xUB6LijPA",10
"BASTI","VIKRAM JOT","KUANGAON","3153004037/FP/958486255823617398","5790","https://mnregaweb4.nic.in/nregaarch/View_NMMS_atten_date_dtl_rpt.aspx?page=&short_name=UP&state_name=UTTAR%20PRADESH&state_code=31&district_name=BASTI&district_code=3153&block_name=VIKRAM%20JOT&block_code=3153004&panchayat_name=KUANGAON&panchayat_code=3153004037&fin_year=2025-2026&source=&work_code=3153004037/FP/958486255823617398&msr_no=5790&AttendanceDate=25/03/2026&Digest=vwqqSce8ZUTYmkIexYpD8A",9
"BASTI","VIKRAM JOT","LAJGHATA","3153004038/LD/958486255824829955","5841","https://mnregaweb4.nic.in/nregaarch/View_NMMS_atten_date_dtl_rpt.aspx?page=&short_name=UP&state_name=UTTAR%20PRADESH&state_code=31&district_name=BASTI&district_code=3153&block_name=VIKRAM%20JOT&block_code=3153004&panchayat_name=LAJGHATA&panchayat_code=3153004038&fin_year=2025-2026&source=&work_code=3153004038/LD/958486255824829955&msr_no=5841&AttendanceDate=25/03/2026&Digest=n/QaGDhVQB3QeDkTGrIAmA",2
"BASTI","VIKRAM JOT","MADNA MAJHA","3153004040/LD/958486255824916796","5814","https://mnregaweb4.nic.in/nregaarch/View_NMMS_atten_date_dtl_rpt.aspx?page=&short_name=UP&state_name=UTTAR%20PRADESH&state_code=31&district_name=BASTI&district_code=3153&block_name=VIKRAM%20JOT&block_code=3153004&panchayat_name=MADNA%20MAJHA&panchayat_code=3153004040&fin_year=2025-2026&source=&work_code=3153004040/LD/958486255824916796&msr_no=5814&AttendanceDate=25/03/2026&Digest=ablsapBpD4QFHVeZvvdsvw",5
"BASTI","VIKRAM JOT","MAJHILGAON","3153004041/WH/958486255823985133","5772","https://mnregaweb4.nic.in/nregaarch/View_NMMS_atten_date_dtl_rpt.aspx?page=&short_name=UP&state_name=UTTAR%20PRADESH&state_code=31&district_name=BASTI&district_code=3153&block_name=VIKRAM%20JOT&block_code=3153004&panchayat_name=MAJHILGAON&panchayat_code=3153004041&fin_year=2025-2026&source=&work_code=3153004041/WH/958486255823985133&msr_no=5772&AttendanceDate=25/03/2026&Digest=C+jkCWaMk4hIOQNt9oIJgw",5
"BASTI","VIKRAM JOT","MALHNI","3153004042/WC/958486255824216389","5870","https://mnregaweb4.nic.in/nregaarch/View_NMMS_atten_date_dtl_rpt.aspx?page=&short_name=UP&state_name=UTTAR%20PRADESH&state_code=31&district_name=BASTI&district_code=3153&block_name=VIKRAM%20JOT&block_code=3153004&panchayat_name=MALHNI&panchayat_code=3153004042&fin_year=2025-2026&source=&work_code=3153004042/WC/958486255824216389&msr_no=5870&AttendanceDate=25/03/2026&Digest=qHi3oLm63Ae0e6ad/77bBg",7
"BASTI","VIKRAM JOT","EKMA HIRANIYA","3153004043/RC/958486255823725143","5960","https://mnregaweb4.nic.in/nregaarch/View_NMMS_atten_date_dtl_rpt.aspx?page=&short_name=UP&state_name=UTTAR%20PRADESH&state_code=31&district_name=BASTI&district_code=3153&block_name=VIKRAM%20JOT&block_code=3153004&panchayat_name=EKMA%20HIRANIYA&panchayat_code=3153004043&fin_year=2025-2026&source=&work_code=3153004043/RC/958486255823725143&msr_no=5960&AttendanceDate=25/03/2026&Digest=t7Oyhi5ZyZwk7lOfFmfWNQ",10
"BASTI","VIKRAM JOT","EKMA HIRANIYA","3153004043/WC/958486255824231525","5854","https://mnregaweb4.nic.in/nregaarch/View_NMMS_atten_date_dtl_rpt.aspx?page=&short_name=UP&state_name=UTTAR%20PRADESH&state_code=31&district_name=BASTI&district_code=3153&block_name=VIKRAM%20JOT&block_code=3153004&panchayat_name=EKMA%20HIRANIYA&panchayat_code=3153004043&fin_year=2025-2026&source=&work_code=3153004043/WC/958486255824231525&msr_no=5854&AttendanceDate=25/03/2026&Digest=mC6EJzzWL5PQnEQChFYBAA",2
"BASTI","VIKRAM JOT","EKMA HIRANIYA","3153004043/WC/958486255824231525","5857","https://mnregaweb4.nic.in/nregaarch/View_NMMS_atten_date_dtl_rpt.aspx?page=&short_name=UP&state_name=UTTAR%20PRADESH&state_code=31&district_name=BASTI&district_code=3153&block_name=VIKRAM%20JOT&block_code=3153004&panchayat_name=EKMA%20HIRANIYA&panchayat_code=3153004043&fin_year=2025-2026&source=&work_code=3153004043/WC/958486255824231525&msr_no=5857&AttendanceDate=25/03/2026&Digest=P3hPWEZq+lm7CfZXn/WOKg",7
"BASTI","VIKRAM JOT","PURE CHETAN","3153004053/RC/958486255823731821","5911","https://mnregaweb4.nic.in/nregaarch/View_NMMS_atten_date_dtl_rpt.aspx?page=&short_name=UP&state_name=UTTAR%20PRADESH&state_code=31&district_name=BASTI&district_code=3153&block_name=VIKRAM%20JOT&block_code=3153004&panchayat_name=PURE%20CHETAN&panchayat_code=3153004053&fin_year=2025-2026&source=&work_code=3153004053/RC/958486255823731821&msr_no=5911&AttendanceDate=25/03/2026&Digest=yQ3SSlmq3zb2OPB8bNVHXQ",7
"BASTI","VIKRAM JOT","SHANKARPUR","3153004061/RC/958486255823741079","5824","https://mnregaweb4.nic.in/nregaarch/View_NMMS_atten_date_dtl_rpt.aspx?page=&short_name=UP&state_name=UTTAR%20PRADESH&state_code=31&district_name=BASTI&district_code=3153&block_name=VIKRAM%20JOT&block_code=3153004&panchayat_name=SHANKARPUR&panchayat_code=3153004061&fin_year=2025-2026&source=&work_code=3153004061/RC/958486255823741079&msr_no=5824&AttendanceDate=25/03/2026&Digest=UgBIuB/wDyUbgzjDxYL8Fw",10
"BASTI","VIKRAM JOT","TURSI","3153004068/LD/YD/958486255825007925","5930","https://mnregaweb4.nic.in/nregaarch/View_NMMS_atten_date_dtl_rpt.aspx?page=&short_name=UP&state_name=UTTAR%20PRADESH&state_code=31&district_name=BASTI&district_code=3153&block_name=VIKRAM%20JOT&block_code=3153004&panchayat_name=TURSI&panchayat_code=3153004068&fin_year=2025-2026&source=&work_code=3153004068/LD/YD/958486255825007925&msr_no=5930&AttendanceDate=25/03/2026&Digest=prfwVBAZLv2KIJ5E36HCgg",8
"BASTI","VIKRAM JOT","TURSI","3153004068/RC/YD/958486255823751915","5993","https://mnregaweb4.nic.in/nregaarch/View_NMMS_atten_date_dtl_rpt.aspx?page=&short_name=UP&state_name=UTTAR%20PRADESH&state_code=31&district_name=BASTI&district_code=3153&block_name=VIKRAM%20JOT&block_code=3153004&panchayat_name=TURSI&panchayat_code=3153004068&fin_year=2025-2026&source=&work_code=3153004068/RC/YD/958486255823751915&msr_no=5993&AttendanceDate=25/03/2026&Digest=4eSPIwUq0UYOkCLg0ZMmPw",4
"BASTI","RUDAULI","MAHUAA PAAR","3153008041/RC/958486255823714155","6177","https://mnregaweb4.nic.in/nregaarch/View_NMMS_atten_date_dtl_rpt.aspx?page=&short_name=UP&state_name=UTTAR%20PRADESH&state_code=31&district_name=BASTI&district_code=3153&block_name=RUDAULI&block_code=3153008&panchayat_name=MAHUAA%20PAAR&panchayat_code=3153008041&fin_year=2025-2026&source=&work_code=3153008041/RC/958486255823714155&msr_no=6177&AttendanceDate=25/03/2026&Digest=t2FRTQl8F9mpCWuneWkS1g",1
"BASTI","RUDAULI","JIGINA","3153008075/RC/958486255823686634","6095","https://mnregaweb4.nic.in/nregaarch/View_NMMS_atten_date_dtl_rpt.aspx?page=&short_name=UP&state_name=UTTAR%20PRADESH&state_code=31&district_name=BASTI&district_code=3153&block_name=RUDAULI&block_code=3153008&panchayat_name=JIGINA&panchayat_code=3153008075&fin_year=2025-2026&source=&work_code=3153008075/RC/958486255823686634&msr_no=6095&AttendanceDate=25/03/2026&Digest=xhTzR1c/2UzRZS0HFit9sg",6
"BASTI","SALTAUA GOPAL PUR","TENUWA","3153007020/RC/958486255823745443","5485","https://mnregaweb4.nic.in/nregaarch/View_NMMS_atten_date_dtl_rpt.aspx?page=&short_name=UP&state_name=UTTAR%20PRADESH&state_code=31&district_name=BASTI&district_code=3153&block_name=SALTAUA%20GOPAL%20PUR&block_code=3153007&panchayat_name=TENUWA&panchayat_code=3153007020&fin_year=2025-2026&source=&work_code=3153007020/RC/958486255823745443&msr_no=5485&AttendanceDate=25/03/2026&Digest=vigXuPOTAhUzeqZikP5R7Q",8
"BASTI","SALTAUA GOPAL PUR","TELIYADEEH","3153007021/IC/958486255823742442","5477","https://mnregaweb4.nic.in/nregaarch/View_NMMS_atten_date_dtl_rpt.aspx?page=&short_name=UP&state_name=UTTAR%20PRADESH&state_code=31&district_name=BASTI&district_code=3153&block_name=SALTAUA%20GOPAL%20PUR&block_code=3153007&panchayat_name=TELIYADEEH&panchayat_code=3153007021&fin_year=2025-2026&source=&work_code=3153007021/IC/958486255823742442&msr_no=5477&AttendanceDate=25/03/2026&Digest=Z4s51khcZh4RDSK2X8Zu1g",8
"BASTI","SALTAUA GOPAL PUR","TELIYADEEH","3153007021/IC/958486255823742442","5480","https://mnregaweb4.nic.in/nregaarch/View_NMMS_atten_date_dtl_rpt.aspx?page=&short_name=UP&state_name=UTTAR%20PRADESH&state_code=31&district_name=BASTI&district_code=3153&block_name=SALTAUA%20GOPAL%20PUR&block_code=3153007&panchayat_name=TELIYADEEH&panchayat_code=3153007021&fin_year=2025-2026&source=&work_code=3153007021/IC/958486255823742442&msr_no=5480&AttendanceDate=25/03/2026&Digest=YlKiKddy4L4acWwi3uNbcw",6
"BASTI","SALTAUA GOPAL PUR","JOTA","3153007035/WH/958486255824013074","5425","https://mnregaweb4.nic.in/nregaarch/View_NMMS_atten_date_dtl_rpt.aspx?page=&short_name=UP&state_name=UTTAR%20PRADESH&state_code=31&district_name=BASTI&district_code=3153&block_name=SALTAUA%20GOPAL%20PUR&block_code=3153007&panchayat_name=JOTA&panchayat_code=3153007035&fin_year=2025-2026&source=&work_code=3153007035/WH/958486255824013074&msr_no=5425&AttendanceDate=25/03/2026&Digest=UIllGlaG5S7cpwPI24gQkQ",9
"BASTI","SALTAUA GOPAL PUR","KOILSA","3153007039/WH/958486255824012400","5451","https://mnregaweb4.nic.in/nregaarch/View_NMMS_atten_date_dtl_rpt.aspx?page=&short_name=UP&state_name=UTTAR%20PRADESH&state_code=31&district_name=BASTI&district_code=3153&block_name=SALTAUA%20GOPAL%20PUR&block_code=3153007&panchayat_name=KOILSA&panchayat_code=3153007039&fin_year=2025-2026&source=&work_code=3153007039/WH/958486255824012400&msr_no=5451&AttendanceDate=25/03/2026&Digest=y68jpLnSZi7Os000eI9FEw",10
"BASTI","SALTAUA GOPAL PUR","KOILSA","3153007039/WH/958486255824012400","5454","https://mnregaweb4.nic.in/nregaarch/View_NMMS_atten_date_dtl_rpt.aspx?page=&short_name=UP&state_name=UTTAR%20PRADESH&state_code=31&district_name=BASTI&district_code=3153&block_name=SALTAUA%20GOPAL%20PUR&block_code=3153007&panchayat_name=KOILSA&panchayat_code=3153007039&fin_year=2025-2026&source=&work_code=3153007039/WH/958486255824012400&msr_no=5454&AttendanceDate=25/03/2026&Digest=VCuVXIPMfZ5VHJX9vCQyjA",8
"BASTI","SALTAUA GOPAL PUR","BASAUKA","3153007054/RC/958486255823584407","5390","https://mnregaweb4.nic.in/nregaarch/View_NMMS_atten_date_dtl_rpt.aspx?page=&short_name=UP&state_name=UTTAR%20PRADESH&state_code=31&district_name=BASTI&district_code=3153&block_name=SALTAUA%20GOPAL%20PUR&block_code=3153007&panchayat_name=BASAUKA&panchayat_code=3153007054&fin_year=2025-2026&source=&work_code=3153007054/RC/958486255823584407&msr_no=5390&AttendanceDate=25/03/2026&Digest=F/Ejo7iq7v+Bx4wqylpS7A",4
"BASTI","SALTAUA GOPAL PUR","PARSA KHAL","3153007057/RC/958486255823652950","5407","https://mnregaweb4.nic.in/nregaarch/View_NMMS_atten_date_dtl_rpt.aspx?page=&short_name=UP&state_name=UTTAR%20PRADESH&state_code=31&district_name=BASTI&district_code=3153&block_name=SALTAUA%20GOPAL%20PUR&block_code=3153007&panchayat_name=PARSA%20KHAL&panchayat_code=3153007057&fin_year=2025-2026&source=&work_code=3153007057/RC/958486255823652950&msr_no=5407&AttendanceDate=25/03/2026&Digest=2QqO4hB28rEawgsx4b2wnA",8
"BASTI","SALTAUA GOPAL PUR","PARSA KHAL","3153007057/WH/958486255824013365","5413","https://mnregaweb4.nic.in/nregaarch/View_NMMS_atten_date_dtl_rpt.aspx?page=&short_name=UP&state_name=UTTAR%20PRADESH&state_code=31&district_name=BASTI&district_code=3153&block_name=SALTAUA%20GOPAL%20PUR&block_code=3153007&panchayat_name=PARSA%20KHAL&panchayat_code=3153007057&fin_year=2025-2026&source=&work_code=3153007057/WH/958486255824013365&msr_no=5413&AttendanceDate=25/03/2026&Digest=1CTOIE6sqUCsQIu7xv4VRQ",5
"BASTI","SALTAUA GOPAL PUR","PARSA KHAL","3153007057/WH/958486255824013365","5416","https://mnregaweb4.nic.in/nregaarch/View_NMMS_atten_date_dtl_rpt.aspx?page=&short_name=UP&state_name=UTTAR%20PRADESH&state_code=31&district_name=BASTI&district_code=3153&block_name=SALTAUA%20GOPAL%20PUR&block_code=3153007&panchayat_name=PARSA%20KHAL&panchayat_code=3153007057&fin_year=2025-2026&source=&work_code=3153007057/WH/958486255824013365&msr_no=5416&AttendanceDate=25/03/2026&Digest=f7aEk4gGWd4pwm06WBUGag",2
"BASTI","SALTAUA GOPAL PUR","REGI","3153007066/RC/958486255823744631","5517","https://mnregaweb4.nic.in/nregaarch/View_NMMS_atten_date_dtl_rpt.aspx?page=&short_name=UP&state_name=UTTAR%20PRADESH&state_code=31&district_name=BASTI&district_code=3153&block_name=SALTAUA%20GOPAL%20PUR&block_code=3153007&panchayat_name=REGI&panchayat_code=3153007066&fin_year=2025-2026&source=&work_code=3153007066/RC/958486255823744631&msr_no=5517&AttendanceDate=25/03/2026&Digest=mlX/p8tkm/2t/wgGrAyqYA",10
"BASTI","SALTAUA GOPAL PUR","KEVTAKHOR","3153007087/RC/958486255823682901","5430","https://mnregaweb4.nic.in/nregaarch/View_NMMS_atten_date_dtl_rpt.aspx?page=&short_name=UP&state_name=UTTAR%20PRADESH&state_code=31&district_name=BASTI&district_code=3153&block_name=SALTAUA%20GOPAL%20PUR&block_code=3153007&panchayat_name=KEVTAKHOR&panchayat_code=3153007087&fin_year=2025-2026&source=&work_code=3153007087/RC/958486255823682901&msr_no=5430&AttendanceDate=25/03/2026&Digest=6LpZiP0OfckQBd9duojazg",10
"BASTI","SALTAUA GOPAL PUR","MUDBARA","3153007090/LD/958486255825006022","5491","https://mnregaweb4.nic.in/nregaarch/View_NMMS_atten_date_dtl_rpt.aspx?page=&short_name=UP&state_name=UTTAR%20PRADESH&state_code=31&district_name=BASTI&district_code=3153&block_name=SALTAUA%20GOPAL%20PUR&block_code=3153007&panchayat_name=MUDBARA&panchayat_code=3153007090&fin_year=2025-2026&source=&work_code=3153007090/LD/958486255825006022&msr_no=5491&AttendanceDate=25/03/2026&Digest=jhk3hgSsec0w4mypQY4QSA",10
"BASTI","SALTAUA GOPAL PUR","BHITEHRA PACHANU","3153007092/AV/958486255824184613","5395","https://mnregaweb4.nic.in/nregaarch/View_NMMS_atten_date_dtl_rpt.aspx?page=&short_name=UP&state_name=UTTAR%20PRADESH&state_code=31&district_name=BASTI&district_code=3153&block_name=SALTAUA%20GOPAL%20PUR&block_code=3153007&panchayat_name=BHITEHRA%20PACHANU&panchayat_code=3153007092&fin_year=2025-2026&source=&work_code=3153007092/AV/958486255824184613&msr_no=5395&AttendanceDate=25/03/2026&Digest=PStfFmzi2QnvARlDpB9zxw",5
"BASTI","SALTAUA GOPAL PUR","REHAR JANGAL","3153007095/RC/958486255823746399","5457","https://mnregaweb4.nic.in/nregaarch/View_NMMS_atten_date_dtl_rpt.aspx?page=&short_name=UP&state_name=UTTAR%20PRADESH&state_code=31&district_name=BASTI&district_code=3153&block_name=SALTAUA%20GOPAL%20PUR&block_code=3153007&panchayat_name=REHAR%20JANGAL&panchayat_code=3153007095&fin_year=2025-2026&source=&work_code=3153007095/RC/958486255823746399&msr_no=5457&AttendanceDate=25/03/2026&Digest=TGwNObtDwcGPkCbZNDyK0Q",5
"BASTI","SAU GHAT","ANDA","3153009002/LD/958486255825010416","3357","https://mnregaweb4.nic.in/nregaarch/View_NMMS_atten_date_dtl_rpt.aspx?page=&short_name=UP&state_name=UTTAR%20PRADESH&state_code=31&district_name=BASTI&district_code=3153&block_name=SAU%20GHAT&block_code=3153009&panchayat_name=ANDA&panchayat_code=3153009002&fin_year=2025-2026&source=&work_code=3153009002/LD/958486255825010416&msr_no=3357&AttendanceDate=25/03/2026&Digest=7oOeMPeA2UT2KSBuLKtS2w",3
"BASTI","SAU GHAT","ANDA","3153009002/RC/958486255823626058","3347","https://mnregaweb4.nic.in/nregaarch/View_NMMS_atten_date_dtl_rpt.aspx?page=&short_name=UP&state_name=UTTAR%20PRADESH&state_code=31&district_name=BASTI&district_code=3153&block_name=SAU%20GHAT&block_code=3153009&panchayat_name=ANDA&panchayat_code=3153009002&fin_year=2025-2026&source=&work_code=3153009002/RC/958486255823626058&msr_no=3347&AttendanceDate=25/03/2026&Digest=sOit0FQLV8GX7TChyo/fYA",8
"BASTI","SAU GHAT","JHARKATIYA","3153009028/RC/958486255823751269","3385","https://mnregaweb4.nic.in/nregaarch/View_NMMS_atten_date_dtl_rpt.aspx?page=&short_name=UP&state_name=UTTAR%20PRADESH&state_code=31&district_name=BASTI&district_code=3153&block_name=SAU%20GHAT&block_code=3153009&panchayat_name=JHARKATIYA&panchayat_code=3153009028&fin_year=2025-2026&source=&work_code=3153009028/RC/958486255823751269&msr_no=3385&AttendanceDate=25/03/2026&Digest=F3WN8IsXx6o3nl2ZEMSTQg",1
"BASTI","SAU GHAT","MAHSIN","3153009043/RC/958486255823687996","3331","https://mnregaweb4.nic.in/nregaarch/View_NMMS_atten_date_dtl_rpt.aspx?page=&short_name=UP&state_name=UTTAR%20PRADESH&state_code=31&district_name=BASTI&district_code=3153&block_name=SAU%20GHAT&block_code=3153009&panchayat_name=MAHSIN&panchayat_code=3153009043&fin_year=2025-2026&source=&work_code=3153009043/RC/958486255823687996&msr_no=3331&AttendanceDate=25/03/2026&Digest=Q5Fl2rm8Y7k0Tc84/JGTLw",4
"BASTI","SAU GHAT","PARASA HAJJAM","3153009056/RC/958486255823649500","3370","https://mnregaweb4.nic.in/nregaarch/View_NMMS_atten_date_dtl_rpt.aspx?page=&short_name=UP&state_name=UTTAR%20PRADESH&state_code=31&district_name=BASTI&district_code=3153&block_name=SAU%20GHAT&block_code=3153009&panchayat_name=PARASA%20HAJJAM&panchayat_code=3153009056&fin_year=2025-2026&source=&work_code=3153009056/RC/958486255823649500&msr_no=3370&AttendanceDate=25/03/2026&Digest=KBvUIfDToxP0CbBG8Ka5gA",7
"BASTI","VIKRAM JOT","CHAPILAON","3153004013/RC/958486255823647606","5977","https://mnregaweb4.nic.in/nregaarch/View_NMMS_atten_date_dtl_rpt.aspx?page=&short_name=UP&state_name=UTTAR%20PRADESH&state_code=31&district_name=BASTI&district_code=3153&block_name=VIKRAM%20JOT&block_code=3153004&panchayat_name=CHAPILAON&panchayat_code=3153004013&fin_year=2025-2026&source=&work_code=3153004013/RC/958486255823647606&msr_no=5977&AttendanceDate=25/03/2026&Digest=BcV7afYsKMvvGvJeapqNqg",9
"BASTI","VIKRAM JOT","KHATAMSARAY","3153004034/LD/958486255825003166","5817","https://mnregaweb4.nic.in/nregaarch/View_NMMS_atten_date_dtl_rpt.aspx?page=&short_name=UP&state_name=UTTAR%20PRADESH&state_code=31&district_name=BASTI&district_code=3153&block_name=VIKRAM%20JOT&block_code=3153004&panchayat_name=KHATAMSARAY&panchayat_code=3153004034&fin_year=2025-2026&source=&work_code=3153004034/LD/958486255825003166&msr_no=5817&AttendanceDate=25/03/2026&Digest=LVG/MGY+2/xvusiQ/A0aeQ",2
"BASTI","VIKRAM JOT","KHATAMSARAY","3153004034/RC/958486255823737757","5920","https://mnregaweb4.nic.in/nregaarch/View_NMMS_atten_date_dtl_rpt.aspx?page=&short_name=UP&state_name=UTTAR%20PRADESH&state_code=31&district_name=BASTI&district_code=3153&block_name=VIKRAM%20JOT&block_code=3153004&panchayat_name=KHATAMSARAY&panchayat_code=3153004034&fin_year=2025-2026&source=&work_code=3153004034/RC/958486255823737757&msr_no=5920&AttendanceDate=25/03/2026&Digest=XoiYQY+2ba3Wr4vrRIX0rQ",5
"BASTI","VIKRAM JOT","KHATAMSARAY","3153004034/RC/958486255823743157","5919","https://mnregaweb4.nic.in/nregaarch/View_NMMS_atten_date_dtl_rpt.aspx?page=&short_name=UP&state_name=UTTAR%20PRADESH&state_code=31&district_name=BASTI&district_code=3153&block_name=VIKRAM%20JOT&block_code=3153004&panchayat_name=KHATAMSARAY&panchayat_code=3153004034&fin_year=2025-2026&source=&work_code=3153004034/RC/958486255823743157&msr_no=5919&AttendanceDate=25/03/2026&Digest=PXax7k7WFjKZZYVXklM1aQ",5
"BASTI","VIKRAM JOT","KHATAMSARAY","3153004034/RC/958486255823743309","5918","https://mnregaweb4.nic.in/nregaarch/View_NMMS_atten_date_dtl_rpt.aspx?page=&short_name=UP&state_name=UTTAR%20PRADESH&state_code=31&district_name=BASTI&district_code=3153&block_name=VIKRAM%20JOT&block_code=3153004&panchayat_name=KHATAMSARAY&panchayat_code=3153004034&fin_year=2025-2026&source=&work_code=3153004034/RC/958486255823743309&msr_no=5918&AttendanceDate=25/03/2026&Digest=d09rKjBFNIYuAn49AzsdRA",5
"BASTI","VIKRAM JOT","MALHNI","3153004042/WH/958486255823260020","5867","https://mnregaweb4.nic.in/nregaarch/View_NMMS_atten_date_dtl_rpt.aspx?page=&short_name=UP&state_name=UTTAR%20PRADESH&state_code=31&district_name=BASTI&district_code=3153&block_name=VIKRAM%20JOT&block_code=3153004&panchayat_name=MALHNI&panchayat_code=3153004042&fin_year=2025-2026&source=&work_code=3153004042/WH/958486255823260020&msr_no=5867&AttendanceDate=25/03/2026&Digest=F+YpAutHmyxdzIfGBDePaA",9
"BASTI","VIKRAM JOT","NAGRABALI","3153004047/RC/958486255823732598","5934","https://mnregaweb4.nic.in/nregaarch/View_NMMS_atten_date_dtl_rpt.aspx?page=&short_name=UP&state_name=UTTAR%20PRADESH&state_code=31&district_name=BASTI&district_code=3153&block_name=VIKRAM%20JOT&block_code=3153004&panchayat_name=NAGRABALI&panchayat_code=3153004047&fin_year=2025-2026&source=&work_code=3153004047/RC/958486255823732598&msr_no=5934&AttendanceDate=25/03/2026&Digest=SZpzs2lrcJIGJ70bnQdoKQ",4
"BASTI","VIKRAM JOT","NIYAMATPUR","3153004049/LD/958486255824929913","5986","https://mnregaweb4.nic.in/nregaarch/View_NMMS_atten_date_dtl_rpt.aspx?page=&short_name=UP&state_name=UTTAR%20PRADESH&state_code=31&district_name=BASTI&district_code=3153&block_name=VIKRAM%20JOT&block_code=3153004&panchayat_name=NIYAMATPUR&panchayat_code=3153004049&fin_year=2025-2026&source=&work_code=3153004049/LD/958486255824929913&msr_no=5986&AttendanceDate=25/03/2026&Digest=UV7ohGIx781naYiUvXq3og",7
"BASTI","VIKRAM JOT","NIYAMATPUR","3153004049/LD/958486255824929913","5989","https://mnregaweb4.nic.in/nregaarch/View_NMMS_atten_date_dtl_rpt.aspx?page=&short_name=UP&state_name=UTTAR%20PRADESH&state_code=31&district_name=BASTI&district_code=3153&block_name=VIKRAM%20JOT&block_code=3153004&panchayat_name=NIYAMATPUR&panchayat_code=3153004049&fin_year=2025-2026&source=&work_code=3153004049/LD/958486255824929913&msr_no=5989&AttendanceDate=25/03/2026&Digest=t1Yi294iU0ft6YY5C4EphQ",5
"BASTI","VIKRAM JOT","PURE CHETAN","3153004053/RC/958486255823731818","5898","https://mnregaweb4.nic.in/nregaarch/View_NMMS_atten_date_dtl_rpt.aspx?page=&short_name=UP&state_name=UTTAR%20PRADESH&state_code=31&district_name=BASTI&district_code=3153&block_name=VIKRAM%20JOT&block_code=3153004&panchayat_name=PURE%20CHETAN&panchayat_code=3153004053&fin_year=2025-2026&source=&work_code=3153004053/RC/958486255823731818&msr_no=5898&AttendanceDate=25/03/2026&Digest=D7cEy94ipSmlQZq7M24ZAA",5
"BASTI","VIKRAM JOT","KALAYANPUR","3153004064/RC/958486255823752246","5980","https://mnregaweb4.nic.in/nregaarch/View_NMMS_atten_date_dtl_rpt.aspx?page=&short_name=UP&state_name=UTTAR%20PRADESH&state_code=31&district_name=BASTI&district_code=3153&block_name=VIKRAM%20JOT&block_code=3153004&panchayat_name=KALAYANPUR&panchayat_code=3153004064&fin_year=2025-2026&source=&work_code=3153004064/RC/958486255823752246&msr_no=5980&AttendanceDate=25/03/2026&Digest=Tyf2a+Ov9XrV1FmK5Z1P2g",2
"BASTI","SAU GHAT","KHAMAHRIYA","3153009035/RC/958486255823730376","3400","https://mnregaweb4.nic.in/nregaarch/View_NMMS_atten_date_dtl_rpt.aspx?page=&short_name=UP&state_name=UTTAR%20PRADESH&state_code=31&district_name=BASTI&district_code=3153&block_name=SAU%20GHAT&block_code=3153009&panchayat_name=KHAMAHRIYA&panchayat_code=3153009035&fin_year=2025-2026&source=&work_code=3153009035/RC/958486255823730376&msr_no=3400&AttendanceDate=25/03/2026&Digest=J87gdFa9JvXbM5beXJr3qw",3
"BASTI","SAU GHAT","KATYA","3153009078/RC/958486255823751266","3377","https://mnregaweb4.nic.in/nregaarch/View_NMMS_atten_date_dtl_rpt.aspx?page=&short_name=UP&state_name=UTTAR%20PRADESH&state_code=31&district_name=BASTI&district_code=3153&block_name=SAU%20GHAT&block_code=3153009&panchayat_name=KATYA&panchayat_code=3153009078&fin_year=2025-2026&source=&work_code=3153009078/RC/958486255823751266&msr_no=3377&AttendanceDate=25/03/2026&Digest=Ok5VUpKztFTVO+9qAZdIog",7
"BASTI","VIKRAM JOT","BATAULI","3153004009/RC/958486255823729776","5845","https://mnregaweb4.nic.in/nregaarch/View_NMMS_atten_date_dtl_rpt.aspx?page=&short_name=UP&state_name=UTTAR%20PRADESH&state_code=31&district_name=BASTI&district_code=3153&block_name=VIKRAM%20JOT&block_code=3153004&panchayat_name=BATAULI&panchayat_code=3153004009&fin_year=2025-2026&source=&work_code=3153004009/RC/958486255823729776&msr_no=5845&AttendanceDate=25/03/2026&Digest=784rubcxx/C+wrpGAQQ0jg",6
"BASTI","VIKRAM JOT","DHAURAHRA CHAUHAN","3153004018/LD/958486255824989950","5958","https://mnregaweb4.nic.in/nregaarch/View_NMMS_atten_date_dtl_rpt.aspx?page=&short_name=UP&state_name=UTTAR%20PRADESH&state_code=31&district_name=BASTI&district_code=3153&block_name=VIKRAM%20JOT&block_code=3153004&panchayat_name=DHAURAHRA%20CHAUHAN&panchayat_code=3153004018&fin_year=2025-2026&source=&work_code=3153004018/LD/958486255824989950&msr_no=5958&AttendanceDate=25/03/2026&Digest=yaJp+cOiuCD5GXUgwvBCYw",10
"BASTI","VIKRAM JOT","DEVKHAR","3153004026/RC/958486255823706201","5892","https://mnregaweb4.nic.in/nregaarch/View_NMMS_atten_date_dtl_rpt.aspx?page=&short_name=UP&state_name=UTTAR%20PRADESH&state_code=31&district_name=BASTI&district_code=3153&block_name=VIKRAM%20JOT&block_code=3153004&panchayat_name=DEVKHAR&panchayat_code=3153004026&fin_year=2025-2026&source=&work_code=3153004026/RC/958486255823706201&msr_no=5892&AttendanceDate=25/03/2026&Digest=wBPKfy36kQGpZVxiD1fCQw",3
"BASTI","VIKRAM JOT","KHATAMSARAY","3153004034/LD/958486255824995840","5783","https://mnregaweb4.nic.in/nregaarch/View_NMMS_atten_date_dtl_rpt.aspx?page=&short_name=UP&state_name=UTTAR%20PRADESH&state_code=31&district_name=BASTI&district_code=3153&block_name=VIKRAM%20JOT&block_code=3153004&panchayat_name=KHATAMSARAY&panchayat_code=3153004034&fin_year=2025-2026&source=&work_code=3153004034/LD/958486255824995840&msr_no=5783&AttendanceDate=25/03/2026&Digest=1yEREWNp2s5/M7GGP4SFzQ",9
"BASTI","VIKRAM JOT","MAJHILGAON","3153004041/WH/958486255823985133","5773","https://mnregaweb4.nic.in/nregaarch/View_NMMS_atten_date_dtl_rpt.aspx?page=&short_name=UP&state_name=UTTAR%20PRADESH&state_code=31&district_name=BASTI&district_code=3153&block_name=VIKRAM%20JOT&block_code=3153004&panchayat_name=MAJHILGAON&panchayat_code=3153004041&fin_year=2025-2026&source=&work_code=3153004041/WH/958486255823985133&msr_no=5773&AttendanceDate=25/03/2026&Digest=OkKl+Z6CyME1lJumzOXKhQ",2
"BASTI","VIKRAM JOT","MALHNI","3153004042/RC/958486255823737150","5872","https://mnregaweb4.nic.in/nregaarch/View_NMMS_atten_date_dtl_rpt.aspx?page=&short_name=UP&state_name=UTTAR%20PRADESH&state_code=31&district_name=BASTI&district_code=3153&block_name=VIKRAM%20JOT&block_code=3153004&panchayat_name=MALHNI&panchayat_code=3153004042&fin_year=2025-2026&source=&work_code=3153004042/RC/958486255823737150&msr_no=5872&AttendanceDate=25/03/2026&Digest=IWN3kDdwY+/XO7vsPgr5XQ",9
"BASTI","VIKRAM JOT","MALHNI","3153004042/WC/958486255824216389","5869","https://mnregaweb4.nic.in/nregaarch/View_NMMS_atten_date_dtl_rpt.aspx?page=&short_name=UP&state_name=UTTAR%20PRADESH&state_code=31&district_name=BASTI&district_code=3153&block_name=VIKRAM%20JOT&block_code=3153004&panchayat_name=MALHNI&panchayat_code=3153004042&fin_year=2025-2026&source=&work_code=3153004042/WC/958486255824216389&msr_no=5869&AttendanceDate=25/03/2026&Digest=yO+3yfm/yQE9em++OdfWXA",9
"BASTI","VIKRAM JOT","EKMA HIRANIYA","3153004043/RC/958486255823725143","5962","https://mnregaweb4.nic.in/nregaarch/View_NMMS_atten_date_dtl_rpt.aspx?page=&short_name=UP&state_name=UTTAR%20PRADESH&state_code=31&district_name=BASTI&district_code=3153&block_name=VIKRAM%20JOT&block_code=3153004&panchayat_name=EKMA%20HIRANIYA&panchayat_code=3153004043&fin_year=2025-2026&source=&work_code=3153004043/RC/958486255823725143&msr_no=5962&AttendanceDate=25/03/2026&Digest=Q3Z48HY2HttJZ/ZIjgDvPw",3
"BASTI","VIKRAM JOT","EKMA HIRANIYA","3153004043/WC/958486255824231525","5855","https://mnregaweb4.nic.in/nregaarch/View_NMMS_atten_date_dtl_rpt.aspx?page=&short_name=UP&state_name=UTTAR%20PRADESH&state_code=31&district_name=BASTI&district_code=3153&block_name=VIKRAM%20JOT&block_code=3153004&panchayat_name=EKMA%20HIRANIYA&panchayat_code=3153004043&fin_year=2025-2026&source=&work_code=3153004043/WC/958486255824231525&msr_no=5855&AttendanceDate=25/03/2026&Digest=qbnb5wkMUVhkrOnr8+cohA",6
"BASTI","VIKRAM JOT","NAGRABALI","3153004047/RC/958486255823732602","5932","https://mnregaweb4.nic.in/nregaarch/View_NMMS_atten_date_dtl_rpt.aspx?page=&short_name=UP&state_name=UTTAR%20PRADESH&state_code=31&district_name=BASTI&district_code=3153&block_name=VIKRAM%20JOT&block_code=3153004&panchayat_name=NAGRABALI&panchayat_code=3153004047&fin_year=2025-2026&source=&work_code=3153004047/RC/958486255823732602&msr_no=5932&AttendanceDate=25/03/2026&Digest=mjxgEZDEzXxo30pcLWSoWw",2
"BASTI","VIKRAM JOT","NIYAMATPUR","3153004049/LD/958486255824929913","5988","https://mnregaweb4.nic.in/nregaarch/View_NMMS_atten_date_dtl_rpt.aspx?page=&short_name=UP&state_name=UTTAR%20PRADESH&state_code=31&district_name=BASTI&district_code=3153&block_name=VIKRAM%20JOT&block_code=3153004&panchayat_name=NIYAMATPUR&panchayat_code=3153004049&fin_year=2025-2026&source=&work_code=3153004049/LD/958486255824929913&msr_no=5988&AttendanceDate=25/03/2026&Digest=n62krPg+u9D9K20rwX/yWQ",9
"BASTI","VIKRAM JOT","PURE CHETAN","3153004053/RC/958486255823731818","5897","https://mnregaweb4.nic.in/nregaarch/View_NMMS_atten_date_dtl_rpt.aspx?page=&short_name=UP&state_name=UTTAR%20PRADESH&state_code=31&district_name=BASTI&district_code=3153&block_name=VIKRAM%20JOT&block_code=3153004&panchayat_name=PURE%20CHETAN&panchayat_code=3153004053&fin_year=2025-2026&source=&work_code=3153004053/RC/958486255823731818&msr_no=5897&AttendanceDate=25/03/2026&Digest=3jNzaXg2YMIQYTSjzJFszQ",10
"BASTI","VIKRAM JOT","TURSI","3153004068/LD/YD/958486255825007923","5924","https://mnregaweb4.nic.in/nregaarch/View_NMMS_atten_date_dtl_rpt.aspx?page=&short_name=UP&state_name=UTTAR%20PRADESH&state_code=31&district_name=BASTI&district_code=3153&block_name=VIKRAM%20JOT&block_code=3153004&panchayat_name=TURSI&panchayat_code=3153004068&fin_year=2025-2026&source=&work_code=3153004068/LD/YD/958486255825007923&msr_no=5924&AttendanceDate=25/03/2026&Digest=Ei624hhCP0AGW6VdyikjMQ",3
"BASTI","VIKRAM JOT","JAMAULIYA MAFI","3153004077/RC/958486255823518295","5793","https://mnregaweb4.nic.in/nregaarch/View_NMMS_atten_date_dtl_rpt.aspx?page=&short_name=UP&state_name=UTTAR%20PRADESH&state_code=31&district_name=BASTI&district_code=3153&block_name=VIKRAM%20JOT&block_code=3153004&panchayat_name=JAMAULIYA%20MAFI&panchayat_code=3153004077&fin_year=2025-2026&source=&work_code=3153004077/RC/958486255823518295&msr_no=5793&AttendanceDate=25/03/2026&Digest=Tc5Gczm9DQRSFhy498977g",8
"BASTI","VIKRAM JOT","NETWARPATTI","3153004078/RC/958486255823728519","5802","https://mnregaweb4.nic.in/nregaarch/View_NMMS_atten_date_dtl_rpt.aspx?page=&short_name=UP&state_name=UTTAR%20PRADESH&state_code=31&district_name=BASTI&district_code=3153&block_name=VIKRAM%20JOT&block_code=3153004&panchayat_name=NETWARPATTI&panchayat_code=3153004078&fin_year=2025-2026&source=&work_code=3153004078/RC/958486255823728519&msr_no=5802&AttendanceDate=25/03/2026&Digest=Ok2MwotU5ReAazt1yFTKNQ",4
"BASTI","VIKRAM JOT","NETWARPATTI","3153004078/RC/958486255823748403","5984","https://mnregaweb4.nic.in/nregaarch/View_NMMS_atten_date_dtl_rpt.aspx?page=&short_name=UP&state_name=UTTAR%20PRADESH&state_code=31&district_name=BASTI&district_code=3153&block_name=VIKRAM%20JOT&block_code=3153004&panchayat_name=NETWARPATTI&panchayat_code=3153004078&fin_year=2025-2026&source=&work_code=3153004078/RC/958486255823748403&msr_no=5984&AttendanceDate=25/03/2026&Digest=ZkV8bwCIRLWQvRdrXX65Qw",10
"BASTI","SALTAUA GOPAL PUR","AMRAULI SHUMALI","3153007006/DP/958486255824204315","5505","https://mnregaweb4.nic.in/nregaarch/View_NMMS_atten_date_dtl_rpt.aspx?page=&short_name=UP&state_name=UTTAR%20PRADESH&state_code=31&district_name=BASTI&district_code=3153&block_name=SALTAUA%20GOPAL%20PUR&block_code=3153007&panchayat_name=AMRAULI%20SHUMALI&panchayat_code=3153007006&fin_year=2025-2026&source=&work_code=3153007006/DP/958486255824204315&msr_no=5505&AttendanceDate=25/03/2026&Digest=6zfStcAPlESlVhnfS8CWRQ",5
"BASTI","SALTAUA GOPAL PUR","TELIYADEEH","3153007021/IC/958486255823742442","5478","https://mnregaweb4.nic.in/nregaarch/View_NMMS_atten_date_dtl_rpt.aspx?page=&short_name=UP&state_name=UTTAR%20PRADESH&state_code=31&district_name=BASTI&district_code=3153&block_name=SALTAUA%20GOPAL%20PUR&block_code=3153007&panchayat_name=TELIYADEEH&panchayat_code=3153007021&fin_year=2025-2026&source=&work_code=3153007021/IC/958486255823742442&msr_no=5478&AttendanceDate=25/03/2026&Digest=1gG/TkZemUJlJVdfwZ1jcA",8
"BASTI","SALTAUA GOPAL PUR","TELIYADEEH","3153007021/IC/958486255823742442","5481","https://mnregaweb4.nic.in/nregaarch/View_NMMS_atten_date_dtl_rpt.aspx?page=&short_name=UP&state_name=UTTAR%20PRADESH&state_code=31&district_name=BASTI&district_code=3153&block_name=SALTAUA%20GOPAL%20PUR&block_code=3153007&panchayat_name=TELIYADEEH&panchayat_code=3153007021&fin_year=2025-2026&source=&work_code=3153007021/IC/958486255823742442&msr_no=5481&AttendanceDate=25/03/2026&Digest=8TjIpDZh0PiA3QLtNyLYeQ",9
"BASTI","SALTAUA GOPAL PUR","JOTA","3153007035/WH/958486255824013074","5421","https://mnregaweb4.nic.in/nregaarch/View_NMMS_atten_date_dtl_rpt.aspx?page=&short_name=UP&state_name=UTTAR%20PRADESH&state_code=31&district_name=BASTI&district_code=3153&block_name=SALTAUA%20GOPAL%20PUR&block_code=3153007&panchayat_name=JOTA&panchayat_code=3153007035&fin_year=2025-2026&source=&work_code=3153007035/WH/958486255824013074&msr_no=5421&AttendanceDate=25/03/2026&Digest=EUWxUsmtdkdKFzNsXM4Vbw",9
"BASTI","SALTAUA GOPAL PUR","JOTA","3153007035/WH/958486255824013074","5424","https://mnregaweb4.nic.in/nregaarch/View_NMMS_atten_date_dtl_rpt.aspx?page=&short_name=UP&state_name=UTTAR%20PRADESH&state_code=31&district_name=BASTI&district_code=3153&block_name=SALTAUA%20GOPAL%20PUR&block_code=3153007&panchayat_name=JOTA&panchayat_code=3153007035&fin_year=2025-2026&source=&work_code=3153007035/WH/958486255824013074&msr_no=5424&AttendanceDate=25/03/2026&Digest=ebXNqdJOSdtL1OWw4Vowbg",9
"BASTI","SALTAUA GOPAL PUR","JOTA","3153007035/WH/958486255824013074","5427","https://mnregaweb4.nic.in/nregaarch/View_NMMS_atten_date_dtl_rpt.aspx?page=&short_name=UP&state_name=UTTAR%20PRADESH&state_code=31&district_name=BASTI&district_code=3153&block_name=SALTAUA%20GOPAL%20PUR&block_code=3153007&panchayat_name=JOTA&panchayat_code=3153007035&fin_year=2025-2026&source=&work_code=3153007035/WH/958486255824013074&msr_no=5427&AttendanceDate=25/03/2026&Digest=XphIubQrI4tElqfndfusHg",6
"BASTI","SALTAUA GOPAL PUR","BASAUKA","3153007054/RC/958486255823584407","5389","https://mnregaweb4.nic.in/nregaarch/View_NMMS_atten_date_dtl_rpt.aspx?page=&short_name=UP&state_name=UTTAR%20PRADESH&state_code=31&district_name=BASTI&district_code=3153&block_name=SALTAUA%20GOPAL%20PUR&block_code=3153007&panchayat_name=BASAUKA&panchayat_code=3153007054&fin_year=2025-2026&source=&work_code=3153007054/RC/958486255823584407&msr_no=5389&AttendanceDate=25/03/2026&Digest=Ai8A42MXD10MEwMJ5OTLJA",5
"BASTI","SALTAUA GOPAL PUR","PARSA KHAL","3153007057/RC/958486255823652950","5406","https://mnregaweb4.nic.in/nregaarch/View_NMMS_atten_date_dtl_rpt.aspx?page=&short_name=UP&state_name=UTTAR%20PRADESH&state_code=31&district_name=BASTI&district_code=3153&block_name=SALTAUA%20GOPAL%20PUR&block_code=3153007&panchayat_name=PARSA%20KHAL&panchayat_code=3153007057&fin_year=2025-2026&source=&work_code=3153007057/RC/958486255823652950&msr_no=5406&AttendanceDate=25/03/2026&Digest=GGDGjx2gZVGHcurofbg9Vw",8
"BASTI","SALTAUA GOPAL PUR","PARSA KHAL","3153007057/RC/958486255823652950","5409","https://mnregaweb4.nic.in/nregaarch/View_NMMS_atten_date_dtl_rpt.aspx?page=&short_name=UP&state_name=UTTAR%20PRADESH&state_code=31&district_name=BASTI&district_code=3153&block_name=SALTAUA%20GOPAL%20PUR&block_code=3153007&panchayat_name=PARSA%20KHAL&panchayat_code=3153007057&fin_year=2025-2026&source=&work_code=3153007057/RC/958486255823652950&msr_no=5409&AttendanceDate=25/03/2026&Digest=tQ+yK2imKhpeiuUe+rG6MA",4
"BASTI","SALTAUA GOPAL PUR","REGI","3153007066/RC/958486255823744631","5519","https://mnregaweb4.nic.in/nregaarch/View_NMMS_atten_date_dtl_rpt.aspx?page=&short_name=UP&state_name=UTTAR%20PRADESH&state_code=31&district_name=BASTI&district_code=3153&block_name=SALTAUA%20GOPAL%20PUR&block_code=3153007&panchayat_name=REGI&panchayat_code=3153007066&fin_year=2025-2026&source=&work_code=3153007066/RC/958486255823744631&msr_no=5519&AttendanceDate=25/03/2026&Digest=LJJGCJyrEF1xurOHd6phkQ",1
"BASTI","SALTAUA GOPAL PUR","UMRA KHAS","3153007081/WH/958486255824000438","5497","https://mnregaweb4.nic.in/nregaarch/View_NMMS_atten_date_dtl_rpt.aspx?page=&short_name=UP&state_name=UTTAR%20PRADESH&state_code=31&district_name=BASTI&district_code=3153&block_name=SALTAUA%20GOPAL%20PUR&block_code=3153007&panchayat_name=UMRA%20KHAS&panchayat_code=3153007081&fin_year=2025-2026&source=&work_code=3153007081/WH/958486255824000438&msr_no=5497&AttendanceDate=25/03/2026&Digest=gSX+lQDXQJCHpd7ZFyEdzg",6
"BASTI","SALTAUA GOPAL PUR","KHARHARA JAPTI","3153007083/IC/958486255823744669","5471","https://mnregaweb4.nic.in/nregaarch/View_NMMS_atten_date_dtl_rpt.aspx?page=&short_name=UP&state_name=UTTAR%20PRADESH&state_code=31&district_name=BASTI&district_code=3153&block_name=SALTAUA%20GOPAL%20PUR&block_code=3153007&panchayat_name=KHARHARA%20JAPTI&panchayat_code=3153007083&fin_year=2025-2026&source=&work_code=3153007083/IC/958486255823744669&msr_no=5471&AttendanceDate=25/03/2026&Digest=qzjBDwLRBYmFUC1myUlX+w",9
"BASTI","SALTAUA GOPAL PUR","KORIYA DIH","3153007086/IC/958486255823742443","5360","https://mnregaweb4.nic.in/nregaarch/View_NMMS_atten_date_dtl_rpt.aspx?page=&short_name=UP&state_name=UTTAR%20PRADESH&state_code=31&district_name=BASTI&district_code=3153&block_name=SALTAUA%20GOPAL%20PUR&block_code=3153007&panchayat_name=KORIYA%20DIH&panchayat_code=3153007086&fin_year=2025-2026&source=&work_code=3153007086/IC/958486255823742443&msr_no=5360&AttendanceDate=25/03/2026&Digest=3jKodgzn4y+2bpXT+7AN/Q",3
"BASTI","SALTAUA GOPAL PUR","KEVTAKHOR","3153007087/RC/958486255823682901","5431","https://mnregaweb4.nic.in/nregaarch/View_NMMS_atten_date_dtl_rpt.aspx?page=&short_name=UP&state_name=UTTAR%20PRADESH&state_code=31&district_name=BASTI&district_code=3153&block_name=SALTAUA%20GOPAL%20PUR&block_code=3153007&panchayat_name=KEVTAKHOR&panchayat_code=3153007087&fin_year=2025-2026&source=&work_code=3153007087/RC/958486255823682901&msr_no=5431&AttendanceDate=25/03/2026&Digest=I/eZIO56m8udJTDr3JbR+w",10
"BASTI","SALTAUA GOPAL PUR","MUDBARA","3153007090/LD/958486255825006022","5492","https://mnregaweb4.nic.in/nregaarch/View_NMMS_atten_date_dtl_rpt.aspx?page=&short_name=UP&state_name=UTTAR%20PRADESH&state_code=31&district_name=BASTI&district_code=3153&block_name=SALTAUA%20GOPAL%20PUR&block_code=3153007&panchayat_name=MUDBARA&panchayat_code=3153007090&fin_year=2025-2026&source=&work_code=3153007090/LD/958486255825006022&msr_no=5492&AttendanceDate=25/03/2026&Digest=ElR6VesR0iOqcx8EZXnygg",9
"BASTI","SALTAUA GOPAL PUR","BHIURA","3153007091/RC/958486255823594409","5526","https://mnregaweb4.nic.in/nregaarch/View_NMMS_atten_date_dtl_rpt.aspx?page=&short_name=UP&state_name=UTTAR%20PRADESH&state_code=31&district_name=BASTI&district_code=3153&block_name=SALTAUA%20GOPAL%20PUR&block_code=3153007&panchayat_name=BHIURA&panchayat_code=3153007091&fin_year=2025-2026&source=&work_code=3153007091/RC/958486255823594409&msr_no=5526&AttendanceDate=25/03/2026&Digest=VnMQPCzbydSO4KLdq4Tq5Q",4
"BASTI","SAU GHAT","ANDA","3153009002/LD/958486255825010416","3352","https://mnregaweb4.nic.in/nregaarch/View_NMMS_atten_date_dtl_rpt.aspx?page=&short_name=UP&state_name=UTTAR%20PRADESH&state_code=31&district_name=BASTI&district_code=3153&block_name=SAU%20GHAT&block_code=3153009&panchayat_name=ANDA&panchayat_code=3153009002&fin_year=2025-2026&source=&work_code=3153009002/LD/958486255825010416&msr_no=3352&AttendanceDate=25/03/2026&Digest=1qybPDz2+RoEJt3hE0QxOQ",5
"BASTI","SAU GHAT","ANDA","3153009002/LD/958486255825010416","3355","https://mnregaweb4.nic.in/nregaarch/View_NMMS_atten_date_dtl_rpt.aspx?page=&short_name=UP&state_name=UTTAR%20PRADESH&state_code=31&district_name=BASTI&district_code=3153&block_name=SAU%20GHAT&block_code=3153009&panchayat_name=ANDA&panchayat_code=3153009002&fin_year=2025-2026&source=&work_code=3153009002/LD/958486255825010416&msr_no=3355&AttendanceDate=25/03/2026&Digest=vBSDzokeBuKpdufp4cq03Q",3
"BASTI","SAU GHAT","ANDA","3153009002/RC/958486255823626058","3348","https://mnregaweb4.nic.in/nregaarch/View_NMMS_atten_date_dtl_rpt.aspx?page=&short_name=UP&state_name=UTTAR%20PRADESH&state_code=31&district_name=BASTI&district_code=3153&block_name=SAU%20GHAT&block_code=3153009&panchayat_name=ANDA&panchayat_code=3153009002&fin_year=2025-2026&source=&work_code=3153009002/RC/958486255823626058&msr_no=3348&AttendanceDate=25/03/2026&Digest=aAqg7cbWoifYDN6KnQJPKg",4
"BASTI","SAU GHAT","BHITA RAM SEN","3153009013/RC/958486255823719601","3391","https://mnregaweb4.nic.in/nregaarch/View_NMMS_atten_date_dtl_rpt.aspx?page=&short_name=UP&state_name=UTTAR%20PRADESH&state_code=31&district_name=BASTI&district_code=3153&block_name=SAU%20GHAT&block_code=3153009&panchayat_name=BHITA%20RAM%20SEN&panchayat_code=3153009013&fin_year=2025-2026&source=&work_code=3153009013/RC/958486255823719601&msr_no=3391&AttendanceDate=25/03/2026&Digest=/hR9P69bj63ohFzpFqjqWQ",6
"BASTI","SAU GHAT","MAHSIN","3153009043/RC/958486255823687996","3330","https://mnregaweb4.nic.in/nregaarch/View_NMMS_atten_date_dtl_rpt.aspx?page=&short_name=UP&state_name=UTTAR%20PRADESH&state_code=31&district_name=BASTI&district_code=3153&block_name=SAU%20GHAT&block_code=3153009&panchayat_name=MAHSIN&panchayat_code=3153009043&fin_year=2025-2026&source=&work_code=3153009043/RC/958486255823687996&msr_no=3330&AttendanceDate=25/03/2026&Digest=+iC3vGIcYwkCr6gymxcxpg",6
"BASTI","VIKRAM JOT","AKVARA","3153004002/RC/958486255823751421","5992","https://mnregaweb4.nic.in/nregaarch/View_NMMS_atten_date_dtl_rpt.aspx?page=&short_name=UP&state_name=UTTAR%20PRADESH&state_code=31&district_name=BASTI&district_code=3153&block_name=VIKRAM%20JOT&block_code=3153004&panchayat_name=AKVARA&panchayat_code=3153004002&fin_year=2025-2026&source=&work_code=3153004002/RC/958486255823751421&msr_no=5992&AttendanceDate=25/03/2026&Digest=CXQFvlKiyn8e+S8+3rfupg",1
"BASTI","VIKRAM JOT","BATAULI","3153004009/RC/958486255823729776","5844","https://mnregaweb4.nic.in/nregaarch/View_NMMS_atten_date_dtl_rpt.aspx?page=&short_name=UP&state_name=UTTAR%20PRADESH&state_code=31&district_name=BASTI&district_code=3153&block_name=VIKRAM%20JOT&block_code=3153004&panchayat_name=BATAULI&panchayat_code=3153004009&fin_year=2025-2026&source=&work_code=3153004009/RC/958486255823729776&msr_no=5844&AttendanceDate=25/03/2026&Digest=4kpS80TFEEWJRpKFv6PTQQ",7
"BASTI","VIKRAM JOT","KHATAMSARAY","3153004034/LD/958486255825003179","5806","https://mnregaweb4.nic.in/nregaarch/View_NMMS_atten_date_dtl_rpt.aspx?page=&short_name=UP&state_name=UTTAR%20PRADESH&state_code=31&district_name=BASTI&district_code=3153&block_name=VIKRAM%20JOT&block_code=3153004&panchayat_name=KHATAMSARAY&panchayat_code=3153004034&fin_year=2025-2026&source=&work_code=3153004034/LD/958486255825003179&msr_no=5806&AttendanceDate=25/03/2026&Digest=nlb9vTfWpww0Rcsuc+sing",3
"BASTI","VIKRAM JOT","KUANGAON","3153004037/LD/958486255824792537","5954","https://mnregaweb4.nic.in/nregaarch/View_NMMS_atten_date_dtl_rpt.aspx?page=&short_name=UP&state_name=UTTAR%20PRADESH&state_code=31&district_name=BASTI&district_code=3153&block_name=VIKRAM%20JOT&block_code=3153004&panchayat_name=KUANGAON&panchayat_code=3153004037&fin_year=2025-2026&source=&work_code=3153004037/LD/958486255824792537&msr_no=5954&AttendanceDate=25/03/2026&Digest=3GCkH/TiL0fxwja9MN+o+g",8
"BASTI","VIKRAM JOT","NIYAMATPUR","3153004049/LD/958486255824929913","5987","https://mnregaweb4.nic.in/nregaarch/View_NMMS_atten_date_dtl_rpt.aspx?page=&short_name=UP&state_name=UTTAR%20PRADESH&state_code=31&district_name=BASTI&district_code=3153&block_name=VIKRAM%20JOT&block_code=3153004&panchayat_name=NIYAMATPUR&panchayat_code=3153004049&fin_year=2025-2026&source=&work_code=3153004049/LD/958486255824929913&msr_no=5987&AttendanceDate=25/03/2026&Digest=Flr3/ta++WmbZ3NefygYaw",7
"BASTI","VIKRAM JOT","SUKRAULI PANDEY","3153004066/RC/958486255823639288","5929","https://mnregaweb4.nic.in/nregaarch/View_NMMS_atten_date_dtl_rpt.aspx?page=&short_name=UP&state_name=UTTAR%20PRADESH&state_code=31&district_name=BASTI&district_code=3153&block_name=VIKRAM%20JOT&block_code=3153004&panchayat_name=SUKRAULI%20PANDEY&panchayat_code=3153004066&fin_year=2025-2026&source=&work_code=3153004066/RC/958486255823639288&msr_no=5929&AttendanceDate=25/03/2026&Digest=zzs9dEpLLrB3GbH6jkn4ag",1
"BASTI","VIKRAM JOT","NETWARPATTI","3153004078/LD/958486255824967920","5776","https://mnregaweb4.nic.in/nregaarch/View_NMMS_atten_date_dtl_rpt.aspx?page=&short_name=UP&state_name=UTTAR%20PRADESH&state_code=31&district_name=BASTI&district_code=3153&block_name=VIKRAM%20JOT&block_code=3153004&panchayat_name=NETWARPATTI&panchayat_code=3153004078&fin_year=2025-2026&source=&work_code=3153004078/LD/958486255824967920&msr_no=5776&AttendanceDate=25/03/2026&Digest=TSC5szJdtZr3BJ3Mmprlmg",9
"BASTI","RUDAULI","PURAINA","3153008058/RC/958486255823749020","6217","https://mnregaweb4.nic.in/nregaarch/View_NMMS_atten_date_dtl_rpt.aspx?page=&short_name=UP&state_name=UTTAR%20PRADESH&state_code=31&district_name=BASTI&district_code=3153&block_name=RUDAULI&block_code=3153008&panchayat_name=PURAINA&panchayat_code=3153008058&fin_year=2025-2026&source=&work_code=3153008058/RC/958486255823749020&msr_no=6217&AttendanceDate=25/03/2026&Digest=uhRz53vpXFCetIrin4IpUw",9
"BASTI","RUDAULI","CHAND CHAUR","3153008077/RC/958486255823704370","6232","https://mnregaweb4.nic.in/nregaarch/View_NMMS_atten_date_dtl_rpt.aspx?page=&short_name=UP&state_name=UTTAR%20PRADESH&state_code=31&district_name=BASTI&district_code=3153&block_name=RUDAULI&block_code=3153008&panchayat_name=CHAND%20CHAUR&panchayat_code=3153008077&fin_year=2025-2026&source=&work_code=3153008077/RC/958486255823704370&msr_no=6232&AttendanceDate=25/03/2026&Digest=+Drdtppp/Z4IZtXEW6xw3Q",10
"BASTI","RUDAULI","CHAND CHAUR","3153008077/RC/958486255823733596","6239","https://mnregaweb4.nic.in/nregaarch/View_NMMS_atten_date_dtl_rpt.aspx?page=&short_name=UP&state_name=UTTAR%20PRADESH&state_code=31&district_name=BASTI&district_code=3153&block_name=RUDAULI&block_code=3153008&panchayat_name=CHAND%20CHAUR&panchayat_code=3153008077&fin_year=2025-2026&source=&work_code=3153008077/RC/958486255823733596&msr_no=6239&AttendanceDate=25/03/2026&Digest=jcn0OdFzo4mXJ09QNLE6YA",7
"BASTI","RUDAULI","CHAND CHAUR","3153008077/RC/958486255823748092","6236","https://mnregaweb4.nic.in/nregaarch/View_NMMS_atten_date_dtl_rpt.aspx?page=&short_name=UP&state_name=UTTAR%20PRADESH&state_code=31&district_name=BASTI&district_code=3153&block_name=RUDAULI&block_code=3153008&panchayat_name=CHAND%20CHAUR&panchayat_code=3153008077&fin_year=2025-2026&source=&work_code=3153008077/RC/958486255823748092&msr_no=6236&AttendanceDate=25/03/2026&Digest=DVpHKfSzBqREfoalToKW/Q",8
"BASTI","SALTAUA GOPAL PUR","TENUWA","3153007020/RC/958486255823745443","5486","https://mnregaweb4.nic.in/nregaarch/View_NMMS_atten_date_dtl_rpt.aspx?page=&short_name=UP&state_name=UTTAR%20PRADESH&state_code=31&district_name=BASTI&district_code=3153&block_name=SALTAUA%20GOPAL%20PUR&block_code=3153007&panchayat_name=TENUWA&panchayat_code=3153007020&fin_year=2025-2026&source=&work_code=3153007020/RC/958486255823745443&msr_no=5486&AttendanceDate=25/03/2026&Digest=86FTuMGHB7lYLo58XZ65EA",2
"BASTI","SALTAUA GOPAL PUR","TELIYADEEH","3153007021/IC/958486255823742442","5476","https://mnregaweb4.nic.in/nregaarch/View_NMMS_atten_date_dtl_rpt.aspx?page=&short_name=UP&state_name=UTTAR%20PRADESH&state_code=31&district_name=BASTI&district_code=3153&block_name=SALTAUA%20GOPAL%20PUR&block_code=3153007&panchayat_name=TELIYADEEH&panchayat_code=3153007021&fin_year=2025-2026&source=&work_code=3153007021/IC/958486255823742442&msr_no=5476&AttendanceDate=25/03/2026&Digest=511E/PXBNU6OJWa60l04/Q",8
"BASTI","SALTAUA GOPAL PUR","JOTA","3153007035/WH/958486255824013074","5419","https://mnregaweb4.nic.in/nregaarch/View_NMMS_atten_date_dtl_rpt.aspx?page=&short_name=UP&state_name=UTTAR%20PRADESH&state_code=31&district_name=BASTI&district_code=3153&block_name=SALTAUA%20GOPAL%20PUR&block_code=3153007&panchayat_name=JOTA&panchayat_code=3153007035&fin_year=2025-2026&source=&work_code=3153007035/WH/958486255824013074&msr_no=5419&AttendanceDate=25/03/2026&Digest=YHY26TOq8V39pVrLK1LwIA",8
"BASTI","SALTAUA GOPAL PUR","JOTA","3153007035/WH/958486255824013074","5422","https://mnregaweb4.nic.in/nregaarch/View_NMMS_atten_date_dtl_rpt.aspx?page=&short_name=UP&state_name=UTTAR%20PRADESH&state_code=31&district_name=BASTI&district_code=3153&block_name=SALTAUA%20GOPAL%20PUR&block_code=3153007&panchayat_name=JOTA&panchayat_code=3153007035&fin_year=2025-2026&source=&work_code=3153007035/WH/958486255824013074&msr_no=5422&AttendanceDate=25/03/2026&Digest=nEjGbB+0C42GwIH8FaOEjQ",8
"BASTI","SALTAUA GOPAL PUR","KOILSA","3153007039/WH/958486255824012400","5452","https://mnregaweb4.nic.in/nregaarch/View_NMMS_atten_date_dtl_rpt.aspx?page=&short_name=UP&state_name=UTTAR%20PRADESH&state_code=31&district_name=BASTI&district_code=3153&block_name=SALTAUA%20GOPAL%20PUR&block_code=3153007&panchayat_name=KOILSA&panchayat_code=3153007039&fin_year=2025-2026&source=&work_code=3153007039/WH/958486255824012400&msr_no=5452&AttendanceDate=25/03/2026&Digest=jeGiGbPHoiWqrh8Ujd2fbA",10
"BASTI","SALTAUA GOPAL PUR","PARSA KHAL","3153007057/WH/958486255824013365","5412","https://mnregaweb4.nic.in/nregaarch/View_NMMS_atten_date_dtl_rpt.aspx?page=&short_name=UP&state_name=UTTAR%20PRADESH&state_code=31&district_name=BASTI&district_code=3153&block_name=SALTAUA%20GOPAL%20PUR&block_code=3153007&panchayat_name=PARSA%20KHAL&panchayat_code=3153007057&fin_year=2025-2026&source=&work_code=3153007057/WH/958486255824013365&msr_no=5412&AttendanceDate=25/03/2026&Digest=ixx6Ig9v8+rfh+e9tZQcOg",7
"BASTI","SALTAUA GOPAL PUR","PARSA KHAL","3153007057/WH/958486255824013365","5415","https://mnregaweb4.nic.in/nregaarch/View_NMMS_atten_date_dtl_rpt.aspx?page=&short_name=UP&state_name=UTTAR%20PRADESH&state_code=31&district_name=BASTI&district_code=3153&block_name=SALTAUA%20GOPAL%20PUR&block_code=3153007&panchayat_name=PARSA%20KHAL&panchayat_code=3153007057&fin_year=2025-2026&source=&work_code=3153007057/WH/958486255824013365&msr_no=5415&AttendanceDate=25/03/2026&Digest=L3BakLthch1yGrUaieZ5Kg",9
"BASTI","SALTAUA GOPAL PUR","REGI","3153007066/RC/958486255823706731","5514","https://mnregaweb4.nic.in/nregaarch/View_NMMS_atten_date_dtl_rpt.aspx?page=&short_name=UP&state_name=UTTAR%20PRADESH&state_code=31&district_name=BASTI&district_code=3153&block_name=SALTAUA%20GOPAL%20PUR&block_code=3153007&panchayat_name=REGI&panchayat_code=3153007066&fin_year=2025-2026&source=&work_code=3153007066/RC/958486255823706731&msr_no=5514&AttendanceDate=25/03/2026&Digest=Lp49mC+/3rdivCN6XaMmOw",2
"BASTI","SALTAUA GOPAL PUR","REGI","3153007066/RC/958486255823744631","5518","https://mnregaweb4.nic.in/nregaarch/View_NMMS_atten_date_dtl_rpt.aspx?page=&short_name=UP&state_name=UTTAR%20PRADESH&state_code=31&district_name=BASTI&district_code=3153&block_name=SALTAUA%20GOPAL%20PUR&block_code=3153007&panchayat_name=REGI&panchayat_code=3153007066&fin_year=2025-2026&source=&work_code=3153007066/RC/958486255823744631&msr_no=5518&AttendanceDate=25/03/2026&Digest=+VoE5twsuVrJ+Fwoh0YVYw",10
"BASTI","SALTAUA GOPAL PUR","SALTAUA","3153007069/LD/958486255824937021","5475","https://mnregaweb4.nic.in/nregaarch/View_NMMS_atten_date_dtl_rpt.aspx?page=&short_name=UP&state_name=UTTAR%20PRADESH&state_code=31&district_name=BASTI&district_code=3153&block_name=SALTAUA%20GOPAL%20PUR&block_code=3153007&panchayat_name=SALTAUA&panchayat_code=3153007069&fin_year=2025-2026&source=&work_code=3153007069/LD/958486255824937021&msr_no=5475&AttendanceDate=25/03/2026&Digest=GvDHZRymh257QQTQy/JiiA",5
"BASTI","SALTAUA GOPAL PUR","KORIYA DIH","3153007086/IC/958486255823742443","5362","https://mnregaweb4.nic.in/nregaarch/View_NMMS_atten_date_dtl_rpt.aspx?page=&short_name=UP&state_name=UTTAR%20PRADESH&state_code=31&district_name=BASTI&district_code=3153&block_name=SALTAUA%20GOPAL%20PUR&block_code=3153007&panchayat_name=KORIYA%20DIH&panchayat_code=3153007086&fin_year=2025-2026&source=&work_code=3153007086/IC/958486255823742443&msr_no=5362&AttendanceDate=25/03/2026&Digest=sN0yG2wY5Tgzn3AG68P8Rw",1
"BASTI","SALTAUA GOPAL PUR","MAJHAUWAN BAIKUNTH","3153007089/RC/958486255823743502","5467","https://mnregaweb4.nic.in/nregaarch/View_NMMS_atten_date_dtl_rpt.aspx?page=&short_name=UP&state_name=UTTAR%20PRADESH&state_code=31&district_name=BASTI&district_code=3153&block_name=SALTAUA%20GOPAL%20PUR&block_code=3153007&panchayat_name=MAJHAUWAN%20BAIKUNTH&panchayat_code=3153007089&fin_year=2025-2026&source=&work_code=3153007089/RC/958486255823743502&msr_no=5467&AttendanceDate=25/03/2026&Digest=OUi+2WJeMXTpW7Q0zDLsDA",6
"BASTI","SALTAUA GOPAL PUR","BHITEHRA PACHANU","3153007092/AV/958486255824184613","5394","https://mnregaweb4.nic.in/nregaarch/View_NMMS_atten_date_dtl_rpt.aspx?page=&short_name=UP&state_name=UTTAR%20PRADESH&state_code=31&district_name=BASTI&district_code=3153&block_name=SALTAUA%20GOPAL%20PUR&block_code=3153007&panchayat_name=BHITEHRA%20PACHANU&panchayat_code=3153007092&fin_year=2025-2026&source=&work_code=3153007092/AV/958486255824184613&msr_no=5394&AttendanceDate=25/03/2026&Digest=6Yv1xC2e+Jp2NFovQfkfwg",2
"BASTI","SALTAUA GOPAL PUR","PACHANU","3153007094/WH/958486255824008455","5366","https://mnregaweb4.nic.in/nregaarch/View_NMMS_atten_date_dtl_rpt.aspx?page=&short_name=UP&state_name=UTTAR%20PRADESH&state_code=31&district_name=BASTI&district_code=3153&block_name=SALTAUA%20GOPAL%20PUR&block_code=3153007&panchayat_name=PACHANU&panchayat_code=3153007094&fin_year=2025-2026&source=&work_code=3153007094/WH/958486255824008455&msr_no=5366&AttendanceDate=25/03/2026&Digest=Nz0f9ltKlRr24SQj9riyjQ",6
"BASTI","SALTAUA GOPAL PUR","PACHANU","3153007094/WH/958486255824011047","5368","https://mnregaweb4.nic.in/nregaarch/View_NMMS_atten_date_dtl_rpt.aspx?page=&short_name=UP&state_name=UTTAR%20PRADESH&state_code=31&district_name=BASTI&district_code=3153&block_name=SALTAUA%20GOPAL%20PUR&block_code=3153007&panchayat_name=PACHANU&panchayat_code=3153007094&fin_year=2025-2026&source=&work_code=3153007094/WH/958486255824011047&msr_no=5368&AttendanceDate=25/03/2026&Digest=4Fz9ae6lE7jQS0o0/K+CnQ",7
"BASTI","SAU GHAT","BATELA","3153009008/RC/958486255823741425","3408","https://mnregaweb4.nic.in/nregaarch/View_NMMS_atten_date_dtl_rpt.aspx?page=&short_name=UP&state_name=UTTAR%20PRADESH&state_code=31&district_name=BASTI&district_code=3153&block_name=SAU%20GHAT&block_code=3153009&panchayat_name=BATELA&panchayat_code=3153009008&fin_year=2025-2026&source=&work_code=3153009008/RC/958486255823741425&msr_no=3408&AttendanceDate=25/03/2026&Digest=fOj+qerqVrUJFq3Mw4jBkQ",3
"BASTI","VIKRAM JOT","ATRAURA JHAM","3153004004/RC/958486255823725246","5847","https://mnregaweb4.nic.in/nregaarch/View_NMMS_atten_date_dtl_rpt.aspx?page=&short_name=UP&state_name=UTTAR%20PRADESH&state_code=31&district_name=BASTI&district_code=3153&block_name=VIKRAM%20JOT&block_code=3153004&panchayat_name=ATRAURA%20JHAM&panchayat_code=3153004004&fin_year=2025-2026&source=&work_code=3153004004/RC/958486255823725246&msr_no=5847&AttendanceDate=25/03/2026&Digest=uuKvcuUkyaTdijttLzeDMw",6
"BASTI","VIKRAM JOT","ATRAURA JHAM","3153004004/RC/958486255823725256","5848","https://mnregaweb4.nic.in/nregaarch/View_NMMS_atten_date_dtl_rpt.aspx?page=&short_name=UP&state_name=UTTAR%20PRADESH&state_code=31&district_name=BASTI&district_code=3153&block_name=VIKRAM%20JOT&block_code=3153004&panchayat_name=ATRAURA%20JHAM&panchayat_code=3153004004&fin_year=2025-2026&source=&work_code=3153004004/RC/958486255823725256&msr_no=5848&AttendanceDate=25/03/2026&Digest=9nZOjhU7GKD0Kv7bC3VoQg",8
"BASTI","VIKRAM JOT","AURANGABAD","3153004005/LD/958486255824919627","5798","https://mnregaweb4.nic.in/nregaarch/View_NMMS_atten_date_dtl_rpt.aspx?page=&short_name=UP&state_name=UTTAR%20PRADESH&state_code=31&district_name=BASTI&district_code=3153&block_name=VIKRAM%20JOT&block_code=3153004&panchayat_name=AURANGABAD&panchayat_code=3153004005&fin_year=2025-2026&source=&work_code=3153004005/LD/958486255824919627&msr_no=5798&AttendanceDate=25/03/2026&Digest=h3JR0yV3IH8gxnYoP4nigg",8
"BASTI","VIKRAM JOT","KHATAMSARAY","3153004034/LD/958486255825003166","5816","https://mnregaweb4.nic.in/nregaarch/View_NMMS_atten_date_dtl_rpt.aspx?page=&short_name=UP&state_name=UTTAR%20PRADESH&state_code=31&district_name=BASTI&district_code=3153&block_name=VIKRAM%20JOT&block_code=3153004&panchayat_name=KHATAMSARAY&panchayat_code=3153004034&fin_year=2025-2026&source=&work_code=3153004034/LD/958486255825003166&msr_no=5816&AttendanceDate=25/03/2026&Digest=uYN+/GSiTnasMzXdwOk+fg",10
"BASTI","VIKRAM JOT","KHATAMSARAY","3153004034/LD/958486255825003179","5785","https://mnregaweb4.nic.in/nregaarch/View_NMMS_atten_date_dtl_rpt.aspx?page=&short_name=UP&state_name=UTTAR%20PRADESH&state_code=31&district_name=BASTI&district_code=3153&block_name=VIKRAM%20JOT&block_code=3153004&panchayat_name=KHATAMSARAY&panchayat_code=3153004034&fin_year=2025-2026&source=&work_code=3153004034/LD/958486255825003179&msr_no=5785&AttendanceDate=25/03/2026&Digest=k2c/J2+F3x3c0GdRiRbjjg",10
"BASTI","VIKRAM JOT","MALHNI","3153004042/WH/958486255823260020","5866","https://mnregaweb4.nic.in/nregaarch/View_NMMS_atten_date_dtl_rpt.aspx?page=&short_name=UP&state_name=UTTAR%20PRADESH&state_code=31&district_name=BASTI&district_code=3153&block_name=VIKRAM%20JOT&block_code=3153004&panchayat_name=MALHNI&panchayat_code=3153004042&fin_year=2025-2026&source=&work_code=3153004042/WH/958486255823260020&msr_no=5866&AttendanceDate=25/03/2026&Digest=pMQ4oIDVz/1VprqcssDRjQ",7
"BASTI","VIKRAM JOT","EKMA HIRANIYA","3153004043/WC/958486255824231525","5862","https://mnregaweb4.nic.in/nregaarch/View_NMMS_atten_date_dtl_rpt.aspx?page=&short_name=UP&state_name=UTTAR%20PRADESH&state_code=31&district_name=BASTI&district_code=3153&block_name=VIKRAM%20JOT&block_code=3153004&panchayat_name=EKMA%20HIRANIYA&panchayat_code=3153004043&fin_year=2025-2026&source=&work_code=3153004043/WC/958486255824231525&msr_no=5862&AttendanceDate=25/03/2026&Digest=5FichbFGccKhrcQj3D5O+g",8
"BASTI","VIKRAM JOT","PURE CHETAN","3153004053/RC/958486255823731821","5900","https://mnregaweb4.nic.in/nregaarch/View_NMMS_atten_date_dtl_rpt.aspx?page=&short_name=UP&state_name=UTTAR%20PRADESH&state_code=31&district_name=BASTI&district_code=3153&block_name=VIKRAM%20JOT&block_code=3153004&panchayat_name=PURE%20CHETAN&panchayat_code=3153004053&fin_year=2025-2026&source=&work_code=3153004053/RC/958486255823731821&msr_no=5900&AttendanceDate=25/03/2026&Digest=m0wtgnAnif+R5jYfxhNebA",10
"BASTI","VIKRAM JOT","TURSI","3153004068/LD/YD/958486255825007925","5931","https://mnregaweb4.nic.in/nregaarch/View_NMMS_atten_date_dtl_rpt.aspx?page=&short_name=UP&state_name=UTTAR%20PRADESH&state_code=31&district_name=BASTI&district_code=3153&block_name=VIKRAM%20JOT&block_code=3153004&panchayat_name=TURSI&panchayat_code=3153004068&fin_year=2025-2026&source=&work_code=3153004068/LD/YD/958486255825007925&msr_no=5931&AttendanceDate=25/03/2026&Digest=irYBDupNsG2qW5x9XvTsSw",1
"BASTI","VIKRAM JOT","NETWARPATTI","3153004078/LD/958486255824967920","5777","https://mnregaweb4.nic.in/nregaarch/View_NMMS_atten_date_dtl_rpt.aspx?page=&short_name=UP&state_name=UTTAR%20PRADESH&state_code=31&district_name=BASTI&district_code=3153&block_name=VIKRAM%20JOT&block_code=3153004&panchayat_name=NETWARPATTI&panchayat_code=3153004078&fin_year=2025-2026&source=&work_code=3153004078/LD/958486255824967920&msr_no=5777&AttendanceDate=25/03/2026&Digest=vfCRYAplM4ZxuhS6AzLh5Q",8
