"District","Block","Panchayat","Work_Code","Mustroll_No","Mustroll_Link","Persondays"
"BASTI","BAHADURPUR","BENIPUR","3153012009/RC/958486255823584823","9742","https://mnregaweb4.nic.in/nregaarch/View_NMMS_atten_date_dtl_rpt.aspx?page=&short_name=UP&state_name=UTTAR%20PRADESH&state_code=31&district_name=BASTI&district_code=3153&block_name=BAHADURPUR&block_code=3153012&panchayat_name=BENIPUR&panchayat_code=3153012009&fin_year=2025-2026&source=&work_code=3153012009/RC/958486255823584823&msr_no=9742&AttendanceDate=27/03/2026&Digest=xdsqVmCZI/9MxU0QZfHZmg",9
"BASTI","BAHADURPUR","BHELWAL","3153012010/RC/958486255823596094","9760","https://mnregaweb4.nic.in/nregaarch/View_NMMS_atten_date_dtl_rpt.aspx?page=&short_name=UP&state_name=UTTAR%20PRADESH&state_code=31&district_name=BASTI&district_code=3153&block_name=BAHADURPUR&block_code=3153012&panchayat_name=BHELWAL&panchayat_code=3153012010&fin_year=2025-2026&source=&work_code=3153012010/RC/958486255823596094&msr_no=9760&AttendanceDate=27/03/2026&Digest=SYQeJqLypPBoAGwUvYbQuA",5
"BASTI","BAHADURPUR","BHELWAL","3153012010/RC/958486255823725475","9895","https://mnregaweb4.nic.in/nregaarch/View_NMMS_atten_date_dtl_rpt.aspx?page=&short_name=UP&state_name=UTTAR%20PRADESH&state_code=31&district_name=BASTI&district_code=3153&block_name=BAHADURPUR&block_code=3153012&panchayat_name=BHELWAL&panchayat_code=3153012010&fin_year=2025-2026&source=&work_code=3153012010/RC/958486255823725475&msr_no=9895&AttendanceDate=27/03/2026&Digest=eFfNKgr5csOyF/Z6xZqD7Q",8
"BASTI","BAHADURPUR","DEV DEEHA","3153012019/RC/958486255823733300","9808","https://mnregaweb4.nic.in/nregaarch/View_NMMS_atten_date_dtl_rpt.aspx?page=&short_name=UP&state_name=UTTAR%20PRADESH&state_code=31&district_name=BASTI&district_code=3153&block_name=BAHADURPUR&block_code=3153012&panchayat_name=DEV%20DEEHA&panchayat_code=3153012019&fin_year=2025-2026&source=&work_code=3153012019/RC/958486255823733300&msr_no=9808&AttendanceDate=27/03/2026&Digest=l4IaVPndIULoBl0Ph6/Jfw",8
"BASTI","BAHADURPUR","DEV DEEHA","3153012019/RC/958486255823744198","9802","https://mnregaweb4.nic.in/nregaarch/View_NMMS_atten_date_dtl_rpt.aspx?page=&short_name=UP&state_name=UTTAR%20PRADESH&state_code=31&district_name=BASTI&district_code=3153&block_name=BAHADURPUR&block_code=3153012&panchayat_name=DEV%20DEEHA&panchayat_code=3153012019&fin_year=2025-2026&source=&work_code=3153012019/RC/958486255823744198&msr_no=9802&AttendanceDate=27/03/2026&Digest=cM9DAsowRT3aozbe+FClHA",2
"BASTI","BAHADURPUR","DEV DEEHA","3153012019/RC/958486255823744198","9811","https://mnregaweb4.nic.in/nregaarch/View_NMMS_atten_date_dtl_rpt.aspx?page=&short_name=UP&state_name=UTTAR%20PRADESH&state_code=31&district_name=BASTI&district_code=3153&block_name=BAHADURPUR&block_code=3153012&panchayat_name=DEV%20DEEHA&panchayat_code=3153012019&fin_year=2025-2026&source=&work_code=3153012019/RC/958486255823744198&msr_no=9811&AttendanceDate=27/03/2026&Digest=5AsI3ygCDA4O3wWwwlrW+A",6
"BASTI","BAHADURPUR","KALWARI MUSTAKHAM","3153012030/RC/958486255823585693","9777","https://mnregaweb4.nic.in/nregaarch/View_NMMS_atten_date_dtl_rpt.aspx?page=&short_name=UP&state_name=UTTAR%20PRADESH&state_code=31&district_name=BASTI&district_code=3153&block_name=BAHADURPUR&block_code=3153012&panchayat_name=KALWARI%20MUSTAKHAM&panchayat_code=3153012030&fin_year=2025-2026&source=&work_code=3153012030/RC/958486255823585693&msr_no=9777&AttendanceDate=27/03/2026&Digest=bUZZHT1HRnXo6AAZjVf6Gw",3
"BASTI","BAHADURPUR","KAMRIHA","3153012031/IC/958486255823711085","9784","https://mnregaweb4.nic.in/nregaarch/View_NMMS_atten_date_dtl_rpt.aspx?page=&short_name=UP&state_name=UTTAR%20PRADESH&state_code=31&district_name=BASTI&district_code=3153&block_name=BAHADURPUR&block_code=3153012&panchayat_name=KAMRIHA&panchayat_code=3153012031&fin_year=2025-2026&source=&work_code=3153012031/IC/958486255823711085&msr_no=9784&AttendanceDate=27/03/2026&Digest=XFJxUF8eOmOhrmS5t2FAng",4
"BASTI","BAHADURPUR","NIRANJAN PUR","3153012055/RC/958486255823672554","9879","https://mnregaweb4.nic.in/nregaarch/View_NMMS_atten_date_dtl_rpt.aspx?page=&short_name=UP&state_name=UTTAR%20PRADESH&state_code=31&district_name=BASTI&district_code=3153&block_name=BAHADURPUR&block_code=3153012&panchayat_name=NIRANJAN%20PUR&panchayat_code=3153012055&fin_year=2025-2026&source=&work_code=3153012055/RC/958486255823672554&msr_no=9879&AttendanceDate=27/03/2026&Digest=8F6zNzQ6mUuiGX37FXjK1Q",9
"BASTI","BAHADURPUR","NRAYANPUR","3153012056/RC/958486255823733814","9869","https://mnregaweb4.nic.in/nregaarch/View_NMMS_atten_date_dtl_rpt.aspx?page=&short_name=UP&state_name=UTTAR%20PRADESH&state_code=31&district_name=BASTI&district_code=3153&block_name=BAHADURPUR&block_code=3153012&panchayat_name=NRAYANPUR&panchayat_code=3153012056&fin_year=2025-2026&source=&work_code=3153012056/RC/958486255823733814&msr_no=9869&AttendanceDate=27/03/2026&Digest=HcPJwMJk6r+T9MVrSEJK2Q",1
"BASTI","BAHADURPUR","PAALHA","3153012057/LD/958486255825007535","9676","https://mnregaweb4.nic.in/nregaarch/View_NMMS_atten_date_dtl_rpt.aspx?page=&short_name=UP&state_name=UTTAR%20PRADESH&state_code=31&district_name=BASTI&district_code=3153&block_name=BAHADURPUR&block_code=3153012&panchayat_name=PAALHA&panchayat_code=3153012057&fin_year=2025-2026&source=&work_code=3153012057/LD/958486255825007535&msr_no=9676&AttendanceDate=27/03/2026&Digest=pnfL1quvYjpL1jayHHdRGg",4
"BASTI","BAHADURPUR","PAALHA","3153012057/LD/958486255825007541","9762","https://mnregaweb4.nic.in/nregaarch/View_NMMS_atten_date_dtl_rpt.aspx?page=&short_name=UP&state_name=UTTAR%20PRADESH&state_code=31&district_name=BASTI&district_code=3153&block_name=BAHADURPUR&block_code=3153012&panchayat_name=PAALHA&panchayat_code=3153012057&fin_year=2025-2026&source=&work_code=3153012057/LD/958486255825007541&msr_no=9762&AttendanceDate=27/03/2026&Digest=5h/qg3xbfscWZv8QmR1OcA",4
"BASTI","BAHADURPUR","PRATAPPUR","3153012064/RC/958486255823658056","9693","https://mnregaweb4.nic.in/nregaarch/View_NMMS_atten_date_dtl_rpt.aspx?page=&short_name=UP&state_name=UTTAR%20PRADESH&state_code=31&district_name=BASTI&district_code=3153&block_name=BAHADURPUR&block_code=3153012&panchayat_name=PRATAPPUR&panchayat_code=3153012064&fin_year=2025-2026&source=&work_code=3153012064/RC/958486255823658056&msr_no=9693&AttendanceDate=27/03/2026&Digest=QUN450UYEpJpxUc3yvyAxw",4
"BASTI","BAHADURPUR","PRATAPPUR","3153012064/RC/958486255823707627","9696","https://mnregaweb4.nic.in/nregaarch/View_NMMS_atten_date_dtl_rpt.aspx?page=&short_name=UP&state_name=UTTAR%20PRADESH&state_code=31&district_name=BASTI&district_code=3153&block_name=BAHADURPUR&block_code=3153012&panchayat_name=PRATAPPUR&panchayat_code=3153012064&fin_year=2025-2026&source=&work_code=3153012064/RC/958486255823707627&msr_no=9696&AttendanceDate=27/03/2026&Digest=CRl3qJM/dNi6Ug4pHN1uFQ",7
"BASTI","BAHADURPUR","PRATAPPUR","3153012064/RC/958486255823707646","9698","https://mnregaweb4.nic.in/nregaarch/View_NMMS_atten_date_dtl_rpt.aspx?page=&short_name=UP&state_name=UTTAR%20PRADESH&state_code=31&district_name=BASTI&district_code=3153&block_name=BAHADURPUR&block_code=3153012&panchayat_name=PRATAPPUR&panchayat_code=3153012064&fin_year=2025-2026&source=&work_code=3153012064/RC/958486255823707646&msr_no=9698&AttendanceDate=27/03/2026&Digest=Irym3icj3WVeO+y2k1iS4w",8
"BASTI","BAHADURPUR","RAKHAUNA","3153012066/LD/958486255824953181","9787","https://mnregaweb4.nic.in/nregaarch/View_NMMS_atten_date_dtl_rpt.aspx?page=&short_name=UP&state_name=UTTAR%20PRADESH&state_code=31&district_name=BASTI&district_code=3153&block_name=BAHADURPUR&block_code=3153012&panchayat_name=RAKHAUNA&panchayat_code=3153012066&fin_year=2025-2026&source=&work_code=3153012066/LD/958486255824953181&msr_no=9787&AttendanceDate=27/03/2026&Digest=BqBFZGG6/n9hXvEdsOmT1Q",6
"BASTI","BAHADURPUR","SAIFABAD","3153012069/RC/958486255823597406","9679","https://mnregaweb4.nic.in/nregaarch/View_NMMS_atten_date_dtl_rpt.aspx?page=&short_name=UP&state_name=UTTAR%20PRADESH&state_code=31&district_name=BASTI&district_code=3153&block_name=BAHADURPUR&block_code=3153012&panchayat_name=SAIFABAD&panchayat_code=3153012069&fin_year=2025-2026&source=&work_code=3153012069/RC/958486255823597406&msr_no=9679&AttendanceDate=27/03/2026&Digest=d5GKQmpSgagHSj6Fe0pZcQ",4
"BASTI","BAHADURPUR","AMILAHA","3153012092/WH/958486255823998983","9738","https://mnregaweb4.nic.in/nregaarch/View_NMMS_atten_date_dtl_rpt.aspx?page=&short_name=UP&state_name=UTTAR%20PRADESH&state_code=31&district_name=BASTI&district_code=3153&block_name=BAHADURPUR&block_code=3153012&panchayat_name=AMILAHA&panchayat_code=3153012092&fin_year=2025-2026&source=&work_code=3153012092/WH/958486255823998983&msr_no=9738&AttendanceDate=27/03/2026&Digest=/ELlVRomdyYFPTc+tV9hjw",7
"BASTI","BANKATI","BHAWARA","3153011018/IC/958486255823741528","9343","https://mnregaweb4.nic.in/nregaarch/View_NMMS_atten_date_dtl_rpt.aspx?page=&short_name=UP&state_name=UTTAR%20PRADESH&state_code=31&district_name=BASTI&district_code=3153&block_name=BANKATI&block_code=3153011&panchayat_name=BHAWARA&panchayat_code=3153011018&fin_year=2025-2026&source=&work_code=3153011018/IC/958486255823741528&msr_no=9343&AttendanceDate=27/03/2026&Digest=+2c+dUAJ+/vH93NxaF5f9A",9
"BASTI","BANKATI","DEWAMI","3153011027/AV/958486255824164986","9595","https://mnregaweb4.nic.in/nregaarch/View_NMMS_atten_date_dtl_rpt.aspx?page=&short_name=UP&state_name=UTTAR%20PRADESH&state_code=31&district_name=BASTI&district_code=3153&block_name=BANKATI&block_code=3153011&panchayat_name=DEWAMI&panchayat_code=3153011027&fin_year=2025-2026&source=&work_code=3153011027/AV/958486255824164986&msr_no=9595&AttendanceDate=27/03/2026&Digest=H2TW1A3TUlSdPUlKvHAPVA",1
"BASTI","BANKATI","DEWAMI","3153011027/FP/958486255823613996","9294","https://mnregaweb4.nic.in/nregaarch/View_NMMS_atten_date_dtl_rpt.aspx?page=&short_name=UP&state_name=UTTAR%20PRADESH&state_code=31&district_name=BASTI&district_code=3153&block_name=BANKATI&block_code=3153011&panchayat_name=DEWAMI&panchayat_code=3153011027&fin_year=2025-2026&source=&work_code=3153011027/FP/958486255823613996&msr_no=9294&AttendanceDate=27/03/2026&Digest=gTz23BUXWjnhRUUeaSYK1Q",3
"BASTI","BANKATI","GANGORI","3153011035/RC/958486255823750665","9586","https://mnregaweb4.nic.in/nregaarch/View_NMMS_atten_date_dtl_rpt.aspx?page=&short_name=UP&state_name=UTTAR%20PRADESH&state_code=31&district_name=BASTI&district_code=3153&block_name=BANKATI&block_code=3153011&panchayat_name=GANGORI&panchayat_code=3153011035&fin_year=2025-2026&source=&work_code=3153011035/RC/958486255823750665&msr_no=9586&AttendanceDate=27/03/2026&Digest=xTtr6Kp3aWYE7DFpx8qFyw",9
"BASTI","BANKATI","KHAROHA","3153011053/RC/958486255823580852","9759","https://mnregaweb4.nic.in/nregaarch/View_NMMS_atten_date_dtl_rpt.aspx?page=&short_name=UP&state_name=UTTAR%20PRADESH&state_code=31&district_name=BASTI&district_code=3153&block_name=BANKATI&block_code=3153011&panchayat_name=KHAROHA&panchayat_code=3153011053&fin_year=2025-2026&source=&work_code=3153011053/RC/958486255823580852&msr_no=9759&AttendanceDate=27/03/2026&Digest=6IIXru78RcvuTR6Q9KuCpw",10
"BASTI","BANKATI","KHARWANIA","3153011054/FP/958486255823613677","9313","https://mnregaweb4.nic.in/nregaarch/View_NMMS_atten_date_dtl_rpt.aspx?page=&short_name=UP&state_name=UTTAR%20PRADESH&state_code=31&district_name=BASTI&district_code=3153&block_name=BANKATI&block_code=3153011&panchayat_name=KHARWANIA&panchayat_code=3153011054&fin_year=2025-2026&source=&work_code=3153011054/FP/958486255823613677&msr_no=9313&AttendanceDate=27/03/2026&Digest=OBzuDRMAtzpgsiByC1H9vg",10
"BASTI","BANKATI","KHORIA","3153011056/LD/YD/958486255824966387","9306","https://mnregaweb4.nic.in/nregaarch/View_NMMS_atten_date_dtl_rpt.aspx?page=&short_name=UP&state_name=UTTAR%20PRADESH&state_code=31&district_name=BASTI&district_code=3153&block_name=BANKATI&block_code=3153011&panchayat_name=KHORIA&panchayat_code=3153011056&fin_year=2025-2026&source=&work_code=3153011056/LD/YD/958486255824966387&msr_no=9306&AttendanceDate=27/03/2026&Digest=dY94ibyod8VrBztsAJI6zA",8
"BASTI","BANKATI","KHORIA","3153011056/RC/YD/958486255823681583","9450","https://mnregaweb4.nic.in/nregaarch/View_NMMS_atten_date_dtl_rpt.aspx?page=&short_name=UP&state_name=UTTAR%20PRADESH&state_code=31&district_name=BASTI&district_code=3153&block_name=BANKATI&block_code=3153011&panchayat_name=KHORIA&panchayat_code=3153011056&fin_year=2025-2026&source=&work_code=3153011056/RC/YD/958486255823681583&msr_no=9450&AttendanceDate=27/03/2026&Digest=X1+GGF4Mm2Rc/MHZtsyXUQ",10
"BASTI","BANKATI","KURIYAR","3153011060/WC/958486255824235444","9357","https://mnregaweb4.nic.in/nregaarch/View_NMMS_atten_date_dtl_rpt.aspx?page=&short_name=UP&state_name=UTTAR%20PRADESH&state_code=31&district_name=BASTI&district_code=3153&block_name=BANKATI&block_code=3153011&panchayat_name=KURIYAR&panchayat_code=3153011060&fin_year=2025-2026&source=&work_code=3153011060/WC/958486255824235444&msr_no=9357&AttendanceDate=27/03/2026&Digest=nAsCj9oVD59ZjDS1PFuGhA",7
"BASTI","BANKATI","KURIYAR","3153011060/WC/958486255824235444","9360","https://mnregaweb4.nic.in/nregaarch/View_NMMS_atten_date_dtl_rpt.aspx?page=&short_name=UP&state_name=UTTAR%20PRADESH&state_code=31&district_name=BASTI&district_code=3153&block_name=BANKATI&block_code=3153011&panchayat_name=KURIYAR&panchayat_code=3153011060&fin_year=2025-2026&source=&work_code=3153011060/WC/958486255824235444&msr_no=9360&AttendanceDate=27/03/2026&Digest=CSAtHyNA6i/Pq4hm1OCOcw",6
"BASTI","BANKATI","MAKDUMPUR","3153011062/IC/958486255823692433","9419","https://mnregaweb4.nic.in/nregaarch/View_NMMS_atten_date_dtl_rpt.aspx?page=&short_name=UP&state_name=UTTAR%20PRADESH&state_code=31&district_name=BASTI&district_code=3153&block_name=BANKATI&block_code=3153011&panchayat_name=MAKDUMPUR&panchayat_code=3153011062&fin_year=2025-2026&source=&work_code=3153011062/IC/958486255823692433&msr_no=9419&AttendanceDate=27/03/2026&Digest=KXuILpELS7zXZEG2TZcwUw",4
"BASTI","BANKATI","PADIYAPAR","3153011072/RC/958486255823746773","9661","https://mnregaweb4.nic.in/nregaarch/View_NMMS_atten_date_dtl_rpt.aspx?page=&short_name=UP&state_name=UTTAR%20PRADESH&state_code=31&district_name=BASTI&district_code=3153&block_name=BANKATI&block_code=3153011&panchayat_name=PADIYAPAR&panchayat_code=3153011072&fin_year=2025-2026&source=&work_code=3153011072/RC/958486255823746773&msr_no=9661&AttendanceDate=27/03/2026&Digest=EIMqGdkSipW0Dt11Rk/L1g",6
"BASTI","BANKATI","PIPRA SUKRAULI","3153011099/RC/958486255823744508","9757","https://mnregaweb4.nic.in/nregaarch/View_NMMS_atten_date_dtl_rpt.aspx?page=&short_name=UP&state_name=UTTAR%20PRADESH&state_code=31&district_name=BASTI&district_code=3153&block_name=BANKATI&block_code=3153011&panchayat_name=PIPRA%20SUKRAULI&panchayat_code=3153011099&fin_year=2025-2026&source=&work_code=3153011099/RC/958486255823744508&msr_no=9757&AttendanceDate=27/03/2026&Digest=+dpCWWfxMawKy5MHGPAv4Q",7
"BASTI","BANKATI","SISWA PANDEY","3153011101/IC/958486255823741153","9302","https://mnregaweb4.nic.in/nregaarch/View_NMMS_atten_date_dtl_rpt.aspx?page=&short_name=UP&state_name=UTTAR%20PRADESH&state_code=31&district_name=BASTI&district_code=3153&block_name=BANKATI&block_code=3153011&panchayat_name=SISWA%20PANDEY&panchayat_code=3153011101&fin_year=2025-2026&source=&work_code=3153011101/IC/958486255823741153&msr_no=9302&AttendanceDate=27/03/2026&Digest=eftaGRaBkOuTirRamth86g",8
"BASTI","BANKATI","CHITRAKHOR","3153011104/IC/958486255823723379","9621","https://mnregaweb4.nic.in/nregaarch/View_NMMS_atten_date_dtl_rpt.aspx?page=&short_name=UP&state_name=UTTAR%20PRADESH&state_code=31&district_name=BASTI&district_code=3153&block_name=BANKATI&block_code=3153011&panchayat_name=CHITRAKHOR&panchayat_code=3153011104&fin_year=2025-2026&source=&work_code=3153011104/IC/958486255823723379&msr_no=9621&AttendanceDate=27/03/2026&Digest=W1NcqF9DHa2xK8U81nIKkg",6
"BASTI","BANKATI","DUBAULI KHURD","3153011109/IC/958486255823741004","9278","https://mnregaweb4.nic.in/nregaarch/View_NMMS_atten_date_dtl_rpt.aspx?page=&short_name=UP&state_name=UTTAR%20PRADESH&state_code=31&district_name=BASTI&district_code=3153&block_name=BANKATI&block_code=3153011&panchayat_name=DUBAULI%20KHURD&panchayat_code=3153011109&fin_year=2025-2026&source=&work_code=3153011109/IC/958486255823741004&msr_no=9278&AttendanceDate=27/03/2026&Digest=XFDcl5MrencRXE+0dZk7wg",6
"BASTI","BANKATI","DUBAULI KHURD","3153011109/RC/958486255823749300","9396","https://mnregaweb4.nic.in/nregaarch/View_NMMS_atten_date_dtl_rpt.aspx?page=&short_name=UP&state_name=UTTAR%20PRADESH&state_code=31&district_name=BASTI&district_code=3153&block_name=BANKATI&block_code=3153011&panchayat_name=DUBAULI%20KHURD&panchayat_code=3153011109&fin_year=2025-2026&source=&work_code=3153011109/RC/958486255823749300&msr_no=9396&AttendanceDate=27/03/2026&Digest=hG0n4YgJ6+qNF2/B8qtWaw",5
"BASTI","BANKATI","CHOLKHARI","3153011110/AV/958486255824182493","9422","https://mnregaweb4.nic.in/nregaarch/View_NMMS_atten_date_dtl_rpt.aspx?page=&short_name=UP&state_name=UTTAR%20PRADESH&state_code=31&district_name=BASTI&district_code=3153&block_name=BANKATI&block_code=3153011&panchayat_name=CHOLKHARI&panchayat_code=3153011110&fin_year=2025-2026&source=&work_code=3153011110/AV/958486255824182493&msr_no=9422&AttendanceDate=27/03/2026&Digest=Xo7g/rB1xodTRu2i/1wCeg",9
"BASTI","BANKATI","CHOLKHARI","3153011110/AV/958486255824182493","9425","https://mnregaweb4.nic.in/nregaarch/View_NMMS_atten_date_dtl_rpt.aspx?page=&short_name=UP&state_name=UTTAR%20PRADESH&state_code=31&district_name=BASTI&district_code=3153&block_name=BANKATI&block_code=3153011&panchayat_name=CHOLKHARI&panchayat_code=3153011110&fin_year=2025-2026&source=&work_code=3153011110/AV/958486255824182493&msr_no=9425&AttendanceDate=27/03/2026&Digest=TubrHrPgtvJnlKhI0pLRCQ",6
"BASTI","BASTI","SONUPAR","3153010082/RC/958486255823726676","4401","https://mnregaweb4.nic.in/nregaarch/View_NMMS_atten_date_dtl_rpt.aspx?page=&short_name=UP&state_name=UTTAR%20PRADESH&state_code=31&district_name=BASTI&district_code=3153&block_name=BASTI&block_code=3153010&panchayat_name=SONUPAR&panchayat_code=3153010082&fin_year=2025-2026&source=&work_code=3153010082/RC/958486255823726676&msr_no=4401&AttendanceDate=27/03/2026&Digest=HS8bQJ9BfXFN9RyxEZEkHQ",10
"BASTI","DUBAULIYA","PAKRI CHAUHAAN","3153014006/AV/958486255824187517","4310","https://mnregaweb4.nic.in/nregaarch/View_NMMS_atten_date_dtl_rpt.aspx?page=&short_name=UP&state_name=UTTAR%20PRADESH&state_code=31&district_name=BASTI&district_code=3153&block_name=DUBAULIYA&block_code=3153014&panchayat_name=PAKRI%20CHAUHAAN&panchayat_code=3153014006&fin_year=2025-2026&source=&work_code=3153014006/AV/958486255824187517&msr_no=4310&AttendanceDate=27/03/2026&Digest=6hCQgm0xtKUahEymH5/TFQ",4
"BASTI","DUBAULIYA","GULAWARI","3153014014/RC/958486255823749921","4278","https://mnregaweb4.nic.in/nregaarch/View_NMMS_atten_date_dtl_rpt.aspx?page=&short_name=UP&state_name=UTTAR%20PRADESH&state_code=31&district_name=BASTI&district_code=3153&block_name=DUBAULIYA&block_code=3153014&panchayat_name=GULAWARI&panchayat_code=3153014014&fin_year=2025-2026&source=&work_code=3153014014/RC/958486255823749921&msr_no=4278&AttendanceDate=27/03/2026&Digest=gjTiOn4h6Hy+NNiEcGiFOw",7
"BASTI","BAHADURPUR","BAHADURPUR","3153012007/WC/958486255824193195","9863","https://mnregaweb4.nic.in/nregaarch/View_NMMS_atten_date_dtl_rpt.aspx?page=&short_name=UP&state_name=UTTAR%20PRADESH&state_code=31&district_name=BASTI&district_code=3153&block_name=BAHADURPUR&block_code=3153012&panchayat_name=BAHADURPUR&panchayat_code=3153012007&fin_year=2025-2026&source=&work_code=3153012007/WC/958486255824193195&msr_no=9863&AttendanceDate=27/03/2026&Digest=heijouZ9QdOMf/OKVv3cig",9
"BASTI","BAHADURPUR","SONBARSA","3153012014/LD/958486255824933208","9634","https://mnregaweb4.nic.in/nregaarch/View_NMMS_atten_date_dtl_rpt.aspx?page=&short_name=UP&state_name=UTTAR%20PRADESH&state_code=31&district_name=BASTI&district_code=3153&block_name=BAHADURPUR&block_code=3153012&panchayat_name=SONBARSA&panchayat_code=3153012014&fin_year=2025-2026&source=&work_code=3153012014/LD/958486255824933208&msr_no=9634&AttendanceDate=27/03/2026&Digest=dwRl8qTS7jhKcLeG6OStCQ",7
"BASTI","BAHADURPUR","PRATAPPUR","3153012064/RC/958486255823569535","9692","https://mnregaweb4.nic.in/nregaarch/View_NMMS_atten_date_dtl_rpt.aspx?page=&short_name=UP&state_name=UTTAR%20PRADESH&state_code=31&district_name=BASTI&district_code=3153&block_name=BAHADURPUR&block_code=3153012&panchayat_name=PRATAPPUR&panchayat_code=3153012064&fin_year=2025-2026&source=&work_code=3153012064/RC/958486255823569535&msr_no=9692&AttendanceDate=27/03/2026&Digest=cWc1+jMan1hW6M9gFz/7EA",1
"BASTI","BAHADURPUR","PRATAPPUR","3153012064/RC/958486255823731564","9700","https://mnregaweb4.nic.in/nregaarch/View_NMMS_atten_date_dtl_rpt.aspx?page=&short_name=UP&state_name=UTTAR%20PRADESH&state_code=31&district_name=BASTI&district_code=3153&block_name=BAHADURPUR&block_code=3153012&panchayat_name=PRATAPPUR&panchayat_code=3153012064&fin_year=2025-2026&source=&work_code=3153012064/RC/958486255823731564&msr_no=9700&AttendanceDate=27/03/2026&Digest=0jcfkr5fVSqT1MG1TKVlzg",2
"BASTI","BAHADURPUR","SISWARI RAGUBIR SINGH","3153012075/WH/958486255824013258","9663","https://mnregaweb4.nic.in/nregaarch/View_NMMS_atten_date_dtl_rpt.aspx?page=&short_name=UP&state_name=UTTAR%20PRADESH&state_code=31&district_name=BASTI&district_code=3153&block_name=BAHADURPUR&block_code=3153012&panchayat_name=SISWARI%20RAGUBIR%20SINGH&panchayat_code=3153012075&fin_year=2025-2026&source=&work_code=3153012075/WH/958486255824013258&msr_no=9663&AttendanceDate=27/03/2026&Digest=s3wjh8NNIn+hQw6dp2HTNQ",2
"BASTI","BAHADURPUR","VAISNOPUR","3153012079/LD/958486255824966695","9824","https://mnregaweb4.nic.in/nregaarch/View_NMMS_atten_date_dtl_rpt.aspx?page=&short_name=UP&state_name=UTTAR%20PRADESH&state_code=31&district_name=BASTI&district_code=3153&block_name=BAHADURPUR&block_code=3153012&panchayat_name=VAISNOPUR&panchayat_code=3153012079&fin_year=2025-2026&source=&work_code=3153012079/LD/958486255824966695&msr_no=9824&AttendanceDate=27/03/2026&Digest=4ZRRSN9ol2qOnSOUvJOj4Q",8
"BASTI","BAHADURPUR","VAISNOPUR","3153012079/LD/958486255824966695","9827","https://mnregaweb4.nic.in/nregaarch/View_NMMS_atten_date_dtl_rpt.aspx?page=&short_name=UP&state_name=UTTAR%20PRADESH&state_code=31&district_name=BASTI&district_code=3153&block_name=BAHADURPUR&block_code=3153012&panchayat_name=VAISNOPUR&panchayat_code=3153012079&fin_year=2025-2026&source=&work_code=3153012079/LD/958486255824966695&msr_no=9827&AttendanceDate=27/03/2026&Digest=F7tuEu1qEaWLT9iH5Cuxaw",5
"BASTI","BANKATI","BELSUHEE","3153011015/LD/958486255824990626","9501","https://mnregaweb4.nic.in/nregaarch/View_NMMS_atten_date_dtl_rpt.aspx?page=&short_name=UP&state_name=UTTAR%20PRADESH&state_code=31&district_name=BASTI&district_code=3153&block_name=BANKATI&block_code=3153011&panchayat_name=BELSUHEE&panchayat_code=3153011015&fin_year=2025-2026&source=&work_code=3153011015/LD/958486255824990626&msr_no=9501&AttendanceDate=27/03/2026&Digest=1lSC2StxLkqYO/VTgxpk8w",6
"BASTI","BANKATI","BELSUHEE","3153011015/WC/958486255824209577","9495","https://mnregaweb4.nic.in/nregaarch/View_NMMS_atten_date_dtl_rpt.aspx?page=&short_name=UP&state_name=UTTAR%20PRADESH&state_code=31&district_name=BASTI&district_code=3153&block_name=BANKATI&block_code=3153011&panchayat_name=BELSUHEE&panchayat_code=3153011015&fin_year=2025-2026&source=&work_code=3153011015/WC/958486255824209577&msr_no=9495&AttendanceDate=27/03/2026&Digest=n581dEH81hEiaLFERKK0vg",7
"BASTI","BANKATI","BHAWARA","3153011018/RC/958486255823707539","9715","https://mnregaweb4.nic.in/nregaarch/View_NMMS_atten_date_dtl_rpt.aspx?page=&short_name=UP&state_name=UTTAR%20PRADESH&state_code=31&district_name=BASTI&district_code=3153&block_name=BANKATI&block_code=3153011&panchayat_name=BHAWARA&panchayat_code=3153011018&fin_year=2025-2026&source=&work_code=3153011018/RC/958486255823707539&msr_no=9715&AttendanceDate=27/03/2026&Digest=VPYEU5mN1mKQwrqvH8EG0A",5
"BASTI","BANKATI","BHAWARA","3153011018/RC/958486255823707540","9337","https://mnregaweb4.nic.in/nregaarch/View_NMMS_atten_date_dtl_rpt.aspx?page=&short_name=UP&state_name=UTTAR%20PRADESH&state_code=31&district_name=BASTI&district_code=3153&block_name=BANKATI&block_code=3153011&panchayat_name=BHAWARA&panchayat_code=3153011018&fin_year=2025-2026&source=&work_code=3153011018/RC/958486255823707540&msr_no=9337&AttendanceDate=27/03/2026&Digest=/TlrzqXBU/1lk6QpnCIIPA",8
"BASTI","BANKATI","KHARATI","3153011050/RC/958486255823743302","9433","https://mnregaweb4.nic.in/nregaarch/View_NMMS_atten_date_dtl_rpt.aspx?page=&short_name=UP&state_name=UTTAR%20PRADESH&state_code=31&district_name=BASTI&district_code=3153&block_name=BANKATI&block_code=3153011&panchayat_name=KHARATI&panchayat_code=3153011050&fin_year=2025-2026&source=&work_code=3153011050/RC/958486255823743302&msr_no=9433&AttendanceDate=27/03/2026&Digest=9exRooC/NPChQFqClqypow",8
"BASTI","BANKATI","KHORIA","3153011056/IC/YD/958486255823722220","9637","https://mnregaweb4.nic.in/nregaarch/View_NMMS_atten_date_dtl_rpt.aspx?page=&short_name=UP&state_name=UTTAR%20PRADESH&state_code=31&district_name=BASTI&district_code=3153&block_name=BANKATI&block_code=3153011&panchayat_name=KHORIA&panchayat_code=3153011056&fin_year=2025-2026&source=&work_code=3153011056/IC/YD/958486255823722220&msr_no=9637&AttendanceDate=27/03/2026&Digest=J9Mgr9U2GZRY5P0FxBRs3A",9
"BASTI","BANKATI","KHORIA","3153011056/LD/YD/958486255824966393","9245","https://mnregaweb4.nic.in/nregaarch/View_NMMS_atten_date_dtl_rpt.aspx?page=&short_name=UP&state_name=UTTAR%20PRADESH&state_code=31&district_name=BASTI&district_code=3153&block_name=BANKATI&block_code=3153011&panchayat_name=KHORIA&panchayat_code=3153011056&fin_year=2025-2026&source=&work_code=3153011056/LD/YD/958486255824966393&msr_no=9245&AttendanceDate=27/03/2026&Digest=2mvYjkbeBWZJ0yK4Q6LVaQ",7
"BASTI","BANKATI","KHORIA","3153011056/LD/YD/958486255824966393","9248","https://mnregaweb4.nic.in/nregaarch/View_NMMS_atten_date_dtl_rpt.aspx?page=&short_name=UP&state_name=UTTAR%20PRADESH&state_code=31&district_name=BASTI&district_code=3153&block_name=BANKATI&block_code=3153011&panchayat_name=KHORIA&panchayat_code=3153011056&fin_year=2025-2026&source=&work_code=3153011056/LD/YD/958486255824966393&msr_no=9248&AttendanceDate=27/03/2026&Digest=iOqktDNFaIBtx9qF5TBcNg",8
"BASTI","BANKATI","KHORIA","3153011056/LD/YD/958486255824966397","9241","https://mnregaweb4.nic.in/nregaarch/View_NMMS_atten_date_dtl_rpt.aspx?page=&short_name=UP&state_name=UTTAR%20PRADESH&state_code=31&district_name=BASTI&district_code=3153&block_name=BANKATI&block_code=3153011&panchayat_name=KHORIA&panchayat_code=3153011056&fin_year=2025-2026&source=&work_code=3153011056/LD/YD/958486255824966397&msr_no=9241&AttendanceDate=27/03/2026&Digest=soN5On1fCCFS+BWT3GriNQ",4
"BASTI","BANKATI","NAGARA BAUDIHAR","3153011070/RC/958486255823712105","9705","https://mnregaweb4.nic.in/nregaarch/View_NMMS_atten_date_dtl_rpt.aspx?page=&short_name=UP&state_name=UTTAR%20PRADESH&state_code=31&district_name=BASTI&district_code=3153&block_name=BANKATI&block_code=3153011&panchayat_name=NAGARA%20BAUDIHAR&panchayat_code=3153011070&fin_year=2025-2026&source=&work_code=3153011070/RC/958486255823712105&msr_no=9705&AttendanceDate=27/03/2026&Digest=IujAZNhh8Dl06iTDIK+uRQ",8
"BASTI","BANKATI","NAGARA BAUDIHAR","3153011070/RC/958486255823712105","9708","https://mnregaweb4.nic.in/nregaarch/View_NMMS_atten_date_dtl_rpt.aspx?page=&short_name=UP&state_name=UTTAR%20PRADESH&state_code=31&district_name=BASTI&district_code=3153&block_name=BANKATI&block_code=3153011&panchayat_name=NAGARA%20BAUDIHAR&panchayat_code=3153011070&fin_year=2025-2026&source=&work_code=3153011070/RC/958486255823712105&msr_no=9708&AttendanceDate=27/03/2026&Digest=bjxHQeH4ShWM/aPSXI9kvw",2
"BASTI","BANKATI","PADIYAPAR","3153011072/RC/958486255823729438","9666","https://mnregaweb4.nic.in/nregaarch/View_NMMS_atten_date_dtl_rpt.aspx?page=&short_name=UP&state_name=UTTAR%20PRADESH&state_code=31&district_name=BASTI&district_code=3153&block_name=BANKATI&block_code=3153011&panchayat_name=PADIYAPAR&panchayat_code=3153011072&fin_year=2025-2026&source=&work_code=3153011072/RC/958486255823729438&msr_no=9666&AttendanceDate=27/03/2026&Digest=lG116Wz/pWIeFFDCdc5MDg",7
"BASTI","BANKATI","PAGAR KHAS","3153011073/RC/958486255823684325","9373","https://mnregaweb4.nic.in/nregaarch/View_NMMS_atten_date_dtl_rpt.aspx?page=&short_name=UP&state_name=UTTAR%20PRADESH&state_code=31&district_name=BASTI&district_code=3153&block_name=BANKATI&block_code=3153011&panchayat_name=PAGAR%20KHAS&panchayat_code=3153011073&fin_year=2025-2026&source=&work_code=3153011073/RC/958486255823684325&msr_no=9373&AttendanceDate=27/03/2026&Digest=vucb5KF4liw9ULdTkNEOTg",8
"BASTI","BANKATI","SOBHAN PAR","3153011087/LD/958486255824967557","9295","https://mnregaweb4.nic.in/nregaarch/View_NMMS_atten_date_dtl_rpt.aspx?page=&short_name=UP&state_name=UTTAR%20PRADESH&state_code=31&district_name=BASTI&district_code=3153&block_name=BANKATI&block_code=3153011&panchayat_name=SOBHAN%20PAR&panchayat_code=3153011087&fin_year=2025-2026&source=&work_code=3153011087/LD/958486255824967557&msr_no=9295&AttendanceDate=27/03/2026&Digest=l8UWnsKm4bY/eiZpWQUbKg",7
"BASTI","BANKATI","SOBHAN PAR","3153011087/LD/958486255824967557","9298","https://mnregaweb4.nic.in/nregaarch/View_NMMS_atten_date_dtl_rpt.aspx?page=&short_name=UP&state_name=UTTAR%20PRADESH&state_code=31&district_name=BASTI&district_code=3153&block_name=BANKATI&block_code=3153011&panchayat_name=SOBHAN%20PAR&panchayat_code=3153011087&fin_year=2025-2026&source=&work_code=3153011087/LD/958486255824967557&msr_no=9298&AttendanceDate=27/03/2026&Digest=mLlcZz7YCjDOqE8kuQe8rQ",6
"BASTI","BANKATI","SOBHAN PAR","3153011087/RC/958486255823751179","9654","https://mnregaweb4.nic.in/nregaarch/View_NMMS_atten_date_dtl_rpt.aspx?page=&short_name=UP&state_name=UTTAR%20PRADESH&state_code=31&district_name=BASTI&district_code=3153&block_name=BANKATI&block_code=3153011&panchayat_name=SOBHAN%20PAR&panchayat_code=3153011087&fin_year=2025-2026&source=&work_code=3153011087/RC/958486255823751179&msr_no=9654&AttendanceDate=27/03/2026&Digest=iuOfb80/1SlaFjwy5CfsSA",4
"BASTI","BANKATI","SISWA PANDEY","3153011101/IC/958486255823741153","9299","https://mnregaweb4.nic.in/nregaarch/View_NMMS_atten_date_dtl_rpt.aspx?page=&short_name=UP&state_name=UTTAR%20PRADESH&state_code=31&district_name=BASTI&district_code=3153&block_name=BANKATI&block_code=3153011&panchayat_name=SISWA%20PANDEY&panchayat_code=3153011101&fin_year=2025-2026&source=&work_code=3153011101/IC/958486255823741153&msr_no=9299&AttendanceDate=27/03/2026&Digest=f4w8/hClvmOzXd3PoNUOHg",10
"BASTI","BASTI","BELHARA","3153010013/RC/958486255823644833","4439","https://mnregaweb4.nic.in/nregaarch/View_NMMS_atten_date_dtl_rpt.aspx?page=&short_name=UP&state_name=UTTAR%20PRADESH&state_code=31&district_name=BASTI&district_code=3153&block_name=BASTI&block_code=3153010&panchayat_name=BELHARA&panchayat_code=3153010013&fin_year=2025-2026&source=&work_code=3153010013/RC/958486255823644833&msr_no=4439&AttendanceDate=27/03/2026&Digest=yd1hmi7MzM+9GRXBn6eRUw",9
"BASTI","BASTI","JAKHANI","3153010042/RC/958486255823747486","4419","https://mnregaweb4.nic.in/nregaarch/View_NMMS_atten_date_dtl_rpt.aspx?page=&short_name=UP&state_name=UTTAR%20PRADESH&state_code=31&district_name=BASTI&district_code=3153&block_name=BASTI&block_code=3153010&panchayat_name=JAKHANI&panchayat_code=3153010042&fin_year=2025-2026&source=&work_code=3153010042/RC/958486255823747486&msr_no=4419&AttendanceDate=27/03/2026&Digest=6/Wz2Vka1SbOGCpuQd+sxg",1
"BASTI","BASTI","MAHADEV","3153010055/RC/958486255823738687","4440","https://mnregaweb4.nic.in/nregaarch/View_NMMS_atten_date_dtl_rpt.aspx?page=&short_name=UP&state_name=UTTAR%20PRADESH&state_code=31&district_name=BASTI&district_code=3153&block_name=BASTI&block_code=3153010&panchayat_name=MAHADEV&panchayat_code=3153010055&fin_year=2025-2026&source=&work_code=3153010055/RC/958486255823738687&msr_no=4440&AttendanceDate=27/03/2026&Digest=hYLKzXJvbUudlzzrzlN/5A",6
"BASTI","BASTI","SAMASPUR","3153010076/LD/958486255823145793","4431","https://mnregaweb4.nic.in/nregaarch/View_NMMS_atten_date_dtl_rpt.aspx?page=&short_name=UP&state_name=UTTAR%20PRADESH&state_code=31&district_name=BASTI&district_code=3153&block_name=BASTI&block_code=3153010&panchayat_name=SAMASPUR&panchayat_code=3153010076&fin_year=2025-2026&source=&work_code=3153010076/LD/958486255823145793&msr_no=4431&AttendanceDate=27/03/2026&Digest=LQsvBTq2lY+dCnwMp0AYpQ",4
"BASTI","DUBAULIYA","CHAKOHI","3153014008/RC/958486255823699684","4358","https://mnregaweb4.nic.in/nregaarch/View_NMMS_atten_date_dtl_rpt.aspx?page=&short_name=UP&state_name=UTTAR%20PRADESH&state_code=31&district_name=BASTI&district_code=3153&block_name=DUBAULIYA&block_code=3153014&panchayat_name=CHAKOHI&panchayat_code=3153014008&fin_year=2025-2026&source=&work_code=3153014008/RC/958486255823699684&msr_no=4358&AttendanceDate=27/03/2026&Digest=oYKWNYiPYx5zCxh4PhsFpg",9
"BASTI","DUBAULIYA","PURE OARI RAI","3153014023/RC/958486255823749308","4140","https://mnregaweb4.nic.in/nregaarch/View_NMMS_atten_date_dtl_rpt.aspx?page=&short_name=UP&state_name=UTTAR%20PRADESH&state_code=31&district_name=BASTI&district_code=3153&block_name=DUBAULIYA&block_code=3153014&panchayat_name=PURE%20OARI%20RAI&panchayat_code=3153014023&fin_year=2025-2026&source=&work_code=3153014023/RC/958486255823749308&msr_no=4140&AttendanceDate=27/03/2026&Digest=o2rTwK+uhpqj5EOB4163cQ",5
"BASTI","DUBAULIYA","PAYAK PUR","3153014025/RC/958486255823750843","4297","https://mnregaweb4.nic.in/nregaarch/View_NMMS_atten_date_dtl_rpt.aspx?page=&short_name=UP&state_name=UTTAR%20PRADESH&state_code=31&district_name=BASTI&district_code=3153&block_name=DUBAULIYA&block_code=3153014&panchayat_name=PAYAK%20PUR&panchayat_code=3153014025&fin_year=2025-2026&source=&work_code=3153014025/RC/958486255823750843&msr_no=4297&AttendanceDate=27/03/2026&Digest=NKklF5pJrefIiyl3McsY4A",5
"BASTI","DUBAULIYA","BHIURA","3153014026/RC/958486255823732619","4338","https://mnregaweb4.nic.in/nregaarch/View_NMMS_atten_date_dtl_rpt.aspx?page=&short_name=UP&state_name=UTTAR%20PRADESH&state_code=31&district_name=BASTI&district_code=3153&block_name=DUBAULIYA&block_code=3153014&panchayat_name=BHIURA&panchayat_code=3153014026&fin_year=2025-2026&source=&work_code=3153014026/RC/958486255823732619&msr_no=4338&AttendanceDate=27/03/2026&Digest=kXLON+RibFqxFYcha/wBpg",10
"BASTI","DUBAULIYA","DUBAULIYA","3153014029/RC/958486255823749639","4385","https://mnregaweb4.nic.in/nregaarch/View_NMMS_atten_date_dtl_rpt.aspx?page=&short_name=UP&state_name=UTTAR%20PRADESH&state_code=31&district_name=BASTI&district_code=3153&block_name=DUBAULIYA&block_code=3153014&panchayat_name=DUBAULIYA&panchayat_code=3153014029&fin_year=2025-2026&source=&work_code=3153014029/RC/958486255823749639&msr_no=4385&AttendanceDate=27/03/2026&Digest=N1RALPaKqz8230uVPUhRGQ",3
"BASTI","DUBAULIYA","BHAKRAHI","3153014035/RC/958486255823750364","4234","https://mnregaweb4.nic.in/nregaarch/View_NMMS_atten_date_dtl_rpt.aspx?page=&short_name=UP&state_name=UTTAR%20PRADESH&state_code=31&district_name=BASTI&district_code=3153&block_name=DUBAULIYA&block_code=3153014&panchayat_name=BHAKRAHI&panchayat_code=3153014035&fin_year=2025-2026&source=&work_code=3153014035/RC/958486255823750364&msr_no=4234&AttendanceDate=27/03/2026&Digest=26e4Lj/MtgrCCnFQ3R/2xw",8
"BASTI","DUBAULIYA","BHAKRAHI","3153014035/RC/958486255823751006","4238","https://mnregaweb4.nic.in/nregaarch/View_NMMS_atten_date_dtl_rpt.aspx?page=&short_name=UP&state_name=UTTAR%20PRADESH&state_code=31&district_name=BASTI&district_code=3153&block_name=DUBAULIYA&block_code=3153014&panchayat_name=BHAKRAHI&panchayat_code=3153014035&fin_year=2025-2026&source=&work_code=3153014035/RC/958486255823751006&msr_no=4238&AttendanceDate=27/03/2026&Digest=HDJMpcEHCt0JyODT2PonRA",10
"BASTI","DUBAULIYA","BHAKRAHI","3153014035/RC/958486255823751006","4241","https://mnregaweb4.nic.in/nregaarch/View_NMMS_atten_date_dtl_rpt.aspx?page=&short_name=UP&state_name=UTTAR%20PRADESH&state_code=31&district_name=BASTI&district_code=3153&block_name=DUBAULIYA&block_code=3153014&panchayat_name=BHAKRAHI&panchayat_code=3153014035&fin_year=2025-2026&source=&work_code=3153014035/RC/958486255823751006&msr_no=4241&AttendanceDate=27/03/2026&Digest=VQoyKzrnVLhXt44nWZgCjg",5
"BASTI","DUBAULIYA","BARSAV","3153014055/RC/958486255823751326","4269","https://mnregaweb4.nic.in/nregaarch/View_NMMS_atten_date_dtl_rpt.aspx?page=&short_name=UP&state_name=UTTAR%20PRADESH&state_code=31&district_name=BASTI&district_code=3153&block_name=DUBAULIYA&block_code=3153014&panchayat_name=BARSAV&panchayat_code=3153014055&fin_year=2025-2026&source=&work_code=3153014055/RC/958486255823751326&msr_no=4269&AttendanceDate=27/03/2026&Digest=++Rxx7yGZDr3J5BlYXGcdA",8
"BASTI","DUBAULIYA","HARIPAL PUR","3153014060/RC/958486255823749903","4267","https://mnregaweb4.nic.in/nregaarch/View_NMMS_atten_date_dtl_rpt.aspx?page=&short_name=UP&state_name=UTTAR%20PRADESH&state_code=31&district_name=BASTI&district_code=3153&block_name=DUBAULIYA&block_code=3153014&panchayat_name=HARIPAL%20PUR&panchayat_code=3153014060&fin_year=2025-2026&source=&work_code=3153014060/RC/958486255823749903&msr_no=4267&AttendanceDate=27/03/2026&Digest=2/ohw0hlQ9OoKLzurFEg2Q",6
"BASTI","GAUR","BABHANGAVA KHURD","3153002014/RC/958486255823686891","6453","https://mnregaweb4.nic.in/nregaarch/View_NMMS_atten_date_dtl_rpt.aspx?page=&short_name=UP&state_name=UTTAR%20PRADESH&state_code=31&district_name=BASTI&district_code=3153&block_name=GAUR&block_code=3153002&panchayat_name=BABHANGAVA%20KHURD&panchayat_code=3153002014&fin_year=2025-2026&source=&work_code=3153002014/RC/958486255823686891&msr_no=6453&AttendanceDate=27/03/2026&Digest=mTj8bFbFm7QK5Zg0BY3KxQ",8
"BASTI","GAUR","DUHAWA","3153002038/LD/958486255824947013","6325","https://mnregaweb4.nic.in/nregaarch/View_NMMS_atten_date_dtl_rpt.aspx?page=&short_name=UP&state_name=UTTAR%20PRADESH&state_code=31&district_name=BASTI&district_code=3153&block_name=GAUR&block_code=3153002&panchayat_name=DUHAWA&panchayat_code=3153002038&fin_year=2025-2026&source=&work_code=3153002038/LD/958486255824947013&msr_no=6325&AttendanceDate=27/03/2026&Digest=WwpX7JiRvm/j+7WixzasRg",10
"BASTI","BAHADURPUR","BHERIHA","3153012011/LD/958486255824954107","9710","https://mnregaweb4.nic.in/nregaarch/View_NMMS_atten_date_dtl_rpt.aspx?page=&short_name=UP&state_name=UTTAR%20PRADESH&state_code=31&district_name=BASTI&district_code=3153&block_name=BAHADURPUR&block_code=3153012&panchayat_name=BHERIHA&panchayat_code=3153012011&fin_year=2025-2026&source=&work_code=3153012011/LD/958486255824954107&msr_no=9710&AttendanceDate=27/03/2026&Digest=4G+hLWyQQOBalI+kVxJTPQ",10
"BASTI","BAHADURPUR","SONBARSA","3153012014/LD/958486255824933208","9633","https://mnregaweb4.nic.in/nregaarch/View_NMMS_atten_date_dtl_rpt.aspx?page=&short_name=UP&state_name=UTTAR%20PRADESH&state_code=31&district_name=BASTI&district_code=3153&block_name=BAHADURPUR&block_code=3153012&panchayat_name=SONBARSA&panchayat_code=3153012014&fin_year=2025-2026&source=&work_code=3153012014/LD/958486255824933208&msr_no=9633&AttendanceDate=27/03/2026&Digest=GRhPkhSb3CL0UfhMf8HLsw",9
"BASTI","BAHADURPUR","SONBARSA","3153012014/LD/958486255824933208","9636","https://mnregaweb4.nic.in/nregaarch/View_NMMS_atten_date_dtl_rpt.aspx?page=&short_name=UP&state_name=UTTAR%20PRADESH&state_code=31&district_name=BASTI&district_code=3153&block_name=BAHADURPUR&block_code=3153012&panchayat_name=SONBARSA&panchayat_code=3153012014&fin_year=2025-2026&source=&work_code=3153012014/LD/958486255824933208&msr_no=9636&AttendanceDate=27/03/2026&Digest=yspNiuVCp8CwN/07lRMjOQ",7
"BASTI","BAHADURPUR","DEV DEEHA","3153012019/LD/958486255824951552","9701","https://mnregaweb4.nic.in/nregaarch/View_NMMS_atten_date_dtl_rpt.aspx?page=&short_name=UP&state_name=UTTAR%20PRADESH&state_code=31&district_name=BASTI&district_code=3153&block_name=BAHADURPUR&block_code=3153012&panchayat_name=DEV%20DEEHA&panchayat_code=3153012019&fin_year=2025-2026&source=&work_code=3153012019/LD/958486255824951552&msr_no=9701&AttendanceDate=27/03/2026&Digest=tG7aR+p+9t000zH9fE7wwQ",9
"BASTI","BAHADURPUR","DEV DEEHA","3153012019/LD/958486255824951552","9704","https://mnregaweb4.nic.in/nregaarch/View_NMMS_atten_date_dtl_rpt.aspx?page=&short_name=UP&state_name=UTTAR%20PRADESH&state_code=31&district_name=BASTI&district_code=3153&block_name=BAHADURPUR&block_code=3153012&panchayat_name=DEV%20DEEHA&panchayat_code=3153012019&fin_year=2025-2026&source=&work_code=3153012019/LD/958486255824951552&msr_no=9704&AttendanceDate=27/03/2026&Digest=nvURUPNvyLitFSnWaun14Q",9
"BASTI","BAHADURPUR","DEV DEEHA","3153012019/RC/958486255823667987","9801","https://mnregaweb4.nic.in/nregaarch/View_NMMS_atten_date_dtl_rpt.aspx?page=&short_name=UP&state_name=UTTAR%20PRADESH&state_code=31&district_name=BASTI&district_code=3153&block_name=BAHADURPUR&block_code=3153012&panchayat_name=DEV%20DEEHA&panchayat_code=3153012019&fin_year=2025-2026&source=&work_code=3153012019/RC/958486255823667987&msr_no=9801&AttendanceDate=27/03/2026&Digest=3tzmi+uA87uVuNFOgqQKqg",1
"BASTI","BAHADURPUR","KALWARI MUSTAKHAM","3153012030/RC/958486255823689961","9771","https://mnregaweb4.nic.in/nregaarch/View_NMMS_atten_date_dtl_rpt.aspx?page=&short_name=UP&state_name=UTTAR%20PRADESH&state_code=31&district_name=BASTI&district_code=3153&block_name=BAHADURPUR&block_code=3153012&panchayat_name=KALWARI%20MUSTAKHAM&panchayat_code=3153012030&fin_year=2025-2026&source=&work_code=3153012030/RC/958486255823689961&msr_no=9771&AttendanceDate=27/03/2026&Digest=UBcX2ryg52ztaecMbFN8ZA",5
"BASTI","BAHADURPUR","KANHAULI","3153012033/LD/958486255824834898","9713","https://mnregaweb4.nic.in/nregaarch/View_NMMS_atten_date_dtl_rpt.aspx?page=&short_name=UP&state_name=UTTAR%20PRADESH&state_code=31&district_name=BASTI&district_code=3153&block_name=BAHADURPUR&block_code=3153012&panchayat_name=KANHAULI&panchayat_code=3153012033&fin_year=2025-2026&source=&work_code=3153012033/LD/958486255824834898&msr_no=9713&AttendanceDate=27/03/2026&Digest=Ad8R4ilN0d+h2n9u9JN4aA",10
"BASTI","BAHADURPUR","KUTHAPTTI PRITHI","3153012044/RC/958486255823657907","9874","https://mnregaweb4.nic.in/nregaarch/View_NMMS_atten_date_dtl_rpt.aspx?page=&short_name=UP&state_name=UTTAR%20PRADESH&state_code=31&district_name=BASTI&district_code=3153&block_name=BAHADURPUR&block_code=3153012&panchayat_name=KUTHAPTTI%20PRITHI&panchayat_code=3153012044&fin_year=2025-2026&source=&work_code=3153012044/RC/958486255823657907&msr_no=9874&AttendanceDate=27/03/2026&Digest=8gktyaIr4AIDQVyA7na10A",5
"BASTI","BAHADURPUR","NIRANJAN PUR","3153012055/RC/958486255823672554","9878","https://mnregaweb4.nic.in/nregaarch/View_NMMS_atten_date_dtl_rpt.aspx?page=&short_name=UP&state_name=UTTAR%20PRADESH&state_code=31&district_name=BASTI&district_code=3153&block_name=BAHADURPUR&block_code=3153012&panchayat_name=NIRANJAN%20PUR&panchayat_code=3153012055&fin_year=2025-2026&source=&work_code=3153012055/RC/958486255823672554&msr_no=9878&AttendanceDate=27/03/2026&Digest=A5VtTxEy8T97U2qrFAZrPQ",8
"BASTI","BAHADURPUR","PRATAPPUR","3153012064/DP/958486255823394822","9893","https://mnregaweb4.nic.in/nregaarch/View_NMMS_atten_date_dtl_rpt.aspx?page=&short_name=UP&state_name=UTTAR%20PRADESH&state_code=31&district_name=BASTI&district_code=3153&block_name=BAHADURPUR&block_code=3153012&panchayat_name=PRATAPPUR&panchayat_code=3153012064&fin_year=2025-2026&source=&work_code=3153012064/DP/958486255823394822&msr_no=9893&AttendanceDate=27/03/2026&Digest=HFKD2GrG9Ug7dEM2CcpEvw",5
"BASTI","BAHADURPUR","PRATAPPUR","3153012064/RC/958486255823707626","9695","https://mnregaweb4.nic.in/nregaarch/View_NMMS_atten_date_dtl_rpt.aspx?page=&short_name=UP&state_name=UTTAR%20PRADESH&state_code=31&district_name=BASTI&district_code=3153&block_name=BAHADURPUR&block_code=3153012&panchayat_name=PRATAPPUR&panchayat_code=3153012064&fin_year=2025-2026&source=&work_code=3153012064/RC/958486255823707626&msr_no=9695&AttendanceDate=27/03/2026&Digest=nAuMHAB3QY4cX4ifKZ3BIw",3
"BASTI","BAHADURPUR","PRATAPPUR","3153012064/RC/958486255823707646","9699","https://mnregaweb4.nic.in/nregaarch/View_NMMS_atten_date_dtl_rpt.aspx?page=&short_name=UP&state_name=UTTAR%20PRADESH&state_code=31&district_name=BASTI&district_code=3153&block_name=BAHADURPUR&block_code=3153012&panchayat_name=PRATAPPUR&panchayat_code=3153012064&fin_year=2025-2026&source=&work_code=3153012064/RC/958486255823707646&msr_no=9699&AttendanceDate=27/03/2026&Digest=y5WLP74M2UEK0wSGk1LNjw",3
"BASTI","BAHADURPUR","SISWARI RAGUBIR SINGH","3153012075/WH/958486255824013258","9662","https://mnregaweb4.nic.in/nregaarch/View_NMMS_atten_date_dtl_rpt.aspx?page=&short_name=UP&state_name=UTTAR%20PRADESH&state_code=31&district_name=BASTI&district_code=3153&block_name=BAHADURPUR&block_code=3153012&panchayat_name=SISWARI%20RAGUBIR%20SINGH&panchayat_code=3153012075&fin_year=2025-2026&source=&work_code=3153012075/WH/958486255824013258&msr_no=9662&AttendanceDate=27/03/2026&Digest=d4QBHFr07EU5G1ZCE1anDA",3
"BASTI","BANKATI","AHIRAULI","3153011001/LD/958486255824929272","9465","https://mnregaweb4.nic.in/nregaarch/View_NMMS_atten_date_dtl_rpt.aspx?page=&short_name=UP&state_name=UTTAR%20PRADESH&state_code=31&district_name=BASTI&district_code=3153&block_name=BANKATI&block_code=3153011&panchayat_name=AHIRAULI&panchayat_code=3153011001&fin_year=2025-2026&source=&work_code=3153011001/LD/958486255824929272&msr_no=9465&AttendanceDate=27/03/2026&Digest=m4iOgYdsQ0ruNh8Jc1mkig",10
"BASTI","BANKATI","AHIRAULI","3153011001/LD/958486255824929272","9468","https://mnregaweb4.nic.in/nregaarch/View_NMMS_atten_date_dtl_rpt.aspx?page=&short_name=UP&state_name=UTTAR%20PRADESH&state_code=31&district_name=BASTI&district_code=3153&block_name=BANKATI&block_code=3153011&panchayat_name=AHIRAULI&panchayat_code=3153011001&fin_year=2025-2026&source=&work_code=3153011001/LD/958486255824929272&msr_no=9468&AttendanceDate=27/03/2026&Digest=ExtVNZtQMm8KbMFKhHIr1g",10
"BASTI","BANKATI","BELSUHEE","3153011015/LD/958486255824990622","9505","https://mnregaweb4.nic.in/nregaarch/View_NMMS_atten_date_dtl_rpt.aspx?page=&short_name=UP&state_name=UTTAR%20PRADESH&state_code=31&district_name=BASTI&district_code=3153&block_name=BANKATI&block_code=3153011&panchayat_name=BELSUHEE&panchayat_code=3153011015&fin_year=2025-2026&source=&work_code=3153011015/LD/958486255824990622&msr_no=9505&AttendanceDate=27/03/2026&Digest=eEKy4hfsiNr3iJgGYwy2/g",9
"BASTI","BANKATI","BHAWARA","3153011018/RC/958486255823615558","9354","https://mnregaweb4.nic.in/nregaarch/View_NMMS_atten_date_dtl_rpt.aspx?page=&short_name=UP&state_name=UTTAR%20PRADESH&state_code=31&district_name=BASTI&district_code=3153&block_name=BANKATI&block_code=3153011&panchayat_name=BHAWARA&panchayat_code=3153011018&fin_year=2025-2026&source=&work_code=3153011018/RC/958486255823615558&msr_no=9354&AttendanceDate=27/03/2026&Digest=2S1Ceo2zzAHIlBx3dz9tGQ",3
"BASTI","BANKATI","HINAUTA","3153011041/IC/958486255823739648","9744","https://mnregaweb4.nic.in/nregaarch/View_NMMS_atten_date_dtl_rpt.aspx?page=&short_name=UP&state_name=UTTAR%20PRADESH&state_code=31&district_name=BASTI&district_code=3153&block_name=BANKATI&block_code=3153011&panchayat_name=HINAUTA&panchayat_code=3153011041&fin_year=2025-2026&source=&work_code=3153011041/IC/958486255823739648&msr_no=9744&AttendanceDate=27/03/2026&Digest=VVOEBE6LIou2YBjtz2jrlg",10
"BASTI","BANKATI","KABARA","3153011044/LD/958486255824938257","9289","https://mnregaweb4.nic.in/nregaarch/View_NMMS_atten_date_dtl_rpt.aspx?page=&short_name=UP&state_name=UTTAR%20PRADESH&state_code=31&district_name=BASTI&district_code=3153&block_name=BANKATI&block_code=3153011&panchayat_name=KABARA&panchayat_code=3153011044&fin_year=2025-2026&source=&work_code=3153011044/LD/958486255824938257&msr_no=9289&AttendanceDate=27/03/2026&Digest=0yI18m+HeXqkmViHULRAiA",5
"BASTI","BANKATI","KHARATI","3153011050/AV/958486255824182731","9217","https://mnregaweb4.nic.in/nregaarch/View_NMMS_atten_date_dtl_rpt.aspx?page=&short_name=UP&state_name=UTTAR%20PRADESH&state_code=31&district_name=BASTI&district_code=3153&block_name=BANKATI&block_code=3153011&panchayat_name=KHARATI&panchayat_code=3153011050&fin_year=2025-2026&source=&work_code=3153011050/AV/958486255824182731&msr_no=9217&AttendanceDate=27/03/2026&Digest=BTkZKPOCjVOAQq54b6c4/Q",2
"BASTI","BANKATI","KHORIA","3153011056/IC/YD/958486255823723324","9606","https://mnregaweb4.nic.in/nregaarch/View_NMMS_atten_date_dtl_rpt.aspx?page=&short_name=UP&state_name=UTTAR%20PRADESH&state_code=31&district_name=BASTI&district_code=3153&block_name=BANKATI&block_code=3153011&panchayat_name=KHORIA&panchayat_code=3153011056&fin_year=2025-2026&source=&work_code=3153011056/IC/YD/958486255823723324&msr_no=9606&AttendanceDate=27/03/2026&Digest=bAJgq6lO/7vz+GQ1Rl+BdA",9
"BASTI","BANKATI","KHORIA","3153011056/IC/YD/958486255823723324","9609","https://mnregaweb4.nic.in/nregaarch/View_NMMS_atten_date_dtl_rpt.aspx?page=&short_name=UP&state_name=UTTAR%20PRADESH&state_code=31&district_name=BASTI&district_code=3153&block_name=BANKATI&block_code=3153011&panchayat_name=KHORIA&panchayat_code=3153011056&fin_year=2025-2026&source=&work_code=3153011056/IC/YD/958486255823723324&msr_no=9609&AttendanceDate=27/03/2026&Digest=AraDMH77HUntulqWflbbUw",4
"BASTI","BANKATI","KHORIA","3153011056/LD/YD/958486255824966397","9243","https://mnregaweb4.nic.in/nregaarch/View_NMMS_atten_date_dtl_rpt.aspx?page=&short_name=UP&state_name=UTTAR%20PRADESH&state_code=31&district_name=BASTI&district_code=3153&block_name=BANKATI&block_code=3153011&panchayat_name=KHORIA&panchayat_code=3153011056&fin_year=2025-2026&source=&work_code=3153011056/LD/YD/958486255824966397&msr_no=9243&AttendanceDate=27/03/2026&Digest=MIb38ucVfNOUREXoWf14ZA",9
"BASTI","BANKATI","KHORIA","3153011056/LD/YD/958486255824966411","9239","https://mnregaweb4.nic.in/nregaarch/View_NMMS_atten_date_dtl_rpt.aspx?page=&short_name=UP&state_name=UTTAR%20PRADESH&state_code=31&district_name=BASTI&district_code=3153&block_name=BANKATI&block_code=3153011&panchayat_name=KHORIA&panchayat_code=3153011056&fin_year=2025-2026&source=&work_code=3153011056/LD/YD/958486255824966411&msr_no=9239&AttendanceDate=27/03/2026&Digest=jtrY1vX/PUBTKIbhhsPp9Q",8
"BASTI","BANKATI","KHORIA","3153011056/RC/YD/958486255823745750","9443","https://mnregaweb4.nic.in/nregaarch/View_NMMS_atten_date_dtl_rpt.aspx?page=&short_name=UP&state_name=UTTAR%20PRADESH&state_code=31&district_name=BASTI&district_code=3153&block_name=BANKATI&block_code=3153011&panchayat_name=KHORIA&panchayat_code=3153011056&fin_year=2025-2026&source=&work_code=3153011056/RC/YD/958486255823745750&msr_no=9443&AttendanceDate=27/03/2026&Digest=GUgfN0NmCI+wLahrSYz4TA",8
"BASTI","BANKATI","MAKDUMPUR","3153011062/IC/958486255823692433","9418","https://mnregaweb4.nic.in/nregaarch/View_NMMS_atten_date_dtl_rpt.aspx?page=&short_name=UP&state_name=UTTAR%20PRADESH&state_code=31&district_name=BASTI&district_code=3153&block_name=BANKATI&block_code=3153011&panchayat_name=MAKDUMPUR&panchayat_code=3153011062&fin_year=2025-2026&source=&work_code=3153011062/IC/958486255823692433&msr_no=9418&AttendanceDate=27/03/2026&Digest=Gd8amMusDyCqOGRgpHSPbw",9
"BASTI","BANKATI","PADIYAPAR","3153011072/RC/958486255823746773","9660","https://mnregaweb4.nic.in/nregaarch/View_NMMS_atten_date_dtl_rpt.aspx?page=&short_name=UP&state_name=UTTAR%20PRADESH&state_code=31&district_name=BASTI&district_code=3153&block_name=BANKATI&block_code=3153011&panchayat_name=PADIYAPAR&panchayat_code=3153011072&fin_year=2025-2026&source=&work_code=3153011072/RC/958486255823746773&msr_no=9660&AttendanceDate=27/03/2026&Digest=y+LqPJhQ4FHx+EPP26r6sQ",6
"BASTI","BANKATI","PAGAR KHAS","3153011073/RC/958486255823684325","9374","https://mnregaweb4.nic.in/nregaarch/View_NMMS_atten_date_dtl_rpt.aspx?page=&short_name=UP&state_name=UTTAR%20PRADESH&state_code=31&district_name=BASTI&district_code=3153&block_name=BANKATI&block_code=3153011&panchayat_name=PAGAR%20KHAS&panchayat_code=3153011073&fin_year=2025-2026&source=&work_code=3153011073/RC/958486255823684325&msr_no=9374&AttendanceDate=27/03/2026&Digest=I2ODxEC4Q/RmuU6dgaY1DQ",5
"BASTI","BANKATI","SOBHAN PAR","3153011087/LD/958486255824967557","9296","https://mnregaweb4.nic.in/nregaarch/View_NMMS_atten_date_dtl_rpt.aspx?page=&short_name=UP&state_name=UTTAR%20PRADESH&state_code=31&district_name=BASTI&district_code=3153&block_name=BANKATI&block_code=3153011&panchayat_name=SOBHAN%20PAR&panchayat_code=3153011087&fin_year=2025-2026&source=&work_code=3153011087/LD/958486255824967557&msr_no=9296&AttendanceDate=27/03/2026&Digest=mHjPnLjKdWQs0ydX+Rll7Q",10
"BASTI","BANKATI","MAHTHA","3153011096/IC/958486255823740167","9347","https://mnregaweb4.nic.in/nregaarch/View_NMMS_atten_date_dtl_rpt.aspx?page=&short_name=UP&state_name=UTTAR%20PRADESH&state_code=31&district_name=BASTI&district_code=3153&block_name=BANKATI&block_code=3153011&panchayat_name=MAHTHA&panchayat_code=3153011096&fin_year=2025-2026&source=&work_code=3153011096/IC/958486255823740167&msr_no=9347&AttendanceDate=27/03/2026&Digest=mNMQCLixoYLW0+k6AKZYvg",6
"BASTI","BANKATI","SISWA PANDEY","3153011101/IC/958486255823741153","9301","https://mnregaweb4.nic.in/nregaarch/View_NMMS_atten_date_dtl_rpt.aspx?page=&short_name=UP&state_name=UTTAR%20PRADESH&state_code=31&district_name=BASTI&district_code=3153&block_name=BANKATI&block_code=3153011&panchayat_name=SISWA%20PANDEY&panchayat_code=3153011101&fin_year=2025-2026&source=&work_code=3153011101/IC/958486255823741153&msr_no=9301&AttendanceDate=27/03/2026&Digest=Y2XZU5rEGrJ3ruhwqxPCOw",9
"BASTI","BANKATI","GULAURA","3153011112/RC/958486255823716059","9730","https://mnregaweb4.nic.in/nregaarch/View_NMMS_atten_date_dtl_rpt.aspx?page=&short_name=UP&state_name=UTTAR%20PRADESH&state_code=31&district_name=BASTI&district_code=3153&block_name=BANKATI&block_code=3153011&panchayat_name=GULAURA&panchayat_code=3153011112&fin_year=2025-2026&source=&work_code=3153011112/RC/958486255823716059&msr_no=9730&AttendanceDate=27/03/2026&Digest=ORBYBpgwf22pGd2H9Fyi6Q",10
"BASTI","DUBAULIYA","ASHOK PUR","3153014003/AV/958486255824174592","4342","https://mnregaweb4.nic.in/nregaarch/View_NMMS_atten_date_dtl_rpt.aspx?page=&short_name=UP&state_name=UTTAR%20PRADESH&state_code=31&district_name=BASTI&district_code=3153&block_name=DUBAULIYA&block_code=3153014&panchayat_name=ASHOK%20PUR&panchayat_code=3153014003&fin_year=2025-2026&source=&work_code=3153014003/AV/958486255824174592&msr_no=4342&AttendanceDate=27/03/2026&Digest=YrbOVBgXA2TDcpj/r5Xpfg",4
"BASTI","DUBAULIYA","PAKRI CHAUHAAN","3153014006/AV/958486255824187517","4308","https://mnregaweb4.nic.in/nregaarch/View_NMMS_atten_date_dtl_rpt.aspx?page=&short_name=UP&state_name=UTTAR%20PRADESH&state_code=31&district_name=BASTI&district_code=3153&block_name=DUBAULIYA&block_code=3153014&panchayat_name=PAKRI%20CHAUHAAN&panchayat_code=3153014006&fin_year=2025-2026&source=&work_code=3153014006/AV/958486255824187517&msr_no=4308&AttendanceDate=27/03/2026&Digest=0bVJbIs5/pGUVfpg22eTdA",9
"BASTI","DUBAULIYA","HENGAPUR","3153014012/RC/958486255823752058","4327","https://mnregaweb4.nic.in/nregaarch/View_NMMS_atten_date_dtl_rpt.aspx?page=&short_name=UP&state_name=UTTAR%20PRADESH&state_code=31&district_name=BASTI&district_code=3153&block_name=DUBAULIYA&block_code=3153014&panchayat_name=HENGAPUR&panchayat_code=3153014012&fin_year=2025-2026&source=&work_code=3153014012/RC/958486255823752058&msr_no=4327&AttendanceDate=27/03/2026&Digest=pa/ybyvaM6Hwhob39Rs8Nw",10
"BASTI","DUBAULIYA","GULAWARI","3153014014/RC/958486255823749921","4277","https://mnregaweb4.nic.in/nregaarch/View_NMMS_atten_date_dtl_rpt.aspx?page=&short_name=UP&state_name=UTTAR%20PRADESH&state_code=31&district_name=BASTI&district_code=3153&block_name=DUBAULIYA&block_code=3153014&panchayat_name=GULAWARI&panchayat_code=3153014014&fin_year=2025-2026&source=&work_code=3153014014/RC/958486255823749921&msr_no=4277&AttendanceDate=27/03/2026&Digest=kxlPo+rkmZUpocv1/YOTJw",10
"BASTI","DUBAULIYA","BAIRAGAL","3153014027/RC/958486255823703417","4228","https://mnregaweb4.nic.in/nregaarch/View_NMMS_atten_date_dtl_rpt.aspx?page=&short_name=UP&state_name=UTTAR%20PRADESH&state_code=31&district_name=BASTI&district_code=3153&block_name=DUBAULIYA&block_code=3153014&panchayat_name=BAIRAGAL&panchayat_code=3153014027&fin_year=2025-2026&source=&work_code=3153014027/RC/958486255823703417&msr_no=4228&AttendanceDate=27/03/2026&Digest=iRN80y1HYWq3X5hAqrt4Vg",4
"BASTI","DUBAULIYA","DUBAULIYA","3153014029/RC/958486255823737184","4117","https://mnregaweb4.nic.in/nregaarch/View_NMMS_atten_date_dtl_rpt.aspx?page=&short_name=UP&state_name=UTTAR%20PRADESH&state_code=31&district_name=BASTI&district_code=3153&block_name=DUBAULIYA&block_code=3153014&panchayat_name=DUBAULIYA&panchayat_code=3153014029&fin_year=2025-2026&source=&work_code=3153014029/RC/958486255823737184&msr_no=4117&AttendanceDate=27/03/2026&Digest=fGDEv/DDmqRTAk5V1QNpEQ",6
"BASTI","DUBAULIYA","SARIYA ATIBAL","3153014031/LD/958486255824953898","4138","https://mnregaweb4.nic.in/nregaarch/View_NMMS_atten_date_dtl_rpt.aspx?page=&short_name=UP&state_name=UTTAR%20PRADESH&state_code=31&district_name=BASTI&district_code=3153&block_name=DUBAULIYA&block_code=3153014&panchayat_name=SARIYA%20ATIBAL&panchayat_code=3153014031&fin_year=2025-2026&source=&work_code=3153014031/LD/958486255824953898&msr_no=4138&AttendanceDate=27/03/2026&Digest=RQHP3spYbvcPSlZv0rHSFw",8
"BASTI","BAHADURPUR","BAHADURPUR","3153012007/WH/958486255823987468","9643","https://mnregaweb4.nic.in/nregaarch/View_NMMS_atten_date_dtl_rpt.aspx?page=&short_name=UP&state_name=UTTAR%20PRADESH&state_code=31&district_name=BASTI&district_code=3153&block_name=BAHADURPUR&block_code=3153012&panchayat_name=BAHADURPUR&panchayat_code=3153012007&fin_year=2025-2026&source=&work_code=3153012007/WH/958486255823987468&msr_no=9643&AttendanceDate=27/03/2026&Digest=Hs1k5LAJQMaO9LFJJIIQ/Q",6
"BASTI","BAHADURPUR","DEV DEEHA","3153012019/RC/958486255823667987","9814","https://mnregaweb4.nic.in/nregaarch/View_NMMS_atten_date_dtl_rpt.aspx?page=&short_name=UP&state_name=UTTAR%20PRADESH&state_code=31&district_name=BASTI&district_code=3153&block_name=BAHADURPUR&block_code=3153012&panchayat_name=DEV%20DEEHA&panchayat_code=3153012019&fin_year=2025-2026&source=&work_code=3153012019/RC/958486255823667987&msr_no=9814&AttendanceDate=27/03/2026&Digest=hRMi42a631xcuUqC37y73g",10
"BASTI","BAHADURPUR","DEV DEEHA","3153012019/RC/958486255823667988","9803","https://mnregaweb4.nic.in/nregaarch/View_NMMS_atten_date_dtl_rpt.aspx?page=&short_name=UP&state_name=UTTAR%20PRADESH&state_code=31&district_name=BASTI&district_code=3153&block_name=BAHADURPUR&block_code=3153012&panchayat_name=DEV%20DEEHA&panchayat_code=3153012019&fin_year=2025-2026&source=&work_code=3153012019/RC/958486255823667988&msr_no=9803&AttendanceDate=27/03/2026&Digest=fNaMhjJNTubYOz5CIG1dtg",10
"BASTI","BAHADURPUR","GOVINDPUR (Bahadurpur)","3153012023/RC/958486255823669277","9926","https://mnregaweb4.nic.in/nregaarch/View_NMMS_atten_date_dtl_rpt.aspx?page=&short_name=UP&state_name=UTTAR%20PRADESH&state_code=31&district_name=BASTI&district_code=3153&block_name=BAHADURPUR&block_code=3153012&panchayat_name=GOVINDPUR%20%20(Bahadurpur)&panchayat_code=3153012023&fin_year=2025-2026&source=&work_code=3153012023/RC/958486255823669277&msr_no=9926&AttendanceDate=27/03/2026&Digest=C1ySwgk82oC+oNgp6FdCeg",4
"BASTI","BAHADURPUR","JALALPUR","3153012026/RC/958486255823695170","9705","https://mnregaweb4.nic.in/nregaarch/View_NMMS_atten_date_dtl_rpt.aspx?page=&short_name=UP&state_name=UTTAR%20PRADESH&state_code=31&district_name=BASTI&district_code=3153&block_name=BAHADURPUR&block_code=3153012&panchayat_name=JALALPUR&panchayat_code=3153012026&fin_year=2025-2026&source=&work_code=3153012026/RC/958486255823695170&msr_no=9705&AttendanceDate=27/03/2026&Digest=rMmk4mLo4dBX2pYTwBIrDg",8
"BASTI","BAHADURPUR","KAMRIHA","3153012031/IC/958486255823711085","9782","https://mnregaweb4.nic.in/nregaarch/View_NMMS_atten_date_dtl_rpt.aspx?page=&short_name=UP&state_name=UTTAR%20PRADESH&state_code=31&district_name=BASTI&district_code=3153&block_name=BAHADURPUR&block_code=3153012&panchayat_name=KAMRIHA&panchayat_code=3153012031&fin_year=2025-2026&source=&work_code=3153012031/IC/958486255823711085&msr_no=9782&AttendanceDate=27/03/2026&Digest=/zjlSoWkxgNPGzMlO17Gtg",4
"BASTI","BAHADURPUR","NIRANJAN PUR","3153012055/RC/958486255823743353","9637","https://mnregaweb4.nic.in/nregaarch/View_NMMS_atten_date_dtl_rpt.aspx?page=&short_name=UP&state_name=UTTAR%20PRADESH&state_code=31&district_name=BASTI&district_code=3153&block_name=BAHADURPUR&block_code=3153012&panchayat_name=NIRANJAN%20PUR&panchayat_code=3153012055&fin_year=2025-2026&source=&work_code=3153012055/RC/958486255823743353&msr_no=9637&AttendanceDate=27/03/2026&Digest=H5uX2+z4f9OnPXWb7eNcKA",5
"BASTI","BAHADURPUR","NRAYANPUR","3153012056/RC/958486255823733814","9868","https://mnregaweb4.nic.in/nregaarch/View_NMMS_atten_date_dtl_rpt.aspx?page=&short_name=UP&state_name=UTTAR%20PRADESH&state_code=31&district_name=BASTI&district_code=3153&block_name=BAHADURPUR&block_code=3153012&panchayat_name=NRAYANPUR&panchayat_code=3153012056&fin_year=2025-2026&source=&work_code=3153012056/RC/958486255823733814&msr_no=9868&AttendanceDate=27/03/2026&Digest=6zdaYFDC1QFr1FrI31DoCw",9
"BASTI","BAHADURPUR","PAALHA","3153012057/LD/958486255825007541","9764","https://mnregaweb4.nic.in/nregaarch/View_NMMS_atten_date_dtl_rpt.aspx?page=&short_name=UP&state_name=UTTAR%20PRADESH&state_code=31&district_name=BASTI&district_code=3153&block_name=BAHADURPUR&block_code=3153012&panchayat_name=PAALHA&panchayat_code=3153012057&fin_year=2025-2026&source=&work_code=3153012057/LD/958486255825007541&msr_no=9764&AttendanceDate=27/03/2026&Digest=jZLtQf0uIYVrIVBdF0/PCg",1
"BASTI","BAHADURPUR","PHOOLPUR","3153012061/LD/958486255825008303","9860","https://mnregaweb4.nic.in/nregaarch/View_NMMS_atten_date_dtl_rpt.aspx?page=&short_name=UP&state_name=UTTAR%20PRADESH&state_code=31&district_name=BASTI&district_code=3153&block_name=BAHADURPUR&block_code=3153012&panchayat_name=PHOOLPUR&panchayat_code=3153012061&fin_year=2025-2026&source=&work_code=3153012061/LD/958486255825008303&msr_no=9860&AttendanceDate=27/03/2026&Digest=DGda65ADMvguPRc3WG6fLw",8
"BASTI","BAHADURPUR","RAKHAUNA","3153012066/LD/958486255824953329","9794","https://mnregaweb4.nic.in/nregaarch/View_NMMS_atten_date_dtl_rpt.aspx?page=&short_name=UP&state_name=UTTAR%20PRADESH&state_code=31&district_name=BASTI&district_code=3153&block_name=BAHADURPUR&block_code=3153012&panchayat_name=RAKHAUNA&panchayat_code=3153012066&fin_year=2025-2026&source=&work_code=3153012066/LD/958486255824953329&msr_no=9794&AttendanceDate=27/03/2026&Digest=S59AV6ngKr/iHRQ7QWk+ug",8
"BASTI","BAHADURPUR","HATHIYA 2","3153012074/RC/958486255823691045","9917","https://mnregaweb4.nic.in/nregaarch/View_NMMS_atten_date_dtl_rpt.aspx?page=&short_name=UP&state_name=UTTAR%20PRADESH&state_code=31&district_name=BASTI&district_code=3153&block_name=BAHADURPUR&block_code=3153012&panchayat_name=HATHIYA%202&panchayat_code=3153012074&fin_year=2025-2026&source=&work_code=3153012074/RC/958486255823691045&msr_no=9917&AttendanceDate=27/03/2026&Digest=xdESFaDmAtUZgX0XWSrfBw",2
"BASTI","BAHADURPUR","AMILAHA","3153012092/WH/958486255823998983","9737","https://mnregaweb4.nic.in/nregaarch/View_NMMS_atten_date_dtl_rpt.aspx?page=&short_name=UP&state_name=UTTAR%20PRADESH&state_code=31&district_name=BASTI&district_code=3153&block_name=BAHADURPUR&block_code=3153012&panchayat_name=AMILAHA&panchayat_code=3153012092&fin_year=2025-2026&source=&work_code=3153012092/WH/958486255823998983&msr_no=9737&AttendanceDate=27/03/2026&Digest=SnklfmmjWL+YkVw1jDKkOA",6
"BASTI","BANKATI","BARAHUA","3153011009/AV/958486255824186396","9565","https://mnregaweb4.nic.in/nregaarch/View_NMMS_atten_date_dtl_rpt.aspx?page=&short_name=UP&state_name=UTTAR%20PRADESH&state_code=31&district_name=BASTI&district_code=3153&block_name=BANKATI&block_code=3153011&panchayat_name=BARAHUA&panchayat_code=3153011009&fin_year=2025-2026&source=&work_code=3153011009/AV/958486255824186396&msr_no=9565&AttendanceDate=27/03/2026&Digest=85r34w7djNqJPFc7bIZGAg",8
"BASTI","BANKATI","BELSUHEE","3153011015/LD/958486255824990626","9502","https://mnregaweb4.nic.in/nregaarch/View_NMMS_atten_date_dtl_rpt.aspx?page=&short_name=UP&state_name=UTTAR%20PRADESH&state_code=31&district_name=BASTI&district_code=3153&block_name=BANKATI&block_code=3153011&panchayat_name=BELSUHEE&panchayat_code=3153011015&fin_year=2025-2026&source=&work_code=3153011015/LD/958486255824990626&msr_no=9502&AttendanceDate=27/03/2026&Digest=Cw8DU9R70gYCJ+K9JmqJLg",7
"BASTI","BANKATI","BHAWARA","3153011018/IC/958486255823741529","9341","https://mnregaweb4.nic.in/nregaarch/View_NMMS_atten_date_dtl_rpt.aspx?page=&short_name=UP&state_name=UTTAR%20PRADESH&state_code=31&district_name=BASTI&district_code=3153&block_name=BANKATI&block_code=3153011&panchayat_name=BHAWARA&panchayat_code=3153011018&fin_year=2025-2026&source=&work_code=3153011018/IC/958486255823741529&msr_no=9341&AttendanceDate=27/03/2026&Digest=8gfcliqrdbbjB7ZI3EphqQ",4
"BASTI","BANKATI","BHAWARA","3153011018/RC/958486255823707538","9724","https://mnregaweb4.nic.in/nregaarch/View_NMMS_atten_date_dtl_rpt.aspx?page=&short_name=UP&state_name=UTTAR%20PRADESH&state_code=31&district_name=BASTI&district_code=3153&block_name=BANKATI&block_code=3153011&panchayat_name=BHAWARA&panchayat_code=3153011018&fin_year=2025-2026&source=&work_code=3153011018/RC/958486255823707538&msr_no=9724&AttendanceDate=27/03/2026&Digest=wy071c/IqcV0CJaVYGbm9Q",7
"BASTI","BANKATI","BHAWARA","3153011018/RC/958486255823707539","9714","https://mnregaweb4.nic.in/nregaarch/View_NMMS_atten_date_dtl_rpt.aspx?page=&short_name=UP&state_name=UTTAR%20PRADESH&state_code=31&district_name=BASTI&district_code=3153&block_name=BANKATI&block_code=3153011&panchayat_name=BHAWARA&panchayat_code=3153011018&fin_year=2025-2026&source=&work_code=3153011018/RC/958486255823707539&msr_no=9714&AttendanceDate=27/03/2026&Digest=mG6sP8z33ERmpagjDuu1Lw",8
"BASTI","BANKATI","DEWAMI","3153011027/FP/958486255823613996","9311","https://mnregaweb4.nic.in/nregaarch/View_NMMS_atten_date_dtl_rpt.aspx?page=&short_name=UP&state_name=UTTAR%20PRADESH&state_code=31&district_name=BASTI&district_code=3153&block_name=BANKATI&block_code=3153011&panchayat_name=DEWAMI&panchayat_code=3153011027&fin_year=2025-2026&source=&work_code=3153011027/FP/958486255823613996&msr_no=9311&AttendanceDate=27/03/2026&Digest=gCdgFrWn7dSGp3mxsV+V1A",3
"BASTI","BANKATI","DHURAHARA GOCHANA","3153011030/RC/958486255823741816","9672","https://mnregaweb4.nic.in/nregaarch/View_NMMS_atten_date_dtl_rpt.aspx?page=&short_name=UP&state_name=UTTAR%20PRADESH&state_code=31&district_name=BASTI&district_code=3153&block_name=BANKATI&block_code=3153011&panchayat_name=DHURAHARA%20GOCHANA&panchayat_code=3153011030&fin_year=2025-2026&source=&work_code=3153011030/RC/958486255823741816&msr_no=9672&AttendanceDate=27/03/2026&Digest=1Pg1Q5s9gbHkvcABj2NTXw",10
"BASTI","BANKATI","GANGORI","3153011035/RC/958486255823750665","9585","https://mnregaweb4.nic.in/nregaarch/View_NMMS_atten_date_dtl_rpt.aspx?page=&short_name=UP&state_name=UTTAR%20PRADESH&state_code=31&district_name=BASTI&district_code=3153&block_name=BANKATI&block_code=3153011&panchayat_name=GANGORI&panchayat_code=3153011035&fin_year=2025-2026&source=&work_code=3153011035/RC/958486255823750665&msr_no=9585&AttendanceDate=27/03/2026&Digest=R24eghMo0NS3BdvxWorCbA",10
"BASTI","BANKATI","HINAUTA","3153011041/RC/958486255823750743","9644","https://mnregaweb4.nic.in/nregaarch/View_NMMS_atten_date_dtl_rpt.aspx?page=&short_name=UP&state_name=UTTAR%20PRADESH&state_code=31&district_name=BASTI&district_code=3153&block_name=BANKATI&block_code=3153011&panchayat_name=HINAUTA&panchayat_code=3153011041&fin_year=2025-2026&source=&work_code=3153011041/RC/958486255823750743&msr_no=9644&AttendanceDate=27/03/2026&Digest=BRMSsKF3cyzp2Ch7FiuCng",10
"BASTI","BANKATI","KHARATI","3153011050/RC/958486255823743302","9432","https://mnregaweb4.nic.in/nregaarch/View_NMMS_atten_date_dtl_rpt.aspx?page=&short_name=UP&state_name=UTTAR%20PRADESH&state_code=31&district_name=BASTI&district_code=3153&block_name=BANKATI&block_code=3153011&panchayat_name=KHARATI&panchayat_code=3153011050&fin_year=2025-2026&source=&work_code=3153011050/RC/958486255823743302&msr_no=9432&AttendanceDate=27/03/2026&Digest=noTkyeQMBChipCGdpgtfrg",8
"BASTI","BANKATI","KHARATI","3153011050/RC/958486255823743302","9435","https://mnregaweb4.nic.in/nregaarch/View_NMMS_atten_date_dtl_rpt.aspx?page=&short_name=UP&state_name=UTTAR%20PRADESH&state_code=31&district_name=BASTI&district_code=3153&block_name=BANKATI&block_code=3153011&panchayat_name=KHARATI&panchayat_code=3153011050&fin_year=2025-2026&source=&work_code=3153011050/RC/958486255823743302&msr_no=9435&AttendanceDate=27/03/2026&Digest=LLvbpYlNAnCJqPz0yb2u1g",7
"BASTI","BANKATI","KHAROHA","3153011053/RC/958486255823580852","9758","https://mnregaweb4.nic.in/nregaarch/View_NMMS_atten_date_dtl_rpt.aspx?page=&short_name=UP&state_name=UTTAR%20PRADESH&state_code=31&district_name=BASTI&district_code=3153&block_name=BANKATI&block_code=3153011&panchayat_name=KHAROHA&panchayat_code=3153011053&fin_year=2025-2026&source=&work_code=3153011053/RC/958486255823580852&msr_no=9758&AttendanceDate=27/03/2026&Digest=CYdwZ8Fw/FsswRbtNU4PDg",10
"BASTI","BANKATI","KHARWANIA","3153011054/FP/958486255823613677","9309","https://mnregaweb4.nic.in/nregaarch/View_NMMS_atten_date_dtl_rpt.aspx?page=&short_name=UP&state_name=UTTAR%20PRADESH&state_code=31&district_name=BASTI&district_code=3153&block_name=BANKATI&block_code=3153011&panchayat_name=KHARWANIA&panchayat_code=3153011054&fin_year=2025-2026&source=&work_code=3153011054/FP/958486255823613677&msr_no=9309&AttendanceDate=27/03/2026&Digest=7XPWXTtpVpINunWWwKp4Dg",9
"BASTI","BANKATI","KHARWANIA","3153011054/FP/958486255823613677","9312","https://mnregaweb4.nic.in/nregaarch/View_NMMS_atten_date_dtl_rpt.aspx?page=&short_name=UP&state_name=UTTAR%20PRADESH&state_code=31&district_name=BASTI&district_code=3153&block_name=BANKATI&block_code=3153011&panchayat_name=KHARWANIA&panchayat_code=3153011054&fin_year=2025-2026&source=&work_code=3153011054/FP/958486255823613677&msr_no=9312&AttendanceDate=27/03/2026&Digest=MQoCZXdENVuqmRi+n4ybbQ",10
"BASTI","BANKATI","KHORIA","3153011056/LD/YD/958486255824966387","9305","https://mnregaweb4.nic.in/nregaarch/View_NMMS_atten_date_dtl_rpt.aspx?page=&short_name=UP&state_name=UTTAR%20PRADESH&state_code=31&district_name=BASTI&district_code=3153&block_name=BANKATI&block_code=3153011&panchayat_name=KHORIA&panchayat_code=3153011056&fin_year=2025-2026&source=&work_code=3153011056/LD/YD/958486255824966387&msr_no=9305&AttendanceDate=27/03/2026&Digest=8snpCK3yqul/RlJ08JV4Jg",10
"BASTI","BANKATI","KHORIA","3153011056/LD/YD/958486255824966393","9246","https://mnregaweb4.nic.in/nregaarch/View_NMMS_atten_date_dtl_rpt.aspx?page=&short_name=UP&state_name=UTTAR%20PRADESH&state_code=31&district_name=BASTI&district_code=3153&block_name=BANKATI&block_code=3153011&panchayat_name=KHORIA&panchayat_code=3153011056&fin_year=2025-2026&source=&work_code=3153011056/LD/YD/958486255824966393&msr_no=9246&AttendanceDate=27/03/2026&Digest=WLkkvi7eKIflXtVmN5GY2A",6
"BASTI","BANKATI","KHORIA","3153011056/RC/YD/958486255823681577","9628","https://mnregaweb4.nic.in/nregaarch/View_NMMS_atten_date_dtl_rpt.aspx?page=&short_name=UP&state_name=UTTAR%20PRADESH&state_code=31&district_name=BASTI&district_code=3153&block_name=BANKATI&block_code=3153011&panchayat_name=KHORIA&panchayat_code=3153011056&fin_year=2025-2026&source=&work_code=3153011056/RC/YD/958486255823681577&msr_no=9628&AttendanceDate=27/03/2026&Digest=HZRyd/CfvpIRsrfnqtbk3A",8
"BASTI","BANKATI","KURIYAR","3153011060/IC/958486255823712455","9365","https://mnregaweb4.nic.in/nregaarch/View_NMMS_atten_date_dtl_rpt.aspx?page=&short_name=UP&state_name=UTTAR%20PRADESH&state_code=31&district_name=BASTI&district_code=3153&block_name=BANKATI&block_code=3153011&panchayat_name=KURIYAR&panchayat_code=3153011060&fin_year=2025-2026&source=&work_code=3153011060/IC/958486255823712455&msr_no=9365&AttendanceDate=27/03/2026&Digest=7jmDng8Ubo/YGZ88U/pvpw",10
"BASTI","BANKATI","KURIYAR","3153011060/WC/958486255824235444","9358","https://mnregaweb4.nic.in/nregaarch/View_NMMS_atten_date_dtl_rpt.aspx?page=&short_name=UP&state_name=UTTAR%20PRADESH&state_code=31&district_name=BASTI&district_code=3153&block_name=BANKATI&block_code=3153011&panchayat_name=KURIYAR&panchayat_code=3153011060&fin_year=2025-2026&source=&work_code=3153011060/WC/958486255824235444&msr_no=9358&AttendanceDate=27/03/2026&Digest=1MXGYR/xM+5iBpd6nUW+bQ",7
"BASTI","BANKATI","KURIYAR","3153011060/WC/958486255824235444","9361","https://mnregaweb4.nic.in/nregaarch/View_NMMS_atten_date_dtl_rpt.aspx?page=&short_name=UP&state_name=UTTAR%20PRADESH&state_code=31&district_name=BASTI&district_code=3153&block_name=BANKATI&block_code=3153011&panchayat_name=KURIYAR&panchayat_code=3153011060&fin_year=2025-2026&source=&work_code=3153011060/WC/958486255824235444&msr_no=9361&AttendanceDate=27/03/2026&Digest=AW3PqNJij77YYGLgbx9iuw",1
"BASTI","BANKATI","PIPRA","3153011098/AV/958486255824177698","9746","https://mnregaweb4.nic.in/nregaarch/View_NMMS_atten_date_dtl_rpt.aspx?page=&short_name=UP&state_name=UTTAR%20PRADESH&state_code=31&district_name=BASTI&district_code=3153&block_name=BANKATI&block_code=3153011&panchayat_name=PIPRA&panchayat_code=3153011098&fin_year=2025-2026&source=&work_code=3153011098/AV/958486255824177698&msr_no=9746&AttendanceDate=27/03/2026&Digest=zY70lx7vJQWLI/3lml2shg",9
"BASTI","BANKATI","SISWA PANDEY","3153011101/RC/958486255823732562","9427","https://mnregaweb4.nic.in/nregaarch/View_NMMS_atten_date_dtl_rpt.aspx?page=&short_name=UP&state_name=UTTAR%20PRADESH&state_code=31&district_name=BASTI&district_code=3153&block_name=BANKATI&block_code=3153011&panchayat_name=SISWA%20PANDEY&panchayat_code=3153011101&fin_year=2025-2026&source=&work_code=3153011101/RC/958486255823732562&msr_no=9427&AttendanceDate=27/03/2026&Digest=f+7nFhETApVfmCpMPNtmkA",10
"BASTI","BANKATI","DUBAULI KHURD","3153011109/RC/958486255823749300","9394","https://mnregaweb4.nic.in/nregaarch/View_NMMS_atten_date_dtl_rpt.aspx?page=&short_name=UP&state_name=UTTAR%20PRADESH&state_code=31&district_name=BASTI&district_code=3153&block_name=BANKATI&block_code=3153011&panchayat_name=DUBAULI%20KHURD&panchayat_code=3153011109&fin_year=2025-2026&source=&work_code=3153011109/RC/958486255823749300&msr_no=9394&AttendanceDate=27/03/2026&Digest=ExQETryY47Lp8f4Tq1KGHw",3
"BASTI","BANKATI","DUBAULI KHURD","3153011109/RC/958486255823749300","9397","https://mnregaweb4.nic.in/nregaarch/View_NMMS_atten_date_dtl_rpt.aspx?page=&short_name=UP&state_name=UTTAR%20PRADESH&state_code=31&district_name=BASTI&district_code=3153&block_name=BANKATI&block_code=3153011&panchayat_name=DUBAULI%20KHURD&panchayat_code=3153011109&fin_year=2025-2026&source=&work_code=3153011109/RC/958486255823749300&msr_no=9397&AttendanceDate=27/03/2026&Digest=bhnYx8eXsCnEivVASG1ZEw",5
"BASTI","BASTI","AVASHTAIPUR","3153010001/AV/958486255824150950","4345","https://mnregaweb4.nic.in/nregaarch/View_NMMS_atten_date_dtl_rpt.aspx?page=&short_name=UP&state_name=UTTAR%20PRADESH&state_code=31&district_name=BASTI&district_code=3153&block_name=BASTI&block_code=3153010&panchayat_name=AVASHTAIPUR&panchayat_code=3153010001&fin_year=2025-2026&source=&work_code=3153010001/AV/958486255824150950&msr_no=4345&AttendanceDate=27/03/2026&Digest=B9k4UMEyy0oLj/shyizvAA",9
"BASTI","BASTI","BHARAULI BABU","3153010016/RC/958486255823750651","4415","https://mnregaweb4.nic.in/nregaarch/View_NMMS_atten_date_dtl_rpt.aspx?page=&short_name=UP&state_name=UTTAR%20PRADESH&state_code=31&district_name=BASTI&district_code=3153&block_name=BASTI&block_code=3153010&panchayat_name=BHARAULI%20BABU&panchayat_code=3153010016&fin_year=2025-2026&source=&work_code=3153010016/RC/958486255823750651&msr_no=4415&AttendanceDate=27/03/2026&Digest=bo4NhRx6KE15OBdfyWLZEw",8
"BASTI","BASTI","ORAI","3153010065/WC/958486255824160997","4411","https://mnregaweb4.nic.in/nregaarch/View_NMMS_atten_date_dtl_rpt.aspx?page=&short_name=UP&state_name=UTTAR%20PRADESH&state_code=31&district_name=BASTI&district_code=3153&block_name=BASTI&block_code=3153010&panchayat_name=ORAI&panchayat_code=3153010065&fin_year=2025-2026&source=&work_code=3153010065/WC/958486255824160997&msr_no=4411&AttendanceDate=27/03/2026&Digest=Fsyw8GQ7rjT88TlRMxBu0Q",10
"BASTI","BASTI","TADI JOT","3153010085/AV/958486255824164010","4438","https://mnregaweb4.nic.in/nregaarch/View_NMMS_atten_date_dtl_rpt.aspx?page=&short_name=UP&state_name=UTTAR%20PRADESH&state_code=31&district_name=BASTI&district_code=3153&block_name=BASTI&block_code=3153010&panchayat_name=TADI%20JOT&panchayat_code=3153010085&fin_year=2025-2026&source=&work_code=3153010085/AV/958486255824164010&msr_no=4438&AttendanceDate=27/03/2026&Digest=C7Uslbidcr4HBapzS/RKZA",3
"BASTI","BAHADURPUR","BENIPUR","3153012009/RC/958486255823584823","9743","https://mnregaweb4.nic.in/nregaarch/View_NMMS_atten_date_dtl_rpt.aspx?page=&short_name=UP&state_name=UTTAR%20PRADESH&state_code=31&district_name=BASTI&district_code=3153&block_name=BAHADURPUR&block_code=3153012&panchayat_name=BENIPUR&panchayat_code=3153012009&fin_year=2025-2026&source=&work_code=3153012009/RC/958486255823584823&msr_no=9743&AttendanceDate=27/03/2026&Digest=w5I6ULtY9JgyAHhTpe/+eQ",6
"BASTI","BAHADURPUR","BENIPUR","3153012010/RC/958486255823665977","9747","https://mnregaweb4.nic.in/nregaarch/View_NMMS_atten_date_dtl_rpt.aspx?page=&short_name=UP&state_name=UTTAR%20PRADESH&state_code=31&district_name=BASTI&district_code=3153&block_name=BAHADURPUR&block_code=3153012&panchayat_name=BENIPUR&panchayat_code=3153012009&fin_year=2025-2026&source=&work_code=3153012010/RC/958486255823665977&msr_no=9747&AttendanceDate=27/03/2026&Digest=RpsLfS3YNVk+FZXPur84/Q",9
"BASTI","BAHADURPUR","BHELWAL","3153012010/RC/958486255823725475","9896","https://mnregaweb4.nic.in/nregaarch/View_NMMS_atten_date_dtl_rpt.aspx?page=&short_name=UP&state_name=UTTAR%20PRADESH&state_code=31&district_name=BASTI&district_code=3153&block_name=BAHADURPUR&block_code=3153012&panchayat_name=BHELWAL&panchayat_code=3153012010&fin_year=2025-2026&source=&work_code=3153012010/RC/958486255823725475&msr_no=9896&AttendanceDate=27/03/2026&Digest=q+gf+igcCiU3MwrGZeZ2kA",1
"BASTI","BAHADURPUR","BHERIHA","3153012011/LD/958486255824954107","9708","https://mnregaweb4.nic.in/nregaarch/View_NMMS_atten_date_dtl_rpt.aspx?page=&short_name=UP&state_name=UTTAR%20PRADESH&state_code=31&district_name=BASTI&district_code=3153&block_name=BAHADURPUR&block_code=3153012&panchayat_name=BHERIHA&panchayat_code=3153012011&fin_year=2025-2026&source=&work_code=3153012011/LD/958486255824954107&msr_no=9708&AttendanceDate=27/03/2026&Digest=6mqKqat+op2xAAGHBSrFqQ",10
"BASTI","BAHADURPUR","SONBARSA","3153012014/LD/958486255824933208","9641","https://mnregaweb4.nic.in/nregaarch/View_NMMS_atten_date_dtl_rpt.aspx?page=&short_name=UP&state_name=UTTAR%20PRADESH&state_code=31&district_name=BASTI&district_code=3153&block_name=BAHADURPUR&block_code=3153012&panchayat_name=SONBARSA&panchayat_code=3153012014&fin_year=2025-2026&source=&work_code=3153012014/LD/958486255824933208&msr_no=9641&AttendanceDate=27/03/2026&Digest=oj9Zx3S2HdpKw4O6P2+6KQ",3
"BASTI","BAHADURPUR","DEV DEEHA","3153012019/LD/958486255824951552","9702","https://mnregaweb4.nic.in/nregaarch/View_NMMS_atten_date_dtl_rpt.aspx?page=&short_name=UP&state_name=UTTAR%20PRADESH&state_code=31&district_name=BASTI&district_code=3153&block_name=BAHADURPUR&block_code=3153012&panchayat_name=DEV%20DEEHA&panchayat_code=3153012019&fin_year=2025-2026&source=&work_code=3153012019/LD/958486255824951552&msr_no=9702&AttendanceDate=27/03/2026&Digest=owitykmYALtWiFzQ6CDZQA",9
"BASTI","BAHADURPUR","DEV DEEHA","3153012019/RC/958486255823667988","9805","https://mnregaweb4.nic.in/nregaarch/View_NMMS_atten_date_dtl_rpt.aspx?page=&short_name=UP&state_name=UTTAR%20PRADESH&state_code=31&district_name=BASTI&district_code=3153&block_name=BAHADURPUR&block_code=3153012&panchayat_name=DEV%20DEEHA&panchayat_code=3153012019&fin_year=2025-2026&source=&work_code=3153012019/RC/958486255823667988&msr_no=9805&AttendanceDate=27/03/2026&Digest=katR2K2E6LbQXdKItQmnfA",7
"BASTI","BAHADURPUR","JALALPUR","3153012026/RC/958486255823695170","9706","https://mnregaweb4.nic.in/nregaarch/View_NMMS_atten_date_dtl_rpt.aspx?page=&short_name=UP&state_name=UTTAR%20PRADESH&state_code=31&district_name=BASTI&district_code=3153&block_name=BAHADURPUR&block_code=3153012&panchayat_name=JALALPUR&panchayat_code=3153012026&fin_year=2025-2026&source=&work_code=3153012026/RC/958486255823695170&msr_no=9706&AttendanceDate=27/03/2026&Digest=1lTCsnYgR/9EjKVp40tOWA",9
"BASTI","BAHADURPUR","KALWARI MUSTAKHAM","3153012030/RC/958486255823689961","9769","https://mnregaweb4.nic.in/nregaarch/View_NMMS_atten_date_dtl_rpt.aspx?page=&short_name=UP&state_name=UTTAR%20PRADESH&state_code=31&district_name=BASTI&district_code=3153&block_name=BAHADURPUR&block_code=3153012&panchayat_name=KALWARI%20MUSTAKHAM&panchayat_code=3153012030&fin_year=2025-2026&source=&work_code=3153012030/RC/958486255823689961&msr_no=9769&AttendanceDate=27/03/2026&Digest=m9CoxAjcCNNfoVhi9oQ7Rg",6
"BASTI","BAHADURPUR","KANHAULI","3153012033/LD/958486255824834898","9711","https://mnregaweb4.nic.in/nregaarch/View_NMMS_atten_date_dtl_rpt.aspx?page=&short_name=UP&state_name=UTTAR%20PRADESH&state_code=31&district_name=BASTI&district_code=3153&block_name=BAHADURPUR&block_code=3153012&panchayat_name=KANHAULI&panchayat_code=3153012033&fin_year=2025-2026&source=&work_code=3153012033/LD/958486255824834898&msr_no=9711&AttendanceDate=27/03/2026&Digest=0T5+bfkF225t8gtTvOioGg",8
"BASTI","BAHADURPUR","KANHAULI","3153012033/LD/958486255824834898","9714","https://mnregaweb4.nic.in/nregaarch/View_NMMS_atten_date_dtl_rpt.aspx?page=&short_name=UP&state_name=UTTAR%20PRADESH&state_code=31&district_name=BASTI&district_code=3153&block_name=BAHADURPUR&block_code=3153012&panchayat_name=KANHAULI&panchayat_code=3153012033&fin_year=2025-2026&source=&work_code=3153012033/LD/958486255824834898&msr_no=9714&AttendanceDate=27/03/2026&Digest=YiTv+ebcRKPL5WShh6824w",6
"BASTI","BAHADURPUR","NIRANJAN PUR","3153012055/RC/958486255823672554","9880","https://mnregaweb4.nic.in/nregaarch/View_NMMS_atten_date_dtl_rpt.aspx?page=&short_name=UP&state_name=UTTAR%20PRADESH&state_code=31&district_name=BASTI&district_code=3153&block_name=BAHADURPUR&block_code=3153012&panchayat_name=NIRANJAN%20PUR&panchayat_code=3153012055&fin_year=2025-2026&source=&work_code=3153012055/RC/958486255823672554&msr_no=9880&AttendanceDate=27/03/2026&Digest=AxjamJhQKv6hbiNdPwo5Cg",2
"BASTI","BAHADURPUR","NRAYANPUR","3153012056/RC/958486255823733814","9867","https://mnregaweb4.nic.in/nregaarch/View_NMMS_atten_date_dtl_rpt.aspx?page=&short_name=UP&state_name=UTTAR%20PRADESH&state_code=31&district_name=BASTI&district_code=3153&block_name=BAHADURPUR&block_code=3153012&panchayat_name=NRAYANPUR&panchayat_code=3153012056&fin_year=2025-2026&source=&work_code=3153012056/RC/958486255823733814&msr_no=9867&AttendanceDate=27/03/2026&Digest=PAY9DIjqlTubjASya+fuXQ",7
"BASTI","BAHADURPUR","PAALHA","3153012057/LD/958486255825007535","9677","https://mnregaweb4.nic.in/nregaarch/View_NMMS_atten_date_dtl_rpt.aspx?page=&short_name=UP&state_name=UTTAR%20PRADESH&state_code=31&district_name=BASTI&district_code=3153&block_name=BAHADURPUR&block_code=3153012&panchayat_name=PAALHA&panchayat_code=3153012057&fin_year=2025-2026&source=&work_code=3153012057/LD/958486255825007535&msr_no=9677&AttendanceDate=27/03/2026&Digest=kzv0PsgxvwgmWQYWWHyfBw",6
"BASTI","BAHADURPUR","PRATAPPUR","3153012064/DP/958486255823394822","9891","https://mnregaweb4.nic.in/nregaarch/View_NMMS_atten_date_dtl_rpt.aspx?page=&short_name=UP&state_name=UTTAR%20PRADESH&state_code=31&district_name=BASTI&district_code=3153&block_name=BAHADURPUR&block_code=3153012&panchayat_name=PRATAPPUR&panchayat_code=3153012064&fin_year=2025-2026&source=&work_code=3153012064/DP/958486255823394822&msr_no=9891&AttendanceDate=27/03/2026&Digest=A4fAkVu46qrfv2AT9fpYyg",2
"BASTI","BAHADURPUR","PRATAPPUR","3153012064/RC/958486255823589091","9694","https://mnregaweb4.nic.in/nregaarch/View_NMMS_atten_date_dtl_rpt.aspx?page=&short_name=UP&state_name=UTTAR%20PRADESH&state_code=31&district_name=BASTI&district_code=3153&block_name=BAHADURPUR&block_code=3153012&panchayat_name=PRATAPPUR&panchayat_code=3153012064&fin_year=2025-2026&source=&work_code=3153012064/RC/958486255823589091&msr_no=9694&AttendanceDate=27/03/2026&Digest=MlXhsNhh0oQQB9J7wLwzwQ",7
"BASTI","BAHADURPUR","ROJIYA","3153012068/RC/958486255823714257","9941","https://mnregaweb4.nic.in/nregaarch/View_NMMS_atten_date_dtl_rpt.aspx?page=&short_name=UP&state_name=UTTAR%20PRADESH&state_code=31&district_name=BASTI&district_code=3153&block_name=BAHADURPUR&block_code=3153012&panchayat_name=ROJIYA&panchayat_code=3153012068&fin_year=2025-2026&source=&work_code=3153012068/RC/958486255823714257&msr_no=9941&AttendanceDate=27/03/2026&Digest=iws7RsY9WKnPef0ZvMadnQ",2
"BASTI","BAHADURPUR","SAIFABAD","3153012069/RC/958486255823597406","9680","https://mnregaweb4.nic.in/nregaarch/View_NMMS_atten_date_dtl_rpt.aspx?page=&short_name=UP&state_name=UTTAR%20PRADESH&state_code=31&district_name=BASTI&district_code=3153&block_name=BAHADURPUR&block_code=3153012&panchayat_name=SAIFABAD&panchayat_code=3153012069&fin_year=2025-2026&source=&work_code=3153012069/RC/958486255823597406&msr_no=9680&AttendanceDate=27/03/2026&Digest=tFbE0rKVgrfV/xjbfwZKOg",2
"BASTI","BAHADURPUR","AMILAHA","3153012092/WH/958486255823998983","9739","https://mnregaweb4.nic.in/nregaarch/View_NMMS_atten_date_dtl_rpt.aspx?page=&short_name=UP&state_name=UTTAR%20PRADESH&state_code=31&district_name=BASTI&district_code=3153&block_name=BAHADURPUR&block_code=3153012&panchayat_name=AMILAHA&panchayat_code=3153012092&fin_year=2025-2026&source=&work_code=3153012092/WH/958486255823998983&msr_no=9739&AttendanceDate=27/03/2026&Digest=HtU8WwSdIjIBpiOd+6/hPQ",8
"BASTI","BANKATI","AHIRAULI","3153011001/LD/958486255824929272","9466","https://mnregaweb4.nic.in/nregaarch/View_NMMS_atten_date_dtl_rpt.aspx?page=&short_name=UP&state_name=UTTAR%20PRADESH&state_code=31&district_name=BASTI&district_code=3153&block_name=BANKATI&block_code=3153011&panchayat_name=AHIRAULI&panchayat_code=3153011001&fin_year=2025-2026&source=&work_code=3153011001/LD/958486255824929272&msr_no=9466&AttendanceDate=27/03/2026&Digest=D3XOPhr1Yi1iY/1CznxlZw",10
"BASTI","BANKATI","BAGHAPAR","3153011004/RC/958486255823751119","9679","https://mnregaweb4.nic.in/nregaarch/View_NMMS_atten_date_dtl_rpt.aspx?page=&short_name=UP&state_name=UTTAR%20PRADESH&state_code=31&district_name=BASTI&district_code=3153&block_name=BANKATI&block_code=3153011&panchayat_name=BAGHAPAR&panchayat_code=3153011004&fin_year=2025-2026&source=&work_code=3153011004/RC/958486255823751119&msr_no=9679&AttendanceDate=27/03/2026&Digest=Ed5kGF3sj4NkqiXXa+ePcw",9
"BASTI","BANKATI","BELSUHEE","3153011015/LD/958486255824990622","9504","https://mnregaweb4.nic.in/nregaarch/View_NMMS_atten_date_dtl_rpt.aspx?page=&short_name=UP&state_name=UTTAR%20PRADESH&state_code=31&district_name=BASTI&district_code=3153&block_name=BANKATI&block_code=3153011&panchayat_name=BELSUHEE&panchayat_code=3153011015&fin_year=2025-2026&source=&work_code=3153011015/LD/958486255824990622&msr_no=9504&AttendanceDate=27/03/2026&Digest=3Sap4SvhtI1LJq+ai+1Stw",9
"BASTI","BANKATI","BELSUHEE","3153011015/LD/958486255824990622","9507","https://mnregaweb4.nic.in/nregaarch/View_NMMS_atten_date_dtl_rpt.aspx?page=&short_name=UP&state_name=UTTAR%20PRADESH&state_code=31&district_name=BASTI&district_code=3153&block_name=BANKATI&block_code=3153011&panchayat_name=BELSUHEE&panchayat_code=3153011015&fin_year=2025-2026&source=&work_code=3153011015/LD/958486255824990622&msr_no=9507&AttendanceDate=27/03/2026&Digest=w4XkpS8wBD8boEWCm5KiGA",8
"BASTI","BANKATI","DEWAMI","3153011027/AV/958486255824164986","9593","https://mnregaweb4.nic.in/nregaarch/View_NMMS_atten_date_dtl_rpt.aspx?page=&short_name=UP&state_name=UTTAR%20PRADESH&state_code=31&district_name=BASTI&district_code=3153&block_name=BANKATI&block_code=3153011&panchayat_name=DEWAMI&panchayat_code=3153011027&fin_year=2025-2026&source=&work_code=3153011027/AV/958486255824164986&msr_no=9593&AttendanceDate=27/03/2026&Digest=IWa4gowMFRnlDjnoSefcLw",1
"BASTI","BANKATI","DEWAMI","3153011027/AV/958486255824164986","9596","https://mnregaweb4.nic.in/nregaarch/View_NMMS_atten_date_dtl_rpt.aspx?page=&short_name=UP&state_name=UTTAR%20PRADESH&state_code=31&district_name=BASTI&district_code=3153&block_name=BANKATI&block_code=3153011&panchayat_name=DEWAMI&panchayat_code=3153011027&fin_year=2025-2026&source=&work_code=3153011027/AV/958486255824164986&msr_no=9596&AttendanceDate=27/03/2026&Digest=tzlmC4iavPQeUneUc7BjZQ",1
"BASTI","BANKATI","DEWAMI","3153011027/FP/958486255823613996","9293","https://mnregaweb4.nic.in/nregaarch/View_NMMS_atten_date_dtl_rpt.aspx?page=&short_name=UP&state_name=UTTAR%20PRADESH&state_code=31&district_name=BASTI&district_code=3153&block_name=BANKATI&block_code=3153011&panchayat_name=DEWAMI&panchayat_code=3153011027&fin_year=2025-2026&source=&work_code=3153011027/FP/958486255823613996&msr_no=9293&AttendanceDate=27/03/2026&Digest=yiFfJyAFdI0IIOLyeFAMAw",8
"BASTI","BANKATI","DHURAHARA GOCHANA","3153011030/RC/958486255823741816","9670","https://mnregaweb4.nic.in/nregaarch/View_NMMS_atten_date_dtl_rpt.aspx?page=&short_name=UP&state_name=UTTAR%20PRADESH&state_code=31&district_name=BASTI&district_code=3153&block_name=BANKATI&block_code=3153011&panchayat_name=DHURAHARA%20GOCHANA&panchayat_code=3153011030&fin_year=2025-2026&source=&work_code=3153011030/RC/958486255823741816&msr_no=9670&AttendanceDate=27/03/2026&Digest=GWrBYYdT4D35fG9IQ72Fow",9
"BASTI","BANKATI","DHURAHARA GOCHANA","3153011030/RC/958486255823741816","9673","https://mnregaweb4.nic.in/nregaarch/View_NMMS_atten_date_dtl_rpt.aspx?page=&short_name=UP&state_name=UTTAR%20PRADESH&state_code=31&district_name=BASTI&district_code=3153&block_name=BANKATI&block_code=3153011&panchayat_name=DHURAHARA%20GOCHANA&panchayat_code=3153011030&fin_year=2025-2026&source=&work_code=3153011030/RC/958486255823741816&msr_no=9673&AttendanceDate=27/03/2026&Digest=GteGfsGZtH8QAeKabDkjUw",8
"BASTI","BANKATI","KHARATI","3153011050/AV/958486255824182731","9216","https://mnregaweb4.nic.in/nregaarch/View_NMMS_atten_date_dtl_rpt.aspx?page=&short_name=UP&state_name=UTTAR%20PRADESH&state_code=31&district_name=BASTI&district_code=3153&block_name=BANKATI&block_code=3153011&panchayat_name=KHARATI&panchayat_code=3153011050&fin_year=2025-2026&source=&work_code=3153011050/AV/958486255824182731&msr_no=9216&AttendanceDate=27/03/2026&Digest=X4BiIBoJEGGJdMfwsv0+AQ",4
"BASTI","BANKATI","KHAROHA","3153011053/RC/958486255823653981","9599","https://mnregaweb4.nic.in/nregaarch/View_NMMS_atten_date_dtl_rpt.aspx?page=&short_name=UP&state_name=UTTAR%20PRADESH&state_code=31&district_name=BASTI&district_code=3153&block_name=BANKATI&block_code=3153011&panchayat_name=KHAROHA&panchayat_code=3153011053&fin_year=2025-2026&source=&work_code=3153011053/RC/958486255823653981&msr_no=9599&AttendanceDate=27/03/2026&Digest=V3SfBCrKM/QxK495vUSnkQ",9
"BASTI","BANKATI","KHORIA","3153011056/LD/YD/958486255824966387","9307","https://mnregaweb4.nic.in/nregaarch/View_NMMS_atten_date_dtl_rpt.aspx?page=&short_name=UP&state_name=UTTAR%20PRADESH&state_code=31&district_name=BASTI&district_code=3153&block_name=BANKATI&block_code=3153011&panchayat_name=KHORIA&panchayat_code=3153011056&fin_year=2025-2026&source=&work_code=3153011056/LD/YD/958486255824966387&msr_no=9307&AttendanceDate=27/03/2026&Digest=WhclOVKalIZ5ytTrSui8Xw",7
"BASTI","BANKATI","KHORIA","3153011056/LD/YD/958486255824966411","9237","https://mnregaweb4.nic.in/nregaarch/View_NMMS_atten_date_dtl_rpt.aspx?page=&short_name=UP&state_name=UTTAR%20PRADESH&state_code=31&district_name=BASTI&district_code=3153&block_name=BANKATI&block_code=3153011&panchayat_name=KHORIA&panchayat_code=3153011056&fin_year=2025-2026&source=&work_code=3153011056/LD/YD/958486255824966411&msr_no=9237&AttendanceDate=27/03/2026&Digest=fp++JulSM81vkjGlqPv3Qg",6
"BASTI","BANKATI","KHORIA","3153011056/RC/YD/958486255823681583","9451","https://mnregaweb4.nic.in/nregaarch/View_NMMS_atten_date_dtl_rpt.aspx?page=&short_name=UP&state_name=UTTAR%20PRADESH&state_code=31&district_name=BASTI&district_code=3153&block_name=BANKATI&block_code=3153011&panchayat_name=KHORIA&panchayat_code=3153011056&fin_year=2025-2026&source=&work_code=3153011056/RC/YD/958486255823681583&msr_no=9451&AttendanceDate=27/03/2026&Digest=aFAZXuVptoDSJa6suxRDTw",8
"BASTI","BANKATI","KURIYAR","3153011060/IC/958486255823712455","9363","https://mnregaweb4.nic.in/nregaarch/View_NMMS_atten_date_dtl_rpt.aspx?page=&short_name=UP&state_name=UTTAR%20PRADESH&state_code=31&district_name=BASTI&district_code=3153&block_name=BANKATI&block_code=3153011&panchayat_name=KURIYAR&panchayat_code=3153011060&fin_year=2025-2026&source=&work_code=3153011060/IC/958486255823712455&msr_no=9363&AttendanceDate=27/03/2026&Digest=cZJ8BSCgILLbm0FCyo0gfQ",9
"BASTI","BANKATI","KURIYAR","3153011060/WC/958486255824235444","9359","https://mnregaweb4.nic.in/nregaarch/View_NMMS_atten_date_dtl_rpt.aspx?page=&short_name=UP&state_name=UTTAR%20PRADESH&state_code=31&district_name=BASTI&district_code=3153&block_name=BANKATI&block_code=3153011&panchayat_name=KURIYAR&panchayat_code=3153011060&fin_year=2025-2026&source=&work_code=3153011060/WC/958486255824235444&msr_no=9359&AttendanceDate=27/03/2026&Digest=t3yqMOo6BJ9z0JLkQ9rEXw",8
"BASTI","BANKATI","PADIYAPAR","3153011072/RC/958486255823746773","9662","https://mnregaweb4.nic.in/nregaarch/View_NMMS_atten_date_dtl_rpt.aspx?page=&short_name=UP&state_name=UTTAR%20PRADESH&state_code=31&district_name=BASTI&district_code=3153&block_name=BANKATI&block_code=3153011&panchayat_name=PADIYAPAR&panchayat_code=3153011072&fin_year=2025-2026&source=&work_code=3153011072/RC/958486255823746773&msr_no=9662&AttendanceDate=27/03/2026&Digest=kx23wnXre5un9em5RhLP7w",8
"BASTI","BANKATI","THALHAPAR","3153011088/AV/958486255824179930","9689","https://mnregaweb4.nic.in/nregaarch/View_NMMS_atten_date_dtl_rpt.aspx?page=&short_name=UP&state_name=UTTAR%20PRADESH&state_code=31&district_name=BASTI&district_code=3153&block_name=BANKATI&block_code=3153011&panchayat_name=THALHAPAR&panchayat_code=3153011088&fin_year=2025-2026&source=&work_code=3153011088/AV/958486255824179930&msr_no=9689&AttendanceDate=27/03/2026&Digest=E+2z/rcgRDPcN07ujpqKdA",9
"BASTI","BANKATI","MAHTHA","3153011096/IC/958486255823740167","9345","https://mnregaweb4.nic.in/nregaarch/View_NMMS_atten_date_dtl_rpt.aspx?page=&short_name=UP&state_name=UTTAR%20PRADESH&state_code=31&district_name=BASTI&district_code=3153&block_name=BANKATI&block_code=3153011&panchayat_name=MAHTHA&panchayat_code=3153011096&fin_year=2025-2026&source=&work_code=3153011096/IC/958486255823740167&msr_no=9345&AttendanceDate=27/03/2026&Digest=VR5gh40to7XeudL99fSB9A",9
"BASTI","BANKATI","MAHTHA","3153011096/IC/958486255823740167","9348","https://mnregaweb4.nic.in/nregaarch/View_NMMS_atten_date_dtl_rpt.aspx?page=&short_name=UP&state_name=UTTAR%20PRADESH&state_code=31&district_name=BASTI&district_code=3153&block_name=BANKATI&block_code=3153011&panchayat_name=MAHTHA&panchayat_code=3153011096&fin_year=2025-2026&source=&work_code=3153011096/IC/958486255823740167&msr_no=9348&AttendanceDate=27/03/2026&Digest=lT5xn0PK7aKu1icEluICjg",8
"BASTI","BANKATI","PIPRA SUKRAULI","3153011099/RC/958486255823744508","9756","https://mnregaweb4.nic.in/nregaarch/View_NMMS_atten_date_dtl_rpt.aspx?page=&short_name=UP&state_name=UTTAR%20PRADESH&state_code=31&district_name=BASTI&district_code=3153&block_name=BANKATI&block_code=3153011&panchayat_name=PIPRA%20SUKRAULI&panchayat_code=3153011099&fin_year=2025-2026&source=&work_code=3153011099/RC/958486255823744508&msr_no=9756&AttendanceDate=27/03/2026&Digest=Lef4eQjfV9YZxa77N6VipQ",7
"BASTI","BAHADURPUR","BAHADURPUR","3153012007/WH/958486255823987468","9644","https://mnregaweb4.nic.in/nregaarch/View_NMMS_atten_date_dtl_rpt.aspx?page=&short_name=UP&state_name=UTTAR%20PRADESH&state_code=31&district_name=BASTI&district_code=3153&block_name=BAHADURPUR&block_code=3153012&panchayat_name=BAHADURPUR&panchayat_code=3153012007&fin_year=2025-2026&source=&work_code=3153012007/WH/958486255823987468&msr_no=9644&AttendanceDate=27/03/2026&Digest=LfH/Z0Zb5qc+gWK0IEv+BA",5
"BASTI","BAHADURPUR","DEV DEEHA","3153012019/RC/958486255823667987","9815","https://mnregaweb4.nic.in/nregaarch/View_NMMS_atten_date_dtl_rpt.aspx?page=&short_name=UP&state_name=UTTAR%20PRADESH&state_code=31&district_name=BASTI&district_code=3153&block_name=BAHADURPUR&block_code=3153012&panchayat_name=DEV%20DEEHA&panchayat_code=3153012019&fin_year=2025-2026&source=&work_code=3153012019/RC/958486255823667987&msr_no=9815&AttendanceDate=27/03/2026&Digest=w9YteRm/TVt/FN6zh7CveA",5
"BASTI","BAHADURPUR","DEV DEEHA","3153012019/RC/958486255823667988","9804","https://mnregaweb4.nic.in/nregaarch/View_NMMS_atten_date_dtl_rpt.aspx?page=&short_name=UP&state_name=UTTAR%20PRADESH&state_code=31&district_name=BASTI&district_code=3153&block_name=BAHADURPUR&block_code=3153012&panchayat_name=DEV%20DEEHA&panchayat_code=3153012019&fin_year=2025-2026&source=&work_code=3153012019/RC/958486255823667988&msr_no=9804&AttendanceDate=27/03/2026&Digest=BsPuSjyZLz+o5ifbRXXTcw",10
"BASTI","BAHADURPUR","GOVINDPUR (Bahadurpur)","3153012023/RC/958486255823669277","9925","https://mnregaweb4.nic.in/nregaarch/View_NMMS_atten_date_dtl_rpt.aspx?page=&short_name=UP&state_name=UTTAR%20PRADESH&state_code=31&district_name=BASTI&district_code=3153&block_name=BAHADURPUR&block_code=3153012&panchayat_name=GOVINDPUR%20%20(Bahadurpur)&panchayat_code=3153012023&fin_year=2025-2026&source=&work_code=3153012023/RC/958486255823669277&msr_no=9925&AttendanceDate=27/03/2026&Digest=R0SpCZVNhISDEbqXtQNMGg",5
"BASTI","BAHADURPUR","KALWARI MUSTAKHAM","3153012030/RC/958486255823585693","9776","https://mnregaweb4.nic.in/nregaarch/View_NMMS_atten_date_dtl_rpt.aspx?page=&short_name=UP&state_name=UTTAR%20PRADESH&state_code=31&district_name=BASTI&district_code=3153&block_name=BAHADURPUR&block_code=3153012&panchayat_name=KALWARI%20MUSTAKHAM&panchayat_code=3153012030&fin_year=2025-2026&source=&work_code=3153012030/RC/958486255823585693&msr_no=9776&AttendanceDate=27/03/2026&Digest=oZrWHbryVPrt33c+zyULoA",5
"BASTI","BAHADURPUR","KAMRIHA","3153012031/IC/958486255823711085","9783","https://mnregaweb4.nic.in/nregaarch/View_NMMS_atten_date_dtl_rpt.aspx?page=&short_name=UP&state_name=UTTAR%20PRADESH&state_code=31&district_name=BASTI&district_code=3153&block_name=BAHADURPUR&block_code=3153012&panchayat_name=KAMRIHA&panchayat_code=3153012031&fin_year=2025-2026&source=&work_code=3153012031/IC/958486255823711085&msr_no=9783&AttendanceDate=27/03/2026&Digest=vwTzYeDnXI2QHGwgF6WlpQ",2
"BASTI","BAHADURPUR","KAMRIHA","3153012031/RC/958486255823682095","9786","https://mnregaweb4.nic.in/nregaarch/View_NMMS_atten_date_dtl_rpt.aspx?page=&short_name=UP&state_name=UTTAR%20PRADESH&state_code=31&district_name=BASTI&district_code=3153&block_name=BAHADURPUR&block_code=3153012&panchayat_name=KAMRIHA&panchayat_code=3153012031&fin_year=2025-2026&source=&work_code=3153012031/RC/958486255823682095&msr_no=9786&AttendanceDate=27/03/2026&Digest=SfJNy9Dz8pSP3xHXALC8xQ",4
"BASTI","BAHADURPUR","PAALHA","3153012057/LD/958486255825007541","9763","https://mnregaweb4.nic.in/nregaarch/View_NMMS_atten_date_dtl_rpt.aspx?page=&short_name=UP&state_name=UTTAR%20PRADESH&state_code=31&district_name=BASTI&district_code=3153&block_name=BAHADURPUR&block_code=3153012&panchayat_name=PAALHA&panchayat_code=3153012057&fin_year=2025-2026&source=&work_code=3153012057/LD/958486255825007541&msr_no=9763&AttendanceDate=27/03/2026&Digest=7xbVvwjgtXyHlIKBwNIyBA",1
"BASTI","BAHADURPUR","PHOOLPUR","3153012061/LD/958486255825008303","9861","https://mnregaweb4.nic.in/nregaarch/View_NMMS_atten_date_dtl_rpt.aspx?page=&short_name=UP&state_name=UTTAR%20PRADESH&state_code=31&district_name=BASTI&district_code=3153&block_name=BAHADURPUR&block_code=3153012&panchayat_name=PHOOLPUR&panchayat_code=3153012061&fin_year=2025-2026&source=&work_code=3153012061/LD/958486255825008303&msr_no=9861&AttendanceDate=27/03/2026&Digest=GaWtAMlYpg22yG9VQHPmgQ",4
"BASTI","BAHADURPUR","RAKHAUNA","3153012066/LD/958486255824953329","9793","https://mnregaweb4.nic.in/nregaarch/View_NMMS_atten_date_dtl_rpt.aspx?page=&short_name=UP&state_name=UTTAR%20PRADESH&state_code=31&district_name=BASTI&district_code=3153&block_name=BAHADURPUR&block_code=3153012&panchayat_name=RAKHAUNA&panchayat_code=3153012066&fin_year=2025-2026&source=&work_code=3153012066/LD/958486255824953329&msr_no=9793&AttendanceDate=27/03/2026&Digest=18iGCD/mWniWTHClGPR4GA",7
"BASTI","BAHADURPUR","SEMRA URF GALWA","3153012087/AV/958486255824174667","9765","https://mnregaweb4.nic.in/nregaarch/View_NMMS_atten_date_dtl_rpt.aspx?page=&short_name=UP&state_name=UTTAR%20PRADESH&state_code=31&district_name=BASTI&district_code=3153&block_name=BAHADURPUR&block_code=3153012&panchayat_name=SEMRA%20URF%20GALWA&panchayat_code=3153012087&fin_year=2025-2026&source=&work_code=3153012087/AV/958486255824174667&msr_no=9765&AttendanceDate=27/03/2026&Digest=fpRRhEvI4WUyqfByEBbd8A",1
"BASTI","BAHADURPUR","AMILAHA","3153012092/WH/958486255823998983","9736","https://mnregaweb4.nic.in/nregaarch/View_NMMS_atten_date_dtl_rpt.aspx?page=&short_name=UP&state_name=UTTAR%20PRADESH&state_code=31&district_name=BASTI&district_code=3153&block_name=BAHADURPUR&block_code=3153012&panchayat_name=AMILAHA&panchayat_code=3153012092&fin_year=2025-2026&source=&work_code=3153012092/WH/958486255823998983&msr_no=9736&AttendanceDate=27/03/2026&Digest=+j+jiaJDOXIi6p4gfSfJtw",10
"BASTI","BANKATI","BELSUHEE","3153011015/LD/958486255824990626","9500","https://mnregaweb4.nic.in/nregaarch/View_NMMS_atten_date_dtl_rpt.aspx?page=&short_name=UP&state_name=UTTAR%20PRADESH&state_code=31&district_name=BASTI&district_code=3153&block_name=BANKATI&block_code=3153011&panchayat_name=BELSUHEE&panchayat_code=3153011015&fin_year=2025-2026&source=&work_code=3153011015/LD/958486255824990626&msr_no=9500&AttendanceDate=27/03/2026&Digest=k4hnDeKFUhE/ejykiecyHw",2
"BASTI","BANKATI","BELSUHEE","3153011015/LD/958486255824990626","9503","https://mnregaweb4.nic.in/nregaarch/View_NMMS_atten_date_dtl_rpt.aspx?page=&short_name=UP&state_name=UTTAR%20PRADESH&state_code=31&district_name=BASTI&district_code=3153&block_name=BANKATI&block_code=3153011&panchayat_name=BELSUHEE&panchayat_code=3153011015&fin_year=2025-2026&source=&work_code=3153011015/LD/958486255824990626&msr_no=9503&AttendanceDate=27/03/2026&Digest=vviZCQx+0VirX9p10A+wrA",4
"BASTI","BANKATI","BHAWARA","3153011018/IC/958486255823741530","9344","https://mnregaweb4.nic.in/nregaarch/View_NMMS_atten_date_dtl_rpt.aspx?page=&short_name=UP&state_name=UTTAR%20PRADESH&state_code=31&district_name=BASTI&district_code=3153&block_name=BANKATI&block_code=3153011&panchayat_name=BHAWARA&panchayat_code=3153011018&fin_year=2025-2026&source=&work_code=3153011018/IC/958486255823741530&msr_no=9344&AttendanceDate=27/03/2026&Digest=SqJN8XepfG4GMVBizqPuHw",7
"BASTI","BANKATI","BHAWARA","3153011018/RC/958486255823707538","9725","https://mnregaweb4.nic.in/nregaarch/View_NMMS_atten_date_dtl_rpt.aspx?page=&short_name=UP&state_name=UTTAR%20PRADESH&state_code=31&district_name=BASTI&district_code=3153&block_name=BANKATI&block_code=3153011&panchayat_name=BHAWARA&panchayat_code=3153011018&fin_year=2025-2026&source=&work_code=3153011018/RC/958486255823707538&msr_no=9725&AttendanceDate=27/03/2026&Digest=gDlGqI7gJuemFxyhQD63mw",1
"BASTI","BANKATI","DEWAMI","3153011027/FP/958486255823613996","9292","https://mnregaweb4.nic.in/nregaarch/View_NMMS_atten_date_dtl_rpt.aspx?page=&short_name=UP&state_name=UTTAR%20PRADESH&state_code=31&district_name=BASTI&district_code=3153&block_name=BANKATI&block_code=3153011&panchayat_name=DEWAMI&panchayat_code=3153011027&fin_year=2025-2026&source=&work_code=3153011027/FP/958486255823613996&msr_no=9292&AttendanceDate=27/03/2026&Digest=HKq37Riq8b+96ANiJ1PR9Q",6
"BASTI","BANKATI","DHURAHARA GOCHANA","3153011030/RC/958486255823741816","9671","https://mnregaweb4.nic.in/nregaarch/View_NMMS_atten_date_dtl_rpt.aspx?page=&short_name=UP&state_name=UTTAR%20PRADESH&state_code=31&district_name=BASTI&district_code=3153&block_name=BANKATI&block_code=3153011&panchayat_name=DHURAHARA%20GOCHANA&panchayat_code=3153011030&fin_year=2025-2026&source=&work_code=3153011030/RC/958486255823741816&msr_no=9671&AttendanceDate=27/03/2026&Digest=RibpKMC/l3aw9yLkAsKPAA",9
"BASTI","BANKATI","GANGORI","3153011035/RC/958486255823750421","9583","https://mnregaweb4.nic.in/nregaarch/View_NMMS_atten_date_dtl_rpt.aspx?page=&short_name=UP&state_name=UTTAR%20PRADESH&state_code=31&district_name=BASTI&district_code=3153&block_name=BANKATI&block_code=3153011&panchayat_name=GANGORI&panchayat_code=3153011035&fin_year=2025-2026&source=&work_code=3153011035/RC/958486255823750421&msr_no=9583&AttendanceDate=27/03/2026&Digest=Lea8xc7m9AXr3vggeJouuQ",9
"BASTI","BANKATI","GANGORI","3153011035/RC/958486255823750665","9587","https://mnregaweb4.nic.in/nregaarch/View_NMMS_atten_date_dtl_rpt.aspx?page=&short_name=UP&state_name=UTTAR%20PRADESH&state_code=31&district_name=BASTI&district_code=3153&block_name=BANKATI&block_code=3153011&panchayat_name=GANGORI&panchayat_code=3153011035&fin_year=2025-2026&source=&work_code=3153011035/RC/958486255823750665&msr_no=9587&AttendanceDate=27/03/2026&Digest=zNLXrjHKtkCgcSMtEELN8Q",2
"BASTI","BANKATI","HINAUTA","3153011041/RC/958486255823750743","9645","https://mnregaweb4.nic.in/nregaarch/View_NMMS_atten_date_dtl_rpt.aspx?page=&short_name=UP&state_name=UTTAR%20PRADESH&state_code=31&district_name=BASTI&district_code=3153&block_name=BANKATI&block_code=3153011&panchayat_name=HINAUTA&panchayat_code=3153011041&fin_year=2025-2026&source=&work_code=3153011041/RC/958486255823750743&msr_no=9645&AttendanceDate=27/03/2026&Digest=CL6mVBiMwDXW4y1DYM8o1g",10
"BASTI","BANKATI","KHAROHA","3153011053/RC/958486255823653981","9600","https://mnregaweb4.nic.in/nregaarch/View_NMMS_atten_date_dtl_rpt.aspx?page=&short_name=UP&state_name=UTTAR%20PRADESH&state_code=31&district_name=BASTI&district_code=3153&block_name=BANKATI&block_code=3153011&panchayat_name=KHAROHA&panchayat_code=3153011053&fin_year=2025-2026&source=&work_code=3153011053/RC/958486255823653981&msr_no=9600&AttendanceDate=27/03/2026&Digest=7D+Pt1rf53TlapezcsocLg",2
"BASTI","BANKATI","KHARWANIA","3153011054/FP/958486255823613677","9308","https://mnregaweb4.nic.in/nregaarch/View_NMMS_atten_date_dtl_rpt.aspx?page=&short_name=UP&state_name=UTTAR%20PRADESH&state_code=31&district_name=BASTI&district_code=3153&block_name=BANKATI&block_code=3153011&panchayat_name=KHARWANIA&panchayat_code=3153011054&fin_year=2025-2026&source=&work_code=3153011054/FP/958486255823613677&msr_no=9308&AttendanceDate=27/03/2026&Digest=1qyuQY3AJBTayCitoO8itA",10
"BASTI","BANKATI","KHORIA","3153011056/IC/YD/958486255823722220","9636","https://mnregaweb4.nic.in/nregaarch/View_NMMS_atten_date_dtl_rpt.aspx?page=&short_name=UP&state_name=UTTAR%20PRADESH&state_code=31&district_name=BASTI&district_code=3153&block_name=BANKATI&block_code=3153011&panchayat_name=KHORIA&panchayat_code=3153011056&fin_year=2025-2026&source=&work_code=3153011056/IC/YD/958486255823722220&msr_no=9636&AttendanceDate=27/03/2026&Digest=s8JXu2W2LIRMYRuNG4TECQ",8
"BASTI","BANKATI","KHORIA","3153011056/LD/YD/958486255824966387","9304","https://mnregaweb4.nic.in/nregaarch/View_NMMS_atten_date_dtl_rpt.aspx?page=&short_name=UP&state_name=UTTAR%20PRADESH&state_code=31&district_name=BASTI&district_code=3153&block_name=BANKATI&block_code=3153011&panchayat_name=KHORIA&panchayat_code=3153011056&fin_year=2025-2026&source=&work_code=3153011056/LD/YD/958486255824966387&msr_no=9304&AttendanceDate=27/03/2026&Digest=SCObfhouuliU2aG7xKFOvg",7
"BASTI","BANKATI","KHORIA","3153011056/LD/YD/958486255824966393","9247","https://mnregaweb4.nic.in/nregaarch/View_NMMS_atten_date_dtl_rpt.aspx?page=&short_name=UP&state_name=UTTAR%20PRADESH&state_code=31&district_name=BASTI&district_code=3153&block_name=BANKATI&block_code=3153011&panchayat_name=KHORIA&panchayat_code=3153011056&fin_year=2025-2026&source=&work_code=3153011056/LD/YD/958486255824966393&msr_no=9247&AttendanceDate=27/03/2026&Digest=tJtmBaHGI87zf8y4inorbQ",9
"BASTI","BANKATI","KHORIA","3153011056/RC/YD/958486255823681577","9629","https://mnregaweb4.nic.in/nregaarch/View_NMMS_atten_date_dtl_rpt.aspx?page=&short_name=UP&state_name=UTTAR%20PRADESH&state_code=31&district_name=BASTI&district_code=3153&block_name=BANKATI&block_code=3153011&panchayat_name=KHORIA&panchayat_code=3153011056&fin_year=2025-2026&source=&work_code=3153011056/RC/YD/958486255823681577&msr_no=9629&AttendanceDate=27/03/2026&Digest=mHH+FCDCKBd8WS+V92JF0g",9
"BASTI","BANKATI","KURIYAR","3153011060/IC/958486255823712455","9364","https://mnregaweb4.nic.in/nregaarch/View_NMMS_atten_date_dtl_rpt.aspx?page=&short_name=UP&state_name=UTTAR%20PRADESH&state_code=31&district_name=BASTI&district_code=3153&block_name=BANKATI&block_code=3153011&panchayat_name=KURIYAR&panchayat_code=3153011060&fin_year=2025-2026&source=&work_code=3153011060/IC/958486255823712455&msr_no=9364&AttendanceDate=27/03/2026&Digest=41RFuopPKZH1ZIIhn/6UOw",10
"BASTI","BANKATI","KURIYAR","3153011060/IC/958486255823712455","9367","https://mnregaweb4.nic.in/nregaarch/View_NMMS_atten_date_dtl_rpt.aspx?page=&short_name=UP&state_name=UTTAR%20PRADESH&state_code=31&district_name=BASTI&district_code=3153&block_name=BANKATI&block_code=3153011&panchayat_name=KURIYAR&panchayat_code=3153011060&fin_year=2025-2026&source=&work_code=3153011060/IC/958486255823712455&msr_no=9367&AttendanceDate=27/03/2026&Digest=8nzDCfLIaNuFwecgeZ4K4A",3
"BASTI","BANKATI","NAGARA BAUDIHAR","3153011070/RC/958486255823712105","9706","https://mnregaweb4.nic.in/nregaarch/View_NMMS_atten_date_dtl_rpt.aspx?page=&short_name=UP&state_name=UTTAR%20PRADESH&state_code=31&district_name=BASTI&district_code=3153&block_name=BANKATI&block_code=3153011&panchayat_name=NAGARA%20BAUDIHAR&panchayat_code=3153011070&fin_year=2025-2026&source=&work_code=3153011070/RC/958486255823712105&msr_no=9706&AttendanceDate=27/03/2026&Digest=2yagKSRxdy8gM23s+9LaNg",8
"BASTI","BANKATI","PADIYAPAR","3153011072/RC/958486255823746773","9663","https://mnregaweb4.nic.in/nregaarch/View_NMMS_atten_date_dtl_rpt.aspx?page=&short_name=UP&state_name=UTTAR%20PRADESH&state_code=31&district_name=BASTI&district_code=3153&block_name=BANKATI&block_code=3153011&panchayat_name=PADIYAPAR&panchayat_code=3153011072&fin_year=2025-2026&source=&work_code=3153011072/RC/958486255823746773&msr_no=9663&AttendanceDate=27/03/2026&Digest=Vr/Wfg2ZWpLJn7cZ9uix8Q",3
"BASTI","BANKATI","SOBHAN PAR","3153011087/RC/958486255823751179","9653","https://mnregaweb4.nic.in/nregaarch/View_NMMS_atten_date_dtl_rpt.aspx?page=&short_name=UP&state_name=UTTAR%20PRADESH&state_code=31&district_name=BASTI&district_code=3153&block_name=BANKATI&block_code=3153011&panchayat_name=SOBHAN%20PAR&panchayat_code=3153011087&fin_year=2025-2026&source=&work_code=3153011087/RC/958486255823751179&msr_no=9653&AttendanceDate=27/03/2026&Digest=LMeulF4nWp94akoWCbFeIQ",3
"BASTI","BANKATI","SISWA PANDEY","3153011101/RC/958486255823732562","9428","https://mnregaweb4.nic.in/nregaarch/View_NMMS_atten_date_dtl_rpt.aspx?page=&short_name=UP&state_name=UTTAR%20PRADESH&state_code=31&district_name=BASTI&district_code=3153&block_name=BANKATI&block_code=3153011&panchayat_name=SISWA%20PANDEY&panchayat_code=3153011101&fin_year=2025-2026&source=&work_code=3153011101/RC/958486255823732562&msr_no=9428&AttendanceDate=27/03/2026&Digest=mFAhpfuE+DIftSSxCtCL5g",9
"BASTI","BANKATI","CHITRAKHOR","3153011104/IC/958486255823723378","9615","https://mnregaweb4.nic.in/nregaarch/View_NMMS_atten_date_dtl_rpt.aspx?page=&short_name=UP&state_name=UTTAR%20PRADESH&state_code=31&district_name=BASTI&district_code=3153&block_name=BANKATI&block_code=3153011&panchayat_name=CHITRAKHOR&panchayat_code=3153011104&fin_year=2025-2026&source=&work_code=3153011104/IC/958486255823723378&msr_no=9615&AttendanceDate=27/03/2026&Digest=m18zrrq3J65XemLDtbaTTw",7
"BASTI","BASTI","AVASHTAIPUR","3153010001/AV/958486255824150950","4346","https://mnregaweb4.nic.in/nregaarch/View_NMMS_atten_date_dtl_rpt.aspx?page=&short_name=UP&state_name=UTTAR%20PRADESH&state_code=31&district_name=BASTI&district_code=3153&block_name=BASTI&block_code=3153010&panchayat_name=AVASHTAIPUR&panchayat_code=3153010001&fin_year=2025-2026&source=&work_code=3153010001/AV/958486255824150950&msr_no=4346&AttendanceDate=27/03/2026&Digest=e55//iNkHgdIZNG2SOcWUQ",8
"BASTI","BASTI","ORAI","3153010065/WC/958486255824160997","4410","https://mnregaweb4.nic.in/nregaarch/View_NMMS_atten_date_dtl_rpt.aspx?page=&short_name=UP&state_name=UTTAR%20PRADESH&state_code=31&district_name=BASTI&district_code=3153&block_name=BASTI&block_code=3153010&panchayat_name=ORAI&panchayat_code=3153010065&fin_year=2025-2026&source=&work_code=3153010065/WC/958486255824160997&msr_no=4410&AttendanceDate=27/03/2026&Digest=/h2XaVvyIoinBOAxhFEaLA",10
"BASTI","BASTI","RAIKWAR","3153010070/RC/958486255823675819","4434","https://mnregaweb4.nic.in/nregaarch/View_NMMS_atten_date_dtl_rpt.aspx?page=&short_name=UP&state_name=UTTAR%20PRADESH&state_code=31&district_name=BASTI&district_code=3153&block_name=BASTI&block_code=3153010&panchayat_name=RAIKWAR&panchayat_code=3153010070&fin_year=2025-2026&source=&work_code=3153010070/RC/958486255823675819&msr_no=4434&AttendanceDate=27/03/2026&Digest=LScjthnU9DdeUXUSlNzbeQ",8
"BASTI","BASTI","SONUPAR","3153010082/RC/958486255823726672","4432","https://mnregaweb4.nic.in/nregaarch/View_NMMS_atten_date_dtl_rpt.aspx?page=&short_name=UP&state_name=UTTAR%20PRADESH&state_code=31&district_name=BASTI&district_code=3153&block_name=BASTI&block_code=3153010&panchayat_name=SONUPAR&panchayat_code=3153010082&fin_year=2025-2026&source=&work_code=3153010082/RC/958486255823726672&msr_no=4432&AttendanceDate=27/03/2026&Digest=zF2PkBjVTal4F/1vS/dffQ",8
"BASTI","DUBAULIYA","ASHOK PUR","3153014003/RC/958486255823554950","4345","https://mnregaweb4.nic.in/nregaarch/View_NMMS_atten_date_dtl_rpt.aspx?page=&short_name=UP&state_name=UTTAR%20PRADESH&state_code=31&district_name=BASTI&district_code=3153&block_name=DUBAULIYA&block_code=3153014&panchayat_name=ASHOK%20PUR&panchayat_code=3153014003&fin_year=2025-2026&source=&work_code=3153014003/RC/958486255823554950&msr_no=4345&AttendanceDate=27/03/2026&Digest=FMCGSOUn68/PgDq1gi5xJw",6
"BASTI","DUBAULIYA","DEHIDIHA BUJURG","3153014010/RC/958486255823750688","4223","https://mnregaweb4.nic.in/nregaarch/View_NMMS_atten_date_dtl_rpt.aspx?page=&short_name=UP&state_name=UTTAR%20PRADESH&state_code=31&district_name=BASTI&district_code=3153&block_name=DUBAULIYA&block_code=3153014&panchayat_name=DEHIDIHA%20BUJURG&panchayat_code=3153014010&fin_year=2025-2026&source=&work_code=3153014010/RC/958486255823750688&msr_no=4223&AttendanceDate=27/03/2026&Digest=rRFpW8jQf6Zw+2azs9yJ0Q",7
"BASTI","GAUR","DUHAWA","3153002038/LD/958486255824947013","6328","https://mnregaweb4.nic.in/nregaarch/View_NMMS_atten_date_dtl_rpt.aspx?page=&short_name=UP&state_name=UTTAR%20PRADESH&state_code=31&district_name=BASTI&district_code=3153&block_name=GAUR&block_code=3153002&panchayat_name=DUHAWA&panchayat_code=3153002038&fin_year=2025-2026&source=&work_code=3153002038/LD/958486255824947013&msr_no=6328&AttendanceDate=27/03/2026&Digest=UXkBRlGTmvDrsQFZfSFt6g",8
"BASTI","GAUR","KHUTAHANA","3153002053/AV/958486255824177566","6339","https://mnregaweb4.nic.in/nregaarch/View_NMMS_atten_date_dtl_rpt.aspx?page=&short_name=UP&state_name=UTTAR%20PRADESH&state_code=31&district_name=BASTI&district_code=3153&block_name=GAUR&block_code=3153002&panchayat_name=KHUTAHANA&panchayat_code=3153002053&fin_year=2025-2026&source=&work_code=3153002053/AV/958486255824177566&msr_no=6339&AttendanceDate=27/03/2026&Digest=Cw8mywwqPS+a2JISAKxmJg",4
"BASTI","GAUR","MAJHAUVA CHAUBEY","3153002061/WC/958486255824213629","6525","https://mnregaweb4.nic.in/nregaarch/View_NMMS_atten_date_dtl_rpt.aspx?page=&short_name=UP&state_name=UTTAR%20PRADESH&state_code=31&district_name=BASTI&district_code=3153&block_name=GAUR&block_code=3153002&panchayat_name=MAJHAUVA%20CHAUBEY&panchayat_code=3153002061&fin_year=2025-2026&source=&work_code=3153002061/WC/958486255824213629&msr_no=6525&AttendanceDate=27/03/2026&Digest=4hjHsO6k3m3rDtx8dVvVSg",3
"BASTI","GAUR","MAJHAUVA DUDTHNATH","3153002062/RC/958486255823748554","6498","https://mnregaweb4.nic.in/nregaarch/View_NMMS_atten_date_dtl_rpt.aspx?page=&short_name=UP&state_name=UTTAR%20PRADESH&state_code=31&district_name=BASTI&district_code=3153&block_name=GAUR&block_code=3153002&panchayat_name=MAJHAUVA%20DUDTHNATH&panchayat_code=3153002062&fin_year=2025-2026&source=&work_code=3153002062/RC/958486255823748554&msr_no=6498&AttendanceDate=27/03/2026&Digest=pLA/KsYYjDf5zlD3W6hx1A",9
"BASTI","GAUR","RANIPUR BABU","3153002080/IC/958486255823745018","6306","https://mnregaweb4.nic.in/nregaarch/View_NMMS_atten_date_dtl_rpt.aspx?page=&short_name=UP&state_name=UTTAR%20PRADESH&state_code=31&district_name=BASTI&district_code=3153&block_name=GAUR&block_code=3153002&panchayat_name=RANIPUR%20BABU&panchayat_code=3153002080&fin_year=2025-2026&source=&work_code=3153002080/IC/958486255823745018&msr_no=6306&AttendanceDate=27/03/2026&Digest=LoU14xPn4mRxa2YNQ1qaFg",8
"BASTI","GAUR","RANIPUR BABU","3153002080/IC/958486255823745018","6309","https://mnregaweb4.nic.in/nregaarch/View_NMMS_atten_date_dtl_rpt.aspx?page=&short_name=UP&state_name=UTTAR%20PRADESH&state_code=31&district_name=BASTI&district_code=3153&block_name=GAUR&block_code=3153002&panchayat_name=RANIPUR%20BABU&panchayat_code=3153002080&fin_year=2025-2026&source=&work_code=3153002080/IC/958486255823745018&msr_no=6309&AttendanceDate=27/03/2026&Digest=HoZB9Z1V+Vv3ri0jUe5Bng",10
"BASTI","GAUR","RANIPUR BABU","3153002080/IC/958486255823745019","6580","https://mnregaweb4.nic.in/nregaarch/View_NMMS_atten_date_dtl_rpt.aspx?page=&short_name=UP&state_name=UTTAR%20PRADESH&state_code=31&district_name=BASTI&district_code=3153&block_name=GAUR&block_code=3153002&panchayat_name=RANIPUR%20BABU&panchayat_code=3153002080&fin_year=2025-2026&source=&work_code=3153002080/IC/958486255823745019&msr_no=6580&AttendanceDate=27/03/2026&Digest=+FRGJBz7c5l6sABmD91b6w",9
"BASTI","GAUR","SUMAHI","3153002089/LD/YD/958486255825010403","6282","https://mnregaweb4.nic.in/nregaarch/View_NMMS_atten_date_dtl_rpt.aspx?page=&short_name=UP&state_name=UTTAR%20PRADESH&state_code=31&district_name=BASTI&district_code=3153&block_name=GAUR&block_code=3153002&panchayat_name=SUMAHI&panchayat_code=3153002089&fin_year=2025-2026&source=&work_code=3153002089/LD/YD/958486255825010403&msr_no=6282&AttendanceDate=27/03/2026&Digest=Vp0JijKzT2N1N6s+h2hpuw",9
"BASTI","HARRAIYA","BELBHARIYA RAM GULAM","3153003017/LD/958486255825009419","6995","https://mnregaweb4.nic.in/nregaarch/View_NMMS_atten_date_dtl_rpt.aspx?page=&short_name=UP&state_name=UTTAR%20PRADESH&state_code=31&district_name=BASTI&district_code=3153&block_name=HARRAIYA&block_code=3153003&panchayat_name=BELBHARIYA%20RAM%20GULAM&panchayat_code=3153003017&fin_year=2025-2026&source=&work_code=3153003017/LD/958486255825009419&msr_no=6995&AttendanceDate=27/03/2026&Digest=L34rjZNDQPtdB7aS+1NyWw",10
"BASTI","HARRAIYA","BELBHARIYA RAM GULAM","3153003017/LD/958486255825009419","6998","https://mnregaweb4.nic.in/nregaarch/View_NMMS_atten_date_dtl_rpt.aspx?page=&short_name=UP&state_name=UTTAR%20PRADESH&state_code=31&district_name=BASTI&district_code=3153&block_name=HARRAIYA&block_code=3153003&panchayat_name=BELBHARIYA%20RAM%20GULAM&panchayat_code=3153003017&fin_year=2025-2026&source=&work_code=3153003017/LD/958486255825009419&msr_no=6998&AttendanceDate=27/03/2026&Digest=Ph7My0T62LnchcUabY6iFg",10
"BASTI","HARRAIYA","BHAIRO PUR","3153003027/RC/YD/958486255823736252","6943","https://mnregaweb4.nic.in/nregaarch/View_NMMS_atten_date_dtl_rpt.aspx?page=&short_name=UP&state_name=UTTAR%20PRADESH&state_code=31&district_name=BASTI&district_code=3153&block_name=HARRAIYA&block_code=3153003&panchayat_name=BHAIRO%20PUR&panchayat_code=3153003027&fin_year=2025-2026&source=&work_code=3153003027/RC/YD/958486255823736252&msr_no=6943&AttendanceDate=27/03/2026&Digest=qb8zTOnF8BOqAv+BNWu44w",10
"BASTI","HARRAIYA","BANS GAW","3153003031/LD/958486255824940352","6901","https://mnregaweb4.nic.in/nregaarch/View_NMMS_atten_date_dtl_rpt.aspx?page=&short_name=UP&state_name=UTTAR%20PRADESH&state_code=31&district_name=BASTI&district_code=3153&block_name=HARRAIYA&block_code=3153003&panchayat_name=BANS%20GAW&panchayat_code=3153003031&fin_year=2025-2026&source=&work_code=3153003031/LD/958486255824940352&msr_no=6901&AttendanceDate=27/03/2026&Digest=PHLbnp5ElI9N3h0OcEwqww",6
"BASTI","HARRAIYA","SANGRAM PUR","3153003035/LD/958486255824958169","6824","https://mnregaweb4.nic.in/nregaarch/View_NMMS_atten_date_dtl_rpt.aspx?page=&short_name=UP&state_name=UTTAR%20PRADESH&state_code=31&district_name=BASTI&district_code=3153&block_name=HARRAIYA&block_code=3153003&panchayat_name=SANGRAM%20PUR&panchayat_code=3153003035&fin_year=2025-2026&source=&work_code=3153003035/LD/958486255824958169&msr_no=6824&AttendanceDate=27/03/2026&Digest=ndcICTNQ6b4LvcHIIK+wQw",10
"BASTI","HARRAIYA","DUHWA MISHR","3153003037/LD/958486255824957650","6964","https://mnregaweb4.nic.in/nregaarch/View_NMMS_atten_date_dtl_rpt.aspx?page=&short_name=UP&state_name=UTTAR%20PRADESH&state_code=31&district_name=BASTI&district_code=3153&block_name=HARRAIYA&block_code=3153003&panchayat_name=DUHWA%20MISHR&panchayat_code=3153003037&fin_year=2025-2026&source=&work_code=3153003037/LD/958486255824957650&msr_no=6964&AttendanceDate=27/03/2026&Digest=u14EFlszRX+i1Xw+hfTKJg",9
"BASTI","HARRAIYA","MARWATIA BHAWAN","3153003039/AV/958486255824176086","6918","https://mnregaweb4.nic.in/nregaarch/View_NMMS_atten_date_dtl_rpt.aspx?page=&short_name=UP&state_name=UTTAR%20PRADESH&state_code=31&district_name=BASTI&district_code=3153&block_name=HARRAIYA&block_code=3153003&panchayat_name=MARWATIA%20BHAWAN&panchayat_code=3153003039&fin_year=2025-2026&source=&work_code=3153003039/AV/958486255824176086&msr_no=6918&AttendanceDate=27/03/2026&Digest=Wxjx8ekOstAz7W5AysKLrw",10
"BASTI","HARRAIYA","NADAYEN","3153003042/LD/958486255824955644","6905","https://mnregaweb4.nic.in/nregaarch/View_NMMS_atten_date_dtl_rpt.aspx?page=&short_name=UP&state_name=UTTAR%20PRADESH&state_code=31&district_name=BASTI&district_code=3153&block_name=HARRAIYA&block_code=3153003&panchayat_name=NADAYEN&panchayat_code=3153003042&fin_year=2025-2026&source=&work_code=3153003042/LD/958486255824955644&msr_no=6905&AttendanceDate=27/03/2026&Digest=4/ESi9BHFEdg7vZs+GBX3g",10
"BASTI","HARRAIYA","NADAYEN","3153003042/LD/958486255824955644","6908","https://mnregaweb4.nic.in/nregaarch/View_NMMS_atten_date_dtl_rpt.aspx?page=&short_name=UP&state_name=UTTAR%20PRADESH&state_code=31&district_name=BASTI&district_code=3153&block_name=HARRAIYA&block_code=3153003&panchayat_name=NADAYEN&panchayat_code=3153003042&fin_year=2025-2026&source=&work_code=3153003042/LD/958486255824955644&msr_no=6908&AttendanceDate=27/03/2026&Digest=KA8BqQHcIOrHIpgHglqv/g",10
"BASTI","HARRAIYA","BHARGAWA","3153003058/LD/958486255824611296","6963","https://mnregaweb4.nic.in/nregaarch/View_NMMS_atten_date_dtl_rpt.aspx?page=&short_name=UP&state_name=UTTAR%20PRADESH&state_code=31&district_name=BASTI&district_code=3153&block_name=HARRAIYA&block_code=3153003&panchayat_name=BHARGAWA&panchayat_code=3153003058&fin_year=2025-2026&source=&work_code=3153003058/LD/958486255824611296&msr_no=6963&AttendanceDate=27/03/2026&Digest=qLkkmMl1VNx7IVLYY6DRJg",9
"BASTI","HARRAIYA","BHADAWAL KALA","3153003074/LD/958486255825010527","6870","https://mnregaweb4.nic.in/nregaarch/View_NMMS_atten_date_dtl_rpt.aspx?page=&short_name=UP&state_name=UTTAR%20PRADESH&state_code=31&district_name=BASTI&district_code=3153&block_name=HARRAIYA&block_code=3153003&panchayat_name=BHADAWAL%20KALA&panchayat_code=3153003074&fin_year=2025-2026&source=&work_code=3153003074/LD/958486255825010527&msr_no=6870&AttendanceDate=27/03/2026&Digest=o/MHcUa/i6pAYtP/Z+tO/w",7
"BASTI","HARRAIYA","KHAIRI OJHA","3153003075/RC/958486255823728315","6928","https://mnregaweb4.nic.in/nregaarch/View_NMMS_atten_date_dtl_rpt.aspx?page=&short_name=UP&state_name=UTTAR%20PRADESH&state_code=31&district_name=BASTI&district_code=3153&block_name=HARRAIYA&block_code=3153003&panchayat_name=KHAIRI%20OJHA&panchayat_code=3153003075&fin_year=2025-2026&source=&work_code=3153003075/RC/958486255823728315&msr_no=6928&AttendanceDate=27/03/2026&Digest=5HVA4gbDfkdXOlzPlVZO5w",8
"BASTI","HARRAIYA","SHAMBHUPUR","3153003077/WC/958486255823257967","6841","https://mnregaweb4.nic.in/nregaarch/View_NMMS_atten_date_dtl_rpt.aspx?page=&short_name=UP&state_name=UTTAR%20PRADESH&state_code=31&district_name=BASTI&district_code=3153&block_name=HARRAIYA&block_code=3153003&panchayat_name=SHAMBHUPUR&panchayat_code=3153003077&fin_year=2025-2026&source=&work_code=3153003077/WC/958486255823257967&msr_no=6841&AttendanceDate=27/03/2026&Digest=MWRt6/oXbeHTlpuKL0dCBQ",10
"BASTI","HARRAIYA","KISHUNPUR","3153003084/RC/958486255823446020","6950","https://mnregaweb4.nic.in/nregaarch/View_NMMS_atten_date_dtl_rpt.aspx?page=&short_name=UP&state_name=UTTAR%20PRADESH&state_code=31&district_name=BASTI&district_code=3153&block_name=HARRAIYA&block_code=3153003&panchayat_name=KISHUNPUR&panchayat_code=3153003084&fin_year=2025-2026&source=&work_code=3153003084/RC/958486255823446020&msr_no=6950&AttendanceDate=27/03/2026&Digest=AgUtQARUpORrCZY/NbsA3A",2
"BASTI","HARRAIYA","RAJAULI","3153003097/IC/958486255823741420","6882","https://mnregaweb4.nic.in/nregaarch/View_NMMS_atten_date_dtl_rpt.aspx?page=&short_name=UP&state_name=UTTAR%20PRADESH&state_code=31&district_name=BASTI&district_code=3153&block_name=HARRAIYA&block_code=3153003&panchayat_name=RAJAULI&panchayat_code=3153003097&fin_year=2025-2026&source=&work_code=3153003097/IC/958486255823741420&msr_no=6882&AttendanceDate=27/03/2026&Digest=66eQaytsQpirlhFcpmo8zg",10
"BASTI","KAPTANGANJ","SARWALIYA","3153005034/RC/958486255823718357","4937","https://mnregaweb4.nic.in/nregaarch/View_NMMS_atten_date_dtl_rpt.aspx?page=&short_name=UP&state_name=UTTAR%20PRADESH&state_code=31&district_name=BASTI&district_code=3153&block_name=KAPTANGANJ&block_code=3153005&panchayat_name=SARWALIYA&panchayat_code=3153005034&fin_year=2025-2026&source=&work_code=3153005034/RC/958486255823718357&msr_no=4937&AttendanceDate=27/03/2026&Digest=VXnEHGn3gunDiOcL5VA02w",4
"BASTI","KAPTANGANJ","BARHNI","3153005046/RC/YD/958486255823698429","4927","https://mnregaweb4.nic.in/nregaarch/View_NMMS_atten_date_dtl_rpt.aspx?page=&short_name=UP&state_name=UTTAR%20PRADESH&state_code=31&district_name=BASTI&district_code=3153&block_name=KAPTANGANJ&block_code=3153005&panchayat_name=BARHNI&panchayat_code=3153005046&fin_year=2025-2026&source=&work_code=3153005046/RC/YD/958486255823698429&msr_no=4927&AttendanceDate=27/03/2026&Digest=k0ki6UnIYrH/poV88Iuvsw",10
"BASTI","KAPTANGANJ","POKHRA","3153005054/RC/958486255823652439","4947","https://mnregaweb4.nic.in/nregaarch/View_NMMS_atten_date_dtl_rpt.aspx?page=&short_name=UP&state_name=UTTAR%20PRADESH&state_code=31&district_name=BASTI&district_code=3153&block_name=KAPTANGANJ&block_code=3153005&panchayat_name=POKHRA&panchayat_code=3153005054&fin_year=2025-2026&source=&work_code=3153005054/RC/958486255823652439&msr_no=4947&AttendanceDate=27/03/2026&Digest=m5zX0z/Oijln0PcgntIlqQ",10
"BASTI","KAPTANGANJ","POKHRA","3153005054/RC/958486255823736568","5046","https://mnregaweb4.nic.in/nregaarch/View_NMMS_atten_date_dtl_rpt.aspx?page=&short_name=UP&state_name=UTTAR%20PRADESH&state_code=31&district_name=BASTI&district_code=3153&block_name=KAPTANGANJ&block_code=3153005&panchayat_name=POKHRA&panchayat_code=3153005054&fin_year=2025-2026&source=&work_code=3153005054/RC/958486255823736568&msr_no=5046&AttendanceDate=27/03/2026&Digest=3dXwRYNkr5SGM1AaVBHt2w",10
"BASTI","KAPTANGANJ","PARIWARPUR","3153005058/RC/958486255823693209","4820","https://mnregaweb4.nic.in/nregaarch/View_NMMS_atten_date_dtl_rpt.aspx?page=&short_name=UP&state_name=UTTAR%20PRADESH&state_code=31&district_name=BASTI&district_code=3153&block_name=KAPTANGANJ&block_code=3153005&panchayat_name=PARIWARPUR&panchayat_code=3153005058&fin_year=2025-2026&source=&work_code=3153005058/RC/958486255823693209&msr_no=4820&AttendanceDate=27/03/2026&Digest=QhgsrGZakmYhd61cL8bagg",6
"BASTI","KUDARAHA","AKELA KUBERPUR","3153013008/RC/958486255823749187","8330","https://mnregaweb4.nic.in/nregaarch/View_NMMS_atten_date_dtl_rpt.aspx?page=&short_name=UP&state_name=UTTAR%20PRADESH&state_code=31&district_name=BASTI&district_code=3153&block_name=KUDARAHA&block_code=3153013&panchayat_name=AKELA%20KUBERPUR&panchayat_code=3153013008&fin_year=2025-2026&source=&work_code=3153013008/RC/958486255823749187&msr_no=8330&AttendanceDate=27/03/2026&Digest=AYXA5pRuNaqdodtSyWJfGA",10
"BASTI","KUDARAHA","RASOOLPUR","3153013020/RC/958486255823670231","7966","https://mnregaweb4.nic.in/nregaarch/View_NMMS_atten_date_dtl_rpt.aspx?page=&short_name=UP&state_name=UTTAR%20PRADESH&state_code=31&district_name=BASTI&district_code=3153&block_name=KUDARAHA&block_code=3153013&panchayat_name=RASOOLPUR&panchayat_code=3153013020&fin_year=2025-2026&source=&work_code=3153013020/RC/958486255823670231&msr_no=7966&AttendanceDate=27/03/2026&Digest=wIPflShAWN/U5whgqbJSJg",10
"BASTI","KUDARAHA","RASOOLPUR","3153013020/RC/958486255823670231","7969","https://mnregaweb4.nic.in/nregaarch/View_NMMS_atten_date_dtl_rpt.aspx?page=&short_name=UP&state_name=UTTAR%20PRADESH&state_code=31&district_name=BASTI&district_code=3153&block_name=KUDARAHA&block_code=3153013&panchayat_name=RASOOLPUR&panchayat_code=3153013020&fin_year=2025-2026&source=&work_code=3153013020/RC/958486255823670231&msr_no=7969&AttendanceDate=27/03/2026&Digest=aKxqGvU8S1A4PAJVVILbEA",10
"BASTI","KUDARAHA","RASOOLPUR","3153013020/RC/958486255823670231","7972","https://mnregaweb4.nic.in/nregaarch/View_NMMS_atten_date_dtl_rpt.aspx?page=&short_name=UP&state_name=UTTAR%20PRADESH&state_code=31&district_name=BASTI&district_code=3153&block_name=KUDARAHA&block_code=3153013&panchayat_name=RASOOLPUR&panchayat_code=3153013020&fin_year=2025-2026&source=&work_code=3153013020/RC/958486255823670231&msr_no=7972&AttendanceDate=27/03/2026&Digest=yud1yVDqxGS8VwE4spBeRw",9
"BASTI","KUDARAHA","GAURA ROHARI","3153013024/FP/958486255823604468","8208","https://mnregaweb4.nic.in/nregaarch/View_NMMS_atten_date_dtl_rpt.aspx?page=&short_name=UP&state_name=UTTAR%20PRADESH&state_code=31&district_name=BASTI&district_code=3153&block_name=KUDARAHA&block_code=3153013&panchayat_name=GAURA%20ROHARI&panchayat_code=3153013024&fin_year=2025-2026&source=&work_code=3153013024/FP/958486255823604468&msr_no=8208&AttendanceDate=27/03/2026&Digest=z4iSn/Q0AfMH36jk3PYCXA",10
"BASTI","KUDARAHA","GAURA ROHARI","3153013024/FP/958486255823604468","8211","https://mnregaweb4.nic.in/nregaarch/View_NMMS_atten_date_dtl_rpt.aspx?page=&short_name=UP&state_name=UTTAR%20PRADESH&state_code=31&district_name=BASTI&district_code=3153&block_name=KUDARAHA&block_code=3153013&panchayat_name=GAURA%20ROHARI&panchayat_code=3153013024&fin_year=2025-2026&source=&work_code=3153013024/FP/958486255823604468&msr_no=8211&AttendanceDate=27/03/2026&Digest=xC1gmX/jdPKMoTHc1sYR+Q",2
"BASTI","KUDARAHA","THANWA MUDYARI","3153013027/LD/958486255824954841","7822","https://mnregaweb4.nic.in/nregaarch/View_NMMS_atten_date_dtl_rpt.aspx?page=&short_name=UP&state_name=UTTAR%20PRADESH&state_code=31&district_name=BASTI&district_code=3153&block_name=KUDARAHA&block_code=3153013&panchayat_name=THANWA%20MUDYARI&panchayat_code=3153013027&fin_year=2025-2026&source=&work_code=3153013027/LD/958486255824954841&msr_no=7822&AttendanceDate=27/03/2026&Digest=APhikM9APL6c2pJcjnppuw",1
"BASTI","KUDARAHA","KORMA","3153013029/RC/958486255823748490","8155","https://mnregaweb4.nic.in/nregaarch/View_NMMS_atten_date_dtl_rpt.aspx?page=&short_name=UP&state_name=UTTAR%20PRADESH&state_code=31&district_name=BASTI&district_code=3153&block_name=KUDARAHA&block_code=3153013&panchayat_name=KORMA&panchayat_code=3153013029&fin_year=2025-2026&source=&work_code=3153013029/RC/958486255823748490&msr_no=8155&AttendanceDate=27/03/2026&Digest=hLukHsg6TCIRBZSfIJRymw",2
"BASTI","KUDARAHA","KORMA","3153013029/RC/958486255823748565","7911","https://mnregaweb4.nic.in/nregaarch/View_NMMS_atten_date_dtl_rpt.aspx?page=&short_name=UP&state_name=UTTAR%20PRADESH&state_code=31&district_name=BASTI&district_code=3153&block_name=KUDARAHA&block_code=3153013&panchayat_name=KORMA&panchayat_code=3153013029&fin_year=2025-2026&source=&work_code=3153013029/RC/958486255823748565&msr_no=7911&AttendanceDate=27/03/2026&Digest=LHIS2t5SzUrn+y+AfI4JbQ",9
"BASTI","KUDARAHA","CHARKAILA","3153013033/RC/958486255823751272","8146","https://mnregaweb4.nic.in/nregaarch/View_NMMS_atten_date_dtl_rpt.aspx?page=&short_name=UP&state_name=UTTAR%20PRADESH&state_code=31&district_name=BASTI&district_code=3153&block_name=KUDARAHA&block_code=3153013&panchayat_name=CHARKAILA&panchayat_code=3153013033&fin_year=2025-2026&source=&work_code=3153013033/RC/958486255823751272&msr_no=8146&AttendanceDate=27/03/2026&Digest=ke9zOMD4Dtixrny238NSUw",6
"BASTI","KUDARAHA","JAGANNATHPUR","3153013035/LD/958486255824982495","7659","https://mnregaweb4.nic.in/nregaarch/View_NMMS_atten_date_dtl_rpt.aspx?page=&short_name=UP&state_name=UTTAR%20PRADESH&state_code=31&district_name=BASTI&district_code=3153&block_name=KUDARAHA&block_code=3153013&panchayat_name=JAGANNATHPUR&panchayat_code=3153013035&fin_year=2025-2026&source=&work_code=3153013035/LD/958486255824982495&msr_no=7659&AttendanceDate=27/03/2026&Digest=UP2K5Usaiqwv+m/aRQkFpw",10
"BASTI","KUDARAHA","KABRA KHAS","3153013043/RC/958486255823706794","7871","https://mnregaweb4.nic.in/nregaarch/View_NMMS_atten_date_dtl_rpt.aspx?page=&short_name=UP&state_name=UTTAR%20PRADESH&state_code=31&district_name=BASTI&district_code=3153&block_name=KUDARAHA&block_code=3153013&panchayat_name=KABRA%20KHAS&panchayat_code=3153013043&fin_year=2025-2026&source=&work_code=3153013043/RC/958486255823706794&msr_no=7871&AttendanceDate=27/03/2026&Digest=QPOmcaWy/mtjUQ1huu5flA",10
"BASTI","DUBAULIYA","ASHOK PUR","3153014003/RC/958486255823554950","4346","https://mnregaweb4.nic.in/nregaarch/View_NMMS_atten_date_dtl_rpt.aspx?page=&short_name=UP&state_name=UTTAR%20PRADESH&state_code=31&district_name=BASTI&district_code=3153&block_name=DUBAULIYA&block_code=3153014&panchayat_name=ASHOK%20PUR&panchayat_code=3153014003&fin_year=2025-2026&source=&work_code=3153014003/RC/958486255823554950&msr_no=4346&AttendanceDate=27/03/2026&Digest=kSn6O+OQ/BVwgddVg+peJg",1
"BASTI","DUBAULIYA","DEWRAGANGWAR","3153014015/LD/958486255825001480","4188","https://mnregaweb4.nic.in/nregaarch/View_NMMS_atten_date_dtl_rpt.aspx?page=&short_name=UP&state_name=UTTAR%20PRADESH&state_code=31&district_name=BASTI&district_code=3153&block_name=DUBAULIYA&block_code=3153014&panchayat_name=DEWRAGANGWAR&panchayat_code=3153014015&fin_year=2025-2026&source=&work_code=3153014015/LD/958486255825001480&msr_no=4188&AttendanceDate=27/03/2026&Digest=jtmgbDCW/Es6LqJcz7GrnQ",2
"BASTI","DUBAULIYA","DEWRAGANGWAR","3153014015/LD/958486255825001483","4189","https://mnregaweb4.nic.in/nregaarch/View_NMMS_atten_date_dtl_rpt.aspx?page=&short_name=UP&state_name=UTTAR%20PRADESH&state_code=31&district_name=BASTI&district_code=3153&block_name=DUBAULIYA&block_code=3153014&panchayat_name=DEWRAGANGWAR&panchayat_code=3153014015&fin_year=2025-2026&source=&work_code=3153014015/LD/958486255825001483&msr_no=4189&AttendanceDate=27/03/2026&Digest=q00ap55pE39fzDTmiaNTOQ",10
"BASTI","DUBAULIYA","PAYAK PUR","3153014025/RC/958486255823750947","4298","https://mnregaweb4.nic.in/nregaarch/View_NMMS_atten_date_dtl_rpt.aspx?page=&short_name=UP&state_name=UTTAR%20PRADESH&state_code=31&district_name=BASTI&district_code=3153&block_name=DUBAULIYA&block_code=3153014&panchayat_name=PAYAK%20PUR&panchayat_code=3153014025&fin_year=2025-2026&source=&work_code=3153014025/RC/958486255823750947&msr_no=4298&AttendanceDate=27/03/2026&Digest=C/KfMW79qP100CHOYWc4wg",10
"BASTI","DUBAULIYA","BHIURA","3153014026/RC/958486255823732619","4340","https://mnregaweb4.nic.in/nregaarch/View_NMMS_atten_date_dtl_rpt.aspx?page=&short_name=UP&state_name=UTTAR%20PRADESH&state_code=31&district_name=BASTI&district_code=3153&block_name=DUBAULIYA&block_code=3153014&panchayat_name=BHIURA&panchayat_code=3153014026&fin_year=2025-2026&source=&work_code=3153014026/RC/958486255823732619&msr_no=4340&AttendanceDate=27/03/2026&Digest=QJhtEJe0nWWrfULzRYzoCA",1
"BASTI","DUBAULIYA","DUBAULIYA","3153014029/RC/958486255823737184","4136","https://mnregaweb4.nic.in/nregaarch/View_NMMS_atten_date_dtl_rpt.aspx?page=&short_name=UP&state_name=UTTAR%20PRADESH&state_code=31&district_name=BASTI&district_code=3153&block_name=DUBAULIYA&block_code=3153014&panchayat_name=DUBAULIYA&panchayat_code=3153014029&fin_year=2025-2026&source=&work_code=3153014029/RC/958486255823737184&msr_no=4136&AttendanceDate=27/03/2026&Digest=14kR9jBXK0Iq1R7NDvMjBQ",3
"BASTI","DUBAULIYA","DUBAULIYA","3153014029/RC/958486255823749639","4383","https://mnregaweb4.nic.in/nregaarch/View_NMMS_atten_date_dtl_rpt.aspx?page=&short_name=UP&state_name=UTTAR%20PRADESH&state_code=31&district_name=BASTI&district_code=3153&block_name=DUBAULIYA&block_code=3153014&panchayat_name=DUBAULIYA&panchayat_code=3153014029&fin_year=2025-2026&source=&work_code=3153014029/RC/958486255823749639&msr_no=4383&AttendanceDate=27/03/2026&Digest=9Ga62f+OZg8Iw4UARDrtGg",6
"BASTI","DUBAULIYA","BHAKRAHI","3153014035/RC/958486255823750365","4162","https://mnregaweb4.nic.in/nregaarch/View_NMMS_atten_date_dtl_rpt.aspx?page=&short_name=UP&state_name=UTTAR%20PRADESH&state_code=31&district_name=BASTI&district_code=3153&block_name=DUBAULIYA&block_code=3153014&panchayat_name=BHAKRAHI&panchayat_code=3153014035&fin_year=2025-2026&source=&work_code=3153014035/RC/958486255823750365&msr_no=4162&AttendanceDate=27/03/2026&Digest=ZLAFGLopFiq5I9dEdMRGLQ",3
"BASTI","DUBAULIYA","TIGHRA","3153014041/RC/958486255823694419","4290","https://mnregaweb4.nic.in/nregaarch/View_NMMS_atten_date_dtl_rpt.aspx?page=&short_name=UP&state_name=UTTAR%20PRADESH&state_code=31&district_name=BASTI&district_code=3153&block_name=DUBAULIYA&block_code=3153014&panchayat_name=TIGHRA&panchayat_code=3153014041&fin_year=2025-2026&source=&work_code=3153014041/RC/958486255823694419&msr_no=4290&AttendanceDate=27/03/2026&Digest=4swMrKxig9ylyb7w/3xgqw",9
"BASTI","DUBAULIYA","TIGHRA","3153014041/RC/958486255823750592","4288","https://mnregaweb4.nic.in/nregaarch/View_NMMS_atten_date_dtl_rpt.aspx?page=&short_name=UP&state_name=UTTAR%20PRADESH&state_code=31&district_name=BASTI&district_code=3153&block_name=DUBAULIYA&block_code=3153014&panchayat_name=TIGHRA&panchayat_code=3153014041&fin_year=2025-2026&source=&work_code=3153014041/RC/958486255823750592&msr_no=4288&AttendanceDate=27/03/2026&Digest=Y2CaKLk6kWn40Ow+0cJ+PA",8
"BASTI","DUBAULIYA","SARAIYA BAKSI","3153014046/RC/958486255823727877","4397","https://mnregaweb4.nic.in/nregaarch/View_NMMS_atten_date_dtl_rpt.aspx?page=&short_name=UP&state_name=UTTAR%20PRADESH&state_code=31&district_name=BASTI&district_code=3153&block_name=DUBAULIYA&block_code=3153014&panchayat_name=SARAIYA%20BAKSI&panchayat_code=3153014046&fin_year=2025-2026&source=&work_code=3153014046/RC/958486255823727877&msr_no=4397&AttendanceDate=27/03/2026&Digest=6NBCNRJF4f1oGzl2AJudqw",8
"BASTI","DUBAULIYA","SARAIYA BAKSI","3153014046/RC/958486255823727878","4398","https://mnregaweb4.nic.in/nregaarch/View_NMMS_atten_date_dtl_rpt.aspx?page=&short_name=UP&state_name=UTTAR%20PRADESH&state_code=31&district_name=BASTI&district_code=3153&block_name=DUBAULIYA&block_code=3153014&panchayat_name=SARAIYA%20BAKSI&panchayat_code=3153014046&fin_year=2025-2026&source=&work_code=3153014046/RC/958486255823727878&msr_no=4398&AttendanceDate=27/03/2026&Digest=42cuz+/W5IfwxdmN2RAGuA",10
"BASTI","DUBAULIYA","BARSAV","3153014055/RC/958486255823751326","4268","https://mnregaweb4.nic.in/nregaarch/View_NMMS_atten_date_dtl_rpt.aspx?page=&short_name=UP&state_name=UTTAR%20PRADESH&state_code=31&district_name=BASTI&district_code=3153&block_name=DUBAULIYA&block_code=3153014&panchayat_name=BARSAV&panchayat_code=3153014055&fin_year=2025-2026&source=&work_code=3153014055/RC/958486255823751326&msr_no=4268&AttendanceDate=27/03/2026&Digest=NOIss2B7yCHtJiUbobV3KQ",10
"BASTI","DUBAULIYA","BARSAV","3153014055/RC/958486255823751326","4271","https://mnregaweb4.nic.in/nregaarch/View_NMMS_atten_date_dtl_rpt.aspx?page=&short_name=UP&state_name=UTTAR%20PRADESH&state_code=31&district_name=BASTI&district_code=3153&block_name=DUBAULIYA&block_code=3153014&panchayat_name=BARSAV&panchayat_code=3153014055&fin_year=2025-2026&source=&work_code=3153014055/RC/958486255823751326&msr_no=4271&AttendanceDate=27/03/2026&Digest=mby3jHxnW0+eOYKY8KSW3A",10
"BASTI","DUBAULIYA","BASANTPUR","3153014056/RC/958486255823751367","4283","https://mnregaweb4.nic.in/nregaarch/View_NMMS_atten_date_dtl_rpt.aspx?page=&short_name=UP&state_name=UTTAR%20PRADESH&state_code=31&district_name=BASTI&district_code=3153&block_name=DUBAULIYA&block_code=3153014&panchayat_name=BASANTPUR&panchayat_code=3153014056&fin_year=2025-2026&source=&work_code=3153014056/RC/958486255823751367&msr_no=4283&AttendanceDate=27/03/2026&Digest=72pX3jGu40OWCFEvuaH3eg",2
"BASTI","DUBAULIYA","HARIPAL PUR","3153014060/RC/958486255823749903","4220","https://mnregaweb4.nic.in/nregaarch/View_NMMS_atten_date_dtl_rpt.aspx?page=&short_name=UP&state_name=UTTAR%20PRADESH&state_code=31&district_name=BASTI&district_code=3153&block_name=DUBAULIYA&block_code=3153014&panchayat_name=HARIPAL%20PUR&panchayat_code=3153014060&fin_year=2025-2026&source=&work_code=3153014060/RC/958486255823749903&msr_no=4220&AttendanceDate=27/03/2026&Digest=/q9ttrdEdBFvY1Ob7ve9Eg",3
"BASTI","GAUR","ASANHARA","3153002006/RC/958486255823746228","6486","https://mnregaweb4.nic.in/nregaarch/View_NMMS_atten_date_dtl_rpt.aspx?page=&short_name=UP&state_name=UTTAR%20PRADESH&state_code=31&district_name=BASTI&district_code=3153&block_name=GAUR&block_code=3153002&panchayat_name=ASANHARA&panchayat_code=3153002006&fin_year=2025-2026&source=&work_code=3153002006/RC/958486255823746228&msr_no=6486&AttendanceDate=27/03/2026&Digest=Hsn1pVmEyZ1jR8M1JjSNMQ",8
"BASTI","GAUR","HARDI","3153002043/IC/958486255823744557","6401","https://mnregaweb4.nic.in/nregaarch/View_NMMS_atten_date_dtl_rpt.aspx?page=&short_name=UP&state_name=UTTAR%20PRADESH&state_code=31&district_name=BASTI&district_code=3153&block_name=GAUR&block_code=3153002&panchayat_name=HARDI&panchayat_code=3153002043&fin_year=2025-2026&source=&work_code=3153002043/IC/958486255823744557&msr_no=6401&AttendanceDate=27/03/2026&Digest=wW9VeOTbhrX99/hhnDI7oA",6
"BASTI","GAUR","HARDI","3153002043/WC/958486255824252613","6406","https://mnregaweb4.nic.in/nregaarch/View_NMMS_atten_date_dtl_rpt.aspx?page=&short_name=UP&state_name=UTTAR%20PRADESH&state_code=31&district_name=BASTI&district_code=3153&block_name=GAUR&block_code=3153002&panchayat_name=HARDI&panchayat_code=3153002043&fin_year=2025-2026&source=&work_code=3153002043/WC/958486255824252613&msr_no=6406&AttendanceDate=27/03/2026&Digest=Qx1dUbVHw3Phhoaec9if1w",10
"BASTI","GAUR","KHUTAHANA","3153002053/AV/958486255824177566","6340","https://mnregaweb4.nic.in/nregaarch/View_NMMS_atten_date_dtl_rpt.aspx?page=&short_name=UP&state_name=UTTAR%20PRADESH&state_code=31&district_name=BASTI&district_code=3153&block_name=GAUR&block_code=3153002&panchayat_name=KHUTAHANA&panchayat_code=3153002053&fin_year=2025-2026&source=&work_code=3153002053/AV/958486255824177566&msr_no=6340&AttendanceDate=27/03/2026&Digest=Jb+neoV9QOSSsMmbfuezug",1
"BASTI","GAUR","MAJHAMAANPUR","3153002060/LD/958486255825005760","6624","https://mnregaweb4.nic.in/nregaarch/View_NMMS_atten_date_dtl_rpt.aspx?page=&short_name=UP&state_name=UTTAR%20PRADESH&state_code=31&district_name=BASTI&district_code=3153&block_name=GAUR&block_code=3153002&panchayat_name=MAJHAMAANPUR&panchayat_code=3153002060&fin_year=2025-2026&source=&work_code=3153002060/LD/958486255825005760&msr_no=6624&AttendanceDate=27/03/2026&Digest=wuGRT5O0Gk3+8f+zBbaxwg",3
"BASTI","GAUR","RANIPUR BABU","3153002080/IC/958486255823745018","6308","https://mnregaweb4.nic.in/nregaarch/View_NMMS_atten_date_dtl_rpt.aspx?page=&short_name=UP&state_name=UTTAR%20PRADESH&state_code=31&district_name=BASTI&district_code=3153&block_name=GAUR&block_code=3153002&panchayat_name=RANIPUR%20BABU&panchayat_code=3153002080&fin_year=2025-2026&source=&work_code=3153002080/IC/958486255823745018&msr_no=6308&AttendanceDate=27/03/2026&Digest=BhtK6GZY2OaAlPUM10VWPA",9
"BASTI","GAUR","RANIPUR BABU","3153002080/IC/958486255823745018","6311","https://mnregaweb4.nic.in/nregaarch/View_NMMS_atten_date_dtl_rpt.aspx?page=&short_name=UP&state_name=UTTAR%20PRADESH&state_code=31&district_name=BASTI&district_code=3153&block_name=GAUR&block_code=3153002&panchayat_name=RANIPUR%20BABU&panchayat_code=3153002080&fin_year=2025-2026&source=&work_code=3153002080/IC/958486255823745018&msr_no=6311&AttendanceDate=27/03/2026&Digest=qK9nnBNyIoYbQMlPTStsyQ",5
"BASTI","GAUR","RANIPUR BABU","3153002080/IC/958486255823745019","6579","https://mnregaweb4.nic.in/nregaarch/View_NMMS_atten_date_dtl_rpt.aspx?page=&short_name=UP&state_name=UTTAR%20PRADESH&state_code=31&district_name=BASTI&district_code=3153&block_name=GAUR&block_code=3153002&panchayat_name=RANIPUR%20BABU&panchayat_code=3153002080&fin_year=2025-2026&source=&work_code=3153002080/IC/958486255823745019&msr_no=6579&AttendanceDate=27/03/2026&Digest=4PbZwIMfQsZbkBpacwI0VQ",8
"BASTI","GAUR","SHEMRA","3153002086/LD/958486255825004508","6385","https://mnregaweb4.nic.in/nregaarch/View_NMMS_atten_date_dtl_rpt.aspx?page=&short_name=UP&state_name=UTTAR%20PRADESH&state_code=31&district_name=BASTI&district_code=3153&block_name=GAUR&block_code=3153002&panchayat_name=SHEMRA&panchayat_code=3153002086&fin_year=2025-2026&source=&work_code=3153002086/LD/958486255825004508&msr_no=6385&AttendanceDate=27/03/2026&Digest=qDbOnXEMyKDj8ba3DOp/Dg",10
"BASTI","GAUR","SHEMRA","3153002086/LD/958486255825004508","6388","https://mnregaweb4.nic.in/nregaarch/View_NMMS_atten_date_dtl_rpt.aspx?page=&short_name=UP&state_name=UTTAR%20PRADESH&state_code=31&district_name=BASTI&district_code=3153&block_name=GAUR&block_code=3153002&panchayat_name=SHEMRA&panchayat_code=3153002086&fin_year=2025-2026&source=&work_code=3153002086/LD/958486255825004508&msr_no=6388&AttendanceDate=27/03/2026&Digest=VY5afhhAPBpTrhJGqbmYdQ",4
"BASTI","GAUR","TENUI CHET SINGH","3153002092/IC/958486255823746518","6573","https://mnregaweb4.nic.in/nregaarch/View_NMMS_atten_date_dtl_rpt.aspx?page=&short_name=UP&state_name=UTTAR%20PRADESH&state_code=31&district_name=BASTI&district_code=3153&block_name=GAUR&block_code=3153002&panchayat_name=TENUI%20CHET%20SINGH&panchayat_code=3153002092&fin_year=2025-2026&source=&work_code=3153002092/IC/958486255823746518&msr_no=6573&AttendanceDate=27/03/2026&Digest=bMzHYDAGN2D0p+RkadvYhQ",10
"BASTI","GAUR","TENUI CHET SINGH","3153002092/IC/958486255823746518","6576","https://mnregaweb4.nic.in/nregaarch/View_NMMS_atten_date_dtl_rpt.aspx?page=&short_name=UP&state_name=UTTAR%20PRADESH&state_code=31&district_name=BASTI&district_code=3153&block_name=GAUR&block_code=3153002&panchayat_name=TENUI%20CHET%20SINGH&panchayat_code=3153002092&fin_year=2025-2026&source=&work_code=3153002092/IC/958486255823746518&msr_no=6576&AttendanceDate=27/03/2026&Digest=TRa0wO9NCpmRK9gZCFyAXw",10
"BASTI","GAUR","GHAGHARIYA","3153002094/LD/958486255824988251","6390","https://mnregaweb4.nic.in/nregaarch/View_NMMS_atten_date_dtl_rpt.aspx?page=&short_name=UP&state_name=UTTAR%20PRADESH&state_code=31&district_name=BASTI&district_code=3153&block_name=GAUR&block_code=3153002&panchayat_name=GHAGHARIYA&panchayat_code=3153002094&fin_year=2025-2026&source=&work_code=3153002094/LD/958486255824988251&msr_no=6390&AttendanceDate=27/03/2026&Digest=JTxpkbQnE+ddhG67Cw9dYg",8
"BASTI","HARRAIYA","BANS GAW","3153003031/LD/958486255824999776","6902","https://mnregaweb4.nic.in/nregaarch/View_NMMS_atten_date_dtl_rpt.aspx?page=&short_name=UP&state_name=UTTAR%20PRADESH&state_code=31&district_name=BASTI&district_code=3153&block_name=HARRAIYA&block_code=3153003&panchayat_name=BANS%20GAW&panchayat_code=3153003031&fin_year=2025-2026&source=&work_code=3153003031/LD/958486255824999776&msr_no=6902&AttendanceDate=27/03/2026&Digest=XKc2cTMq2cZDbWddBuRgRQ",4
"BASTI","HARRAIYA","BANS GAW","3153003031/LD/958486255824999778","6893","https://mnregaweb4.nic.in/nregaarch/View_NMMS_atten_date_dtl_rpt.aspx?page=&short_name=UP&state_name=UTTAR%20PRADESH&state_code=31&district_name=BASTI&district_code=3153&block_name=HARRAIYA&block_code=3153003&panchayat_name=BANS%20GAW&panchayat_code=3153003031&fin_year=2025-2026&source=&work_code=3153003031/LD/958486255824999778&msr_no=6893&AttendanceDate=27/03/2026&Digest=FkBWUgDeREIlW5VUgve0Sw",10
"BASTI","HARRAIYA","SANGRAM PUR","3153003035/LD/958486255824958169","6823","https://mnregaweb4.nic.in/nregaarch/View_NMMS_atten_date_dtl_rpt.aspx?page=&short_name=UP&state_name=UTTAR%20PRADESH&state_code=31&district_name=BASTI&district_code=3153&block_name=HARRAIYA&block_code=3153003&panchayat_name=SANGRAM%20PUR&panchayat_code=3153003035&fin_year=2025-2026&source=&work_code=3153003035/LD/958486255824958169&msr_no=6823&AttendanceDate=27/03/2026&Digest=zQTM3arypxT5H8A9TMJrjg",7
"BASTI","HARRAIYA","SANGRAM PUR","3153003035/LD/958486255824958172","6821","https://mnregaweb4.nic.in/nregaarch/View_NMMS_atten_date_dtl_rpt.aspx?page=&short_name=UP&state_name=UTTAR%20PRADESH&state_code=31&district_name=BASTI&district_code=3153&block_name=HARRAIYA&block_code=3153003&panchayat_name=SANGRAM%20PUR&panchayat_code=3153003035&fin_year=2025-2026&source=&work_code=3153003035/LD/958486255824958172&msr_no=6821&AttendanceDate=27/03/2026&Digest=bswEcIxC0JkTQ6MF/q+UNg",9
"BASTI","HARRAIYA","MARWATIA BHAWAN","3153003039/AV/958486255824176086","6920","https://mnregaweb4.nic.in/nregaarch/View_NMMS_atten_date_dtl_rpt.aspx?page=&short_name=UP&state_name=UTTAR%20PRADESH&state_code=31&district_name=BASTI&district_code=3153&block_name=HARRAIYA&block_code=3153003&panchayat_name=MARWATIA%20BHAWAN&panchayat_code=3153003039&fin_year=2025-2026&source=&work_code=3153003039/AV/958486255824176086&msr_no=6920&AttendanceDate=27/03/2026&Digest=oq3db6Obv1hM86+r/RRxgw",9
"BASTI","HARRAIYA","NADAYEN","3153003042/LD/958486255824955644","6903","https://mnregaweb4.nic.in/nregaarch/View_NMMS_atten_date_dtl_rpt.aspx?page=&short_name=UP&state_name=UTTAR%20PRADESH&state_code=31&district_name=BASTI&district_code=3153&block_name=HARRAIYA&block_code=3153003&panchayat_name=NADAYEN&panchayat_code=3153003042&fin_year=2025-2026&source=&work_code=3153003042/LD/958486255824955644&msr_no=6903&AttendanceDate=27/03/2026&Digest=HUotfaUp/w1fOJqYRkqKJA",10
"BASTI","HARRAIYA","NADAYEN","3153003042/LD/958486255824955644","6906","https://mnregaweb4.nic.in/nregaarch/View_NMMS_atten_date_dtl_rpt.aspx?page=&short_name=UP&state_name=UTTAR%20PRADESH&state_code=31&district_name=BASTI&district_code=3153&block_name=HARRAIYA&block_code=3153003&panchayat_name=NADAYEN&panchayat_code=3153003042&fin_year=2025-2026&source=&work_code=3153003042/LD/958486255824955644&msr_no=6906&AttendanceDate=27/03/2026&Digest=0elTWPj/N4Hwk+KWKPcvww",10
"BASTI","HARRAIYA","BHARGAWA","3153003058/RC/958486255823718541","6857","https://mnregaweb4.nic.in/nregaarch/View_NMMS_atten_date_dtl_rpt.aspx?page=&short_name=UP&state_name=UTTAR%20PRADESH&state_code=31&district_name=BASTI&district_code=3153&block_name=HARRAIYA&block_code=3153003&panchayat_name=BHARGAWA&panchayat_code=3153003058&fin_year=2025-2026&source=&work_code=3153003058/RC/958486255823718541&msr_no=6857&AttendanceDate=27/03/2026&Digest=kbv4G7aPgapOlnbkIyJhgw",4
"BASTI","HARRAIYA","KHAMHARIA GANGARAM","3153003061/LD/958486255824988270","6914","https://mnregaweb4.nic.in/nregaarch/View_NMMS_atten_date_dtl_rpt.aspx?page=&short_name=UP&state_name=UTTAR%20PRADESH&state_code=31&district_name=BASTI&district_code=3153&block_name=HARRAIYA&block_code=3153003&panchayat_name=KHAMHARIA%20GANGARAM&panchayat_code=3153003061&fin_year=2025-2026&source=&work_code=3153003061/LD/958486255824988270&msr_no=6914&AttendanceDate=27/03/2026&Digest=+5YuPpIqd7JMLTxf412sPw",10
"BASTI","HARRAIYA","KHAMHARIA GANGARAM","3153003061/LD/958486255824988274","6924","https://mnregaweb4.nic.in/nregaarch/View_NMMS_atten_date_dtl_rpt.aspx?page=&short_name=UP&state_name=UTTAR%20PRADESH&state_code=31&district_name=BASTI&district_code=3153&block_name=HARRAIYA&block_code=3153003&panchayat_name=KHAMHARIA%20GANGARAM&panchayat_code=3153003061&fin_year=2025-2026&source=&work_code=3153003061/LD/958486255824988274&msr_no=6924&AttendanceDate=27/03/2026&Digest=WO06qad/vDcgNhK0v7DHpw",10
"BASTI","HARRAIYA","KHAMHARIA GANGARAM","3153003061/LD/958486255824988274","6927","https://mnregaweb4.nic.in/nregaarch/View_NMMS_atten_date_dtl_rpt.aspx?page=&short_name=UP&state_name=UTTAR%20PRADESH&state_code=31&district_name=BASTI&district_code=3153&block_name=HARRAIYA&block_code=3153003&panchayat_name=KHAMHARIA%20GANGARAM&panchayat_code=3153003061&fin_year=2025-2026&source=&work_code=3153003061/LD/958486255824988274&msr_no=6927&AttendanceDate=27/03/2026&Digest=JsPomLlNyJ0oz+h61E3UDg",2
"BASTI","DUBAULIYA","RAM NAGAR","3153014020/RC/958486255823749961","4174","https://mnregaweb4.nic.in/nregaarch/View_NMMS_atten_date_dtl_rpt.aspx?page=&short_name=UP&state_name=UTTAR%20PRADESH&state_code=31&district_name=BASTI&district_code=3153&block_name=DUBAULIYA&block_code=3153014&panchayat_name=RAM%20NAGAR&panchayat_code=3153014020&fin_year=2025-2026&source=&work_code=3153014020/RC/958486255823749961&msr_no=4174&AttendanceDate=27/03/2026&Digest=qwouGTw0x413GAWYUgPkLg",8
"BASTI","DUBAULIYA","PURE OARI RAI","3153014023/RC/958486255823749307","4142","https://mnregaweb4.nic.in/nregaarch/View_NMMS_atten_date_dtl_rpt.aspx?page=&short_name=UP&state_name=UTTAR%20PRADESH&state_code=31&district_name=BASTI&district_code=3153&block_name=DUBAULIYA&block_code=3153014&panchayat_name=PURE%20OARI%20RAI&panchayat_code=3153014023&fin_year=2025-2026&source=&work_code=3153014023/RC/958486255823749307&msr_no=4142&AttendanceDate=27/03/2026&Digest=Y2bbBAYH6LYl8K7s1fWgXw",3
"BASTI","DUBAULIYA","SARWANPUR PANDEY","3153014024/RC/958486255823711285","4366","https://mnregaweb4.nic.in/nregaarch/View_NMMS_atten_date_dtl_rpt.aspx?page=&short_name=UP&state_name=UTTAR%20PRADESH&state_code=31&district_name=BASTI&district_code=3153&block_name=DUBAULIYA&block_code=3153014&panchayat_name=SARWANPUR%20PANDEY&panchayat_code=3153014024&fin_year=2025-2026&source=&work_code=3153014024/RC/958486255823711285&msr_no=4366&AttendanceDate=27/03/2026&Digest=C5hiTIXc7vlxkFka/9ZLrg",8
"BASTI","DUBAULIYA","SARIYA ATIBAL","3153014031/RC/958486255823751171","4352","https://mnregaweb4.nic.in/nregaarch/View_NMMS_atten_date_dtl_rpt.aspx?page=&short_name=UP&state_name=UTTAR%20PRADESH&state_code=31&district_name=BASTI&district_code=3153&block_name=DUBAULIYA&block_code=3153014&panchayat_name=SARIYA%20ATIBAL&panchayat_code=3153014031&fin_year=2025-2026&source=&work_code=3153014031/RC/958486255823751171&msr_no=4352&AttendanceDate=27/03/2026&Digest=baelJP0+IStTZqBT2z+6TA",8
"BASTI","DUBAULIYA","TIGHRA","3153014041/RC/958486255823750592","4287","https://mnregaweb4.nic.in/nregaarch/View_NMMS_atten_date_dtl_rpt.aspx?page=&short_name=UP&state_name=UTTAR%20PRADESH&state_code=31&district_name=BASTI&district_code=3153&block_name=DUBAULIYA&block_code=3153014&panchayat_name=TIGHRA&panchayat_code=3153014041&fin_year=2025-2026&source=&work_code=3153014041/RC/958486255823750592&msr_no=4287&AttendanceDate=27/03/2026&Digest=t5L4iLpsCXghGb37uLl8KQ",7
"BASTI","DUBAULIYA","SARAIYA BAKSI","3153014046/RC/958486255823727881","4401","https://mnregaweb4.nic.in/nregaarch/View_NMMS_atten_date_dtl_rpt.aspx?page=&short_name=UP&state_name=UTTAR%20PRADESH&state_code=31&district_name=BASTI&district_code=3153&block_name=DUBAULIYA&block_code=3153014&panchayat_name=SARAIYA%20BAKSI&panchayat_code=3153014046&fin_year=2025-2026&source=&work_code=3153014046/RC/958486255823727881&msr_no=4401&AttendanceDate=27/03/2026&Digest=nMkrTU/MbNpuqrL8JWtT8Q",4
"BASTI","DUBAULIYA","KHUSHALGANJ","3153014052/RC/958486255823748523","4132","https://mnregaweb4.nic.in/nregaarch/View_NMMS_atten_date_dtl_rpt.aspx?page=&short_name=UP&state_name=UTTAR%20PRADESH&state_code=31&district_name=BASTI&district_code=3153&block_name=DUBAULIYA&block_code=3153014&panchayat_name=KHUSHALGANJ&panchayat_code=3153014052&fin_year=2025-2026&source=&work_code=3153014052/RC/958486255823748523&msr_no=4132&AttendanceDate=27/03/2026&Digest=9sJ+17r4j6/7IXvOTYqRMw",5
"BASTI","DUBAULIYA","BARSAV","3153014055/WH/958486255823263333","4370","https://mnregaweb4.nic.in/nregaarch/View_NMMS_atten_date_dtl_rpt.aspx?page=&short_name=UP&state_name=UTTAR%20PRADESH&state_code=31&district_name=BASTI&district_code=3153&block_name=DUBAULIYA&block_code=3153014&panchayat_name=BARSAV&panchayat_code=3153014055&fin_year=2025-2026&source=&work_code=3153014055/WH/958486255823263333&msr_no=4370&AttendanceDate=27/03/2026&Digest=EkeTnaNURc+3avFqM9ieXg",10
"BASTI","DUBAULIYA","BARSAV","3153014055/WH/958486255823263333","4373","https://mnregaweb4.nic.in/nregaarch/View_NMMS_atten_date_dtl_rpt.aspx?page=&short_name=UP&state_name=UTTAR%20PRADESH&state_code=31&district_name=BASTI&district_code=3153&block_name=DUBAULIYA&block_code=3153014&panchayat_name=BARSAV&panchayat_code=3153014055&fin_year=2025-2026&source=&work_code=3153014055/WH/958486255823263333&msr_no=4373&AttendanceDate=27/03/2026&Digest=SoQ3PKQaH5/8Gtn3LR4WMg",7
"BASTI","GAUR","BABHANGAVA KHURD","3153002014/RC/958486255823739716","6449","https://mnregaweb4.nic.in/nregaarch/View_NMMS_atten_date_dtl_rpt.aspx?page=&short_name=UP&state_name=UTTAR%20PRADESH&state_code=31&district_name=BASTI&district_code=3153&block_name=GAUR&block_code=3153002&panchayat_name=BABHANGAVA%20KHURD&panchayat_code=3153002014&fin_year=2025-2026&source=&work_code=3153002014/RC/958486255823739716&msr_no=6449&AttendanceDate=27/03/2026&Digest=ibjm4HQ+qqlkJctRpMxdLw",3
"BASTI","GAUR","DUHAWA","3153002038/RC/958486255823747057","6435","https://mnregaweb4.nic.in/nregaarch/View_NMMS_atten_date_dtl_rpt.aspx?page=&short_name=UP&state_name=UTTAR%20PRADESH&state_code=31&district_name=BASTI&district_code=3153&block_name=GAUR&block_code=3153002&panchayat_name=DUHAWA&panchayat_code=3153002038&fin_year=2025-2026&source=&work_code=3153002038/RC/958486255823747057&msr_no=6435&AttendanceDate=27/03/2026&Digest=q8vo8Xqq6X+FF7Bmsvhq5w",5
"BASTI","GAUR","GONHA","3153002041/LD/958486255824899111","6466","https://mnregaweb4.nic.in/nregaarch/View_NMMS_atten_date_dtl_rpt.aspx?page=&short_name=UP&state_name=UTTAR%20PRADESH&state_code=31&district_name=BASTI&district_code=3153&block_name=GAUR&block_code=3153002&panchayat_name=GONHA&panchayat_code=3153002041&fin_year=2025-2026&source=&work_code=3153002041/LD/958486255824899111&msr_no=6466&AttendanceDate=27/03/2026&Digest=kXlO/XLnbIo8xW0OVAMI6w",10
"BASTI","GAUR","HARDI","3153002043/WC/958486255824252613","6403","https://mnregaweb4.nic.in/nregaarch/View_NMMS_atten_date_dtl_rpt.aspx?page=&short_name=UP&state_name=UTTAR%20PRADESH&state_code=31&district_name=BASTI&district_code=3153&block_name=GAUR&block_code=3153002&panchayat_name=HARDI&panchayat_code=3153002043&fin_year=2025-2026&source=&work_code=3153002043/WC/958486255824252613&msr_no=6403&AttendanceDate=27/03/2026&Digest=q4Byfq70dVj8kdGzqrjhYw",10
"BASTI","GAUR","MAJHAUVA CHAUBEY","3153002061/IC/958486255823733391","6358","https://mnregaweb4.nic.in/nregaarch/View_NMMS_atten_date_dtl_rpt.aspx?page=&short_name=UP&state_name=UTTAR%20PRADESH&state_code=31&district_name=BASTI&district_code=3153&block_name=GAUR&block_code=3153002&panchayat_name=MAJHAUVA%20CHAUBEY&panchayat_code=3153002061&fin_year=2025-2026&source=&work_code=3153002061/IC/958486255823733391&msr_no=6358&AttendanceDate=27/03/2026&Digest=054mXKxcGe4XvniEygL7hg",6
"BASTI","GAUR","RAMAPUR","3153002078/RC/958486255823498773","6490","https://mnregaweb4.nic.in/nregaarch/View_NMMS_atten_date_dtl_rpt.aspx?page=&short_name=UP&state_name=UTTAR%20PRADESH&state_code=31&district_name=BASTI&district_code=3153&block_name=GAUR&block_code=3153002&panchayat_name=RAMAPUR&panchayat_code=3153002078&fin_year=2025-2026&source=&work_code=3153002078/RC/958486255823498773&msr_no=6490&AttendanceDate=27/03/2026&Digest=X0rhtnjCxbMeVsUuSn2ZKQ",9
"BASTI","GAUR","SARNAGI.","3153002083/RC/958486255823738135","6589","https://mnregaweb4.nic.in/nregaarch/View_NMMS_atten_date_dtl_rpt.aspx?page=&short_name=UP&state_name=UTTAR%20PRADESH&state_code=31&district_name=BASTI&district_code=3153&block_name=GAUR&block_code=3153002&panchayat_name=SARNAGI.&panchayat_code=3153002083&fin_year=2025-2026&source=&work_code=3153002083/RC/958486255823738135&msr_no=6589&AttendanceDate=27/03/2026&Digest=u2Ea1ctb1lZc/Gl5jCOfIA",6
"BASTI","GAUR","SHEMRA","3153002086/LD/958486255825004508","6384","https://mnregaweb4.nic.in/nregaarch/View_NMMS_atten_date_dtl_rpt.aspx?page=&short_name=UP&state_name=UTTAR%20PRADESH&state_code=31&district_name=BASTI&district_code=3153&block_name=GAUR&block_code=3153002&panchayat_name=SHEMRA&panchayat_code=3153002086&fin_year=2025-2026&source=&work_code=3153002086/LD/958486255825004508&msr_no=6384&AttendanceDate=27/03/2026&Digest=RJzkwoaqnmTv3mE2e8+oZA",10
"BASTI","GAUR","SHEMRA","3153002086/LD/958486255825004508","6387","https://mnregaweb4.nic.in/nregaarch/View_NMMS_atten_date_dtl_rpt.aspx?page=&short_name=UP&state_name=UTTAR%20PRADESH&state_code=31&district_name=BASTI&district_code=3153&block_name=GAUR&block_code=3153002&panchayat_name=SHEMRA&panchayat_code=3153002086&fin_year=2025-2026&source=&work_code=3153002086/LD/958486255825004508&msr_no=6387&AttendanceDate=27/03/2026&Digest=uf/WkOYPtoV3hM1dA8m3+w",10
"BASTI","GAUR","SUMAHI","3153002089/LD/YD/958486255825010405","6284","https://mnregaweb4.nic.in/nregaarch/View_NMMS_atten_date_dtl_rpt.aspx?page=&short_name=UP&state_name=UTTAR%20PRADESH&state_code=31&district_name=BASTI&district_code=3153&block_name=GAUR&block_code=3153002&panchayat_name=SUMAHI&panchayat_code=3153002089&fin_year=2025-2026&source=&work_code=3153002089/LD/YD/958486255825010405&msr_no=6284&AttendanceDate=27/03/2026&Digest=vRjtQHwGi6sNhrLOtGIsHw",10
"BASTI","GAUR","TENUI CHET SINGH","3153002092/IC/958486255823745285","6343","https://mnregaweb4.nic.in/nregaarch/View_NMMS_atten_date_dtl_rpt.aspx?page=&short_name=UP&state_name=UTTAR%20PRADESH&state_code=31&district_name=BASTI&district_code=3153&block_name=GAUR&block_code=3153002&panchayat_name=TENUI%20CHET%20SINGH&panchayat_code=3153002092&fin_year=2025-2026&source=&work_code=3153002092/IC/958486255823745285&msr_no=6343&AttendanceDate=27/03/2026&Digest=0cCPjH6tLgnJnUlpaskwxA",8
"BASTI","GAUR","TENUI CHET SINGH","3153002092/IC/958486255823746518","6575","https://mnregaweb4.nic.in/nregaarch/View_NMMS_atten_date_dtl_rpt.aspx?page=&short_name=UP&state_name=UTTAR%20PRADESH&state_code=31&district_name=BASTI&district_code=3153&block_name=GAUR&block_code=3153002&panchayat_name=TENUI%20CHET%20SINGH&panchayat_code=3153002092&fin_year=2025-2026&source=&work_code=3153002092/IC/958486255823746518&msr_no=6575&AttendanceDate=27/03/2026&Digest=MknVb9TJZ5iyTuMXwv/6jg",7
"BASTI","GAUR","MADANPURA","3153002100/RC/958486255823737298","6476","https://mnregaweb4.nic.in/nregaarch/View_NMMS_atten_date_dtl_rpt.aspx?page=&short_name=UP&state_name=UTTAR%20PRADESH&state_code=31&district_name=BASTI&district_code=3153&block_name=GAUR&block_code=3153002&panchayat_name=MADANPURA&panchayat_code=3153002100&fin_year=2025-2026&source=&work_code=3153002100/RC/958486255823737298&msr_no=6476&AttendanceDate=27/03/2026&Digest=+75gTyXLkmyOoRaMLL80xQ",7
"BASTI","GAUR","SITKOHER","3153002104/RC/958486255823740262","6395","https://mnregaweb4.nic.in/nregaarch/View_NMMS_atten_date_dtl_rpt.aspx?page=&short_name=UP&state_name=UTTAR%20PRADESH&state_code=31&district_name=BASTI&district_code=3153&block_name=GAUR&block_code=3153002&panchayat_name=SITKOHER&panchayat_code=3153002104&fin_year=2025-2026&source=&work_code=3153002104/RC/958486255823740262&msr_no=6395&AttendanceDate=27/03/2026&Digest=S1yPUIhYqXB64tnmUtJ7MA",10
"BASTI","GAUR","BHITA","3153002105/RC/958486255823662851","6582","https://mnregaweb4.nic.in/nregaarch/View_NMMS_atten_date_dtl_rpt.aspx?page=&short_name=UP&state_name=UTTAR%20PRADESH&state_code=31&district_name=BASTI&district_code=3153&block_name=GAUR&block_code=3153002&panchayat_name=BHITA&panchayat_code=3153002105&fin_year=2025-2026&source=&work_code=3153002105/RC/958486255823662851&msr_no=6582&AttendanceDate=27/03/2026&Digest=G8Sm9KGMp4OIOLuDUAcU4A",6
"BASTI","GAUR","SAURAHA","3153002107/WC/958486255824252674","6369","https://mnregaweb4.nic.in/nregaarch/View_NMMS_atten_date_dtl_rpt.aspx?page=&short_name=UP&state_name=UTTAR%20PRADESH&state_code=31&district_name=BASTI&district_code=3153&block_name=GAUR&block_code=3153002&panchayat_name=SAURAHA&panchayat_code=3153002107&fin_year=2025-2026&source=&work_code=3153002107/WC/958486255824252674&msr_no=6369&AttendanceDate=27/03/2026&Digest=jueihRyYBQldWtfGetu9aA",9
"BASTI","HARRAIYA","BHITI MISHR","3153003010/LD/958486255824946085","6846","https://mnregaweb4.nic.in/nregaarch/View_NMMS_atten_date_dtl_rpt.aspx?page=&short_name=UP&state_name=UTTAR%20PRADESH&state_code=31&district_name=BASTI&district_code=3153&block_name=HARRAIYA&block_code=3153003&panchayat_name=BHITI%20MISHR&panchayat_code=3153003010&fin_year=2025-2026&source=&work_code=3153003010/LD/958486255824946085&msr_no=6846&AttendanceDate=27/03/2026&Digest=gcYUt8r/R+42Sx1DTDIP/A",2
"BASTI","HARRAIYA","BHAIRO PUR","3153003027/RC/YD/958486255823736252","6952","https://mnregaweb4.nic.in/nregaarch/View_NMMS_atten_date_dtl_rpt.aspx?page=&short_name=UP&state_name=UTTAR%20PRADESH&state_code=31&district_name=BASTI&district_code=3153&block_name=HARRAIYA&block_code=3153003&panchayat_name=BHAIRO%20PUR&panchayat_code=3153003027&fin_year=2025-2026&source=&work_code=3153003027/RC/YD/958486255823736252&msr_no=6952&AttendanceDate=27/03/2026&Digest=NIeabtgeyZdR0/QNAbcJKQ",3
"BASTI","HARRAIYA","BANS GAW","3153003031/LD/958486255824994674","6899","https://mnregaweb4.nic.in/nregaarch/View_NMMS_atten_date_dtl_rpt.aspx?page=&short_name=UP&state_name=UTTAR%20PRADESH&state_code=31&district_name=BASTI&district_code=3153&block_name=HARRAIYA&block_code=3153003&panchayat_name=BANS%20GAW&panchayat_code=3153003031&fin_year=2025-2026&source=&work_code=3153003031/LD/958486255824994674&msr_no=6899&AttendanceDate=27/03/2026&Digest=KBRWYt+DlxD1DEkatSGkPg",10
"BASTI","HARRAIYA","BANS GAW","3153003031/LD/958486255824999778","6896","https://mnregaweb4.nic.in/nregaarch/View_NMMS_atten_date_dtl_rpt.aspx?page=&short_name=UP&state_name=UTTAR%20PRADESH&state_code=31&district_name=BASTI&district_code=3153&block_name=HARRAIYA&block_code=3153003&panchayat_name=BANS%20GAW&panchayat_code=3153003031&fin_year=2025-2026&source=&work_code=3153003031/LD/958486255824999778&msr_no=6896&AttendanceDate=27/03/2026&Digest=pCmuOVy7Yx04En+RnJC11Q",7
"BASTI","HARRAIYA","SANGRAM PUR","3153003035/LD/958486255824958172","6825","https://mnregaweb4.nic.in/nregaarch/View_NMMS_atten_date_dtl_rpt.aspx?page=&short_name=UP&state_name=UTTAR%20PRADESH&state_code=31&district_name=BASTI&district_code=3153&block_name=HARRAIYA&block_code=3153003&panchayat_name=SANGRAM%20PUR&panchayat_code=3153003035&fin_year=2025-2026&source=&work_code=3153003035/LD/958486255824958172&msr_no=6825&AttendanceDate=27/03/2026&Digest=HJbYKQ+3nxjt+8XLKJPcQA",7
"BASTI","HARRAIYA","PAKHERI","3153003048/RC/958486255823648331","6985","https://mnregaweb4.nic.in/nregaarch/View_NMMS_atten_date_dtl_rpt.aspx?page=&short_name=UP&state_name=UTTAR%20PRADESH&state_code=31&district_name=BASTI&district_code=3153&block_name=HARRAIYA&block_code=3153003&panchayat_name=PAKHERI&panchayat_code=3153003048&fin_year=2025-2026&source=&work_code=3153003048/RC/958486255823648331&msr_no=6985&AttendanceDate=27/03/2026&Digest=53zAWQzun8DAuTkDSCizDw",3
"BASTI","HARRAIYA","BHARGAWA","3153003058/LD/958486255824949792","6853","https://mnregaweb4.nic.in/nregaarch/View_NMMS_atten_date_dtl_rpt.aspx?page=&short_name=UP&state_name=UTTAR%20PRADESH&state_code=31&district_name=BASTI&district_code=3153&block_name=HARRAIYA&block_code=3153003&panchayat_name=BHARGAWA&panchayat_code=3153003058&fin_year=2025-2026&source=&work_code=3153003058/LD/958486255824949792&msr_no=6853&AttendanceDate=27/03/2026&Digest=5OOyPrLOLKRPrRG/GnaYoQ",10
"BASTI","HARRAIYA","KHAMHARIA GANGARAM","3153003061/LD/958486255824988274","6921","https://mnregaweb4.nic.in/nregaarch/View_NMMS_atten_date_dtl_rpt.aspx?page=&short_name=UP&state_name=UTTAR%20PRADESH&state_code=31&district_name=BASTI&district_code=3153&block_name=HARRAIYA&block_code=3153003&panchayat_name=KHAMHARIA%20GANGARAM&panchayat_code=3153003061&fin_year=2025-2026&source=&work_code=3153003061/LD/958486255824988274&msr_no=6921&AttendanceDate=27/03/2026&Digest=UPjS1ZGE4y9k1b09t60olw",10
"BASTI","HARRAIYA","KHAMAHRIA SUJAT","3153003072/LD/958486255825008862","6832","https://mnregaweb4.nic.in/nregaarch/View_NMMS_atten_date_dtl_rpt.aspx?page=&short_name=UP&state_name=UTTAR%20PRADESH&state_code=31&district_name=BASTI&district_code=3153&block_name=HARRAIYA&block_code=3153003&panchayat_name=KHAMAHRIA%20SUJAT&panchayat_code=3153003072&fin_year=2025-2026&source=&work_code=3153003072/LD/958486255825008862&msr_no=6832&AttendanceDate=27/03/2026&Digest=GAbw4tC0Liybuhh3jzCDOA",7
"BASTI","HARRAIYA","BHADAWAL KALA","3153003074/WH/958486255823988938","6873","https://mnregaweb4.nic.in/nregaarch/View_NMMS_atten_date_dtl_rpt.aspx?page=&short_name=UP&state_name=UTTAR%20PRADESH&state_code=31&district_name=BASTI&district_code=3153&block_name=HARRAIYA&block_code=3153003&panchayat_name=BHADAWAL%20KALA&panchayat_code=3153003074&fin_year=2025-2026&source=&work_code=3153003074/WH/958486255823988938&msr_no=6873&AttendanceDate=27/03/2026&Digest=A79e8aJvDaPrXo4+uW46TQ",10
"BASTI","HARRAIYA","BHADAWAL KALA","3153003074/WH/958486255823988938","6876","https://mnregaweb4.nic.in/nregaarch/View_NMMS_atten_date_dtl_rpt.aspx?page=&short_name=UP&state_name=UTTAR%20PRADESH&state_code=31&district_name=BASTI&district_code=3153&block_name=HARRAIYA&block_code=3153003&panchayat_name=BHADAWAL%20KALA&panchayat_code=3153003074&fin_year=2025-2026&source=&work_code=3153003074/WH/958486255823988938&msr_no=6876&AttendanceDate=27/03/2026&Digest=Z37eaASWpwEW6hphlpai5w",9
"BASTI","HARRAIYA","BHAISA CHAUBEY","3153003080/RC/958486255823712256","6982","https://mnregaweb4.nic.in/nregaarch/View_NMMS_atten_date_dtl_rpt.aspx?page=&short_name=UP&state_name=UTTAR%20PRADESH&state_code=31&district_name=BASTI&district_code=3153&block_name=HARRAIYA&block_code=3153003&panchayat_name=BHAISA%20CHAUBEY&panchayat_code=3153003080&fin_year=2025-2026&source=&work_code=3153003080/RC/958486255823712256&msr_no=6982&AttendanceDate=27/03/2026&Digest=GPiV1cs6rq9EP99jlMub+g",1
"BASTI","HARRAIYA","MIRJAPUR","3153003092/LD/958486255825008868","6835","https://mnregaweb4.nic.in/nregaarch/View_NMMS_atten_date_dtl_rpt.aspx?page=&short_name=UP&state_name=UTTAR%20PRADESH&state_code=31&district_name=BASTI&district_code=3153&block_name=HARRAIYA&block_code=3153003&panchayat_name=MIRJAPUR&panchayat_code=3153003092&fin_year=2025-2026&source=&work_code=3153003092/LD/958486255825008868&msr_no=6835&AttendanceDate=27/03/2026&Digest=oXz48c5gnzGx2J+7cbveew",10
"BASTI","HARRAIYA","SUKRAULI CHAUDHARY","3153003098/LD/958486255824844875","6858","https://mnregaweb4.nic.in/nregaarch/View_NMMS_atten_date_dtl_rpt.aspx?page=&short_name=UP&state_name=UTTAR%20PRADESH&state_code=31&district_name=BASTI&district_code=3153&block_name=HARRAIYA&block_code=3153003&panchayat_name=SUKRAULI%20CHAUDHARY&panchayat_code=3153003098&fin_year=2025-2026&source=&work_code=3153003098/LD/958486255824844875&msr_no=6858&AttendanceDate=27/03/2026&Digest=Jbp9KkPLq+KVIgH/IBgEBw",10
"BASTI","KAPTANGANJ","PENDA","3153005007/RC/958486255823747915","4912","https://mnregaweb4.nic.in/nregaarch/View_NMMS_atten_date_dtl_rpt.aspx?page=&short_name=UP&state_name=UTTAR%20PRADESH&state_code=31&district_name=BASTI&district_code=3153&block_name=KAPTANGANJ&block_code=3153005&panchayat_name=PENDA&panchayat_code=3153005007&fin_year=2025-2026&source=&work_code=3153005007/RC/958486255823747915&msr_no=4912&AttendanceDate=27/03/2026&Digest=NELjN2z6LIf0+CVt30ZBpQ",6
"BASTI","KAPTANGANJ","BAGHAUDA","3153005008/RC/958486255823700091","4844","https://mnregaweb4.nic.in/nregaarch/View_NMMS_atten_date_dtl_rpt.aspx?page=&short_name=UP&state_name=UTTAR%20PRADESH&state_code=31&district_name=BASTI&district_code=3153&block_name=KAPTANGANJ&block_code=3153005&panchayat_name=BAGHAUDA&panchayat_code=3153005008&fin_year=2025-2026&source=&work_code=3153005008/RC/958486255823700091&msr_no=4844&AttendanceDate=27/03/2026&Digest=4756DokXp+8+3I4ltc2s+w",7
"BASTI","DUBAULIYA","BHAKRAHI","3153014035/RC/958486255823750364","4236","https://mnregaweb4.nic.in/nregaarch/View_NMMS_atten_date_dtl_rpt.aspx?page=&short_name=UP&state_name=UTTAR%20PRADESH&state_code=31&district_name=BASTI&district_code=3153&block_name=DUBAULIYA&block_code=3153014&panchayat_name=BHAKRAHI&panchayat_code=3153014035&fin_year=2025-2026&source=&work_code=3153014035/RC/958486255823750364&msr_no=4236&AttendanceDate=27/03/2026&Digest=nU/hyOY9yX8ROmFZ9ieeKA",6
"BASTI","DUBAULIYA","BHAKRAHI","3153014035/RC/958486255823751006","4239","https://mnregaweb4.nic.in/nregaarch/View_NMMS_atten_date_dtl_rpt.aspx?page=&short_name=UP&state_name=UTTAR%20PRADESH&state_code=31&district_name=BASTI&district_code=3153&block_name=DUBAULIYA&block_code=3153014&panchayat_name=BHAKRAHI&panchayat_code=3153014035&fin_year=2025-2026&source=&work_code=3153014035/RC/958486255823751006&msr_no=4239&AttendanceDate=27/03/2026&Digest=FKykBAuYS3UaZGQYQ20gUw",9
"BASTI","DUBAULIYA","RANIPURLAD","3153014036/RC/958486255823751700","4356","https://mnregaweb4.nic.in/nregaarch/View_NMMS_atten_date_dtl_rpt.aspx?page=&short_name=UP&state_name=UTTAR%20PRADESH&state_code=31&district_name=BASTI&district_code=3153&block_name=DUBAULIYA&block_code=3153014&panchayat_name=RANIPURLAD&panchayat_code=3153014036&fin_year=2025-2026&source=&work_code=3153014036/RC/958486255823751700&msr_no=4356&AttendanceDate=27/03/2026&Digest=bjfq+a9WNpjNM0bP9ABZEg",2
"BASTI","DUBAULIYA","SARAIYA BAKSI","3153014046/RC/958486255823647641","4403","https://mnregaweb4.nic.in/nregaarch/View_NMMS_atten_date_dtl_rpt.aspx?page=&short_name=UP&state_name=UTTAR%20PRADESH&state_code=31&district_name=BASTI&district_code=3153&block_name=DUBAULIYA&block_code=3153014&panchayat_name=SARAIYA%20BAKSI&panchayat_code=3153014046&fin_year=2025-2026&source=&work_code=3153014046/RC/958486255823647641&msr_no=4403&AttendanceDate=27/03/2026&Digest=Hhe16qarXaOw43LOYbpFlQ",3
"BASTI","DUBAULIYA","BARSAV","3153014055/RC/958486255823751326","4319","https://mnregaweb4.nic.in/nregaarch/View_NMMS_atten_date_dtl_rpt.aspx?page=&short_name=UP&state_name=UTTAR%20PRADESH&state_code=31&district_name=BASTI&district_code=3153&block_name=DUBAULIYA&block_code=3153014&panchayat_name=BARSAV&panchayat_code=3153014055&fin_year=2025-2026&source=&work_code=3153014055/RC/958486255823751326&msr_no=4319&AttendanceDate=27/03/2026&Digest=pWCTgEvYda/w3996OS062Q",2
"BASTI","DUBAULIYA","BARSAV","3153014055/WH/958486255823263333","4369","https://mnregaweb4.nic.in/nregaarch/View_NMMS_atten_date_dtl_rpt.aspx?page=&short_name=UP&state_name=UTTAR%20PRADESH&state_code=31&district_name=BASTI&district_code=3153&block_name=DUBAULIYA&block_code=3153014&panchayat_name=BARSAV&panchayat_code=3153014055&fin_year=2025-2026&source=&work_code=3153014055/WH/958486255823263333&msr_no=4369&AttendanceDate=27/03/2026&Digest=A18PvwZYTX1WaiGFgmzNcg",10
"BASTI","DUBAULIYA","BARSAV","3153014055/WH/958486255823263333","4372","https://mnregaweb4.nic.in/nregaarch/View_NMMS_atten_date_dtl_rpt.aspx?page=&short_name=UP&state_name=UTTAR%20PRADESH&state_code=31&district_name=BASTI&district_code=3153&block_name=DUBAULIYA&block_code=3153014&panchayat_name=BARSAV&panchayat_code=3153014055&fin_year=2025-2026&source=&work_code=3153014055/WH/958486255823263333&msr_no=4372&AttendanceDate=27/03/2026&Digest=x7CWbQd+HIXM2FTTOu3xQA",10
"BASTI","GAUR","BABHANGAVA KHURD","3153002014/AV/958486255824173084","6347","https://mnregaweb4.nic.in/nregaarch/View_NMMS_atten_date_dtl_rpt.aspx?page=&short_name=UP&state_name=UTTAR%20PRADESH&state_code=31&district_name=BASTI&district_code=3153&block_name=GAUR&block_code=3153002&panchayat_name=BABHANGAVA%20KHURD&panchayat_code=3153002014&fin_year=2025-2026&source=&work_code=3153002014/AV/958486255824173084&msr_no=6347&AttendanceDate=27/03/2026&Digest=gjzOL2KUI68sXXIgwSpi4w",8
"BASTI","GAUR","BAWAR PARA","3153002017/AV/958486255824164250","6506","https://mnregaweb4.nic.in/nregaarch/View_NMMS_atten_date_dtl_rpt.aspx?page=&short_name=UP&state_name=UTTAR%20PRADESH&state_code=31&district_name=BASTI&district_code=3153&block_name=GAUR&block_code=3153002&panchayat_name=BAWAR%20PARA&panchayat_code=3153002017&fin_year=2025-2026&source=&work_code=3153002017/AV/958486255824164250&msr_no=6506&AttendanceDate=27/03/2026&Digest=wiVwisxfJcKYZwdJRUlTOw",9
"BASTI","GAUR","DUHAWA","3153002038/LD/958486255824947013","6326","https://mnregaweb4.nic.in/nregaarch/View_NMMS_atten_date_dtl_rpt.aspx?page=&short_name=UP&state_name=UTTAR%20PRADESH&state_code=31&district_name=BASTI&district_code=3153&block_name=GAUR&block_code=3153002&panchayat_name=DUHAWA&panchayat_code=3153002038&fin_year=2025-2026&source=&work_code=3153002038/LD/958486255824947013&msr_no=6326&AttendanceDate=27/03/2026&Digest=n4mHT7sTPoEv3qfZr3Ii+w",10
"BASTI","GAUR","DUHAWA","3153002038/RC/958486255823747057","6434","https://mnregaweb4.nic.in/nregaarch/View_NMMS_atten_date_dtl_rpt.aspx?page=&short_name=UP&state_name=UTTAR%20PRADESH&state_code=31&district_name=BASTI&district_code=3153&block_name=GAUR&block_code=3153002&panchayat_name=DUHAWA&panchayat_code=3153002038&fin_year=2025-2026&source=&work_code=3153002038/RC/958486255823747057&msr_no=6434&AttendanceDate=27/03/2026&Digest=A73qBHCBNopiCL9nsqNdTg",10
"BASTI","GAUR","GONHA","3153002041/LD/958486255824899111","6465","https://mnregaweb4.nic.in/nregaarch/View_NMMS_atten_date_dtl_rpt.aspx?page=&short_name=UP&state_name=UTTAR%20PRADESH&state_code=31&district_name=BASTI&district_code=3153&block_name=GAUR&block_code=3153002&panchayat_name=GONHA&panchayat_code=3153002041&fin_year=2025-2026&source=&work_code=3153002041/LD/958486255824899111&msr_no=6465&AttendanceDate=27/03/2026&Digest=1YJXB6/q885j2cvs7nmAnQ",9
"BASTI","GAUR","MAJHAUVA CHAUBEY","3153002061/RC/958486255823713134","6608","https://mnregaweb4.nic.in/nregaarch/View_NMMS_atten_date_dtl_rpt.aspx?page=&short_name=UP&state_name=UTTAR%20PRADESH&state_code=31&district_name=BASTI&district_code=3153&block_name=GAUR&block_code=3153002&panchayat_name=MAJHAUVA%20CHAUBEY&panchayat_code=3153002061&fin_year=2025-2026&source=&work_code=3153002061/RC/958486255823713134&msr_no=6608&AttendanceDate=27/03/2026&Digest=meZfLC0K8TakH89N6qlxCg",6
"BASTI","GAUR","MAJHAUVA CHAUBEY","3153002061/WC/958486255824213629","6523","https://mnregaweb4.nic.in/nregaarch/View_NMMS_atten_date_dtl_rpt.aspx?page=&short_name=UP&state_name=UTTAR%20PRADESH&state_code=31&district_name=BASTI&district_code=3153&block_name=GAUR&block_code=3153002&panchayat_name=MAJHAUVA%20CHAUBEY&panchayat_code=3153002061&fin_year=2025-2026&source=&work_code=3153002061/WC/958486255824213629&msr_no=6523&AttendanceDate=27/03/2026&Digest=cu+O20V5Y0p1r3VH4BmdgQ",7
"BASTI","GAUR","RAMVA PUR","3153002079/RC/958486255823749326","6616","https://mnregaweb4.nic.in/nregaarch/View_NMMS_atten_date_dtl_rpt.aspx?page=&short_name=UP&state_name=UTTAR%20PRADESH&state_code=31&district_name=BASTI&district_code=3153&block_name=GAUR&block_code=3153002&panchayat_name=RAMVA%20PUR&panchayat_code=3153002079&fin_year=2025-2026&source=&work_code=3153002079/RC/958486255823749326&msr_no=6616&AttendanceDate=27/03/2026&Digest=o91fiLiFL2QLeFXyMSWiWw",2
"BASTI","GAUR","SARNAGI.","3153002083/RC/958486255823738135","6588","https://mnregaweb4.nic.in/nregaarch/View_NMMS_atten_date_dtl_rpt.aspx?page=&short_name=UP&state_name=UTTAR%20PRADESH&state_code=31&district_name=BASTI&district_code=3153&block_name=GAUR&block_code=3153002&panchayat_name=SARNAGI.&panchayat_code=3153002083&fin_year=2025-2026&source=&work_code=3153002083/RC/958486255823738135&msr_no=6588&AttendanceDate=27/03/2026&Digest=L/1kKW8JxJxNzP+woteQDg",9
"BASTI","GAUR","SUMAHI","3153002089/LD/YD/958486255825010405","6286","https://mnregaweb4.nic.in/nregaarch/View_NMMS_atten_date_dtl_rpt.aspx?page=&short_name=UP&state_name=UTTAR%20PRADESH&state_code=31&district_name=BASTI&district_code=3153&block_name=GAUR&block_code=3153002&panchayat_name=SUMAHI&panchayat_code=3153002089&fin_year=2025-2026&source=&work_code=3153002089/LD/YD/958486255825010405&msr_no=6286&AttendanceDate=27/03/2026&Digest=E2GKQHuNTjpIvjeV3zqkOg",3
"BASTI","GAUR","TENUI CHET SINGH","3153002092/IC/958486255823745285","6342","https://mnregaweb4.nic.in/nregaarch/View_NMMS_atten_date_dtl_rpt.aspx?page=&short_name=UP&state_name=UTTAR%20PRADESH&state_code=31&district_name=BASTI&district_code=3153&block_name=GAUR&block_code=3153002&panchayat_name=TENUI%20CHET%20SINGH&panchayat_code=3153002092&fin_year=2025-2026&source=&work_code=3153002092/IC/958486255823745285&msr_no=6342&AttendanceDate=27/03/2026&Digest=wWZdVikVdRBIC4xxxk3Ehg",8
"BASTI","GAUR","SITKOHER","3153002104/RC/958486255823740262","6393","https://mnregaweb4.nic.in/nregaarch/View_NMMS_atten_date_dtl_rpt.aspx?page=&short_name=UP&state_name=UTTAR%20PRADESH&state_code=31&district_name=BASTI&district_code=3153&block_name=GAUR&block_code=3153002&panchayat_name=SITKOHER&panchayat_code=3153002104&fin_year=2025-2026&source=&work_code=3153002104/RC/958486255823740262&msr_no=6393&AttendanceDate=27/03/2026&Digest=IuGmd11CDBfW4dnUFO0E4Q",10
"BASTI","GAUR","SITKOHER","3153002104/RC/958486255823740266","6359","https://mnregaweb4.nic.in/nregaarch/View_NMMS_atten_date_dtl_rpt.aspx?page=&short_name=UP&state_name=UTTAR%20PRADESH&state_code=31&district_name=BASTI&district_code=3153&block_name=GAUR&block_code=3153002&panchayat_name=SITKOHER&panchayat_code=3153002104&fin_year=2025-2026&source=&work_code=3153002104/RC/958486255823740266&msr_no=6359&AttendanceDate=27/03/2026&Digest=wEcPq8F+de9ygxd2M7F65g",7
"BASTI","GAUR","BHITA","3153002105/RC/958486255823662851","6583","https://mnregaweb4.nic.in/nregaarch/View_NMMS_atten_date_dtl_rpt.aspx?page=&short_name=UP&state_name=UTTAR%20PRADESH&state_code=31&district_name=BASTI&district_code=3153&block_name=GAUR&block_code=3153002&panchayat_name=BHITA&panchayat_code=3153002105&fin_year=2025-2026&source=&work_code=3153002105/RC/958486255823662851&msr_no=6583&AttendanceDate=27/03/2026&Digest=mzbZgig+I1oJjRjZk0Wuxg",1
"BASTI","GAUR","SAURAHA","3153002107/WC/958486255824252674","6368","https://mnregaweb4.nic.in/nregaarch/View_NMMS_atten_date_dtl_rpt.aspx?page=&short_name=UP&state_name=UTTAR%20PRADESH&state_code=31&district_name=BASTI&district_code=3153&block_name=GAUR&block_code=3153002&panchayat_name=SAURAHA&panchayat_code=3153002107&fin_year=2025-2026&source=&work_code=3153002107/WC/958486255824252674&msr_no=6368&AttendanceDate=27/03/2026&Digest=9gfP2YfFxLJLLPnaguVh9A",8
"BASTI","HARRAIYA","BELBHARIYA RAM GULAM","3153003017/LD/958486255825009419","6997","https://mnregaweb4.nic.in/nregaarch/View_NMMS_atten_date_dtl_rpt.aspx?page=&short_name=UP&state_name=UTTAR%20PRADESH&state_code=31&district_name=BASTI&district_code=3153&block_name=HARRAIYA&block_code=3153003&panchayat_name=BELBHARIYA%20RAM%20GULAM&panchayat_code=3153003017&fin_year=2025-2026&source=&work_code=3153003017/LD/958486255825009419&msr_no=6997&AttendanceDate=27/03/2026&Digest=2wIxOvg30r2nMByITFTIPQ",10
"BASTI","HARRAIYA","BELBHARIYA RAM GULAM","3153003017/LD/958486255825009419","7000","https://mnregaweb4.nic.in/nregaarch/View_NMMS_atten_date_dtl_rpt.aspx?page=&short_name=UP&state_name=UTTAR%20PRADESH&state_code=31&district_name=BASTI&district_code=3153&block_name=HARRAIYA&block_code=3153003&panchayat_name=BELBHARIYA%20RAM%20GULAM&panchayat_code=3153003017&fin_year=2025-2026&source=&work_code=3153003017/LD/958486255825009419&msr_no=7000&AttendanceDate=27/03/2026&Digest=HhZ5ENvE2iN7Hw/06N6M7A",10
"BASTI","HARRAIYA","MAHUAPAR","3153003018/LD/958486255824931758","6889","https://mnregaweb4.nic.in/nregaarch/View_NMMS_atten_date_dtl_rpt.aspx?page=&short_name=UP&state_name=UTTAR%20PRADESH&state_code=31&district_name=BASTI&district_code=3153&block_name=HARRAIYA&block_code=3153003&panchayat_name=MAHUAPAR&panchayat_code=3153003018&fin_year=2025-2026&source=&work_code=3153003018/LD/958486255824931758&msr_no=6889&AttendanceDate=27/03/2026&Digest=2+CPSkLgg0quAeeirJZjaQ",10
"BASTI","HARRAIYA","MAHUAPAR","3153003018/LD/958486255824931758","6892","https://mnregaweb4.nic.in/nregaarch/View_NMMS_atten_date_dtl_rpt.aspx?page=&short_name=UP&state_name=UTTAR%20PRADESH&state_code=31&district_name=BASTI&district_code=3153&block_name=HARRAIYA&block_code=3153003&panchayat_name=MAHUAPAR&panchayat_code=3153003018&fin_year=2025-2026&source=&work_code=3153003018/LD/958486255824931758&msr_no=6892&AttendanceDate=27/03/2026&Digest=7ZhWf0z6D8XoJN59R54Sgg",10
"BASTI","HARRAIYA","BHAIRO PUR","3153003027/RC/YD/958486255823735828","6941","https://mnregaweb4.nic.in/nregaarch/View_NMMS_atten_date_dtl_rpt.aspx?page=&short_name=UP&state_name=UTTAR%20PRADESH&state_code=31&district_name=BASTI&district_code=3153&block_name=HARRAIYA&block_code=3153003&panchayat_name=BHAIRO%20PUR&panchayat_code=3153003027&fin_year=2025-2026&source=&work_code=3153003027/RC/YD/958486255823735828&msr_no=6941&AttendanceDate=27/03/2026&Digest=XPDUuKdUDlht1V7wtFl+jA",10
"BASTI","HARRAIYA","BANS GAW","3153003031/LD/958486255824994674","6898","https://mnregaweb4.nic.in/nregaarch/View_NMMS_atten_date_dtl_rpt.aspx?page=&short_name=UP&state_name=UTTAR%20PRADESH&state_code=31&district_name=BASTI&district_code=3153&block_name=HARRAIYA&block_code=3153003&panchayat_name=BANS%20GAW&panchayat_code=3153003031&fin_year=2025-2026&source=&work_code=3153003031/LD/958486255824994674&msr_no=6898&AttendanceDate=27/03/2026&Digest=YT0jcvyiRqv5CXG6pvxbBw",10
"BASTI","HARRAIYA","PADARI MISHR","3153003055/RC/958486255823718894","7008","https://mnregaweb4.nic.in/nregaarch/View_NMMS_atten_date_dtl_rpt.aspx?page=&short_name=UP&state_name=UTTAR%20PRADESH&state_code=31&district_name=BASTI&district_code=3153&block_name=HARRAIYA&block_code=3153003&panchayat_name=PADARI%20MISHR&panchayat_code=3153003055&fin_year=2025-2026&source=&work_code=3153003055/RC/958486255823718894&msr_no=7008&AttendanceDate=27/03/2026&Digest=D+cWwL8fnl5M6REHc++MIQ",1
"BASTI","HARRAIYA","KHAMAHRIA SUJAT","3153003072/LD/958486255825008862","6829","https://mnregaweb4.nic.in/nregaarch/View_NMMS_atten_date_dtl_rpt.aspx?page=&short_name=UP&state_name=UTTAR%20PRADESH&state_code=31&district_name=BASTI&district_code=3153&block_name=HARRAIYA&block_code=3153003&panchayat_name=KHAMAHRIA%20SUJAT&panchayat_code=3153003072&fin_year=2025-2026&source=&work_code=3153003072/LD/958486255825008862&msr_no=6829&AttendanceDate=27/03/2026&Digest=D+ZEGQFvG5Q/KjgqCBGCHQ",10
"BASTI","HARRAIYA","BHADAWAL KALA","3153003074/LD/958486255825010527","6868","https://mnregaweb4.nic.in/nregaarch/View_NMMS_atten_date_dtl_rpt.aspx?page=&short_name=UP&state_name=UTTAR%20PRADESH&state_code=31&district_name=BASTI&district_code=3153&block_name=HARRAIYA&block_code=3153003&panchayat_name=BHADAWAL%20KALA&panchayat_code=3153003074&fin_year=2025-2026&source=&work_code=3153003074/LD/958486255825010527&msr_no=6868&AttendanceDate=27/03/2026&Digest=TzwMvlwxgmiPyhP3nwtVGw",8
"BASTI","HARRAIYA","BHADAWAL KALA","3153003074/WH/958486255823988938","6877","https://mnregaweb4.nic.in/nregaarch/View_NMMS_atten_date_dtl_rpt.aspx?page=&short_name=UP&state_name=UTTAR%20PRADESH&state_code=31&district_name=BASTI&district_code=3153&block_name=HARRAIYA&block_code=3153003&panchayat_name=BHADAWAL%20KALA&panchayat_code=3153003074&fin_year=2025-2026&source=&work_code=3153003074/WH/958486255823988938&msr_no=6877&AttendanceDate=27/03/2026&Digest=4pFDrwnnrw6zT9UCzK0Zug",10
"BASTI","HARRAIYA","KISHUNPUR","3153003084/RC/958486255823542539","6946","https://mnregaweb4.nic.in/nregaarch/View_NMMS_atten_date_dtl_rpt.aspx?page=&short_name=UP&state_name=UTTAR%20PRADESH&state_code=31&district_name=BASTI&district_code=3153&block_name=HARRAIYA&block_code=3153003&panchayat_name=KISHUNPUR&panchayat_code=3153003084&fin_year=2025-2026&source=&work_code=3153003084/RC/958486255823542539&msr_no=6946&AttendanceDate=27/03/2026&Digest=azIHLOLijgE3mbTKQBNCfw",10
"BASTI","KAPTANGANJ","PENDA","3153005007/RC/958486255823747915","4913","https://mnregaweb4.nic.in/nregaarch/View_NMMS_atten_date_dtl_rpt.aspx?page=&short_name=UP&state_name=UTTAR%20PRADESH&state_code=31&district_name=BASTI&district_code=3153&block_name=KAPTANGANJ&block_code=3153005&panchayat_name=PENDA&panchayat_code=3153005007&fin_year=2025-2026&source=&work_code=3153005007/RC/958486255823747915&msr_no=4913&AttendanceDate=27/03/2026&Digest=9wFzy+XcxVcfA9Oxl+tECg",1
"BASTI","KAPTANGANJ","BAGHAUDA","3153005008/RC/958486255823700091","4845","https://mnregaweb4.nic.in/nregaarch/View_NMMS_atten_date_dtl_rpt.aspx?page=&short_name=UP&state_name=UTTAR%20PRADESH&state_code=31&district_name=BASTI&district_code=3153&block_name=KAPTANGANJ&block_code=3153005&panchayat_name=BAGHAUDA&panchayat_code=3153005008&fin_year=2025-2026&source=&work_code=3153005008/RC/958486255823700091&msr_no=4845&AttendanceDate=27/03/2026&Digest=JNwliqmcRK6LX3/Yd/Ta6Q",9
"BASTI","KAPTANGANJ","BESAURA","3153005031/RC/958486255823680624","4860","https://mnregaweb4.nic.in/nregaarch/View_NMMS_atten_date_dtl_rpt.aspx?page=&short_name=UP&state_name=UTTAR%20PRADESH&state_code=31&district_name=BASTI&district_code=3153&block_name=KAPTANGANJ&block_code=3153005&panchayat_name=BESAURA&panchayat_code=3153005031&fin_year=2025-2026&source=&work_code=3153005031/RC/958486255823680624&msr_no=4860&AttendanceDate=27/03/2026&Digest=Jr+JR7M1my1urdWWxr8HNw",6
"BASTI","KAPTANGANJ","BIHRA","3153005050/RC/958486255823667166","4987","https://mnregaweb4.nic.in/nregaarch/View_NMMS_atten_date_dtl_rpt.aspx?page=&short_name=UP&state_name=UTTAR%20PRADESH&state_code=31&district_name=BASTI&district_code=3153&block_name=KAPTANGANJ&block_code=3153005&panchayat_name=BIHRA&panchayat_code=3153005050&fin_year=2025-2026&source=&work_code=3153005050/RC/958486255823667166&msr_no=4987&AttendanceDate=27/03/2026&Digest=kGWZYCk/PB9XqmTfzKBd3Q",2
"BASTI","KAPTANGANJ","BIHRA","3153005050/RC/958486255823708855","5001","https://mnregaweb4.nic.in/nregaarch/View_NMMS_atten_date_dtl_rpt.aspx?page=&short_name=UP&state_name=UTTAR%20PRADESH&state_code=31&district_name=BASTI&district_code=3153&block_name=KAPTANGANJ&block_code=3153005&panchayat_name=BIHRA&panchayat_code=3153005050&fin_year=2025-2026&source=&work_code=3153005050/RC/958486255823708855&msr_no=5001&AttendanceDate=27/03/2026&Digest=bOiN/QCIUR7Mnx+IEJ/eeQ",10
"BASTI","KAPTANGANJ","BIHRA","3153005050/RC/958486255823733116","5038","https://mnregaweb4.nic.in/nregaarch/View_NMMS_atten_date_dtl_rpt.aspx?page=&short_name=UP&state_name=UTTAR%20PRADESH&state_code=31&district_name=BASTI&district_code=3153&block_name=KAPTANGANJ&block_code=3153005&panchayat_name=BIHRA&panchayat_code=3153005050&fin_year=2025-2026&source=&work_code=3153005050/RC/958486255823733116&msr_no=5038&AttendanceDate=27/03/2026&Digest=W5sBG7YEx5aPC/I2ilVvgA",6
"BASTI","KAPTANGANJ","POKHRA","3153005054/RC/958486255823736565","4949","https://mnregaweb4.nic.in/nregaarch/View_NMMS_atten_date_dtl_rpt.aspx?page=&short_name=UP&state_name=UTTAR%20PRADESH&state_code=31&district_name=BASTI&district_code=3153&block_name=KAPTANGANJ&block_code=3153005&panchayat_name=POKHRA&panchayat_code=3153005054&fin_year=2025-2026&source=&work_code=3153005054/RC/958486255823736565&msr_no=4949&AttendanceDate=27/03/2026&Digest=FTGKN3DSU0SqNHVXCKGYxw",10
"BASTI","KAPTANGANJ","POKHRA","3153005054/RC/958486255823736565","4952","https://mnregaweb4.nic.in/nregaarch/View_NMMS_atten_date_dtl_rpt.aspx?page=&short_name=UP&state_name=UTTAR%20PRADESH&state_code=31&district_name=BASTI&district_code=3153&block_name=KAPTANGANJ&block_code=3153005&panchayat_name=POKHRA&panchayat_code=3153005054&fin_year=2025-2026&source=&work_code=3153005054/RC/958486255823736565&msr_no=4952&AttendanceDate=27/03/2026&Digest=ExsrYpeq5/U+Gp6A4erK3g",1
"BASTI","BANKATI","SISWA PANDEY","3153011101/RC/958486255823732562","9426","https://mnregaweb4.nic.in/nregaarch/View_NMMS_atten_date_dtl_rpt.aspx?page=&short_name=UP&state_name=UTTAR%20PRADESH&state_code=31&district_name=BASTI&district_code=3153&block_name=BANKATI&block_code=3153011&panchayat_name=SISWA%20PANDEY&panchayat_code=3153011101&fin_year=2025-2026&source=&work_code=3153011101/RC/958486255823732562&msr_no=9426&AttendanceDate=27/03/2026&Digest=fEDoIAq4pH+mQmWum8+FPA",9
"BASTI","BANKATI","SISWA PANDEY","3153011101/RC/958486255823732562","9429","https://mnregaweb4.nic.in/nregaarch/View_NMMS_atten_date_dtl_rpt.aspx?page=&short_name=UP&state_name=UTTAR%20PRADESH&state_code=31&district_name=BASTI&district_code=3153&block_name=BANKATI&block_code=3153011&panchayat_name=SISWA%20PANDEY&panchayat_code=3153011101&fin_year=2025-2026&source=&work_code=3153011101/RC/958486255823732562&msr_no=9429&AttendanceDate=27/03/2026&Digest=xYcpi/xVZdr8vcehIqf8HQ",7
"BASTI","BANKATI","DUBAULI KHURD","3153011109/RC/958486255823749300","9395","https://mnregaweb4.nic.in/nregaarch/View_NMMS_atten_date_dtl_rpt.aspx?page=&short_name=UP&state_name=UTTAR%20PRADESH&state_code=31&district_name=BASTI&district_code=3153&block_name=BANKATI&block_code=3153011&panchayat_name=DUBAULI%20KHURD&panchayat_code=3153011109&fin_year=2025-2026&source=&work_code=3153011109/RC/958486255823749300&msr_no=9395&AttendanceDate=27/03/2026&Digest=vMoE292O7YYSNBJgpEii8w",7
"BASTI","BANKATI","CHOLKHARI","3153011110/AV/958486255824182493","9424","https://mnregaweb4.nic.in/nregaarch/View_NMMS_atten_date_dtl_rpt.aspx?page=&short_name=UP&state_name=UTTAR%20PRADESH&state_code=31&district_name=BASTI&district_code=3153&block_name=BANKATI&block_code=3153011&panchayat_name=CHOLKHARI&panchayat_code=3153011110&fin_year=2025-2026&source=&work_code=3153011110/AV/958486255824182493&msr_no=9424&AttendanceDate=27/03/2026&Digest=eYljDbLQlvb0GxCmUUIxXg",8
"BASTI","BASTI","ORAI","3153010065/WC/958486255824160997","4412","https://mnregaweb4.nic.in/nregaarch/View_NMMS_atten_date_dtl_rpt.aspx?page=&short_name=UP&state_name=UTTAR%20PRADESH&state_code=31&district_name=BASTI&district_code=3153&block_name=BASTI&block_code=3153010&panchayat_name=ORAI&panchayat_code=3153010065&fin_year=2025-2026&source=&work_code=3153010065/WC/958486255824160997&msr_no=4412&AttendanceDate=27/03/2026&Digest=bkbjBN9+JCWwjk0agnm8tw",2
"BASTI","BASTI","RAIKWAR","3153010070/RC/958486255823675819","4435","https://mnregaweb4.nic.in/nregaarch/View_NMMS_atten_date_dtl_rpt.aspx?page=&short_name=UP&state_name=UTTAR%20PRADESH&state_code=31&district_name=BASTI&district_code=3153&block_name=BASTI&block_code=3153010&panchayat_name=RAIKWAR&panchayat_code=3153010070&fin_year=2025-2026&source=&work_code=3153010070/RC/958486255823675819&msr_no=4435&AttendanceDate=27/03/2026&Digest=Wa04bMZS1+banXm2jwX7gw",4
"BASTI","DUBAULIYA","DEHIDIHA BUJURG","3153014010/RC/958486255823750688","4224","https://mnregaweb4.nic.in/nregaarch/View_NMMS_atten_date_dtl_rpt.aspx?page=&short_name=UP&state_name=UTTAR%20PRADESH&state_code=31&district_name=BASTI&district_code=3153&block_name=DUBAULIYA&block_code=3153014&panchayat_name=DEHIDIHA%20BUJURG&panchayat_code=3153014010&fin_year=2025-2026&source=&work_code=3153014010/RC/958486255823750688&msr_no=4224&AttendanceDate=27/03/2026&Digest=UI3rh627gzVkIECDFaZLPQ",6
"BASTI","DUBAULIYA","DEHIDIHA BUJURG","3153014010/RC/958486255823750688","4227","https://mnregaweb4.nic.in/nregaarch/View_NMMS_atten_date_dtl_rpt.aspx?page=&short_name=UP&state_name=UTTAR%20PRADESH&state_code=31&district_name=BASTI&district_code=3153&block_name=DUBAULIYA&block_code=3153014&panchayat_name=DEHIDIHA%20BUJURG&panchayat_code=3153014010&fin_year=2025-2026&source=&work_code=3153014010/RC/958486255823750688&msr_no=4227&AttendanceDate=27/03/2026&Digest=wKNd83IQj1Dd61hHKNzosA",1
"BASTI","DUBAULIYA","DEWRAGANGWAR","3153014015/RC/958486255823666018","4302","https://mnregaweb4.nic.in/nregaarch/View_NMMS_atten_date_dtl_rpt.aspx?page=&short_name=UP&state_name=UTTAR%20PRADESH&state_code=31&district_name=BASTI&district_code=3153&block_name=DUBAULIYA&block_code=3153014&panchayat_name=DEWRAGANGWAR&panchayat_code=3153014015&fin_year=2025-2026&source=&work_code=3153014015/RC/958486255823666018&msr_no=4302&AttendanceDate=27/03/2026&Digest=2I8KSAZxiEOR4fHzjDzM7w",8
"BASTI","DUBAULIYA","DEWRAGANGWAR","3153014015/RC/958486255823719614","4300","https://mnregaweb4.nic.in/nregaarch/View_NMMS_atten_date_dtl_rpt.aspx?page=&short_name=UP&state_name=UTTAR%20PRADESH&state_code=31&district_name=BASTI&district_code=3153&block_name=DUBAULIYA&block_code=3153014&panchayat_name=DEWRAGANGWAR&panchayat_code=3153014015&fin_year=2025-2026&source=&work_code=3153014015/RC/958486255823719614&msr_no=4300&AttendanceDate=27/03/2026&Digest=GYfsSZk3HgDILx3vFOo9kg",6
"BASTI","DUBAULIYA","PURE OARI RAI","3153014023/RC/958486255823749307","4141","https://mnregaweb4.nic.in/nregaarch/View_NMMS_atten_date_dtl_rpt.aspx?page=&short_name=UP&state_name=UTTAR%20PRADESH&state_code=31&district_name=BASTI&district_code=3153&block_name=DUBAULIYA&block_code=3153014&panchayat_name=PURE%20OARI%20RAI&panchayat_code=3153014023&fin_year=2025-2026&source=&work_code=3153014023/RC/958486255823749307&msr_no=4141&AttendanceDate=27/03/2026&Digest=2jDZRHAE1I25I24yUk7eig",3
"BASTI","DUBAULIYA","PAYAK PUR","3153014025/RC/958486255823750947","4299","https://mnregaweb4.nic.in/nregaarch/View_NMMS_atten_date_dtl_rpt.aspx?page=&short_name=UP&state_name=UTTAR%20PRADESH&state_code=31&district_name=BASTI&district_code=3153&block_name=DUBAULIYA&block_code=3153014&panchayat_name=PAYAK%20PUR&panchayat_code=3153014025&fin_year=2025-2026&source=&work_code=3153014025/RC/958486255823750947&msr_no=4299&AttendanceDate=27/03/2026&Digest=8vRIWG86KkH392yXRYS2wA",1
"BASTI","DUBAULIYA","SARIYA ATIBAL","3153014031/RC/958486255823751171","4353","https://mnregaweb4.nic.in/nregaarch/View_NMMS_atten_date_dtl_rpt.aspx?page=&short_name=UP&state_name=UTTAR%20PRADESH&state_code=31&district_name=BASTI&district_code=3153&block_name=DUBAULIYA&block_code=3153014&panchayat_name=SARIYA%20ATIBAL&panchayat_code=3153014031&fin_year=2025-2026&source=&work_code=3153014031/RC/958486255823751171&msr_no=4353&AttendanceDate=27/03/2026&Digest=Xagy6rLudOzKj086ofW9CA",2
"BASTI","DUBAULIYA","TIGHRA","3153014041/RC/958486255823750592","4289","https://mnregaweb4.nic.in/nregaarch/View_NMMS_atten_date_dtl_rpt.aspx?page=&short_name=UP&state_name=UTTAR%20PRADESH&state_code=31&district_name=BASTI&district_code=3153&block_name=DUBAULIYA&block_code=3153014&panchayat_name=TIGHRA&panchayat_code=3153014041&fin_year=2025-2026&source=&work_code=3153014041/RC/958486255823750592&msr_no=4289&AttendanceDate=27/03/2026&Digest=YpMl24EuP66p+PTgotUEpg",4
"BASTI","DUBAULIYA","SARAIYA BAKSI","3153014046/RC/958486255823727877","4395","https://mnregaweb4.nic.in/nregaarch/View_NMMS_atten_date_dtl_rpt.aspx?page=&short_name=UP&state_name=UTTAR%20PRADESH&state_code=31&district_name=BASTI&district_code=3153&block_name=DUBAULIYA&block_code=3153014&panchayat_name=SARAIYA%20BAKSI&panchayat_code=3153014046&fin_year=2025-2026&source=&work_code=3153014046/RC/958486255823727877&msr_no=4395&AttendanceDate=27/03/2026&Digest=Uz8QueFy7rIWk4Aw14QXEQ",9
"BASTI","DUBAULIYA","SARAIYA BAKSI","3153014046/RC/958486255823727878","4399","https://mnregaweb4.nic.in/nregaarch/View_NMMS_atten_date_dtl_rpt.aspx?page=&short_name=UP&state_name=UTTAR%20PRADESH&state_code=31&district_name=BASTI&district_code=3153&block_name=DUBAULIYA&block_code=3153014&panchayat_name=SARAIYA%20BAKSI&panchayat_code=3153014046&fin_year=2025-2026&source=&work_code=3153014046/RC/958486255823727878&msr_no=4399&AttendanceDate=27/03/2026&Digest=1udS3rJ14Hy8yWI8P5a6sw",8
"BASTI","DUBAULIYA","KHUSHALGANJ","3153014052/RC/958486255823748523","4131","https://mnregaweb4.nic.in/nregaarch/View_NMMS_atten_date_dtl_rpt.aspx?page=&short_name=UP&state_name=UTTAR%20PRADESH&state_code=31&district_name=BASTI&district_code=3153&block_name=DUBAULIYA&block_code=3153014&panchayat_name=KHUSHALGANJ&panchayat_code=3153014052&fin_year=2025-2026&source=&work_code=3153014052/RC/958486255823748523&msr_no=4131&AttendanceDate=27/03/2026&Digest=lIpBaZUkSyCNmYJQpENpyA",6
"BASTI","DUBAULIYA","BARSAV","3153014055/WH/958486255823263333","4371","https://mnregaweb4.nic.in/nregaarch/View_NMMS_atten_date_dtl_rpt.aspx?page=&short_name=UP&state_name=UTTAR%20PRADESH&state_code=31&district_name=BASTI&district_code=3153&block_name=DUBAULIYA&block_code=3153014&panchayat_name=BARSAV&panchayat_code=3153014055&fin_year=2025-2026&source=&work_code=3153014055/WH/958486255823263333&msr_no=4371&AttendanceDate=27/03/2026&Digest=gLKbZs09AhAozMDlXQEDLg",10
"BASTI","DUBAULIYA","BARSAV","3153014055/WH/958486255823263333","4377","https://mnregaweb4.nic.in/nregaarch/View_NMMS_atten_date_dtl_rpt.aspx?page=&short_name=UP&state_name=UTTAR%20PRADESH&state_code=31&district_name=BASTI&district_code=3153&block_name=DUBAULIYA&block_code=3153014&panchayat_name=BARSAV&panchayat_code=3153014055&fin_year=2025-2026&source=&work_code=3153014055/WH/958486255823263333&msr_no=4377&AttendanceDate=27/03/2026&Digest=YRFtq31JbaGLSAHnusD9DA",1
"BASTI","DUBAULIYA","BASANTPUR","3153014056/RC/958486255823751367","4281","https://mnregaweb4.nic.in/nregaarch/View_NMMS_atten_date_dtl_rpt.aspx?page=&short_name=UP&state_name=UTTAR%20PRADESH&state_code=31&district_name=BASTI&district_code=3153&block_name=DUBAULIYA&block_code=3153014&panchayat_name=BASANTPUR&panchayat_code=3153014056&fin_year=2025-2026&source=&work_code=3153014056/RC/958486255823751367&msr_no=4281&AttendanceDate=27/03/2026&Digest=uwiyHKSeAxFeXPHmMUc1aw",5
"BASTI","DUBAULIYA","HARIPAL PUR","3153014060/RC/958486255823749903","4219","https://mnregaweb4.nic.in/nregaarch/View_NMMS_atten_date_dtl_rpt.aspx?page=&short_name=UP&state_name=UTTAR%20PRADESH&state_code=31&district_name=BASTI&district_code=3153&block_name=DUBAULIYA&block_code=3153014&panchayat_name=HARIPAL%20PUR&panchayat_code=3153014060&fin_year=2025-2026&source=&work_code=3153014060/RC/958486255823749903&msr_no=4219&AttendanceDate=27/03/2026&Digest=8bXsj6PVW7+fDnARqQuWHQ",4
"BASTI","GAUR","GONHA","3153002041/LD/958486255824899111","6467","https://mnregaweb4.nic.in/nregaarch/View_NMMS_atten_date_dtl_rpt.aspx?page=&short_name=UP&state_name=UTTAR%20PRADESH&state_code=31&district_name=BASTI&district_code=3153&block_name=GAUR&block_code=3153002&panchayat_name=GONHA&panchayat_code=3153002041&fin_year=2025-2026&source=&work_code=3153002041/LD/958486255824899111&msr_no=6467&AttendanceDate=27/03/2026&Digest=IwCw/EAZYYslz22Xz0HVBg",5
"BASTI","GAUR","HARDI","3153002043/WC/958486255824252613","6404","https://mnregaweb4.nic.in/nregaarch/View_NMMS_atten_date_dtl_rpt.aspx?page=&short_name=UP&state_name=UTTAR%20PRADESH&state_code=31&district_name=BASTI&district_code=3153&block_name=GAUR&block_code=3153002&panchayat_name=HARDI&panchayat_code=3153002043&fin_year=2025-2026&source=&work_code=3153002043/WC/958486255824252613&msr_no=6404&AttendanceDate=27/03/2026&Digest=dYrBWlNsjSUevJ7mrEOj9w",9
"BASTI","GAUR","HARDI","3153002043/WC/958486255824252613","6407","https://mnregaweb4.nic.in/nregaarch/View_NMMS_atten_date_dtl_rpt.aspx?page=&short_name=UP&state_name=UTTAR%20PRADESH&state_code=31&district_name=BASTI&district_code=3153&block_name=GAUR&block_code=3153002&panchayat_name=HARDI&panchayat_code=3153002043&fin_year=2025-2026&source=&work_code=3153002043/WC/958486255824252613&msr_no=6407&AttendanceDate=27/03/2026&Digest=hIho+yprotrAAbDlwquTJA",8
"BASTI","GAUR","KACHIYA","3153002046/LD/958486255824922222","6409","https://mnregaweb4.nic.in/nregaarch/View_NMMS_atten_date_dtl_rpt.aspx?page=&short_name=UP&state_name=UTTAR%20PRADESH&state_code=31&district_name=BASTI&district_code=3153&block_name=GAUR&block_code=3153002&panchayat_name=KACHIYA&panchayat_code=3153002046&fin_year=2025-2026&source=&work_code=3153002046/LD/958486255824922222&msr_no=6409&AttendanceDate=27/03/2026&Digest=juXSbjxGDcCy5H68TymIAA",4
"BASTI","GAUR","KAISRAI","3153002047/RC/958486255823752199","6595","https://mnregaweb4.nic.in/nregaarch/View_NMMS_atten_date_dtl_rpt.aspx?page=&short_name=UP&state_name=UTTAR%20PRADESH&state_code=31&district_name=BASTI&district_code=3153&block_name=GAUR&block_code=3153002&panchayat_name=KAISRAI&panchayat_code=3153002047&fin_year=2025-2026&source=&work_code=3153002047/RC/958486255823752199&msr_no=6595&AttendanceDate=27/03/2026&Digest=igbyQtlvxKgIGiFxDiOq8Q",5
"BASTI","GAUR","SUMAHI","3153002089/LD/YD/958486255825010405","6285","https://mnregaweb4.nic.in/nregaarch/View_NMMS_atten_date_dtl_rpt.aspx?page=&short_name=UP&state_name=UTTAR%20PRADESH&state_code=31&district_name=BASTI&district_code=3153&block_name=GAUR&block_code=3153002&panchayat_name=SUMAHI&panchayat_code=3153002089&fin_year=2025-2026&source=&work_code=3153002089/LD/YD/958486255825010405&msr_no=6285&AttendanceDate=27/03/2026&Digest=aCjhK3oVQXX38BA8a0FJEg",8
"BASTI","GAUR","TENUI CHET SINGH","3153002092/IC/958486255823745285","6344","https://mnregaweb4.nic.in/nregaarch/View_NMMS_atten_date_dtl_rpt.aspx?page=&short_name=UP&state_name=UTTAR%20PRADESH&state_code=31&district_name=BASTI&district_code=3153&block_name=GAUR&block_code=3153002&panchayat_name=TENUI%20CHET%20SINGH&panchayat_code=3153002092&fin_year=2025-2026&source=&work_code=3153002092/IC/958486255823745285&msr_no=6344&AttendanceDate=27/03/2026&Digest=KLnXXGFKGtCBroKjyf+G/w",8
"BASTI","GAUR","MADANPURA","3153002100/RC/958486255823737292","6477","https://mnregaweb4.nic.in/nregaarch/View_NMMS_atten_date_dtl_rpt.aspx?page=&short_name=UP&state_name=UTTAR%20PRADESH&state_code=31&district_name=BASTI&district_code=3153&block_name=GAUR&block_code=3153002&panchayat_name=MADANPURA&panchayat_code=3153002100&fin_year=2025-2026&source=&work_code=3153002100/RC/958486255823737292&msr_no=6477&AttendanceDate=27/03/2026&Digest=+s0i2i7LLAnljip6SNLTeg",6
"BASTI","GAUR","SITKOHER","3153002104/RC/958486255823740262","6394","https://mnregaweb4.nic.in/nregaarch/View_NMMS_atten_date_dtl_rpt.aspx?page=&short_name=UP&state_name=UTTAR%20PRADESH&state_code=31&district_name=BASTI&district_code=3153&block_name=GAUR&block_code=3153002&panchayat_name=SITKOHER&panchayat_code=3153002104&fin_year=2025-2026&source=&work_code=3153002104/RC/958486255823740262&msr_no=6394&AttendanceDate=27/03/2026&Digest=ZiEBqfS7kJ2662WBzGO4zA",10
"BASTI","GAUR","SAURAHA","3153002107/WC/958486255824252674","6370","https://mnregaweb4.nic.in/nregaarch/View_NMMS_atten_date_dtl_rpt.aspx?page=&short_name=UP&state_name=UTTAR%20PRADESH&state_code=31&district_name=BASTI&district_code=3153&block_name=GAUR&block_code=3153002&panchayat_name=SAURAHA&panchayat_code=3153002107&fin_year=2025-2026&source=&work_code=3153002107/WC/958486255824252674&msr_no=6370&AttendanceDate=27/03/2026&Digest=8ucuoYDq2zCUg/dBRRJ+2w",2
"BASTI","HARRAIYA","BHITI MISHR","3153003010/LD/958486255824946085","6844","https://mnregaweb4.nic.in/nregaarch/View_NMMS_atten_date_dtl_rpt.aspx?page=&short_name=UP&state_name=UTTAR%20PRADESH&state_code=31&district_name=BASTI&district_code=3153&block_name=HARRAIYA&block_code=3153003&panchayat_name=BHITI%20MISHR&panchayat_code=3153003010&fin_year=2025-2026&source=&work_code=3153003010/LD/958486255824946085&msr_no=6844&AttendanceDate=27/03/2026&Digest=f3FThPoZJpUt+Mm0p/FXEA",10
"BASTI","HARRAIYA","MAHUAPAR","3153003018/LD/958486255824931758","6891","https://mnregaweb4.nic.in/nregaarch/View_NMMS_atten_date_dtl_rpt.aspx?page=&short_name=UP&state_name=UTTAR%20PRADESH&state_code=31&district_name=BASTI&district_code=3153&block_name=HARRAIYA&block_code=3153003&panchayat_name=MAHUAPAR&panchayat_code=3153003018&fin_year=2025-2026&source=&work_code=3153003018/LD/958486255824931758&msr_no=6891&AttendanceDate=27/03/2026&Digest=Rc2Pl/Rruwefirx7r2UZNg",10
"BASTI","HARRAIYA","BHAIRO PUR","3153003027/RC/YD/958486255823735828","6942","https://mnregaweb4.nic.in/nregaarch/View_NMMS_atten_date_dtl_rpt.aspx?page=&short_name=UP&state_name=UTTAR%20PRADESH&state_code=31&district_name=BASTI&district_code=3153&block_name=HARRAIYA&block_code=3153003&panchayat_name=BHAIRO%20PUR&panchayat_code=3153003027&fin_year=2025-2026&source=&work_code=3153003027/RC/YD/958486255823735828&msr_no=6942&AttendanceDate=27/03/2026&Digest=/SB2zYxseY/ocl1bM9KmFg",1
"BASTI","HARRAIYA","BHAIRO PUR","3153003027/RC/YD/958486255823736251","6939","https://mnregaweb4.nic.in/nregaarch/View_NMMS_atten_date_dtl_rpt.aspx?page=&short_name=UP&state_name=UTTAR%20PRADESH&state_code=31&district_name=BASTI&district_code=3153&block_name=HARRAIYA&block_code=3153003&panchayat_name=BHAIRO%20PUR&panchayat_code=3153003027&fin_year=2025-2026&source=&work_code=3153003027/RC/YD/958486255823736251&msr_no=6939&AttendanceDate=27/03/2026&Digest=Z9+b+tg1go+ZyJNC23s+ug",10
"BASTI","HARRAIYA","BANS GAW","3153003031/LD/958486255824994674","6900","https://mnregaweb4.nic.in/nregaarch/View_NMMS_atten_date_dtl_rpt.aspx?page=&short_name=UP&state_name=UTTAR%20PRADESH&state_code=31&district_name=BASTI&district_code=3153&block_name=HARRAIYA&block_code=3153003&panchayat_name=BANS%20GAW&panchayat_code=3153003031&fin_year=2025-2026&source=&work_code=3153003031/LD/958486255824994674&msr_no=6900&AttendanceDate=27/03/2026&Digest=cmif8M5Hi+POu2MK3r62YQ",8
"BASTI","HARRAIYA","BANS GAW","3153003031/LD/958486255824999778","6895","https://mnregaweb4.nic.in/nregaarch/View_NMMS_atten_date_dtl_rpt.aspx?page=&short_name=UP&state_name=UTTAR%20PRADESH&state_code=31&district_name=BASTI&district_code=3153&block_name=HARRAIYA&block_code=3153003&panchayat_name=BANS%20GAW&panchayat_code=3153003031&fin_year=2025-2026&source=&work_code=3153003031/LD/958486255824999778&msr_no=6895&AttendanceDate=27/03/2026&Digest=BA2TBzQyIZePKdsbtl37IA",10
"BASTI","HARRAIYA","NIDURI KHAMHAUA","3153003046/RC/958486255823733323","7010","https://mnregaweb4.nic.in/nregaarch/View_NMMS_atten_date_dtl_rpt.aspx?page=&short_name=UP&state_name=UTTAR%20PRADESH&state_code=31&district_name=BASTI&district_code=3153&block_name=HARRAIYA&block_code=3153003&panchayat_name=NIDURI%20KHAMHAUA&panchayat_code=3153003046&fin_year=2025-2026&source=&work_code=3153003046/RC/958486255823733323&msr_no=7010&AttendanceDate=27/03/2026&Digest=9G3NI7e9kmmQ5cLXobKCHw",3
"BASTI","HARRAIYA","BHARGAWA","3153003058/LD/958486255824949792","6854","https://mnregaweb4.nic.in/nregaarch/View_NMMS_atten_date_dtl_rpt.aspx?page=&short_name=UP&state_name=UTTAR%20PRADESH&state_code=31&district_name=BASTI&district_code=3153&block_name=HARRAIYA&block_code=3153003&panchayat_name=BHARGAWA&panchayat_code=3153003058&fin_year=2025-2026&source=&work_code=3153003058/LD/958486255824949792&msr_no=6854&AttendanceDate=27/03/2026&Digest=zuUgTHkFol38ne39RckS/A",10
"BASTI","HARRAIYA","KHAMHARIA GANGARAM","3153003061/LD/958486255824988270","6912","https://mnregaweb4.nic.in/nregaarch/View_NMMS_atten_date_dtl_rpt.aspx?page=&short_name=UP&state_name=UTTAR%20PRADESH&state_code=31&district_name=BASTI&district_code=3153&block_name=HARRAIYA&block_code=3153003&panchayat_name=KHAMHARIA%20GANGARAM&panchayat_code=3153003061&fin_year=2025-2026&source=&work_code=3153003061/LD/958486255824988270&msr_no=6912&AttendanceDate=27/03/2026&Digest=5oPOmiYyVt8o4fc+t9x8TA",10
"BASTI","DUBAULIYA","DEWRAGANGWAR","3153014015/LD/958486255825001483","4190","https://mnregaweb4.nic.in/nregaarch/View_NMMS_atten_date_dtl_rpt.aspx?page=&short_name=UP&state_name=UTTAR%20PRADESH&state_code=31&district_name=BASTI&district_code=3153&block_name=DUBAULIYA&block_code=3153014&panchayat_name=DEWRAGANGWAR&panchayat_code=3153014015&fin_year=2025-2026&source=&work_code=3153014015/LD/958486255825001483&msr_no=4190&AttendanceDate=27/03/2026&Digest=LM4shP5e/wDTKs/yvvy1zA",1
"BASTI","DUBAULIYA","RAM NAGAR","3153014020/RC/958486255823749961","4175","https://mnregaweb4.nic.in/nregaarch/View_NMMS_atten_date_dtl_rpt.aspx?page=&short_name=UP&state_name=UTTAR%20PRADESH&state_code=31&district_name=BASTI&district_code=3153&block_name=DUBAULIYA&block_code=3153014&panchayat_name=RAM%20NAGAR&panchayat_code=3153014020&fin_year=2025-2026&source=&work_code=3153014020/RC/958486255823749961&msr_no=4175&AttendanceDate=27/03/2026&Digest=sCunl9pPluv0reF8dEKX7A",6
"BASTI","DUBAULIYA","RAM NAGAR","3153014020/RC/958486255823749962","4171","https://mnregaweb4.nic.in/nregaarch/View_NMMS_atten_date_dtl_rpt.aspx?page=&short_name=UP&state_name=UTTAR%20PRADESH&state_code=31&district_name=BASTI&district_code=3153&block_name=DUBAULIYA&block_code=3153014&panchayat_name=RAM%20NAGAR&panchayat_code=3153014020&fin_year=2025-2026&source=&work_code=3153014020/RC/958486255823749962&msr_no=4171&AttendanceDate=27/03/2026&Digest=uYO/72Y97Qvr8rKgjlFQ7w",7
"BASTI","DUBAULIYA","PURE OARI RAI","3153014023/RC/958486255823749308","4139","https://mnregaweb4.nic.in/nregaarch/View_NMMS_atten_date_dtl_rpt.aspx?page=&short_name=UP&state_name=UTTAR%20PRADESH&state_code=31&district_name=BASTI&district_code=3153&block_name=DUBAULIYA&block_code=3153014&panchayat_name=PURE%20OARI%20RAI&panchayat_code=3153014023&fin_year=2025-2026&source=&work_code=3153014023/RC/958486255823749308&msr_no=4139&AttendanceDate=27/03/2026&Digest=kqJsRK3MPbUBywcCGvPJag",6
"BASTI","DUBAULIYA","SARWANPUR PANDEY","3153014024/RC/958486255823711285","4367","https://mnregaweb4.nic.in/nregaarch/View_NMMS_atten_date_dtl_rpt.aspx?page=&short_name=UP&state_name=UTTAR%20PRADESH&state_code=31&district_name=BASTI&district_code=3153&block_name=DUBAULIYA&block_code=3153014&panchayat_name=SARWANPUR%20PANDEY&panchayat_code=3153014024&fin_year=2025-2026&source=&work_code=3153014024/RC/958486255823711285&msr_no=4367&AttendanceDate=27/03/2026&Digest=0X9J3BtH50y0teiXwVdnjQ",2
"BASTI","DUBAULIYA","SARWANPUR PANDEY","3153014024/RC/958486255823711285","4390","https://mnregaweb4.nic.in/nregaarch/View_NMMS_atten_date_dtl_rpt.aspx?page=&short_name=UP&state_name=UTTAR%20PRADESH&state_code=31&district_name=BASTI&district_code=3153&block_name=DUBAULIYA&block_code=3153014&panchayat_name=SARWANPUR%20PANDEY&panchayat_code=3153014024&fin_year=2025-2026&source=&work_code=3153014024/RC/958486255823711285&msr_no=4390&AttendanceDate=27/03/2026&Digest=Nd71xUqxzytbmXsXz7ixTg",2
"BASTI","DUBAULIYA","PAYAK PUR","3153014025/RC/958486255823750843","4296","https://mnregaweb4.nic.in/nregaarch/View_NMMS_atten_date_dtl_rpt.aspx?page=&short_name=UP&state_name=UTTAR%20PRADESH&state_code=31&district_name=BASTI&district_code=3153&block_name=DUBAULIYA&block_code=3153014&panchayat_name=PAYAK%20PUR&panchayat_code=3153014025&fin_year=2025-2026&source=&work_code=3153014025/RC/958486255823750843&msr_no=4296&AttendanceDate=27/03/2026&Digest=n0JP9fawhMglmZgU1yCsWQ",10
"BASTI","DUBAULIYA","DUBAULIYA","3153014029/RC/958486255823749639","4382","https://mnregaweb4.nic.in/nregaarch/View_NMMS_atten_date_dtl_rpt.aspx?page=&short_name=UP&state_name=UTTAR%20PRADESH&state_code=31&district_name=BASTI&district_code=3153&block_name=DUBAULIYA&block_code=3153014&panchayat_name=DUBAULIYA&panchayat_code=3153014029&fin_year=2025-2026&source=&work_code=3153014029/RC/958486255823749639&msr_no=4382&AttendanceDate=27/03/2026&Digest=ia4alcj+FdNhY/TV3IW04Q",10
"BASTI","DUBAULIYA","SARIYA ATIBAL","3153014031/RC/958486255823751171","4351","https://mnregaweb4.nic.in/nregaarch/View_NMMS_atten_date_dtl_rpt.aspx?page=&short_name=UP&state_name=UTTAR%20PRADESH&state_code=31&district_name=BASTI&district_code=3153&block_name=DUBAULIYA&block_code=3153014&panchayat_name=SARIYA%20ATIBAL&panchayat_code=3153014031&fin_year=2025-2026&source=&work_code=3153014031/RC/958486255823751171&msr_no=4351&AttendanceDate=27/03/2026&Digest=XUQfnG9okANppiLCl8w5VQ",9
"BASTI","DUBAULIYA","BHAKRAHI","3153014035/RC/958486255823750365","4161","https://mnregaweb4.nic.in/nregaarch/View_NMMS_atten_date_dtl_rpt.aspx?page=&short_name=UP&state_name=UTTAR%20PRADESH&state_code=31&district_name=BASTI&district_code=3153&block_name=DUBAULIYA&block_code=3153014&panchayat_name=BHAKRAHI&panchayat_code=3153014035&fin_year=2025-2026&source=&work_code=3153014035/RC/958486255823750365&msr_no=4161&AttendanceDate=27/03/2026&Digest=9B8BSmrWvWbCPULhvYlzuA",2
"BASTI","DUBAULIYA","TIGHRA","3153014041/RC/958486255823694419","4291","https://mnregaweb4.nic.in/nregaarch/View_NMMS_atten_date_dtl_rpt.aspx?page=&short_name=UP&state_name=UTTAR%20PRADESH&state_code=31&district_name=BASTI&district_code=3153&block_name=DUBAULIYA&block_code=3153014&panchayat_name=TIGHRA&panchayat_code=3153014041&fin_year=2025-2026&source=&work_code=3153014041/RC/958486255823694419&msr_no=4291&AttendanceDate=27/03/2026&Digest=fiF2tPYHa3Cq3nW+CWnlag",4
"BASTI","DUBAULIYA","SARAIYA BAKSI","3153014046/RC/958486255823727877","4396","https://mnregaweb4.nic.in/nregaarch/View_NMMS_atten_date_dtl_rpt.aspx?page=&short_name=UP&state_name=UTTAR%20PRADESH&state_code=31&district_name=BASTI&district_code=3153&block_name=DUBAULIYA&block_code=3153014&panchayat_name=SARAIYA%20BAKSI&panchayat_code=3153014046&fin_year=2025-2026&source=&work_code=3153014046/RC/958486255823727877&msr_no=4396&AttendanceDate=27/03/2026&Digest=kCYZa48elLdn5PCnu3w0Sg",10
"BASTI","DUBAULIYA","SARAIYA BAKSI","3153014046/RC/958486255823727881","4400","https://mnregaweb4.nic.in/nregaarch/View_NMMS_atten_date_dtl_rpt.aspx?page=&short_name=UP&state_name=UTTAR%20PRADESH&state_code=31&district_name=BASTI&district_code=3153&block_name=DUBAULIYA&block_code=3153014&panchayat_name=SARAIYA%20BAKSI&panchayat_code=3153014046&fin_year=2025-2026&source=&work_code=3153014046/RC/958486255823727881&msr_no=4400&AttendanceDate=27/03/2026&Digest=KCuX3hR5m74hKfB9RycHbw",10
"BASTI","DUBAULIYA","BARSAV","3153014055/RC/958486255823751326","4272","https://mnregaweb4.nic.in/nregaarch/View_NMMS_atten_date_dtl_rpt.aspx?page=&short_name=UP&state_name=UTTAR%20PRADESH&state_code=31&district_name=BASTI&district_code=3153&block_name=DUBAULIYA&block_code=3153014&panchayat_name=BARSAV&panchayat_code=3153014055&fin_year=2025-2026&source=&work_code=3153014055/RC/958486255823751326&msr_no=4272&AttendanceDate=27/03/2026&Digest=bmqXgNDAtgHJFTd5SiLWOg",4
"BASTI","DUBAULIYA","BASANTPUR","3153014056/RC/958486255823751367","4282","https://mnregaweb4.nic.in/nregaarch/View_NMMS_atten_date_dtl_rpt.aspx?page=&short_name=UP&state_name=UTTAR%20PRADESH&state_code=31&district_name=BASTI&district_code=3153&block_name=DUBAULIYA&block_code=3153014&panchayat_name=BASANTPUR&panchayat_code=3153014056&fin_year=2025-2026&source=&work_code=3153014056/RC/958486255823751367&msr_no=4282&AttendanceDate=27/03/2026&Digest=ueuLSbD+VHjvNSZDnxvSAg",4
"BASTI","GAUR","ASANHARA","3153002006/RC/958486255823746228","6487","https://mnregaweb4.nic.in/nregaarch/View_NMMS_atten_date_dtl_rpt.aspx?page=&short_name=UP&state_name=UTTAR%20PRADESH&state_code=31&district_name=BASTI&district_code=3153&block_name=GAUR&block_code=3153002&panchayat_name=ASANHARA&panchayat_code=3153002006&fin_year=2025-2026&source=&work_code=3153002006/RC/958486255823746228&msr_no=6487&AttendanceDate=27/03/2026&Digest=TX/QNRGp48c0aq6PDZD6Jg",8
"BASTI","GAUR","BABHANGAVA KHURD","3153002014/AV/958486255824173587","6351","https://mnregaweb4.nic.in/nregaarch/View_NMMS_atten_date_dtl_rpt.aspx?page=&short_name=UP&state_name=UTTAR%20PRADESH&state_code=31&district_name=BASTI&district_code=3153&block_name=GAUR&block_code=3153002&panchayat_name=BABHANGAVA%20KHURD&panchayat_code=3153002014&fin_year=2025-2026&source=&work_code=3153002014/AV/958486255824173587&msr_no=6351&AttendanceDate=27/03/2026&Digest=N+H4REaCog8A9DMOSDQ2pw",8
"BASTI","GAUR","HARDI","3153002043/IC/958486255823744557","6402","https://mnregaweb4.nic.in/nregaarch/View_NMMS_atten_date_dtl_rpt.aspx?page=&short_name=UP&state_name=UTTAR%20PRADESH&state_code=31&district_name=BASTI&district_code=3153&block_name=GAUR&block_code=3153002&panchayat_name=HARDI&panchayat_code=3153002043&fin_year=2025-2026&source=&work_code=3153002043/IC/958486255823744557&msr_no=6402&AttendanceDate=27/03/2026&Digest=kxKSHG++zsb2IEh3S+Hd9A",5
"BASTI","GAUR","HARDI","3153002043/WC/958486255824252613","6405","https://mnregaweb4.nic.in/nregaarch/View_NMMS_atten_date_dtl_rpt.aspx?page=&short_name=UP&state_name=UTTAR%20PRADESH&state_code=31&district_name=BASTI&district_code=3153&block_name=GAUR&block_code=3153002&panchayat_name=HARDI&panchayat_code=3153002043&fin_year=2025-2026&source=&work_code=3153002043/WC/958486255824252613&msr_no=6405&AttendanceDate=27/03/2026&Digest=avbdQGXANtFbPvLBeyzo+g",8
"BASTI","GAUR","KAISRAI","3153002047/RC/958486255823752199","6594","https://mnregaweb4.nic.in/nregaarch/View_NMMS_atten_date_dtl_rpt.aspx?page=&short_name=UP&state_name=UTTAR%20PRADESH&state_code=31&district_name=BASTI&district_code=3153&block_name=GAUR&block_code=3153002&panchayat_name=KAISRAI&panchayat_code=3153002047&fin_year=2025-2026&source=&work_code=3153002047/RC/958486255823752199&msr_no=6594&AttendanceDate=27/03/2026&Digest=rPDU8zKWIE4Y8EXjhgMx4g",10
"BASTI","GAUR","MUDSARA","3153002065/AV/958486255824169622","6512","https://mnregaweb4.nic.in/nregaarch/View_NMMS_atten_date_dtl_rpt.aspx?page=&short_name=UP&state_name=UTTAR%20PRADESH&state_code=31&district_name=BASTI&district_code=3153&block_name=GAUR&block_code=3153002&panchayat_name=MUDSARA&panchayat_code=3153002065&fin_year=2025-2026&source=&work_code=3153002065/AV/958486255824169622&msr_no=6512&AttendanceDate=27/03/2026&Digest=9YdzFoBfVL0CSWYB2jlNoA",5
"BASTI","GAUR","RANIPUR BABU","3153002080/IC/958486255823745018","6307","https://mnregaweb4.nic.in/nregaarch/View_NMMS_atten_date_dtl_rpt.aspx?page=&short_name=UP&state_name=UTTAR%20PRADESH&state_code=31&district_name=BASTI&district_code=3153&block_name=GAUR&block_code=3153002&panchayat_name=RANIPUR%20BABU&panchayat_code=3153002080&fin_year=2025-2026&source=&work_code=3153002080/IC/958486255823745018&msr_no=6307&AttendanceDate=27/03/2026&Digest=B6VMPeY2RVFe76GRo6P2EQ",8
"BASTI","GAUR","RANIPUR BABU","3153002080/IC/958486255823745018","6310","https://mnregaweb4.nic.in/nregaarch/View_NMMS_atten_date_dtl_rpt.aspx?page=&short_name=UP&state_name=UTTAR%20PRADESH&state_code=31&district_name=BASTI&district_code=3153&block_name=GAUR&block_code=3153002&panchayat_name=RANIPUR%20BABU&panchayat_code=3153002080&fin_year=2025-2026&source=&work_code=3153002080/IC/958486255823745018&msr_no=6310&AttendanceDate=27/03/2026&Digest=37sMXeAYb9CMDlumtw3cPA",10
"BASTI","GAUR","RANIPUR BABU","3153002080/IC/958486255823745019","6578","https://mnregaweb4.nic.in/nregaarch/View_NMMS_atten_date_dtl_rpt.aspx?page=&short_name=UP&state_name=UTTAR%20PRADESH&state_code=31&district_name=BASTI&district_code=3153&block_name=GAUR&block_code=3153002&panchayat_name=RANIPUR%20BABU&panchayat_code=3153002080&fin_year=2025-2026&source=&work_code=3153002080/IC/958486255823745019&msr_no=6578&AttendanceDate=27/03/2026&Digest=XpKInbv/pw5q/rEqcwtg1Q",9
"BASTI","GAUR","RANIPUR BABU","3153002080/IC/958486255823745019","6581","https://mnregaweb4.nic.in/nregaarch/View_NMMS_atten_date_dtl_rpt.aspx?page=&short_name=UP&state_name=UTTAR%20PRADESH&state_code=31&district_name=BASTI&district_code=3153&block_name=GAUR&block_code=3153002&panchayat_name=RANIPUR%20BABU&panchayat_code=3153002080&fin_year=2025-2026&source=&work_code=3153002080/IC/958486255823745019&msr_no=6581&AttendanceDate=27/03/2026&Digest=XliWgC2he3rYf9sqgXB7Og",5
"BASTI","GAUR","SHEMRA","3153002086/LD/958486255825004508","6386","https://mnregaweb4.nic.in/nregaarch/View_NMMS_atten_date_dtl_rpt.aspx?page=&short_name=UP&state_name=UTTAR%20PRADESH&state_code=31&district_name=BASTI&district_code=3153&block_name=GAUR&block_code=3153002&panchayat_name=SHEMRA&panchayat_code=3153002086&fin_year=2025-2026&source=&work_code=3153002086/LD/958486255825004508&msr_no=6386&AttendanceDate=27/03/2026&Digest=mJFzfAW66J8TbSkLpPNCVQ",9
"BASTI","GAUR","TENUI CHET SINGH","3153002092/IC/958486255823745285","6345","https://mnregaweb4.nic.in/nregaarch/View_NMMS_atten_date_dtl_rpt.aspx?page=&short_name=UP&state_name=UTTAR%20PRADESH&state_code=31&district_name=BASTI&district_code=3153&block_name=GAUR&block_code=3153002&panchayat_name=TENUI%20CHET%20SINGH&panchayat_code=3153002092&fin_year=2025-2026&source=&work_code=3153002092/IC/958486255823745285&msr_no=6345&AttendanceDate=27/03/2026&Digest=/bkcgPI6TDsTz26PpEAHOA",2
"BASTI","GAUR","TENUI CHET SINGH","3153002092/IC/958486255823746518","6574","https://mnregaweb4.nic.in/nregaarch/View_NMMS_atten_date_dtl_rpt.aspx?page=&short_name=UP&state_name=UTTAR%20PRADESH&state_code=31&district_name=BASTI&district_code=3153&block_name=GAUR&block_code=3153002&panchayat_name=TENUI%20CHET%20SINGH&panchayat_code=3153002092&fin_year=2025-2026&source=&work_code=3153002092/IC/958486255823746518&msr_no=6574&AttendanceDate=27/03/2026&Digest=ircSz8hQMXEW2rLVkH+gwA",7
"BASTI","GAUR","TENUI CHET SINGH","3153002092/IC/958486255823746518","6577","https://mnregaweb4.nic.in/nregaarch/View_NMMS_atten_date_dtl_rpt.aspx?page=&short_name=UP&state_name=UTTAR%20PRADESH&state_code=31&district_name=BASTI&district_code=3153&block_name=GAUR&block_code=3153002&panchayat_name=TENUI%20CHET%20SINGH&panchayat_code=3153002092&fin_year=2025-2026&source=&work_code=3153002092/IC/958486255823746518&msr_no=6577&AttendanceDate=27/03/2026&Digest=70cVeD21malTRE52vvJ6fQ",3
"BASTI","GAUR","GHAGHARIYA","3153002094/LD/958486255824988251","6391","https://mnregaweb4.nic.in/nregaarch/View_NMMS_atten_date_dtl_rpt.aspx?page=&short_name=UP&state_name=UTTAR%20PRADESH&state_code=31&district_name=BASTI&district_code=3153&block_name=GAUR&block_code=3153002&panchayat_name=GHAGHARIYA&panchayat_code=3153002094&fin_year=2025-2026&source=&work_code=3153002094/LD/958486255824988251&msr_no=6391&AttendanceDate=27/03/2026&Digest=zEmAiCW6HZZesNBpjcN1ow",9
"BASTI","HARRAIYA","BHITI MISHR","3153003010/LD/958486255824946085","6845","https://mnregaweb4.nic.in/nregaarch/View_NMMS_atten_date_dtl_rpt.aspx?page=&short_name=UP&state_name=UTTAR%20PRADESH&state_code=31&district_name=BASTI&district_code=3153&block_name=HARRAIYA&block_code=3153003&panchayat_name=BHITI%20MISHR&panchayat_code=3153003010&fin_year=2025-2026&source=&work_code=3153003010/LD/958486255824946085&msr_no=6845&AttendanceDate=27/03/2026&Digest=lrEPxdGsViipvhnmR43XQQ",10
"BASTI","HARRAIYA","BELBHARIYA RAM GULAM","3153003017/LD/958486255825009419","6994","https://mnregaweb4.nic.in/nregaarch/View_NMMS_atten_date_dtl_rpt.aspx?page=&short_name=UP&state_name=UTTAR%20PRADESH&state_code=31&district_name=BASTI&district_code=3153&block_name=HARRAIYA&block_code=3153003&panchayat_name=BELBHARIYA%20RAM%20GULAM&panchayat_code=3153003017&fin_year=2025-2026&source=&work_code=3153003017/LD/958486255825009419&msr_no=6994&AttendanceDate=27/03/2026&Digest=8wj0VhSoKQR2DdxOE1ZGCQ",9
"BASTI","HARRAIYA","BHAIRO PUR","3153003027/RC/YD/958486255823736251","6940","https://mnregaweb4.nic.in/nregaarch/View_NMMS_atten_date_dtl_rpt.aspx?page=&short_name=UP&state_name=UTTAR%20PRADESH&state_code=31&district_name=BASTI&district_code=3153&block_name=HARRAIYA&block_code=3153003&panchayat_name=BHAIRO%20PUR&panchayat_code=3153003027&fin_year=2025-2026&source=&work_code=3153003027/RC/YD/958486255823736251&msr_no=6940&AttendanceDate=27/03/2026&Digest=EbXEu8b1VxSTQ/NeKt1hSA",9
"BASTI","HARRAIYA","BANS GAW","3153003031/LD/958486255824999778","6894","https://mnregaweb4.nic.in/nregaarch/View_NMMS_atten_date_dtl_rpt.aspx?page=&short_name=UP&state_name=UTTAR%20PRADESH&state_code=31&district_name=BASTI&district_code=3153&block_name=HARRAIYA&block_code=3153003&panchayat_name=BANS%20GAW&panchayat_code=3153003031&fin_year=2025-2026&source=&work_code=3153003031/LD/958486255824999778&msr_no=6894&AttendanceDate=27/03/2026&Digest=rZbkFqr5wqK+ZlKv6f3Wqw",10
"BASTI","HARRAIYA","MARWATIA BHAWAN","3153003039/AV/958486255824176086","6919","https://mnregaweb4.nic.in/nregaarch/View_NMMS_atten_date_dtl_rpt.aspx?page=&short_name=UP&state_name=UTTAR%20PRADESH&state_code=31&district_name=BASTI&district_code=3153&block_name=HARRAIYA&block_code=3153003&panchayat_name=MARWATIA%20BHAWAN&panchayat_code=3153003039&fin_year=2025-2026&source=&work_code=3153003039/AV/958486255824176086&msr_no=6919&AttendanceDate=27/03/2026&Digest=qp+MgDnvxTenFLK+5L67nw",10
"BASTI","HARRAIYA","NIDURI KHAMHAUA","3153003046/RC/958486255823733323","7011","https://mnregaweb4.nic.in/nregaarch/View_NMMS_atten_date_dtl_rpt.aspx?page=&short_name=UP&state_name=UTTAR%20PRADESH&state_code=31&district_name=BASTI&district_code=3153&block_name=HARRAIYA&block_code=3153003&panchayat_name=NIDURI%20KHAMHAUA&panchayat_code=3153003046&fin_year=2025-2026&source=&work_code=3153003046/RC/958486255823733323&msr_no=7011&AttendanceDate=27/03/2026&Digest=SJGVD8Y7ML9ou9IW4CZSxw",3
"BASTI","HARRAIYA","BHARGAWA","3153003058/RC/958486255823718541","6856","https://mnregaweb4.nic.in/nregaarch/View_NMMS_atten_date_dtl_rpt.aspx?page=&short_name=UP&state_name=UTTAR%20PRADESH&state_code=31&district_name=BASTI&district_code=3153&block_name=HARRAIYA&block_code=3153003&panchayat_name=BHARGAWA&panchayat_code=3153003058&fin_year=2025-2026&source=&work_code=3153003058/RC/958486255823718541&msr_no=6856&AttendanceDate=27/03/2026&Digest=SRI6yB76eYJwwa0kLZCTGg",10
"BASTI","HARRAIYA","KHAMHARIA GANGARAM","3153003061/LD/958486255824988270","6913","https://mnregaweb4.nic.in/nregaarch/View_NMMS_atten_date_dtl_rpt.aspx?page=&short_name=UP&state_name=UTTAR%20PRADESH&state_code=31&district_name=BASTI&district_code=3153&block_name=HARRAIYA&block_code=3153003&panchayat_name=KHAMHARIA%20GANGARAM&panchayat_code=3153003061&fin_year=2025-2026&source=&work_code=3153003061/LD/958486255824988270&msr_no=6913&AttendanceDate=27/03/2026&Digest=/NtN7P/Twb0YrbdZ9jzHVw",10
"BASTI","HARRAIYA","KHAMHARIA GANGARAM","3153003061/LD/958486255824988270","6916","https://mnregaweb4.nic.in/nregaarch/View_NMMS_atten_date_dtl_rpt.aspx?page=&short_name=UP&state_name=UTTAR%20PRADESH&state_code=31&district_name=BASTI&district_code=3153&block_name=HARRAIYA&block_code=3153003&panchayat_name=KHAMHARIA%20GANGARAM&panchayat_code=3153003061&fin_year=2025-2026&source=&work_code=3153003061/LD/958486255824988270&msr_no=6916&AttendanceDate=27/03/2026&Digest=oIyTPdzsH2/rb4o3ktKQlQ",5
"BASTI","HARRAIYA","KHAMHARIA GANGARAM","3153003061/LD/958486255824988274","6923","https://mnregaweb4.nic.in/nregaarch/View_NMMS_atten_date_dtl_rpt.aspx?page=&short_name=UP&state_name=UTTAR%20PRADESH&state_code=31&district_name=BASTI&district_code=3153&block_name=HARRAIYA&block_code=3153003&panchayat_name=KHAMHARIA%20GANGARAM&panchayat_code=3153003061&fin_year=2025-2026&source=&work_code=3153003061/LD/958486255824988274&msr_no=6923&AttendanceDate=27/03/2026&Digest=zQy4KGT7CA0lZAsqKKKzGw",10
"BASTI","KUDARAHA","KABRA KHAS","3153013043/RC/958486255823706795","8125","https://mnregaweb4.nic.in/nregaarch/View_NMMS_atten_date_dtl_rpt.aspx?page=&short_name=UP&state_name=UTTAR%20PRADESH&state_code=31&district_name=BASTI&district_code=3153&block_name=KUDARAHA&block_code=3153013&panchayat_name=KABRA%20KHAS&panchayat_code=3153013043&fin_year=2025-2026&source=&work_code=3153013043/RC/958486255823706795&msr_no=8125&AttendanceDate=27/03/2026&Digest=QTxB4SINfgPJ2jxppoSsqg",8
"BASTI","KUDARAHA","KABRA KHAS","3153013043/RC/958486255823706795","8128","https://mnregaweb4.nic.in/nregaarch/View_NMMS_atten_date_dtl_rpt.aspx?page=&short_name=UP&state_name=UTTAR%20PRADESH&state_code=31&district_name=BASTI&district_code=3153&block_name=KUDARAHA&block_code=3153013&panchayat_name=KABRA%20KHAS&panchayat_code=3153013043&fin_year=2025-2026&source=&work_code=3153013043/RC/958486255823706795&msr_no=8128&AttendanceDate=27/03/2026&Digest=WyZ8xX/CixP3X2CqD22kkA",9
"BASTI","KUDARAHA","PASRA","3153013046/LD/958486255824692148","7664","https://mnregaweb4.nic.in/nregaarch/View_NMMS_atten_date_dtl_rpt.aspx?page=&short_name=UP&state_name=UTTAR%20PRADESH&state_code=31&district_name=BASTI&district_code=3153&block_name=KUDARAHA&block_code=3153013&panchayat_name=PASRA&panchayat_code=3153013046&fin_year=2025-2026&source=&work_code=3153013046/LD/958486255824692148&msr_no=7664&AttendanceDate=27/03/2026&Digest=j5lcvCw+wKr1TMmwrvQQrg",10
"BASTI","KUDARAHA","BAIRARI EHATMALI","3153013052/RC/958486255823747069","8163","https://mnregaweb4.nic.in/nregaarch/View_NMMS_atten_date_dtl_rpt.aspx?page=&short_name=UP&state_name=UTTAR%20PRADESH&state_code=31&district_name=BASTI&district_code=3153&block_name=KUDARAHA&block_code=3153013&panchayat_name=BAIRARI%20EHATMALI&panchayat_code=3153013052&fin_year=2025-2026&source=&work_code=3153013052/RC/958486255823747069&msr_no=8163&AttendanceDate=27/03/2026&Digest=uTOSgMwIZobEYCKpJcEg/Q",2
"BASTI","KUDARAHA","HATHIYAVKALA","3153013054/RC/958486255823672224","7768","https://mnregaweb4.nic.in/nregaarch/View_NMMS_atten_date_dtl_rpt.aspx?page=&short_name=UP&state_name=UTTAR%20PRADESH&state_code=31&district_name=BASTI&district_code=3153&block_name=KUDARAHA&block_code=3153013&panchayat_name=HATHIYAVKALA&panchayat_code=3153013054&fin_year=2025-2026&source=&work_code=3153013054/RC/958486255823672224&msr_no=7768&AttendanceDate=27/03/2026&Digest=mYA9fsUKfeTIgESyF29Evw",2
"BASTI","KUDARAHA","PAERMESHWARPUR","3153013056/RC/958486255823748250","8098","https://mnregaweb4.nic.in/nregaarch/View_NMMS_atten_date_dtl_rpt.aspx?page=&short_name=UP&state_name=UTTAR%20PRADESH&state_code=31&district_name=BASTI&district_code=3153&block_name=KUDARAHA&block_code=3153013&panchayat_name=PAERMESHWARPUR&panchayat_code=3153013056&fin_year=2025-2026&source=&work_code=3153013056/RC/958486255823748250&msr_no=8098&AttendanceDate=27/03/2026&Digest=DZGsuaidGkOmJwPzGlxbug",10
"BASTI","KUDARAHA","BAANPUR","3153013059/RC/958486255823693972","8173","https://mnregaweb4.nic.in/nregaarch/View_NMMS_atten_date_dtl_rpt.aspx?page=&short_name=UP&state_name=UTTAR%20PRADESH&state_code=31&district_name=BASTI&district_code=3153&block_name=KUDARAHA&block_code=3153013&panchayat_name=BAANPUR&panchayat_code=3153013059&fin_year=2025-2026&source=&work_code=3153013059/RC/958486255823693972&msr_no=8173&AttendanceDate=27/03/2026&Digest=bMSHHkGfD42uRhlWKJLvQQ",10
"BASTI","KUDARAHA","BAANPUR","3153013059/RC/958486255823693972","8176","https://mnregaweb4.nic.in/nregaarch/View_NMMS_atten_date_dtl_rpt.aspx?page=&short_name=UP&state_name=UTTAR%20PRADESH&state_code=31&district_name=BASTI&district_code=3153&block_name=KUDARAHA&block_code=3153013&panchayat_name=BAANPUR&panchayat_code=3153013059&fin_year=2025-2026&source=&work_code=3153013059/RC/958486255823693972&msr_no=8176&AttendanceDate=27/03/2026&Digest=8jGPMR9O2RFjpbt3ZMgrfA",3
"BASTI","KUDARAHA","BAANPUR","3153013059/RC/958486255823694008","7706","https://mnregaweb4.nic.in/nregaarch/View_NMMS_atten_date_dtl_rpt.aspx?page=&short_name=UP&state_name=UTTAR%20PRADESH&state_code=31&district_name=BASTI&district_code=3153&block_name=KUDARAHA&block_code=3153013&panchayat_name=BAANPUR&panchayat_code=3153013059&fin_year=2025-2026&source=&work_code=3153013059/RC/958486255823694008&msr_no=7706&AttendanceDate=27/03/2026&Digest=wK574xlhABNNl4AjrYI7jQ",10
"BASTI","KUDARAHA","BAANPUR","3153013059/RC/958486255823745461","8190","https://mnregaweb4.nic.in/nregaarch/View_NMMS_atten_date_dtl_rpt.aspx?page=&short_name=UP&state_name=UTTAR%20PRADESH&state_code=31&district_name=BASTI&district_code=3153&block_name=KUDARAHA&block_code=3153013&panchayat_name=BAANPUR&panchayat_code=3153013059&fin_year=2025-2026&source=&work_code=3153013059/RC/958486255823745461&msr_no=8190&AttendanceDate=27/03/2026&Digest=v8pYO40T2OP+SJ+Xixe3VQ",10
"BASTI","KUDARAHA","DIHUKPURA","3153013060/RC/958486255823750157","8092","https://mnregaweb4.nic.in/nregaarch/View_NMMS_atten_date_dtl_rpt.aspx?page=&short_name=UP&state_name=UTTAR%20PRADESH&state_code=31&district_name=BASTI&district_code=3153&block_name=KUDARAHA&block_code=3153013&panchayat_name=DIHUKPURA&panchayat_code=3153013060&fin_year=2025-2026&source=&work_code=3153013060/RC/958486255823750157&msr_no=8092&AttendanceDate=27/03/2026&Digest=lmz/agvgmNFKmtohBpRfGQ",1
"BASTI","KUDARAHA","PIPARPATI EHATMALI","3153013071/RC/958486255823751618","8136","https://mnregaweb4.nic.in/nregaarch/View_NMMS_atten_date_dtl_rpt.aspx?page=&short_name=UP&state_name=UTTAR%20PRADESH&state_code=31&district_name=BASTI&district_code=3153&block_name=KUDARAHA&block_code=3153013&panchayat_name=PIPARPATI%20EHATMALI&panchayat_code=3153013071&fin_year=2025-2026&source=&work_code=3153013071/RC/958486255823751618&msr_no=8136&AttendanceDate=27/03/2026&Digest=9KxwayFN07zt2KOYvWVE2A",10
"BASTI","KUDARAHA","HARKHAILIYA URF MATIYARIA","3153013074/RC/YD/958486255823746860","7878","https://mnregaweb4.nic.in/nregaarch/View_NMMS_atten_date_dtl_rpt.aspx?page=&short_name=UP&state_name=UTTAR%20PRADESH&state_code=31&district_name=BASTI&district_code=3153&block_name=KUDARAHA&block_code=3153013&panchayat_name=HARKHAILIYA%20URF%20MATIYARIA&panchayat_code=3153013074&fin_year=2025-2026&source=&work_code=3153013074/RC/YD/958486255823746860&msr_no=7878&AttendanceDate=27/03/2026&Digest=8b9AG2gBnhW7qjaXI4xP2Q",10
"BASTI","KUDARAHA","HARKHAILIYA URF MATIYARIA","3153013074/RC/YD/958486255823746860","7881","https://mnregaweb4.nic.in/nregaarch/View_NMMS_atten_date_dtl_rpt.aspx?page=&short_name=UP&state_name=UTTAR%20PRADESH&state_code=31&district_name=BASTI&district_code=3153&block_name=KUDARAHA&block_code=3153013&panchayat_name=HARKHAILIYA%20URF%20MATIYARIA&panchayat_code=3153013074&fin_year=2025-2026&source=&work_code=3153013074/RC/YD/958486255823746860&msr_no=7881&AttendanceDate=27/03/2026&Digest=dk9lRYO1CJHtURMxwSERTg",10
"BASTI","KUDARAHA","UJIYANATPUR","3153013077/RC/958486255823654392","8280","https://mnregaweb4.nic.in/nregaarch/View_NMMS_atten_date_dtl_rpt.aspx?page=&short_name=UP&state_name=UTTAR%20PRADESH&state_code=31&district_name=BASTI&district_code=3153&block_name=KUDARAHA&block_code=3153013&panchayat_name=UJIYANATPUR&panchayat_code=3153013077&fin_year=2025-2026&source=&work_code=3153013077/RC/958486255823654392&msr_no=8280&AttendanceDate=27/03/2026&Digest=PX6USUXmOA4Lb5dtzhdA1w",10
"BASTI","KUDARAHA","DAIJI","3153013078/LD/958486255824702897","8051","https://mnregaweb4.nic.in/nregaarch/View_NMMS_atten_date_dtl_rpt.aspx?page=&short_name=UP&state_name=UTTAR%20PRADESH&state_code=31&district_name=BASTI&district_code=3153&block_name=KUDARAHA&block_code=3153013&panchayat_name=DAIJI&panchayat_code=3153013078&fin_year=2025-2026&source=&work_code=3153013078/LD/958486255824702897&msr_no=8051&AttendanceDate=27/03/2026&Digest=82aNoYFHSAVEBJPCrL0mvw",10
"BASTI","PARAS RAMPUR","AMAULI","3153001003/RC/958486255823642575","9498","https://mnregaweb4.nic.in/nregaarch/View_NMMS_atten_date_dtl_rpt.aspx?page=&short_name=UP&state_name=UTTAR%20PRADESH&state_code=31&district_name=BASTI&district_code=3153&block_name=PARAS%20RAMPUR&block_code=3153001&panchayat_name=AMAULI&panchayat_code=3153001003&fin_year=2025-2026&source=&work_code=3153001003/RC/958486255823642575&msr_no=9498&AttendanceDate=27/03/2026&Digest=nvQIX1wR+CIWLoaPOlNGSQ",7
"BASTI","PARAS RAMPUR","BHAISAHAWA","3153001011/RC/958486255823728168","9380","https://mnregaweb4.nic.in/nregaarch/View_NMMS_atten_date_dtl_rpt.aspx?page=&short_name=UP&state_name=UTTAR%20PRADESH&state_code=31&district_name=BASTI&district_code=3153&block_name=PARAS%20RAMPUR&block_code=3153001&panchayat_name=BHAISAHAWA&panchayat_code=3153001011&fin_year=2025-2026&source=&work_code=3153001011/RC/958486255823728168&msr_no=9380&AttendanceDate=27/03/2026&Digest=Gw2/3eKfUjWllpgUJYHyew",8
"BASTI","PARAS RAMPUR","BICHHIYA MISHRA","3153001013/RC/958486255823699327","9557","https://mnregaweb4.nic.in/nregaarch/View_NMMS_atten_date_dtl_rpt.aspx?page=&short_name=UP&state_name=UTTAR%20PRADESH&state_code=31&district_name=BASTI&district_code=3153&block_name=PARAS%20RAMPUR&block_code=3153001&panchayat_name=BICHHIYA%20MISHRA&panchayat_code=3153001013&fin_year=2025-2026&source=&work_code=3153001013/RC/958486255823699327&msr_no=9557&AttendanceDate=27/03/2026&Digest=IU1rSZhRyUAU1lfASeiqNQ",7
"BASTI","PARAS RAMPUR","CHAORI","3153001015/LD/958486255825005262","9373","https://mnregaweb4.nic.in/nregaarch/View_NMMS_atten_date_dtl_rpt.aspx?page=&short_name=UP&state_name=UTTAR%20PRADESH&state_code=31&district_name=BASTI&district_code=3153&block_name=PARAS%20RAMPUR&block_code=3153001&panchayat_name=CHAORI&panchayat_code=3153001015&fin_year=2025-2026&source=&work_code=3153001015/LD/958486255825005262&msr_no=9373&AttendanceDate=27/03/2026&Digest=K643D+nwCMbM2uMJPm/O9Q",8
"BASTI","PARAS RAMPUR","CHHEDIYAPARA","3153001016/LD/958486255824986999","9583","https://mnregaweb4.nic.in/nregaarch/View_NMMS_atten_date_dtl_rpt.aspx?page=&short_name=UP&state_name=UTTAR%20PRADESH&state_code=31&district_name=BASTI&district_code=3153&block_name=PARAS%20RAMPUR&block_code=3153001&panchayat_name=CHHEDIYAPARA&panchayat_code=3153001016&fin_year=2025-2026&source=&work_code=3153001016/LD/958486255824986999&msr_no=9583&AttendanceDate=27/03/2026&Digest=HTa4YgRauKmQKlYj469gog",9
"BASTI","PARAS RAMPUR","KHAMARIYA","3153001041/WC/958486255824229095","9442","https://mnregaweb4.nic.in/nregaarch/View_NMMS_atten_date_dtl_rpt.aspx?page=&short_name=UP&state_name=UTTAR%20PRADESH&state_code=31&district_name=BASTI&district_code=3153&block_name=PARAS%20RAMPUR&block_code=3153001&panchayat_name=KHAMARIYA&panchayat_code=3153001041&fin_year=2025-2026&source=&work_code=3153001041/WC/958486255824229095&msr_no=9442&AttendanceDate=27/03/2026&Digest=HQ1lXJyXTy6JGq6mp+WLWg",8
"BASTI","PARAS RAMPUR","KISHUNPUR","3153001043/RC/958486255823728851","9563","https://mnregaweb4.nic.in/nregaarch/View_NMMS_atten_date_dtl_rpt.aspx?page=&short_name=UP&state_name=UTTAR%20PRADESH&state_code=31&district_name=BASTI&district_code=3153&block_name=PARAS%20RAMPUR&block_code=3153001&panchayat_name=KISHUNPUR&panchayat_code=3153001043&fin_year=2025-2026&source=&work_code=3153001043/RC/958486255823728851&msr_no=9563&AttendanceDate=27/03/2026&Digest=W0YQT+CrEJ4PeYonb7iZ7A",10
"BASTI","PARAS RAMPUR","NAGPUR (KUVAR)","3153001054/LD/958486255824934307","9551","https://mnregaweb4.nic.in/nregaarch/View_NMMS_atten_date_dtl_rpt.aspx?page=&short_name=UP&state_name=UTTAR%20PRADESH&state_code=31&district_name=BASTI&district_code=3153&block_name=PARAS%20RAMPUR&block_code=3153001&panchayat_name=NAGPUR%20(KUVAR)&panchayat_code=3153001054&fin_year=2025-2026&source=&work_code=3153001054/LD/958486255824934307&msr_no=9551&AttendanceDate=27/03/2026&Digest=Jd2xnBwuoK8mr5p6rXG8Cg",10
"BASTI","PARAS RAMPUR","NAGPUR (KUVAR)","3153001054/LD/958486255824934307","9554","https://mnregaweb4.nic.in/nregaarch/View_NMMS_atten_date_dtl_rpt.aspx?page=&short_name=UP&state_name=UTTAR%20PRADESH&state_code=31&district_name=BASTI&district_code=3153&block_name=PARAS%20RAMPUR&block_code=3153001&panchayat_name=NAGPUR%20(KUVAR)&panchayat_code=3153001054&fin_year=2025-2026&source=&work_code=3153001054/LD/958486255824934307&msr_no=9554&AttendanceDate=27/03/2026&Digest=2GtZ8G9Am/c+dHSzt9BIQw",9
"BASTI","PARAS RAMPUR","NAGPUR TIKAYT","3153001055/LD/958486255824641104","9456","https://mnregaweb4.nic.in/nregaarch/View_NMMS_atten_date_dtl_rpt.aspx?page=&short_name=UP&state_name=UTTAR%20PRADESH&state_code=31&district_name=BASTI&district_code=3153&block_name=PARAS%20RAMPUR&block_code=3153001&panchayat_name=NAGPUR%20TIKAYT&panchayat_code=3153001055&fin_year=2025-2026&source=&work_code=3153001055/LD/958486255824641104&msr_no=9456&AttendanceDate=27/03/2026&Digest=s0qUQ1maBWcGdC/xe2kONA",9
"BASTI","PARAS RAMPUR","NANADNAGAR","3153001056/WH/958486255823988945","9524","https://mnregaweb4.nic.in/nregaarch/View_NMMS_atten_date_dtl_rpt.aspx?page=&short_name=UP&state_name=UTTAR%20PRADESH&state_code=31&district_name=BASTI&district_code=3153&block_name=PARAS%20RAMPUR&block_code=3153001&panchayat_name=NANADNAGAR&panchayat_code=3153001056&fin_year=2025-2026&source=&work_code=3153001056/WH/958486255823988945&msr_no=9524&AttendanceDate=27/03/2026&Digest=+Yp1P1F6waT6M7unmO+rMQ",8
"BASTI","PARAS RAMPUR","PADARI BABU","3153001062/LD/958486255824958230","9426","https://mnregaweb4.nic.in/nregaarch/View_NMMS_atten_date_dtl_rpt.aspx?page=&short_name=UP&state_name=UTTAR%20PRADESH&state_code=31&district_name=BASTI&district_code=3153&block_name=PARAS%20RAMPUR&block_code=3153001&panchayat_name=PADARI%20BABU&panchayat_code=3153001062&fin_year=2025-2026&source=&work_code=3153001062/LD/958486255824958230&msr_no=9426&AttendanceDate=27/03/2026&Digest=ApVuZpMtreOYe3hljwA9vw",10
"BASTI","PARAS RAMPUR","PADARI BABU","3153001062/LD/958486255824958230","9429","https://mnregaweb4.nic.in/nregaarch/View_NMMS_atten_date_dtl_rpt.aspx?page=&short_name=UP&state_name=UTTAR%20PRADESH&state_code=31&district_name=BASTI&district_code=3153&block_name=PARAS%20RAMPUR&block_code=3153001&panchayat_name=PADARI%20BABU&panchayat_code=3153001062&fin_year=2025-2026&source=&work_code=3153001062/LD/958486255824958230&msr_no=9429&AttendanceDate=27/03/2026&Digest=3ndUjl7b2D+uU5i1svNaSg",4
"BASTI","PARAS RAMPUR","RAGHVAPUR","3153001068/AV/958486255824184571","9415","https://mnregaweb4.nic.in/nregaarch/View_NMMS_atten_date_dtl_rpt.aspx?page=&short_name=UP&state_name=UTTAR%20PRADESH&state_code=31&district_name=BASTI&district_code=3153&block_name=PARAS%20RAMPUR&block_code=3153001&panchayat_name=RAGHVAPUR&panchayat_code=3153001068&fin_year=2025-2026&source=&work_code=3153001068/AV/958486255824184571&msr_no=9415&AttendanceDate=27/03/2026&Digest=m7i4QYvORVwQHP1K7UF7Eg",1
"BASTI","PARAS RAMPUR","RIDHAURA","3153001072/AV/958486255824186487","9388","https://mnregaweb4.nic.in/nregaarch/View_NMMS_atten_date_dtl_rpt.aspx?page=&short_name=UP&state_name=UTTAR%20PRADESH&state_code=31&district_name=BASTI&district_code=3153&block_name=PARAS%20RAMPUR&block_code=3153001&panchayat_name=RIDHAURA&panchayat_code=3153001072&fin_year=2025-2026&source=&work_code=3153001072/AV/958486255824186487&msr_no=9388&AttendanceDate=27/03/2026&Digest=JMGMTrxa6vo4iMv8FLYXeg",8
"BASTI","PARAS RAMPUR","ROHDA","3153001073/RC/958486255823744276","9500","https://mnregaweb4.nic.in/nregaarch/View_NMMS_atten_date_dtl_rpt.aspx?page=&short_name=UP&state_name=UTTAR%20PRADESH&state_code=31&district_name=BASTI&district_code=3153&block_name=PARAS%20RAMPUR&block_code=3153001&panchayat_name=ROHDA&panchayat_code=3153001073&fin_year=2025-2026&source=&work_code=3153001073/RC/958486255823744276&msr_no=9500&AttendanceDate=27/03/2026&Digest=4s+mUbBJF1RSHzzyf6ww2w",9
"BASTI","PARAS RAMPUR","SUKRAULI KUWAR","3153001078/RC/958486255823584108","9602","https://mnregaweb4.nic.in/nregaarch/View_NMMS_atten_date_dtl_rpt.aspx?page=&short_name=UP&state_name=UTTAR%20PRADESH&state_code=31&district_name=BASTI&district_code=3153&block_name=PARAS%20RAMPUR&block_code=3153001&panchayat_name=SUKRAULI%20KUWAR&panchayat_code=3153001078&fin_year=2025-2026&source=&work_code=3153001078/RC/958486255823584108&msr_no=9602&AttendanceDate=27/03/2026&Digest=RsCiW6PprW6k4r6Q17hnvQ",5
"BASTI","PARAS RAMPUR","DHOSHAR MISHRA","3153001085/LD/958486255824966588","9453","https://mnregaweb4.nic.in/nregaarch/View_NMMS_atten_date_dtl_rpt.aspx?page=&short_name=UP&state_name=UTTAR%20PRADESH&state_code=31&district_name=BASTI&district_code=3153&block_name=PARAS%20RAMPUR&block_code=3153001&panchayat_name=DHOSHAR%20MISHRA&panchayat_code=3153001085&fin_year=2025-2026&source=&work_code=3153001085/LD/958486255824966588&msr_no=9453&AttendanceDate=27/03/2026&Digest=oVbN6lUu+xLwyL73k0IjKQ",9
"BASTI","PARAS RAMPUR","DHOSHAR MISHRA","3153001085/RC/958486255823726378","9449","https://mnregaweb4.nic.in/nregaarch/View_NMMS_atten_date_dtl_rpt.aspx?page=&short_name=UP&state_name=UTTAR%20PRADESH&state_code=31&district_name=BASTI&district_code=3153&block_name=PARAS%20RAMPUR&block_code=3153001&panchayat_name=DHOSHAR%20MISHRA&panchayat_code=3153001085&fin_year=2025-2026&source=&work_code=3153001085/RC/958486255823726378&msr_no=9449&AttendanceDate=27/03/2026&Digest=o8ksqnWM+YZY8NWUsrvJ5A",10
"BASTI","PARAS RAMPUR","DHOSHAR MISHRA","3153001085/RC/958486255823726380","9659","https://mnregaweb4.nic.in/nregaarch/View_NMMS_atten_date_dtl_rpt.aspx?page=&short_name=UP&state_name=UTTAR%20PRADESH&state_code=31&district_name=BASTI&district_code=3153&block_name=PARAS%20RAMPUR&block_code=3153001&panchayat_name=DHOSHAR%20MISHRA&panchayat_code=3153001085&fin_year=2025-2026&source=&work_code=3153001085/RC/958486255823726380&msr_no=9659&AttendanceDate=27/03/2026&Digest=ux9wzaPQ41V5+X/1WXwOEA",10
"BASTI","PARAS RAMPUR","DHOSHAR MISHRA","3153001085/RC/958486255823726405","9663","https://mnregaweb4.nic.in/nregaarch/View_NMMS_atten_date_dtl_rpt.aspx?page=&short_name=UP&state_name=UTTAR%20PRADESH&state_code=31&district_name=BASTI&district_code=3153&block_name=PARAS%20RAMPUR&block_code=3153001&panchayat_name=DHOSHAR%20MISHRA&panchayat_code=3153001085&fin_year=2025-2026&source=&work_code=3153001085/RC/958486255823726405&msr_no=9663&AttendanceDate=27/03/2026&Digest=K8nnuA1yTAQWn2prCWqDQw",10
"BASTI","PARAS RAMPUR","DHOSHAR MISHRA","3153001085/RC/958486255823726405","9666","https://mnregaweb4.nic.in/nregaarch/View_NMMS_atten_date_dtl_rpt.aspx?page=&short_name=UP&state_name=UTTAR%20PRADESH&state_code=31&district_name=BASTI&district_code=3153&block_name=PARAS%20RAMPUR&block_code=3153001&panchayat_name=DHOSHAR%20MISHRA&panchayat_code=3153001085&fin_year=2025-2026&source=&work_code=3153001085/RC/958486255823726405&msr_no=9666&AttendanceDate=27/03/2026&Digest=0n9ul2tiNUQpL17OjFRZ6w",9
"BASTI","HARRAIYA","PURAINA KHAS","3153003065/AV/958486255824184943","6988","https://mnregaweb4.nic.in/nregaarch/View_NMMS_atten_date_dtl_rpt.aspx?page=&short_name=UP&state_name=UTTAR%20PRADESH&state_code=31&district_name=BASTI&district_code=3153&block_name=HARRAIYA&block_code=3153003&panchayat_name=PURAINA%20KHAS&panchayat_code=3153003065&fin_year=2025-2026&source=&work_code=3153003065/AV/958486255824184943&msr_no=6988&AttendanceDate=27/03/2026&Digest=KaqagWOBV7rfdW1P9AWtQA",10
"BASTI","HARRAIYA","KESHAWPUR","3153003079/LD/958486255824879264","6979","https://mnregaweb4.nic.in/nregaarch/View_NMMS_atten_date_dtl_rpt.aspx?page=&short_name=UP&state_name=UTTAR%20PRADESH&state_code=31&district_name=BASTI&district_code=3153&block_name=HARRAIYA&block_code=3153003&panchayat_name=KESHAWPUR&panchayat_code=3153003079&fin_year=2025-2026&source=&work_code=3153003079/LD/958486255824879264&msr_no=6979&AttendanceDate=27/03/2026&Digest=Kxmy4rd2w4Htth8LiRH2Hw",10
"BASTI","HARRAIYA","KESHAWPUR","3153003079/LD/958486255825004294","6974","https://mnregaweb4.nic.in/nregaarch/View_NMMS_atten_date_dtl_rpt.aspx?page=&short_name=UP&state_name=UTTAR%20PRADESH&state_code=31&district_name=BASTI&district_code=3153&block_name=HARRAIYA&block_code=3153003&panchayat_name=KESHAWPUR&panchayat_code=3153003079&fin_year=2025-2026&source=&work_code=3153003079/LD/958486255825004294&msr_no=6974&AttendanceDate=27/03/2026&Digest=+gp8p8KGkB38+v7jTjqkMw",9
"BASTI","HARRAIYA","BHAISA CHAUBEY","3153003080/RC/958486255823712256","6981","https://mnregaweb4.nic.in/nregaarch/View_NMMS_atten_date_dtl_rpt.aspx?page=&short_name=UP&state_name=UTTAR%20PRADESH&state_code=31&district_name=BASTI&district_code=3153&block_name=HARRAIYA&block_code=3153003&panchayat_name=BHAISA%20CHAUBEY&panchayat_code=3153003080&fin_year=2025-2026&source=&work_code=3153003080/RC/958486255823712256&msr_no=6981&AttendanceDate=27/03/2026&Digest=EzzS5NciRZoTGlt6btTFXg",10
"BASTI","HARRAIYA","MIRJAPUR","3153003092/LD/958486255825008868","6833","https://mnregaweb4.nic.in/nregaarch/View_NMMS_atten_date_dtl_rpt.aspx?page=&short_name=UP&state_name=UTTAR%20PRADESH&state_code=31&district_name=BASTI&district_code=3153&block_name=HARRAIYA&block_code=3153003&panchayat_name=MIRJAPUR&panchayat_code=3153003092&fin_year=2025-2026&source=&work_code=3153003092/LD/958486255825008868&msr_no=6833&AttendanceDate=27/03/2026&Digest=TSJZSgMH6JPhg5BTRf9inw",10
"BASTI","HARRAIYA","RAJAULI","3153003097/IC/958486255823741420","6884","https://mnregaweb4.nic.in/nregaarch/View_NMMS_atten_date_dtl_rpt.aspx?page=&short_name=UP&state_name=UTTAR%20PRADESH&state_code=31&district_name=BASTI&district_code=3153&block_name=HARRAIYA&block_code=3153003&panchayat_name=RAJAULI&panchayat_code=3153003097&fin_year=2025-2026&source=&work_code=3153003097/IC/958486255823741420&msr_no=6884&AttendanceDate=27/03/2026&Digest=xNXH8gd8L9gCNr++GtYYbg",10
"BASTI","HARRAIYA","SUKRAULI CHAUDHARY","3153003098/LD/958486255824844875","6859","https://mnregaweb4.nic.in/nregaarch/View_NMMS_atten_date_dtl_rpt.aspx?page=&short_name=UP&state_name=UTTAR%20PRADESH&state_code=31&district_name=BASTI&district_code=3153&block_name=HARRAIYA&block_code=3153003&panchayat_name=SUKRAULI%20CHAUDHARY&panchayat_code=3153003098&fin_year=2025-2026&source=&work_code=3153003098/LD/958486255824844875&msr_no=6859&AttendanceDate=27/03/2026&Digest=etIafKkeHWhCkxVVHx+KvQ",4
"BASTI","KAPTANGANJ","ACHHATPUR","3153005022/RC/958486255823697356","4848","https://mnregaweb4.nic.in/nregaarch/View_NMMS_atten_date_dtl_rpt.aspx?page=&short_name=UP&state_name=UTTAR%20PRADESH&state_code=31&district_name=BASTI&district_code=3153&block_name=KAPTANGANJ&block_code=3153005&panchayat_name=ACHHATPUR&panchayat_code=3153005022&fin_year=2025-2026&source=&work_code=3153005022/RC/958486255823697356&msr_no=4848&AttendanceDate=27/03/2026&Digest=/RsJEW8vCp9Kn2ef608Lxg",7
"BASTI","KAPTANGANJ","SARWALIYA","3153005034/RC/958486255823718353","4901","https://mnregaweb4.nic.in/nregaarch/View_NMMS_atten_date_dtl_rpt.aspx?page=&short_name=UP&state_name=UTTAR%20PRADESH&state_code=31&district_name=BASTI&district_code=3153&block_name=KAPTANGANJ&block_code=3153005&panchayat_name=SARWALIYA&panchayat_code=3153005034&fin_year=2025-2026&source=&work_code=3153005034/RC/958486255823718353&msr_no=4901&AttendanceDate=27/03/2026&Digest=BJ9N/OUpci5GEXqSx0lJjg",3
"BASTI","KAPTANGANJ","SARWALIYA","3153005034/RC/958486255823718359","4970","https://mnregaweb4.nic.in/nregaarch/View_NMMS_atten_date_dtl_rpt.aspx?page=&short_name=UP&state_name=UTTAR%20PRADESH&state_code=31&district_name=BASTI&district_code=3153&block_name=KAPTANGANJ&block_code=3153005&panchayat_name=SARWALIYA&panchayat_code=3153005034&fin_year=2025-2026&source=&work_code=3153005034/RC/958486255823718359&msr_no=4970&AttendanceDate=27/03/2026&Digest=ecLpF2i0jDbIPJxEN4Oysg",4
"BASTI","KAPTANGANJ","GUWAV","3153005036/RC/958486255823687966","4963","https://mnregaweb4.nic.in/nregaarch/View_NMMS_atten_date_dtl_rpt.aspx?page=&short_name=UP&state_name=UTTAR%20PRADESH&state_code=31&district_name=BASTI&district_code=3153&block_name=KAPTANGANJ&block_code=3153005&panchayat_name=GUWAV&panchayat_code=3153005036&fin_year=2025-2026&source=&work_code=3153005036/RC/958486255823687966&msr_no=4963&AttendanceDate=27/03/2026&Digest=7BaOH+6RuUhG9Umqr2Wehw",4
"BASTI","KAPTANGANJ","BARHNI","3153005046/RC/YD/958486255823698429","4928","https://mnregaweb4.nic.in/nregaarch/View_NMMS_atten_date_dtl_rpt.aspx?page=&short_name=UP&state_name=UTTAR%20PRADESH&state_code=31&district_name=BASTI&district_code=3153&block_name=KAPTANGANJ&block_code=3153005&panchayat_name=BARHNI&panchayat_code=3153005046&fin_year=2025-2026&source=&work_code=3153005046/RC/YD/958486255823698429&msr_no=4928&AttendanceDate=27/03/2026&Digest=jev58mZeKj28oTRdtPywCA",6
"BASTI","KAPTANGANJ","BIHRA","3153005050/RC/958486255823667158","4988","https://mnregaweb4.nic.in/nregaarch/View_NMMS_atten_date_dtl_rpt.aspx?page=&short_name=UP&state_name=UTTAR%20PRADESH&state_code=31&district_name=BASTI&district_code=3153&block_name=KAPTANGANJ&block_code=3153005&panchayat_name=BIHRA&panchayat_code=3153005050&fin_year=2025-2026&source=&work_code=3153005050/RC/958486255823667158&msr_no=4988&AttendanceDate=27/03/2026&Digest=CbDloIDGHYOakcYpqYcZTA",9
"BASTI","KAPTANGANJ","BIHRA","3153005050/RC/958486255823667158","4991","https://mnregaweb4.nic.in/nregaarch/View_NMMS_atten_date_dtl_rpt.aspx?page=&short_name=UP&state_name=UTTAR%20PRADESH&state_code=31&district_name=BASTI&district_code=3153&block_name=KAPTANGANJ&block_code=3153005&panchayat_name=BIHRA&panchayat_code=3153005050&fin_year=2025-2026&source=&work_code=3153005050/RC/958486255823667158&msr_no=4991&AttendanceDate=27/03/2026&Digest=fcTClIOybSagLmMeuz9OAg",8
"BASTI","KAPTANGANJ","BIHRA","3153005050/RC/958486255823710747","4982","https://mnregaweb4.nic.in/nregaarch/View_NMMS_atten_date_dtl_rpt.aspx?page=&short_name=UP&state_name=UTTAR%20PRADESH&state_code=31&district_name=BASTI&district_code=3153&block_name=KAPTANGANJ&block_code=3153005&panchayat_name=BIHRA&panchayat_code=3153005050&fin_year=2025-2026&source=&work_code=3153005050/RC/958486255823710747&msr_no=4982&AttendanceDate=27/03/2026&Digest=aO3PWaal2eTHAgKv4FdbBQ",8
"BASTI","KAPTANGANJ","POKHRA","3153005054/RC/958486255823736561","5050","https://mnregaweb4.nic.in/nregaarch/View_NMMS_atten_date_dtl_rpt.aspx?page=&short_name=UP&state_name=UTTAR%20PRADESH&state_code=31&district_name=BASTI&district_code=3153&block_name=KAPTANGANJ&block_code=3153005&panchayat_name=POKHRA&panchayat_code=3153005054&fin_year=2025-2026&source=&work_code=3153005054/RC/958486255823736561&msr_no=5050&AttendanceDate=27/03/2026&Digest=VX2I4/b1yk/iFGvoXVSbfQ",10
"BASTI","KAPTANGANJ","PARIWARPUR","3153005058/RC/958486255823676758","4831","https://mnregaweb4.nic.in/nregaarch/View_NMMS_atten_date_dtl_rpt.aspx?page=&short_name=UP&state_name=UTTAR%20PRADESH&state_code=31&district_name=BASTI&district_code=3153&block_name=KAPTANGANJ&block_code=3153005&panchayat_name=PARIWARPUR&panchayat_code=3153005058&fin_year=2025-2026&source=&work_code=3153005058/RC/958486255823676758&msr_no=4831&AttendanceDate=27/03/2026&Digest=lf6ZvQriMsEV5fJtunOyPA",1
"BASTI","KUDARAHA","AKELA KUBERPUR","3153013008/RC/958486255823579683","8250","https://mnregaweb4.nic.in/nregaarch/View_NMMS_atten_date_dtl_rpt.aspx?page=&short_name=UP&state_name=UTTAR%20PRADESH&state_code=31&district_name=BASTI&district_code=3153&block_name=KUDARAHA&block_code=3153013&panchayat_name=AKELA%20KUBERPUR&panchayat_code=3153013008&fin_year=2025-2026&source=&work_code=3153013008/RC/958486255823579683&msr_no=8250&AttendanceDate=27/03/2026&Digest=kH9ueZRdjTVHrcaokbTFow",4
"BASTI","KUDARAHA","AKELA KUBERPUR","3153013008/RC/958486255823749187","8332","https://mnregaweb4.nic.in/nregaarch/View_NMMS_atten_date_dtl_rpt.aspx?page=&short_name=UP&state_name=UTTAR%20PRADESH&state_code=31&district_name=BASTI&district_code=3153&block_name=KUDARAHA&block_code=3153013&panchayat_name=AKELA%20KUBERPUR&panchayat_code=3153013008&fin_year=2025-2026&source=&work_code=3153013008/RC/958486255823749187&msr_no=8332&AttendanceDate=27/03/2026&Digest=oM/Z2uGJOUOJSS2ArlylPw",10
"BASTI","KUDARAHA","AKELA KUBERPUR","3153013008/RC/958486255823749187","8335","https://mnregaweb4.nic.in/nregaarch/View_NMMS_atten_date_dtl_rpt.aspx?page=&short_name=UP&state_name=UTTAR%20PRADESH&state_code=31&district_name=BASTI&district_code=3153&block_name=KUDARAHA&block_code=3153013&panchayat_name=AKELA%20KUBERPUR&panchayat_code=3153013008&fin_year=2025-2026&source=&work_code=3153013008/RC/958486255823749187&msr_no=8335&AttendanceDate=27/03/2026&Digest=mfOpiONO2BLKnbcTQPdmZg",3
"BASTI","KUDARAHA","PAAUN","3153013010/RC/958486255823672822","8085","https://mnregaweb4.nic.in/nregaarch/View_NMMS_atten_date_dtl_rpt.aspx?page=&short_name=UP&state_name=UTTAR%20PRADESH&state_code=31&district_name=BASTI&district_code=3153&block_name=KUDARAHA&block_code=3153013&panchayat_name=PAAUN&panchayat_code=3153013010&fin_year=2025-2026&source=&work_code=3153013010/RC/958486255823672822&msr_no=8085&AttendanceDate=27/03/2026&Digest=uAVeMrESBXBJ7HNrpTMZjQ",3
"BASTI","KUDARAHA","PAAUN","3153013010/RC/958486255823673809","8133","https://mnregaweb4.nic.in/nregaarch/View_NMMS_atten_date_dtl_rpt.aspx?page=&short_name=UP&state_name=UTTAR%20PRADESH&state_code=31&district_name=BASTI&district_code=3153&block_name=KUDARAHA&block_code=3153013&panchayat_name=PAAUN&panchayat_code=3153013010&fin_year=2025-2026&source=&work_code=3153013010/RC/958486255823673809&msr_no=8133&AttendanceDate=27/03/2026&Digest=h+sudtFJurh5YW7NIgL0vQ",8
"BASTI","KUDARAHA","RASOOLPUR","3153013020/RC/958486255823670231","7971","https://mnregaweb4.nic.in/nregaarch/View_NMMS_atten_date_dtl_rpt.aspx?page=&short_name=UP&state_name=UTTAR%20PRADESH&state_code=31&district_name=BASTI&district_code=3153&block_name=KUDARAHA&block_code=3153013&panchayat_name=RASOOLPUR&panchayat_code=3153013020&fin_year=2025-2026&source=&work_code=3153013020/RC/958486255823670231&msr_no=7971&AttendanceDate=27/03/2026&Digest=L1LDx1HEQy88QtFlg9FrDg",10
"BASTI","KUDARAHA","SUVRAHA","3153013026/RC/958486255823725224","8044","https://mnregaweb4.nic.in/nregaarch/View_NMMS_atten_date_dtl_rpt.aspx?page=&short_name=UP&state_name=UTTAR%20PRADESH&state_code=31&district_name=BASTI&district_code=3153&block_name=KUDARAHA&block_code=3153013&panchayat_name=SUVRAHA&panchayat_code=3153013026&fin_year=2025-2026&source=&work_code=3153013026/RC/958486255823725224&msr_no=8044&AttendanceDate=27/03/2026&Digest=jVoxz3muicF4EZp2XXJIZQ",10
"BASTI","KUDARAHA","KORMA","3153013029/LD/958486255824959030","7759","https://mnregaweb4.nic.in/nregaarch/View_NMMS_atten_date_dtl_rpt.aspx?page=&short_name=UP&state_name=UTTAR%20PRADESH&state_code=31&district_name=BASTI&district_code=3153&block_name=KUDARAHA&block_code=3153013&panchayat_name=KORMA&panchayat_code=3153013029&fin_year=2025-2026&source=&work_code=3153013029/LD/958486255824959030&msr_no=7759&AttendanceDate=27/03/2026&Digest=cGzmnREYCEtybitH4Nr1jA",8
"BASTI","KUDARAHA","KORMA","3153013029/LD/958486255824959030","7762","https://mnregaweb4.nic.in/nregaarch/View_NMMS_atten_date_dtl_rpt.aspx?page=&short_name=UP&state_name=UTTAR%20PRADESH&state_code=31&district_name=BASTI&district_code=3153&block_name=KUDARAHA&block_code=3153013&panchayat_name=KORMA&panchayat_code=3153013029&fin_year=2025-2026&source=&work_code=3153013029/LD/958486255824959030&msr_no=7762&AttendanceDate=27/03/2026&Digest=YfhhYIusSZZITAhYfYugFA",4
"BASTI","KUDARAHA","KORMA","3153013029/LD/958486255824959032","7764","https://mnregaweb4.nic.in/nregaarch/View_NMMS_atten_date_dtl_rpt.aspx?page=&short_name=UP&state_name=UTTAR%20PRADESH&state_code=31&district_name=BASTI&district_code=3153&block_name=KUDARAHA&block_code=3153013&panchayat_name=KORMA&panchayat_code=3153013029&fin_year=2025-2026&source=&work_code=3153013029/LD/958486255824959032&msr_no=7764&AttendanceDate=27/03/2026&Digest=w/8kXxfObMzUzZIvhl51EA",3
"BASTI","KUDARAHA","JAGANNATHPUR","3153013035/LD/958486255824982494","8006","https://mnregaweb4.nic.in/nregaarch/View_NMMS_atten_date_dtl_rpt.aspx?page=&short_name=UP&state_name=UTTAR%20PRADESH&state_code=31&district_name=BASTI&district_code=3153&block_name=KUDARAHA&block_code=3153013&panchayat_name=JAGANNATHPUR&panchayat_code=3153013035&fin_year=2025-2026&source=&work_code=3153013035/LD/958486255824982494&msr_no=8006&AttendanceDate=27/03/2026&Digest=LrhEjXOy2qds5awBPRFWew",10
"BASTI","KUDARAHA","KABRA KHAS","3153013043/RC/958486255823706794","7872","https://mnregaweb4.nic.in/nregaarch/View_NMMS_atten_date_dtl_rpt.aspx?page=&short_name=UP&state_name=UTTAR%20PRADESH&state_code=31&district_name=BASTI&district_code=3153&block_name=KUDARAHA&block_code=3153013&panchayat_name=KABRA%20KHAS&panchayat_code=3153013043&fin_year=2025-2026&source=&work_code=3153013043/RC/958486255823706794&msr_no=7872&AttendanceDate=27/03/2026&Digest=T+46GCQQYaDWu493t/hctg",9
"BASTI","KUDARAHA","KABRA KHAS","3153013043/RC/958486255823706797","8140","https://mnregaweb4.nic.in/nregaarch/View_NMMS_atten_date_dtl_rpt.aspx?page=&short_name=UP&state_name=UTTAR%20PRADESH&state_code=31&district_name=BASTI&district_code=3153&block_name=KUDARAHA&block_code=3153013&panchayat_name=KABRA%20KHAS&panchayat_code=3153013043&fin_year=2025-2026&source=&work_code=3153013043/RC/958486255823706797&msr_no=8140&AttendanceDate=27/03/2026&Digest=ZiZYzw59C5yhezHDdr00nA",8
"BASTI","KUDARAHA","PASRA","3153013046/LD/958486255824692144","7668","https://mnregaweb4.nic.in/nregaarch/View_NMMS_atten_date_dtl_rpt.aspx?page=&short_name=UP&state_name=UTTAR%20PRADESH&state_code=31&district_name=BASTI&district_code=3153&block_name=KUDARAHA&block_code=3153013&panchayat_name=PASRA&panchayat_code=3153013046&fin_year=2025-2026&source=&work_code=3153013046/LD/958486255824692144&msr_no=7668&AttendanceDate=27/03/2026&Digest=psMKikyiy54VQm4Px8Jb3Q",10
"BASTI","KUDARAHA","PASRA","3153013046/LD/958486255824692144","7671","https://mnregaweb4.nic.in/nregaarch/View_NMMS_atten_date_dtl_rpt.aspx?page=&short_name=UP&state_name=UTTAR%20PRADESH&state_code=31&district_name=BASTI&district_code=3153&block_name=KUDARAHA&block_code=3153013&panchayat_name=PASRA&panchayat_code=3153013046&fin_year=2025-2026&source=&work_code=3153013046/LD/958486255824692144&msr_no=7671&AttendanceDate=27/03/2026&Digest=MPAvyUwQpuAE/U2LX+kOIA",8
"BASTI","KUDARAHA","BAANPUR","3153013059/RC/958486255823693972","8174","https://mnregaweb4.nic.in/nregaarch/View_NMMS_atten_date_dtl_rpt.aspx?page=&short_name=UP&state_name=UTTAR%20PRADESH&state_code=31&district_name=BASTI&district_code=3153&block_name=KUDARAHA&block_code=3153013&panchayat_name=BAANPUR&panchayat_code=3153013059&fin_year=2025-2026&source=&work_code=3153013059/RC/958486255823693972&msr_no=8174&AttendanceDate=27/03/2026&Digest=JOdcbod9JA3zAyiG1Ys9oA",10
"BASTI","KUDARAHA","BAANPUR","3153013059/RC/958486255823694008","7707","https://mnregaweb4.nic.in/nregaarch/View_NMMS_atten_date_dtl_rpt.aspx?page=&short_name=UP&state_name=UTTAR%20PRADESH&state_code=31&district_name=BASTI&district_code=3153&block_name=KUDARAHA&block_code=3153013&panchayat_name=BAANPUR&panchayat_code=3153013059&fin_year=2025-2026&source=&work_code=3153013059/RC/958486255823694008&msr_no=7707&AttendanceDate=27/03/2026&Digest=un8h67lUqCLR8LTTxLxWyg",5
"BASTI","KUDARAHA","BAANPUR","3153013059/RC/958486255823694017","7701","https://mnregaweb4.nic.in/nregaarch/View_NMMS_atten_date_dtl_rpt.aspx?page=&short_name=UP&state_name=UTTAR%20PRADESH&state_code=31&district_name=BASTI&district_code=3153&block_name=KUDARAHA&block_code=3153013&panchayat_name=BAANPUR&panchayat_code=3153013059&fin_year=2025-2026&source=&work_code=3153013059/RC/958486255823694017&msr_no=7701&AttendanceDate=27/03/2026&Digest=3zA9fktdDk3mD7wtjM4WxA",10
"BASTI","KUDARAHA","BAANPUR","3153013059/RC/958486255823694030","8177","https://mnregaweb4.nic.in/nregaarch/View_NMMS_atten_date_dtl_rpt.aspx?page=&short_name=UP&state_name=UTTAR%20PRADESH&state_code=31&district_name=BASTI&district_code=3153&block_name=KUDARAHA&block_code=3153013&panchayat_name=BAANPUR&panchayat_code=3153013059&fin_year=2025-2026&source=&work_code=3153013059/RC/958486255823694030&msr_no=8177&AttendanceDate=27/03/2026&Digest=59XlSwvkzn9k/rP73/+X6w",10
"BASTI","KUDARAHA","DIHUKPURA","3153013060/RC/958486255823750568","8226","https://mnregaweb4.nic.in/nregaarch/View_NMMS_atten_date_dtl_rpt.aspx?page=&short_name=UP&state_name=UTTAR%20PRADESH&state_code=31&district_name=BASTI&district_code=3153&block_name=KUDARAHA&block_code=3153013&panchayat_name=DIHUKPURA&panchayat_code=3153013060&fin_year=2025-2026&source=&work_code=3153013060/RC/958486255823750568&msr_no=8226&AttendanceDate=27/03/2026&Digest=gJ5OYokX3hrYYAKdgFN1Pg",4
"BASTI","KUDARAHA","JIBHIYAV","3153013062/RC/958486255823747131","7808","https://mnregaweb4.nic.in/nregaarch/View_NMMS_atten_date_dtl_rpt.aspx?page=&short_name=UP&state_name=UTTAR%20PRADESH&state_code=31&district_name=BASTI&district_code=3153&block_name=KUDARAHA&block_code=3153013&panchayat_name=JIBHIYAV&panchayat_code=3153013062&fin_year=2025-2026&source=&work_code=3153013062/RC/958486255823747131&msr_no=7808&AttendanceDate=27/03/2026&Digest=E8MzmKMbWMMDw8W45Vs5BA",9
"BASTI","KUDARAHA","TENUA","3153013064/RC/958486255823716173","8047","https://mnregaweb4.nic.in/nregaarch/View_NMMS_atten_date_dtl_rpt.aspx?page=&short_name=UP&state_name=UTTAR%20PRADESH&state_code=31&district_name=BASTI&district_code=3153&block_name=KUDARAHA&block_code=3153013&panchayat_name=TENUA&panchayat_code=3153013064&fin_year=2025-2026&source=&work_code=3153013064/RC/958486255823716173&msr_no=8047&AttendanceDate=27/03/2026&Digest=ahav5S+WSWey9S+iVp0yyA",3
"BASTI","KUDARAHA","SISAI PANDIT","3153013068/RC/958486255823751403","8107","https://mnregaweb4.nic.in/nregaarch/View_NMMS_atten_date_dtl_rpt.aspx?page=&short_name=UP&state_name=UTTAR%20PRADESH&state_code=31&district_name=BASTI&district_code=3153&block_name=KUDARAHA&block_code=3153013&panchayat_name=SISAI%20PANDIT&panchayat_code=3153013068&fin_year=2025-2026&source=&work_code=3153013068/RC/958486255823751403&msr_no=8107&AttendanceDate=27/03/2026&Digest=6IudOfH5/KC+rXBtIXkmFg",8
"BASTI","KAPTANGANJ","BAGHAUDA","3153005008/RC/958486255823700091","4847","https://mnregaweb4.nic.in/nregaarch/View_NMMS_atten_date_dtl_rpt.aspx?page=&short_name=UP&state_name=UTTAR%20PRADESH&state_code=31&district_name=BASTI&district_code=3153&block_name=KAPTANGANJ&block_code=3153005&panchayat_name=BAGHAUDA&panchayat_code=3153005008&fin_year=2025-2026&source=&work_code=3153005008/RC/958486255823700091&msr_no=4847&AttendanceDate=27/03/2026&Digest=u5P9AcewhLhn7t8NaebKSA",1
"BASTI","KAPTANGANJ","BASANT PUR","3153005011/RC/958486255823645771","4919","https://mnregaweb4.nic.in/nregaarch/View_NMMS_atten_date_dtl_rpt.aspx?page=&short_name=UP&state_name=UTTAR%20PRADESH&state_code=31&district_name=BASTI&district_code=3153&block_name=KAPTANGANJ&block_code=3153005&panchayat_name=BASANT%20PUR&panchayat_code=3153005011&fin_year=2025-2026&source=&work_code=3153005011/RC/958486255823645771&msr_no=4919&AttendanceDate=27/03/2026&Digest=HeJFCKMnUlAPjBeOW6qd3w",6
"BASTI","KAPTANGANJ","SARWALIYA","3153005034/AV/958486255824178714","4822","https://mnregaweb4.nic.in/nregaarch/View_NMMS_atten_date_dtl_rpt.aspx?page=&short_name=UP&state_name=UTTAR%20PRADESH&state_code=31&district_name=BASTI&district_code=3153&block_name=KAPTANGANJ&block_code=3153005&panchayat_name=SARWALIYA&panchayat_code=3153005034&fin_year=2025-2026&source=&work_code=3153005034/AV/958486255824178714&msr_no=4822&AttendanceDate=27/03/2026&Digest=gLKIbWZK2rGhuGQakPFeMg",1
"BASTI","KAPTANGANJ","BARHNI","3153005046/RC/YD/958486255823698427","4929","https://mnregaweb4.nic.in/nregaarch/View_NMMS_atten_date_dtl_rpt.aspx?page=&short_name=UP&state_name=UTTAR%20PRADESH&state_code=31&district_name=BASTI&district_code=3153&block_name=KAPTANGANJ&block_code=3153005&panchayat_name=BARHNI&panchayat_code=3153005046&fin_year=2025-2026&source=&work_code=3153005046/RC/YD/958486255823698427&msr_no=4929&AttendanceDate=27/03/2026&Digest=XTEEVy7/JYTjY8UnKnEExw",8
"BASTI","KAPTANGANJ","BIHRA","3153005050/RC/958486255823667158","4989","https://mnregaweb4.nic.in/nregaarch/View_NMMS_atten_date_dtl_rpt.aspx?page=&short_name=UP&state_name=UTTAR%20PRADESH&state_code=31&district_name=BASTI&district_code=3153&block_name=KAPTANGANJ&block_code=3153005&panchayat_name=BIHRA&panchayat_code=3153005050&fin_year=2025-2026&source=&work_code=3153005050/RC/958486255823667158&msr_no=4989&AttendanceDate=27/03/2026&Digest=4DQ9ELz3IAIuVTLrgPgNvg",8
"BASTI","KAPTANGANJ","BIHRA","3153005050/RC/958486255823667158","4992","https://mnregaweb4.nic.in/nregaarch/View_NMMS_atten_date_dtl_rpt.aspx?page=&short_name=UP&state_name=UTTAR%20PRADESH&state_code=31&district_name=BASTI&district_code=3153&block_name=KAPTANGANJ&block_code=3153005&panchayat_name=BIHRA&panchayat_code=3153005050&fin_year=2025-2026&source=&work_code=3153005050/RC/958486255823667158&msr_no=4992&AttendanceDate=27/03/2026&Digest=XTWFjiz9/9rP7gjxs9xelg",10
"BASTI","KAPTANGANJ","BIHRA","3153005050/RC/958486255823708855","5000","https://mnregaweb4.nic.in/nregaarch/View_NMMS_atten_date_dtl_rpt.aspx?page=&short_name=UP&state_name=UTTAR%20PRADESH&state_code=31&district_name=BASTI&district_code=3153&block_name=KAPTANGANJ&block_code=3153005&panchayat_name=BIHRA&panchayat_code=3153005050&fin_year=2025-2026&source=&work_code=3153005050/RC/958486255823708855&msr_no=5000&AttendanceDate=27/03/2026&Digest=jdD0837KxZmoxxe0VJO3mA",5
"BASTI","KAPTANGANJ","BIHRA","3153005050/RC/958486255823710747","4983","https://mnregaweb4.nic.in/nregaarch/View_NMMS_atten_date_dtl_rpt.aspx?page=&short_name=UP&state_name=UTTAR%20PRADESH&state_code=31&district_name=BASTI&district_code=3153&block_name=KAPTANGANJ&block_code=3153005&panchayat_name=BIHRA&panchayat_code=3153005050&fin_year=2025-2026&source=&work_code=3153005050/RC/958486255823710747&msr_no=4983&AttendanceDate=27/03/2026&Digest=Q5v8x27EtD/Y86PDzpZxYw",1
"BASTI","KAPTANGANJ","BIHRA","3153005050/RC/958486255823733116","5039","https://mnregaweb4.nic.in/nregaarch/View_NMMS_atten_date_dtl_rpt.aspx?page=&short_name=UP&state_name=UTTAR%20PRADESH&state_code=31&district_name=BASTI&district_code=3153&block_name=KAPTANGANJ&block_code=3153005&panchayat_name=BIHRA&panchayat_code=3153005050&fin_year=2025-2026&source=&work_code=3153005050/RC/958486255823733116&msr_no=5039&AttendanceDate=27/03/2026&Digest=X5b+yzYtu4PyxV+o73YqzA",9
"BASTI","KAPTANGANJ","POKHRA","3153005054/RC/958486255823736565","4950","https://mnregaweb4.nic.in/nregaarch/View_NMMS_atten_date_dtl_rpt.aspx?page=&short_name=UP&state_name=UTTAR%20PRADESH&state_code=31&district_name=BASTI&district_code=3153&block_name=KAPTANGANJ&block_code=3153005&panchayat_name=POKHRA&panchayat_code=3153005054&fin_year=2025-2026&source=&work_code=3153005054/RC/958486255823736565&msr_no=4950&AttendanceDate=27/03/2026&Digest=Lonx3eW9fqVwTGOUZNlhhQ",10
"BASTI","KAPTANGANJ","PARIWARPUR","3153005058/RC/958486255823726572","4895","https://mnregaweb4.nic.in/nregaarch/View_NMMS_atten_date_dtl_rpt.aspx?page=&short_name=UP&state_name=UTTAR%20PRADESH&state_code=31&district_name=BASTI&district_code=3153&block_name=KAPTANGANJ&block_code=3153005&panchayat_name=PARIWARPUR&panchayat_code=3153005058&fin_year=2025-2026&source=&work_code=3153005058/RC/958486255823726572&msr_no=4895&AttendanceDate=27/03/2026&Digest=8A3UtBH5XldaVLrZARcsmQ",7
"BASTI","KUDARAHA","MURADPUR","3153013002/WH/958486255823990667","8034","https://mnregaweb4.nic.in/nregaarch/View_NMMS_atten_date_dtl_rpt.aspx?page=&short_name=UP&state_name=UTTAR%20PRADESH&state_code=31&district_name=BASTI&district_code=3153&block_name=KUDARAHA&block_code=3153013&panchayat_name=MURADPUR&panchayat_code=3153013002&fin_year=2025-2026&source=&work_code=3153013002/WH/958486255823990667&msr_no=8034&AttendanceDate=27/03/2026&Digest=qZNibkdHjzyvuYgbadJVAg",10
"BASTI","KUDARAHA","MURADPUR","3153013002/WH/958486255823990667","8037","https://mnregaweb4.nic.in/nregaarch/View_NMMS_atten_date_dtl_rpt.aspx?page=&short_name=UP&state_name=UTTAR%20PRADESH&state_code=31&district_name=BASTI&district_code=3153&block_name=KUDARAHA&block_code=3153013&panchayat_name=MURADPUR&panchayat_code=3153013002&fin_year=2025-2026&source=&work_code=3153013002/WH/958486255823990667&msr_no=8037&AttendanceDate=27/03/2026&Digest=7QmeUWfis6sSGQyW55t1YA",6
"BASTI","KUDARAHA","AKELA KUBERPUR","3153013008/RC/958486255823749187","8333","https://mnregaweb4.nic.in/nregaarch/View_NMMS_atten_date_dtl_rpt.aspx?page=&short_name=UP&state_name=UTTAR%20PRADESH&state_code=31&district_name=BASTI&district_code=3153&block_name=KUDARAHA&block_code=3153013&panchayat_name=AKELA%20KUBERPUR&panchayat_code=3153013008&fin_year=2025-2026&source=&work_code=3153013008/RC/958486255823749187&msr_no=8333&AttendanceDate=27/03/2026&Digest=LKsKeiYGzp0F5oQU5dNTwA",10
"BASTI","KUDARAHA","PAAUN","3153013010/RC/958486255823673809","8132","https://mnregaweb4.nic.in/nregaarch/View_NMMS_atten_date_dtl_rpt.aspx?page=&short_name=UP&state_name=UTTAR%20PRADESH&state_code=31&district_name=BASTI&district_code=3153&block_name=KUDARAHA&block_code=3153013&panchayat_name=PAAUN&panchayat_code=3153013010&fin_year=2025-2026&source=&work_code=3153013010/RC/958486255823673809&msr_no=8132&AttendanceDate=27/03/2026&Digest=PZsaLX/EoIm7dAmqxOl1RQ",4
"BASTI","KUDARAHA","TURKWALIYA","3153013012/RC/958486255823686923","7683","https://mnregaweb4.nic.in/nregaarch/View_NMMS_atten_date_dtl_rpt.aspx?page=&short_name=UP&state_name=UTTAR%20PRADESH&state_code=31&district_name=BASTI&district_code=3153&block_name=KUDARAHA&block_code=3153013&panchayat_name=TURKWALIYA&panchayat_code=3153013012&fin_year=2025-2026&source=&work_code=3153013012/RC/958486255823686923&msr_no=7683&AttendanceDate=27/03/2026&Digest=Z7VRQjQ5nRenIh3x1R2VSA",2
"BASTI","KUDARAHA","RASOOLPUR","3153013020/RC/958486255823670232","7974","https://mnregaweb4.nic.in/nregaarch/View_NMMS_atten_date_dtl_rpt.aspx?page=&short_name=UP&state_name=UTTAR%20PRADESH&state_code=31&district_name=BASTI&district_code=3153&block_name=KUDARAHA&block_code=3153013&panchayat_name=RASOOLPUR&panchayat_code=3153013020&fin_year=2025-2026&source=&work_code=3153013020/RC/958486255823670232&msr_no=7974&AttendanceDate=27/03/2026&Digest=1U8Rd1PKGHUjtR2cCtc3ag",10
"BASTI","KUDARAHA","SUVRAHA","3153013026/RC/958486255823725224","8045","https://mnregaweb4.nic.in/nregaarch/View_NMMS_atten_date_dtl_rpt.aspx?page=&short_name=UP&state_name=UTTAR%20PRADESH&state_code=31&district_name=BASTI&district_code=3153&block_name=KUDARAHA&block_code=3153013&panchayat_name=SUVRAHA&panchayat_code=3153013026&fin_year=2025-2026&source=&work_code=3153013026/RC/958486255823725224&msr_no=8045&AttendanceDate=27/03/2026&Digest=4nCrFoXahcTOVhDRy4BeeA",10
"BASTI","KUDARAHA","SUVRAHA","3153013026/WC/958486255824251727","8043","https://mnregaweb4.nic.in/nregaarch/View_NMMS_atten_date_dtl_rpt.aspx?page=&short_name=UP&state_name=UTTAR%20PRADESH&state_code=31&district_name=BASTI&district_code=3153&block_name=KUDARAHA&block_code=3153013&panchayat_name=SUVRAHA&panchayat_code=3153013026&fin_year=2025-2026&source=&work_code=3153013026/WC/958486255824251727&msr_no=8043&AttendanceDate=27/03/2026&Digest=QFtY2UbdSKisw1SyGGPr1w",3
"BASTI","KUDARAHA","KORMA","3153013029/LD/958486255824959030","7758","https://mnregaweb4.nic.in/nregaarch/View_NMMS_atten_date_dtl_rpt.aspx?page=&short_name=UP&state_name=UTTAR%20PRADESH&state_code=31&district_name=BASTI&district_code=3153&block_name=KUDARAHA&block_code=3153013&panchayat_name=KORMA&panchayat_code=3153013029&fin_year=2025-2026&source=&work_code=3153013029/LD/958486255824959030&msr_no=7758&AttendanceDate=27/03/2026&Digest=AbgT5jTEC8GLy//NxIy8mg",8
"BASTI","KUDARAHA","KORMA","3153013029/LD/958486255824959030","7761","https://mnregaweb4.nic.in/nregaarch/View_NMMS_atten_date_dtl_rpt.aspx?page=&short_name=UP&state_name=UTTAR%20PRADESH&state_code=31&district_name=BASTI&district_code=3153&block_name=KUDARAHA&block_code=3153013&panchayat_name=KORMA&panchayat_code=3153013029&fin_year=2025-2026&source=&work_code=3153013029/LD/958486255824959030&msr_no=7761&AttendanceDate=27/03/2026&Digest=yBLlfwrZ7RUieAOobDr1hA",9
"BASTI","KUDARAHA","KORMA","3153013029/LD/958486255824959032","7763","https://mnregaweb4.nic.in/nregaarch/View_NMMS_atten_date_dtl_rpt.aspx?page=&short_name=UP&state_name=UTTAR%20PRADESH&state_code=31&district_name=BASTI&district_code=3153&block_name=KUDARAHA&block_code=3153013&panchayat_name=KORMA&panchayat_code=3153013029&fin_year=2025-2026&source=&work_code=3153013029/LD/958486255824959032&msr_no=7763&AttendanceDate=27/03/2026&Digest=AEw0ikpKWxYaFRLaJRJA6g",7
"BASTI","KUDARAHA","JAGANNATHPUR","3153013035/LD/958486255824982494","8005","https://mnregaweb4.nic.in/nregaarch/View_NMMS_atten_date_dtl_rpt.aspx?page=&short_name=UP&state_name=UTTAR%20PRADESH&state_code=31&district_name=BASTI&district_code=3153&block_name=KUDARAHA&block_code=3153013&panchayat_name=JAGANNATHPUR&panchayat_code=3153013035&fin_year=2025-2026&source=&work_code=3153013035/LD/958486255824982494&msr_no=8005&AttendanceDate=27/03/2026&Digest=Lc0amSJwq2QADiahgsmuHA",10
"BASTI","KUDARAHA","JAGANNATHPUR","3153013035/LD/958486255824982494","8008","https://mnregaweb4.nic.in/nregaarch/View_NMMS_atten_date_dtl_rpt.aspx?page=&short_name=UP&state_name=UTTAR%20PRADESH&state_code=31&district_name=BASTI&district_code=3153&block_name=KUDARAHA&block_code=3153013&panchayat_name=JAGANNATHPUR&panchayat_code=3153013035&fin_year=2025-2026&source=&work_code=3153013035/LD/958486255824982494&msr_no=8008&AttendanceDate=27/03/2026&Digest=/RJGDMqgEqLPtvACJr3CsQ",9
"BASTI","KUDARAHA","DELHWA","3153013037/RC/958486255823745217","8341","https://mnregaweb4.nic.in/nregaarch/View_NMMS_atten_date_dtl_rpt.aspx?page=&short_name=UP&state_name=UTTAR%20PRADESH&state_code=31&district_name=BASTI&district_code=3153&block_name=KUDARAHA&block_code=3153013&panchayat_name=DELHWA&panchayat_code=3153013037&fin_year=2025-2026&source=&work_code=3153013037/RC/958486255823745217&msr_no=8341&AttendanceDate=27/03/2026&Digest=sF6a2sw1DARYLkkTv2RCtg",10
"BASTI","KUDARAHA","DELHWA","3153013037/RC/958486255823745217","8344","https://mnregaweb4.nic.in/nregaarch/View_NMMS_atten_date_dtl_rpt.aspx?page=&short_name=UP&state_name=UTTAR%20PRADESH&state_code=31&district_name=BASTI&district_code=3153&block_name=KUDARAHA&block_code=3153013&panchayat_name=DELHWA&panchayat_code=3153013037&fin_year=2025-2026&source=&work_code=3153013037/RC/958486255823745217&msr_no=8344&AttendanceDate=27/03/2026&Digest=CwoIRaN+tsvcKsYxnRlfOQ",10
"BASTI","KUDARAHA","MADHOPUR","3153013038/RC/958486255823728641","8167","https://mnregaweb4.nic.in/nregaarch/View_NMMS_atten_date_dtl_rpt.aspx?page=&short_name=UP&state_name=UTTAR%20PRADESH&state_code=31&district_name=BASTI&district_code=3153&block_name=KUDARAHA&block_code=3153013&panchayat_name=MADHOPUR&panchayat_code=3153013038&fin_year=2025-2026&source=&work_code=3153013038/RC/958486255823728641&msr_no=8167&AttendanceDate=27/03/2026&Digest=bHU24pAq3lnGp5SCX+vs/g",3
"BASTI","KUDARAHA","MUSARIHA","3153013041/RC/958486255823728282","7823","https://mnregaweb4.nic.in/nregaarch/View_NMMS_atten_date_dtl_rpt.aspx?page=&short_name=UP&state_name=UTTAR%20PRADESH&state_code=31&district_name=BASTI&district_code=3153&block_name=KUDARAHA&block_code=3153013&panchayat_name=MUSARIHA&panchayat_code=3153013041&fin_year=2025-2026&source=&work_code=3153013041/RC/958486255823728282&msr_no=7823&AttendanceDate=27/03/2026&Digest=AxEKZo9hKhD3icZWMbxR4g",8
"BASTI","KUDARAHA","KABRA KHAS","3153013043/RC/958486255823706795","8131","https://mnregaweb4.nic.in/nregaarch/View_NMMS_atten_date_dtl_rpt.aspx?page=&short_name=UP&state_name=UTTAR%20PRADESH&state_code=31&district_name=BASTI&district_code=3153&block_name=KUDARAHA&block_code=3153013&panchayat_name=KABRA%20KHAS&panchayat_code=3153013043&fin_year=2025-2026&source=&work_code=3153013043/RC/958486255823706795&msr_no=8131&AttendanceDate=27/03/2026&Digest=h2Rv2xqUvJXeCkcpRfQYfg",2
"BASTI","KUDARAHA","KABRA KHAS","3153013043/RC/958486255823726579","7753","https://mnregaweb4.nic.in/nregaarch/View_NMMS_atten_date_dtl_rpt.aspx?page=&short_name=UP&state_name=UTTAR%20PRADESH&state_code=31&district_name=BASTI&district_code=3153&block_name=KUDARAHA&block_code=3153013&panchayat_name=KABRA%20KHAS&panchayat_code=3153013043&fin_year=2025-2026&source=&work_code=3153013043/RC/958486255823726579&msr_no=7753&AttendanceDate=27/03/2026&Digest=AbWvM4DDTl7vr6b12Y+8Qw",9
"BASTI","KUDARAHA","PASRA","3153013046/LD/958486255824692138","7717","https://mnregaweb4.nic.in/nregaarch/View_NMMS_atten_date_dtl_rpt.aspx?page=&short_name=UP&state_name=UTTAR%20PRADESH&state_code=31&district_name=BASTI&district_code=3153&block_name=KUDARAHA&block_code=3153013&panchayat_name=PASRA&panchayat_code=3153013046&fin_year=2025-2026&source=&work_code=3153013046/LD/958486255824692138&msr_no=7717&AttendanceDate=27/03/2026&Digest=gBVv+uShvD37Vmx4zS9JWw",10
"BASTI","KUDARAHA","PASRA","3153013046/LD/958486255824692148","7667","https://mnregaweb4.nic.in/nregaarch/View_NMMS_atten_date_dtl_rpt.aspx?page=&short_name=UP&state_name=UTTAR%20PRADESH&state_code=31&district_name=BASTI&district_code=3153&block_name=KUDARAHA&block_code=3153013&panchayat_name=PASRA&panchayat_code=3153013046&fin_year=2025-2026&source=&work_code=3153013046/LD/958486255824692148&msr_no=7667&AttendanceDate=27/03/2026&Digest=e5QbtGBvUyeuqUQKChskRA",6
"BASTI","KUDARAHA","PASRA","3153013046/LD/958486255824692150","7719","https://mnregaweb4.nic.in/nregaarch/View_NMMS_atten_date_dtl_rpt.aspx?page=&short_name=UP&state_name=UTTAR%20PRADESH&state_code=31&district_name=BASTI&district_code=3153&block_name=KUDARAHA&block_code=3153013&panchayat_name=PASRA&panchayat_code=3153013046&fin_year=2025-2026&source=&work_code=3153013046/LD/958486255824692150&msr_no=7719&AttendanceDate=27/03/2026&Digest=RZQ3LuidORkgzraa/C6DRQ",10
"BASTI","KUDARAHA","PASRA","3153013046/RC/958486255823746516","7964","https://mnregaweb4.nic.in/nregaarch/View_NMMS_atten_date_dtl_rpt.aspx?page=&short_name=UP&state_name=UTTAR%20PRADESH&state_code=31&district_name=BASTI&district_code=3153&block_name=KUDARAHA&block_code=3153013&panchayat_name=PASRA&panchayat_code=3153013046&fin_year=2025-2026&source=&work_code=3153013046/RC/958486255823746516&msr_no=7964&AttendanceDate=27/03/2026&Digest=5VQ+DIBaTUQN+MM9k4L+mQ",3
"BASTI","KUDARAHA","BAISIYA KALA","3153013050/LD/958486255824953603","7712","https://mnregaweb4.nic.in/nregaarch/View_NMMS_atten_date_dtl_rpt.aspx?page=&short_name=UP&state_name=UTTAR%20PRADESH&state_code=31&district_name=BASTI&district_code=3153&block_name=KUDARAHA&block_code=3153013&panchayat_name=BAISIYA%20KALA&panchayat_code=3153013050&fin_year=2025-2026&source=&work_code=3153013050/LD/958486255824953603&msr_no=7712&AttendanceDate=27/03/2026&Digest=8hQYtTX29PNvUfhU4M8KsA",10
"BASTI","KUDARAHA","BAISIYA KALA","3153013050/LD/958486255824953603","7715","https://mnregaweb4.nic.in/nregaarch/View_NMMS_atten_date_dtl_rpt.aspx?page=&short_name=UP&state_name=UTTAR%20PRADESH&state_code=31&district_name=BASTI&district_code=3153&block_name=KUDARAHA&block_code=3153013&panchayat_name=BAISIYA%20KALA&panchayat_code=3153013050&fin_year=2025-2026&source=&work_code=3153013050/LD/958486255824953603&msr_no=7715&AttendanceDate=27/03/2026&Digest=k58c7hE6aLsYduly08R9iw",5
"BASTI","KUDARAHA","BAIRARI EHATMALI","3153013052/RC/958486255823747065","8246","https://mnregaweb4.nic.in/nregaarch/View_NMMS_atten_date_dtl_rpt.aspx?page=&short_name=UP&state_name=UTTAR%20PRADESH&state_code=31&district_name=BASTI&district_code=3153&block_name=KUDARAHA&block_code=3153013&panchayat_name=BAIRARI%20EHATMALI&panchayat_code=3153013052&fin_year=2025-2026&source=&work_code=3153013052/RC/958486255823747065&msr_no=8246&AttendanceDate=27/03/2026&Digest=Ap15kwb1DA2zzS3vtBI9yw",6
"BASTI","KUDARAHA","BAANPUR","3153013059/RC/958486255823694023","8171","https://mnregaweb4.nic.in/nregaarch/View_NMMS_atten_date_dtl_rpt.aspx?page=&short_name=UP&state_name=UTTAR%20PRADESH&state_code=31&district_name=BASTI&district_code=3153&block_name=KUDARAHA&block_code=3153013&panchayat_name=BAANPUR&panchayat_code=3153013059&fin_year=2025-2026&source=&work_code=3153013059/RC/958486255823694023&msr_no=8171&AttendanceDate=27/03/2026&Digest=8t7+k8VmT7iitJlwKJxccQ",6
"BASTI","KUDARAHA","BAANPUR","3153013059/RC/958486255823745463","8189","https://mnregaweb4.nic.in/nregaarch/View_NMMS_atten_date_dtl_rpt.aspx?page=&short_name=UP&state_name=UTTAR%20PRADESH&state_code=31&district_name=BASTI&district_code=3153&block_name=KUDARAHA&block_code=3153013&panchayat_name=BAANPUR&panchayat_code=3153013059&fin_year=2025-2026&source=&work_code=3153013059/RC/958486255823745463&msr_no=8189&AttendanceDate=27/03/2026&Digest=X3XW3gkMMft26nF7VZFr5w",2
"BASTI","KUDARAHA","BAANPUR","3153013059/RC/958486255823745464","8186","https://mnregaweb4.nic.in/nregaarch/View_NMMS_atten_date_dtl_rpt.aspx?page=&short_name=UP&state_name=UTTAR%20PRADESH&state_code=31&district_name=BASTI&district_code=3153&block_name=KUDARAHA&block_code=3153013&panchayat_name=BAANPUR&panchayat_code=3153013059&fin_year=2025-2026&source=&work_code=3153013059/RC/958486255823745464&msr_no=8186&AttendanceDate=27/03/2026&Digest=t+WRbaTZVvpQhuwrYOyzWw",7
"BASTI","KUDARAHA","BAANPUR","3153013059/RC/958486255823745465","8180","https://mnregaweb4.nic.in/nregaarch/View_NMMS_atten_date_dtl_rpt.aspx?page=&short_name=UP&state_name=UTTAR%20PRADESH&state_code=31&district_name=BASTI&district_code=3153&block_name=KUDARAHA&block_code=3153013&panchayat_name=BAANPUR&panchayat_code=3153013059&fin_year=2025-2026&source=&work_code=3153013059/RC/958486255823745465&msr_no=8180&AttendanceDate=27/03/2026&Digest=PPCNnQlY7e3qJrgLEaVS5Q",9
"BASTI","KAPTANGANJ","NAIKAPAR","3153005057/LD/958486255824964925","4865","https://mnregaweb4.nic.in/nregaarch/View_NMMS_atten_date_dtl_rpt.aspx?page=&short_name=UP&state_name=UTTAR%20PRADESH&state_code=31&district_name=BASTI&district_code=3153&block_name=KAPTANGANJ&block_code=3153005&panchayat_name=NAIKAPAR&panchayat_code=3153005057&fin_year=2025-2026&source=&work_code=3153005057/LD/958486255824964925&msr_no=4865&AttendanceDate=27/03/2026&Digest=YOs5voNsYIWnDIeTsU1pDA",4
"BASTI","KAPTANGANJ","NAIKAPAR","3153005057/RC/958486255823747052","4975","https://mnregaweb4.nic.in/nregaarch/View_NMMS_atten_date_dtl_rpt.aspx?page=&short_name=UP&state_name=UTTAR%20PRADESH&state_code=31&district_name=BASTI&district_code=3153&block_name=KAPTANGANJ&block_code=3153005&panchayat_name=NAIKAPAR&panchayat_code=3153005057&fin_year=2025-2026&source=&work_code=3153005057/RC/958486255823747052&msr_no=4975&AttendanceDate=27/03/2026&Digest=xlMY7ROIKz2SjyJfkSooww",7
"BASTI","KAPTANGANJ","PARIWARPUR","3153005058/RC/958486255823726572","4896","https://mnregaweb4.nic.in/nregaarch/View_NMMS_atten_date_dtl_rpt.aspx?page=&short_name=UP&state_name=UTTAR%20PRADESH&state_code=31&district_name=BASTI&district_code=3153&block_name=KAPTANGANJ&block_code=3153005&panchayat_name=PARIWARPUR&panchayat_code=3153005058&fin_year=2025-2026&source=&work_code=3153005058/RC/958486255823726572&msr_no=4896&AttendanceDate=27/03/2026&Digest=EruE6UgUlRhsoil649x8xQ",7
"BASTI","KUDARAHA","PIPARPATI MUSTAHKAM","3153013004/RC/958486255823748170","8064","https://mnregaweb4.nic.in/nregaarch/View_NMMS_atten_date_dtl_rpt.aspx?page=&short_name=UP&state_name=UTTAR%20PRADESH&state_code=31&district_name=BASTI&district_code=3153&block_name=KUDARAHA&block_code=3153013&panchayat_name=PIPARPATI%20MUSTAHKAM&panchayat_code=3153013004&fin_year=2025-2026&source=&work_code=3153013004/RC/958486255823748170&msr_no=8064&AttendanceDate=27/03/2026&Digest=rsjNA9wy59pSTa2MwAafzg",10
"BASTI","KUDARAHA","PIPARPATI MUSTAHKAM","3153013004/RC/958486255823749540","8068","https://mnregaweb4.nic.in/nregaarch/View_NMMS_atten_date_dtl_rpt.aspx?page=&short_name=UP&state_name=UTTAR%20PRADESH&state_code=31&district_name=BASTI&district_code=3153&block_name=KUDARAHA&block_code=3153013&panchayat_name=PIPARPATI%20MUSTAHKAM&panchayat_code=3153013004&fin_year=2025-2026&source=&work_code=3153013004/RC/958486255823749540&msr_no=8068&AttendanceDate=27/03/2026&Digest=0BExVtvZfF1nfedNwgTG+A",7
"BASTI","KUDARAHA","AKELA KUBERPUR","3153013008/RC/958486255823594326","8056","https://mnregaweb4.nic.in/nregaarch/View_NMMS_atten_date_dtl_rpt.aspx?page=&short_name=UP&state_name=UTTAR%20PRADESH&state_code=31&district_name=BASTI&district_code=3153&block_name=KUDARAHA&block_code=3153013&panchayat_name=AKELA%20KUBERPUR&panchayat_code=3153013008&fin_year=2025-2026&source=&work_code=3153013008/RC/958486255823594326&msr_no=8056&AttendanceDate=27/03/2026&Digest=HnkUSFyIyVJaOvUxgXfALg",10
"BASTI","KUDARAHA","RASOOLPUR","3153013020/RC/958486255823670232","7975","https://mnregaweb4.nic.in/nregaarch/View_NMMS_atten_date_dtl_rpt.aspx?page=&short_name=UP&state_name=UTTAR%20PRADESH&state_code=31&district_name=BASTI&district_code=3153&block_name=KUDARAHA&block_code=3153013&panchayat_name=RASOOLPUR&panchayat_code=3153013020&fin_year=2025-2026&source=&work_code=3153013020/RC/958486255823670232&msr_no=7975&AttendanceDate=27/03/2026&Digest=zu+KL44aaB2VhaWB+hpSsQ",10
"BASTI","KUDARAHA","CHAKIYA","3153013021/LD/958486255825007259","8143","https://mnregaweb4.nic.in/nregaarch/View_NMMS_atten_date_dtl_rpt.aspx?page=&short_name=UP&state_name=UTTAR%20PRADESH&state_code=31&district_name=BASTI&district_code=3153&block_name=KUDARAHA&block_code=3153013&panchayat_name=CHAKIYA&panchayat_code=3153013021&fin_year=2025-2026&source=&work_code=3153013021/LD/958486255825007259&msr_no=8143&AttendanceDate=27/03/2026&Digest=+ILFvCdEWa4o66t3HXPY2A",9
"BASTI","KUDARAHA","GAURA ROHARI","3153013024/FP/958486255823604468","8206","https://mnregaweb4.nic.in/nregaarch/View_NMMS_atten_date_dtl_rpt.aspx?page=&short_name=UP&state_name=UTTAR%20PRADESH&state_code=31&district_name=BASTI&district_code=3153&block_name=KUDARAHA&block_code=3153013&panchayat_name=GAURA%20ROHARI&panchayat_code=3153013024&fin_year=2025-2026&source=&work_code=3153013024/FP/958486255823604468&msr_no=8206&AttendanceDate=27/03/2026&Digest=VEuMKsFlxHCGhczRwK3viQ",9
"BASTI","KUDARAHA","SUVRAHA","3153013026/WC/958486255824251727","8041","https://mnregaweb4.nic.in/nregaarch/View_NMMS_atten_date_dtl_rpt.aspx?page=&short_name=UP&state_name=UTTAR%20PRADESH&state_code=31&district_name=BASTI&district_code=3153&block_name=KUDARAHA&block_code=3153013&panchayat_name=SUVRAHA&panchayat_code=3153013026&fin_year=2025-2026&source=&work_code=3153013026/WC/958486255824251727&msr_no=8041&AttendanceDate=27/03/2026&Digest=c6D8hOl7b1njBZHQA4kzRw",10
"BASTI","KUDARAHA","THANWA MUDYARI","3153013027/LD/958486255824954841","7820","https://mnregaweb4.nic.in/nregaarch/View_NMMS_atten_date_dtl_rpt.aspx?page=&short_name=UP&state_name=UTTAR%20PRADESH&state_code=31&district_name=BASTI&district_code=3153&block_name=KUDARAHA&block_code=3153013&panchayat_name=THANWA%20MUDYARI&panchayat_code=3153013027&fin_year=2025-2026&source=&work_code=3153013027/LD/958486255824954841&msr_no=7820&AttendanceDate=27/03/2026&Digest=0Tfm9KJ+lGpE5cb9KpBw/A",6
"BASTI","KUDARAHA","PARSAW","3153013036/LD/958486255824957716","7858","https://mnregaweb4.nic.in/nregaarch/View_NMMS_atten_date_dtl_rpt.aspx?page=&short_name=UP&state_name=UTTAR%20PRADESH&state_code=31&district_name=BASTI&district_code=3153&block_name=KUDARAHA&block_code=3153013&panchayat_name=PARSAW&panchayat_code=3153013036&fin_year=2025-2026&source=&work_code=3153013036/LD/958486255824957716&msr_no=7858&AttendanceDate=27/03/2026&Digest=cBN9HJCSMkxMSxaTf0amNQ",10
"BASTI","KUDARAHA","MADHOPUR","3153013038/IC/958486255823739631","8237","https://mnregaweb4.nic.in/nregaarch/View_NMMS_atten_date_dtl_rpt.aspx?page=&short_name=UP&state_name=UTTAR%20PRADESH&state_code=31&district_name=BASTI&district_code=3153&block_name=KUDARAHA&block_code=3153013&panchayat_name=MADHOPUR&panchayat_code=3153013038&fin_year=2025-2026&source=&work_code=3153013038/IC/958486255823739631&msr_no=8237&AttendanceDate=27/03/2026&Digest=qauGshw1y7+/j5ZEHy0FTA",5
"BASTI","KUDARAHA","MUSARIHA","3153013041/RC/958486255823728282","7826","https://mnregaweb4.nic.in/nregaarch/View_NMMS_atten_date_dtl_rpt.aspx?page=&short_name=UP&state_name=UTTAR%20PRADESH&state_code=31&district_name=BASTI&district_code=3153&block_name=KUDARAHA&block_code=3153013&panchayat_name=MUSARIHA&panchayat_code=3153013041&fin_year=2025-2026&source=&work_code=3153013041/RC/958486255823728282&msr_no=7826&AttendanceDate=27/03/2026&Digest=Pi4L250a16/xOBa4urzBcQ",8
"BASTI","KUDARAHA","KABRA KHAS","3153013043/RC/958486255823706795","8127","https://mnregaweb4.nic.in/nregaarch/View_NMMS_atten_date_dtl_rpt.aspx?page=&short_name=UP&state_name=UTTAR%20PRADESH&state_code=31&district_name=BASTI&district_code=3153&block_name=KUDARAHA&block_code=3153013&panchayat_name=KABRA%20KHAS&panchayat_code=3153013043&fin_year=2025-2026&source=&work_code=3153013043/RC/958486255823706795&msr_no=8127&AttendanceDate=27/03/2026&Digest=5n6fL3s7V9N2+xg/lEgrig",10
"BASTI","KUDARAHA","KABRA KHAS","3153013043/RC/958486255823706795","8130","https://mnregaweb4.nic.in/nregaarch/View_NMMS_atten_date_dtl_rpt.aspx?page=&short_name=UP&state_name=UTTAR%20PRADESH&state_code=31&district_name=BASTI&district_code=3153&block_name=KUDARAHA&block_code=3153013&panchayat_name=KABRA%20KHAS&panchayat_code=3153013043&fin_year=2025-2026&source=&work_code=3153013043/RC/958486255823706795&msr_no=8130&AttendanceDate=27/03/2026&Digest=QRFYOwYL+GzfNY0LV+3dfw",10
"BASTI","KUDARAHA","PASRA","3153013046/LD/958486255824682010","7716","https://mnregaweb4.nic.in/nregaarch/View_NMMS_atten_date_dtl_rpt.aspx?page=&short_name=UP&state_name=UTTAR%20PRADESH&state_code=31&district_name=BASTI&district_code=3153&block_name=KUDARAHA&block_code=3153013&panchayat_name=PASRA&panchayat_code=3153013046&fin_year=2025-2026&source=&work_code=3153013046/LD/958486255824682010&msr_no=7716&AttendanceDate=27/03/2026&Digest=n26bcrf5pSvaRaE2su71Aw",6
"BASTI","KUDARAHA","PASRA","3153013046/LD/958486255824692148","7663","https://mnregaweb4.nic.in/nregaarch/View_NMMS_atten_date_dtl_rpt.aspx?page=&short_name=UP&state_name=UTTAR%20PRADESH&state_code=31&district_name=BASTI&district_code=3153&block_name=KUDARAHA&block_code=3153013&panchayat_name=PASRA&panchayat_code=3153013046&fin_year=2025-2026&source=&work_code=3153013046/LD/958486255824692148&msr_no=7663&AttendanceDate=27/03/2026&Digest=CcJebtzrgqMHMnJ5sNXRkg",10
"BASTI","KUDARAHA","PASRA","3153013046/LD/958486255824692148","7666","https://mnregaweb4.nic.in/nregaarch/View_NMMS_atten_date_dtl_rpt.aspx?page=&short_name=UP&state_name=UTTAR%20PRADESH&state_code=31&district_name=BASTI&district_code=3153&block_name=KUDARAHA&block_code=3153013&panchayat_name=PASRA&panchayat_code=3153013046&fin_year=2025-2026&source=&work_code=3153013046/LD/958486255824692148&msr_no=7666&AttendanceDate=27/03/2026&Digest=Rum+oloAUxmw5CmSm2+VCA",8
"BASTI","KUDARAHA","PASRA","3153013046/LD/958486255824692150","7721","https://mnregaweb4.nic.in/nregaarch/View_NMMS_atten_date_dtl_rpt.aspx?page=&short_name=UP&state_name=UTTAR%20PRADESH&state_code=31&district_name=BASTI&district_code=3153&block_name=KUDARAHA&block_code=3153013&panchayat_name=PASRA&panchayat_code=3153013046&fin_year=2025-2026&source=&work_code=3153013046/LD/958486255824692150&msr_no=7721&AttendanceDate=27/03/2026&Digest=sCtTuE8pDfDxTdVO6ON6fw",1
"BASTI","KUDARAHA","GONAR","3153013049/DP/958486255824216040","7736","https://mnregaweb4.nic.in/nregaarch/View_NMMS_atten_date_dtl_rpt.aspx?page=&short_name=UP&state_name=UTTAR%20PRADESH&state_code=31&district_name=BASTI&district_code=3153&block_name=KUDARAHA&block_code=3153013&panchayat_name=GONAR&panchayat_code=3153013049&fin_year=2025-2026&source=&work_code=3153013049/DP/958486255824216040&msr_no=7736&AttendanceDate=27/03/2026&Digest=IMFR9LCG/CyesH+f280K3w",1
"BASTI","KUDARAHA","BAISIYA KALA","3153013050/LD/958486255824953603","7711","https://mnregaweb4.nic.in/nregaarch/View_NMMS_atten_date_dtl_rpt.aspx?page=&short_name=UP&state_name=UTTAR%20PRADESH&state_code=31&district_name=BASTI&district_code=3153&block_name=KUDARAHA&block_code=3153013&panchayat_name=BAISIYA%20KALA&panchayat_code=3153013050&fin_year=2025-2026&source=&work_code=3153013050/LD/958486255824953603&msr_no=7711&AttendanceDate=27/03/2026&Digest=n08GIiwIplNhJWg4orkGNA",10
"BASTI","KUDARAHA","HATHIYAVKALA","3153013054/IC/958486255823746777","8112","https://mnregaweb4.nic.in/nregaarch/View_NMMS_atten_date_dtl_rpt.aspx?page=&short_name=UP&state_name=UTTAR%20PRADESH&state_code=31&district_name=BASTI&district_code=3153&block_name=KUDARAHA&block_code=3153013&panchayat_name=HATHIYAVKALA&panchayat_code=3153013054&fin_year=2025-2026&source=&work_code=3153013054/IC/958486255823746777&msr_no=8112&AttendanceDate=27/03/2026&Digest=WX+4rdWXn81YGYjcuYmXqg",8
"BASTI","KUDARAHA","HATHIYAVKALA","3153013054/RC/958486255823672224","7766","https://mnregaweb4.nic.in/nregaarch/View_NMMS_atten_date_dtl_rpt.aspx?page=&short_name=UP&state_name=UTTAR%20PRADESH&state_code=31&district_name=BASTI&district_code=3153&block_name=KUDARAHA&block_code=3153013&panchayat_name=HATHIYAVKALA&panchayat_code=3153013054&fin_year=2025-2026&source=&work_code=3153013054/RC/958486255823672224&msr_no=7766&AttendanceDate=27/03/2026&Digest=3Kleo/4W6Ix01YZmPKMWDA",9
"BASTI","KUDARAHA","PAERMESHWARPUR","3153013056/AV/958486255824182484","8095","https://mnregaweb4.nic.in/nregaarch/View_NMMS_atten_date_dtl_rpt.aspx?page=&short_name=UP&state_name=UTTAR%20PRADESH&state_code=31&district_name=BASTI&district_code=3153&block_name=KUDARAHA&block_code=3153013&panchayat_name=PAERMESHWARPUR&panchayat_code=3153013056&fin_year=2025-2026&source=&work_code=3153013056/AV/958486255824182484&msr_no=8095&AttendanceDate=27/03/2026&Digest=HBP+iKtd6E2c9mzmey3xpw",10
"BASTI","KUDARAHA","PAERMESHWARPUR","3153013056/RC/958486255823748250","8100","https://mnregaweb4.nic.in/nregaarch/View_NMMS_atten_date_dtl_rpt.aspx?page=&short_name=UP&state_name=UTTAR%20PRADESH&state_code=31&district_name=BASTI&district_code=3153&block_name=KUDARAHA&block_code=3153013&panchayat_name=PAERMESHWARPUR&panchayat_code=3153013056&fin_year=2025-2026&source=&work_code=3153013056/RC/958486255823748250&msr_no=8100&AttendanceDate=27/03/2026&Digest=PEU9ggmrbcBOXcZpLpQQPQ",5
"BASTI","KUDARAHA","MANJHARIYA","3153013057/RC/958486255823737216","8260","https://mnregaweb4.nic.in/nregaarch/View_NMMS_atten_date_dtl_rpt.aspx?page=&short_name=UP&state_name=UTTAR%20PRADESH&state_code=31&district_name=BASTI&district_code=3153&block_name=KUDARAHA&block_code=3153013&panchayat_name=MANJHARIYA&panchayat_code=3153013057&fin_year=2025-2026&source=&work_code=3153013057/RC/958486255823737216&msr_no=8260&AttendanceDate=27/03/2026&Digest=Xox3env3Kd6bRXpHbw4Chg",4
"BASTI","KUDARAHA","BAANPUR","3153013059/RC/958486255823694023","8170","https://mnregaweb4.nic.in/nregaarch/View_NMMS_atten_date_dtl_rpt.aspx?page=&short_name=UP&state_name=UTTAR%20PRADESH&state_code=31&district_name=BASTI&district_code=3153&block_name=KUDARAHA&block_code=3153013&panchayat_name=BAANPUR&panchayat_code=3153013059&fin_year=2025-2026&source=&work_code=3153013059/RC/958486255823694023&msr_no=8170&AttendanceDate=27/03/2026&Digest=yhvqEewBaRpECpM5pP1Xhg",10
"BASTI","KUDARAHA","BAANPUR","3153013059/RC/958486255823745461","8192","https://mnregaweb4.nic.in/nregaarch/View_NMMS_atten_date_dtl_rpt.aspx?page=&short_name=UP&state_name=UTTAR%20PRADESH&state_code=31&district_name=BASTI&district_code=3153&block_name=KUDARAHA&block_code=3153013&panchayat_name=BAANPUR&panchayat_code=3153013059&fin_year=2025-2026&source=&work_code=3153013059/RC/958486255823745461&msr_no=8192&AttendanceDate=27/03/2026&Digest=/bswnMQTAntRBUz5GxP8CA",4
"BASTI","KUDARAHA","BAANPUR","3153013059/RC/958486255823745463","8188","https://mnregaweb4.nic.in/nregaarch/View_NMMS_atten_date_dtl_rpt.aspx?page=&short_name=UP&state_name=UTTAR%20PRADESH&state_code=31&district_name=BASTI&district_code=3153&block_name=KUDARAHA&block_code=3153013&panchayat_name=BAANPUR&panchayat_code=3153013059&fin_year=2025-2026&source=&work_code=3153013059/RC/958486255823745463&msr_no=8188&AttendanceDate=27/03/2026&Digest=mq/lWqDFjvqeb6BxQFY2Xw",10
"BASTI","KUDARAHA","BAANPUR","3153013059/RC/958486255823745464","8185","https://mnregaweb4.nic.in/nregaarch/View_NMMS_atten_date_dtl_rpt.aspx?page=&short_name=UP&state_name=UTTAR%20PRADESH&state_code=31&district_name=BASTI&district_code=3153&block_name=KUDARAHA&block_code=3153013&panchayat_name=BAANPUR&panchayat_code=3153013059&fin_year=2025-2026&source=&work_code=3153013059/RC/958486255823745464&msr_no=8185&AttendanceDate=27/03/2026&Digest=JEGJn05gX6qAJFRoBEm1Yg",6
"BASTI","KUDARAHA","BAANPUR","3153013059/RC/958486255823745465","8182","https://mnregaweb4.nic.in/nregaarch/View_NMMS_atten_date_dtl_rpt.aspx?page=&short_name=UP&state_name=UTTAR%20PRADESH&state_code=31&district_name=BASTI&district_code=3153&block_name=KUDARAHA&block_code=3153013&panchayat_name=BAANPUR&panchayat_code=3153013059&fin_year=2025-2026&source=&work_code=3153013059/RC/958486255823745465&msr_no=8182&AttendanceDate=27/03/2026&Digest=YFEkDpKwPfDXS0IETJTC4g",8
"BASTI","KUDARAHA","JIBHIYAV","3153013062/RC/958486255823747134","7811","https://mnregaweb4.nic.in/nregaarch/View_NMMS_atten_date_dtl_rpt.aspx?page=&short_name=UP&state_name=UTTAR%20PRADESH&state_code=31&district_name=BASTI&district_code=3153&block_name=KUDARAHA&block_code=3153013&panchayat_name=JIBHIYAV&panchayat_code=3153013062&fin_year=2025-2026&source=&work_code=3153013062/RC/958486255823747134&msr_no=7811&AttendanceDate=27/03/2026&Digest=hcB7i9/A7i77npHTOLDYwQ",9
"BASTI","KUDARAHA","PIPARPATI EHATMALI","3153013071/RC/958486255823746235","8024","https://mnregaweb4.nic.in/nregaarch/View_NMMS_atten_date_dtl_rpt.aspx?page=&short_name=UP&state_name=UTTAR%20PRADESH&state_code=31&district_name=BASTI&district_code=3153&block_name=KUDARAHA&block_code=3153013&panchayat_name=PIPARPATI%20EHATMALI&panchayat_code=3153013071&fin_year=2025-2026&source=&work_code=3153013071/RC/958486255823746235&msr_no=8024&AttendanceDate=27/03/2026&Digest=L7mwtJK7IjGNXLGwR6cxNQ",10
"BASTI","KUDARAHA","RAINIYA","3153013076/RC/958486255823733771","7770","https://mnregaweb4.nic.in/nregaarch/View_NMMS_atten_date_dtl_rpt.aspx?page=&short_name=UP&state_name=UTTAR%20PRADESH&state_code=31&district_name=BASTI&district_code=3153&block_name=KUDARAHA&block_code=3153013&panchayat_name=RAINIYA&panchayat_code=3153013076&fin_year=2025-2026&source=&work_code=3153013076/RC/958486255823733771&msr_no=7770&AttendanceDate=27/03/2026&Digest=D3YK1OdHVJC9YRDuxDTnog",4
"BASTI","KUDARAHA","DAIJI","3153013078/LD/958486255824702897","8053","https://mnregaweb4.nic.in/nregaarch/View_NMMS_atten_date_dtl_rpt.aspx?page=&short_name=UP&state_name=UTTAR%20PRADESH&state_code=31&district_name=BASTI&district_code=3153&block_name=KUDARAHA&block_code=3153013&panchayat_name=DAIJI&panchayat_code=3153013078&fin_year=2025-2026&source=&work_code=3153013078/LD/958486255824702897&msr_no=8053&AttendanceDate=27/03/2026&Digest=5g/+2fWHblVcWPCtBuqdgQ",9
"BASTI","PARAS RAMPUR","AMAULI","3153001003/IC/958486255823689767","9478","https://mnregaweb4.nic.in/nregaarch/View_NMMS_atten_date_dtl_rpt.aspx?page=&short_name=UP&state_name=UTTAR%20PRADESH&state_code=31&district_name=BASTI&district_code=3153&block_name=PARAS%20RAMPUR&block_code=3153001&panchayat_name=AMAULI&panchayat_code=3153001003&fin_year=2025-2026&source=&work_code=3153001003/IC/958486255823689767&msr_no=9478&AttendanceDate=27/03/2026&Digest=CWYo4301MvVJqNC7oudUPA",7
"BASTI","PARAS RAMPUR","BHAISAHAWA","3153001011/RC/958486255823728162","9379","https://mnregaweb4.nic.in/nregaarch/View_NMMS_atten_date_dtl_rpt.aspx?page=&short_name=UP&state_name=UTTAR%20PRADESH&state_code=31&district_name=BASTI&district_code=3153&block_name=PARAS%20RAMPUR&block_code=3153001&panchayat_name=BHAISAHAWA&panchayat_code=3153001011&fin_year=2025-2026&source=&work_code=3153001011/RC/958486255823728162&msr_no=9379&AttendanceDate=27/03/2026&Digest=8+l8d8q9XkS1XLLfcX3hMg",4
"BASTI","PARAS RAMPUR","GAURA PANDAY","3153001027/WC/958486255824209503","9403","https://mnregaweb4.nic.in/nregaarch/View_NMMS_atten_date_dtl_rpt.aspx?page=&short_name=UP&state_name=UTTAR%20PRADESH&state_code=31&district_name=BASTI&district_code=3153&block_name=PARAS%20RAMPUR&block_code=3153001&panchayat_name=GAURA%20PANDAY&panchayat_code=3153001027&fin_year=2025-2026&source=&work_code=3153001027/WC/958486255824209503&msr_no=9403&AttendanceDate=27/03/2026&Digest=ozn+YhGdkPf0D8pDM5sv+A",10
"BASTI","PARAS RAMPUR","KHAMARIYA","3153001041/WC/958486255824252764","9705","https://mnregaweb4.nic.in/nregaarch/View_NMMS_atten_date_dtl_rpt.aspx?page=&short_name=UP&state_name=UTTAR%20PRADESH&state_code=31&district_name=BASTI&district_code=3153&block_name=PARAS%20RAMPUR&block_code=3153001&panchayat_name=KHAMARIYA&panchayat_code=3153001041&fin_year=2025-2026&source=&work_code=3153001041/WC/958486255824252764&msr_no=9705&AttendanceDate=27/03/2026&Digest=5HSYKuuSS5otq8TDGGo22Q",7
"BASTI","HARRAIYA","KHAMHARIA GANGARAM","3153003061/LD/958486255824988274","6922","https://mnregaweb4.nic.in/nregaarch/View_NMMS_atten_date_dtl_rpt.aspx?page=&short_name=UP&state_name=UTTAR%20PRADESH&state_code=31&district_name=BASTI&district_code=3153&block_name=HARRAIYA&block_code=3153003&panchayat_name=KHAMHARIA%20GANGARAM&panchayat_code=3153003061&fin_year=2025-2026&source=&work_code=3153003061/LD/958486255824988274&msr_no=6922&AttendanceDate=27/03/2026&Digest=L6K27+qbJcSgHIOUIw1DMA",10
"BASTI","HARRAIYA","KHAMHARIA GANGARAM","3153003061/LD/958486255824988274","6925","https://mnregaweb4.nic.in/nregaarch/View_NMMS_atten_date_dtl_rpt.aspx?page=&short_name=UP&state_name=UTTAR%20PRADESH&state_code=31&district_name=BASTI&district_code=3153&block_name=HARRAIYA&block_code=3153003&panchayat_name=KHAMHARIA%20GANGARAM&panchayat_code=3153003061&fin_year=2025-2026&source=&work_code=3153003061/LD/958486255824988274&msr_no=6925&AttendanceDate=27/03/2026&Digest=QzAddfQIWq3pjPe+ZmFbGA",10
"BASTI","HARRAIYA","KHAMAHRIA SUJAT","3153003072/LD/958486255825008862","6828","https://mnregaweb4.nic.in/nregaarch/View_NMMS_atten_date_dtl_rpt.aspx?page=&short_name=UP&state_name=UTTAR%20PRADESH&state_code=31&district_name=BASTI&district_code=3153&block_name=HARRAIYA&block_code=3153003&panchayat_name=KHAMAHRIA%20SUJAT&panchayat_code=3153003072&fin_year=2025-2026&source=&work_code=3153003072/LD/958486255825008862&msr_no=6828&AttendanceDate=27/03/2026&Digest=ZPfmhCrkRQmDSigSOr1z3w",10
"BASTI","HARRAIYA","KHAMAHRIA SUJAT","3153003072/LD/958486255825008862","6831","https://mnregaweb4.nic.in/nregaarch/View_NMMS_atten_date_dtl_rpt.aspx?page=&short_name=UP&state_name=UTTAR%20PRADESH&state_code=31&district_name=BASTI&district_code=3153&block_name=HARRAIYA&block_code=3153003&panchayat_name=KHAMAHRIA%20SUJAT&panchayat_code=3153003072&fin_year=2025-2026&source=&work_code=3153003072/LD/958486255825008862&msr_no=6831&AttendanceDate=27/03/2026&Digest=9Ux1Ss4cGhvJyKJY4aCFdA",10
"BASTI","HARRAIYA","BHADAWAL KALA","3153003074/WH/958486255823988938","6872","https://mnregaweb4.nic.in/nregaarch/View_NMMS_atten_date_dtl_rpt.aspx?page=&short_name=UP&state_name=UTTAR%20PRADESH&state_code=31&district_name=BASTI&district_code=3153&block_name=HARRAIYA&block_code=3153003&panchayat_name=BHADAWAL%20KALA&panchayat_code=3153003074&fin_year=2025-2026&source=&work_code=3153003074/WH/958486255823988938&msr_no=6872&AttendanceDate=27/03/2026&Digest=jI2ARSseMRXnbHnseMENdg",10
"BASTI","HARRAIYA","BHADAWAL KALA","3153003074/WH/958486255823988938","6875","https://mnregaweb4.nic.in/nregaarch/View_NMMS_atten_date_dtl_rpt.aspx?page=&short_name=UP&state_name=UTTAR%20PRADESH&state_code=31&district_name=BASTI&district_code=3153&block_name=HARRAIYA&block_code=3153003&panchayat_name=BHADAWAL%20KALA&panchayat_code=3153003074&fin_year=2025-2026&source=&work_code=3153003074/WH/958486255823988938&msr_no=6875&AttendanceDate=27/03/2026&Digest=oJ39WE/zRB24yBBLZce4xQ",9
"BASTI","HARRAIYA","BHADAWAL KALA","3153003074/WH/958486255823988938","6878","https://mnregaweb4.nic.in/nregaarch/View_NMMS_atten_date_dtl_rpt.aspx?page=&short_name=UP&state_name=UTTAR%20PRADESH&state_code=31&district_name=BASTI&district_code=3153&block_name=HARRAIYA&block_code=3153003&panchayat_name=BHADAWAL%20KALA&panchayat_code=3153003074&fin_year=2025-2026&source=&work_code=3153003074/WH/958486255823988938&msr_no=6878&AttendanceDate=27/03/2026&Digest=ZC9PK0P2cB4Pi4/U0BCx/Q",3
"BASTI","HARRAIYA","KESHAWPUR","3153003079/LD/958486255825004294","6972","https://mnregaweb4.nic.in/nregaarch/View_NMMS_atten_date_dtl_rpt.aspx?page=&short_name=UP&state_name=UTTAR%20PRADESH&state_code=31&district_name=BASTI&district_code=3153&block_name=HARRAIYA&block_code=3153003&panchayat_name=KESHAWPUR&panchayat_code=3153003079&fin_year=2025-2026&source=&work_code=3153003079/LD/958486255825004294&msr_no=6972&AttendanceDate=27/03/2026&Digest=g9CayXDfaxVaMr05QFKewQ",10
"BASTI","HARRAIYA","KISHUNPUR","3153003084/RC/958486255823542539","6947","https://mnregaweb4.nic.in/nregaarch/View_NMMS_atten_date_dtl_rpt.aspx?page=&short_name=UP&state_name=UTTAR%20PRADESH&state_code=31&district_name=BASTI&district_code=3153&block_name=HARRAIYA&block_code=3153003&panchayat_name=KISHUNPUR&panchayat_code=3153003084&fin_year=2025-2026&source=&work_code=3153003084/RC/958486255823542539&msr_no=6947&AttendanceDate=27/03/2026&Digest=2rbGpFLW+aGqASQvSy+EVA",8
"BASTI","HARRAIYA","MIRJAPUR","3153003092/LD/958486255825008868","6834","https://mnregaweb4.nic.in/nregaarch/View_NMMS_atten_date_dtl_rpt.aspx?page=&short_name=UP&state_name=UTTAR%20PRADESH&state_code=31&district_name=BASTI&district_code=3153&block_name=HARRAIYA&block_code=3153003&panchayat_name=MIRJAPUR&panchayat_code=3153003092&fin_year=2025-2026&source=&work_code=3153003092/LD/958486255825008868&msr_no=6834&AttendanceDate=27/03/2026&Digest=TAhRn5w/BFuhSbedOPuqSQ",9
"BASTI","KAPTANGANJ","PENDA","3153005007/RC/958486255823747915","4911","https://mnregaweb4.nic.in/nregaarch/View_NMMS_atten_date_dtl_rpt.aspx?page=&short_name=UP&state_name=UTTAR%20PRADESH&state_code=31&district_name=BASTI&district_code=3153&block_name=KAPTANGANJ&block_code=3153005&panchayat_name=PENDA&panchayat_code=3153005007&fin_year=2025-2026&source=&work_code=3153005007/RC/958486255823747915&msr_no=4911&AttendanceDate=27/03/2026&Digest=V3swHobvdz+uS0WlrFs3XA",8
"BASTI","KAPTANGANJ","BASANT PUR","3153005011/RC/958486255823637328","4870","https://mnregaweb4.nic.in/nregaarch/View_NMMS_atten_date_dtl_rpt.aspx?page=&short_name=UP&state_name=UTTAR%20PRADESH&state_code=31&district_name=BASTI&district_code=3153&block_name=KAPTANGANJ&block_code=3153005&panchayat_name=BASANT%20PUR&panchayat_code=3153005011&fin_year=2025-2026&source=&work_code=3153005011/RC/958486255823637328&msr_no=4870&AttendanceDate=27/03/2026&Digest=4VE/BJc4WGYvYMw/Bsjxww",3
"BASTI","KAPTANGANJ","SARWALIYA","3153005034/AV/958486255824178714","4823","https://mnregaweb4.nic.in/nregaarch/View_NMMS_atten_date_dtl_rpt.aspx?page=&short_name=UP&state_name=UTTAR%20PRADESH&state_code=31&district_name=BASTI&district_code=3153&block_name=KAPTANGANJ&block_code=3153005&panchayat_name=SARWALIYA&panchayat_code=3153005034&fin_year=2025-2026&source=&work_code=3153005034/AV/958486255824178714&msr_no=4823&AttendanceDate=27/03/2026&Digest=D0UWcme/celNKIoh88fGdA",1
"BASTI","KAPTANGANJ","SARWALIYA","3153005034/RC/958486255823708427","4965","https://mnregaweb4.nic.in/nregaarch/View_NMMS_atten_date_dtl_rpt.aspx?page=&short_name=UP&state_name=UTTAR%20PRADESH&state_code=31&district_name=BASTI&district_code=3153&block_name=KAPTANGANJ&block_code=3153005&panchayat_name=SARWALIYA&panchayat_code=3153005034&fin_year=2025-2026&source=&work_code=3153005034/RC/958486255823708427&msr_no=4965&AttendanceDate=27/03/2026&Digest=jtnHILwqjwhTUQ1bVdIUoQ",7
"BASTI","KAPTANGANJ","SARWALIYA","3153005034/RC/958486255823718353","4902","https://mnregaweb4.nic.in/nregaarch/View_NMMS_atten_date_dtl_rpt.aspx?page=&short_name=UP&state_name=UTTAR%20PRADESH&state_code=31&district_name=BASTI&district_code=3153&block_name=KAPTANGANJ&block_code=3153005&panchayat_name=SARWALIYA&panchayat_code=3153005034&fin_year=2025-2026&source=&work_code=3153005034/RC/958486255823718353&msr_no=4902&AttendanceDate=27/03/2026&Digest=qZnLvhyzFq93Qcc+6heS2w",5
"BASTI","KAPTANGANJ","GUWAV","3153005036/RC/958486255823687966","4962","https://mnregaweb4.nic.in/nregaarch/View_NMMS_atten_date_dtl_rpt.aspx?page=&short_name=UP&state_name=UTTAR%20PRADESH&state_code=31&district_name=BASTI&district_code=3153&block_name=KAPTANGANJ&block_code=3153005&panchayat_name=GUWAV&panchayat_code=3153005036&fin_year=2025-2026&source=&work_code=3153005036/RC/958486255823687966&msr_no=4962&AttendanceDate=27/03/2026&Digest=8pHxuTqwqbc58VZl84zxgA",8
"BASTI","KAPTANGANJ","BARHNI","3153005046/RC/YD/958486255823698427","4930","https://mnregaweb4.nic.in/nregaarch/View_NMMS_atten_date_dtl_rpt.aspx?page=&short_name=UP&state_name=UTTAR%20PRADESH&state_code=31&district_name=BASTI&district_code=3153&block_name=KAPTANGANJ&block_code=3153005&panchayat_name=BARHNI&panchayat_code=3153005046&fin_year=2025-2026&source=&work_code=3153005046/RC/YD/958486255823698427&msr_no=4930&AttendanceDate=27/03/2026&Digest=sZpEeJPirnQrKIk7KR351A",8
"BASTI","KAPTANGANJ","BIHRA","3153005050/RC/958486255823667158","4990","https://mnregaweb4.nic.in/nregaarch/View_NMMS_atten_date_dtl_rpt.aspx?page=&short_name=UP&state_name=UTTAR%20PRADESH&state_code=31&district_name=BASTI&district_code=3153&block_name=KAPTANGANJ&block_code=3153005&panchayat_name=BIHRA&panchayat_code=3153005050&fin_year=2025-2026&source=&work_code=3153005050/RC/958486255823667158&msr_no=4990&AttendanceDate=27/03/2026&Digest=fIluPzgJzynFsAcn5HCl/A",8
"BASTI","KAPTANGANJ","BIHRA","3153005050/RC/958486255823667158","4993","https://mnregaweb4.nic.in/nregaarch/View_NMMS_atten_date_dtl_rpt.aspx?page=&short_name=UP&state_name=UTTAR%20PRADESH&state_code=31&district_name=BASTI&district_code=3153&block_name=KAPTANGANJ&block_code=3153005&panchayat_name=BIHRA&panchayat_code=3153005050&fin_year=2025-2026&source=&work_code=3153005050/RC/958486255823667158&msr_no=4993&AttendanceDate=27/03/2026&Digest=z79R4yP0nCPVDwIDT98Rwg",5
"BASTI","KAPTANGANJ","BIHRA","3153005050/RC/958486255823708855","4999","https://mnregaweb4.nic.in/nregaarch/View_NMMS_atten_date_dtl_rpt.aspx?page=&short_name=UP&state_name=UTTAR%20PRADESH&state_code=31&district_name=BASTI&district_code=3153&block_name=KAPTANGANJ&block_code=3153005&panchayat_name=BIHRA&panchayat_code=3153005050&fin_year=2025-2026&source=&work_code=3153005050/RC/958486255823708855&msr_no=4999&AttendanceDate=27/03/2026&Digest=e3+c488IsJUbzvHk8SX7vg",8
"BASTI","KAPTANGANJ","BIHRA","3153005050/RC/958486255823708855","5002","https://mnregaweb4.nic.in/nregaarch/View_NMMS_atten_date_dtl_rpt.aspx?page=&short_name=UP&state_name=UTTAR%20PRADESH&state_code=31&district_name=BASTI&district_code=3153&block_name=KAPTANGANJ&block_code=3153005&panchayat_name=BIHRA&panchayat_code=3153005050&fin_year=2025-2026&source=&work_code=3153005050/RC/958486255823708855&msr_no=5002&AttendanceDate=27/03/2026&Digest=Wj78ln/KeI1f4LeSQnqqmw",8
"BASTI","KAPTANGANJ","BIHRA","3153005050/RC/958486255823710747","4981","https://mnregaweb4.nic.in/nregaarch/View_NMMS_atten_date_dtl_rpt.aspx?page=&short_name=UP&state_name=UTTAR%20PRADESH&state_code=31&district_name=BASTI&district_code=3153&block_name=KAPTANGANJ&block_code=3153005&panchayat_name=BIHRA&panchayat_code=3153005050&fin_year=2025-2026&source=&work_code=3153005050/RC/958486255823710747&msr_no=4981&AttendanceDate=27/03/2026&Digest=wPeTUtHzywLtDFjRI6UF6w",10
"BASTI","KAPTANGANJ","BIHRA","3153005050/RC/958486255823733116","5037","https://mnregaweb4.nic.in/nregaarch/View_NMMS_atten_date_dtl_rpt.aspx?page=&short_name=UP&state_name=UTTAR%20PRADESH&state_code=31&district_name=BASTI&district_code=3153&block_name=KAPTANGANJ&block_code=3153005&panchayat_name=BIHRA&panchayat_code=3153005050&fin_year=2025-2026&source=&work_code=3153005050/RC/958486255823733116&msr_no=5037&AttendanceDate=27/03/2026&Digest=CfgcId/eFeH7Avciz1SLaw",9
"BASTI","KAPTANGANJ","BIHRA","3153005050/RC/958486255823733116","5040","https://mnregaweb4.nic.in/nregaarch/View_NMMS_atten_date_dtl_rpt.aspx?page=&short_name=UP&state_name=UTTAR%20PRADESH&state_code=31&district_name=BASTI&district_code=3153&block_name=KAPTANGANJ&block_code=3153005&panchayat_name=BIHRA&panchayat_code=3153005050&fin_year=2025-2026&source=&work_code=3153005050/RC/958486255823733116&msr_no=5040&AttendanceDate=27/03/2026&Digest=PX7k+JLrkhwusENnwxA/sw",2
"BASTI","KAPTANGANJ","POKHRA","3153005054/RC/958486255823736565","4951","https://mnregaweb4.nic.in/nregaarch/View_NMMS_atten_date_dtl_rpt.aspx?page=&short_name=UP&state_name=UTTAR%20PRADESH&state_code=31&district_name=BASTI&district_code=3153&block_name=KAPTANGANJ&block_code=3153005&panchayat_name=POKHRA&panchayat_code=3153005054&fin_year=2025-2026&source=&work_code=3153005054/RC/958486255823736565&msr_no=4951&AttendanceDate=27/03/2026&Digest=jbRkPjVd+NZFVCwchrMjPg",10
"BASTI","KAPTANGANJ","NAIKAPAR","3153005057/LD/958486255824964925","4864","https://mnregaweb4.nic.in/nregaarch/View_NMMS_atten_date_dtl_rpt.aspx?page=&short_name=UP&state_name=UTTAR%20PRADESH&state_code=31&district_name=BASTI&district_code=3153&block_name=KAPTANGANJ&block_code=3153005&panchayat_name=NAIKAPAR&panchayat_code=3153005057&fin_year=2025-2026&source=&work_code=3153005057/LD/958486255824964925&msr_no=4864&AttendanceDate=27/03/2026&Digest=+jmFHxoe5GoJLqTWzNnCAg",7
"BASTI","KAPTANGANJ","PARIWARPUR","3153005058/RC/958486255823676758","4830","https://mnregaweb4.nic.in/nregaarch/View_NMMS_atten_date_dtl_rpt.aspx?page=&short_name=UP&state_name=UTTAR%20PRADESH&state_code=31&district_name=BASTI&district_code=3153&block_name=KAPTANGANJ&block_code=3153005&panchayat_name=PARIWARPUR&panchayat_code=3153005058&fin_year=2025-2026&source=&work_code=3153005058/RC/958486255823676758&msr_no=4830&AttendanceDate=27/03/2026&Digest=vaMHTnXPlAQIb3zic7G4Qw",7
"BASTI","KAPTANGANJ","PARIWARPUR","3153005058/RC/958486255823693211","4819","https://mnregaweb4.nic.in/nregaarch/View_NMMS_atten_date_dtl_rpt.aspx?page=&short_name=UP&state_name=UTTAR%20PRADESH&state_code=31&district_name=BASTI&district_code=3153&block_name=KAPTANGANJ&block_code=3153005&panchayat_name=PARIWARPUR&panchayat_code=3153005058&fin_year=2025-2026&source=&work_code=3153005058/RC/958486255823693211&msr_no=4819&AttendanceDate=27/03/2026&Digest=iwLtQH+VKBRU1x6OV23QWw",3
"BASTI","KUDARAHA","MURADPUR","3153013002/WH/958486255823990667","8033","https://mnregaweb4.nic.in/nregaarch/View_NMMS_atten_date_dtl_rpt.aspx?page=&short_name=UP&state_name=UTTAR%20PRADESH&state_code=31&district_name=BASTI&district_code=3153&block_name=KUDARAHA&block_code=3153013&panchayat_name=MURADPUR&panchayat_code=3153013002&fin_year=2025-2026&source=&work_code=3153013002/WH/958486255823990667&msr_no=8033&AttendanceDate=27/03/2026&Digest=Od9IJ+4EZU/EIpqOgNWv+A",10
"BASTI","KUDARAHA","MURADPUR","3153013002/WH/958486255823990667","8036","https://mnregaweb4.nic.in/nregaarch/View_NMMS_atten_date_dtl_rpt.aspx?page=&short_name=UP&state_name=UTTAR%20PRADESH&state_code=31&district_name=BASTI&district_code=3153&block_name=KUDARAHA&block_code=3153013&panchayat_name=MURADPUR&panchayat_code=3153013002&fin_year=2025-2026&source=&work_code=3153013002/WH/958486255823990667&msr_no=8036&AttendanceDate=27/03/2026&Digest=3EptXzDTpb6w5+88IDGAVg",10
"BASTI","KUDARAHA","PIPARPATI MUSTAHKAM","3153013004/RC/958486255823749540","8067","https://mnregaweb4.nic.in/nregaarch/View_NMMS_atten_date_dtl_rpt.aspx?page=&short_name=UP&state_name=UTTAR%20PRADESH&state_code=31&district_name=BASTI&district_code=3153&block_name=KUDARAHA&block_code=3153013&panchayat_name=PIPARPATI%20MUSTAHKAM&panchayat_code=3153013004&fin_year=2025-2026&source=&work_code=3153013004/RC/958486255823749540&msr_no=8067&AttendanceDate=27/03/2026&Digest=bIehZgcrY3kqiSI9EqmR1A",10
"BASTI","KUDARAHA","AKELA KUBERPUR","3153013008/RC/958486255823579681","8251","https://mnregaweb4.nic.in/nregaarch/View_NMMS_atten_date_dtl_rpt.aspx?page=&short_name=UP&state_name=UTTAR%20PRADESH&state_code=31&district_name=BASTI&district_code=3153&block_name=KUDARAHA&block_code=3153013&panchayat_name=AKELA%20KUBERPUR&panchayat_code=3153013008&fin_year=2025-2026&source=&work_code=3153013008/RC/958486255823579681&msr_no=8251&AttendanceDate=27/03/2026&Digest=nxnfBzO8BI+qe0RoubMvNQ",10
"BASTI","KUDARAHA","AKELA KUBERPUR","3153013008/RC/958486255823579682","8253","https://mnregaweb4.nic.in/nregaarch/View_NMMS_atten_date_dtl_rpt.aspx?page=&short_name=UP&state_name=UTTAR%20PRADESH&state_code=31&district_name=BASTI&district_code=3153&block_name=KUDARAHA&block_code=3153013&panchayat_name=AKELA%20KUBERPUR&panchayat_code=3153013008&fin_year=2025-2026&source=&work_code=3153013008/RC/958486255823579682&msr_no=8253&AttendanceDate=27/03/2026&Digest=S0nVVwSa7O+uPbwhJXSRvA",10
"BASTI","KUDARAHA","PAAUN","3153013010/RC/958486255823672819","8084","https://mnregaweb4.nic.in/nregaarch/View_NMMS_atten_date_dtl_rpt.aspx?page=&short_name=UP&state_name=UTTAR%20PRADESH&state_code=31&district_name=BASTI&district_code=3153&block_name=KUDARAHA&block_code=3153013&panchayat_name=PAAUN&panchayat_code=3153013010&fin_year=2025-2026&source=&work_code=3153013010/RC/958486255823672819&msr_no=8084&AttendanceDate=27/03/2026&Digest=8deSBNeovzzC9JhAaygioA",4
"BASTI","KUDARAHA","TURKWALIYA","3153013012/RC/958486255823686923","7682","https://mnregaweb4.nic.in/nregaarch/View_NMMS_atten_date_dtl_rpt.aspx?page=&short_name=UP&state_name=UTTAR%20PRADESH&state_code=31&district_name=BASTI&district_code=3153&block_name=KUDARAHA&block_code=3153013&panchayat_name=TURKWALIYA&panchayat_code=3153013012&fin_year=2025-2026&source=&work_code=3153013012/RC/958486255823686923&msr_no=7682&AttendanceDate=27/03/2026&Digest=uihnZYiw4gVDXnD9z0MU6A",10
"BASTI","KUDARAHA","CHAKIYA","3153013021/LD/958486255825007259","8144","https://mnregaweb4.nic.in/nregaarch/View_NMMS_atten_date_dtl_rpt.aspx?page=&short_name=UP&state_name=UTTAR%20PRADESH&state_code=31&district_name=BASTI&district_code=3153&block_name=KUDARAHA&block_code=3153013&panchayat_name=CHAKIYA&panchayat_code=3153013021&fin_year=2025-2026&source=&work_code=3153013021/LD/958486255825007259&msr_no=8144&AttendanceDate=27/03/2026&Digest=yn/drqZ1nsKAHF4hin6vyw",9
"BASTI","KUDARAHA","KORMA","3153013029/LD/958486255824959030","7757","https://mnregaweb4.nic.in/nregaarch/View_NMMS_atten_date_dtl_rpt.aspx?page=&short_name=UP&state_name=UTTAR%20PRADESH&state_code=31&district_name=BASTI&district_code=3153&block_name=KUDARAHA&block_code=3153013&panchayat_name=KORMA&panchayat_code=3153013029&fin_year=2025-2026&source=&work_code=3153013029/LD/958486255824959030&msr_no=7757&AttendanceDate=27/03/2026&Digest=QZLlqdJI9/jEu4iIxBPXyA",10
"BASTI","KUDARAHA","PARSAW","3153013036/LD/958486255824957716","7856","https://mnregaweb4.nic.in/nregaarch/View_NMMS_atten_date_dtl_rpt.aspx?page=&short_name=UP&state_name=UTTAR%20PRADESH&state_code=31&district_name=BASTI&district_code=3153&block_name=KUDARAHA&block_code=3153013&panchayat_name=PARSAW&panchayat_code=3153013036&fin_year=2025-2026&source=&work_code=3153013036/LD/958486255824957716&msr_no=7856&AttendanceDate=27/03/2026&Digest=3BQHr173FTQNXqleS4Thqg",10
"BASTI","KUDARAHA","DELHWA","3153013037/RC/958486255823745217","8342","https://mnregaweb4.nic.in/nregaarch/View_NMMS_atten_date_dtl_rpt.aspx?page=&short_name=UP&state_name=UTTAR%20PRADESH&state_code=31&district_name=BASTI&district_code=3153&block_name=KUDARAHA&block_code=3153013&panchayat_name=DELHWA&panchayat_code=3153013037&fin_year=2025-2026&source=&work_code=3153013037/RC/958486255823745217&msr_no=8342&AttendanceDate=27/03/2026&Digest=IFHGXI/RnChftkOnSK90bA",10
"BASTI","KUDARAHA","DELHWA","3153013037/RC/958486255823745217","8345","https://mnregaweb4.nic.in/nregaarch/View_NMMS_atten_date_dtl_rpt.aspx?page=&short_name=UP&state_name=UTTAR%20PRADESH&state_code=31&district_name=BASTI&district_code=3153&block_name=KUDARAHA&block_code=3153013&panchayat_name=DELHWA&panchayat_code=3153013037&fin_year=2025-2026&source=&work_code=3153013037/RC/958486255823745217&msr_no=8345&AttendanceDate=27/03/2026&Digest=pLmlXGsy9AoXO0cjB3Cc4Q",9
"BASTI","HARRAIYA","KHAMHARIA GANGARAM","3153003061/LD/958486255824988274","6926","https://mnregaweb4.nic.in/nregaarch/View_NMMS_atten_date_dtl_rpt.aspx?page=&short_name=UP&state_name=UTTAR%20PRADESH&state_code=31&district_name=BASTI&district_code=3153&block_name=HARRAIYA&block_code=3153003&panchayat_name=KHAMHARIA%20GANGARAM&panchayat_code=3153003061&fin_year=2025-2026&source=&work_code=3153003061/LD/958486255824988274&msr_no=6926&AttendanceDate=27/03/2026&Digest=z7rBxZF8Cb9e0KxIte99YA",10
"BASTI","HARRAIYA","PURAINA KHAS","3153003065/AV/958486255824184943","6989","https://mnregaweb4.nic.in/nregaarch/View_NMMS_atten_date_dtl_rpt.aspx?page=&short_name=UP&state_name=UTTAR%20PRADESH&state_code=31&district_name=BASTI&district_code=3153&block_name=HARRAIYA&block_code=3153003&panchayat_name=PURAINA%20KHAS&panchayat_code=3153003065&fin_year=2025-2026&source=&work_code=3153003065/AV/958486255824184943&msr_no=6989&AttendanceDate=27/03/2026&Digest=m2JiksGt1HK3bzWSpBL1Wg",6
"BASTI","HARRAIYA","BHADAWAL KALA","3153003074/WH/958486255823988938","6871","https://mnregaweb4.nic.in/nregaarch/View_NMMS_atten_date_dtl_rpt.aspx?page=&short_name=UP&state_name=UTTAR%20PRADESH&state_code=31&district_name=BASTI&district_code=3153&block_name=HARRAIYA&block_code=3153003&panchayat_name=BHADAWAL%20KALA&panchayat_code=3153003074&fin_year=2025-2026&source=&work_code=3153003074/WH/958486255823988938&msr_no=6871&AttendanceDate=27/03/2026&Digest=LEvYYL0cMQE3r09njTHKYg",10
"BASTI","HARRAIYA","BHADAWAL KALA","3153003074/WH/958486255823988938","6874","https://mnregaweb4.nic.in/nregaarch/View_NMMS_atten_date_dtl_rpt.aspx?page=&short_name=UP&state_name=UTTAR%20PRADESH&state_code=31&district_name=BASTI&district_code=3153&block_name=HARRAIYA&block_code=3153003&panchayat_name=BHADAWAL%20KALA&panchayat_code=3153003074&fin_year=2025-2026&source=&work_code=3153003074/WH/958486255823988938&msr_no=6874&AttendanceDate=27/03/2026&Digest=v//bFjDeM9v+rySPxlDobQ",10
"BASTI","HARRAIYA","SHAMBHUPUR","3153003077/WC/958486255823257967","6842","https://mnregaweb4.nic.in/nregaarch/View_NMMS_atten_date_dtl_rpt.aspx?page=&short_name=UP&state_name=UTTAR%20PRADESH&state_code=31&district_name=BASTI&district_code=3153&block_name=HARRAIYA&block_code=3153003&panchayat_name=SHAMBHUPUR&panchayat_code=3153003077&fin_year=2025-2026&source=&work_code=3153003077/WC/958486255823257967&msr_no=6842&AttendanceDate=27/03/2026&Digest=9LLzdxPUifPtYo5HhgSjdA",10
"BASTI","HARRAIYA","KESHAWPUR","3153003079/LD/958486255824879264","6977","https://mnregaweb4.nic.in/nregaarch/View_NMMS_atten_date_dtl_rpt.aspx?page=&short_name=UP&state_name=UTTAR%20PRADESH&state_code=31&district_name=BASTI&district_code=3153&block_name=HARRAIYA&block_code=3153003&panchayat_name=KESHAWPUR&panchayat_code=3153003079&fin_year=2025-2026&source=&work_code=3153003079/LD/958486255824879264&msr_no=6977&AttendanceDate=27/03/2026&Digest=g67eXITeqNdhMlfYYR8uvQ",10
"BASTI","HARRAIYA","KESHAWPUR","3153003079/LD/958486255824879264","6980","https://mnregaweb4.nic.in/nregaarch/View_NMMS_atten_date_dtl_rpt.aspx?page=&short_name=UP&state_name=UTTAR%20PRADESH&state_code=31&district_name=BASTI&district_code=3153&block_name=HARRAIYA&block_code=3153003&panchayat_name=KESHAWPUR&panchayat_code=3153003079&fin_year=2025-2026&source=&work_code=3153003079/LD/958486255824879264&msr_no=6980&AttendanceDate=27/03/2026&Digest=GcRRBzy/44KkHVnbHvtAzg",6
"BASTI","HARRAIYA","KESHAWPUR","3153003079/LD/958486255825004294","6973","https://mnregaweb4.nic.in/nregaarch/View_NMMS_atten_date_dtl_rpt.aspx?page=&short_name=UP&state_name=UTTAR%20PRADESH&state_code=31&district_name=BASTI&district_code=3153&block_name=HARRAIYA&block_code=3153003&panchayat_name=KESHAWPUR&panchayat_code=3153003079&fin_year=2025-2026&source=&work_code=3153003079/LD/958486255825004294&msr_no=6973&AttendanceDate=27/03/2026&Digest=sfNupXUzipHHCtdxVBdFtQ",10
"BASTI","HARRAIYA","KESHAWPUR","3153003079/LD/958486255825004294","6976","https://mnregaweb4.nic.in/nregaarch/View_NMMS_atten_date_dtl_rpt.aspx?page=&short_name=UP&state_name=UTTAR%20PRADESH&state_code=31&district_name=BASTI&district_code=3153&block_name=HARRAIYA&block_code=3153003&panchayat_name=KESHAWPUR&panchayat_code=3153003079&fin_year=2025-2026&source=&work_code=3153003079/LD/958486255825004294&msr_no=6976&AttendanceDate=27/03/2026&Digest=DOMWxL+d3Qs78/fu+71PXg",2
"BASTI","HARRAIYA","KISHUNPUR","3153003084/RC/958486255823446020","6949","https://mnregaweb4.nic.in/nregaarch/View_NMMS_atten_date_dtl_rpt.aspx?page=&short_name=UP&state_name=UTTAR%20PRADESH&state_code=31&district_name=BASTI&district_code=3153&block_name=HARRAIYA&block_code=3153003&panchayat_name=KISHUNPUR&panchayat_code=3153003084&fin_year=2025-2026&source=&work_code=3153003084/RC/958486255823446020&msr_no=6949&AttendanceDate=27/03/2026&Digest=Whwpulk89M30lHkndQRsBQ",10
"BASTI","HARRAIYA","KISHUNPUR","3153003084/RC/958486255823446033","6948","https://mnregaweb4.nic.in/nregaarch/View_NMMS_atten_date_dtl_rpt.aspx?page=&short_name=UP&state_name=UTTAR%20PRADESH&state_code=31&district_name=BASTI&district_code=3153&block_name=HARRAIYA&block_code=3153003&panchayat_name=KISHUNPUR&panchayat_code=3153003084&fin_year=2025-2026&source=&work_code=3153003084/RC/958486255823446033&msr_no=6948&AttendanceDate=27/03/2026&Digest=TCHrIPxmkQ3gSXDaFmguyQ",7
"BASTI","HARRAIYA","RAJAULI","3153003097/IC/958486255823741420","6885","https://mnregaweb4.nic.in/nregaarch/View_NMMS_atten_date_dtl_rpt.aspx?page=&short_name=UP&state_name=UTTAR%20PRADESH&state_code=31&district_name=BASTI&district_code=3153&block_name=HARRAIYA&block_code=3153003&panchayat_name=RAJAULI&panchayat_code=3153003097&fin_year=2025-2026&source=&work_code=3153003097/IC/958486255823741420&msr_no=6885&AttendanceDate=27/03/2026&Digest=Ja2/+QU33STVv027ppig7g",5
"BASTI","KAPTANGANJ","PENDA","3153005007/RC/958486255823747915","4910","https://mnregaweb4.nic.in/nregaarch/View_NMMS_atten_date_dtl_rpt.aspx?page=&short_name=UP&state_name=UTTAR%20PRADESH&state_code=31&district_name=BASTI&district_code=3153&block_name=KAPTANGANJ&block_code=3153005&panchayat_name=PENDA&panchayat_code=3153005007&fin_year=2025-2026&source=&work_code=3153005007/RC/958486255823747915&msr_no=4910&AttendanceDate=27/03/2026&Digest=z7yIg5XcNz9YaPkjyxjktg",7
"BASTI","KAPTANGANJ","SARWALIYA","3153005034/RC/958486255823708427","4964","https://mnregaweb4.nic.in/nregaarch/View_NMMS_atten_date_dtl_rpt.aspx?page=&short_name=UP&state_name=UTTAR%20PRADESH&state_code=31&district_name=BASTI&district_code=3153&block_name=KAPTANGANJ&block_code=3153005&panchayat_name=SARWALIYA&panchayat_code=3153005034&fin_year=2025-2026&source=&work_code=3153005034/RC/958486255823708427&msr_no=4964&AttendanceDate=27/03/2026&Digest=c9cx9uoOaEP/5D3IpfCOWw",6
"BASTI","KAPTANGANJ","SARWALIYA","3153005034/RC/958486255823718353","4903","https://mnregaweb4.nic.in/nregaarch/View_NMMS_atten_date_dtl_rpt.aspx?page=&short_name=UP&state_name=UTTAR%20PRADESH&state_code=31&district_name=BASTI&district_code=3153&block_name=KAPTANGANJ&block_code=3153005&panchayat_name=SARWALIYA&panchayat_code=3153005034&fin_year=2025-2026&source=&work_code=3153005034/RC/958486255823718353&msr_no=4903&AttendanceDate=27/03/2026&Digest=vvOFelojMbZXWLcd0Tu/Qw",1
"BASTI","KAPTANGANJ","SARWALIYA","3153005034/RC/958486255823718359","4969","https://mnregaweb4.nic.in/nregaarch/View_NMMS_atten_date_dtl_rpt.aspx?page=&short_name=UP&state_name=UTTAR%20PRADESH&state_code=31&district_name=BASTI&district_code=3153&block_name=KAPTANGANJ&block_code=3153005&panchayat_name=SARWALIYA&panchayat_code=3153005034&fin_year=2025-2026&source=&work_code=3153005034/RC/958486255823718359&msr_no=4969&AttendanceDate=27/03/2026&Digest=Js3SJHKSy9khKtNUXqYyvg",2
"BASTI","KAPTANGANJ","POKHRA","3153005054/RC/958486255823652439","4945","https://mnregaweb4.nic.in/nregaarch/View_NMMS_atten_date_dtl_rpt.aspx?page=&short_name=UP&state_name=UTTAR%20PRADESH&state_code=31&district_name=BASTI&district_code=3153&block_name=KAPTANGANJ&block_code=3153005&panchayat_name=POKHRA&panchayat_code=3153005054&fin_year=2025-2026&source=&work_code=3153005054/RC/958486255823652439&msr_no=4945&AttendanceDate=27/03/2026&Digest=VEyD9TXtMJKh3JZRVv3rXA",10
"BASTI","KAPTANGANJ","POKHRA","3153005054/RC/958486255823652439","4948","https://mnregaweb4.nic.in/nregaarch/View_NMMS_atten_date_dtl_rpt.aspx?page=&short_name=UP&state_name=UTTAR%20PRADESH&state_code=31&district_name=BASTI&district_code=3153&block_name=KAPTANGANJ&block_code=3153005&panchayat_name=POKHRA&panchayat_code=3153005054&fin_year=2025-2026&source=&work_code=3153005054/RC/958486255823652439&msr_no=4948&AttendanceDate=27/03/2026&Digest=+nQROifnFghzC+WpsLZFNA",8
"BASTI","KAPTANGANJ","POKHRA","3153005054/RC/958486255823736561","5049","https://mnregaweb4.nic.in/nregaarch/View_NMMS_atten_date_dtl_rpt.aspx?page=&short_name=UP&state_name=UTTAR%20PRADESH&state_code=31&district_name=BASTI&district_code=3153&block_name=KAPTANGANJ&block_code=3153005&panchayat_name=POKHRA&panchayat_code=3153005054&fin_year=2025-2026&source=&work_code=3153005054/RC/958486255823736561&msr_no=5049&AttendanceDate=27/03/2026&Digest=kNZjaOE0aH1u9YOq3vTnrw",10
"BASTI","KAPTANGANJ","RAMWAPUR KALA","3153005059/RC/958486255823627101","5033","https://mnregaweb4.nic.in/nregaarch/View_NMMS_atten_date_dtl_rpt.aspx?page=&short_name=UP&state_name=UTTAR%20PRADESH&state_code=31&district_name=BASTI&district_code=3153&block_name=KAPTANGANJ&block_code=3153005&panchayat_name=RAMWAPUR%20KALA&panchayat_code=3153005059&fin_year=2025-2026&source=&work_code=3153005059/RC/958486255823627101&msr_no=5033&AttendanceDate=27/03/2026&Digest=23ZmcfhOqrgi4k9IafKZkg",2
"BASTI","KAPTANGANJ","RAMWAPUR KALA","3153005059/RC/958486255823627102","5035","https://mnregaweb4.nic.in/nregaarch/View_NMMS_atten_date_dtl_rpt.aspx?page=&short_name=UP&state_name=UTTAR%20PRADESH&state_code=31&district_name=BASTI&district_code=3153&block_name=KAPTANGANJ&block_code=3153005&panchayat_name=RAMWAPUR%20KALA&panchayat_code=3153005059&fin_year=2025-2026&source=&work_code=3153005059/RC/958486255823627102&msr_no=5035&AttendanceDate=27/03/2026&Digest=zPaWe2PQKQ5cvZRmN07ZXQ",1
"BASTI","KUDARAHA","AKELA KUBERPUR","3153013008/RC/958486255823579683","8249","https://mnregaweb4.nic.in/nregaarch/View_NMMS_atten_date_dtl_rpt.aspx?page=&short_name=UP&state_name=UTTAR%20PRADESH&state_code=31&district_name=BASTI&district_code=3153&block_name=KUDARAHA&block_code=3153013&panchayat_name=AKELA%20KUBERPUR&panchayat_code=3153013008&fin_year=2025-2026&source=&work_code=3153013008/RC/958486255823579683&msr_no=8249&AttendanceDate=27/03/2026&Digest=XIiL/uAc0l1krNHPXWv0rA",10
"BASTI","KUDARAHA","AKELA KUBERPUR","3153013008/RC/958486255823749187","8331","https://mnregaweb4.nic.in/nregaarch/View_NMMS_atten_date_dtl_rpt.aspx?page=&short_name=UP&state_name=UTTAR%20PRADESH&state_code=31&district_name=BASTI&district_code=3153&block_name=KUDARAHA&block_code=3153013&panchayat_name=AKELA%20KUBERPUR&panchayat_code=3153013008&fin_year=2025-2026&source=&work_code=3153013008/RC/958486255823749187&msr_no=8331&AttendanceDate=27/03/2026&Digest=Qel/eKb/WCUp3ZJQbiuDGA",10
"BASTI","KUDARAHA","AKELA KUBERPUR","3153013008/RC/958486255823749187","8334","https://mnregaweb4.nic.in/nregaarch/View_NMMS_atten_date_dtl_rpt.aspx?page=&short_name=UP&state_name=UTTAR%20PRADESH&state_code=31&district_name=BASTI&district_code=3153&block_name=KUDARAHA&block_code=3153013&panchayat_name=AKELA%20KUBERPUR&panchayat_code=3153013008&fin_year=2025-2026&source=&work_code=3153013008/RC/958486255823749187&msr_no=8334&AttendanceDate=27/03/2026&Digest=Y6HaqYPnM53iFIkNNwziJQ",10
"BASTI","KUDARAHA","SUVRAHA","3153013026/RC/958486255823725224","8046","https://mnregaweb4.nic.in/nregaarch/View_NMMS_atten_date_dtl_rpt.aspx?page=&short_name=UP&state_name=UTTAR%20PRADESH&state_code=31&district_name=BASTI&district_code=3153&block_name=KUDARAHA&block_code=3153013&panchayat_name=SUVRAHA&panchayat_code=3153013026&fin_year=2025-2026&source=&work_code=3153013026/RC/958486255823725224&msr_no=8046&AttendanceDate=27/03/2026&Digest=/6AXpjN+G5yw2KFOeHtb3w",10
"BASTI","KUDARAHA","KORMA","3153013029/LD/958486255824959030","7760","https://mnregaweb4.nic.in/nregaarch/View_NMMS_atten_date_dtl_rpt.aspx?page=&short_name=UP&state_name=UTTAR%20PRADESH&state_code=31&district_name=BASTI&district_code=3153&block_name=KUDARAHA&block_code=3153013&panchayat_name=KORMA&panchayat_code=3153013029&fin_year=2025-2026&source=&work_code=3153013029/LD/958486255824959030&msr_no=7760&AttendanceDate=27/03/2026&Digest=MFFxIMrfd8mPcRC7GmEShA",6
"BASTI","KUDARAHA","JAGANNATHPUR","3153013035/LD/958486255824982494","8007","https://mnregaweb4.nic.in/nregaarch/View_NMMS_atten_date_dtl_rpt.aspx?page=&short_name=UP&state_name=UTTAR%20PRADESH&state_code=31&district_name=BASTI&district_code=3153&block_name=KUDARAHA&block_code=3153013&panchayat_name=JAGANNATHPUR&panchayat_code=3153013035&fin_year=2025-2026&source=&work_code=3153013035/LD/958486255824982494&msr_no=8007&AttendanceDate=27/03/2026&Digest=m30JuGDVE6SxeAKwwNes/g",10
"BASTI","KUDARAHA","DELHWA","3153013037/RC/958486255823745217","8343","https://mnregaweb4.nic.in/nregaarch/View_NMMS_atten_date_dtl_rpt.aspx?page=&short_name=UP&state_name=UTTAR%20PRADESH&state_code=31&district_name=BASTI&district_code=3153&block_name=KUDARAHA&block_code=3153013&panchayat_name=DELHWA&panchayat_code=3153013037&fin_year=2025-2026&source=&work_code=3153013037/RC/958486255823745217&msr_no=8343&AttendanceDate=27/03/2026&Digest=TqUglBEKvw7ER84RygzdFw",10
"BASTI","KUDARAHA","PASRA","3153013046/LD/958486255824692144","7670","https://mnregaweb4.nic.in/nregaarch/View_NMMS_atten_date_dtl_rpt.aspx?page=&short_name=UP&state_name=UTTAR%20PRADESH&state_code=31&district_name=BASTI&district_code=3153&block_name=KUDARAHA&block_code=3153013&panchayat_name=PASRA&panchayat_code=3153013046&fin_year=2025-2026&source=&work_code=3153013046/LD/958486255824692144&msr_no=7670&AttendanceDate=27/03/2026&Digest=g1CXa5FZ4j/Ch+IxbA1vjA",10
"BASTI","KUDARAHA","BAISIYA KALA","3153013050/LD/958486255824953603","7714","https://mnregaweb4.nic.in/nregaarch/View_NMMS_atten_date_dtl_rpt.aspx?page=&short_name=UP&state_name=UTTAR%20PRADESH&state_code=31&district_name=BASTI&district_code=3153&block_name=KUDARAHA&block_code=3153013&panchayat_name=BAISIYA%20KALA&panchayat_code=3153013050&fin_year=2025-2026&source=&work_code=3153013050/LD/958486255824953603&msr_no=7714&AttendanceDate=27/03/2026&Digest=X2rYto2drV+/OXkSbUqbhQ",8
"BASTI","KUDARAHA","BAANPUR","3153013059/RC/958486255823693972","8175","https://mnregaweb4.nic.in/nregaarch/View_NMMS_atten_date_dtl_rpt.aspx?page=&short_name=UP&state_name=UTTAR%20PRADESH&state_code=31&district_name=BASTI&district_code=3153&block_name=KUDARAHA&block_code=3153013&panchayat_name=BAANPUR&panchayat_code=3153013059&fin_year=2025-2026&source=&work_code=3153013059/RC/958486255823693972&msr_no=8175&AttendanceDate=27/03/2026&Digest=w23Gqx95Kk5IoqGkPURATQ",10
"BASTI","KUDARAHA","BAANPUR","3153013059/RC/958486255823694013","7705","https://mnregaweb4.nic.in/nregaarch/View_NMMS_atten_date_dtl_rpt.aspx?page=&short_name=UP&state_name=UTTAR%20PRADESH&state_code=31&district_name=BASTI&district_code=3153&block_name=KUDARAHA&block_code=3153013&panchayat_name=BAANPUR&panchayat_code=3153013059&fin_year=2025-2026&source=&work_code=3153013059/RC/958486255823694013&msr_no=7705&AttendanceDate=27/03/2026&Digest=SpjMwhPSip3bai1JRdz+Lw",3
"BASTI","KUDARAHA","BAANPUR","3153013059/RC/958486255823694017","7703","https://mnregaweb4.nic.in/nregaarch/View_NMMS_atten_date_dtl_rpt.aspx?page=&short_name=UP&state_name=UTTAR%20PRADESH&state_code=31&district_name=BASTI&district_code=3153&block_name=KUDARAHA&block_code=3153013&panchayat_name=BAANPUR&panchayat_code=3153013059&fin_year=2025-2026&source=&work_code=3153013059/RC/958486255823694017&msr_no=7703&AttendanceDate=27/03/2026&Digest=9hunPLgA0ytwNsebdY6QNw",3
"BASTI","KUDARAHA","DIHUKPURA","3153013060/RC/958486255823750157","8091","https://mnregaweb4.nic.in/nregaarch/View_NMMS_atten_date_dtl_rpt.aspx?page=&short_name=UP&state_name=UTTAR%20PRADESH&state_code=31&district_name=BASTI&district_code=3153&block_name=KUDARAHA&block_code=3153013&panchayat_name=DIHUKPURA&panchayat_code=3153013060&fin_year=2025-2026&source=&work_code=3153013060/RC/958486255823750157&msr_no=8091&AttendanceDate=27/03/2026&Digest=5ChU1fcSX9QE5rq8rbB1SA",10
"BASTI","KUDARAHA","DIHUKPURA","3153013060/RC/958486255823750558","8232","https://mnregaweb4.nic.in/nregaarch/View_NMMS_atten_date_dtl_rpt.aspx?page=&short_name=UP&state_name=UTTAR%20PRADESH&state_code=31&district_name=BASTI&district_code=3153&block_name=KUDARAHA&block_code=3153013&panchayat_name=DIHUKPURA&panchayat_code=3153013060&fin_year=2025-2026&source=&work_code=3153013060/RC/958486255823750558&msr_no=8232&AttendanceDate=27/03/2026&Digest=phNiIqaSGss7qn7JSBvrOg",10
"BASTI","KUDARAHA","JIBHIYAV","3153013062/RC/958486255823747131","7809","https://mnregaweb4.nic.in/nregaarch/View_NMMS_atten_date_dtl_rpt.aspx?page=&short_name=UP&state_name=UTTAR%20PRADESH&state_code=31&district_name=BASTI&district_code=3153&block_name=KUDARAHA&block_code=3153013&panchayat_name=JIBHIYAV&panchayat_code=3153013062&fin_year=2025-2026&source=&work_code=3153013062/RC/958486255823747131&msr_no=7809&AttendanceDate=27/03/2026&Digest=8ihaey7CCaY7YhsUOjkvLw",4
"BASTI","KUDARAHA","SISAI PANDIT","3153013068/IC/958486255823746780","8314","https://mnregaweb4.nic.in/nregaarch/View_NMMS_atten_date_dtl_rpt.aspx?page=&short_name=UP&state_name=UTTAR%20PRADESH&state_code=31&district_name=BASTI&district_code=3153&block_name=KUDARAHA&block_code=3153013&panchayat_name=SISAI%20PANDIT&panchayat_code=3153013068&fin_year=2025-2026&source=&work_code=3153013068/IC/958486255823746780&msr_no=8314&AttendanceDate=27/03/2026&Digest=2MTrAGwBi8xDEmJy2ins9A",4
"BASTI","KUDARAHA","PIPARPATI EHATMALI","3153013071/RC/958486255823746235","8018","https://mnregaweb4.nic.in/nregaarch/View_NMMS_atten_date_dtl_rpt.aspx?page=&short_name=UP&state_name=UTTAR%20PRADESH&state_code=31&district_name=BASTI&district_code=3153&block_name=KUDARAHA&block_code=3153013&panchayat_name=PIPARPATI%20EHATMALI&panchayat_code=3153013071&fin_year=2025-2026&source=&work_code=3153013071/RC/958486255823746235&msr_no=8018&AttendanceDate=27/03/2026&Digest=n0Ve8RWXaINkY1XmzDgp2w",8
"BASTI","KUDARAHA","PIPARPATI EHATMALI","3153013071/RC/958486255823746235","8021","https://mnregaweb4.nic.in/nregaarch/View_NMMS_atten_date_dtl_rpt.aspx?page=&short_name=UP&state_name=UTTAR%20PRADESH&state_code=31&district_name=BASTI&district_code=3153&block_name=KUDARAHA&block_code=3153013&panchayat_name=PIPARPATI%20EHATMALI&panchayat_code=3153013071&fin_year=2025-2026&source=&work_code=3153013071/RC/958486255823746235&msr_no=8021&AttendanceDate=27/03/2026&Digest=TlretV0RqYCHw0KQng5QWg",10
"BASTI","KUDARAHA","RAGHAUPUR","3153013075/RC/958486255823592070","8106","https://mnregaweb4.nic.in/nregaarch/View_NMMS_atten_date_dtl_rpt.aspx?page=&short_name=UP&state_name=UTTAR%20PRADESH&state_code=31&district_name=BASTI&district_code=3153&block_name=KUDARAHA&block_code=3153013&panchayat_name=RAGHAUPUR&panchayat_code=3153013075&fin_year=2025-2026&source=&work_code=3153013075/RC/958486255823592070&msr_no=8106&AttendanceDate=27/03/2026&Digest=Uy1vDzFs3yvaLJIQPIm+ug",7
"BASTI","KUDARAHA","PIPARPATI EHATMALI","3153013071/RC/958486255823746233","8258","https://mnregaweb4.nic.in/nregaarch/View_NMMS_atten_date_dtl_rpt.aspx?page=&short_name=UP&state_name=UTTAR%20PRADESH&state_code=31&district_name=BASTI&district_code=3153&block_name=KUDARAHA&block_code=3153013&panchayat_name=PIPARPATI%20EHATMALI&panchayat_code=3153013071&fin_year=2025-2026&source=&work_code=3153013071/RC/958486255823746233&msr_no=8258&AttendanceDate=27/03/2026&Digest=XuVB9MSsAgHJAgqkidxwag",10
"BASTI","KUDARAHA","HARKHAILIYA URF MATIYARIA","3153013074/RC/YD/958486255823746860","7876","https://mnregaweb4.nic.in/nregaarch/View_NMMS_atten_date_dtl_rpt.aspx?page=&short_name=UP&state_name=UTTAR%20PRADESH&state_code=31&district_name=BASTI&district_code=3153&block_name=KUDARAHA&block_code=3153013&panchayat_name=HARKHAILIYA%20URF%20MATIYARIA&panchayat_code=3153013074&fin_year=2025-2026&source=&work_code=3153013074/RC/YD/958486255823746860&msr_no=7876&AttendanceDate=27/03/2026&Digest=Da0svnSxeQVKPNwVJnCmvQ",4
"BASTI","KUDARAHA","HARKHAILIYA URF MATIYARIA","3153013074/RC/YD/958486255823746860","7879","https://mnregaweb4.nic.in/nregaarch/View_NMMS_atten_date_dtl_rpt.aspx?page=&short_name=UP&state_name=UTTAR%20PRADESH&state_code=31&district_name=BASTI&district_code=3153&block_name=KUDARAHA&block_code=3153013&panchayat_name=HARKHAILIYA%20URF%20MATIYARIA&panchayat_code=3153013074&fin_year=2025-2026&source=&work_code=3153013074/RC/YD/958486255823746860&msr_no=7879&AttendanceDate=27/03/2026&Digest=S3QF+sVljV7ykMKjzT2//Q",10
"BASTI","KUDARAHA","HARKHAILIYA URF MATIYARIA","3153013074/RC/YD/958486255823751079","8070","https://mnregaweb4.nic.in/nregaarch/View_NMMS_atten_date_dtl_rpt.aspx?page=&short_name=UP&state_name=UTTAR%20PRADESH&state_code=31&district_name=BASTI&district_code=3153&block_name=KUDARAHA&block_code=3153013&panchayat_name=HARKHAILIYA%20URF%20MATIYARIA&panchayat_code=3153013074&fin_year=2025-2026&source=&work_code=3153013074/RC/YD/958486255823751079&msr_no=8070&AttendanceDate=27/03/2026&Digest=5v0KsFpltIyB2MYJ3Mfv5A",8
"BASTI","KUDARAHA","RAGHAUPUR","3153013075/RC/958486255823592068","8104","https://mnregaweb4.nic.in/nregaarch/View_NMMS_atten_date_dtl_rpt.aspx?page=&short_name=UP&state_name=UTTAR%20PRADESH&state_code=31&district_name=BASTI&district_code=3153&block_name=KUDARAHA&block_code=3153013&panchayat_name=RAGHAUPUR&panchayat_code=3153013075&fin_year=2025-2026&source=&work_code=3153013075/RC/958486255823592068&msr_no=8104&AttendanceDate=27/03/2026&Digest=LVXsC3fP4yWtfjewOpzNVQ",9
"BASTI","KUDARAHA","RAGHAUPUR","3153013075/RC/958486255823592073","8105","https://mnregaweb4.nic.in/nregaarch/View_NMMS_atten_date_dtl_rpt.aspx?page=&short_name=UP&state_name=UTTAR%20PRADESH&state_code=31&district_name=BASTI&district_code=3153&block_name=KUDARAHA&block_code=3153013&panchayat_name=RAGHAUPUR&panchayat_code=3153013075&fin_year=2025-2026&source=&work_code=3153013075/RC/958486255823592073&msr_no=8105&AttendanceDate=27/03/2026&Digest=g2bS+6seQJWP8wYDhgE+yA",8
"BASTI","KUDARAHA","UJIYANATPUR","3153013077/RC/958486255823310757","8242","https://mnregaweb4.nic.in/nregaarch/View_NMMS_atten_date_dtl_rpt.aspx?page=&short_name=UP&state_name=UTTAR%20PRADESH&state_code=31&district_name=BASTI&district_code=3153&block_name=KUDARAHA&block_code=3153013&panchayat_name=UJIYANATPUR&panchayat_code=3153013077&fin_year=2025-2026&source=&work_code=3153013077/RC/958486255823310757&msr_no=8242&AttendanceDate=27/03/2026&Digest=M/hqjxbda00SVWT8tHGTew",10
"BASTI","KUDARAHA","UJIYANATPUR","3153013077/RC/958486255823654392","8282","https://mnregaweb4.nic.in/nregaarch/View_NMMS_atten_date_dtl_rpt.aspx?page=&short_name=UP&state_name=UTTAR%20PRADESH&state_code=31&district_name=BASTI&district_code=3153&block_name=KUDARAHA&block_code=3153013&panchayat_name=UJIYANATPUR&panchayat_code=3153013077&fin_year=2025-2026&source=&work_code=3153013077/RC/958486255823654392&msr_no=8282&AttendanceDate=27/03/2026&Digest=np6/JkfXow70NwHHVdy5fA",10
"BASTI","KUDARAHA","UJIYANATPUR","3153013077/RC/958486255823654404","8277","https://mnregaweb4.nic.in/nregaarch/View_NMMS_atten_date_dtl_rpt.aspx?page=&short_name=UP&state_name=UTTAR%20PRADESH&state_code=31&district_name=BASTI&district_code=3153&block_name=KUDARAHA&block_code=3153013&panchayat_name=UJIYANATPUR&panchayat_code=3153013077&fin_year=2025-2026&source=&work_code=3153013077/RC/958486255823654404&msr_no=8277&AttendanceDate=27/03/2026&Digest=v5uVTI2v/KotrRHheFBAlw",10
"BASTI","PARAS RAMPUR","BICHNAIYA PANDEY","3153001014/RC/958486255823646065","9507","https://mnregaweb4.nic.in/nregaarch/View_NMMS_atten_date_dtl_rpt.aspx?page=&short_name=UP&state_name=UTTAR%20PRADESH&state_code=31&district_name=BASTI&district_code=3153&block_name=PARAS%20RAMPUR&block_code=3153001&panchayat_name=BICHNAIYA%20PANDEY&panchayat_code=3153001014&fin_year=2025-2026&source=&work_code=3153001014/RC/958486255823646065&msr_no=9507&AttendanceDate=27/03/2026&Digest=Wrm5iL2ymCyeVAVhJ76ROQ",4
"BASTI","PARAS RAMPUR","CHAORI","3153001015/LD/958486255825005262","9375","https://mnregaweb4.nic.in/nregaarch/View_NMMS_atten_date_dtl_rpt.aspx?page=&short_name=UP&state_name=UTTAR%20PRADESH&state_code=31&district_name=BASTI&district_code=3153&block_name=PARAS%20RAMPUR&block_code=3153001&panchayat_name=CHAORI&panchayat_code=3153001015&fin_year=2025-2026&source=&work_code=3153001015/LD/958486255825005262&msr_no=9375&AttendanceDate=27/03/2026&Digest=jA5fMiQbEmkD5Fc+rKiqMQ",7
"BASTI","PARAS RAMPUR","DUPHERI","3153001023/RC/958486255823726357","9514","https://mnregaweb4.nic.in/nregaarch/View_NMMS_atten_date_dtl_rpt.aspx?page=&short_name=UP&state_name=UTTAR%20PRADESH&state_code=31&district_name=BASTI&district_code=3153&block_name=PARAS%20RAMPUR&block_code=3153001&panchayat_name=DUPHERI&panchayat_code=3153001023&fin_year=2025-2026&source=&work_code=3153001023/RC/958486255823726357&msr_no=9514&AttendanceDate=27/03/2026&Digest=apj6/bf6vYcv2kPRnLeAWw",7
"BASTI","PARAS RAMPUR","JEETIPUR","3153001035/RC/958486255823744934","9711","https://mnregaweb4.nic.in/nregaarch/View_NMMS_atten_date_dtl_rpt.aspx?page=&short_name=UP&state_name=UTTAR%20PRADESH&state_code=31&district_name=BASTI&district_code=3153&block_name=PARAS%20RAMPUR&block_code=3153001&panchayat_name=JEETIPUR&panchayat_code=3153001035&fin_year=2025-2026&source=&work_code=3153001035/RC/958486255823744934&msr_no=9711&AttendanceDate=27/03/2026&Digest=Tp8X/T7qxwDyT31InvZ0ng",8
"BASTI","PARAS RAMPUR","JEETIPUR","3153001035/RC/958486255823744976","9712","https://mnregaweb4.nic.in/nregaarch/View_NMMS_atten_date_dtl_rpt.aspx?page=&short_name=UP&state_name=UTTAR%20PRADESH&state_code=31&district_name=BASTI&district_code=3153&block_name=PARAS%20RAMPUR&block_code=3153001&panchayat_name=JEETIPUR&panchayat_code=3153001035&fin_year=2025-2026&source=&work_code=3153001035/RC/958486255823744976&msr_no=9712&AttendanceDate=27/03/2026&Digest=k0yBvRpOUxUTGQNAXI9LXw",7
"BASTI","PARAS RAMPUR","KARIGHNA","3153001038/RC/958486255823697763","9672","https://mnregaweb4.nic.in/nregaarch/View_NMMS_atten_date_dtl_rpt.aspx?page=&short_name=UP&state_name=UTTAR%20PRADESH&state_code=31&district_name=BASTI&district_code=3153&block_name=PARAS%20RAMPUR&block_code=3153001&panchayat_name=KARIGHNA&panchayat_code=3153001038&fin_year=2025-2026&source=&work_code=3153001038/RC/958486255823697763&msr_no=9672&AttendanceDate=27/03/2026&Digest=XZvajcOCRwqK8I4D2FxQ+w",3
"BASTI","PARAS RAMPUR","KISHUNPUR","3153001043/RC/958486255823728851","9561","https://mnregaweb4.nic.in/nregaarch/View_NMMS_atten_date_dtl_rpt.aspx?page=&short_name=UP&state_name=UTTAR%20PRADESH&state_code=31&district_name=BASTI&district_code=3153&block_name=PARAS%20RAMPUR&block_code=3153001&panchayat_name=KISHUNPUR&panchayat_code=3153001043&fin_year=2025-2026&source=&work_code=3153001043/RC/958486255823728851&msr_no=9561&AttendanceDate=27/03/2026&Digest=IPuGLQBwG21HpwQW+TNz6w",9
"BASTI","PARAS RAMPUR","KISHUNPUR","3153001043/RC/958486255823728851","9564","https://mnregaweb4.nic.in/nregaarch/View_NMMS_atten_date_dtl_rpt.aspx?page=&short_name=UP&state_name=UTTAR%20PRADESH&state_code=31&district_name=BASTI&district_code=3153&block_name=PARAS%20RAMPUR&block_code=3153001&panchayat_name=KISHUNPUR&panchayat_code=3153001043&fin_year=2025-2026&source=&work_code=3153001043/RC/958486255823728851&msr_no=9564&AttendanceDate=27/03/2026&Digest=Tvp/vL9rw6nphvlpPQXauw",7
"BASTI","PARAS RAMPUR","NAGPUR (KUVAR)","3153001054/LD/958486255824934307","9552","https://mnregaweb4.nic.in/nregaarch/View_NMMS_atten_date_dtl_rpt.aspx?page=&short_name=UP&state_name=UTTAR%20PRADESH&state_code=31&district_name=BASTI&district_code=3153&block_name=PARAS%20RAMPUR&block_code=3153001&panchayat_name=NAGPUR%20(KUVAR)&panchayat_code=3153001054&fin_year=2025-2026&source=&work_code=3153001054/LD/958486255824934307&msr_no=9552&AttendanceDate=27/03/2026&Digest=mbWN5XRLAXXEI/ZxO+mVdQ",10
"BASTI","PARAS RAMPUR","NAGPUR TIKAYT","3153001055/LD/958486255824641104","9458","https://mnregaweb4.nic.in/nregaarch/View_NMMS_atten_date_dtl_rpt.aspx?page=&short_name=UP&state_name=UTTAR%20PRADESH&state_code=31&district_name=BASTI&district_code=3153&block_name=PARAS%20RAMPUR&block_code=3153001&panchayat_name=NAGPUR%20TIKAYT&panchayat_code=3153001055&fin_year=2025-2026&source=&work_code=3153001055/LD/958486255824641104&msr_no=9458&AttendanceDate=27/03/2026&Digest=kHzv5aSqYubbLfdzfWd5RQ",1
"BASTI","PARAS RAMPUR","SIRSAHAWA","3153001076/RC/958486255823745716","9534","https://mnregaweb4.nic.in/nregaarch/View_NMMS_atten_date_dtl_rpt.aspx?page=&short_name=UP&state_name=UTTAR%20PRADESH&state_code=31&district_name=BASTI&district_code=3153&block_name=PARAS%20RAMPUR&block_code=3153001&panchayat_name=SIRSAHAWA&panchayat_code=3153001076&fin_year=2025-2026&source=&work_code=3153001076/RC/958486255823745716&msr_no=9534&AttendanceDate=27/03/2026&Digest=pJsUHJ6My2xZR72zcu6psw",10
"BASTI","PARAS RAMPUR","DHOSHAR MISHRA","3153001085/LD/958486255824966588","9452","https://mnregaweb4.nic.in/nregaarch/View_NMMS_atten_date_dtl_rpt.aspx?page=&short_name=UP&state_name=UTTAR%20PRADESH&state_code=31&district_name=BASTI&district_code=3153&block_name=PARAS%20RAMPUR&block_code=3153001&panchayat_name=DHOSHAR%20MISHRA&panchayat_code=3153001085&fin_year=2025-2026&source=&work_code=3153001085/LD/958486255824966588&msr_no=9452&AttendanceDate=27/03/2026&Digest=39wVoNHRcpSQzyB5600DAg",10
"BASTI","PARAS RAMPUR","DHOSHAR MISHRA","3153001085/LD/958486255824966588","9455","https://mnregaweb4.nic.in/nregaarch/View_NMMS_atten_date_dtl_rpt.aspx?page=&short_name=UP&state_name=UTTAR%20PRADESH&state_code=31&district_name=BASTI&district_code=3153&block_name=PARAS%20RAMPUR&block_code=3153001&panchayat_name=DHOSHAR%20MISHRA&panchayat_code=3153001085&fin_year=2025-2026&source=&work_code=3153001085/LD/958486255824966588&msr_no=9455&AttendanceDate=27/03/2026&Digest=8ctf6vvFftmo/SDin9YCJA",8
"BASTI","PARAS RAMPUR","RAMPUR NAV NIDHI RAI","3153001096/LD/958486255824671641","9618","https://mnregaweb4.nic.in/nregaarch/View_NMMS_atten_date_dtl_rpt.aspx?page=&short_name=UP&state_name=UTTAR%20PRADESH&state_code=31&district_name=BASTI&district_code=3153&block_name=PARAS%20RAMPUR&block_code=3153001&panchayat_name=RAMPUR%20NAV%20NIDHI%20RAI&panchayat_code=3153001096&fin_year=2025-2026&source=&work_code=3153001096/LD/958486255824671641&msr_no=9618&AttendanceDate=27/03/2026&Digest=WNth7mCeLZNeBl6gECW4gA",8
"BASTI","PARAS RAMPUR","JAMOLIYA PANDEY","3153001102/RC/958486255823726351","9528","https://mnregaweb4.nic.in/nregaarch/View_NMMS_atten_date_dtl_rpt.aspx?page=&short_name=UP&state_name=UTTAR%20PRADESH&state_code=31&district_name=BASTI&district_code=3153&block_name=PARAS%20RAMPUR&block_code=3153001&panchayat_name=JAMOLIYA%20PANDEY&panchayat_code=3153001102&fin_year=2025-2026&source=&work_code=3153001102/RC/958486255823726351&msr_no=9528&AttendanceDate=27/03/2026&Digest=Ixgat+D0bfWK/DG66OOJdw",10
"BASTI","PARAS RAMPUR","LACHHIPUR","3153001106/RC/958486255823743756","9691","https://mnregaweb4.nic.in/nregaarch/View_NMMS_atten_date_dtl_rpt.aspx?page=&short_name=UP&state_name=UTTAR%20PRADESH&state_code=31&district_name=BASTI&district_code=3153&block_name=PARAS%20RAMPUR&block_code=3153001&panchayat_name=LACHHIPUR&panchayat_code=3153001106&fin_year=2025-2026&source=&work_code=3153001106/RC/958486255823743756&msr_no=9691&AttendanceDate=27/03/2026&Digest=MEEtkUbA8IiWYr38C0ozNg",2
"BASTI","PARAS RAMPUR","LACHHIPUR","3153001106/WC/958486255824214723","9516","https://mnregaweb4.nic.in/nregaarch/View_NMMS_atten_date_dtl_rpt.aspx?page=&short_name=UP&state_name=UTTAR%20PRADESH&state_code=31&district_name=BASTI&district_code=3153&block_name=PARAS%20RAMPUR&block_code=3153001&panchayat_name=LACHHIPUR&panchayat_code=3153001106&fin_year=2025-2026&source=&work_code=3153001106/WC/958486255824214723&msr_no=9516&AttendanceDate=27/03/2026&Digest=PgWbpG1rxk83jl3fOXOjdQ",10
"BASTI","RAMNAGAR","CHAISAR","3153006020/RC/958486255823746238","6185","https://mnregaweb4.nic.in/nregaarch/View_NMMS_atten_date_dtl_rpt.aspx?page=&short_name=UP&state_name=UTTAR%20PRADESH&state_code=31&district_name=BASTI&district_code=3153&block_name=RAMNAGAR&block_code=3153006&panchayat_name=CHAISAR&panchayat_code=3153006020&fin_year=2025-2026&source=&work_code=3153006020/RC/958486255823746238&msr_no=6185&AttendanceDate=27/03/2026&Digest=FKiyUbx1covdY9QHx541Ew",8
"BASTI","RAMNAGAR","CHAISAR","3153006020/WC/958486255824226707","6193","https://mnregaweb4.nic.in/nregaarch/View_NMMS_atten_date_dtl_rpt.aspx?page=&short_name=UP&state_name=UTTAR%20PRADESH&state_code=31&district_name=BASTI&district_code=3153&block_name=RAMNAGAR&block_code=3153006&panchayat_name=CHAISAR&panchayat_code=3153006020&fin_year=2025-2026&source=&work_code=3153006020/WC/958486255824226707&msr_no=6193&AttendanceDate=27/03/2026&Digest=FLAzaPeJ0hu/+yxs3j8BPQ",10
"BASTI","RAMNAGAR","MANJHARI","3153006052/AV/958486255824157779","6027","https://mnregaweb4.nic.in/nregaarch/View_NMMS_atten_date_dtl_rpt.aspx?page=&short_name=UP&state_name=UTTAR%20PRADESH&state_code=31&district_name=BASTI&district_code=3153&block_name=RAMNAGAR&block_code=3153006&panchayat_name=MANJHARI&panchayat_code=3153006045&fin_year=2025-2026&source=&work_code=3153006052/AV/958486255824157779&msr_no=6027&AttendanceDate=27/03/2026&Digest=2D7NkTbEoLLxHUTKRaa3Wg",5
"BASTI","RUDAULI","CHHATRIYA","3153008018/RC/958486255823690413","6154","https://mnregaweb4.nic.in/nregaarch/View_NMMS_atten_date_dtl_rpt.aspx?page=&short_name=UP&state_name=UTTAR%20PRADESH&state_code=31&district_name=BASTI&district_code=3153&block_name=RUDAULI&block_code=3153008&panchayat_name=CHHATRIYA&panchayat_code=3153008018&fin_year=2025-2026&source=&work_code=3153008018/RC/958486255823690413&msr_no=6154&AttendanceDate=27/03/2026&Digest=KchKxnFMaXDHYqUfV3Ad5A",9
"BASTI","SALTAUA GOPAL PUR","BELWADAD","3153007017/RC/958486255823742281","5494","https://mnregaweb4.nic.in/nregaarch/View_NMMS_atten_date_dtl_rpt.aspx?page=&short_name=UP&state_name=UTTAR%20PRADESH&state_code=31&district_name=BASTI&district_code=3153&block_name=SALTAUA%20GOPAL%20PUR&block_code=3153007&panchayat_name=BELWADAD&panchayat_code=3153007017&fin_year=2025-2026&source=&work_code=3153007017/RC/958486255823742281&msr_no=5494&AttendanceDate=27/03/2026&Digest=jbFDcPYrNQJRzm7yh+f3Iw",5
"BASTI","SALTAUA GOPAL PUR","TENUWA","3153007020/LD/958486255824769941","5456","https://mnregaweb4.nic.in/nregaarch/View_NMMS_atten_date_dtl_rpt.aspx?page=&short_name=UP&state_name=UTTAR%20PRADESH&state_code=31&district_name=BASTI&district_code=3153&block_name=SALTAUA%20GOPAL%20PUR&block_code=3153007&panchayat_name=TENUWA&panchayat_code=3153007020&fin_year=2025-2026&source=&work_code=3153007020/LD/958486255824769941&msr_no=5456&AttendanceDate=27/03/2026&Digest=W7NIwHPXk9JEmfrEVdJk4A",7
"BASTI","SALTAUA GOPAL PUR","NEWADA","3153007052/AV/958486255824177602","5461","https://mnregaweb4.nic.in/nregaarch/View_NMMS_atten_date_dtl_rpt.aspx?page=&short_name=UP&state_name=UTTAR%20PRADESH&state_code=31&district_name=BASTI&district_code=3153&block_name=SALTAUA%20GOPAL%20PUR&block_code=3153007&panchayat_name=NEWADA&panchayat_code=3153007052&fin_year=2025-2026&source=&work_code=3153007052/AV/958486255824177602&msr_no=5461&AttendanceDate=27/03/2026&Digest=5Z4cxDzhTDgSGK6V24FarA",9
"BASTI","SALTAUA GOPAL PUR","NEWADA","3153007052/RC/958486255823671394","5509","https://mnregaweb4.nic.in/nregaarch/View_NMMS_atten_date_dtl_rpt.aspx?page=&short_name=UP&state_name=UTTAR%20PRADESH&state_code=31&district_name=BASTI&district_code=3153&block_name=SALTAUA%20GOPAL%20PUR&block_code=3153007&panchayat_name=NEWADA&panchayat_code=3153007052&fin_year=2025-2026&source=&work_code=3153007052/RC/958486255823671394&msr_no=5509&AttendanceDate=27/03/2026&Digest=dlazW6fjJIIPOsh/SKfHbA",4
"BASTI","SALTAUA GOPAL PUR","REGI","3153007066/RC/958486255823706731","5512","https://mnregaweb4.nic.in/nregaarch/View_NMMS_atten_date_dtl_rpt.aspx?page=&short_name=UP&state_name=UTTAR%20PRADESH&state_code=31&district_name=BASTI&district_code=3153&block_name=SALTAUA%20GOPAL%20PUR&block_code=3153007&panchayat_name=REGI&panchayat_code=3153007066&fin_year=2025-2026&source=&work_code=3153007066/RC/958486255823706731&msr_no=5512&AttendanceDate=27/03/2026&Digest=b6WLbfGtWIUWwlb6wZMoMg",10
"BASTI","SALTAUA GOPAL PUR","SUBHAI","3153007078/RC/958486255823677087","5500","https://mnregaweb4.nic.in/nregaarch/View_NMMS_atten_date_dtl_rpt.aspx?page=&short_name=UP&state_name=UTTAR%20PRADESH&state_code=31&district_name=BASTI&district_code=3153&block_name=SALTAUA%20GOPAL%20PUR&block_code=3153007&panchayat_name=SUBHAI&panchayat_code=3153007078&fin_year=2025-2026&source=&work_code=3153007078/RC/958486255823677087&msr_no=5500&AttendanceDate=27/03/2026&Digest=jvm52BT4LwHeN8bS4GrUrw",10
"BASTI","SAU GHAT","ANDA","3153009002/RC/958486255823685103","3384","https://mnregaweb4.nic.in/nregaarch/View_NMMS_atten_date_dtl_rpt.aspx?page=&short_name=UP&state_name=UTTAR%20PRADESH&state_code=31&district_name=BASTI&district_code=3153&block_name=SAU%20GHAT&block_code=3153009&panchayat_name=ANDA&panchayat_code=3153009002&fin_year=2025-2026&source=&work_code=3153009002/RC/958486255823685103&msr_no=3384&AttendanceDate=27/03/2026&Digest=If8fHxY/6/Zg56aKAQxApw",5
"BASTI","SAU GHAT","ANDA","3153009002/RC/958486255823685103","3390","https://mnregaweb4.nic.in/nregaarch/View_NMMS_atten_date_dtl_rpt.aspx?page=&short_name=UP&state_name=UTTAR%20PRADESH&state_code=31&district_name=BASTI&district_code=3153&block_name=SAU%20GHAT&block_code=3153009&panchayat_name=ANDA&panchayat_code=3153009002&fin_year=2025-2026&source=&work_code=3153009002/RC/958486255823685103&msr_no=3390&AttendanceDate=27/03/2026&Digest=yhAc2HlSoNdR+VUWjQbSwQ",2
"BASTI","KUDARAHA","BAANPUR","3153013059/RC/958486255823745465","8183","https://mnregaweb4.nic.in/nregaarch/View_NMMS_atten_date_dtl_rpt.aspx?page=&short_name=UP&state_name=UTTAR%20PRADESH&state_code=31&district_name=BASTI&district_code=3153&block_name=KUDARAHA&block_code=3153013&panchayat_name=BAANPUR&panchayat_code=3153013059&fin_year=2025-2026&source=&work_code=3153013059/RC/958486255823745465&msr_no=8183&AttendanceDate=27/03/2026&Digest=xL+NNHiSxW29qIDhT6t7qg",7
"BASTI","KUDARAHA","DIHUKPURA","3153013060/RC/958486255823750155","7956","https://mnregaweb4.nic.in/nregaarch/View_NMMS_atten_date_dtl_rpt.aspx?page=&short_name=UP&state_name=UTTAR%20PRADESH&state_code=31&district_name=BASTI&district_code=3153&block_name=KUDARAHA&block_code=3153013&panchayat_name=DIHUKPURA&panchayat_code=3153013060&fin_year=2025-2026&source=&work_code=3153013060/RC/958486255823750155&msr_no=7956&AttendanceDate=27/03/2026&Digest=3nan65AdV0RtGnYmxsAdPA",4
"BASTI","KUDARAHA","PIPARPATI EHATMALI","3153013071/RC/958486255823746235","8020","https://mnregaweb4.nic.in/nregaarch/View_NMMS_atten_date_dtl_rpt.aspx?page=&short_name=UP&state_name=UTTAR%20PRADESH&state_code=31&district_name=BASTI&district_code=3153&block_name=KUDARAHA&block_code=3153013&panchayat_name=PIPARPATI%20EHATMALI&panchayat_code=3153013071&fin_year=2025-2026&source=&work_code=3153013071/RC/958486255823746235&msr_no=8020&AttendanceDate=27/03/2026&Digest=Hl3wMhmyAJkVbePeyIHq+g",9
"BASTI","KUDARAHA","PIPARPATI EHATMALI","3153013071/RC/958486255823746235","8023","https://mnregaweb4.nic.in/nregaarch/View_NMMS_atten_date_dtl_rpt.aspx?page=&short_name=UP&state_name=UTTAR%20PRADESH&state_code=31&district_name=BASTI&district_code=3153&block_name=KUDARAHA&block_code=3153013&panchayat_name=PIPARPATI%20EHATMALI&panchayat_code=3153013071&fin_year=2025-2026&source=&work_code=3153013071/RC/958486255823746235&msr_no=8023&AttendanceDate=27/03/2026&Digest=TzSfJgTO2eRwbUe9nmw89g",8
"BASTI","KUDARAHA","HARKHAILIYA URF MATIYARIA","3153013074/RC/YD/958486255823751079","8071","https://mnregaweb4.nic.in/nregaarch/View_NMMS_atten_date_dtl_rpt.aspx?page=&short_name=UP&state_name=UTTAR%20PRADESH&state_code=31&district_name=BASTI&district_code=3153&block_name=KUDARAHA&block_code=3153013&panchayat_name=HARKHAILIYA%20URF%20MATIYARIA&panchayat_code=3153013074&fin_year=2025-2026&source=&work_code=3153013074/RC/YD/958486255823751079&msr_no=8071&AttendanceDate=27/03/2026&Digest=qxvmswMc74ERE8cSYK45vA",9
"BASTI","KUDARAHA","UJIYANATPUR","3153013077/RC/958486255823310757","8243","https://mnregaweb4.nic.in/nregaarch/View_NMMS_atten_date_dtl_rpt.aspx?page=&short_name=UP&state_name=UTTAR%20PRADESH&state_code=31&district_name=BASTI&district_code=3153&block_name=KUDARAHA&block_code=3153013&panchayat_name=UJIYANATPUR&panchayat_code=3153013077&fin_year=2025-2026&source=&work_code=3153013077/RC/958486255823310757&msr_no=8243&AttendanceDate=27/03/2026&Digest=ElpdPXA6OuJfoJVvarBcbA",3
"BASTI","KUDARAHA","UJIYANATPUR","3153013077/RC/958486255823654392","8283","https://mnregaweb4.nic.in/nregaarch/View_NMMS_atten_date_dtl_rpt.aspx?page=&short_name=UP&state_name=UTTAR%20PRADESH&state_code=31&district_name=BASTI&district_code=3153&block_name=KUDARAHA&block_code=3153013&panchayat_name=UJIYANATPUR&panchayat_code=3153013077&fin_year=2025-2026&source=&work_code=3153013077/RC/958486255823654392&msr_no=8283&AttendanceDate=27/03/2026&Digest=ZQVVJC3BiHLxhZo+DgpAmw",10
"BASTI","KUDARAHA","UJIYANATPUR","3153013077/RC/958486255823654404","8276","https://mnregaweb4.nic.in/nregaarch/View_NMMS_atten_date_dtl_rpt.aspx?page=&short_name=UP&state_name=UTTAR%20PRADESH&state_code=31&district_name=BASTI&district_code=3153&block_name=KUDARAHA&block_code=3153013&panchayat_name=UJIYANATPUR&panchayat_code=3153013077&fin_year=2025-2026&source=&work_code=3153013077/RC/958486255823654404&msr_no=8276&AttendanceDate=27/03/2026&Digest=x28S7SKumZAs5nkL6B4kyw",10
"BASTI","KUDARAHA","UJIYANATPUR","3153013077/RC/958486255823654404","8279","https://mnregaweb4.nic.in/nregaarch/View_NMMS_atten_date_dtl_rpt.aspx?page=&short_name=UP&state_name=UTTAR%20PRADESH&state_code=31&district_name=BASTI&district_code=3153&block_name=KUDARAHA&block_code=3153013&panchayat_name=UJIYANATPUR&panchayat_code=3153013077&fin_year=2025-2026&source=&work_code=3153013077/RC/958486255823654404&msr_no=8279&AttendanceDate=27/03/2026&Digest=RIah7TLBC1r00FE8zMqdZA",1
"BASTI","PARAS RAMPUR","AMAULI","3153001003/IC/958486255823689767","9476","https://mnregaweb4.nic.in/nregaarch/View_NMMS_atten_date_dtl_rpt.aspx?page=&short_name=UP&state_name=UTTAR%20PRADESH&state_code=31&district_name=BASTI&district_code=3153&block_name=PARAS%20RAMPUR&block_code=3153001&panchayat_name=AMAULI&panchayat_code=3153001003&fin_year=2025-2026&source=&work_code=3153001003/IC/958486255823689767&msr_no=9476&AttendanceDate=27/03/2026&Digest=JWiAUVekIgtTg0sKPbA/kw",8
"BASTI","PARAS RAMPUR","AMAULI","3153001003/IC/958486255823689767","9479","https://mnregaweb4.nic.in/nregaarch/View_NMMS_atten_date_dtl_rpt.aspx?page=&short_name=UP&state_name=UTTAR%20PRADESH&state_code=31&district_name=BASTI&district_code=3153&block_name=PARAS%20RAMPUR&block_code=3153001&panchayat_name=AMAULI&panchayat_code=3153001003&fin_year=2025-2026&source=&work_code=3153001003/IC/958486255823689767&msr_no=9479&AttendanceDate=27/03/2026&Digest=m4wpUsC1kWMS+ToCI0mzlg",3
"BASTI","PARAS RAMPUR","BELBHARIYA","3153001010/RC/958486255823732335","9384","https://mnregaweb4.nic.in/nregaarch/View_NMMS_atten_date_dtl_rpt.aspx?page=&short_name=UP&state_name=UTTAR%20PRADESH&state_code=31&district_name=BASTI&district_code=3153&block_name=PARAS%20RAMPUR&block_code=3153001&panchayat_name=BELBHARIYA&panchayat_code=3153001010&fin_year=2025-2026&source=&work_code=3153001010/RC/958486255823732335&msr_no=9384&AttendanceDate=27/03/2026&Digest=gcBmHQUndMAYP/fHnnlW3w",10
"BASTI","PARAS RAMPUR","BICHHIYA MISHRA","3153001013/RC/958486255823699322","9559","https://mnregaweb4.nic.in/nregaarch/View_NMMS_atten_date_dtl_rpt.aspx?page=&short_name=UP&state_name=UTTAR%20PRADESH&state_code=31&district_name=BASTI&district_code=3153&block_name=PARAS%20RAMPUR&block_code=3153001&panchayat_name=BICHHIYA%20MISHRA&panchayat_code=3153001013&fin_year=2025-2026&source=&work_code=3153001013/RC/958486255823699322&msr_no=9559&AttendanceDate=27/03/2026&Digest=O73Klk1SJkffqsmugCHfGg",6
"BASTI","PARAS RAMPUR","KARIGHNA","3153001038/RC/958486255823701850","9670","https://mnregaweb4.nic.in/nregaarch/View_NMMS_atten_date_dtl_rpt.aspx?page=&short_name=UP&state_name=UTTAR%20PRADESH&state_code=31&district_name=BASTI&district_code=3153&block_name=PARAS%20RAMPUR&block_code=3153001&panchayat_name=KARIGHNA&panchayat_code=3153001038&fin_year=2025-2026&source=&work_code=3153001038/RC/958486255823701850&msr_no=9670&AttendanceDate=27/03/2026&Digest=KpjPo43buHc9luThkcQXjA",7
"BASTI","PARAS RAMPUR","DHOBAHI","3153001063/WC/958486255824234655","9653","https://mnregaweb4.nic.in/nregaarch/View_NMMS_atten_date_dtl_rpt.aspx?page=&short_name=UP&state_name=UTTAR%20PRADESH&state_code=31&district_name=BASTI&district_code=3153&block_name=PARAS%20RAMPUR&block_code=3153001&panchayat_name=DHOBAHI&panchayat_code=3153001063&fin_year=2025-2026&source=&work_code=3153001063/WC/958486255824234655&msr_no=9653&AttendanceDate=27/03/2026&Digest=lqEe2MBc5YOB6SMU/55slw",8
"BASTI","PARAS RAMPUR","DHOBAHI","3153001063/WC/958486255824234655","9656","https://mnregaweb4.nic.in/nregaarch/View_NMMS_atten_date_dtl_rpt.aspx?page=&short_name=UP&state_name=UTTAR%20PRADESH&state_code=31&district_name=BASTI&district_code=3153&block_name=PARAS%20RAMPUR&block_code=3153001&panchayat_name=DHOBAHI&panchayat_code=3153001063&fin_year=2025-2026&source=&work_code=3153001063/WC/958486255824234655&msr_no=9656&AttendanceDate=27/03/2026&Digest=2XdTnr1st3tSVw6Est72gw",9
"BASTI","PARAS RAMPUR","SUKRAULI KUWAR","3153001078/RC/958486255823632392","9601","https://mnregaweb4.nic.in/nregaarch/View_NMMS_atten_date_dtl_rpt.aspx?page=&short_name=UP&state_name=UTTAR%20PRADESH&state_code=31&district_name=BASTI&district_code=3153&block_name=PARAS%20RAMPUR&block_code=3153001&panchayat_name=SUKRAULI%20KUWAR&panchayat_code=3153001078&fin_year=2025-2026&source=&work_code=3153001078/RC/958486255823632392&msr_no=9601&AttendanceDate=27/03/2026&Digest=HK5FsZ0xlAl/m4wwr/eQbQ",6
"BASTI","PARAS RAMPUR","DHOSHAR MISHRA","3153001085/RC/958486255823726380","9662","https://mnregaweb4.nic.in/nregaarch/View_NMMS_atten_date_dtl_rpt.aspx?page=&short_name=UP&state_name=UTTAR%20PRADESH&state_code=31&district_name=BASTI&district_code=3153&block_name=PARAS%20RAMPUR&block_code=3153001&panchayat_name=DHOSHAR%20MISHRA&panchayat_code=3153001085&fin_year=2025-2026&source=&work_code=3153001085/RC/958486255823726380&msr_no=9662&AttendanceDate=27/03/2026&Digest=CkjMuw8oEo6l24BVDDnkTQ",9
"BASTI","PARAS RAMPUR","RAMPUR NAV NIDHI RAI","3153001096/LD/958486255824671641","9617","https://mnregaweb4.nic.in/nregaarch/View_NMMS_atten_date_dtl_rpt.aspx?page=&short_name=UP&state_name=UTTAR%20PRADESH&state_code=31&district_name=BASTI&district_code=3153&block_name=PARAS%20RAMPUR&block_code=3153001&panchayat_name=RAMPUR%20NAV%20NIDHI%20RAI&panchayat_code=3153001096&fin_year=2025-2026&source=&work_code=3153001096/LD/958486255824671641&msr_no=9617&AttendanceDate=27/03/2026&Digest=7/jLSv6gSx1rh3OUk9MjBg",10
"BASTI","PARAS RAMPUR","LACHHIPUR","3153001106/WC/958486255824214723","9515","https://mnregaweb4.nic.in/nregaarch/View_NMMS_atten_date_dtl_rpt.aspx?page=&short_name=UP&state_name=UTTAR%20PRADESH&state_code=31&district_name=BASTI&district_code=3153&block_name=PARAS%20RAMPUR&block_code=3153001&panchayat_name=LACHHIPUR&panchayat_code=3153001106&fin_year=2025-2026&source=&work_code=3153001106/WC/958486255824214723&msr_no=9515&AttendanceDate=27/03/2026&Digest=Fe2d6aiItiWZzbHouadwgA",10
"BASTI","PARAS RAMPUR","LACHHIPUR","3153001106/WC/958486255824214723","9518","https://mnregaweb4.nic.in/nregaarch/View_NMMS_atten_date_dtl_rpt.aspx?page=&short_name=UP&state_name=UTTAR%20PRADESH&state_code=31&district_name=BASTI&district_code=3153&block_name=PARAS%20RAMPUR&block_code=3153001&panchayat_name=LACHHIPUR&panchayat_code=3153001106&fin_year=2025-2026&source=&work_code=3153001106/WC/958486255824214723&msr_no=9518&AttendanceDate=27/03/2026&Digest=X4zZ9Bqp5TLB6gdoUG29jw",9
"BASTI","RAMNAGAR","BHIVAPAR","3153006017/IC/958486255823743148","6167","https://mnregaweb4.nic.in/nregaarch/View_NMMS_atten_date_dtl_rpt.aspx?page=&short_name=UP&state_name=UTTAR%20PRADESH&state_code=31&district_name=BASTI&district_code=3153&block_name=RAMNAGAR&block_code=3153006&panchayat_name=BHIVAPAR&panchayat_code=3153006017&fin_year=2025-2026&source=&work_code=3153006017/IC/958486255823743148&msr_no=6167&AttendanceDate=27/03/2026&Digest=E3OhPmzHBwu5ue+tf4My5w",8
"BASTI","RAMNAGAR","CHAISAR","3153006020/WC/958486255824226707","6194","https://mnregaweb4.nic.in/nregaarch/View_NMMS_atten_date_dtl_rpt.aspx?page=&short_name=UP&state_name=UTTAR%20PRADESH&state_code=31&district_name=BASTI&district_code=3153&block_name=RAMNAGAR&block_code=3153006&panchayat_name=CHAISAR&panchayat_code=3153006020&fin_year=2025-2026&source=&work_code=3153006020/WC/958486255824226707&msr_no=6194&AttendanceDate=27/03/2026&Digest=70IC7jqIwYxr3ZwwXxWJZg",9
"BASTI","RAMNAGAR","GADAPUR CHAK","3153006026/RC/958486255823750649","6152","https://mnregaweb4.nic.in/nregaarch/View_NMMS_atten_date_dtl_rpt.aspx?page=&short_name=UP&state_name=UTTAR%20PRADESH&state_code=31&district_name=BASTI&district_code=3153&block_name=RAMNAGAR&block_code=3153006&panchayat_name=GADAPUR%20CHAK&panchayat_code=3153006026&fin_year=2025-2026&source=&work_code=3153006026/RC/958486255823750649&msr_no=6152&AttendanceDate=27/03/2026&Digest=rilysJpPyrXZbEiTEkr9mw",5
"BASTI","RAMNAGAR","LODHAVA","3153006040/AV/958486255824177707","6028","https://mnregaweb4.nic.in/nregaarch/View_NMMS_atten_date_dtl_rpt.aspx?page=&short_name=UP&state_name=UTTAR%20PRADESH&state_code=31&district_name=BASTI&district_code=3153&block_name=RAMNAGAR&block_code=3153006&panchayat_name=LODHAVA&panchayat_code=3153006040&fin_year=2025-2026&source=&work_code=3153006040/AV/958486255824177707&msr_no=6028&AttendanceDate=27/03/2026&Digest=6CxOV4ZlKwE1kAB9X/d0fg",6
"BASTI","RAMNAGAR","PARSA KUTUB","3153006051/RC/958486255823741598","6168","https://mnregaweb4.nic.in/nregaarch/View_NMMS_atten_date_dtl_rpt.aspx?page=&short_name=UP&state_name=UTTAR%20PRADESH&state_code=31&district_name=BASTI&district_code=3153&block_name=RAMNAGAR&block_code=3153006&panchayat_name=PARSA%20KUTUB&panchayat_code=3153006051&fin_year=2025-2026&source=&work_code=3153006051/RC/958486255823741598&msr_no=6168&AttendanceDate=27/03/2026&Digest=KNRym3KwVDCkGU2tF36Mow",9
"BASTI","RAMNAGAR","VAIDOLI URF DUBAULI","3153006069/LD/958486255824984130","6071","https://mnregaweb4.nic.in/nregaarch/View_NMMS_atten_date_dtl_rpt.aspx?page=&short_name=UP&state_name=UTTAR%20PRADESH&state_code=31&district_name=BASTI&district_code=3153&block_name=RAMNAGAR&block_code=3153006&panchayat_name=VAIDOLI%20URF%20DUBAULI&panchayat_code=3153006069&fin_year=2025-2026&source=&work_code=3153006069/LD/958486255824984130&msr_no=6071&AttendanceDate=27/03/2026&Digest=ke+9W8EkbbEGbWHPMsbYDA",4
"BASTI","RAMNAGAR","IBRAHIMCHAK SEKHAPUR","3153006071/RC/958486255823751189","6157","https://mnregaweb4.nic.in/nregaarch/View_NMMS_atten_date_dtl_rpt.aspx?page=&short_name=UP&state_name=UTTAR%20PRADESH&state_code=31&district_name=BASTI&district_code=3153&block_name=RAMNAGAR&block_code=3153006&panchayat_name=IBRAHIMCHAK%20SEKHAPUR&panchayat_code=3153006071&fin_year=2025-2026&source=&work_code=3153006071/RC/958486255823751189&msr_no=6157&AttendanceDate=27/03/2026&Digest=WHSU0Y+Uv3CpTL9bSpH10Q",9
"BASTI","RUDAULI","CHHATRIYA","3153008018/RC/958486255823690414","6159","https://mnregaweb4.nic.in/nregaarch/View_NMMS_atten_date_dtl_rpt.aspx?page=&short_name=UP&state_name=UTTAR%20PRADESH&state_code=31&district_name=BASTI&district_code=3153&block_name=RUDAULI&block_code=3153008&panchayat_name=CHHATRIYA&panchayat_code=3153008018&fin_year=2025-2026&source=&work_code=3153008018/RC/958486255823690414&msr_no=6159&AttendanceDate=27/03/2026&Digest=J8RMTl+ofH7pk2PxPwfbZw",9
"BASTI","RUDAULI","CHHATRIYA","3153008018/RC/958486255823750102","6163","https://mnregaweb4.nic.in/nregaarch/View_NMMS_atten_date_dtl_rpt.aspx?page=&short_name=UP&state_name=UTTAR%20PRADESH&state_code=31&district_name=BASTI&district_code=3153&block_name=RUDAULI&block_code=3153008&panchayat_name=CHHATRIYA&panchayat_code=3153008018&fin_year=2025-2026&source=&work_code=3153008018/RC/958486255823750102&msr_no=6163&AttendanceDate=27/03/2026&Digest=/7Y1P4joYShSfuTlfvYo+Q",7
"BASTI","RUDAULI","KUDAHI","3153008039/RC/958486255823735732","6077","https://mnregaweb4.nic.in/nregaarch/View_NMMS_atten_date_dtl_rpt.aspx?page=&short_name=UP&state_name=UTTAR%20PRADESH&state_code=31&district_name=BASTI&district_code=3153&block_name=RUDAULI&block_code=3153008&panchayat_name=KUDAHI&panchayat_code=3153008039&fin_year=2025-2026&source=&work_code=3153008039/RC/958486255823735732&msr_no=6077&AttendanceDate=27/03/2026&Digest=Cmx2nYqMhcHAEThmpLfoMQ",8
"BASTI","RUDAULI","MAHUAA PAAR","3153008041/RC/958486255823714154","6169","https://mnregaweb4.nic.in/nregaarch/View_NMMS_atten_date_dtl_rpt.aspx?page=&short_name=UP&state_name=UTTAR%20PRADESH&state_code=31&district_name=BASTI&district_code=3153&block_name=RUDAULI&block_code=3153008&panchayat_name=MAHUAA%20PAAR&panchayat_code=3153008041&fin_year=2025-2026&source=&work_code=3153008041/RC/958486255823714154&msr_no=6169&AttendanceDate=27/03/2026&Digest=xKVYm+onmQLQ55yXZ5vvNQ",10
"BASTI","RUDAULI","CHAND CHAUR","3153008077/RC/958486255823749524","6244","https://mnregaweb4.nic.in/nregaarch/View_NMMS_atten_date_dtl_rpt.aspx?page=&short_name=UP&state_name=UTTAR%20PRADESH&state_code=31&district_name=BASTI&district_code=3153&block_name=RUDAULI&block_code=3153008&panchayat_name=CHAND%20CHAUR&panchayat_code=3153008077&fin_year=2025-2026&source=&work_code=3153008077/RC/958486255823749524&msr_no=6244&AttendanceDate=27/03/2026&Digest=phDuOxqwEc66nQz76IJUEg",9
"BASTI","SALTAUA GOPAL PUR","JOTA","3153007035/WH/958486255824013074","5420","https://mnregaweb4.nic.in/nregaarch/View_NMMS_atten_date_dtl_rpt.aspx?page=&short_name=UP&state_name=UTTAR%20PRADESH&state_code=31&district_name=BASTI&district_code=3153&block_name=SALTAUA%20GOPAL%20PUR&block_code=3153007&panchayat_name=JOTA&panchayat_code=3153007035&fin_year=2025-2026&source=&work_code=3153007035/WH/958486255824013074&msr_no=5420&AttendanceDate=27/03/2026&Digest=HbGBR8nDxSDuYUdSE08OZA",9
"BASTI","SALTAUA GOPAL PUR","JOTA","3153007035/WH/958486255824013074","5423","https://mnregaweb4.nic.in/nregaarch/View_NMMS_atten_date_dtl_rpt.aspx?page=&short_name=UP&state_name=UTTAR%20PRADESH&state_code=31&district_name=BASTI&district_code=3153&block_name=SALTAUA%20GOPAL%20PUR&block_code=3153007&panchayat_name=JOTA&panchayat_code=3153007035&fin_year=2025-2026&source=&work_code=3153007035/WH/958486255824013074&msr_no=5423&AttendanceDate=27/03/2026&Digest=XACgPGzfL5l2PYoWdxiGiQ",7
"BASTI","SALTAUA GOPAL PUR","JOTA","3153007035/WH/958486255824013074","5426","https://mnregaweb4.nic.in/nregaarch/View_NMMS_atten_date_dtl_rpt.aspx?page=&short_name=UP&state_name=UTTAR%20PRADESH&state_code=31&district_name=BASTI&district_code=3153&block_name=SALTAUA%20GOPAL%20PUR&block_code=3153007&panchayat_name=JOTA&panchayat_code=3153007035&fin_year=2025-2026&source=&work_code=3153007035/WH/958486255824013074&msr_no=5426&AttendanceDate=27/03/2026&Digest=nk53dRzYFqhtwjRvBYjnjA",7
"BASTI","SALTAUA GOPAL PUR","KOILSA","3153007039/WH/958486255824012400","5453","https://mnregaweb4.nic.in/nregaarch/View_NMMS_atten_date_dtl_rpt.aspx?page=&short_name=UP&state_name=UTTAR%20PRADESH&state_code=31&district_name=BASTI&district_code=3153&block_name=SALTAUA%20GOPAL%20PUR&block_code=3153007&panchayat_name=KOILSA&panchayat_code=3153007039&fin_year=2025-2026&source=&work_code=3153007039/WH/958486255824012400&msr_no=5453&AttendanceDate=27/03/2026&Digest=6D2onWezyENqCVjVDszMmg",8
"BASTI","SALTAUA GOPAL PUR","PARSA KHAL","3153007057/WH/958486255824013365","5414","https://mnregaweb4.nic.in/nregaarch/View_NMMS_atten_date_dtl_rpt.aspx?page=&short_name=UP&state_name=UTTAR%20PRADESH&state_code=31&district_name=BASTI&district_code=3153&block_name=SALTAUA%20GOPAL%20PUR&block_code=3153007&panchayat_name=PARSA%20KHAL&panchayat_code=3153007057&fin_year=2025-2026&source=&work_code=3153007057/WH/958486255824013365&msr_no=5414&AttendanceDate=27/03/2026&Digest=B3oZi3l7htrmySNdyG8Jcw",8
"BASTI","SALTAUA GOPAL PUR","SALTAUA","3153007069/LD/958486255824937021","5474","https://mnregaweb4.nic.in/nregaarch/View_NMMS_atten_date_dtl_rpt.aspx?page=&short_name=UP&state_name=UTTAR%20PRADESH&state_code=31&district_name=BASTI&district_code=3153&block_name=SALTAUA%20GOPAL%20PUR&block_code=3153007&panchayat_name=SALTAUA&panchayat_code=3153007069&fin_year=2025-2026&source=&work_code=3153007069/LD/958486255824937021&msr_no=5474&AttendanceDate=27/03/2026&Digest=yp1NNyCFCM8lPN+/waxhdQ",9
"BASTI","PARAS RAMPUR","NARAYANPUR","3153001057/RC/958486255823694592","9679","https://mnregaweb4.nic.in/nregaarch/View_NMMS_atten_date_dtl_rpt.aspx?page=&short_name=UP&state_name=UTTAR%20PRADESH&state_code=31&district_name=BASTI&district_code=3153&block_name=PARAS%20RAMPUR&block_code=3153001&panchayat_name=NARAYANPUR&panchayat_code=3153001057&fin_year=2025-2026&source=&work_code=3153001057/RC/958486255823694592&msr_no=9679&AttendanceDate=27/03/2026&Digest=hnGO4WNNR29p5oewbDX2NA",9
"BASTI","PARAS RAMPUR","NEVRIRAM BAKSH","3153001060/AV/958486255824160584","9566","https://mnregaweb4.nic.in/nregaarch/View_NMMS_atten_date_dtl_rpt.aspx?page=&short_name=UP&state_name=UTTAR%20PRADESH&state_code=31&district_name=BASTI&district_code=3153&block_name=PARAS%20RAMPUR&block_code=3153001&panchayat_name=NEVRIRAM%20BAKSH&panchayat_code=3153001060&fin_year=2025-2026&source=&work_code=3153001060/AV/958486255824160584&msr_no=9566&AttendanceDate=27/03/2026&Digest=B4M98ZeEyLsSDY2DTYdGtw",4
"BASTI","PARAS RAMPUR","PADARI BABU","3153001062/LD/958486255824958230","9428","https://mnregaweb4.nic.in/nregaarch/View_NMMS_atten_date_dtl_rpt.aspx?page=&short_name=UP&state_name=UTTAR%20PRADESH&state_code=31&district_name=BASTI&district_code=3153&block_name=PARAS%20RAMPUR&block_code=3153001&panchayat_name=PADARI%20BABU&panchayat_code=3153001062&fin_year=2025-2026&source=&work_code=3153001062/LD/958486255824958230&msr_no=9428&AttendanceDate=27/03/2026&Digest=3DttYN4jg3H9QcwfQ5L5KQ",8
"BASTI","PARAS RAMPUR","DHOBAHI","3153001063/WC/958486255824234655","9654","https://mnregaweb4.nic.in/nregaarch/View_NMMS_atten_date_dtl_rpt.aspx?page=&short_name=UP&state_name=UTTAR%20PRADESH&state_code=31&district_name=BASTI&district_code=3153&block_name=PARAS%20RAMPUR&block_code=3153001&panchayat_name=DHOBAHI&panchayat_code=3153001063&fin_year=2025-2026&source=&work_code=3153001063/WC/958486255824234655&msr_no=9654&AttendanceDate=27/03/2026&Digest=Cy70paVLo87SDOKZF4FzbQ",10
"BASTI","PARAS RAMPUR","RAGHUPUR","3153001067/IC/958486255823741774","9687","https://mnregaweb4.nic.in/nregaarch/View_NMMS_atten_date_dtl_rpt.aspx?page=&short_name=UP&state_name=UTTAR%20PRADESH&state_code=31&district_name=BASTI&district_code=3153&block_name=PARAS%20RAMPUR&block_code=3153001&panchayat_name=RAGHUPUR&panchayat_code=3153001067&fin_year=2025-2026&source=&work_code=3153001067/IC/958486255823741774&msr_no=9687&AttendanceDate=27/03/2026&Digest=+2pEmPuadHEKrpOPvMxjJw",9
"BASTI","PARAS RAMPUR","RAGHUPUR","3153001067/WC/958486255824249956","9410","https://mnregaweb4.nic.in/nregaarch/View_NMMS_atten_date_dtl_rpt.aspx?page=&short_name=UP&state_name=UTTAR%20PRADESH&state_code=31&district_name=BASTI&district_code=3153&block_name=PARAS%20RAMPUR&block_code=3153001&panchayat_name=RAGHUPUR&panchayat_code=3153001067&fin_year=2025-2026&source=&work_code=3153001067/WC/958486255824249956&msr_no=9410&AttendanceDate=27/03/2026&Digest=sU/H2/UfnfVJJ+4H8zY2Xg",10
"BASTI","PARAS RAMPUR","RAGHUPUR","3153001067/WC/958486255824249956","9413","https://mnregaweb4.nic.in/nregaarch/View_NMMS_atten_date_dtl_rpt.aspx?page=&short_name=UP&state_name=UTTAR%20PRADESH&state_code=31&district_name=BASTI&district_code=3153&block_name=PARAS%20RAMPUR&block_code=3153001&panchayat_name=RAGHUPUR&panchayat_code=3153001067&fin_year=2025-2026&source=&work_code=3153001067/WC/958486255824249956&msr_no=9413&AttendanceDate=27/03/2026&Digest=6Ie6uAouvV3v2Y4ALHomww",8
"BASTI","PARAS RAMPUR","UJJAINI","3153001081/LD/958486255824971580","9347","https://mnregaweb4.nic.in/nregaarch/View_NMMS_atten_date_dtl_rpt.aspx?page=&short_name=UP&state_name=UTTAR%20PRADESH&state_code=31&district_name=BASTI&district_code=3153&block_name=PARAS%20RAMPUR&block_code=3153001&panchayat_name=UJJAINI&panchayat_code=3153001081&fin_year=2025-2026&source=&work_code=3153001081/LD/958486255824971580&msr_no=9347&AttendanceDate=27/03/2026&Digest=4YOHe0kPzXew3YcCvDP9cg",10
"BASTI","PARAS RAMPUR","DHOSHAR MISHRA","3153001085/RC/958486255823726378","9451","https://mnregaweb4.nic.in/nregaarch/View_NMMS_atten_date_dtl_rpt.aspx?page=&short_name=UP&state_name=UTTAR%20PRADESH&state_code=31&district_name=BASTI&district_code=3153&block_name=PARAS%20RAMPUR&block_code=3153001&panchayat_name=DHOSHAR%20MISHRA&panchayat_code=3153001085&fin_year=2025-2026&source=&work_code=3153001085/RC/958486255823726378&msr_no=9451&AttendanceDate=27/03/2026&Digest=wFrMJ5Vd7+CTssOELR7lbg",6
"BASTI","PARAS RAMPUR","DHOSHAR MISHRA","3153001085/RC/958486255823726380","9661","https://mnregaweb4.nic.in/nregaarch/View_NMMS_atten_date_dtl_rpt.aspx?page=&short_name=UP&state_name=UTTAR%20PRADESH&state_code=31&district_name=BASTI&district_code=3153&block_name=PARAS%20RAMPUR&block_code=3153001&panchayat_name=DHOSHAR%20MISHRA&panchayat_code=3153001085&fin_year=2025-2026&source=&work_code=3153001085/RC/958486255823726380&msr_no=9661&AttendanceDate=27/03/2026&Digest=XCILqFTGWhqf0X2/ntaLRw",10
"BASTI","PARAS RAMPUR","DHOSHAR MISHRA","3153001085/WC/958486255824211496","9445","https://mnregaweb4.nic.in/nregaarch/View_NMMS_atten_date_dtl_rpt.aspx?page=&short_name=UP&state_name=UTTAR%20PRADESH&state_code=31&district_name=BASTI&district_code=3153&block_name=PARAS%20RAMPUR&block_code=3153001&panchayat_name=DHOSHAR%20MISHRA&panchayat_code=3153001085&fin_year=2025-2026&source=&work_code=3153001085/WC/958486255824211496&msr_no=9445&AttendanceDate=27/03/2026&Digest=pWqaB40j9iHSsaFp+7y1Gw",10
"BASTI","PARAS RAMPUR","DHOSHAR MISHRA","3153001085/WC/958486255824211496","9448","https://mnregaweb4.nic.in/nregaarch/View_NMMS_atten_date_dtl_rpt.aspx?page=&short_name=UP&state_name=UTTAR%20PRADESH&state_code=31&district_name=BASTI&district_code=3153&block_name=PARAS%20RAMPUR&block_code=3153001&panchayat_name=DHOSHAR%20MISHRA&panchayat_code=3153001085&fin_year=2025-2026&source=&work_code=3153001085/WC/958486255824211496&msr_no=9448&AttendanceDate=27/03/2026&Digest=yLOugZEXKyxJNKP655K/uQ",6
"BASTI","PARAS RAMPUR","MADARIYA BABU","3153001090/RC/958486255823692886","9701","https://mnregaweb4.nic.in/nregaarch/View_NMMS_atten_date_dtl_rpt.aspx?page=&short_name=UP&state_name=UTTAR%20PRADESH&state_code=31&district_name=BASTI&district_code=3153&block_name=PARAS%20RAMPUR&block_code=3153001&panchayat_name=MADARIYA%20BABU	&panchayat_code=3153001090&fin_year=2025-2026&source=&work_code=3153001090/RC/958486255823692886&msr_no=9701&AttendanceDate=27/03/2026&Digest=+gBZp8fQPJ3rRtprUAsnqg",9
"BASTI","PARAS RAMPUR","MUKUND PUR","3153001091/WC/958486255824209000","9598","https://mnregaweb4.nic.in/nregaarch/View_NMMS_atten_date_dtl_rpt.aspx?page=&short_name=UP&state_name=UTTAR%20PRADESH&state_code=31&district_name=BASTI&district_code=3153&block_name=PARAS%20RAMPUR&block_code=3153001&panchayat_name=MUKUND%20PUR&panchayat_code=3153001091&fin_year=2025-2026&source=&work_code=3153001091/WC/958486255824209000&msr_no=9598&AttendanceDate=27/03/2026&Digest=3h2v33FU0/8LPUrVf3Z89w",9
"BASTI","PARAS RAMPUR","PITUDA","3153001093/LD/958486255824888940","9681","https://mnregaweb4.nic.in/nregaarch/View_NMMS_atten_date_dtl_rpt.aspx?page=&short_name=UP&state_name=UTTAR%20PRADESH&state_code=31&district_name=BASTI&district_code=3153&block_name=PARAS%20RAMPUR&block_code=3153001&panchayat_name=PITUDA&panchayat_code=3153001093&fin_year=2025-2026&source=&work_code=3153001093/LD/958486255824888940&msr_no=9681&AttendanceDate=27/03/2026&Digest=QK9zEUSUeCZGwdzxh8bMLw",8
"BASTI","PARAS RAMPUR","PITUDA","3153001093/LD/958486255824888940","9684","https://mnregaweb4.nic.in/nregaarch/View_NMMS_atten_date_dtl_rpt.aspx?page=&short_name=UP&state_name=UTTAR%20PRADESH&state_code=31&district_name=BASTI&district_code=3153&block_name=PARAS%20RAMPUR&block_code=3153001&panchayat_name=PITUDA&panchayat_code=3153001093&fin_year=2025-2026&source=&work_code=3153001093/LD/958486255824888940&msr_no=9684&AttendanceDate=27/03/2026&Digest=Sdzt4pXggnbO60xl20bQNQ",6
"BASTI","PARAS RAMPUR","SEHARIYA MADHUKARPUR","3153001097/LD/958486255824741358","9609","https://mnregaweb4.nic.in/nregaarch/View_NMMS_atten_date_dtl_rpt.aspx?page=&short_name=UP&state_name=UTTAR%20PRADESH&state_code=31&district_name=BASTI&district_code=3153&block_name=PARAS%20RAMPUR&block_code=3153001&panchayat_name=SEHARIYA%20MADHUKARPUR&panchayat_code=3153001097&fin_year=2025-2026&source=&work_code=3153001097/LD/958486255824741358&msr_no=9609&AttendanceDate=27/03/2026&Digest=Hg2EboKesRvKBI3bk80J6g",8
"BASTI","PARAS RAMPUR","LACHHIPUR","3153001106/LD/958486255824828632","9519","https://mnregaweb4.nic.in/nregaarch/View_NMMS_atten_date_dtl_rpt.aspx?page=&short_name=UP&state_name=UTTAR%20PRADESH&state_code=31&district_name=BASTI&district_code=3153&block_name=PARAS%20RAMPUR&block_code=3153001&panchayat_name=LACHHIPUR&panchayat_code=3153001106&fin_year=2025-2026&source=&work_code=3153001106/LD/958486255824828632&msr_no=9519&AttendanceDate=27/03/2026&Digest=HoThU/OTVMpeOqpawEo2yg",10
"BASTI","RAMNAGAR","BANKECHOR","3153006010/WC/958486255824167506","6031","https://mnregaweb4.nic.in/nregaarch/View_NMMS_atten_date_dtl_rpt.aspx?page=&short_name=UP&state_name=UTTAR%20PRADESH&state_code=31&district_name=BASTI&district_code=3153&block_name=RAMNAGAR&block_code=3153006&panchayat_name=BANKECHOR&panchayat_code=3153006006&fin_year=2025-2026&source=&work_code=3153006010/WC/958486255824167506&msr_no=6031&AttendanceDate=27/03/2026&Digest=YVHAZbGveRuCAufsL3ETSQ",6
"BASTI","RAMNAGAR","CHAISAR","3153006020/WC/958486255824226728","6183","https://mnregaweb4.nic.in/nregaarch/View_NMMS_atten_date_dtl_rpt.aspx?page=&short_name=UP&state_name=UTTAR%20PRADESH&state_code=31&district_name=BASTI&district_code=3153&block_name=RAMNAGAR&block_code=3153006&panchayat_name=CHAISAR&panchayat_code=3153006020&fin_year=2025-2026&source=&work_code=3153006020/WC/958486255824226728&msr_no=6183&AttendanceDate=27/03/2026&Digest=6dtRlrLpK27IQXtCnuvTyA",9
"BASTI","RAMNAGAR","CHANDOKHA","3153006021/RC/958486255823733025","6212","https://mnregaweb4.nic.in/nregaarch/View_NMMS_atten_date_dtl_rpt.aspx?page=&short_name=UP&state_name=UTTAR%20PRADESH&state_code=31&district_name=BASTI&district_code=3153&block_name=RAMNAGAR&block_code=3153006&panchayat_name=CHANDOKHA&panchayat_code=3153006021&fin_year=2025-2026&source=&work_code=3153006021/RC/958486255823733025&msr_no=6212&AttendanceDate=27/03/2026&Digest=TaXQBmsPGCNkWQSE1OW2tQ",7
"BASTI","RAMNAGAR","GADAPUR CHAK","3153006026/RC/958486255823750649","6150","https://mnregaweb4.nic.in/nregaarch/View_NMMS_atten_date_dtl_rpt.aspx?page=&short_name=UP&state_name=UTTAR%20PRADESH&state_code=31&district_name=BASTI&district_code=3153&block_name=RAMNAGAR&block_code=3153006&panchayat_name=GADAPUR%20CHAK&panchayat_code=3153006026&fin_year=2025-2026&source=&work_code=3153006026/RC/958486255823750649&msr_no=6150&AttendanceDate=27/03/2026&Digest=/B1nGS/sdHfq1Rm+tQOVCg",6
"BASTI","RAMNAGAR","GADAPUR CHAK","3153006026/RC/958486255823750649","6153","https://mnregaweb4.nic.in/nregaarch/View_NMMS_atten_date_dtl_rpt.aspx?page=&short_name=UP&state_name=UTTAR%20PRADESH&state_code=31&district_name=BASTI&district_code=3153&block_name=RAMNAGAR&block_code=3153006&panchayat_name=GADAPUR%20CHAK&panchayat_code=3153006026&fin_year=2025-2026&source=&work_code=3153006026/RC/958486255823750649&msr_no=6153&AttendanceDate=27/03/2026&Digest=6DRXSKz92WlCahrGrSceqQ",2
"BASTI","RAMNAGAR","PARSA KHURD BUJURG URF DARIAPUR JANGAL","3153006050/RC/958486255823751709","6176","https://mnregaweb4.nic.in/nregaarch/View_NMMS_atten_date_dtl_rpt.aspx?page=&short_name=UP&state_name=UTTAR%20PRADESH&state_code=31&district_name=BASTI&district_code=3153&block_name=RAMNAGAR&block_code=3153006&panchayat_name=PARSA%20KHURD%20BUJURG%20URF%20DARIAPUR%20JANGAL&panchayat_code=3153006050&fin_year=2025-2026&source=&work_code=3153006050/RC/958486255823751709&msr_no=6176&AttendanceDate=27/03/2026&Digest=hzTvso1bVaLDLSB5R40zUw",9
"BASTI","RAMNAGAR","IBRAHIMCHAK SEKHAPUR","3153006071/RC/958486255823750522","6156","https://mnregaweb4.nic.in/nregaarch/View_NMMS_atten_date_dtl_rpt.aspx?page=&short_name=UP&state_name=UTTAR%20PRADESH&state_code=31&district_name=BASTI&district_code=3153&block_name=RAMNAGAR&block_code=3153006&panchayat_name=IBRAHIMCHAK%20SEKHAPUR&panchayat_code=3153006071&fin_year=2025-2026&source=&work_code=3153006071/RC/958486255823750522&msr_no=6156&AttendanceDate=27/03/2026&Digest=n+fLKmxRTfyuSb18m2LhCw",8
"BASTI","RUDAULI","MAHUAA PAAR","3153008041/RC/958486255823714154","6168","https://mnregaweb4.nic.in/nregaarch/View_NMMS_atten_date_dtl_rpt.aspx?page=&short_name=UP&state_name=UTTAR%20PRADESH&state_code=31&district_name=BASTI&district_code=3153&block_name=RUDAULI&block_code=3153008&panchayat_name=MAHUAA%20PAAR&panchayat_code=3153008041&fin_year=2025-2026&source=&work_code=3153008041/RC/958486255823714154&msr_no=6168&AttendanceDate=27/03/2026&Digest=GMLHVnaqjpnQc4ymcx73sg",8
"BASTI","SALTAUA GOPAL PUR","AMRAULI SHUMALI","3153007006/DP/958486255824204315","5505","https://mnregaweb4.nic.in/nregaarch/View_NMMS_atten_date_dtl_rpt.aspx?page=&short_name=UP&state_name=UTTAR%20PRADESH&state_code=31&district_name=BASTI&district_code=3153&block_name=SALTAUA%20GOPAL%20PUR&block_code=3153007&panchayat_name=AMRAULI%20SHUMALI&panchayat_code=3153007006&fin_year=2025-2026&source=&work_code=3153007006/DP/958486255824204315&msr_no=5505&AttendanceDate=27/03/2026&Digest=BfENfOo8ADrvAxyYbIZdjw",4
"BASTI","SALTAUA GOPAL PUR","TELIYADEEH","3153007021/IC/958486255823742442","5478","https://mnregaweb4.nic.in/nregaarch/View_NMMS_atten_date_dtl_rpt.aspx?page=&short_name=UP&state_name=UTTAR%20PRADESH&state_code=31&district_name=BASTI&district_code=3153&block_name=SALTAUA%20GOPAL%20PUR&block_code=3153007&panchayat_name=TELIYADEEH&panchayat_code=3153007021&fin_year=2025-2026&source=&work_code=3153007021/IC/958486255823742442&msr_no=5478&AttendanceDate=27/03/2026&Digest=x21C3QtyU9dvHyxY4A7tMg",6
"BASTI","SALTAUA GOPAL PUR","TELIYADEEH","3153007021/IC/958486255823742442","5481","https://mnregaweb4.nic.in/nregaarch/View_NMMS_atten_date_dtl_rpt.aspx?page=&short_name=UP&state_name=UTTAR%20PRADESH&state_code=31&district_name=BASTI&district_code=3153&block_name=SALTAUA%20GOPAL%20PUR&block_code=3153007&panchayat_name=TELIYADEEH&panchayat_code=3153007021&fin_year=2025-2026&source=&work_code=3153007021/IC/958486255823742442&msr_no=5481&AttendanceDate=27/03/2026&Digest=bt2hh/Bm+mbL1r0SCXHJuA",9
"BASTI","SALTAUA GOPAL PUR","JOTA","3153007035/WH/958486255824013074","5421","https://mnregaweb4.nic.in/nregaarch/View_NMMS_atten_date_dtl_rpt.aspx?page=&short_name=UP&state_name=UTTAR%20PRADESH&state_code=31&district_name=BASTI&district_code=3153&block_name=SALTAUA%20GOPAL%20PUR&block_code=3153007&panchayat_name=JOTA&panchayat_code=3153007035&fin_year=2025-2026&source=&work_code=3153007035/WH/958486255824013074&msr_no=5421&AttendanceDate=27/03/2026&Digest=7yEW02jCtF1yNKODLYom9Q",9
"BASTI","SALTAUA GOPAL PUR","JOTA","3153007035/WH/958486255824013074","5424","https://mnregaweb4.nic.in/nregaarch/View_NMMS_atten_date_dtl_rpt.aspx?page=&short_name=UP&state_name=UTTAR%20PRADESH&state_code=31&district_name=BASTI&district_code=3153&block_name=SALTAUA%20GOPAL%20PUR&block_code=3153007&panchayat_name=JOTA&panchayat_code=3153007035&fin_year=2025-2026&source=&work_code=3153007035/WH/958486255824013074&msr_no=5424&AttendanceDate=27/03/2026&Digest=3xJuztbxk19TCWWwISQXqQ",7
"BASTI","SALTAUA GOPAL PUR","JOTA","3153007035/WH/958486255824013074","5427","https://mnregaweb4.nic.in/nregaarch/View_NMMS_atten_date_dtl_rpt.aspx?page=&short_name=UP&state_name=UTTAR%20PRADESH&state_code=31&district_name=BASTI&district_code=3153&block_name=SALTAUA%20GOPAL%20PUR&block_code=3153007&panchayat_name=JOTA&panchayat_code=3153007035&fin_year=2025-2026&source=&work_code=3153007035/WH/958486255824013074&msr_no=5427&AttendanceDate=27/03/2026&Digest=u9PT2avzDiFHghdn37+YsQ",7
"BASTI","SALTAUA GOPAL PUR","REGI","3153007066/RC/958486255823744631","5519","https://mnregaweb4.nic.in/nregaarch/View_NMMS_atten_date_dtl_rpt.aspx?page=&short_name=UP&state_name=UTTAR%20PRADESH&state_code=31&district_name=BASTI&district_code=3153&block_name=SALTAUA%20GOPAL%20PUR&block_code=3153007&panchayat_name=REGI&panchayat_code=3153007066&fin_year=2025-2026&source=&work_code=3153007066/RC/958486255823744631&msr_no=5519&AttendanceDate=27/03/2026&Digest=nVwPj+VQshcdAgjJnuMwWg",1
"BASTI","SALTAUA GOPAL PUR","UMRA KHAS","3153007081/WH/958486255824000438","5497","https://mnregaweb4.nic.in/nregaarch/View_NMMS_atten_date_dtl_rpt.aspx?page=&short_name=UP&state_name=UTTAR%20PRADESH&state_code=31&district_name=BASTI&district_code=3153&block_name=SALTAUA%20GOPAL%20PUR&block_code=3153007&panchayat_name=UMRA%20KHAS&panchayat_code=3153007081&fin_year=2025-2026&source=&work_code=3153007081/WH/958486255824000438&msr_no=5497&AttendanceDate=27/03/2026&Digest=Dap/sP1MJQDjMomne2jldQ",5
"BASTI","SALTAUA GOPAL PUR","KHARHARA JAPTI","3153007083/IC/958486255823744669","5471","https://mnregaweb4.nic.in/nregaarch/View_NMMS_atten_date_dtl_rpt.aspx?page=&short_name=UP&state_name=UTTAR%20PRADESH&state_code=31&district_name=BASTI&district_code=3153&block_name=SALTAUA%20GOPAL%20PUR&block_code=3153007&panchayat_name=KHARHARA%20JAPTI&panchayat_code=3153007083&fin_year=2025-2026&source=&work_code=3153007083/IC/958486255823744669&msr_no=5471&AttendanceDate=27/03/2026&Digest=qai9mOaWHjEDoJ1xHfaGGQ",9
"BASTI","SALTAUA GOPAL PUR","KEVTAKHOR","3153007087/RC/958486255823682901","5431","https://mnregaweb4.nic.in/nregaarch/View_NMMS_atten_date_dtl_rpt.aspx?page=&short_name=UP&state_name=UTTAR%20PRADESH&state_code=31&district_name=BASTI&district_code=3153&block_name=SALTAUA%20GOPAL%20PUR&block_code=3153007&panchayat_name=KEVTAKHOR&panchayat_code=3153007087&fin_year=2025-2026&source=&work_code=3153007087/RC/958486255823682901&msr_no=5431&AttendanceDate=27/03/2026&Digest=XKD9gbPzkbTFKwdHI4r54w",8
"BASTI","SALTAUA GOPAL PUR","MUDBARA","3153007090/LD/958486255825006022","5492","https://mnregaweb4.nic.in/nregaarch/View_NMMS_atten_date_dtl_rpt.aspx?page=&short_name=UP&state_name=UTTAR%20PRADESH&state_code=31&district_name=BASTI&district_code=3153&block_name=SALTAUA%20GOPAL%20PUR&block_code=3153007&panchayat_name=MUDBARA&panchayat_code=3153007090&fin_year=2025-2026&source=&work_code=3153007090/LD/958486255825006022&msr_no=5492&AttendanceDate=27/03/2026&Digest=2+wpC/X9cs8M4uZj2IRH5w",9
"BASTI","SALTAUA GOPAL PUR","BHIURA","3153007091/RC/958486255823594409","5526","https://mnregaweb4.nic.in/nregaarch/View_NMMS_atten_date_dtl_rpt.aspx?page=&short_name=UP&state_name=UTTAR%20PRADESH&state_code=31&district_name=BASTI&district_code=3153&block_name=SALTAUA%20GOPAL%20PUR&block_code=3153007&panchayat_name=BHIURA&panchayat_code=3153007091&fin_year=2025-2026&source=&work_code=3153007091/RC/958486255823594409&msr_no=5526&AttendanceDate=27/03/2026&Digest=XP8KVLcdTOwkrADRZIkp1Q",3
"BASTI","KUDARAHA","MUSARIHA","3153013041/RC/958486255823728282","7824","https://mnregaweb4.nic.in/nregaarch/View_NMMS_atten_date_dtl_rpt.aspx?page=&short_name=UP&state_name=UTTAR%20PRADESH&state_code=31&district_name=BASTI&district_code=3153&block_name=KUDARAHA&block_code=3153013&panchayat_name=MUSARIHA&panchayat_code=3153013041&fin_year=2025-2026&source=&work_code=3153013041/RC/958486255823728282&msr_no=7824&AttendanceDate=27/03/2026&Digest=L/52828pjWMEqoAHqd2QHw",9
"BASTI","KUDARAHA","KABRA KHAS","3153013043/RC/958486255823726579","7752","https://mnregaweb4.nic.in/nregaarch/View_NMMS_atten_date_dtl_rpt.aspx?page=&short_name=UP&state_name=UTTAR%20PRADESH&state_code=31&district_name=BASTI&district_code=3153&block_name=KUDARAHA&block_code=3153013&panchayat_name=KABRA%20KHAS&panchayat_code=3153013043&fin_year=2025-2026&source=&work_code=3153013043/RC/958486255823726579&msr_no=7752&AttendanceDate=27/03/2026&Digest=+IsDSnImZ1KI+WiQU8pglA",10
"BASTI","KUDARAHA","BAISIYA KALA","3153013050/LD/958486255824953603","7713","https://mnregaweb4.nic.in/nregaarch/View_NMMS_atten_date_dtl_rpt.aspx?page=&short_name=UP&state_name=UTTAR%20PRADESH&state_code=31&district_name=BASTI&district_code=3153&block_name=KUDARAHA&block_code=3153013&panchayat_name=BAISIYA%20KALA&panchayat_code=3153013050&fin_year=2025-2026&source=&work_code=3153013050/LD/958486255824953603&msr_no=7713&AttendanceDate=27/03/2026&Digest=woydkSmkqCi7N25+z3fZHg",10
"BASTI","KUDARAHA","BAANPUR","3153013059/RC/958486255823694013","7704","https://mnregaweb4.nic.in/nregaarch/View_NMMS_atten_date_dtl_rpt.aspx?page=&short_name=UP&state_name=UTTAR%20PRADESH&state_code=31&district_name=BASTI&district_code=3153&block_name=KUDARAHA&block_code=3153013&panchayat_name=BAANPUR&panchayat_code=3153013059&fin_year=2025-2026&source=&work_code=3153013059/RC/958486255823694013&msr_no=7704&AttendanceDate=27/03/2026&Digest=E0qwW/ls9QQnlBLMo9e6CQ",10
"BASTI","KUDARAHA","BAANPUR","3153013059/RC/958486255823694017","7702","https://mnregaweb4.nic.in/nregaarch/View_NMMS_atten_date_dtl_rpt.aspx?page=&short_name=UP&state_name=UTTAR%20PRADESH&state_code=31&district_name=BASTI&district_code=3153&block_name=KUDARAHA&block_code=3153013&panchayat_name=BAANPUR&panchayat_code=3153013059&fin_year=2025-2026&source=&work_code=3153013059/RC/958486255823694017&msr_no=7702&AttendanceDate=27/03/2026&Digest=Y5BoyfBTGZQ3iU3HJCUaoQ",10
"BASTI","KUDARAHA","BAANPUR","3153013059/RC/958486255823745463","8187","https://mnregaweb4.nic.in/nregaarch/View_NMMS_atten_date_dtl_rpt.aspx?page=&short_name=UP&state_name=UTTAR%20PRADESH&state_code=31&district_name=BASTI&district_code=3153&block_name=KUDARAHA&block_code=3153013&panchayat_name=BAANPUR&panchayat_code=3153013059&fin_year=2025-2026&source=&work_code=3153013059/RC/958486255823745463&msr_no=8187&AttendanceDate=27/03/2026&Digest=+OoG41SdR8irLGJkKwOUig",9
"BASTI","KUDARAHA","DIHUKPURA","3153013060/RC/958486255823750162","8089","https://mnregaweb4.nic.in/nregaarch/View_NMMS_atten_date_dtl_rpt.aspx?page=&short_name=UP&state_name=UTTAR%20PRADESH&state_code=31&district_name=BASTI&district_code=3153&block_name=KUDARAHA&block_code=3153013&panchayat_name=DIHUKPURA&panchayat_code=3153013060&fin_year=2025-2026&source=&work_code=3153013060/RC/958486255823750162&msr_no=8089&AttendanceDate=27/03/2026&Digest=Mk+w9QO42uc47nKOX2QYsA",3
"BASTI","KUDARAHA","DIHUKPURA","3153013060/RC/958486255823750558","8233","https://mnregaweb4.nic.in/nregaarch/View_NMMS_atten_date_dtl_rpt.aspx?page=&short_name=UP&state_name=UTTAR%20PRADESH&state_code=31&district_name=BASTI&district_code=3153&block_name=KUDARAHA&block_code=3153013&panchayat_name=DIHUKPURA&panchayat_code=3153013060&fin_year=2025-2026&source=&work_code=3153013060/RC/958486255823750558&msr_no=8233&AttendanceDate=27/03/2026&Digest=VhaWnt1/g7RZYWxXR7YTWA",3
"BASTI","KUDARAHA","DIHUKPURA","3153013060/RC/958486255823750568","8225","https://mnregaweb4.nic.in/nregaarch/View_NMMS_atten_date_dtl_rpt.aspx?page=&short_name=UP&state_name=UTTAR%20PRADESH&state_code=31&district_name=BASTI&district_code=3153&block_name=KUDARAHA&block_code=3153013&panchayat_name=DIHUKPURA&panchayat_code=3153013060&fin_year=2025-2026&source=&work_code=3153013060/RC/958486255823750568&msr_no=8225&AttendanceDate=27/03/2026&Digest=E5yBRB2lA5hWSDTliTweLg",8
"BASTI","KUDARAHA","PIPARPATI EHATMALI","3153013071/RC/958486255823746235","8019","https://mnregaweb4.nic.in/nregaarch/View_NMMS_atten_date_dtl_rpt.aspx?page=&short_name=UP&state_name=UTTAR%20PRADESH&state_code=31&district_name=BASTI&district_code=3153&block_name=KUDARAHA&block_code=3153013&panchayat_name=PIPARPATI%20EHATMALI&panchayat_code=3153013071&fin_year=2025-2026&source=&work_code=3153013071/RC/958486255823746235&msr_no=8019&AttendanceDate=27/03/2026&Digest=pZcUDXiX0t+EcKcT8w6mxA",9
"BASTI","KUDARAHA","PIPARPATI EHATMALI","3153013071/RC/958486255823746235","8022","https://mnregaweb4.nic.in/nregaarch/View_NMMS_atten_date_dtl_rpt.aspx?page=&short_name=UP&state_name=UTTAR%20PRADESH&state_code=31&district_name=BASTI&district_code=3153&block_name=KUDARAHA&block_code=3153013&panchayat_name=PIPARPATI%20EHATMALI&panchayat_code=3153013071&fin_year=2025-2026&source=&work_code=3153013071/RC/958486255823746235&msr_no=8022&AttendanceDate=27/03/2026&Digest=8WAk89IH5ZzJ5ZjZAr0j3g",10
"BASTI","KUDARAHA","PIPARPATI EHATMALI","3153013071/RC/958486255823746235","8080","https://mnregaweb4.nic.in/nregaarch/View_NMMS_atten_date_dtl_rpt.aspx?page=&short_name=UP&state_name=UTTAR%20PRADESH&state_code=31&district_name=BASTI&district_code=3153&block_name=KUDARAHA&block_code=3153013&panchayat_name=PIPARPATI%20EHATMALI&panchayat_code=3153013071&fin_year=2025-2026&source=&work_code=3153013071/RC/958486255823746235&msr_no=8080&AttendanceDate=27/03/2026&Digest=wSxDU7C2F17BVJkt4Lsyzw",7
"BASTI","KUDARAHA","HARKHAILIYA URF MATIYARIA","3153013074/RC/YD/958486255823751079","8069","https://mnregaweb4.nic.in/nregaarch/View_NMMS_atten_date_dtl_rpt.aspx?page=&short_name=UP&state_name=UTTAR%20PRADESH&state_code=31&district_name=BASTI&district_code=3153&block_name=KUDARAHA&block_code=3153013&panchayat_name=HARKHAILIYA%20URF%20MATIYARIA&panchayat_code=3153013074&fin_year=2025-2026&source=&work_code=3153013074/RC/YD/958486255823751079&msr_no=8069&AttendanceDate=27/03/2026&Digest=OkY/Zt98t0ufxH3M3DGdXw",10
"BASTI","KUDARAHA","RAGHAUPUR","3153013075/LD/958486255824946739","8101","https://mnregaweb4.nic.in/nregaarch/View_NMMS_atten_date_dtl_rpt.aspx?page=&short_name=UP&state_name=UTTAR%20PRADESH&state_code=31&district_name=BASTI&district_code=3153&block_name=KUDARAHA&block_code=3153013&panchayat_name=RAGHAUPUR&panchayat_code=3153013075&fin_year=2025-2026&source=&work_code=3153013075/LD/958486255824946739&msr_no=8101&AttendanceDate=27/03/2026&Digest=+pjLFwIjUlIg96ARtQ+Ucw",5
"BASTI","KUDARAHA","RAGHAUPUR","3153013075/RC/958486255823592072","8123","https://mnregaweb4.nic.in/nregaarch/View_NMMS_atten_date_dtl_rpt.aspx?page=&short_name=UP&state_name=UTTAR%20PRADESH&state_code=31&district_name=BASTI&district_code=3153&block_name=KUDARAHA&block_code=3153013&panchayat_name=RAGHAUPUR&panchayat_code=3153013075&fin_year=2025-2026&source=&work_code=3153013075/RC/958486255823592072&msr_no=8123&AttendanceDate=27/03/2026&Digest=pq/r/9BvzdyltSHlty1jkw",2
"BASTI","KUDARAHA","RAINIYA","3153013076/IC/958486255823741071","8317","https://mnregaweb4.nic.in/nregaarch/View_NMMS_atten_date_dtl_rpt.aspx?page=&short_name=UP&state_name=UTTAR%20PRADESH&state_code=31&district_name=BASTI&district_code=3153&block_name=KUDARAHA&block_code=3153013&panchayat_name=RAINIYA&panchayat_code=3153013076&fin_year=2025-2026&source=&work_code=3153013076/IC/958486255823741071&msr_no=8317&AttendanceDate=27/03/2026&Digest=UQaJfVft0fGbLVtIDgfbRA",5
"BASTI","KUDARAHA","UJIYANATPUR","3153013077/RC/958486255823654404","8275","https://mnregaweb4.nic.in/nregaarch/View_NMMS_atten_date_dtl_rpt.aspx?page=&short_name=UP&state_name=UTTAR%20PRADESH&state_code=31&district_name=BASTI&district_code=3153&block_name=KUDARAHA&block_code=3153013&panchayat_name=UJIYANATPUR&panchayat_code=3153013077&fin_year=2025-2026&source=&work_code=3153013077/RC/958486255823654404&msr_no=8275&AttendanceDate=27/03/2026&Digest=8Gt0rQwQGJq2P76W5cruIw",10
"BASTI","KUDARAHA","UJIYANATPUR","3153013077/RC/958486255823654404","8278","https://mnregaweb4.nic.in/nregaarch/View_NMMS_atten_date_dtl_rpt.aspx?page=&short_name=UP&state_name=UTTAR%20PRADESH&state_code=31&district_name=BASTI&district_code=3153&block_name=KUDARAHA&block_code=3153013&panchayat_name=UJIYANATPUR&panchayat_code=3153013077&fin_year=2025-2026&source=&work_code=3153013077/RC/958486255823654404&msr_no=8278&AttendanceDate=27/03/2026&Digest=wcsOQFcfWPnL+xZ1owKX+g",10
"BASTI","PARAS RAMPUR","AMAULI","3153001003/IC/958486255823689767","9477","https://mnregaweb4.nic.in/nregaarch/View_NMMS_atten_date_dtl_rpt.aspx?page=&short_name=UP&state_name=UTTAR%20PRADESH&state_code=31&district_name=BASTI&district_code=3153&block_name=PARAS%20RAMPUR&block_code=3153001&panchayat_name=AMAULI&panchayat_code=3153001003&fin_year=2025-2026&source=&work_code=3153001003/IC/958486255823689767&msr_no=9477&AttendanceDate=27/03/2026&Digest=Gk77VnYQJLxIbFZSSgPWMw",8
"BASTI","PARAS RAMPUR","BELBHARIYA","3153001010/RC/958486255823732335","9385","https://mnregaweb4.nic.in/nregaarch/View_NMMS_atten_date_dtl_rpt.aspx?page=&short_name=UP&state_name=UTTAR%20PRADESH&state_code=31&district_name=BASTI&district_code=3153&block_name=PARAS%20RAMPUR&block_code=3153001&panchayat_name=BELBHARIYA&panchayat_code=3153001010&fin_year=2025-2026&source=&work_code=3153001010/RC/958486255823732335&msr_no=9385&AttendanceDate=27/03/2026&Digest=FRJ8woDqOZ1K7t8rG9YiiQ",6
"BASTI","PARAS RAMPUR","BHAISAHAWA","3153001011/RC/958486255823728162","9377","https://mnregaweb4.nic.in/nregaarch/View_NMMS_atten_date_dtl_rpt.aspx?page=&short_name=UP&state_name=UTTAR%20PRADESH&state_code=31&district_name=BASTI&district_code=3153&block_name=PARAS%20RAMPUR&block_code=3153001&panchayat_name=BHAISAHAWA&panchayat_code=3153001011&fin_year=2025-2026&source=&work_code=3153001011/RC/958486255823728162&msr_no=9377&AttendanceDate=27/03/2026&Digest=2lMgk13C4zoq2ChE5iG8tQ",8
"BASTI","PARAS RAMPUR","BICHNAIYA PANDEY","3153001014/RC/958486255823701145","9531","https://mnregaweb4.nic.in/nregaarch/View_NMMS_atten_date_dtl_rpt.aspx?page=&short_name=UP&state_name=UTTAR%20PRADESH&state_code=31&district_name=BASTI&district_code=3153&block_name=PARAS%20RAMPUR&block_code=3153001&panchayat_name=BICHNAIYA%20PANDEY&panchayat_code=3153001014&fin_year=2025-2026&source=&work_code=3153001014/RC/958486255823701145&msr_no=9531&AttendanceDate=27/03/2026&Digest=au1Usbi8K9gYoNDYWCDWsA",6
"BASTI","PARAS RAMPUR","KARIGHNA","3153001038/LD/958486255824982417","9673","https://mnregaweb4.nic.in/nregaarch/View_NMMS_atten_date_dtl_rpt.aspx?page=&short_name=UP&state_name=UTTAR%20PRADESH&state_code=31&district_name=BASTI&district_code=3153&block_name=PARAS%20RAMPUR&block_code=3153001&panchayat_name=KARIGHNA&panchayat_code=3153001038&fin_year=2025-2026&source=&work_code=3153001038/LD/958486255824982417&msr_no=9673&AttendanceDate=27/03/2026&Digest=+S7ksxq6YnoxWwPO8E+v6A",10
"BASTI","PARAS RAMPUR","KHAMARIYA","3153001041/WC/958486255824252764","9706","https://mnregaweb4.nic.in/nregaarch/View_NMMS_atten_date_dtl_rpt.aspx?page=&short_name=UP&state_name=UTTAR%20PRADESH&state_code=31&district_name=BASTI&district_code=3153&block_name=PARAS%20RAMPUR&block_code=3153001&panchayat_name=KHAMARIYA&panchayat_code=3153001041&fin_year=2025-2026&source=&work_code=3153001041/WC/958486255824252764&msr_no=9706&AttendanceDate=27/03/2026&Digest=FfSz7Favv3v0LSSnbMmVxw",1
"BASTI","PARAS RAMPUR","NEVRIRAM BAKSH","3153001060/AV/958486255824160584","9565","https://mnregaweb4.nic.in/nregaarch/View_NMMS_atten_date_dtl_rpt.aspx?page=&short_name=UP&state_name=UTTAR%20PRADESH&state_code=31&district_name=BASTI&district_code=3153&block_name=PARAS%20RAMPUR&block_code=3153001&panchayat_name=NEVRIRAM%20BAKSH&panchayat_code=3153001060&fin_year=2025-2026&source=&work_code=3153001060/AV/958486255824160584&msr_no=9565&AttendanceDate=27/03/2026&Digest=aIEKg8WD6aWmNVvy7vuHng",9
"BASTI","PARAS RAMPUR","UJJAINI","3153001081/LD/958486255824971580","9348","https://mnregaweb4.nic.in/nregaarch/View_NMMS_atten_date_dtl_rpt.aspx?page=&short_name=UP&state_name=UTTAR%20PRADESH&state_code=31&district_name=BASTI&district_code=3153&block_name=PARAS%20RAMPUR&block_code=3153001&panchayat_name=UJJAINI&panchayat_code=3153001081&fin_year=2025-2026&source=&work_code=3153001081/LD/958486255824971580&msr_no=9348&AttendanceDate=27/03/2026&Digest=QkfraGbEsA0npFv/TAr8Ag",8
"BASTI","PARAS RAMPUR","RAMPUR NAV NIDHI RAI","3153001096/LD/958486255824671641","9616","https://mnregaweb4.nic.in/nregaarch/View_NMMS_atten_date_dtl_rpt.aspx?page=&short_name=UP&state_name=UTTAR%20PRADESH&state_code=31&district_name=BASTI&district_code=3153&block_name=PARAS%20RAMPUR&block_code=3153001&panchayat_name=RAMPUR%20NAV%20NIDHI%20RAI&panchayat_code=3153001096&fin_year=2025-2026&source=&work_code=3153001096/LD/958486255824671641&msr_no=9616&AttendanceDate=27/03/2026&Digest=Zc6HatKrf5WRYmvepZoBIA",10
"BASTI","PARAS RAMPUR","SEHARIYA MADHUKARPUR","3153001097/LD/958486255824741358","9608","https://mnregaweb4.nic.in/nregaarch/View_NMMS_atten_date_dtl_rpt.aspx?page=&short_name=UP&state_name=UTTAR%20PRADESH&state_code=31&district_name=BASTI&district_code=3153&block_name=PARAS%20RAMPUR&block_code=3153001&panchayat_name=SEHARIYA%20MADHUKARPUR&panchayat_code=3153001097&fin_year=2025-2026&source=&work_code=3153001097/LD/958486255824741358&msr_no=9608&AttendanceDate=27/03/2026&Digest=Qqp4cB40qzpIx1tVlHyRAQ",7
"BASTI","PARAS RAMPUR","SEHARIYA MADHUKARPUR","3153001097/LD/958486255824741358","9611","https://mnregaweb4.nic.in/nregaarch/View_NMMS_atten_date_dtl_rpt.aspx?page=&short_name=UP&state_name=UTTAR%20PRADESH&state_code=31&district_name=BASTI&district_code=3153&block_name=PARAS%20RAMPUR&block_code=3153001&panchayat_name=SEHARIYA%20MADHUKARPUR&panchayat_code=3153001097&fin_year=2025-2026&source=&work_code=3153001097/LD/958486255824741358&msr_no=9611&AttendanceDate=27/03/2026&Digest=dfQIWACSed6fdPq3X7lzfA",6
"BASTI","PARAS RAMPUR","TALHVAPUR","3153001101/RC/958486255823741272","9550","https://mnregaweb4.nic.in/nregaarch/View_NMMS_atten_date_dtl_rpt.aspx?page=&short_name=UP&state_name=UTTAR%20PRADESH&state_code=31&district_name=BASTI&district_code=3153&block_name=PARAS%20RAMPUR&block_code=3153001&panchayat_name=TALHVAPUR&panchayat_code=3153001101&fin_year=2025-2026&source=&work_code=3153001101/RC/958486255823741272&msr_no=9550&AttendanceDate=27/03/2026&Digest=x7sGsH4ZD1M7TrHEjb4J7g",10
"BASTI","PARAS RAMPUR","JAMOLIYA PANDEY","3153001102/RC/958486255823726351","9526","https://mnregaweb4.nic.in/nregaarch/View_NMMS_atten_date_dtl_rpt.aspx?page=&short_name=UP&state_name=UTTAR%20PRADESH&state_code=31&district_name=BASTI&district_code=3153&block_name=PARAS%20RAMPUR&block_code=3153001&panchayat_name=JAMOLIYA%20PANDEY&panchayat_code=3153001102&fin_year=2025-2026&source=&work_code=3153001102/RC/958486255823726351&msr_no=9526&AttendanceDate=27/03/2026&Digest=fM4h7wkjGyRQObtL4EvyGg",1
"BASTI","PARAS RAMPUR","JAMOLIYA PANDEY","3153001102/RC/958486255823726351","9529","https://mnregaweb4.nic.in/nregaarch/View_NMMS_atten_date_dtl_rpt.aspx?page=&short_name=UP&state_name=UTTAR%20PRADESH&state_code=31&district_name=BASTI&district_code=3153&block_name=PARAS%20RAMPUR&block_code=3153001&panchayat_name=JAMOLIYA%20PANDEY&panchayat_code=3153001102&fin_year=2025-2026&source=&work_code=3153001102/RC/958486255823726351&msr_no=9529&AttendanceDate=27/03/2026&Digest=wevkDviMhhSCKQH9uvBHhQ",9
"BASTI","PARAS RAMPUR","LACHHIPUR","3153001106/RC/958486255823743756","9689","https://mnregaweb4.nic.in/nregaarch/View_NMMS_atten_date_dtl_rpt.aspx?page=&short_name=UP&state_name=UTTAR%20PRADESH&state_code=31&district_name=BASTI&district_code=3153&block_name=PARAS%20RAMPUR&block_code=3153001&panchayat_name=LACHHIPUR&panchayat_code=3153001106&fin_year=2025-2026&source=&work_code=3153001106/RC/958486255823743756&msr_no=9689&AttendanceDate=27/03/2026&Digest=xF3oFhIukr4jeWJSrvCeLg",10
"BASTI","RAMNAGAR","BARGADWA","3153006011/RC/958486255823736485","6201","https://mnregaweb4.nic.in/nregaarch/View_NMMS_atten_date_dtl_rpt.aspx?page=&short_name=UP&state_name=UTTAR%20PRADESH&state_code=31&district_name=BASTI&district_code=3153&block_name=RAMNAGAR&block_code=3153006&panchayat_name=BARGADWA&panchayat_code=3153006011&fin_year=2025-2026&source=&work_code=3153006011/RC/958486255823736485&msr_no=6201&AttendanceDate=27/03/2026&Digest=BEKLh63AnFK+DJF0GpGO1A",3
"BASTI","RAMNAGAR","BARGADWA","3153006011/RC/958486255823738435","6202","https://mnregaweb4.nic.in/nregaarch/View_NMMS_atten_date_dtl_rpt.aspx?page=&short_name=UP&state_name=UTTAR%20PRADESH&state_code=31&district_name=BASTI&district_code=3153&block_name=RAMNAGAR&block_code=3153006&panchayat_name=BARGADWA&panchayat_code=3153006011&fin_year=2025-2026&source=&work_code=3153006011/RC/958486255823738435&msr_no=6202&AttendanceDate=27/03/2026&Digest=ZPVIQeUQ+HIj5nTtrjcYfA",5
"BASTI","RAMNAGAR","GADAPUR CHAK","3153006026/RC/958486255823750649","6151","https://mnregaweb4.nic.in/nregaarch/View_NMMS_atten_date_dtl_rpt.aspx?page=&short_name=UP&state_name=UTTAR%20PRADESH&state_code=31&district_name=BASTI&district_code=3153&block_name=RAMNAGAR&block_code=3153006&panchayat_name=GADAPUR%20CHAK&panchayat_code=3153006026&fin_year=2025-2026&source=&work_code=3153006026/RC/958486255823750649&msr_no=6151&AttendanceDate=27/03/2026&Digest=InBR8FRGZ1XEssTxEkKvZg",5
"BASTI","RAMNAGAR","MAILANI SAHEB WAJID","3153006041/RC/958486255823577457","6209","https://mnregaweb4.nic.in/nregaarch/View_NMMS_atten_date_dtl_rpt.aspx?page=&short_name=UP&state_name=UTTAR%20PRADESH&state_code=31&district_name=BASTI&district_code=3153&block_name=RAMNAGAR&block_code=3153006&panchayat_name=MAILANI%20SAHEB%20WAJID&panchayat_code=3153006041&fin_year=2025-2026&source=&work_code=3153006041/RC/958486255823577457&msr_no=6209&AttendanceDate=27/03/2026&Digest=Amj4NAVr92NKxF0G4qZ35A",3
"BASTI","RAMNAGAR","PARSA KHURD BUJURG URF DARIAPUR JANGAL","3153006050/RC/958486255823751709","6178","https://mnregaweb4.nic.in/nregaarch/View_NMMS_atten_date_dtl_rpt.aspx?page=&short_name=UP&state_name=UTTAR%20PRADESH&state_code=31&district_name=BASTI&district_code=3153&block_name=RAMNAGAR&block_code=3153006&panchayat_name=PARSA%20KHURD%20BUJURG%20URF%20DARIAPUR%20JANGAL&panchayat_code=3153006050&fin_year=2025-2026&source=&work_code=3153006050/RC/958486255823751709&msr_no=6178&AttendanceDate=27/03/2026&Digest=mqEi82CuRtUv/G1peZs41A",6
"BASTI","PARAS RAMPUR","DHOSHAR MISHRA","3153001085/WC/958486255824211496","9447","https://mnregaweb4.nic.in/nregaarch/View_NMMS_atten_date_dtl_rpt.aspx?page=&short_name=UP&state_name=UTTAR%20PRADESH&state_code=31&district_name=BASTI&district_code=3153&block_name=PARAS%20RAMPUR&block_code=3153001&panchayat_name=DHOSHAR%20MISHRA&panchayat_code=3153001085&fin_year=2025-2026&source=&work_code=3153001085/WC/958486255824211496&msr_no=9447&AttendanceDate=27/03/2026&Digest=XfjVWg8U8KNXCIpBuXpm6A",10
"BASTI","PARAS RAMPUR","MADARIYA BABU","3153001090/RC/958486255823692886","9703","https://mnregaweb4.nic.in/nregaarch/View_NMMS_atten_date_dtl_rpt.aspx?page=&short_name=UP&state_name=UTTAR%20PRADESH&state_code=31&district_name=BASTI&district_code=3153&block_name=PARAS%20RAMPUR&block_code=3153001&panchayat_name=MADARIYA%20BABU	&panchayat_code=3153001090&fin_year=2025-2026&source=&work_code=3153001090/RC/958486255823692886&msr_no=9703&AttendanceDate=27/03/2026&Digest=c99WM4audfkIEa9v0XEdMw",6
"BASTI","PARAS RAMPUR","MUKUND PUR","3153001091/WC/958486255824209000","9596","https://mnregaweb4.nic.in/nregaarch/View_NMMS_atten_date_dtl_rpt.aspx?page=&short_name=UP&state_name=UTTAR%20PRADESH&state_code=31&district_name=BASTI&district_code=3153&block_name=PARAS%20RAMPUR&block_code=3153001&panchayat_name=MUKUND%20PUR&panchayat_code=3153001091&fin_year=2025-2026&source=&work_code=3153001091/WC/958486255824209000&msr_no=9596&AttendanceDate=27/03/2026&Digest=qO2uC20EplOtq3sApe3ifw",10
"BASTI","PARAS RAMPUR","PITUDA","3153001093/LD/958486255824888940","9683","https://mnregaweb4.nic.in/nregaarch/View_NMMS_atten_date_dtl_rpt.aspx?page=&short_name=UP&state_name=UTTAR%20PRADESH&state_code=31&district_name=BASTI&district_code=3153&block_name=PARAS%20RAMPUR&block_code=3153001&panchayat_name=PITUDA&panchayat_code=3153001093&fin_year=2025-2026&source=&work_code=3153001093/LD/958486255824888940&msr_no=9683&AttendanceDate=27/03/2026&Digest=q8qG3DYAArCHYI8cuYPb3A",8
"BASTI","PARAS RAMPUR","NAGAR BAHERA","3153001103/WH/958486255823989494","9572","https://mnregaweb4.nic.in/nregaarch/View_NMMS_atten_date_dtl_rpt.aspx?page=&short_name=UP&state_name=UTTAR%20PRADESH&state_code=31&district_name=BASTI&district_code=3153&block_name=PARAS%20RAMPUR&block_code=3153001&panchayat_name=NAGAR%20BAHERA&panchayat_code=3153001103&fin_year=2025-2026&source=&work_code=3153001103/WH/958486255823989494&msr_no=9572&AttendanceDate=27/03/2026&Digest=d6UVpu2XlCdLVg4RdK7nsg",10
"BASTI","PARAS RAMPUR","LACHHIPUR","3153001106/LD/958486255824828632","9521","https://mnregaweb4.nic.in/nregaarch/View_NMMS_atten_date_dtl_rpt.aspx?page=&short_name=UP&state_name=UTTAR%20PRADESH&state_code=31&district_name=BASTI&district_code=3153&block_name=PARAS%20RAMPUR&block_code=3153001&panchayat_name=LACHHIPUR&panchayat_code=3153001106&fin_year=2025-2026&source=&work_code=3153001106/LD/958486255824828632&msr_no=9521&AttendanceDate=27/03/2026&Digest=qFVoo8W1yHwWFJhK/d4V3A",2
"BASTI","RAMNAGAR","BANGAWAN","3153006008/LD/958486255825006435","6063","https://mnregaweb4.nic.in/nregaarch/View_NMMS_atten_date_dtl_rpt.aspx?page=&short_name=UP&state_name=UTTAR%20PRADESH&state_code=31&district_name=BASTI&district_code=3153&block_name=RAMNAGAR&block_code=3153006&panchayat_name=BANGAWAN&panchayat_code=3153006008&fin_year=2025-2026&source=&work_code=3153006008/LD/958486255825006435&msr_no=6063&AttendanceDate=27/03/2026&Digest=9zqzcw7pW5WVNJmmveEtsA",10
"BASTI","RAMNAGAR","BARGADWA","3153006011/RC/958486255823710213","6203","https://mnregaweb4.nic.in/nregaarch/View_NMMS_atten_date_dtl_rpt.aspx?page=&short_name=UP&state_name=UTTAR%20PRADESH&state_code=31&district_name=BASTI&district_code=3153&block_name=RAMNAGAR&block_code=3153006&panchayat_name=BARGADWA&panchayat_code=3153006011&fin_year=2025-2026&source=&work_code=3153006011/RC/958486255823710213&msr_no=6203&AttendanceDate=27/03/2026&Digest=W8KAlGNofZ5rtoMvLjGxWw",8
"BASTI","RAMNAGAR","CHAISAR","3153006020/WC/958486255824226728","6184","https://mnregaweb4.nic.in/nregaarch/View_NMMS_atten_date_dtl_rpt.aspx?page=&short_name=UP&state_name=UTTAR%20PRADESH&state_code=31&district_name=BASTI&district_code=3153&block_name=RAMNAGAR&block_code=3153006&panchayat_name=CHAISAR&panchayat_code=3153006020&fin_year=2025-2026&source=&work_code=3153006020/WC/958486255824226728&msr_no=6184&AttendanceDate=27/03/2026&Digest=puWYr7RmxSjvDBnppImpAQ",9
"BASTI","RAMNAGAR","LODHAVA","3153006040/LD/958486255824981630","6138","https://mnregaweb4.nic.in/nregaarch/View_NMMS_atten_date_dtl_rpt.aspx?page=&short_name=UP&state_name=UTTAR%20PRADESH&state_code=31&district_name=BASTI&district_code=3153&block_name=RAMNAGAR&block_code=3153006&panchayat_name=LODHAVA&panchayat_code=3153006040&fin_year=2025-2026&source=&work_code=3153006040/LD/958486255824981630&msr_no=6138&AttendanceDate=27/03/2026&Digest=nSBANxw8XXvresRMaCWOdg",3
"BASTI","RAMNAGAR","MAILANI SAHEB WAJID","3153006041/RC/958486255823577459","6210","https://mnregaweb4.nic.in/nregaarch/View_NMMS_atten_date_dtl_rpt.aspx?page=&short_name=UP&state_name=UTTAR%20PRADESH&state_code=31&district_name=BASTI&district_code=3153&block_name=RAMNAGAR&block_code=3153006&panchayat_name=MAILANI%20SAHEB%20WAJID&panchayat_code=3153006041&fin_year=2025-2026&source=&work_code=3153006041/RC/958486255823577459&msr_no=6210&AttendanceDate=27/03/2026&Digest=7WlsY4JmjW+LC5xeSLSGug",2
"BASTI","RUDAULI","GOTHWA","3153008028/WH/958486255824013420","6242","https://mnregaweb4.nic.in/nregaarch/View_NMMS_atten_date_dtl_rpt.aspx?page=&short_name=UP&state_name=UTTAR%20PRADESH&state_code=31&district_name=BASTI&district_code=3153&block_name=RUDAULI&block_code=3153008&panchayat_name=GOTHWA&panchayat_code=3153008028&fin_year=2025-2026&source=&work_code=3153008028/WH/958486255824013420&msr_no=6242&AttendanceDate=27/03/2026&Digest=/aQSYw3vryz4XqHJ4cHzgg",5
"BASTI","RUDAULI","KUDAHI","3153008039/RC/958486255823698713","6102","https://mnregaweb4.nic.in/nregaarch/View_NMMS_atten_date_dtl_rpt.aspx?page=&short_name=UP&state_name=UTTAR%20PRADESH&state_code=31&district_name=BASTI&district_code=3153&block_name=RUDAULI&block_code=3153008&panchayat_name=KUDAHI&panchayat_code=3153008039&fin_year=2025-2026&source=&work_code=3153008039/RC/958486255823698713&msr_no=6102&AttendanceDate=27/03/2026&Digest=I43ofZy2PzosglKSTCsaRQ",9
"BASTI","RUDAULI","PADARI","3153008052/RC/958486255823713425","6115","https://mnregaweb4.nic.in/nregaarch/View_NMMS_atten_date_dtl_rpt.aspx?page=&short_name=UP&state_name=UTTAR%20PRADESH&state_code=31&district_name=BASTI&district_code=3153&block_name=RUDAULI&block_code=3153008&panchayat_name=PADARI&panchayat_code=3153008052&fin_year=2025-2026&source=&work_code=3153008052/RC/958486255823713425&msr_no=6115&AttendanceDate=27/03/2026&Digest=U+UFVZms42Dv6LSFEtEv0w",5
"BASTI","RUDAULI","PADARI","3153008052/RC/958486255823716448","6117","https://mnregaweb4.nic.in/nregaarch/View_NMMS_atten_date_dtl_rpt.aspx?page=&short_name=UP&state_name=UTTAR%20PRADESH&state_code=31&district_name=BASTI&district_code=3153&block_name=RUDAULI&block_code=3153008&panchayat_name=PADARI&panchayat_code=3153008052&fin_year=2025-2026&source=&work_code=3153008052/RC/958486255823716448&msr_no=6117&AttendanceDate=27/03/2026&Digest=DGLxJpx44103dw/ChE7TvA",2
"BASTI","RUDAULI","JIGINA","3153008075/RC/958486255823686634","6094","https://mnregaweb4.nic.in/nregaarch/View_NMMS_atten_date_dtl_rpt.aspx?page=&short_name=UP&state_name=UTTAR%20PRADESH&state_code=31&district_name=BASTI&district_code=3153&block_name=RUDAULI&block_code=3153008&panchayat_name=JIGINA&panchayat_code=3153008075&fin_year=2025-2026&source=&work_code=3153008075/RC/958486255823686634&msr_no=6094&AttendanceDate=27/03/2026&Digest=IoEm8um9k0ENIMx4SoZ30w",9
"BASTI","SALTAUA GOPAL PUR","AMRAULI SHUMALI","3153007006/DP/958486255824204315","5504","https://mnregaweb4.nic.in/nregaarch/View_NMMS_atten_date_dtl_rpt.aspx?page=&short_name=UP&state_name=UTTAR%20PRADESH&state_code=31&district_name=BASTI&district_code=3153&block_name=SALTAUA%20GOPAL%20PUR&block_code=3153007&panchayat_name=AMRAULI%20SHUMALI&panchayat_code=3153007006&fin_year=2025-2026&source=&work_code=3153007006/DP/958486255824204315&msr_no=5504&AttendanceDate=27/03/2026&Digest=z/L7eZDooKrH6Gxiw2jjHA",4
"BASTI","SALTAUA GOPAL PUR","NEWADA","3153007052/RC/958486255823671394","5508","https://mnregaweb4.nic.in/nregaarch/View_NMMS_atten_date_dtl_rpt.aspx?page=&short_name=UP&state_name=UTTAR%20PRADESH&state_code=31&district_name=BASTI&district_code=3153&block_name=SALTAUA%20GOPAL%20PUR&block_code=3153007&panchayat_name=NEWADA&panchayat_code=3153007052&fin_year=2025-2026&source=&work_code=3153007052/RC/958486255823671394&msr_no=5508&AttendanceDate=27/03/2026&Digest=NYuKM8crcrKcAPgJaPp0zQ",8
"BASTI","SALTAUA GOPAL PUR","REGI","3153007066/RC/958486255823744632","5522","https://mnregaweb4.nic.in/nregaarch/View_NMMS_atten_date_dtl_rpt.aspx?page=&short_name=UP&state_name=UTTAR%20PRADESH&state_code=31&district_name=BASTI&district_code=3153&block_name=SALTAUA%20GOPAL%20PUR&block_code=3153007&panchayat_name=REGI&panchayat_code=3153007066&fin_year=2025-2026&source=&work_code=3153007066/RC/958486255823744632&msr_no=5522&AttendanceDate=27/03/2026&Digest=aniQMl1C3RGybx6aFmnjkQ",10
"BASTI","SALTAUA GOPAL PUR","SUBHAI","3153007078/RC/958486255823677087","5499","https://mnregaweb4.nic.in/nregaarch/View_NMMS_atten_date_dtl_rpt.aspx?page=&short_name=UP&state_name=UTTAR%20PRADESH&state_code=31&district_name=BASTI&district_code=3153&block_name=SALTAUA%20GOPAL%20PUR&block_code=3153007&panchayat_name=SUBHAI&panchayat_code=3153007078&fin_year=2025-2026&source=&work_code=3153007078/RC/958486255823677087&msr_no=5499&AttendanceDate=27/03/2026&Digest=sOkTZO0B4sPadfN6aMo6Qg",9
"BASTI","SALTAUA GOPAL PUR","KHARHARA JAPTI","3153007083/IC/958486255823744669","5472","https://mnregaweb4.nic.in/nregaarch/View_NMMS_atten_date_dtl_rpt.aspx?page=&short_name=UP&state_name=UTTAR%20PRADESH&state_code=31&district_name=BASTI&district_code=3153&block_name=SALTAUA%20GOPAL%20PUR&block_code=3153007&panchayat_name=KHARHARA%20JAPTI&panchayat_code=3153007083&fin_year=2025-2026&source=&work_code=3153007083/IC/958486255823744669&msr_no=5472&AttendanceDate=27/03/2026&Digest=iLoJmfIudjSvQR9WFH7N7A",9
"BASTI","SALTAUA GOPAL PUR","MUDBARA","3153007090/LD/958486255825006022","5490","https://mnregaweb4.nic.in/nregaarch/View_NMMS_atten_date_dtl_rpt.aspx?page=&short_name=UP&state_name=UTTAR%20PRADESH&state_code=31&district_name=BASTI&district_code=3153&block_name=SALTAUA%20GOPAL%20PUR&block_code=3153007&panchayat_name=MUDBARA&panchayat_code=3153007090&fin_year=2025-2026&source=&work_code=3153007090/LD/958486255825006022&msr_no=5490&AttendanceDate=27/03/2026&Digest=hwzYWDdAkJYvsi8vrY8fAw",10
"BASTI","SALTAUA GOPAL PUR","BHIURA","3153007091/LD/958486255825005524","5428","https://mnregaweb4.nic.in/nregaarch/View_NMMS_atten_date_dtl_rpt.aspx?page=&short_name=UP&state_name=UTTAR%20PRADESH&state_code=31&district_name=BASTI&district_code=3153&block_name=SALTAUA%20GOPAL%20PUR&block_code=3153007&panchayat_name=BHIURA&panchayat_code=3153007091&fin_year=2025-2026&source=&work_code=3153007091/LD/958486255825005524&msr_no=5428&AttendanceDate=27/03/2026&Digest=lNAUsZ2EN7o8t+qJWK0XnA",4
"BASTI","SAU GHAT","KHAMAHRIYA","3153009035/RC/958486255823730376","3380","https://mnregaweb4.nic.in/nregaarch/View_NMMS_atten_date_dtl_rpt.aspx?page=&short_name=UP&state_name=UTTAR%20PRADESH&state_code=31&district_name=BASTI&district_code=3153&block_name=SAU%20GHAT&block_code=3153009&panchayat_name=KHAMAHRIYA&panchayat_code=3153009035&fin_year=2025-2026&source=&work_code=3153009035/RC/958486255823730376&msr_no=3380&AttendanceDate=27/03/2026&Digest=ZJwszKZ+k7C+y/Q0yDcESw",7
"BASTI","SAU GHAT","KHAMAHRIYA","3153009035/RC/958486255823730376","3400","https://mnregaweb4.nic.in/nregaarch/View_NMMS_atten_date_dtl_rpt.aspx?page=&short_name=UP&state_name=UTTAR%20PRADESH&state_code=31&district_name=BASTI&district_code=3153&block_name=SAU%20GHAT&block_code=3153009&panchayat_name=KHAMAHRIYA&panchayat_code=3153009035&fin_year=2025-2026&source=&work_code=3153009035/RC/958486255823730376&msr_no=3400&AttendanceDate=27/03/2026&Digest=Ksc4R8rFrq7sViIp5d/02Q",3
"BASTI","VIKRAM JOT","DHAURAHRA CHAUHAN","3153004018/LD/958486255824989950","5958","https://mnregaweb4.nic.in/nregaarch/View_NMMS_atten_date_dtl_rpt.aspx?page=&short_name=UP&state_name=UTTAR%20PRADESH&state_code=31&district_name=BASTI&district_code=3153&block_name=VIKRAM%20JOT&block_code=3153004&panchayat_name=DHAURAHRA%20CHAUHAN&panchayat_code=3153004018&fin_year=2025-2026&source=&work_code=3153004018/LD/958486255824989950&msr_no=5958&AttendanceDate=27/03/2026&Digest=Vr5W+Lmc15rZPng7cCx3ig",10
"BASTI","VIKRAM JOT","KHATAMSARAY","3153004034/LD/958486255824995840","5783","https://mnregaweb4.nic.in/nregaarch/View_NMMS_atten_date_dtl_rpt.aspx?page=&short_name=UP&state_name=UTTAR%20PRADESH&state_code=31&district_name=BASTI&district_code=3153&block_name=VIKRAM%20JOT&block_code=3153004&panchayat_name=KHATAMSARAY&panchayat_code=3153004034&fin_year=2025-2026&source=&work_code=3153004034/LD/958486255824995840&msr_no=5783&AttendanceDate=27/03/2026&Digest=2NjZOkKxgb1Ayh+9ga7H+w",9
"BASTI","VIKRAM JOT","MALHNI","3153004042/RC/958486255823737150","5872","https://mnregaweb4.nic.in/nregaarch/View_NMMS_atten_date_dtl_rpt.aspx?page=&short_name=UP&state_name=UTTAR%20PRADESH&state_code=31&district_name=BASTI&district_code=3153&block_name=VIKRAM%20JOT&block_code=3153004&panchayat_name=MALHNI&panchayat_code=3153004042&fin_year=2025-2026&source=&work_code=3153004042/RC/958486255823737150&msr_no=5872&AttendanceDate=27/03/2026&Digest=xmddHT6eiqAFalyrZ+zbpA",9
"BASTI","VIKRAM JOT","MALHNI","3153004042/WC/958486255824216389","5869","https://mnregaweb4.nic.in/nregaarch/View_NMMS_atten_date_dtl_rpt.aspx?page=&short_name=UP&state_name=UTTAR%20PRADESH&state_code=31&district_name=BASTI&district_code=3153&block_name=VIKRAM%20JOT&block_code=3153004&panchayat_name=MALHNI&panchayat_code=3153004042&fin_year=2025-2026&source=&work_code=3153004042/WC/958486255824216389&msr_no=5869&AttendanceDate=27/03/2026&Digest=GBy3AFYI4m0HDC3mU8vnDQ",9
"BASTI","VIKRAM JOT","EKMA HIRANIYA","3153004043/RC/958486255823725143","5962","https://mnregaweb4.nic.in/nregaarch/View_NMMS_atten_date_dtl_rpt.aspx?page=&short_name=UP&state_name=UTTAR%20PRADESH&state_code=31&district_name=BASTI&district_code=3153&block_name=VIKRAM%20JOT&block_code=3153004&panchayat_name=EKMA%20HIRANIYA&panchayat_code=3153004043&fin_year=2025-2026&source=&work_code=3153004043/RC/958486255823725143&msr_no=5962&AttendanceDate=27/03/2026&Digest=0pu2ylfnF3IsmeO1m/dAhg",3
"BASTI","VIKRAM JOT","EKMA HIRANIYA","3153004043/WC/958486255824231525","5855","https://mnregaweb4.nic.in/nregaarch/View_NMMS_atten_date_dtl_rpt.aspx?page=&short_name=UP&state_name=UTTAR%20PRADESH&state_code=31&district_name=BASTI&district_code=3153&block_name=VIKRAM%20JOT&block_code=3153004&panchayat_name=EKMA%20HIRANIYA&panchayat_code=3153004043&fin_year=2025-2026&source=&work_code=3153004043/WC/958486255824231525&msr_no=5855&AttendanceDate=27/03/2026&Digest=aZLfCQ7SnJXPew0JCdhdKA",6
"BASTI","VIKRAM JOT","NIYAMATPUR","3153004049/LD/958486255824929913","5988","https://mnregaweb4.nic.in/nregaarch/View_NMMS_atten_date_dtl_rpt.aspx?page=&short_name=UP&state_name=UTTAR%20PRADESH&state_code=31&district_name=BASTI&district_code=3153&block_name=VIKRAM%20JOT&block_code=3153004&panchayat_name=NIYAMATPUR&panchayat_code=3153004049&fin_year=2025-2026&source=&work_code=3153004049/LD/958486255824929913&msr_no=5988&AttendanceDate=27/03/2026&Digest=g643E81ZNgg3xuOoH4y0KQ",9
"BASTI","VIKRAM JOT","PURE CHETAN","3153004053/RC/958486255823731818","5897","https://mnregaweb4.nic.in/nregaarch/View_NMMS_atten_date_dtl_rpt.aspx?page=&short_name=UP&state_name=UTTAR%20PRADESH&state_code=31&district_name=BASTI&district_code=3153&block_name=VIKRAM%20JOT&block_code=3153004&panchayat_name=PURE%20CHETAN&panchayat_code=3153004053&fin_year=2025-2026&source=&work_code=3153004053/RC/958486255823731818&msr_no=5897&AttendanceDate=27/03/2026&Digest=b9x5d0sQfs3IqNxFq9j+Tg",10
"BASTI","SAU GHAT","BATELA","3153009008/RC/958486255823741425","3406","https://mnregaweb4.nic.in/nregaarch/View_NMMS_atten_date_dtl_rpt.aspx?page=&short_name=UP&state_name=UTTAR%20PRADESH&state_code=31&district_name=BASTI&district_code=3153&block_name=SAU%20GHAT&block_code=3153009&panchayat_name=BATELA&panchayat_code=3153009008&fin_year=2025-2026&source=&work_code=3153009008/RC/958486255823741425&msr_no=3406&AttendanceDate=27/03/2026&Digest=8kP7OiB6ekWbZHpfb02dHw",7
"BASTI","SAU GHAT","JHARKATIYA","3153009028/RC/958486255823751269","3374","https://mnregaweb4.nic.in/nregaarch/View_NMMS_atten_date_dtl_rpt.aspx?page=&short_name=UP&state_name=UTTAR%20PRADESH&state_code=31&district_name=BASTI&district_code=3153&block_name=SAU%20GHAT&block_code=3153009&panchayat_name=JHARKATIYA&panchayat_code=3153009028&fin_year=2025-2026&source=&work_code=3153009028/RC/958486255823751269&msr_no=3374&AttendanceDate=27/03/2026&Digest=OgcyuqsRv0YuI5+y8Oo34w",8
"BASTI","VIKRAM JOT","AURANGABAD","3153004005/LD/958486255824919627","5799","https://mnregaweb4.nic.in/nregaarch/View_NMMS_atten_date_dtl_rpt.aspx?page=&short_name=UP&state_name=UTTAR%20PRADESH&state_code=31&district_name=BASTI&district_code=3153&block_name=VIKRAM%20JOT&block_code=3153004&panchayat_name=AURANGABAD&panchayat_code=3153004005&fin_year=2025-2026&source=&work_code=3153004005/LD/958486255824919627&msr_no=5799&AttendanceDate=27/03/2026&Digest=yTT5WOFrDGmuw5flIzv2Tw",5
"BASTI","VIKRAM JOT","CHAPILAON","3153004013/RC/958486255823646590","5983","https://mnregaweb4.nic.in/nregaarch/View_NMMS_atten_date_dtl_rpt.aspx?page=&short_name=UP&state_name=UTTAR%20PRADESH&state_code=31&district_name=BASTI&district_code=3153&block_name=VIKRAM%20JOT&block_code=3153004&panchayat_name=CHAPILAON&panchayat_code=3153004013&fin_year=2025-2026&source=&work_code=3153004013/RC/958486255823646590&msr_no=5983&AttendanceDate=27/03/2026&Digest=+OsNPWoTdJrc/oiFEWXY+Q",2
"BASTI","VIKRAM JOT","DAHDA MISHRA","3153004015/LD/958486255824958089","5808","https://mnregaweb4.nic.in/nregaarch/View_NMMS_atten_date_dtl_rpt.aspx?page=&short_name=UP&state_name=UTTAR%20PRADESH&state_code=31&district_name=BASTI&district_code=3153&block_name=VIKRAM%20JOT&block_code=3153004&panchayat_name=DAHDA%20MISHRA&panchayat_code=3153004015&fin_year=2025-2026&source=&work_code=3153004015/LD/958486255824958089&msr_no=5808&AttendanceDate=27/03/2026&Digest=7ZrTk3HCylLltPA76+5PbQ",8
"BASTI","VIKRAM JOT","DHAURAHRA CHAUHAN","3153004018/LD/958486255824989950","5956","https://mnregaweb4.nic.in/nregaarch/View_NMMS_atten_date_dtl_rpt.aspx?page=&short_name=UP&state_name=UTTAR%20PRADESH&state_code=31&district_name=BASTI&district_code=3153&block_name=VIKRAM%20JOT&block_code=3153004&panchayat_name=DHAURAHRA%20CHAUHAN&panchayat_code=3153004018&fin_year=2025-2026&source=&work_code=3153004018/LD/958486255824989950&msr_no=5956&AttendanceDate=27/03/2026&Digest=Jr4K57+nWQNjggMqbEhimw",10
"BASTI","VIKRAM JOT","DHAURAHRA CHAUHAN","3153004018/LD/958486255824989950","5959","https://mnregaweb4.nic.in/nregaarch/View_NMMS_atten_date_dtl_rpt.aspx?page=&short_name=UP&state_name=UTTAR%20PRADESH&state_code=31&district_name=BASTI&district_code=3153&block_name=VIKRAM%20JOT&block_code=3153004&panchayat_name=DHAURAHRA%20CHAUHAN&panchayat_code=3153004018&fin_year=2025-2026&source=&work_code=3153004018/LD/958486255824989950&msr_no=5959&AttendanceDate=27/03/2026&Digest=9LvCZeifzRl6XE8TlndzDw",8
"BASTI","VIKRAM JOT","DHIRAULI PANDEY","3153004023/RC/958486255823733433","5963","https://mnregaweb4.nic.in/nregaarch/View_NMMS_atten_date_dtl_rpt.aspx?page=&short_name=UP&state_name=UTTAR%20PRADESH&state_code=31&district_name=BASTI&district_code=3153&block_name=VIKRAM%20JOT&block_code=3153004&panchayat_name=DHIRAULI%20PANDEY&panchayat_code=3153004023&fin_year=2025-2026&source=&work_code=3153004023/RC/958486255823733433&msr_no=5963&AttendanceDate=27/03/2026&Digest=oVazUDY9l3AWQwZ83xp5DA",6
"BASTI","VIKRAM JOT","KAWALPUR","3153004030/RC/958486255823747447","5991","https://mnregaweb4.nic.in/nregaarch/View_NMMS_atten_date_dtl_rpt.aspx?page=&short_name=UP&state_name=UTTAR%20PRADESH&state_code=31&district_name=BASTI&district_code=3153&block_name=VIKRAM%20JOT&block_code=3153004&panchayat_name=KAWALPUR&panchayat_code=3153004030&fin_year=2025-2026&source=&work_code=3153004030/RC/958486255823747447&msr_no=5991&AttendanceDate=27/03/2026&Digest=aj7eIDQUxm6JNwwUP0DNew",2
"BASTI","VIKRAM JOT","KHATAMSARAY","3153004034/LD/958486255824995840","5784","https://mnregaweb4.nic.in/nregaarch/View_NMMS_atten_date_dtl_rpt.aspx?page=&short_name=UP&state_name=UTTAR%20PRADESH&state_code=31&district_name=BASTI&district_code=3153&block_name=VIKRAM%20JOT&block_code=3153004&panchayat_name=KHATAMSARAY&panchayat_code=3153004034&fin_year=2025-2026&source=&work_code=3153004034/LD/958486255824995840&msr_no=5784&AttendanceDate=27/03/2026&Digest=GuyTVBqHVmITM5G94p+fmQ",5
"BASTI","VIKRAM JOT","KUANGAON","3153004037/FP/958486255823617398","5790","https://mnregaweb4.nic.in/nregaarch/View_NMMS_atten_date_dtl_rpt.aspx?page=&short_name=UP&state_name=UTTAR%20PRADESH&state_code=31&district_name=BASTI&district_code=3153&block_name=VIKRAM%20JOT&block_code=3153004&panchayat_name=KUANGAON&panchayat_code=3153004037&fin_year=2025-2026&source=&work_code=3153004037/FP/958486255823617398&msr_no=5790&AttendanceDate=27/03/2026&Digest=c3DtwLCE/wL7XpoSlBX3Zw",9
"BASTI","VIKRAM JOT","LAJGHATA","3153004038/LD/958486255824829955","5841","https://mnregaweb4.nic.in/nregaarch/View_NMMS_atten_date_dtl_rpt.aspx?page=&short_name=UP&state_name=UTTAR%20PRADESH&state_code=31&district_name=BASTI&district_code=3153&block_name=VIKRAM%20JOT&block_code=3153004&panchayat_name=LAJGHATA&panchayat_code=3153004038&fin_year=2025-2026&source=&work_code=3153004038/LD/958486255824829955&msr_no=5841&AttendanceDate=27/03/2026&Digest=OeXXfyNFk9ylEppO9NXT3Q",2
"BASTI","VIKRAM JOT","MADNA MAJHA","3153004040/LD/958486255824916796","5814","https://mnregaweb4.nic.in/nregaarch/View_NMMS_atten_date_dtl_rpt.aspx?page=&short_name=UP&state_name=UTTAR%20PRADESH&state_code=31&district_name=BASTI&district_code=3153&block_name=VIKRAM%20JOT&block_code=3153004&panchayat_name=MADNA%20MAJHA&panchayat_code=3153004040&fin_year=2025-2026&source=&work_code=3153004040/LD/958486255824916796&msr_no=5814&AttendanceDate=27/03/2026&Digest=IAi+AIfVA7AJ+huHn+GKgQ",5
"BASTI","VIKRAM JOT","MALHNI","3153004042/WC/958486255824216389","5870","https://mnregaweb4.nic.in/nregaarch/View_NMMS_atten_date_dtl_rpt.aspx?page=&short_name=UP&state_name=UTTAR%20PRADESH&state_code=31&district_name=BASTI&district_code=3153&block_name=VIKRAM%20JOT&block_code=3153004&panchayat_name=MALHNI&panchayat_code=3153004042&fin_year=2025-2026&source=&work_code=3153004042/WC/958486255824216389&msr_no=5870&AttendanceDate=27/03/2026&Digest=xhgJSl/snVvbGETAe6D+4A",7
"BASTI","VIKRAM JOT","EKMA HIRANIYA","3153004043/RC/958486255823725143","5960","https://mnregaweb4.nic.in/nregaarch/View_NMMS_atten_date_dtl_rpt.aspx?page=&short_name=UP&state_name=UTTAR%20PRADESH&state_code=31&district_name=BASTI&district_code=3153&block_name=VIKRAM%20JOT&block_code=3153004&panchayat_name=EKMA%20HIRANIYA&panchayat_code=3153004043&fin_year=2025-2026&source=&work_code=3153004043/RC/958486255823725143&msr_no=5960&AttendanceDate=27/03/2026&Digest=fdgBec5JewUgMB1kmK02tw",10
"BASTI","VIKRAM JOT","EKMA HIRANIYA","3153004043/WC/958486255824231525","5854","https://mnregaweb4.nic.in/nregaarch/View_NMMS_atten_date_dtl_rpt.aspx?page=&short_name=UP&state_name=UTTAR%20PRADESH&state_code=31&district_name=BASTI&district_code=3153&block_name=VIKRAM%20JOT&block_code=3153004&panchayat_name=EKMA%20HIRANIYA&panchayat_code=3153004043&fin_year=2025-2026&source=&work_code=3153004043/WC/958486255824231525&msr_no=5854&AttendanceDate=27/03/2026&Digest=A+hcXwvbbBZ+1/ZT3Nhd2A",1
"BASTI","VIKRAM JOT","EKMA HIRANIYA","3153004043/WC/958486255824231525","5857","https://mnregaweb4.nic.in/nregaarch/View_NMMS_atten_date_dtl_rpt.aspx?page=&short_name=UP&state_name=UTTAR%20PRADESH&state_code=31&district_name=BASTI&district_code=3153&block_name=VIKRAM%20JOT&block_code=3153004&panchayat_name=EKMA%20HIRANIYA&panchayat_code=3153004043&fin_year=2025-2026&source=&work_code=3153004043/WC/958486255824231525&msr_no=5857&AttendanceDate=27/03/2026&Digest=U+iaXAKnQMoaVCpR04fcYw",6
"BASTI","VIKRAM JOT","EKMA HIRANIYA","3153004043/WC/958486255824231525","5860","https://mnregaweb4.nic.in/nregaarch/View_NMMS_atten_date_dtl_rpt.aspx?page=&short_name=UP&state_name=UTTAR%20PRADESH&state_code=31&district_name=BASTI&district_code=3153&block_name=VIKRAM%20JOT&block_code=3153004&panchayat_name=EKMA%20HIRANIYA&panchayat_code=3153004043&fin_year=2025-2026&source=&work_code=3153004043/WC/958486255824231525&msr_no=5860&AttendanceDate=27/03/2026&Digest=6GpusyNjMiF9WogkLFjxxg",2
"BASTI","VIKRAM JOT","PURE CHETAN","3153004053/RC/958486255823731821","5911","https://mnregaweb4.nic.in/nregaarch/View_NMMS_atten_date_dtl_rpt.aspx?page=&short_name=UP&state_name=UTTAR%20PRADESH&state_code=31&district_name=BASTI&district_code=3153&block_name=VIKRAM%20JOT&block_code=3153004&panchayat_name=PURE%20CHETAN&panchayat_code=3153004053&fin_year=2025-2026&source=&work_code=3153004053/RC/958486255823731821&msr_no=5911&AttendanceDate=27/03/2026&Digest=pc6BE6p7velO7uYkYzn2Tw",7
"BASTI","VIKRAM JOT","SHANKARPUR","3153004061/RC/958486255823741079","5824","https://mnregaweb4.nic.in/nregaarch/View_NMMS_atten_date_dtl_rpt.aspx?page=&short_name=UP&state_name=UTTAR%20PRADESH&state_code=31&district_name=BASTI&district_code=3153&block_name=VIKRAM%20JOT&block_code=3153004&panchayat_name=SHANKARPUR&panchayat_code=3153004061&fin_year=2025-2026&source=&work_code=3153004061/RC/958486255823741079&msr_no=5824&AttendanceDate=27/03/2026&Digest=FNE7tHQe4wMRKXKKZihn3g",10
"BASTI","KUDARAHA","UJIYANATPUR","3153013077/RC/958486255823654392","8281","https://mnregaweb4.nic.in/nregaarch/View_NMMS_atten_date_dtl_rpt.aspx?page=&short_name=UP&state_name=UTTAR%20PRADESH&state_code=31&district_name=BASTI&district_code=3153&block_name=KUDARAHA&block_code=3153013&panchayat_name=UJIYANATPUR&panchayat_code=3153013077&fin_year=2025-2026&source=&work_code=3153013077/RC/958486255823654392&msr_no=8281&AttendanceDate=27/03/2026&Digest=G6sISsJd3ZTLlOfbVBYowA",10
"BASTI","KUDARAHA","UJIYANATPUR","3153013077/RC/958486255823654392","8284","https://mnregaweb4.nic.in/nregaarch/View_NMMS_atten_date_dtl_rpt.aspx?page=&short_name=UP&state_name=UTTAR%20PRADESH&state_code=31&district_name=BASTI&district_code=3153&block_name=KUDARAHA&block_code=3153013&panchayat_name=UJIYANATPUR&panchayat_code=3153013077&fin_year=2025-2026&source=&work_code=3153013077/RC/958486255823654392&msr_no=8284&AttendanceDate=27/03/2026&Digest=8hwiWWxqkojibctFhD7w6A",8
"BASTI","KUDARAHA","DAIJI","3153013078/LD/958486255824702897","8050","https://mnregaweb4.nic.in/nregaarch/View_NMMS_atten_date_dtl_rpt.aspx?page=&short_name=UP&state_name=UTTAR%20PRADESH&state_code=31&district_name=BASTI&district_code=3153&block_name=KUDARAHA&block_code=3153013&panchayat_name=DAIJI&panchayat_code=3153013078&fin_year=2025-2026&source=&work_code=3153013078/LD/958486255824702897&msr_no=8050&AttendanceDate=27/03/2026&Digest=NYuTl4L8YwEyMxn8l4KpGg",10
"BASTI","PARAS RAMPUR","BELBHARIYA","3153001010/RC/958486255823732335","9386","https://mnregaweb4.nic.in/nregaarch/View_NMMS_atten_date_dtl_rpt.aspx?page=&short_name=UP&state_name=UTTAR%20PRADESH&state_code=31&district_name=BASTI&district_code=3153&block_name=PARAS%20RAMPUR&block_code=3153001&panchayat_name=BELBHARIYA&panchayat_code=3153001010&fin_year=2025-2026&source=&work_code=3153001010/RC/958486255823732335&msr_no=9386&AttendanceDate=27/03/2026&Digest=VG962caG1kJiSPodrCq2Qg",2
"BASTI","PARAS RAMPUR","BHAISAHAWA","3153001011/RC/958486255823728168","9381","https://mnregaweb4.nic.in/nregaarch/View_NMMS_atten_date_dtl_rpt.aspx?page=&short_name=UP&state_name=UTTAR%20PRADESH&state_code=31&district_name=BASTI&district_code=3153&block_name=PARAS%20RAMPUR&block_code=3153001&panchayat_name=BHAISAHAWA&panchayat_code=3153001011&fin_year=2025-2026&source=&work_code=3153001011/RC/958486255823728168&msr_no=9381&AttendanceDate=27/03/2026&Digest=GsyMgS1TG25C7KiUmUWQrQ",5
"BASTI","PARAS RAMPUR","BICHHIYA MISHRA","3153001013/RC/958486255823699322","9558","https://mnregaweb4.nic.in/nregaarch/View_NMMS_atten_date_dtl_rpt.aspx?page=&short_name=UP&state_name=UTTAR%20PRADESH&state_code=31&district_name=BASTI&district_code=3153&block_name=PARAS%20RAMPUR&block_code=3153001&panchayat_name=BICHHIYA%20MISHRA&panchayat_code=3153001013&fin_year=2025-2026&source=&work_code=3153001013/RC/958486255823699322&msr_no=9558&AttendanceDate=27/03/2026&Digest=XbaeVerDnwLvHM6CewBOgQ",8
"BASTI","PARAS RAMPUR","BICHNAIYA PANDEY","3153001014/RC/958486255823646074","9509","https://mnregaweb4.nic.in/nregaarch/View_NMMS_atten_date_dtl_rpt.aspx?page=&short_name=UP&state_name=UTTAR%20PRADESH&state_code=31&district_name=BASTI&district_code=3153&block_name=PARAS%20RAMPUR&block_code=3153001&panchayat_name=BICHNAIYA%20PANDEY&panchayat_code=3153001014&fin_year=2025-2026&source=&work_code=3153001014/RC/958486255823646074&msr_no=9509&AttendanceDate=27/03/2026&Digest=zRcyXzjgIW514S37gak7ig",4
"BASTI","PARAS RAMPUR","BICHNAIYA PANDEY","3153001014/RC/958486255823701145","9532","https://mnregaweb4.nic.in/nregaarch/View_NMMS_atten_date_dtl_rpt.aspx?page=&short_name=UP&state_name=UTTAR%20PRADESH&state_code=31&district_name=BASTI&district_code=3153&block_name=PARAS%20RAMPUR&block_code=3153001&panchayat_name=BICHNAIYA%20PANDEY&panchayat_code=3153001014&fin_year=2025-2026&source=&work_code=3153001014/RC/958486255823701145&msr_no=9532&AttendanceDate=27/03/2026&Digest=EWPfL04K9uDXi8UoDOX7pQ",1
"BASTI","PARAS RAMPUR","CHAORI","3153001015/LD/958486255825005262","9376","https://mnregaweb4.nic.in/nregaarch/View_NMMS_atten_date_dtl_rpt.aspx?page=&short_name=UP&state_name=UTTAR%20PRADESH&state_code=31&district_name=BASTI&district_code=3153&block_name=PARAS%20RAMPUR&block_code=3153001&panchayat_name=CHAORI&panchayat_code=3153001015&fin_year=2025-2026&source=&work_code=3153001015/LD/958486255825005262&msr_no=9376&AttendanceDate=27/03/2026&Digest=RgYMBOm8IrCn54mtiOnmDQ",6
"BASTI","PARAS RAMPUR","CHHEDIYAPARA","3153001016/LD/958486255824986999","9582","https://mnregaweb4.nic.in/nregaarch/View_NMMS_atten_date_dtl_rpt.aspx?page=&short_name=UP&state_name=UTTAR%20PRADESH&state_code=31&district_name=BASTI&district_code=3153&block_name=PARAS%20RAMPUR&block_code=3153001&panchayat_name=CHHEDIYAPARA&panchayat_code=3153001016&fin_year=2025-2026&source=&work_code=3153001016/LD/958486255824986999&msr_no=9582&AttendanceDate=27/03/2026&Digest=gBQccZT1Z3LPuuxqMJOSEw",6
"BASTI","PARAS RAMPUR","KISHUNPUR","3153001043/RC/958486255823728851","9562","https://mnregaweb4.nic.in/nregaarch/View_NMMS_atten_date_dtl_rpt.aspx?page=&short_name=UP&state_name=UTTAR%20PRADESH&state_code=31&district_name=BASTI&district_code=3153&block_name=PARAS%20RAMPUR&block_code=3153001&panchayat_name=KISHUNPUR&panchayat_code=3153001043&fin_year=2025-2026&source=&work_code=3153001043/RC/958486255823728851&msr_no=9562&AttendanceDate=27/03/2026&Digest=5vdm66j6lj+XXFf/R7LrLw",5
"BASTI","PARAS RAMPUR","NAGPUR (KUVAR)","3153001054/LD/958486255824934307","9553","https://mnregaweb4.nic.in/nregaarch/View_NMMS_atten_date_dtl_rpt.aspx?page=&short_name=UP&state_name=UTTAR%20PRADESH&state_code=31&district_name=BASTI&district_code=3153&block_name=PARAS%20RAMPUR&block_code=3153001&panchayat_name=NAGPUR%20(KUVAR)&panchayat_code=3153001054&fin_year=2025-2026&source=&work_code=3153001054/LD/958486255824934307&msr_no=9553&AttendanceDate=27/03/2026&Digest=m/arZa5RAOjwgf1d7QaBSw",8
"BASTI","PARAS RAMPUR","NAGPUR TIKAYT","3153001055/LD/958486255824641104","9457","https://mnregaweb4.nic.in/nregaarch/View_NMMS_atten_date_dtl_rpt.aspx?page=&short_name=UP&state_name=UTTAR%20PRADESH&state_code=31&district_name=BASTI&district_code=3153&block_name=PARAS%20RAMPUR&block_code=3153001&panchayat_name=NAGPUR%20TIKAYT&panchayat_code=3153001055&fin_year=2025-2026&source=&work_code=3153001055/LD/958486255824641104&msr_no=9457&AttendanceDate=27/03/2026&Digest=kJwYA7x2ND+AsXYGccEt6g",7
"BASTI","PARAS RAMPUR","NANADNAGAR","3153001056/WH/958486255823988945","9523","https://mnregaweb4.nic.in/nregaarch/View_NMMS_atten_date_dtl_rpt.aspx?page=&short_name=UP&state_name=UTTAR%20PRADESH&state_code=31&district_name=BASTI&district_code=3153&block_name=PARAS%20RAMPUR&block_code=3153001&panchayat_name=NANADNAGAR&panchayat_code=3153001056&fin_year=2025-2026&source=&work_code=3153001056/WH/958486255823988945&msr_no=9523&AttendanceDate=27/03/2026&Digest=wdyGup2vSM4l4xw/tOtrsg",10
"BASTI","PARAS RAMPUR","RIDHAURA","3153001072/AV/958486255824186487","9387","https://mnregaweb4.nic.in/nregaarch/View_NMMS_atten_date_dtl_rpt.aspx?page=&short_name=UP&state_name=UTTAR%20PRADESH&state_code=31&district_name=BASTI&district_code=3153&block_name=PARAS%20RAMPUR&block_code=3153001&panchayat_name=RIDHAURA&panchayat_code=3153001072&fin_year=2025-2026&source=&work_code=3153001072/AV/958486255824186487&msr_no=9387&AttendanceDate=27/03/2026&Digest=6MZ1yAd0a/5r2CKIu1VMpQ",9
"BASTI","PARAS RAMPUR","SUKRAULI KUWAR","3153001078/AV/958486255824186356","9603","https://mnregaweb4.nic.in/nregaarch/View_NMMS_atten_date_dtl_rpt.aspx?page=&short_name=UP&state_name=UTTAR%20PRADESH&state_code=31&district_name=BASTI&district_code=3153&block_name=PARAS%20RAMPUR&block_code=3153001&panchayat_name=SUKRAULI%20KUWAR&panchayat_code=3153001078&fin_year=2025-2026&source=&work_code=3153001078/AV/958486255824186356&msr_no=9603&AttendanceDate=27/03/2026&Digest=ZGJRYmhbO8UWfH/WNcmMrA",1
"BASTI","PARAS RAMPUR","DHOSHAR MISHRA","3153001085/LD/958486255824966588","9454","https://mnregaweb4.nic.in/nregaarch/View_NMMS_atten_date_dtl_rpt.aspx?page=&short_name=UP&state_name=UTTAR%20PRADESH&state_code=31&district_name=BASTI&district_code=3153&block_name=PARAS%20RAMPUR&block_code=3153001&panchayat_name=DHOSHAR%20MISHRA&panchayat_code=3153001085&fin_year=2025-2026&source=&work_code=3153001085/LD/958486255824966588&msr_no=9454&AttendanceDate=27/03/2026&Digest=N1v/4YnDTsL50Oj6B01AiQ",10
"BASTI","PARAS RAMPUR","MUKUND PUR","3153001091/WC/958486255824209000","9595","https://mnregaweb4.nic.in/nregaarch/View_NMMS_atten_date_dtl_rpt.aspx?page=&short_name=UP&state_name=UTTAR%20PRADESH&state_code=31&district_name=BASTI&district_code=3153&block_name=PARAS%20RAMPUR&block_code=3153001&panchayat_name=MUKUND%20PUR&panchayat_code=3153001091&fin_year=2025-2026&source=&work_code=3153001091/WC/958486255824209000&msr_no=9595&AttendanceDate=27/03/2026&Digest=OfVBYa5cFA9rKCgKIuapAg",9
"BASTI","PARAS RAMPUR","BILARI BHITI","3153001092/RC/958486255823708508","9700","https://mnregaweb4.nic.in/nregaarch/View_NMMS_atten_date_dtl_rpt.aspx?page=&short_name=UP&state_name=UTTAR%20PRADESH&state_code=31&district_name=BASTI&district_code=3153&block_name=PARAS%20RAMPUR&block_code=3153001&panchayat_name=BILARI%20BHITI&panchayat_code=3153001092&fin_year=2025-2026&source=&work_code=3153001092/RC/958486255823708508&msr_no=9700&AttendanceDate=27/03/2026&Digest=pyhf4IVwb6vJYPP0jZpNbw",10
"BASTI","PARAS RAMPUR","RAMPUR NAV NIDHI RAI","3153001096/LD/958486255824671641","9619","https://mnregaweb4.nic.in/nregaarch/View_NMMS_atten_date_dtl_rpt.aspx?page=&short_name=UP&state_name=UTTAR%20PRADESH&state_code=31&district_name=BASTI&district_code=3153&block_name=PARAS%20RAMPUR&block_code=3153001&panchayat_name=RAMPUR%20NAV%20NIDHI%20RAI&panchayat_code=3153001096&fin_year=2025-2026&source=&work_code=3153001096/LD/958486255824671641&msr_no=9619&AttendanceDate=27/03/2026&Digest=MLxzNYW4kGxNbZNAeqYHVg",6
"BASTI","PARAS RAMPUR","SEHARIYA MADHUKARPUR","3153001097/LD/958486255824741360","9607","https://mnregaweb4.nic.in/nregaarch/View_NMMS_atten_date_dtl_rpt.aspx?page=&short_name=UP&state_name=UTTAR%20PRADESH&state_code=31&district_name=BASTI&district_code=3153&block_name=PARAS%20RAMPUR&block_code=3153001&panchayat_name=SEHARIYA%20MADHUKARPUR&panchayat_code=3153001097&fin_year=2025-2026&source=&work_code=3153001097/LD/958486255824741360&msr_no=9607&AttendanceDate=27/03/2026&Digest=hVA8tKcuatE8hh62916Ehw",8
"BASTI","PARAS RAMPUR","TALHVAPUR","3153001101/RC/958486255823641967","9669","https://mnregaweb4.nic.in/nregaarch/View_NMMS_atten_date_dtl_rpt.aspx?page=&short_name=UP&state_name=UTTAR%20PRADESH&state_code=31&district_name=BASTI&district_code=3153&block_name=PARAS%20RAMPUR&block_code=3153001&panchayat_name=TALHVAPUR&panchayat_code=3153001101&fin_year=2025-2026&source=&work_code=3153001101/RC/958486255823641967&msr_no=9669&AttendanceDate=27/03/2026&Digest=cX9QbpnJgsQUSztusJawvg",4
"BASTI","PARAS RAMPUR","JAMOLIYA PANDEY","3153001102/RC/958486255823726351","9527","https://mnregaweb4.nic.in/nregaarch/View_NMMS_atten_date_dtl_rpt.aspx?page=&short_name=UP&state_name=UTTAR%20PRADESH&state_code=31&district_name=BASTI&district_code=3153&block_name=PARAS%20RAMPUR&block_code=3153001&panchayat_name=JAMOLIYA%20PANDEY&panchayat_code=3153001102&fin_year=2025-2026&source=&work_code=3153001102/RC/958486255823726351&msr_no=9527&AttendanceDate=27/03/2026&Digest=wmFV9ueQAMZuSKkyILvySQ",9
"BASTI","PARAS RAMPUR","JAMOLIYA PANDEY","3153001102/RC/958486255823726351","9530","https://mnregaweb4.nic.in/nregaarch/View_NMMS_atten_date_dtl_rpt.aspx?page=&short_name=UP&state_name=UTTAR%20PRADESH&state_code=31&district_name=BASTI&district_code=3153&block_name=PARAS%20RAMPUR&block_code=3153001&panchayat_name=JAMOLIYA%20PANDEY&panchayat_code=3153001102&fin_year=2025-2026&source=&work_code=3153001102/RC/958486255823726351&msr_no=9530&AttendanceDate=27/03/2026&Digest=omWcnvpnBQfZ6vg79SgqFw",3
"BASTI","PARAS RAMPUR","LACHHIPUR","3153001106/RC/958486255823743756","9690","https://mnregaweb4.nic.in/nregaarch/View_NMMS_atten_date_dtl_rpt.aspx?page=&short_name=UP&state_name=UTTAR%20PRADESH&state_code=31&district_name=BASTI&district_code=3153&block_name=PARAS%20RAMPUR&block_code=3153001&panchayat_name=LACHHIPUR&panchayat_code=3153001106&fin_year=2025-2026&source=&work_code=3153001106/RC/958486255823743756&msr_no=9690&AttendanceDate=27/03/2026&Digest=8zSpH1UA7y2W5Ia9bnayKg",9
"BASTI","PARAS RAMPUR","LACHHIPUR","3153001106/WC/958486255824214723","9517","https://mnregaweb4.nic.in/nregaarch/View_NMMS_atten_date_dtl_rpt.aspx?page=&short_name=UP&state_name=UTTAR%20PRADESH&state_code=31&district_name=BASTI&district_code=3153&block_name=PARAS%20RAMPUR&block_code=3153001&panchayat_name=LACHHIPUR&panchayat_code=3153001106&fin_year=2025-2026&source=&work_code=3153001106/WC/958486255824214723&msr_no=9517&AttendanceDate=27/03/2026&Digest=KrpLUdNXV0xjXNE4GIk14g",10
"BASTI","RAMNAGAR","BANGAWAN","3153006008/LD/958486255825006435","6065","https://mnregaweb4.nic.in/nregaarch/View_NMMS_atten_date_dtl_rpt.aspx?page=&short_name=UP&state_name=UTTAR%20PRADESH&state_code=31&district_name=BASTI&district_code=3153&block_name=RAMNAGAR&block_code=3153006&panchayat_name=BANGAWAN&panchayat_code=3153006008&fin_year=2025-2026&source=&work_code=3153006008/LD/958486255825006435&msr_no=6065&AttendanceDate=27/03/2026&Digest=2niplLoO0boc7uFvLTGDPA",3
"BASTI","RAMNAGAR","BHIVAPAR","3153006017/IC/958486255823743150","6166","https://mnregaweb4.nic.in/nregaarch/View_NMMS_atten_date_dtl_rpt.aspx?page=&short_name=UP&state_name=UTTAR%20PRADESH&state_code=31&district_name=BASTI&district_code=3153&block_name=RAMNAGAR&block_code=3153006&panchayat_name=BHIVAPAR&panchayat_code=3153006017&fin_year=2025-2026&source=&work_code=3153006017/IC/958486255823743150&msr_no=6166&AttendanceDate=27/03/2026&Digest=f9exEghvFcbkllW+jSeLxw",6
"BASTI","RAMNAGAR","CHAISAR","3153006020/RC/958486255823746238","6186","https://mnregaweb4.nic.in/nregaarch/View_NMMS_atten_date_dtl_rpt.aspx?page=&short_name=UP&state_name=UTTAR%20PRADESH&state_code=31&district_name=BASTI&district_code=3153&block_name=RAMNAGAR&block_code=3153006&panchayat_name=CHAISAR&panchayat_code=3153006020&fin_year=2025-2026&source=&work_code=3153006020/RC/958486255823746238&msr_no=6186&AttendanceDate=27/03/2026&Digest=tS6wsd714s/+K6xjg7GMtw",5
"BASTI","RAMNAGAR","LODHAVA","3153006040/LD/958486255824981623","6123","https://mnregaweb4.nic.in/nregaarch/View_NMMS_atten_date_dtl_rpt.aspx?page=&short_name=UP&state_name=UTTAR%20PRADESH&state_code=31&district_name=BASTI&district_code=3153&block_name=RAMNAGAR&block_code=3153006&panchayat_name=LODHAVA&panchayat_code=3153006040&fin_year=2025-2026&source=&work_code=3153006040/LD/958486255824981623&msr_no=6123&AttendanceDate=27/03/2026&Digest=UmuTPfIe2nq3lwoLyScpXQ",6
"BASTI","RAMNAGAR","PARSA SHIVRAJ","3153006052/RC/958486255823602393","6069","https://mnregaweb4.nic.in/nregaarch/View_NMMS_atten_date_dtl_rpt.aspx?page=&short_name=UP&state_name=UTTAR%20PRADESH&state_code=31&district_name=BASTI&district_code=3153&block_name=RAMNAGAR&block_code=3153006&panchayat_name=PARSA%20SHIVRAJ&panchayat_code=3153006052&fin_year=2025-2026&source=&work_code=3153006052/RC/958486255823602393&msr_no=6069&AttendanceDate=27/03/2026&Digest=pXv1b4rD0lvganX5hBS7bQ",3
"BASTI","RAMNAGAR","TUSAYAL","3153006068/WC/958486255824250997","6213","https://mnregaweb4.nic.in/nregaarch/View_NMMS_atten_date_dtl_rpt.aspx?page=&short_name=UP&state_name=UTTAR%20PRADESH&state_code=31&district_name=BASTI&district_code=3153&block_name=RAMNAGAR&block_code=3153006&panchayat_name=TUSAYAL&panchayat_code=3153006068&fin_year=2025-2026&source=&work_code=3153006068/WC/958486255824250997&msr_no=6213&AttendanceDate=27/03/2026&Digest=gJPBK0tv0CURT6nGstkTmA",2
"BASTI","RUDAULI","CHHATRIYA","3153008018/RC/958486255823690413","6155","https://mnregaweb4.nic.in/nregaarch/View_NMMS_atten_date_dtl_rpt.aspx?page=&short_name=UP&state_name=UTTAR%20PRADESH&state_code=31&district_name=BASTI&district_code=3153&block_name=RUDAULI&block_code=3153008&panchayat_name=CHHATRIYA&panchayat_code=3153008018&fin_year=2025-2026&source=&work_code=3153008018/RC/958486255823690413&msr_no=6155&AttendanceDate=27/03/2026&Digest=T5PFX87xW3sKtaEh44HKcw",10
"BASTI","RUDAULI","KUDAHI","3153008039/RC/958486255823698713","6103","https://mnregaweb4.nic.in/nregaarch/View_NMMS_atten_date_dtl_rpt.aspx?page=&short_name=UP&state_name=UTTAR%20PRADESH&state_code=31&district_name=BASTI&district_code=3153&block_name=RUDAULI&block_code=3153008&panchayat_name=KUDAHI&panchayat_code=3153008039&fin_year=2025-2026&source=&work_code=3153008039/RC/958486255823698713&msr_no=6103&AttendanceDate=27/03/2026&Digest=pEpIOHx13phQnMpEYNd3IQ",2
"BASTI","RUDAULI","KUDAHI","3153008039/RC/958486255823735732","6078","https://mnregaweb4.nic.in/nregaarch/View_NMMS_atten_date_dtl_rpt.aspx?page=&short_name=UP&state_name=UTTAR%20PRADESH&state_code=31&district_name=BASTI&district_code=3153&block_name=RUDAULI&block_code=3153008&panchayat_name=KUDAHI&panchayat_code=3153008039&fin_year=2025-2026&source=&work_code=3153008039/RC/958486255823735732&msr_no=6078&AttendanceDate=27/03/2026&Digest=n+DszzAhBcjHsJgcL1PPUA",2
"BASTI","RUDAULI","MAHUAA PAAR","3153008041/RC/958486255823735731","6173","https://mnregaweb4.nic.in/nregaarch/View_NMMS_atten_date_dtl_rpt.aspx?page=&short_name=UP&state_name=UTTAR%20PRADESH&state_code=31&district_name=BASTI&district_code=3153&block_name=RUDAULI&block_code=3153008&panchayat_name=MAHUAA%20PAAR&panchayat_code=3153008041&fin_year=2025-2026&source=&work_code=3153008041/RC/958486255823735731&msr_no=6173&AttendanceDate=27/03/2026&Digest=0PdeG2fahPscOUG1XqldVA",5
"BASTI","SALTAUA GOPAL PUR","AUD JANGAL","3153007007/AV/958486255824177600","5546","https://mnregaweb4.nic.in/nregaarch/View_NMMS_atten_date_dtl_rpt.aspx?page=&short_name=UP&state_name=UTTAR%20PRADESH&state_code=31&district_name=BASTI&district_code=3153&block_name=SALTAUA%20GOPAL%20PUR&block_code=3153007&panchayat_name=AUD%20JANGAL&panchayat_code=3153007007&fin_year=2025-2026&source=&work_code=3153007007/AV/958486255824177600&msr_no=5546&AttendanceDate=27/03/2026&Digest=OGVqm5kN71xepCqJOM6S6w",7
"BASTI","SALTAUA GOPAL PUR","BELWADAD","3153007017/RC/958486255823742281","5493","https://mnregaweb4.nic.in/nregaarch/View_NMMS_atten_date_dtl_rpt.aspx?page=&short_name=UP&state_name=UTTAR%20PRADESH&state_code=31&district_name=BASTI&district_code=3153&block_name=SALTAUA%20GOPAL%20PUR&block_code=3153007&panchayat_name=BELWADAD&panchayat_code=3153007017&fin_year=2025-2026&source=&work_code=3153007017/RC/958486255823742281&msr_no=5493&AttendanceDate=27/03/2026&Digest=w7RiBz83m2ku/5ls2zhcTQ",8
"BASTI","SALTAUA GOPAL PUR","TENUWA","3153007020/LD/958486255824769941","5455","https://mnregaweb4.nic.in/nregaarch/View_NMMS_atten_date_dtl_rpt.aspx?page=&short_name=UP&state_name=UTTAR%20PRADESH&state_code=31&district_name=BASTI&district_code=3153&block_name=SALTAUA%20GOPAL%20PUR&block_code=3153007&panchayat_name=TENUWA&panchayat_code=3153007020&fin_year=2025-2026&source=&work_code=3153007020/LD/958486255824769941&msr_no=5455&AttendanceDate=27/03/2026&Digest=9i8JKCHj0vUdAaUftxUqfQ",4
"BASTI","SAU GHAT","ANDA","3153009002/LD/958486255825010416","3352","https://mnregaweb4.nic.in/nregaarch/View_NMMS_atten_date_dtl_rpt.aspx?page=&short_name=UP&state_name=UTTAR%20PRADESH&state_code=31&district_name=BASTI&district_code=3153&block_name=SAU%20GHAT&block_code=3153009&panchayat_name=ANDA&panchayat_code=3153009002&fin_year=2025-2026&source=&work_code=3153009002/LD/958486255825010416&msr_no=3352&AttendanceDate=27/03/2026&Digest=1C737bbZmMp54mJMR1QKfg",6
"BASTI","SAU GHAT","ANDA","3153009002/LD/958486255825010416","3355","https://mnregaweb4.nic.in/nregaarch/View_NMMS_atten_date_dtl_rpt.aspx?page=&short_name=UP&state_name=UTTAR%20PRADESH&state_code=31&district_name=BASTI&district_code=3153&block_name=SAU%20GHAT&block_code=3153009&panchayat_name=ANDA&panchayat_code=3153009002&fin_year=2025-2026&source=&work_code=3153009002/LD/958486255825010416&msr_no=3355&AttendanceDate=27/03/2026&Digest=H+2kSlYLVdiKlpQ9H4Xjyg",4
"BASTI","SAU GHAT","ANDA","3153009002/RC/958486255823626058","3348","https://mnregaweb4.nic.in/nregaarch/View_NMMS_atten_date_dtl_rpt.aspx?page=&short_name=UP&state_name=UTTAR%20PRADESH&state_code=31&district_name=BASTI&district_code=3153&block_name=SAU%20GHAT&block_code=3153009&panchayat_name=ANDA&panchayat_code=3153009002&fin_year=2025-2026&source=&work_code=3153009002/RC/958486255823626058&msr_no=3348&AttendanceDate=27/03/2026&Digest=o1sM7Z7ZpJpK+uuvidoisA",4
"BASTI","SAU GHAT","BHITA RAM SEN","3153009013/RC/958486255823719601","3391","https://mnregaweb4.nic.in/nregaarch/View_NMMS_atten_date_dtl_rpt.aspx?page=&short_name=UP&state_name=UTTAR%20PRADESH&state_code=31&district_name=BASTI&district_code=3153&block_name=SAU%20GHAT&block_code=3153009&panchayat_name=BHITA%20RAM%20SEN&panchayat_code=3153009013&fin_year=2025-2026&source=&work_code=3153009013/RC/958486255823719601&msr_no=3391&AttendanceDate=27/03/2026&Digest=jpyun8TZL3ZP+HiV/hn5dw",5
"BASTI","SAU GHAT","KASAILA","3153009077/RC/958486255823687472","3417","https://mnregaweb4.nic.in/nregaarch/View_NMMS_atten_date_dtl_rpt.aspx?page=&short_name=UP&state_name=UTTAR%20PRADESH&state_code=31&district_name=BASTI&district_code=3153&block_name=SAU%20GHAT&block_code=3153009&panchayat_name=KASAILA&panchayat_code=3153009077&fin_year=2025-2026&source=&work_code=3153009077/RC/958486255823687472&msr_no=3417&AttendanceDate=27/03/2026&Digest=s1SWxok5iQgiylWZiC3GYg",2
"BASTI","VIKRAM JOT","AKVARA","3153004002/RC/958486255823751421","5992","https://mnregaweb4.nic.in/nregaarch/View_NMMS_atten_date_dtl_rpt.aspx?page=&short_name=UP&state_name=UTTAR%20PRADESH&state_code=31&district_name=BASTI&district_code=3153&block_name=VIKRAM%20JOT&block_code=3153004&panchayat_name=AKVARA&panchayat_code=3153004002&fin_year=2025-2026&source=&work_code=3153004002/RC/958486255823751421&msr_no=5992&AttendanceDate=27/03/2026&Digest=56DJ82lNtuU6zdaVLuEB6A",1
"BASTI","VIKRAM JOT","KHATAMSARAY","3153004034/LD/958486255825003179","5806","https://mnregaweb4.nic.in/nregaarch/View_NMMS_atten_date_dtl_rpt.aspx?page=&short_name=UP&state_name=UTTAR%20PRADESH&state_code=31&district_name=BASTI&district_code=3153&block_name=VIKRAM%20JOT&block_code=3153004&panchayat_name=KHATAMSARAY&panchayat_code=3153004034&fin_year=2025-2026&source=&work_code=3153004034/LD/958486255825003179&msr_no=5806&AttendanceDate=27/03/2026&Digest=f6GBNwFYRlYx1/OFQ2S3xg",2
"BASTI","VIKRAM JOT","KHESUAA","3153004036/RC/958486255823748224","5909","https://mnregaweb4.nic.in/nregaarch/View_NMMS_atten_date_dtl_rpt.aspx?page=&short_name=UP&state_name=UTTAR%20PRADESH&state_code=31&district_name=BASTI&district_code=3153&block_name=VIKRAM%20JOT&block_code=3153004&panchayat_name=KHESUAA&panchayat_code=3153004036&fin_year=2025-2026&source=&work_code=3153004036/RC/958486255823748224&msr_no=5909&AttendanceDate=27/03/2026&Digest=UeDEapvhSNbUcIBV6Ldk0w",5
"BASTI","VIKRAM JOT","KUANGAON","3153004037/LD/958486255824792537","5954","https://mnregaweb4.nic.in/nregaarch/View_NMMS_atten_date_dtl_rpt.aspx?page=&short_name=UP&state_name=UTTAR%20PRADESH&state_code=31&district_name=BASTI&district_code=3153&block_name=VIKRAM%20JOT&block_code=3153004&panchayat_name=KUANGAON&panchayat_code=3153004037&fin_year=2025-2026&source=&work_code=3153004037/LD/958486255824792537&msr_no=5954&AttendanceDate=27/03/2026&Digest=LizRafDZ0LW76IcgEtfoRQ",9
"BASTI","VIKRAM JOT","NIYAMATPUR","3153004049/LD/958486255824929913","5987","https://mnregaweb4.nic.in/nregaarch/View_NMMS_atten_date_dtl_rpt.aspx?page=&short_name=UP&state_name=UTTAR%20PRADESH&state_code=31&district_name=BASTI&district_code=3153&block_name=VIKRAM%20JOT&block_code=3153004&panchayat_name=NIYAMATPUR&panchayat_code=3153004049&fin_year=2025-2026&source=&work_code=3153004049/LD/958486255824929913&msr_no=5987&AttendanceDate=27/03/2026&Digest=4rDJgsJ6EeIpoAH1PakuRg",7
"BASTI","SALTAUA GOPAL PUR","BHIURA","3153007091/RC/958486255823594409","5525","https://mnregaweb4.nic.in/nregaarch/View_NMMS_atten_date_dtl_rpt.aspx?page=&short_name=UP&state_name=UTTAR%20PRADESH&state_code=31&district_name=BASTI&district_code=3153&block_name=SALTAUA%20GOPAL%20PUR&block_code=3153007&panchayat_name=BHIURA&panchayat_code=3153007091&fin_year=2025-2026&source=&work_code=3153007091/RC/958486255823594409&msr_no=5525&AttendanceDate=27/03/2026&Digest=MJnLg9iGmsSo70zQmUeQIg",9
"BASTI","SALTAUA GOPAL PUR","BHITEHRA PACHANU","3153007092/AV/958486255824184613","5393","https://mnregaweb4.nic.in/nregaarch/View_NMMS_atten_date_dtl_rpt.aspx?page=&short_name=UP&state_name=UTTAR%20PRADESH&state_code=31&district_name=BASTI&district_code=3153&block_name=SALTAUA%20GOPAL%20PUR&block_code=3153007&panchayat_name=BHITEHRA%20PACHANU&panchayat_code=3153007092&fin_year=2025-2026&source=&work_code=3153007092/AV/958486255824184613&msr_no=5393&AttendanceDate=27/03/2026&Digest=aqvZeOgfZWQppLMVl/JrFg",5
"BASTI","SAU GHAT","ANDA","3153009002/LD/958486255825010416","3356","https://mnregaweb4.nic.in/nregaarch/View_NMMS_atten_date_dtl_rpt.aspx?page=&short_name=UP&state_name=UTTAR%20PRADESH&state_code=31&district_name=BASTI&district_code=3153&block_name=SAU%20GHAT&block_code=3153009&panchayat_name=ANDA&panchayat_code=3153009002&fin_year=2025-2026&source=&work_code=3153009002/LD/958486255825010416&msr_no=3356&AttendanceDate=27/03/2026&Digest=ftPtZ+ujDgZJBXpKB24How",5
"BASTI","SAU GHAT","BATELA","3153009008/RC/958486255823741425","3407","https://mnregaweb4.nic.in/nregaarch/View_NMMS_atten_date_dtl_rpt.aspx?page=&short_name=UP&state_name=UTTAR%20PRADESH&state_code=31&district_name=BASTI&district_code=3153&block_name=SAU%20GHAT&block_code=3153009&panchayat_name=BATELA&panchayat_code=3153009008&fin_year=2025-2026&source=&work_code=3153009008/RC/958486255823741425&msr_no=3407&AttendanceDate=27/03/2026&Digest=9zJCACUNxfAzd/sk9a7q9A",5
"BASTI","SAU GHAT","BHITA RAM SEN","3153009013/RC/958486255823719601","3393","https://mnregaweb4.nic.in/nregaarch/View_NMMS_atten_date_dtl_rpt.aspx?page=&short_name=UP&state_name=UTTAR%20PRADESH&state_code=31&district_name=BASTI&district_code=3153&block_name=SAU%20GHAT&block_code=3153009&panchayat_name=BHITA%20RAM%20SEN&panchayat_code=3153009013&fin_year=2025-2026&source=&work_code=3153009013/RC/958486255823719601&msr_no=3393&AttendanceDate=27/03/2026&Digest=FnTx4/JXxvpkAub92/Sm0A",1
"BASTI","VIKRAM JOT","DHIRAULI PANDEY","3153004023/RC/958486255823733433","5964","https://mnregaweb4.nic.in/nregaarch/View_NMMS_atten_date_dtl_rpt.aspx?page=&short_name=UP&state_name=UTTAR%20PRADESH&state_code=31&district_name=BASTI&district_code=3153&block_name=VIKRAM%20JOT&block_code=3153004&panchayat_name=DHIRAULI%20PANDEY&panchayat_code=3153004023&fin_year=2025-2026&source=&work_code=3153004023/RC/958486255823733433&msr_no=5964&AttendanceDate=27/03/2026&Digest=E9P47YZsew1hThaCagRSdg",3
"BASTI","VIKRAM JOT","KUANGAON","3153004037/FP/958486255823617398","5789","https://mnregaweb4.nic.in/nregaarch/View_NMMS_atten_date_dtl_rpt.aspx?page=&short_name=UP&state_name=UTTAR%20PRADESH&state_code=31&district_name=BASTI&district_code=3153&block_name=VIKRAM%20JOT&block_code=3153004&panchayat_name=KUANGAON&panchayat_code=3153004037&fin_year=2025-2026&source=&work_code=3153004037/FP/958486255823617398&msr_no=5789&AttendanceDate=27/03/2026&Digest=C6fiOI/y+E7rJkDs4ylfAw",8
"BASTI","VIKRAM JOT","EKMA HIRANIYA","3153004043/WC/958486255824231525","5858","https://mnregaweb4.nic.in/nregaarch/View_NMMS_atten_date_dtl_rpt.aspx?page=&short_name=UP&state_name=UTTAR%20PRADESH&state_code=31&district_name=BASTI&district_code=3153&block_name=VIKRAM%20JOT&block_code=3153004&panchayat_name=EKMA%20HIRANIYA&panchayat_code=3153004043&fin_year=2025-2026&source=&work_code=3153004043/WC/958486255824231525&msr_no=5858&AttendanceDate=27/03/2026&Digest=pWu6L20XG0JgOXPyHkmnAw",4
"BASTI","VIKRAM JOT","EKMA HIRANIYA","3153004043/WC/958486255824231525","5861","https://mnregaweb4.nic.in/nregaarch/View_NMMS_atten_date_dtl_rpt.aspx?page=&short_name=UP&state_name=UTTAR%20PRADESH&state_code=31&district_name=BASTI&district_code=3153&block_name=VIKRAM%20JOT&block_code=3153004&panchayat_name=EKMA%20HIRANIYA&panchayat_code=3153004043&fin_year=2025-2026&source=&work_code=3153004043/WC/958486255824231525&msr_no=5861&AttendanceDate=27/03/2026&Digest=xOI5KA46SQP0+y8RfVMWPw",2
"BASTI","VIKRAM JOT","PURE CHETAN","3153004053/RC/958486255823731821","5899","https://mnregaweb4.nic.in/nregaarch/View_NMMS_atten_date_dtl_rpt.aspx?page=&short_name=UP&state_name=UTTAR%20PRADESH&state_code=31&district_name=BASTI&district_code=3153&block_name=VIKRAM%20JOT&block_code=3153004&panchayat_name=PURE%20CHETAN&panchayat_code=3153004053&fin_year=2025-2026&source=&work_code=3153004053/RC/958486255823731821&msr_no=5899&AttendanceDate=27/03/2026&Digest=aWJ55ZwSD/+w6uYCxYWg7A",10
"BASTI","RAMNAGAR","PARSA KUTUB","3153006051/RC/958486255823741598","6169","https://mnregaweb4.nic.in/nregaarch/View_NMMS_atten_date_dtl_rpt.aspx?page=&short_name=UP&state_name=UTTAR%20PRADESH&state_code=31&district_name=BASTI&district_code=3153&block_name=RAMNAGAR&block_code=3153006&panchayat_name=PARSA%20KUTUB&panchayat_code=3153006051&fin_year=2025-2026&source=&work_code=3153006051/RC/958486255823741598&msr_no=6169&AttendanceDate=27/03/2026&Digest=iV4vWvPHRe/BRn603Z6cCw",7
"BASTI","RAMNAGAR","IBRAHIMCHAK SEKHAPUR","3153006071/RC/958486255823751189","6158","https://mnregaweb4.nic.in/nregaarch/View_NMMS_atten_date_dtl_rpt.aspx?page=&short_name=UP&state_name=UTTAR%20PRADESH&state_code=31&district_name=BASTI&district_code=3153&block_name=RAMNAGAR&block_code=3153006&panchayat_name=IBRAHIMCHAK%20SEKHAPUR&panchayat_code=3153006071&fin_year=2025-2026&source=&work_code=3153006071/RC/958486255823751189&msr_no=6158&AttendanceDate=27/03/2026&Digest=07ER1t+zqD9zooPQGrYdVw",1
"BASTI","RAMNAGAR","ATARDIHA","3153006091/RC/958486255823744182","6091","https://mnregaweb4.nic.in/nregaarch/View_NMMS_atten_date_dtl_rpt.aspx?page=&short_name=UP&state_name=UTTAR%20PRADESH&state_code=31&district_name=BASTI&district_code=3153&block_name=RAMNAGAR&block_code=3153006&panchayat_name=ATARDIHA&panchayat_code=3153006091&fin_year=2025-2026&source=&work_code=3153006091/RC/958486255823744182&msr_no=6091&AttendanceDate=27/03/2026&Digest=mUhSQ4HBgpjT/78KTpkWPQ",4
"BASTI","RUDAULI","CHHATRIYA","3153008018/RC/958486255823690414","6158","https://mnregaweb4.nic.in/nregaarch/View_NMMS_atten_date_dtl_rpt.aspx?page=&short_name=UP&state_name=UTTAR%20PRADESH&state_code=31&district_name=BASTI&district_code=3153&block_name=RUDAULI&block_code=3153008&panchayat_name=CHHATRIYA&panchayat_code=3153008018&fin_year=2025-2026&source=&work_code=3153008018/RC/958486255823690414&msr_no=6158&AttendanceDate=27/03/2026&Digest=X1AnpBneDtvKpYv7yV0FnA",10
"BASTI","RUDAULI","CHHATRIYA","3153008018/RC/958486255823750102","6162","https://mnregaweb4.nic.in/nregaarch/View_NMMS_atten_date_dtl_rpt.aspx?page=&short_name=UP&state_name=UTTAR%20PRADESH&state_code=31&district_name=BASTI&district_code=3153&block_name=RUDAULI&block_code=3153008&panchayat_name=CHHATRIYA&panchayat_code=3153008018&fin_year=2025-2026&source=&work_code=3153008018/RC/958486255823750102&msr_no=6162&AttendanceDate=27/03/2026&Digest=+3XV+Xm69lcYChNZm0u1uw",7
"BASTI","RUDAULI","GOTHWA","3153008028/WH/958486255824013420","6223","https://mnregaweb4.nic.in/nregaarch/View_NMMS_atten_date_dtl_rpt.aspx?page=&short_name=UP&state_name=UTTAR%20PRADESH&state_code=31&district_name=BASTI&district_code=3153&block_name=RUDAULI&block_code=3153008&panchayat_name=GOTHWA&panchayat_code=3153008028&fin_year=2025-2026&source=&work_code=3153008028/WH/958486255824013420&msr_no=6223&AttendanceDate=27/03/2026&Digest=lAvkjxeJ01IwT5zW/v+y9g",7
"BASTI","RUDAULI","CHAND CHAUR","3153008077/RC/958486255823748092","6236","https://mnregaweb4.nic.in/nregaarch/View_NMMS_atten_date_dtl_rpt.aspx?page=&short_name=UP&state_name=UTTAR%20PRADESH&state_code=31&district_name=BASTI&district_code=3153&block_name=RUDAULI&block_code=3153008&panchayat_name=CHAND%20CHAUR&panchayat_code=3153008077&fin_year=2025-2026&source=&work_code=3153008077/RC/958486255823748092&msr_no=6236&AttendanceDate=27/03/2026&Digest=eZZAtUTh1QCjYb2JAf21AA",8
"BASTI","SALTAUA GOPAL PUR","TENUWA","3153007020/RC/958486255823745443","5486","https://mnregaweb4.nic.in/nregaarch/View_NMMS_atten_date_dtl_rpt.aspx?page=&short_name=UP&state_name=UTTAR%20PRADESH&state_code=31&district_name=BASTI&district_code=3153&block_name=SALTAUA%20GOPAL%20PUR&block_code=3153007&panchayat_name=TENUWA&panchayat_code=3153007020&fin_year=2025-2026&source=&work_code=3153007020/RC/958486255823745443&msr_no=5486&AttendanceDate=27/03/2026&Digest=ZZP/Ijyvf6CIMbDsoD2j6w",2
"BASTI","SALTAUA GOPAL PUR","TELIYADEEH","3153007021/IC/958486255823742442","5476","https://mnregaweb4.nic.in/nregaarch/View_NMMS_atten_date_dtl_rpt.aspx?page=&short_name=UP&state_name=UTTAR%20PRADESH&state_code=31&district_name=BASTI&district_code=3153&block_name=SALTAUA%20GOPAL%20PUR&block_code=3153007&panchayat_name=TELIYADEEH&panchayat_code=3153007021&fin_year=2025-2026&source=&work_code=3153007021/IC/958486255823742442&msr_no=5476&AttendanceDate=27/03/2026&Digest=T+CWQ7yyc2H3Be4n/ZpEmw",9
"BASTI","SALTAUA GOPAL PUR","JOTA","3153007035/WH/958486255824013074","5419","https://mnregaweb4.nic.in/nregaarch/View_NMMS_atten_date_dtl_rpt.aspx?page=&short_name=UP&state_name=UTTAR%20PRADESH&state_code=31&district_name=BASTI&district_code=3153&block_name=SALTAUA%20GOPAL%20PUR&block_code=3153007&panchayat_name=JOTA&panchayat_code=3153007035&fin_year=2025-2026&source=&work_code=3153007035/WH/958486255824013074&msr_no=5419&AttendanceDate=27/03/2026&Digest=NcPdVeLD4xDuVlFIZFO3CA",9
"BASTI","SALTAUA GOPAL PUR","JOTA","3153007035/WH/958486255824013074","5422","https://mnregaweb4.nic.in/nregaarch/View_NMMS_atten_date_dtl_rpt.aspx?page=&short_name=UP&state_name=UTTAR%20PRADESH&state_code=31&district_name=BASTI&district_code=3153&block_name=SALTAUA%20GOPAL%20PUR&block_code=3153007&panchayat_name=JOTA&panchayat_code=3153007035&fin_year=2025-2026&source=&work_code=3153007035/WH/958486255824013074&msr_no=5422&AttendanceDate=27/03/2026&Digest=p8Iv6zZb6EEv7RC/HPCrYg",6
"BASTI","SALTAUA GOPAL PUR","KOILSA","3153007039/WH/958486255824012400","5452","https://mnregaweb4.nic.in/nregaarch/View_NMMS_atten_date_dtl_rpt.aspx?page=&short_name=UP&state_name=UTTAR%20PRADESH&state_code=31&district_name=BASTI&district_code=3153&block_name=SALTAUA%20GOPAL%20PUR&block_code=3153007&panchayat_name=KOILSA&panchayat_code=3153007039&fin_year=2025-2026&source=&work_code=3153007039/WH/958486255824012400&msr_no=5452&AttendanceDate=27/03/2026&Digest=gPPtZm+feMHD+U/IIDXAyA",10
"BASTI","SALTAUA GOPAL PUR","PARSA KHAL","3153007057/WH/958486255824013365","5412","https://mnregaweb4.nic.in/nregaarch/View_NMMS_atten_date_dtl_rpt.aspx?page=&short_name=UP&state_name=UTTAR%20PRADESH&state_code=31&district_name=BASTI&district_code=3153&block_name=SALTAUA%20GOPAL%20PUR&block_code=3153007&panchayat_name=PARSA%20KHAL&panchayat_code=3153007057&fin_year=2025-2026&source=&work_code=3153007057/WH/958486255824013365&msr_no=5412&AttendanceDate=27/03/2026&Digest=KGlkTXTTNXbR+Q3OPNPeUg",8
"BASTI","SALTAUA GOPAL PUR","PARSA KHAL","3153007057/WH/958486255824013365","5415","https://mnregaweb4.nic.in/nregaarch/View_NMMS_atten_date_dtl_rpt.aspx?page=&short_name=UP&state_name=UTTAR%20PRADESH&state_code=31&district_name=BASTI&district_code=3153&block_name=SALTAUA%20GOPAL%20PUR&block_code=3153007&panchayat_name=PARSA%20KHAL&panchayat_code=3153007057&fin_year=2025-2026&source=&work_code=3153007057/WH/958486255824013365&msr_no=5415&AttendanceDate=27/03/2026&Digest=qilfTy4HpX+oE8C5IGSHIg",9
"BASTI","SALTAUA GOPAL PUR","REGI","3153007066/RC/958486255823706731","5514","https://mnregaweb4.nic.in/nregaarch/View_NMMS_atten_date_dtl_rpt.aspx?page=&short_name=UP&state_name=UTTAR%20PRADESH&state_code=31&district_name=BASTI&district_code=3153&block_name=SALTAUA%20GOPAL%20PUR&block_code=3153007&panchayat_name=REGI&panchayat_code=3153007066&fin_year=2025-2026&source=&work_code=3153007066/RC/958486255823706731&msr_no=5514&AttendanceDate=27/03/2026&Digest=aC9Ye/9TD1OKzqRJrQMOVg",2
"BASTI","SALTAUA GOPAL PUR","REGI","3153007066/RC/958486255823744631","5518","https://mnregaweb4.nic.in/nregaarch/View_NMMS_atten_date_dtl_rpt.aspx?page=&short_name=UP&state_name=UTTAR%20PRADESH&state_code=31&district_name=BASTI&district_code=3153&block_name=SALTAUA%20GOPAL%20PUR&block_code=3153007&panchayat_name=REGI&panchayat_code=3153007066&fin_year=2025-2026&source=&work_code=3153007066/RC/958486255823744631&msr_no=5518&AttendanceDate=27/03/2026&Digest=r0brfbfsecI+FZ7FEIpiuw",10
"BASTI","SALTAUA GOPAL PUR","SALTAUA","3153007069/LD/958486255824937021","5475","https://mnregaweb4.nic.in/nregaarch/View_NMMS_atten_date_dtl_rpt.aspx?page=&short_name=UP&state_name=UTTAR%20PRADESH&state_code=31&district_name=BASTI&district_code=3153&block_name=SALTAUA%20GOPAL%20PUR&block_code=3153007&panchayat_name=SALTAUA&panchayat_code=3153007069&fin_year=2025-2026&source=&work_code=3153007069/LD/958486255824937021&msr_no=5475&AttendanceDate=27/03/2026&Digest=HBfFERqCh5FxqeWhKxNYsA",5
"BASTI","SALTAUA GOPAL PUR","BHITEHRA PACHANU","3153007092/AV/958486255824184613","5394","https://mnregaweb4.nic.in/nregaarch/View_NMMS_atten_date_dtl_rpt.aspx?page=&short_name=UP&state_name=UTTAR%20PRADESH&state_code=31&district_name=BASTI&district_code=3153&block_name=SALTAUA%20GOPAL%20PUR&block_code=3153007&panchayat_name=BHITEHRA%20PACHANU&panchayat_code=3153007092&fin_year=2025-2026&source=&work_code=3153007092/AV/958486255824184613&msr_no=5394&AttendanceDate=27/03/2026&Digest=GYyzhewApNpGzPVz+2Sc9w",2
"BASTI","SAU GHAT","BATELA","3153009008/RC/958486255823741425","3408","https://mnregaweb4.nic.in/nregaarch/View_NMMS_atten_date_dtl_rpt.aspx?page=&short_name=UP&state_name=UTTAR%20PRADESH&state_code=31&district_name=BASTI&district_code=3153&block_name=SAU%20GHAT&block_code=3153009&panchayat_name=BATELA&panchayat_code=3153009008&fin_year=2025-2026&source=&work_code=3153009008/RC/958486255823741425&msr_no=3408&AttendanceDate=27/03/2026&Digest=hUSOepvNrJbmtsYjtj2r7A",3
"BASTI","VIKRAM JOT","ATRAURA JHAM","3153004004/RC/958486255823725246","5847","https://mnregaweb4.nic.in/nregaarch/View_NMMS_atten_date_dtl_rpt.aspx?page=&short_name=UP&state_name=UTTAR%20PRADESH&state_code=31&district_name=BASTI&district_code=3153&block_name=VIKRAM%20JOT&block_code=3153004&panchayat_name=ATRAURA%20JHAM&panchayat_code=3153004004&fin_year=2025-2026&source=&work_code=3153004004/RC/958486255823725246&msr_no=5847&AttendanceDate=27/03/2026&Digest=ANfDjfnyeRHQWEBss0SopA",6
"BASTI","VIKRAM JOT","ATRAURA JHAM","3153004004/RC/958486255823725256","5848","https://mnregaweb4.nic.in/nregaarch/View_NMMS_atten_date_dtl_rpt.aspx?page=&short_name=UP&state_name=UTTAR%20PRADESH&state_code=31&district_name=BASTI&district_code=3153&block_name=VIKRAM%20JOT&block_code=3153004&panchayat_name=ATRAURA%20JHAM&panchayat_code=3153004004&fin_year=2025-2026&source=&work_code=3153004004/RC/958486255823725256&msr_no=5848&AttendanceDate=27/03/2026&Digest=bXFZeabnAM8+XmKsM9lhIg",7
"BASTI","VIKRAM JOT","AURANGABAD","3153004005/LD/958486255824919627","5798","https://mnregaweb4.nic.in/nregaarch/View_NMMS_atten_date_dtl_rpt.aspx?page=&short_name=UP&state_name=UTTAR%20PRADESH&state_code=31&district_name=BASTI&district_code=3153&block_name=VIKRAM%20JOT&block_code=3153004&panchayat_name=AURANGABAD&panchayat_code=3153004005&fin_year=2025-2026&source=&work_code=3153004005/LD/958486255824919627&msr_no=5798&AttendanceDate=27/03/2026&Digest=nSznfCCBIFYdzHALdaqzvQ",9
"BASTI","VIKRAM JOT","KHATAMSARAY","3153004034/LD/958486255825003179","5785","https://mnregaweb4.nic.in/nregaarch/View_NMMS_atten_date_dtl_rpt.aspx?page=&short_name=UP&state_name=UTTAR%20PRADESH&state_code=31&district_name=BASTI&district_code=3153&block_name=VIKRAM%20JOT&block_code=3153004&panchayat_name=KHATAMSARAY&panchayat_code=3153004034&fin_year=2025-2026&source=&work_code=3153004034/LD/958486255825003179&msr_no=5785&AttendanceDate=27/03/2026&Digest=RkZxxVUd6seGmuT6D2iYIg",10
"BASTI","VIKRAM JOT","MALHNI","3153004042/WH/958486255823260020","5866","https://mnregaweb4.nic.in/nregaarch/View_NMMS_atten_date_dtl_rpt.aspx?page=&short_name=UP&state_name=UTTAR%20PRADESH&state_code=31&district_name=BASTI&district_code=3153&block_name=VIKRAM%20JOT&block_code=3153004&panchayat_name=MALHNI&panchayat_code=3153004042&fin_year=2025-2026&source=&work_code=3153004042/WH/958486255823260020&msr_no=5866&AttendanceDate=27/03/2026&Digest=sMhusS+MGYyHsZyyA5a3mQ",7
"BASTI","VIKRAM JOT","EKMA HIRANIYA","3153004043/WC/958486255824231525","5862","https://mnregaweb4.nic.in/nregaarch/View_NMMS_atten_date_dtl_rpt.aspx?page=&short_name=UP&state_name=UTTAR%20PRADESH&state_code=31&district_name=BASTI&district_code=3153&block_name=VIKRAM%20JOT&block_code=3153004&panchayat_name=EKMA%20HIRANIYA&panchayat_code=3153004043&fin_year=2025-2026&source=&work_code=3153004043/WC/958486255824231525&msr_no=5862&AttendanceDate=27/03/2026&Digest=FsYeU5eE8Z4s8ua2bnWblg",4
"BASTI","VIKRAM JOT","PURE CHETAN","3153004053/RC/958486255823731821","5900","https://mnregaweb4.nic.in/nregaarch/View_NMMS_atten_date_dtl_rpt.aspx?page=&short_name=UP&state_name=UTTAR%20PRADESH&state_code=31&district_name=BASTI&district_code=3153&block_name=VIKRAM%20JOT&block_code=3153004&panchayat_name=PURE%20CHETAN&panchayat_code=3153004053&fin_year=2025-2026&source=&work_code=3153004053/RC/958486255823731821&msr_no=5900&AttendanceDate=27/03/2026&Digest=RSSOFlh3MrJpXUBWEozJEA",10
"BASTI","BAHADURPUR","BAHADURPUR","3153012007/WC/958486255824193195","9862","https://mnregaweb4.nic.in/nregaarch/View_NMMS_atten_date_dtl_rpt.aspx?page=&short_name=UP&state_name=UTTAR%20PRADESH&state_code=31&district_name=BASTI&district_code=3153&block_name=BAHADURPUR&block_code=3153012&panchayat_name=BAHADURPUR&panchayat_code=3153012007&fin_year=2025-2026&source=&work_code=3153012007/WC/958486255824193195&msr_no=9862&AttendanceDate=27/03/2026&Digest=n4PCvtP+sQFRhJ5OlDdwIg",10
"BASTI","BAHADURPUR","BAHADURPUR","3153012007/WH/958486255823987468","9642","https://mnregaweb4.nic.in/nregaarch/View_NMMS_atten_date_dtl_rpt.aspx?page=&short_name=UP&state_name=UTTAR%20PRADESH&state_code=31&district_name=BASTI&district_code=3153&block_name=BAHADURPUR&block_code=3153012&panchayat_name=BAHADURPUR&panchayat_code=3153012007&fin_year=2025-2026&source=&work_code=3153012007/WH/958486255823987468&msr_no=9642&AttendanceDate=27/03/2026&Digest=es2+WS0hkL91CCrwgsgATQ",5
"BASTI","BAHADURPUR","BAHADURPUR","3153012007/WH/958486255823987468","9645","https://mnregaweb4.nic.in/nregaarch/View_NMMS_atten_date_dtl_rpt.aspx?page=&short_name=UP&state_name=UTTAR%20PRADESH&state_code=31&district_name=BASTI&district_code=3153&block_name=BAHADURPUR&block_code=3153012&panchayat_name=BAHADURPUR&panchayat_code=3153012007&fin_year=2025-2026&source=&work_code=3153012007/WH/958486255823987468&msr_no=9645&AttendanceDate=27/03/2026&Digest=QwP7LeUd1AyKRweN0WJk6g",4
"BASTI","BAHADURPUR","BHELWAL","3153012010/RC/958486255823716921","9795","https://mnregaweb4.nic.in/nregaarch/View_NMMS_atten_date_dtl_rpt.aspx?page=&short_name=UP&state_name=UTTAR%20PRADESH&state_code=31&district_name=BASTI&district_code=3153&block_name=BAHADURPUR&block_code=3153012&panchayat_name=BHELWAL&panchayat_code=3153012010&fin_year=2025-2026&source=&work_code=3153012010/RC/958486255823716921&msr_no=9795&AttendanceDate=27/03/2026&Digest=p9xQ5jpybA4Dzo3Xe9+Nag",5
"BASTI","BAHADURPUR","SONBARSA","3153012014/LD/958486255824933208","9635","https://mnregaweb4.nic.in/nregaarch/View_NMMS_atten_date_dtl_rpt.aspx?page=&short_name=UP&state_name=UTTAR%20PRADESH&state_code=31&district_name=BASTI&district_code=3153&block_name=BAHADURPUR&block_code=3153012&panchayat_name=SONBARSA&panchayat_code=3153012014&fin_year=2025-2026&source=&work_code=3153012014/LD/958486255824933208&msr_no=9635&AttendanceDate=27/03/2026&Digest=XOmJxGISHAmnKiEHcZSZaQ",10
"BASTI","BAHADURPUR","DEV DEEHA","3153012019/RC/958486255823667988","9799","https://mnregaweb4.nic.in/nregaarch/View_NMMS_atten_date_dtl_rpt.aspx?page=&short_name=UP&state_name=UTTAR%20PRADESH&state_code=31&district_name=BASTI&district_code=3153&block_name=BAHADURPUR&block_code=3153012&panchayat_name=DEV%20DEEHA&panchayat_code=3153012019&fin_year=2025-2026&source=&work_code=3153012019/RC/958486255823667988&msr_no=9799&AttendanceDate=27/03/2026&Digest=1SN3KMPJZJRSQVDgoOGCpw",2
"BASTI","BAHADURPUR","PRATAPPUR","3153012064/DP/958486255823394822","9894","https://mnregaweb4.nic.in/nregaarch/View_NMMS_atten_date_dtl_rpt.aspx?page=&short_name=UP&state_name=UTTAR%20PRADESH&state_code=31&district_name=BASTI&district_code=3153&block_name=BAHADURPUR&block_code=3153012&panchayat_name=PRATAPPUR&panchayat_code=3153012064&fin_year=2025-2026&source=&work_code=3153012064/DP/958486255823394822&msr_no=9894&AttendanceDate=27/03/2026&Digest=0CALiGcUGysiSBOOCu7kzw",2
"BASTI","BAHADURPUR","PRATAPPUR","3153012064/RC/958486255823589093","9691","https://mnregaweb4.nic.in/nregaarch/View_NMMS_atten_date_dtl_rpt.aspx?page=&short_name=UP&state_name=UTTAR%20PRADESH&state_code=31&district_name=BASTI&district_code=3153&block_name=BAHADURPUR&block_code=3153012&panchayat_name=PRATAPPUR&panchayat_code=3153012064&fin_year=2025-2026&source=&work_code=3153012064/RC/958486255823589093&msr_no=9691&AttendanceDate=27/03/2026&Digest=Stkkcfq5vz+/D6+uhdG6Mg",2
"BASTI","BAHADURPUR","VAISNOPUR","3153012079/LD/958486255824966695","9825","https://mnregaweb4.nic.in/nregaarch/View_NMMS_atten_date_dtl_rpt.aspx?page=&short_name=UP&state_name=UTTAR%20PRADESH&state_code=31&district_name=BASTI&district_code=3153&block_name=BAHADURPUR&block_code=3153012&panchayat_name=VAISNOPUR&panchayat_code=3153012079&fin_year=2025-2026&source=&work_code=3153012079/LD/958486255824966695&msr_no=9825&AttendanceDate=27/03/2026&Digest=wqht2CHhbWLaQrrMuKUgOQ",9
"BASTI","BAHADURPUR","SEMRA URF GALWA","3153012087/AV/958486255824174667","9766","https://mnregaweb4.nic.in/nregaarch/View_NMMS_atten_date_dtl_rpt.aspx?page=&short_name=UP&state_name=UTTAR%20PRADESH&state_code=31&district_name=BASTI&district_code=3153&block_name=BAHADURPUR&block_code=3153012&panchayat_name=SEMRA%20URF%20GALWA&panchayat_code=3153012087&fin_year=2025-2026&source=&work_code=3153012087/AV/958486255824174667&msr_no=9766&AttendanceDate=27/03/2026&Digest=KXbHlWwBac0Ew4HVCQDuhw",1
"BASTI","BANKATI","BARAHUA","3153011009/AV/958486255824186396","9564","https://mnregaweb4.nic.in/nregaarch/View_NMMS_atten_date_dtl_rpt.aspx?page=&short_name=UP&state_name=UTTAR%20PRADESH&state_code=31&district_name=BASTI&district_code=3153&block_name=BANKATI&block_code=3153011&panchayat_name=BARAHUA&panchayat_code=3153011009&fin_year=2025-2026&source=&work_code=3153011009/AV/958486255824186396&msr_no=9564&AttendanceDate=27/03/2026&Digest=Hc9lHhcbMkRc6hlcujiUiA",9
"BASTI","BANKATI","BELSUHEE","3153011015/WC/958486255824209577","9493","https://mnregaweb4.nic.in/nregaarch/View_NMMS_atten_date_dtl_rpt.aspx?page=&short_name=UP&state_name=UTTAR%20PRADESH&state_code=31&district_name=BASTI&district_code=3153&block_name=BANKATI&block_code=3153011&panchayat_name=BELSUHEE&panchayat_code=3153011015&fin_year=2025-2026&source=&work_code=3153011015/WC/958486255824209577&msr_no=9493&AttendanceDate=27/03/2026&Digest=QrRgur0ET5c7//0lPdL1Ww",5
"BASTI","BANKATI","BELSUHEE","3153011015/WC/958486255824209577","9496","https://mnregaweb4.nic.in/nregaarch/View_NMMS_atten_date_dtl_rpt.aspx?page=&short_name=UP&state_name=UTTAR%20PRADESH&state_code=31&district_name=BASTI&district_code=3153&block_name=BANKATI&block_code=3153011&panchayat_name=BELSUHEE&panchayat_code=3153011015&fin_year=2025-2026&source=&work_code=3153011015/WC/958486255824209577&msr_no=9496&AttendanceDate=27/03/2026&Digest=izvxmD+qW7e35q3/4bTtPA",7
"BASTI","BANKATI","BHAWARA","3153011018/RC/958486255823707540","9338","https://mnregaweb4.nic.in/nregaarch/View_NMMS_atten_date_dtl_rpt.aspx?page=&short_name=UP&state_name=UTTAR%20PRADESH&state_code=31&district_name=BASTI&district_code=3153&block_name=BANKATI&block_code=3153011&panchayat_name=BHAWARA&panchayat_code=3153011018&fin_year=2025-2026&source=&work_code=3153011018/RC/958486255823707540&msr_no=9338&AttendanceDate=27/03/2026&Digest=Z8R7szI8OXgzY7wPQ8/87A",4
"BASTI","BANKATI","BHAWARA","3153011018/RC/958486255823707541","9719","https://mnregaweb4.nic.in/nregaarch/View_NMMS_atten_date_dtl_rpt.aspx?page=&short_name=UP&state_name=UTTAR%20PRADESH&state_code=31&district_name=BASTI&district_code=3153&block_name=BANKATI&block_code=3153011&panchayat_name=BHAWARA&panchayat_code=3153011018&fin_year=2025-2026&source=&work_code=3153011018/RC/958486255823707541&msr_no=9719&AttendanceDate=27/03/2026&Digest=PhFGs0mWP/loX90ZPKsYXA",7
"BASTI","BANKATI","DEWAMI","3153011027/FP/958486255823613996","9310","https://mnregaweb4.nic.in/nregaarch/View_NMMS_atten_date_dtl_rpt.aspx?page=&short_name=UP&state_name=UTTAR%20PRADESH&state_code=31&district_name=BASTI&district_code=3153&block_name=BANKATI&block_code=3153011&panchayat_name=DEWAMI&panchayat_code=3153011027&fin_year=2025-2026&source=&work_code=3153011027/FP/958486255823613996&msr_no=9310&AttendanceDate=27/03/2026&Digest=x19Aaix1cpZy/x+TQgG2SA",8
"BASTI","BANKATI","GANGORI","3153011035/RC/958486255823750421","9584","https://mnregaweb4.nic.in/nregaarch/View_NMMS_atten_date_dtl_rpt.aspx?page=&short_name=UP&state_name=UTTAR%20PRADESH&state_code=31&district_name=BASTI&district_code=3153&block_name=BANKATI&block_code=3153011&panchayat_name=GANGORI&panchayat_code=3153011035&fin_year=2025-2026&source=&work_code=3153011035/RC/958486255823750421&msr_no=9584&AttendanceDate=27/03/2026&Digest=8sT28JTRDEvy28hfMasI7w",6
"BASTI","BANKATI","HINAUTA","3153011041/IC/958486255823739648","9743","https://mnregaweb4.nic.in/nregaarch/View_NMMS_atten_date_dtl_rpt.aspx?page=&short_name=UP&state_name=UTTAR%20PRADESH&state_code=31&district_name=BASTI&district_code=3153&block_name=BANKATI&block_code=3153011&panchayat_name=HINAUTA&panchayat_code=3153011041&fin_year=2025-2026&source=&work_code=3153011041/IC/958486255823739648&msr_no=9743&AttendanceDate=27/03/2026&Digest=m44mKbyPSy38QvU5GG4F9g",8
"BASTI","BANKATI","HINAUTA","3153011041/RC/958486255823750743","9646","https://mnregaweb4.nic.in/nregaarch/View_NMMS_atten_date_dtl_rpt.aspx?page=&short_name=UP&state_name=UTTAR%20PRADESH&state_code=31&district_name=BASTI&district_code=3153&block_name=BANKATI&block_code=3153011&panchayat_name=HINAUTA&panchayat_code=3153011041&fin_year=2025-2026&source=&work_code=3153011041/RC/958486255823750743&msr_no=9646&AttendanceDate=27/03/2026&Digest=ujCVfawgx2o6XykDBIvxEA",4
"BASTI","BANKATI","KHARATI","3153011050/RC/958486255823743302","9434","https://mnregaweb4.nic.in/nregaarch/View_NMMS_atten_date_dtl_rpt.aspx?page=&short_name=UP&state_name=UTTAR%20PRADESH&state_code=31&district_name=BASTI&district_code=3153&block_name=BANKATI&block_code=3153011&panchayat_name=KHARATI&panchayat_code=3153011050&fin_year=2025-2026&source=&work_code=3153011050/RC/958486255823743302&msr_no=9434&AttendanceDate=27/03/2026&Digest=FhtjuoRBb8ydh6M2sKNa7w",6
"BASTI","BANKATI","KHORIA","3153011056/IC/YD/958486255823722220","9638","https://mnregaweb4.nic.in/nregaarch/View_NMMS_atten_date_dtl_rpt.aspx?page=&short_name=UP&state_name=UTTAR%20PRADESH&state_code=31&district_name=BASTI&district_code=3153&block_name=BANKATI&block_code=3153011&panchayat_name=KHORIA&panchayat_code=3153011056&fin_year=2025-2026&source=&work_code=3153011056/IC/YD/958486255823722220&msr_no=9638&AttendanceDate=27/03/2026&Digest=cDn8fTZXICxpOxHodOCTRQ",5
"BASTI","BANKATI","KHORIA","3153011056/IC/YD/958486255823723324","9608","https://mnregaweb4.nic.in/nregaarch/View_NMMS_atten_date_dtl_rpt.aspx?page=&short_name=UP&state_name=UTTAR%20PRADESH&state_code=31&district_name=BASTI&district_code=3153&block_name=BANKATI&block_code=3153011&panchayat_name=KHORIA&panchayat_code=3153011056&fin_year=2025-2026&source=&work_code=3153011056/IC/YD/958486255823723324&msr_no=9608&AttendanceDate=27/03/2026&Digest=BaKVLXhsh1kFaE+2BDkUhw",9
"BASTI","BANKATI","KHORIA","3153011056/LD/YD/958486255824966397","9242","https://mnregaweb4.nic.in/nregaarch/View_NMMS_atten_date_dtl_rpt.aspx?page=&short_name=UP&state_name=UTTAR%20PRADESH&state_code=31&district_name=BASTI&district_code=3153&block_name=BANKATI&block_code=3153011&panchayat_name=KHORIA&panchayat_code=3153011056&fin_year=2025-2026&source=&work_code=3153011056/LD/YD/958486255824966397&msr_no=9242&AttendanceDate=27/03/2026&Digest=IkXSFudCTh8SfYUbuTFQXw",5
"BASTI","BANKATI","KHORIA","3153011056/LD/YD/958486255824966411","9240","https://mnregaweb4.nic.in/nregaarch/View_NMMS_atten_date_dtl_rpt.aspx?page=&short_name=UP&state_name=UTTAR%20PRADESH&state_code=31&district_name=BASTI&district_code=3153&block_name=BANKATI&block_code=3153011&panchayat_name=KHORIA&panchayat_code=3153011056&fin_year=2025-2026&source=&work_code=3153011056/LD/YD/958486255824966411&msr_no=9240&AttendanceDate=27/03/2026&Digest=YzLspJpXj5WLPEaDYWE9Cg",3
"BASTI","BANKATI","KHORIA","3153011056/RC/YD/958486255823681577","9627","https://mnregaweb4.nic.in/nregaarch/View_NMMS_atten_date_dtl_rpt.aspx?page=&short_name=UP&state_name=UTTAR%20PRADESH&state_code=31&district_name=BASTI&district_code=3153&block_name=BANKATI&block_code=3153011&panchayat_name=KHORIA&panchayat_code=3153011056&fin_year=2025-2026&source=&work_code=3153011056/RC/YD/958486255823681577&msr_no=9627&AttendanceDate=27/03/2026&Digest=4lYppdgEQfn9AgwOYynaFA",10
"BASTI","BANKATI","KHORIA","3153011056/RC/YD/958486255823681577","9630","https://mnregaweb4.nic.in/nregaarch/View_NMMS_atten_date_dtl_rpt.aspx?page=&short_name=UP&state_name=UTTAR%20PRADESH&state_code=31&district_name=BASTI&district_code=3153&block_name=BANKATI&block_code=3153011&panchayat_name=KHORIA&panchayat_code=3153011056&fin_year=2025-2026&source=&work_code=3153011056/RC/YD/958486255823681577&msr_no=9630&AttendanceDate=27/03/2026&Digest=oCu1RiujJ3nBmo7I8oHB0Q",7
"BASTI","BANKATI","KURIYAR","3153011060/IC/958486255823712455","9366","https://mnregaweb4.nic.in/nregaarch/View_NMMS_atten_date_dtl_rpt.aspx?page=&short_name=UP&state_name=UTTAR%20PRADESH&state_code=31&district_name=BASTI&district_code=3153&block_name=BANKATI&block_code=3153011&panchayat_name=KURIYAR&panchayat_code=3153011060&fin_year=2025-2026&source=&work_code=3153011060/IC/958486255823712455&msr_no=9366&AttendanceDate=27/03/2026&Digest=g3abvxNt3b7DDLTB3efb9Q",10
"BASTI","BANKATI","NAGARA BAUDIHAR","3153011070/RC/958486255823712105","9704","https://mnregaweb4.nic.in/nregaarch/View_NMMS_atten_date_dtl_rpt.aspx?page=&short_name=UP&state_name=UTTAR%20PRADESH&state_code=31&district_name=BASTI&district_code=3153&block_name=BANKATI&block_code=3153011&panchayat_name=NAGARA%20BAUDIHAR&panchayat_code=3153011070&fin_year=2025-2026&source=&work_code=3153011070/RC/958486255823712105&msr_no=9704&AttendanceDate=27/03/2026&Digest=xTnb6wypmDUUC88f9X3BPg",6
"BASTI","BANKATI","NAGARA BAUDIHAR","3153011070/RC/958486255823712105","9707","https://mnregaweb4.nic.in/nregaarch/View_NMMS_atten_date_dtl_rpt.aspx?page=&short_name=UP&state_name=UTTAR%20PRADESH&state_code=31&district_name=BASTI&district_code=3153&block_name=BANKATI&block_code=3153011&panchayat_name=NAGARA%20BAUDIHAR&panchayat_code=3153011070&fin_year=2025-2026&source=&work_code=3153011070/RC/958486255823712105&msr_no=9707&AttendanceDate=27/03/2026&Digest=xeJ343WX8pDm61Ir35eQRg",9
"BASTI","BANKATI","PADIYAPAR","3153011072/RC/958486255823729438","9667","https://mnregaweb4.nic.in/nregaarch/View_NMMS_atten_date_dtl_rpt.aspx?page=&short_name=UP&state_name=UTTAR%20PRADESH&state_code=31&district_name=BASTI&district_code=3153&block_name=BANKATI&block_code=3153011&panchayat_name=PADIYAPAR&panchayat_code=3153011072&fin_year=2025-2026&source=&work_code=3153011072/RC/958486255823729438&msr_no=9667&AttendanceDate=27/03/2026&Digest=UrjL/+pvwWrurz9cvfCOKg",10
"BASTI","BANKATI","PARASI","3153011076/WC/958486255824199617","9685","https://mnregaweb4.nic.in/nregaarch/View_NMMS_atten_date_dtl_rpt.aspx?page=&short_name=UP&state_name=UTTAR%20PRADESH&state_code=31&district_name=BASTI&district_code=3153&block_name=BANKATI&block_code=3153011&panchayat_name=PARASI&panchayat_code=3153011076&fin_year=2025-2026&source=&work_code=3153011076/WC/958486255824199617&msr_no=9685&AttendanceDate=27/03/2026&Digest=AYHgiTjSw6Lfip/8+EVpUQ",1
"BASTI","BANKATI","SOBHAN PAR","3153011087/LD/958486255824967557","9297","https://mnregaweb4.nic.in/nregaarch/View_NMMS_atten_date_dtl_rpt.aspx?page=&short_name=UP&state_name=UTTAR%20PRADESH&state_code=31&district_name=BASTI&district_code=3153&block_name=BANKATI&block_code=3153011&panchayat_name=SOBHAN%20PAR&panchayat_code=3153011087&fin_year=2025-2026&source=&work_code=3153011087/LD/958486255824967557&msr_no=9297&AttendanceDate=27/03/2026&Digest=LVBQA7rDWFcABBGR3TPP2A",8
"BASTI","BANKATI","SOBHAN PAR","3153011087/RC/958486255823751179","9652","https://mnregaweb4.nic.in/nregaarch/View_NMMS_atten_date_dtl_rpt.aspx?page=&short_name=UP&state_name=UTTAR%20PRADESH&state_code=31&district_name=BASTI&district_code=3153&block_name=BANKATI&block_code=3153011&panchayat_name=SOBHAN%20PAR&panchayat_code=3153011087&fin_year=2025-2026&source=&work_code=3153011087/RC/958486255823751179&msr_no=9652&AttendanceDate=27/03/2026&Digest=Go14Iv3JIc1FL5sPrEoYvg",6
"BASTI","BANKATI","SOBHAN PAR","3153011087/RC/958486255823751179","9655","https://mnregaweb4.nic.in/nregaarch/View_NMMS_atten_date_dtl_rpt.aspx?page=&short_name=UP&state_name=UTTAR%20PRADESH&state_code=31&district_name=BASTI&district_code=3153&block_name=BANKATI&block_code=3153011&panchayat_name=SOBHAN%20PAR&panchayat_code=3153011087&fin_year=2025-2026&source=&work_code=3153011087/RC/958486255823751179&msr_no=9655&AttendanceDate=27/03/2026&Digest=mnqkwmTy1VXlC8GFHGt+fQ",3
"BASTI","BANKATI","PIPRA","3153011098/AV/958486255824177698","9747","https://mnregaweb4.nic.in/nregaarch/View_NMMS_atten_date_dtl_rpt.aspx?page=&short_name=UP&state_name=UTTAR%20PRADESH&state_code=31&district_name=BASTI&district_code=3153&block_name=BANKATI&block_code=3153011&panchayat_name=PIPRA&panchayat_code=3153011098&fin_year=2025-2026&source=&work_code=3153011098/AV/958486255824177698&msr_no=9747&AttendanceDate=27/03/2026&Digest=g7nmgULz16tKDC5cbvVNDA",9
"BASTI","BANKATI","GULAURA","3153011112/RC/958486255823716059","9729","https://mnregaweb4.nic.in/nregaarch/View_NMMS_atten_date_dtl_rpt.aspx?page=&short_name=UP&state_name=UTTAR%20PRADESH&state_code=31&district_name=BASTI&district_code=3153&block_name=BANKATI&block_code=3153011&panchayat_name=GULAURA&panchayat_code=3153011112&fin_year=2025-2026&source=&work_code=3153011112/RC/958486255823716059&msr_no=9729&AttendanceDate=27/03/2026&Digest=RsHdsNxvN65sovE2DDD7WQ",9
"BASTI","BASTI","MAHADEV","3153010055/RC/958486255823738687","4441","https://mnregaweb4.nic.in/nregaarch/View_NMMS_atten_date_dtl_rpt.aspx?page=&short_name=UP&state_name=UTTAR%20PRADESH&state_code=31&district_name=BASTI&district_code=3153&block_name=BASTI&block_code=3153010&panchayat_name=MAHADEV&panchayat_code=3153010055&fin_year=2025-2026&source=&work_code=3153010055/RC/958486255823738687&msr_no=4441&AttendanceDate=27/03/2026&Digest=pNw6Ik/RwiMPaJZ8wbfnQg",6
"BASTI","BASTI","MAHARI PUR","3153010056/RC/958486255823704971","4427","https://mnregaweb4.nic.in/nregaarch/View_NMMS_atten_date_dtl_rpt.aspx?page=&short_name=UP&state_name=UTTAR%20PRADESH&state_code=31&district_name=BASTI&district_code=3153&block_name=BASTI&block_code=3153010&panchayat_name=MAHARI%20PUR&panchayat_code=3153010056&fin_year=2025-2026&source=&work_code=3153010056/RC/958486255823704971&msr_no=4427&AttendanceDate=27/03/2026&Digest=0MkyJPSTonFwguM1oSJGCQ",2
"BASTI","DUBAULIYA","CHAKOHI","3153014008/RC/958486255823699684","4359","https://mnregaweb4.nic.in/nregaarch/View_NMMS_atten_date_dtl_rpt.aspx?page=&short_name=UP&state_name=UTTAR%20PRADESH&state_code=31&district_name=BASTI&district_code=3153&block_name=DUBAULIYA&block_code=3153014&panchayat_name=CHAKOHI&panchayat_code=3153014008&fin_year=2025-2026&source=&work_code=3153014008/RC/958486255823699684&msr_no=4359&AttendanceDate=27/03/2026&Digest=neA2dyTP6RWmMKkerLq0wA",2
"BASTI","DUBAULIYA","HENGAPUR","3153014012/RC/958486255823752058","4328","https://mnregaweb4.nic.in/nregaarch/View_NMMS_atten_date_dtl_rpt.aspx?page=&short_name=UP&state_name=UTTAR%20PRADESH&state_code=31&district_name=BASTI&district_code=3153&block_name=DUBAULIYA&block_code=3153014&panchayat_name=HENGAPUR&panchayat_code=3153014012&fin_year=2025-2026&source=&work_code=3153014012/RC/958486255823752058&msr_no=4328&AttendanceDate=27/03/2026&Digest=3/qtR0+W9cRrmWR9UBVO+Q",10
"BASTI","DUBAULIYA","DEWRAGANGWAR","3153014015/LD/958486255825001480","4187","https://mnregaweb4.nic.in/nregaarch/View_NMMS_atten_date_dtl_rpt.aspx?page=&short_name=UP&state_name=UTTAR%20PRADESH&state_code=31&district_name=BASTI&district_code=3153&block_name=DUBAULIYA&block_code=3153014&panchayat_name=DEWRAGANGWAR&panchayat_code=3153014015&fin_year=2025-2026&source=&work_code=3153014015/LD/958486255825001480&msr_no=4187&AttendanceDate=27/03/2026&Digest=qGHKggb8L2Fq2DQ6LscPmA",9
"BASTI","SALTAUA GOPAL PUR","TENUWA","3153007020/LD/958486255824769941","5484","https://mnregaweb4.nic.in/nregaarch/View_NMMS_atten_date_dtl_rpt.aspx?page=&short_name=UP&state_name=UTTAR%20PRADESH&state_code=31&district_name=BASTI&district_code=3153&block_name=SALTAUA%20GOPAL%20PUR&block_code=3153007&panchayat_name=TENUWA&panchayat_code=3153007020&fin_year=2025-2026&source=&work_code=3153007020/LD/958486255824769941&msr_no=5484&AttendanceDate=27/03/2026&Digest=azNyUJVll+jUYGV+jeEH7g",8
"BASTI","SALTAUA GOPAL PUR","NEWADA","3153007052/AV/958486255824177602","5462","https://mnregaweb4.nic.in/nregaarch/View_NMMS_atten_date_dtl_rpt.aspx?page=&short_name=UP&state_name=UTTAR%20PRADESH&state_code=31&district_name=BASTI&district_code=3153&block_name=SALTAUA%20GOPAL%20PUR&block_code=3153007&panchayat_name=NEWADA&panchayat_code=3153007052&fin_year=2025-2026&source=&work_code=3153007052/AV/958486255824177602&msr_no=5462&AttendanceDate=27/03/2026&Digest=ebw5XRbXFiVQgcVhemwvrw",7
"BASTI","SALTAUA GOPAL PUR","PARSHA DMYA","3153007059/RC/958486255823651451","5536","https://mnregaweb4.nic.in/nregaarch/View_NMMS_atten_date_dtl_rpt.aspx?page=&short_name=UP&state_name=UTTAR%20PRADESH&state_code=31&district_name=BASTI&district_code=3153&block_name=SALTAUA%20GOPAL%20PUR&block_code=3153007&panchayat_name=PARSHA%20DMYA&panchayat_code=3153007059&fin_year=2025-2026&source=&work_code=3153007059/RC/958486255823651451&msr_no=5536&AttendanceDate=27/03/2026&Digest=4WVgfA1KO8+VMjlKv+5Esg",1
"BASTI","SALTAUA GOPAL PUR","REGI","3153007066/RC/958486255823706731","5513","https://mnregaweb4.nic.in/nregaarch/View_NMMS_atten_date_dtl_rpt.aspx?page=&short_name=UP&state_name=UTTAR%20PRADESH&state_code=31&district_name=BASTI&district_code=3153&block_name=SALTAUA%20GOPAL%20PUR&block_code=3153007&panchayat_name=REGI&panchayat_code=3153007066&fin_year=2025-2026&source=&work_code=3153007066/RC/958486255823706731&msr_no=5513&AttendanceDate=27/03/2026&Digest=6/R0APNBRo6dL4IlPXi00g",9
"BASTI","SALTAUA GOPAL PUR","SUBHAI","3153007078/RC/958486255823677087","5498","https://mnregaweb4.nic.in/nregaarch/View_NMMS_atten_date_dtl_rpt.aspx?page=&short_name=UP&state_name=UTTAR%20PRADESH&state_code=31&district_name=BASTI&district_code=3153&block_name=SALTAUA%20GOPAL%20PUR&block_code=3153007&panchayat_name=SUBHAI&panchayat_code=3153007078&fin_year=2025-2026&source=&work_code=3153007078/RC/958486255823677087&msr_no=5498&AttendanceDate=27/03/2026&Digest=XIPx10qAC64Xoq7FyqYzbA",8
"BASTI","SAU GHAT","KASAILA","3153009077/RC/958486255823687472","3414","https://mnregaweb4.nic.in/nregaarch/View_NMMS_atten_date_dtl_rpt.aspx?page=&short_name=UP&state_name=UTTAR%20PRADESH&state_code=31&district_name=BASTI&district_code=3153&block_name=SAU%20GHAT&block_code=3153009&panchayat_name=KASAILA&panchayat_code=3153009077&fin_year=2025-2026&source=&work_code=3153009077/RC/958486255823687472&msr_no=3414&AttendanceDate=27/03/2026&Digest=IIpQSyYo0TIjn6OTGMoPGg",7
"BASTI","VIKRAM JOT","ATRAURA JHAM","3153004004/RC/958486255823725256","5849","https://mnregaweb4.nic.in/nregaarch/View_NMMS_atten_date_dtl_rpt.aspx?page=&short_name=UP&state_name=UTTAR%20PRADESH&state_code=31&district_name=BASTI&district_code=3153&block_name=VIKRAM%20JOT&block_code=3153004&panchayat_name=ATRAURA%20JHAM&panchayat_code=3153004004&fin_year=2025-2026&source=&work_code=3153004004/RC/958486255823725256&msr_no=5849&AttendanceDate=27/03/2026&Digest=kL6deYitvHiJ551waWzMqw",9
"BASTI","VIKRAM JOT","CHAPILAON","3153004013/RC/958486255823646598","5975","https://mnregaweb4.nic.in/nregaarch/View_NMMS_atten_date_dtl_rpt.aspx?page=&short_name=UP&state_name=UTTAR%20PRADESH&state_code=31&district_name=BASTI&district_code=3153&block_name=VIKRAM%20JOT&block_code=3153004&panchayat_name=CHAPILAON&panchayat_code=3153004013&fin_year=2025-2026&source=&work_code=3153004013/RC/958486255823646598&msr_no=5975&AttendanceDate=27/03/2026&Digest=4CdbGYZcSV/kIOekg/SDdQ",9
"BASTI","VIKRAM JOT","DAHDA MISHRA","3153004015/LD/958486255824958089","5809","https://mnregaweb4.nic.in/nregaarch/View_NMMS_atten_date_dtl_rpt.aspx?page=&short_name=UP&state_name=UTTAR%20PRADESH&state_code=31&district_name=BASTI&district_code=3153&block_name=VIKRAM%20JOT&block_code=3153004&panchayat_name=DAHDA%20MISHRA&panchayat_code=3153004015&fin_year=2025-2026&source=&work_code=3153004015/LD/958486255824958089&msr_no=5809&AttendanceDate=27/03/2026&Digest=6sN2ItFfoW47nr8+4kycTw",3
"BASTI","VIKRAM JOT","DHAURAHRA CHAUHAN","3153004018/LD/958486255824989950","5957","https://mnregaweb4.nic.in/nregaarch/View_NMMS_atten_date_dtl_rpt.aspx?page=&short_name=UP&state_name=UTTAR%20PRADESH&state_code=31&district_name=BASTI&district_code=3153&block_name=VIKRAM%20JOT&block_code=3153004&panchayat_name=DHAURAHRA%20CHAUHAN&panchayat_code=3153004018&fin_year=2025-2026&source=&work_code=3153004018/LD/958486255824989950&msr_no=5957&AttendanceDate=27/03/2026&Digest=/k4CDU0n9FE11aLSj5MdQA",10
"BASTI","VIKRAM JOT","KHATAMSARAY","3153004034/LD/958486255824995840","5782","https://mnregaweb4.nic.in/nregaarch/View_NMMS_atten_date_dtl_rpt.aspx?page=&short_name=UP&state_name=UTTAR%20PRADESH&state_code=31&district_name=BASTI&district_code=3153&block_name=VIKRAM%20JOT&block_code=3153004&panchayat_name=KHATAMSARAY&panchayat_code=3153004034&fin_year=2025-2026&source=&work_code=3153004034/LD/958486255824995840&msr_no=5782&AttendanceDate=27/03/2026&Digest=s2ktXG803/Ut5gFuUqzFcA",10
"BASTI","VIKRAM JOT","KHATAMSARAY","3153004034/LD/958486255825003166","5827","https://mnregaweb4.nic.in/nregaarch/View_NMMS_atten_date_dtl_rpt.aspx?page=&short_name=UP&state_name=UTTAR%20PRADESH&state_code=31&district_name=BASTI&district_code=3153&block_name=VIKRAM%20JOT&block_code=3153004&panchayat_name=KHATAMSARAY&panchayat_code=3153004034&fin_year=2025-2026&source=&work_code=3153004034/LD/958486255825003166&msr_no=5827&AttendanceDate=27/03/2026&Digest=SJSjk57nem06xt147L5YFA",5
"BASTI","VIKRAM JOT","MADNA MAJHA","3153004040/LD/958486255824916796","5815","https://mnregaweb4.nic.in/nregaarch/View_NMMS_atten_date_dtl_rpt.aspx?page=&short_name=UP&state_name=UTTAR%20PRADESH&state_code=31&district_name=BASTI&district_code=3153&block_name=VIKRAM%20JOT&block_code=3153004&panchayat_name=MADNA%20MAJHA&panchayat_code=3153004040&fin_year=2025-2026&source=&work_code=3153004040/LD/958486255824916796&msr_no=5815&AttendanceDate=27/03/2026&Digest=IjhPP3nPxtQK86+wWm9eZQ",5
"BASTI","VIKRAM JOT","MALHNI","3153004042/RC/958486255823737150","5871","https://mnregaweb4.nic.in/nregaarch/View_NMMS_atten_date_dtl_rpt.aspx?page=&short_name=UP&state_name=UTTAR%20PRADESH&state_code=31&district_name=BASTI&district_code=3153&block_name=VIKRAM%20JOT&block_code=3153004&panchayat_name=MALHNI&panchayat_code=3153004042&fin_year=2025-2026&source=&work_code=3153004042/RC/958486255823737150&msr_no=5871&AttendanceDate=27/03/2026&Digest=+XHqeo/U0aCwY9EkSlup3g",8
"BASTI","VIKRAM JOT","EKMA HIRANIYA","3153004043/WC/958486255824231525","5856","https://mnregaweb4.nic.in/nregaarch/View_NMMS_atten_date_dtl_rpt.aspx?page=&short_name=UP&state_name=UTTAR%20PRADESH&state_code=31&district_name=BASTI&district_code=3153&block_name=VIKRAM%20JOT&block_code=3153004&panchayat_name=EKMA%20HIRANIYA&panchayat_code=3153004043&fin_year=2025-2026&source=&work_code=3153004043/WC/958486255824231525&msr_no=5856&AttendanceDate=27/03/2026&Digest=i09i5CBCxUr737qCFDEr7A",1
"BASTI","VIKRAM JOT","EKMA HIRANIYA","3153004043/WC/958486255824231525","5859","https://mnregaweb4.nic.in/nregaarch/View_NMMS_atten_date_dtl_rpt.aspx?page=&short_name=UP&state_name=UTTAR%20PRADESH&state_code=31&district_name=BASTI&district_code=3153&block_name=VIKRAM%20JOT&block_code=3153004&panchayat_name=EKMA%20HIRANIYA&panchayat_code=3153004043&fin_year=2025-2026&source=&work_code=3153004043/WC/958486255824231525&msr_no=5859&AttendanceDate=27/03/2026&Digest=C6nu4bIPDQ29piLkK8J8tA",6
"BASTI","VIKRAM JOT","TURSI","3153004068/LD/YD/958486255825007923","5923","https://mnregaweb4.nic.in/nregaarch/View_NMMS_atten_date_dtl_rpt.aspx?page=&short_name=UP&state_name=UTTAR%20PRADESH&state_code=31&district_name=BASTI&district_code=3153&block_name=VIKRAM%20JOT&block_code=3153004&panchayat_name=TURSI&panchayat_code=3153004068&fin_year=2025-2026&source=&work_code=3153004068/LD/YD/958486255825007923&msr_no=5923&AttendanceDate=27/03/2026&Digest=FOOdp9+gZkCwW0ALX+6iEg",6
"BASTI","DUBAULIYA","RAM NAGAR","3153014020/RC/958486255823749962","4186","https://mnregaweb4.nic.in/nregaarch/View_NMMS_atten_date_dtl_rpt.aspx?page=&short_name=UP&state_name=UTTAR%20PRADESH&state_code=31&district_name=BASTI&district_code=3153&block_name=DUBAULIYA&block_code=3153014&panchayat_name=RAM%20NAGAR&panchayat_code=3153014020&fin_year=2025-2026&source=&work_code=3153014020/RC/958486255823749962&msr_no=4186&AttendanceDate=27/03/2026&Digest=iUm79Fe2CRNnIoigKbpOqQ",2
"BASTI","DUBAULIYA","PAYAK PUR","3153014025/RC/958486255823750843","4307","https://mnregaweb4.nic.in/nregaarch/View_NMMS_atten_date_dtl_rpt.aspx?page=&short_name=UP&state_name=UTTAR%20PRADESH&state_code=31&district_name=BASTI&district_code=3153&block_name=DUBAULIYA&block_code=3153014&panchayat_name=PAYAK%20PUR&panchayat_code=3153014025&fin_year=2025-2026&source=&work_code=3153014025/RC/958486255823750843&msr_no=4307&AttendanceDate=27/03/2026&Digest=PBCSu2WhGxlZwzzpD85SLA",1
"BASTI","DUBAULIYA","BHIURA","3153014026/RC/958486255823732619","4339","https://mnregaweb4.nic.in/nregaarch/View_NMMS_atten_date_dtl_rpt.aspx?page=&short_name=UP&state_name=UTTAR%20PRADESH&state_code=31&district_name=BASTI&district_code=3153&block_name=DUBAULIYA&block_code=3153014&panchayat_name=BHIURA&panchayat_code=3153014026&fin_year=2025-2026&source=&work_code=3153014026/RC/958486255823732619&msr_no=4339&AttendanceDate=27/03/2026&Digest=jm4F0RDXXc3kvW9wsuutPA",5
"BASTI","DUBAULIYA","DUBAULIYA","3153014029/RC/958486255823749639","4384","https://mnregaweb4.nic.in/nregaarch/View_NMMS_atten_date_dtl_rpt.aspx?page=&short_name=UP&state_name=UTTAR%20PRADESH&state_code=31&district_name=BASTI&district_code=3153&block_name=DUBAULIYA&block_code=3153014&panchayat_name=DUBAULIYA&panchayat_code=3153014029&fin_year=2025-2026&source=&work_code=3153014029/RC/958486255823749639&msr_no=4384&AttendanceDate=27/03/2026&Digest=nRYxFwf/0BxDAkqJEyx7/w",6
"BASTI","DUBAULIYA","SARIYA ATIBAL","3153014031/LD/958486255824953898","4137","https://mnregaweb4.nic.in/nregaarch/View_NMMS_atten_date_dtl_rpt.aspx?page=&short_name=UP&state_name=UTTAR%20PRADESH&state_code=31&district_name=BASTI&district_code=3153&block_name=DUBAULIYA&block_code=3153014&panchayat_name=SARIYA%20ATIBAL&panchayat_code=3153014031&fin_year=2025-2026&source=&work_code=3153014031/LD/958486255824953898&msr_no=4137&AttendanceDate=27/03/2026&Digest=P+LOZrbBHz7zgc3Prki0jg",7
"BASTI","DUBAULIYA","BHAKRAHI","3153014035/RC/958486255823750364","4233","https://mnregaweb4.nic.in/nregaarch/View_NMMS_atten_date_dtl_rpt.aspx?page=&short_name=UP&state_name=UTTAR%20PRADESH&state_code=31&district_name=BASTI&district_code=3153&block_name=DUBAULIYA&block_code=3153014&panchayat_name=BHAKRAHI&panchayat_code=3153014035&fin_year=2025-2026&source=&work_code=3153014035/RC/958486255823750364&msr_no=4233&AttendanceDate=27/03/2026&Digest=z1YCWvmPe1yEPKnww3FgCQ",7
"BASTI","DUBAULIYA","BHAKRAHI","3153014035/RC/958486255823750365","4160","https://mnregaweb4.nic.in/nregaarch/View_NMMS_atten_date_dtl_rpt.aspx?page=&short_name=UP&state_name=UTTAR%20PRADESH&state_code=31&district_name=BASTI&district_code=3153&block_name=DUBAULIYA&block_code=3153014&panchayat_name=BHAKRAHI&panchayat_code=3153014035&fin_year=2025-2026&source=&work_code=3153014035/RC/958486255823750365&msr_no=4160&AttendanceDate=27/03/2026&Digest=eHDgKIoU7NHwxUCl1j0gxA",1
"BASTI","DUBAULIYA","BHAKRAHI","3153014035/RC/958486255823751006","4237","https://mnregaweb4.nic.in/nregaarch/View_NMMS_atten_date_dtl_rpt.aspx?page=&short_name=UP&state_name=UTTAR%20PRADESH&state_code=31&district_name=BASTI&district_code=3153&block_name=DUBAULIYA&block_code=3153014&panchayat_name=BHAKRAHI&panchayat_code=3153014035&fin_year=2025-2026&source=&work_code=3153014035/RC/958486255823751006&msr_no=4237&AttendanceDate=27/03/2026&Digest=n3AtM6VsA1tVDI5VBRCcbQ",8
"BASTI","DUBAULIYA","BHAKRAHI","3153014035/RC/958486255823751006","4240","https://mnregaweb4.nic.in/nregaarch/View_NMMS_atten_date_dtl_rpt.aspx?page=&short_name=UP&state_name=UTTAR%20PRADESH&state_code=31&district_name=BASTI&district_code=3153&block_name=DUBAULIYA&block_code=3153014&panchayat_name=BHAKRAHI&panchayat_code=3153014035&fin_year=2025-2026&source=&work_code=3153014035/RC/958486255823751006&msr_no=4240&AttendanceDate=27/03/2026&Digest=CmLl1Op3ocAL/fh8r2ANgw",9
"BASTI","DUBAULIYA","SHUKULPURA","3153014043/AV/958486255824178600","4120","https://mnregaweb4.nic.in/nregaarch/View_NMMS_atten_date_dtl_rpt.aspx?page=&short_name=UP&state_name=UTTAR%20PRADESH&state_code=31&district_name=BASTI&district_code=3153&block_name=DUBAULIYA&block_code=3153014&panchayat_name=SHUKULPURA&panchayat_code=3153014043&fin_year=2025-2026&source=&work_code=3153014043/AV/958486255824178600&msr_no=4120&AttendanceDate=27/03/2026&Digest=kuthu8BKZulIOipHY/pvXw",5
"BASTI","DUBAULIYA","SARAIYA BAKSI","3153014046/RC/958486255823647641","4402","https://mnregaweb4.nic.in/nregaarch/View_NMMS_atten_date_dtl_rpt.aspx?page=&short_name=UP&state_name=UTTAR%20PRADESH&state_code=31&district_name=BASTI&district_code=3153&block_name=DUBAULIYA&block_code=3153014&panchayat_name=SARAIYA%20BAKSI&panchayat_code=3153014046&fin_year=2025-2026&source=&work_code=3153014046/RC/958486255823647641&msr_no=4402&AttendanceDate=27/03/2026&Digest=TTK8DQ5Wm1WRI1l0id4dlQ",6
"BASTI","DUBAULIYA","BARSAV","3153014055/RC/958486255823751326","4270","https://mnregaweb4.nic.in/nregaarch/View_NMMS_atten_date_dtl_rpt.aspx?page=&short_name=UP&state_name=UTTAR%20PRADESH&state_code=31&district_name=BASTI&district_code=3153&block_name=DUBAULIYA&block_code=3153014&panchayat_name=BARSAV&panchayat_code=3153014055&fin_year=2025-2026&source=&work_code=3153014055/RC/958486255823751326&msr_no=4270&AttendanceDate=27/03/2026&Digest=LvqeC82dF8+MdVbTC0WoPw",9
"BASTI","DUBAULIYA","MISHRAULIYA","3153014059/AV/958486255824182606","4362","https://mnregaweb4.nic.in/nregaarch/View_NMMS_atten_date_dtl_rpt.aspx?page=&short_name=UP&state_name=UTTAR%20PRADESH&state_code=31&district_name=BASTI&district_code=3153&block_name=DUBAULIYA&block_code=3153014&panchayat_name=MISHRAULIYA&panchayat_code=3153014059&fin_year=2025-2026&source=&work_code=3153014059/AV/958486255824182606&msr_no=4362&AttendanceDate=27/03/2026&Digest=K0wO4mmNltmxskL/NNBuIg",10
"BASTI","GAUR","BAWAR PARA","3153002017/AV/958486255824164250","6507","https://mnregaweb4.nic.in/nregaarch/View_NMMS_atten_date_dtl_rpt.aspx?page=&short_name=UP&state_name=UTTAR%20PRADESH&state_code=31&district_name=BASTI&district_code=3153&block_name=GAUR&block_code=3153002&panchayat_name=BAWAR%20PARA&panchayat_code=3153002017&fin_year=2025-2026&source=&work_code=3153002017/AV/958486255824164250&msr_no=6507&AttendanceDate=27/03/2026&Digest=LWSQIOyOeH0B6csOO+oLhQ",5
"BASTI","GAUR","DUHAWA","3153002038/LD/958486255824947013","6327","https://mnregaweb4.nic.in/nregaarch/View_NMMS_atten_date_dtl_rpt.aspx?page=&short_name=UP&state_name=UTTAR%20PRADESH&state_code=31&district_name=BASTI&district_code=3153&block_name=GAUR&block_code=3153002&panchayat_name=DUHAWA&panchayat_code=3153002038&fin_year=2025-2026&source=&work_code=3153002038/LD/958486255824947013&msr_no=6327&AttendanceDate=27/03/2026&Digest=Prm0NK0LAKcYOpoRyeTAIw",10
"BASTI","GAUR","MAJHAUVA CHAUBEY","3153002061/WC/958486255824213629","6521","https://mnregaweb4.nic.in/nregaarch/View_NMMS_atten_date_dtl_rpt.aspx?page=&short_name=UP&state_name=UTTAR%20PRADESH&state_code=31&district_name=BASTI&district_code=3153&block_name=GAUR&block_code=3153002&panchayat_name=MAJHAUVA%20CHAUBEY&panchayat_code=3153002061&fin_year=2025-2026&source=&work_code=3153002061/WC/958486255824213629&msr_no=6521&AttendanceDate=27/03/2026&Digest=4WPh4VR6ver7bPALH48Mvg",8
"BASTI","GAUR","MAJHAUVA CHAUBEY","3153002061/WC/958486255824213629","6524","https://mnregaweb4.nic.in/nregaarch/View_NMMS_atten_date_dtl_rpt.aspx?page=&short_name=UP&state_name=UTTAR%20PRADESH&state_code=31&district_name=BASTI&district_code=3153&block_name=GAUR&block_code=3153002&panchayat_name=MAJHAUVA%20CHAUBEY&panchayat_code=3153002061&fin_year=2025-2026&source=&work_code=3153002061/WC/958486255824213629&msr_no=6524&AttendanceDate=27/03/2026&Digest=YUjX5th/a6zFJC49Pn65aA",8
"BASTI","GAUR","GHAGHARIYA","3153002094/LD/958486255824988251","6392","https://mnregaweb4.nic.in/nregaarch/View_NMMS_atten_date_dtl_rpt.aspx?page=&short_name=UP&state_name=UTTAR%20PRADESH&state_code=31&district_name=BASTI&district_code=3153&block_name=GAUR&block_code=3153002&panchayat_name=GHAGHARIYA&panchayat_code=3153002094&fin_year=2025-2026&source=&work_code=3153002094/LD/958486255824988251&msr_no=6392&AttendanceDate=27/03/2026&Digest=SJFLcwVsDqkjqlzzNqT7gA",4
"BASTI","HARRAIYA","BELBHARIYA RAM GULAM","3153003017/LD/958486255825009419","6996","https://mnregaweb4.nic.in/nregaarch/View_NMMS_atten_date_dtl_rpt.aspx?page=&short_name=UP&state_name=UTTAR%20PRADESH&state_code=31&district_name=BASTI&district_code=3153&block_name=HARRAIYA&block_code=3153003&panchayat_name=BELBHARIYA%20RAM%20GULAM&panchayat_code=3153003017&fin_year=2025-2026&source=&work_code=3153003017/LD/958486255825009419&msr_no=6996&AttendanceDate=27/03/2026&Digest=BDZxfF0n1KJ6GYw91gm8Rw",10
"BASTI","HARRAIYA","BELBHARIYA RAM GULAM","3153003017/LD/958486255825009419","6999","https://mnregaweb4.nic.in/nregaarch/View_NMMS_atten_date_dtl_rpt.aspx?page=&short_name=UP&state_name=UTTAR%20PRADESH&state_code=31&district_name=BASTI&district_code=3153&block_name=HARRAIYA&block_code=3153003&panchayat_name=BELBHARIYA%20RAM%20GULAM&panchayat_code=3153003017&fin_year=2025-2026&source=&work_code=3153003017/LD/958486255825009419&msr_no=6999&AttendanceDate=27/03/2026&Digest=I3ibIm2pPS7LokwRvJ2MkA",9
"BASTI","HARRAIYA","BHAIRO PUR","3153003027/RC/YD/958486255823736251","6951","https://mnregaweb4.nic.in/nregaarch/View_NMMS_atten_date_dtl_rpt.aspx?page=&short_name=UP&state_name=UTTAR%20PRADESH&state_code=31&district_name=BASTI&district_code=3153&block_name=HARRAIYA&block_code=3153003&panchayat_name=BHAIRO%20PUR&panchayat_code=3153003027&fin_year=2025-2026&source=&work_code=3153003027/RC/YD/958486255823736251&msr_no=6951&AttendanceDate=27/03/2026&Digest=YPsLc2SfD6Lx3ux6vnQS3g",2
"BASTI","HARRAIYA","MARWATIA BHAWAN","3153003039/AV/958486255824176086","6917","https://mnregaweb4.nic.in/nregaarch/View_NMMS_atten_date_dtl_rpt.aspx?page=&short_name=UP&state_name=UTTAR%20PRADESH&state_code=31&district_name=BASTI&district_code=3153&block_name=HARRAIYA&block_code=3153003&panchayat_name=MARWATIA%20BHAWAN&panchayat_code=3153003039&fin_year=2025-2026&source=&work_code=3153003039/AV/958486255824176086&msr_no=6917&AttendanceDate=27/03/2026&Digest=oKhmwq4+9qqokfCUiSo1sQ",10
"BASTI","HARRAIYA","NADAYEN","3153003042/LD/958486255824955644","6904","https://mnregaweb4.nic.in/nregaarch/View_NMMS_atten_date_dtl_rpt.aspx?page=&short_name=UP&state_name=UTTAR%20PRADESH&state_code=31&district_name=BASTI&district_code=3153&block_name=HARRAIYA&block_code=3153003&panchayat_name=NADAYEN&panchayat_code=3153003042&fin_year=2025-2026&source=&work_code=3153003042/LD/958486255824955644&msr_no=6904&AttendanceDate=27/03/2026&Digest=g4DH16X0rHhhrd97d3N7Ww",10
"BASTI","HARRAIYA","NADAYEN","3153003042/LD/958486255824955644","6907","https://mnregaweb4.nic.in/nregaarch/View_NMMS_atten_date_dtl_rpt.aspx?page=&short_name=UP&state_name=UTTAR%20PRADESH&state_code=31&district_name=BASTI&district_code=3153&block_name=HARRAIYA&block_code=3153003&panchayat_name=NADAYEN&panchayat_code=3153003042&fin_year=2025-2026&source=&work_code=3153003042/LD/958486255824955644&msr_no=6907&AttendanceDate=27/03/2026&Digest=1jfzpULjGSY3uj8m8dUDsg",10
"BASTI","HARRAIYA","NADAYEN","3153003042/LD/958486255824955644","6910","https://mnregaweb4.nic.in/nregaarch/View_NMMS_atten_date_dtl_rpt.aspx?page=&short_name=UP&state_name=UTTAR%20PRADESH&state_code=31&district_name=BASTI&district_code=3153&block_name=HARRAIYA&block_code=3153003&panchayat_name=NADAYEN&panchayat_code=3153003042&fin_year=2025-2026&source=&work_code=3153003042/LD/958486255824955644&msr_no=6910&AttendanceDate=27/03/2026&Digest=0uHbDvUaeoRpcPeYvh5i5A",3
"BASTI","HARRAIYA","PADARI MISHR","3153003055/AV/958486255824176672","7009","https://mnregaweb4.nic.in/nregaarch/View_NMMS_atten_date_dtl_rpt.aspx?page=&short_name=UP&state_name=UTTAR%20PRADESH&state_code=31&district_name=BASTI&district_code=3153&block_name=HARRAIYA&block_code=3153003&panchayat_name=PADARI%20MISHR&panchayat_code=3153003055&fin_year=2025-2026&source=&work_code=3153003055/AV/958486255824176672&msr_no=7009&AttendanceDate=27/03/2026&Digest=2H79rWpzdtW8CaoFj8VvPg",1
"BASTI","HARRAIYA","PADARI MISHR","3153003055/RC/958486255823657246","7007","https://mnregaweb4.nic.in/nregaarch/View_NMMS_atten_date_dtl_rpt.aspx?page=&short_name=UP&state_name=UTTAR%20PRADESH&state_code=31&district_name=BASTI&district_code=3153&block_name=HARRAIYA&block_code=3153003&panchayat_name=PADARI%20MISHR&panchayat_code=3153003055&fin_year=2025-2026&source=&work_code=3153003055/RC/958486255823657246&msr_no=7007&AttendanceDate=27/03/2026&Digest=mcrhcuZRKiRWxBFlM9L71Q",1
"BASTI","HARRAIYA","PADARI MISHR","3153003055/RC/958486255823718887","7006","https://mnregaweb4.nic.in/nregaarch/View_NMMS_atten_date_dtl_rpt.aspx?page=&short_name=UP&state_name=UTTAR%20PRADESH&state_code=31&district_name=BASTI&district_code=3153&block_name=HARRAIYA&block_code=3153003&panchayat_name=PADARI%20MISHR&panchayat_code=3153003055&fin_year=2025-2026&source=&work_code=3153003055/RC/958486255823718887&msr_no=7006&AttendanceDate=27/03/2026&Digest=p2X4zVkaOCAMpaH0IZukMg",1
"BASTI","HARRAIYA","KHAMHARIA GANGARAM","3153003061/LD/958486255824988270","6915","https://mnregaweb4.nic.in/nregaarch/View_NMMS_atten_date_dtl_rpt.aspx?page=&short_name=UP&state_name=UTTAR%20PRADESH&state_code=31&district_name=BASTI&district_code=3153&block_name=HARRAIYA&block_code=3153003&panchayat_name=KHAMHARIA%20GANGARAM&panchayat_code=3153003061&fin_year=2025-2026&source=&work_code=3153003061/LD/958486255824988270&msr_no=6915&AttendanceDate=27/03/2026&Digest=pRm2rPMNd2aEw1GuMAA3Dw",10
"BASTI","HARRAIYA","BHADAWAL KALA","3153003074/LD/958486255825010527","6869","https://mnregaweb4.nic.in/nregaarch/View_NMMS_atten_date_dtl_rpt.aspx?page=&short_name=UP&state_name=UTTAR%20PRADESH&state_code=31&district_name=BASTI&district_code=3153&block_name=HARRAIYA&block_code=3153003&panchayat_name=BHADAWAL%20KALA&panchayat_code=3153003074&fin_year=2025-2026&source=&work_code=3153003074/LD/958486255825010527&msr_no=6869&AttendanceDate=27/03/2026&Digest=IMpwkguCEFsrUcW7K/m6jA",10
"BASTI","HARRAIYA","KHAIRI OJHA","3153003075/RC/958486255823728315","6929","https://mnregaweb4.nic.in/nregaarch/View_NMMS_atten_date_dtl_rpt.aspx?page=&short_name=UP&state_name=UTTAR%20PRADESH&state_code=31&district_name=BASTI&district_code=3153&block_name=HARRAIYA&block_code=3153003&panchayat_name=KHAIRI%20OJHA&panchayat_code=3153003075&fin_year=2025-2026&source=&work_code=3153003075/RC/958486255823728315&msr_no=6929&AttendanceDate=27/03/2026&Digest=+iykyK04owIbLzYQiwoBZQ",2
"BASTI","HARRAIYA","SHAMBHUPUR","3153003077/WC/958486255823257967","6840","https://mnregaweb4.nic.in/nregaarch/View_NMMS_atten_date_dtl_rpt.aspx?page=&short_name=UP&state_name=UTTAR%20PRADESH&state_code=31&district_name=BASTI&district_code=3153&block_name=HARRAIYA&block_code=3153003&panchayat_name=SHAMBHUPUR&panchayat_code=3153003077&fin_year=2025-2026&source=&work_code=3153003077/WC/958486255823257967&msr_no=6840&AttendanceDate=27/03/2026&Digest=Guus0CF9j6Pi4qrk1e5B3g",10
"BASTI","HARRAIYA","SHAMBHUPUR","3153003077/WC/958486255823257967","6843","https://mnregaweb4.nic.in/nregaarch/View_NMMS_atten_date_dtl_rpt.aspx?page=&short_name=UP&state_name=UTTAR%20PRADESH&state_code=31&district_name=BASTI&district_code=3153&block_name=HARRAIYA&block_code=3153003&panchayat_name=SHAMBHUPUR&panchayat_code=3153003077&fin_year=2025-2026&source=&work_code=3153003077/WC/958486255823257967&msr_no=6843&AttendanceDate=27/03/2026&Digest=iBVhGCl1FgAlmOoQSyjOCg",9
"BASTI","HARRAIYA","KESHAWPUR","3153003079/LD/958486255824879264","6978","https://mnregaweb4.nic.in/nregaarch/View_NMMS_atten_date_dtl_rpt.aspx?page=&short_name=UP&state_name=UTTAR%20PRADESH&state_code=31&district_name=BASTI&district_code=3153&block_name=HARRAIYA&block_code=3153003&panchayat_name=KESHAWPUR&panchayat_code=3153003079&fin_year=2025-2026&source=&work_code=3153003079/LD/958486255824879264&msr_no=6978&AttendanceDate=27/03/2026&Digest=YNr6B8Ab22+wBrE0adzCfg",10
"BASTI","HARRAIYA","KESHAWPUR","3153003079/LD/958486255825004294","6975","https://mnregaweb4.nic.in/nregaarch/View_NMMS_atten_date_dtl_rpt.aspx?page=&short_name=UP&state_name=UTTAR%20PRADESH&state_code=31&district_name=BASTI&district_code=3153&block_name=HARRAIYA&block_code=3153003&panchayat_name=KESHAWPUR&panchayat_code=3153003079&fin_year=2025-2026&source=&work_code=3153003079/LD/958486255825004294&msr_no=6975&AttendanceDate=27/03/2026&Digest=8y+RcYiz+ymL0RAi1RG5ng",10
"BASTI","HARRAIYA","RAJAULI","3153003097/IC/958486255823741420","6883","https://mnregaweb4.nic.in/nregaarch/View_NMMS_atten_date_dtl_rpt.aspx?page=&short_name=UP&state_name=UTTAR%20PRADESH&state_code=31&district_name=BASTI&district_code=3153&block_name=HARRAIYA&block_code=3153003&panchayat_name=RAJAULI&panchayat_code=3153003097&fin_year=2025-2026&source=&work_code=3153003097/IC/958486255823741420&msr_no=6883&AttendanceDate=27/03/2026&Digest=Qal1c25/WmXiIiNuGmJleg",10
"BASTI","KAPTANGANJ","BARHNI","3153005046/RC/YD/958486255823698429","4926","https://mnregaweb4.nic.in/nregaarch/View_NMMS_atten_date_dtl_rpt.aspx?page=&short_name=UP&state_name=UTTAR%20PRADESH&state_code=31&district_name=BASTI&district_code=3153&block_name=KAPTANGANJ&block_code=3153005&panchayat_name=BARHNI&panchayat_code=3153005046&fin_year=2025-2026&source=&work_code=3153005046/RC/YD/958486255823698429&msr_no=4926&AttendanceDate=27/03/2026&Digest=pcxq8I+UkJlGPw2mCoWCfw",8
"BASTI","KAPTANGANJ","POKHRA","3153005054/RC/958486255823652439","4946","https://mnregaweb4.nic.in/nregaarch/View_NMMS_atten_date_dtl_rpt.aspx?page=&short_name=UP&state_name=UTTAR%20PRADESH&state_code=31&district_name=BASTI&district_code=3153&block_name=KAPTANGANJ&block_code=3153005&panchayat_name=POKHRA&panchayat_code=3153005054&fin_year=2025-2026&source=&work_code=3153005054/RC/958486255823652439&msr_no=4946&AttendanceDate=27/03/2026&Digest=NG/dTxmyGXmGv/ckVpiEDQ",10
"BASTI","KAPTANGANJ","POKHRA","3153005054/RC/958486255823736561","5051","https://mnregaweb4.nic.in/nregaarch/View_NMMS_atten_date_dtl_rpt.aspx?page=&short_name=UP&state_name=UTTAR%20PRADESH&state_code=31&district_name=BASTI&district_code=3153&block_name=KAPTANGANJ&block_code=3153005&panchayat_name=POKHRA&panchayat_code=3153005054&fin_year=2025-2026&source=&work_code=3153005054/RC/958486255823736561&msr_no=5051&AttendanceDate=27/03/2026&Digest=EUBAB2hDpR+XFEbH7LD2HA",2
"BASTI","KAPTANGANJ","POKHRA","3153005054/RC/958486255823736568","5048","https://mnregaweb4.nic.in/nregaarch/View_NMMS_atten_date_dtl_rpt.aspx?page=&short_name=UP&state_name=UTTAR%20PRADESH&state_code=31&district_name=BASTI&district_code=3153&block_name=KAPTANGANJ&block_code=3153005&panchayat_name=POKHRA&panchayat_code=3153005054&fin_year=2025-2026&source=&work_code=3153005054/RC/958486255823736568&msr_no=5048&AttendanceDate=27/03/2026&Digest=JbhBUk6X1gCoscml7yq+iQ",2
"BASTI","KAPTANGANJ","PARIWARPUR","3153005058/RC/958486255823693209","4821","https://mnregaweb4.nic.in/nregaarch/View_NMMS_atten_date_dtl_rpt.aspx?page=&short_name=UP&state_name=UTTAR%20PRADESH&state_code=31&district_name=BASTI&district_code=3153&block_name=KAPTANGANJ&block_code=3153005&panchayat_name=PARIWARPUR&panchayat_code=3153005058&fin_year=2025-2026&source=&work_code=3153005058/RC/958486255823693209&msr_no=4821&AttendanceDate=27/03/2026&Digest=QyawO2IlVQiFBh13uuiruw",3
"BASTI","KAPTANGANJ","RAMWAPUR KALA","3153005059/AV/958486255824175698","4922","https://mnregaweb4.nic.in/nregaarch/View_NMMS_atten_date_dtl_rpt.aspx?page=&short_name=UP&state_name=UTTAR%20PRADESH&state_code=31&district_name=BASTI&district_code=3153&block_name=KAPTANGANJ&block_code=3153005&panchayat_name=RAMWAPUR%20KALA&panchayat_code=3153005059&fin_year=2025-2026&source=&work_code=3153005059/AV/958486255824175698&msr_no=4922&AttendanceDate=27/03/2026&Digest=2Cqyxr5NgJ6oCqVacv0VzA",6
"BASTI","KUDARAHA","MURADPUR","3153013002/RC/958486255823589710","8030","https://mnregaweb4.nic.in/nregaarch/View_NMMS_atten_date_dtl_rpt.aspx?page=&short_name=UP&state_name=UTTAR%20PRADESH&state_code=31&district_name=BASTI&district_code=3153&block_name=KUDARAHA&block_code=3153013&panchayat_name=MURADPUR&panchayat_code=3153013002&fin_year=2025-2026&source=&work_code=3153013002/RC/958486255823589710&msr_no=8030&AttendanceDate=27/03/2026&Digest=myi7wRtPo29rqOWuXjKcIQ",6
"BASTI","KUDARAHA","PIPARPATI MUSTAHKAM","3153013004/RC/958486255823748170","8063","https://mnregaweb4.nic.in/nregaarch/View_NMMS_atten_date_dtl_rpt.aspx?page=&short_name=UP&state_name=UTTAR%20PRADESH&state_code=31&district_name=BASTI&district_code=3153&block_name=KUDARAHA&block_code=3153013&panchayat_name=PIPARPATI%20MUSTAHKAM&panchayat_code=3153013004&fin_year=2025-2026&source=&work_code=3153013004/RC/958486255823748170&msr_no=8063&AttendanceDate=27/03/2026&Digest=nOGWdSNVkSS8N8EkwUzDRA",10
"BASTI","KUDARAHA","TURKWALIYA","3153013012/RC/958486255823686925","7690","https://mnregaweb4.nic.in/nregaarch/View_NMMS_atten_date_dtl_rpt.aspx?page=&short_name=UP&state_name=UTTAR%20PRADESH&state_code=31&district_name=BASTI&district_code=3153&block_name=KUDARAHA&block_code=3153013&panchayat_name=TURKWALIYA&panchayat_code=3153013012&fin_year=2025-2026&source=&work_code=3153013012/RC/958486255823686925&msr_no=7690&AttendanceDate=27/03/2026&Digest=zZ3dQYUWZ9rghsg7w7Ot/Q",3
"BASTI","KUDARAHA","TURKWALIYA","3153013012/RC/958486255823686929","7680","https://mnregaweb4.nic.in/nregaarch/View_NMMS_atten_date_dtl_rpt.aspx?page=&short_name=UP&state_name=UTTAR%20PRADESH&state_code=31&district_name=BASTI&district_code=3153&block_name=KUDARAHA&block_code=3153013&panchayat_name=TURKWALIYA&panchayat_code=3153013012&fin_year=2025-2026&source=&work_code=3153013012/RC/958486255823686929&msr_no=7680&AttendanceDate=27/03/2026&Digest=akeB6BzkMrRKkoD6+8AL/Q",2
"BASTI","KUDARAHA","RASOOLPUR","3153013020/RC/958486255823670231","7967","https://mnregaweb4.nic.in/nregaarch/View_NMMS_atten_date_dtl_rpt.aspx?page=&short_name=UP&state_name=UTTAR%20PRADESH&state_code=31&district_name=BASTI&district_code=3153&block_name=KUDARAHA&block_code=3153013&panchayat_name=RASOOLPUR&panchayat_code=3153013020&fin_year=2025-2026&source=&work_code=3153013020/RC/958486255823670231&msr_no=7967&AttendanceDate=27/03/2026&Digest=5jgNh/MOFPo2FUqt4ASEUA",10
"BASTI","KUDARAHA","RASOOLPUR","3153013020/RC/958486255823670231","7970","https://mnregaweb4.nic.in/nregaarch/View_NMMS_atten_date_dtl_rpt.aspx?page=&short_name=UP&state_name=UTTAR%20PRADESH&state_code=31&district_name=BASTI&district_code=3153&block_name=KUDARAHA&block_code=3153013&panchayat_name=RASOOLPUR&panchayat_code=3153013020&fin_year=2025-2026&source=&work_code=3153013020/RC/958486255823670231&msr_no=7970&AttendanceDate=27/03/2026&Digest=YGPKSvmyLUS4K7L5f0lWug",10
"BASTI","KUDARAHA","GAURA ROHARI","3153013024/FP/958486255823604468","8209","https://mnregaweb4.nic.in/nregaarch/View_NMMS_atten_date_dtl_rpt.aspx?page=&short_name=UP&state_name=UTTAR%20PRADESH&state_code=31&district_name=BASTI&district_code=3153&block_name=KUDARAHA&block_code=3153013&panchayat_name=GAURA%20ROHARI&panchayat_code=3153013024&fin_year=2025-2026&source=&work_code=3153013024/FP/958486255823604468&msr_no=8209&AttendanceDate=27/03/2026&Digest=IZvIMACJd1yZHyYi9S7vJQ",10
"BASTI","KUDARAHA","KORMA","3153013029/RC/958486255823748490","8154","https://mnregaweb4.nic.in/nregaarch/View_NMMS_atten_date_dtl_rpt.aspx?page=&short_name=UP&state_name=UTTAR%20PRADESH&state_code=31&district_name=BASTI&district_code=3153&block_name=KUDARAHA&block_code=3153013&panchayat_name=KORMA&panchayat_code=3153013029&fin_year=2025-2026&source=&work_code=3153013029/RC/958486255823748490&msr_no=8154&AttendanceDate=27/03/2026&Digest=vB01dakUXkulv+LS564ziw",7
"BASTI","KUDARAHA","CHARKAILA","3153013033/RC/958486255823751272","8147","https://mnregaweb4.nic.in/nregaarch/View_NMMS_atten_date_dtl_rpt.aspx?page=&short_name=UP&state_name=UTTAR%20PRADESH&state_code=31&district_name=BASTI&district_code=3153&block_name=KUDARAHA&block_code=3153013&panchayat_name=CHARKAILA&panchayat_code=3153013033&fin_year=2025-2026&source=&work_code=3153013033/RC/958486255823751272&msr_no=8147&AttendanceDate=27/03/2026&Digest=wmThP2Wi4TfL/h6K7VEQBQ",6
"BASTI","KUDARAHA","KABRA KHAS","3153013043/RC/958486255823706794","7873","https://mnregaweb4.nic.in/nregaarch/View_NMMS_atten_date_dtl_rpt.aspx?page=&short_name=UP&state_name=UTTAR%20PRADESH&state_code=31&district_name=BASTI&district_code=3153&block_name=KUDARAHA&block_code=3153013&panchayat_name=KABRA%20KHAS&panchayat_code=3153013043&fin_year=2025-2026&source=&work_code=3153013043/RC/958486255823706794&msr_no=7873&AttendanceDate=27/03/2026&Digest=Hoi7nWTW0K8UEIU1zT1Nzg",4
"BASTI","KUDARAHA","KABRA KHAS","3153013043/RC/958486255823706797","8141","https://mnregaweb4.nic.in/nregaarch/View_NMMS_atten_date_dtl_rpt.aspx?page=&short_name=UP&state_name=UTTAR%20PRADESH&state_code=31&district_name=BASTI&district_code=3153&block_name=KUDARAHA&block_code=3153013&panchayat_name=KABRA%20KHAS&panchayat_code=3153013043&fin_year=2025-2026&source=&work_code=3153013043/RC/958486255823706797&msr_no=8141&AttendanceDate=27/03/2026&Digest=PQ8b8v5oXGJg7PK9MuNEOQ",2
"BASTI","KUDARAHA","PASRA","3153013046/LD/958486255824692144","7669","https://mnregaweb4.nic.in/nregaarch/View_NMMS_atten_date_dtl_rpt.aspx?page=&short_name=UP&state_name=UTTAR%20PRADESH&state_code=31&district_name=BASTI&district_code=3153&block_name=KUDARAHA&block_code=3153013&panchayat_name=PASRA&panchayat_code=3153013046&fin_year=2025-2026&source=&work_code=3153013046/LD/958486255824692144&msr_no=7669&AttendanceDate=27/03/2026&Digest=URIVIMtJHjv4mkduNnq0GQ",9
"BASTI","KUDARAHA","HATHIYAVKALA","3153013054/RC/958486255823672224","7767","https://mnregaweb4.nic.in/nregaarch/View_NMMS_atten_date_dtl_rpt.aspx?page=&short_name=UP&state_name=UTTAR%20PRADESH&state_code=31&district_name=BASTI&district_code=3153&block_name=KUDARAHA&block_code=3153013&panchayat_name=HATHIYAVKALA&panchayat_code=3153013054&fin_year=2025-2026&source=&work_code=3153013054/RC/958486255823672224&msr_no=7767&AttendanceDate=27/03/2026&Digest=G0Wcjd3qJohGC2s1Pg2d8Q",9
"BASTI","KUDARAHA","HATHIYAVKALA","3153013054/RC/958486255823672226","7661","https://mnregaweb4.nic.in/nregaarch/View_NMMS_atten_date_dtl_rpt.aspx?page=&short_name=UP&state_name=UTTAR%20PRADESH&state_code=31&district_name=BASTI&district_code=3153&block_name=KUDARAHA&block_code=3153013&panchayat_name=HATHIYAVKALA&panchayat_code=3153013054&fin_year=2025-2026&source=&work_code=3153013054/RC/958486255823672226&msr_no=7661&AttendanceDate=27/03/2026&Digest=qNY4qZUwsKYpLVbHsZxQBg",5
"BASTI","KUDARAHA","PAERMESHWARPUR","3153013056/AV/958486255824182484","8097","https://mnregaweb4.nic.in/nregaarch/View_NMMS_atten_date_dtl_rpt.aspx?page=&short_name=UP&state_name=UTTAR%20PRADESH&state_code=31&district_name=BASTI&district_code=3153&block_name=KUDARAHA&block_code=3153013&panchayat_name=PAERMESHWARPUR&panchayat_code=3153013056&fin_year=2025-2026&source=&work_code=3153013056/AV/958486255824182484&msr_no=8097&AttendanceDate=27/03/2026&Digest=GPxgN+q1u0ObEAI+svba3g",2
"BASTI","KUDARAHA","MANJHARIYA","3153013057/RC/958486255823737799","8259","https://mnregaweb4.nic.in/nregaarch/View_NMMS_atten_date_dtl_rpt.aspx?page=&short_name=UP&state_name=UTTAR%20PRADESH&state_code=31&district_name=BASTI&district_code=3153&block_name=KUDARAHA&block_code=3153013&panchayat_name=MANJHARIYA&panchayat_code=3153013057&fin_year=2025-2026&source=&work_code=3153013057/RC/958486255823737799&msr_no=8259&AttendanceDate=27/03/2026&Digest=DS6NRQZwo7QS4dt0U3ypsA",4
"BASTI","KUDARAHA","BAANPUR","3153013059/RC/958486255823694030","8178","https://mnregaweb4.nic.in/nregaarch/View_NMMS_atten_date_dtl_rpt.aspx?page=&short_name=UP&state_name=UTTAR%20PRADESH&state_code=31&district_name=BASTI&district_code=3153&block_name=KUDARAHA&block_code=3153013&panchayat_name=BAANPUR&panchayat_code=3153013059&fin_year=2025-2026&source=&work_code=3153013059/RC/958486255823694030&msr_no=8178&AttendanceDate=27/03/2026&Digest=SKgIrOAAX0TbQyiK61vAjQ",10
"BASTI","KUDARAHA","DIHUKPURA","3153013060/RC/958486255823750160","8082","https://mnregaweb4.nic.in/nregaarch/View_NMMS_atten_date_dtl_rpt.aspx?page=&short_name=UP&state_name=UTTAR%20PRADESH&state_code=31&district_name=BASTI&district_code=3153&block_name=KUDARAHA&block_code=3153013&panchayat_name=DIHUKPURA&panchayat_code=3153013060&fin_year=2025-2026&source=&work_code=3153013060/RC/958486255823750160&msr_no=8082&AttendanceDate=27/03/2026&Digest=JaK7aZdg8CSfnnGcks6WTg",4
"BASTI","KUDARAHA","SISAI PANDIT","3153013068/IC/958486255823746780","8313","https://mnregaweb4.nic.in/nregaarch/View_NMMS_atten_date_dtl_rpt.aspx?page=&short_name=UP&state_name=UTTAR%20PRADESH&state_code=31&district_name=BASTI&district_code=3153&block_name=KUDARAHA&block_code=3153013&panchayat_name=SISAI%20PANDIT&panchayat_code=3153013068&fin_year=2025-2026&source=&work_code=3153013068/IC/958486255823746780&msr_no=8313&AttendanceDate=27/03/2026&Digest=01UVdx5l4/d1FuZD0X2WmQ",9
"BASTI","KUDARAHA","PIPARPATI EHATMALI","3153013071/RC/958486255823700975","7672","https://mnregaweb4.nic.in/nregaarch/View_NMMS_atten_date_dtl_rpt.aspx?page=&short_name=UP&state_name=UTTAR%20PRADESH&state_code=31&district_name=BASTI&district_code=3153&block_name=KUDARAHA&block_code=3153013&panchayat_name=PIPARPATI%20EHATMALI&panchayat_code=3153013071&fin_year=2025-2026&source=&work_code=3153013071/RC/958486255823700975&msr_no=7672&AttendanceDate=27/03/2026&Digest=OOA02touij2ClduJRpb29A",8
"BASTI","KUDARAHA","PIPARPATI EHATMALI","3153013071/RC/958486255823746233","8257","https://mnregaweb4.nic.in/nregaarch/View_NMMS_atten_date_dtl_rpt.aspx?page=&short_name=UP&state_name=UTTAR%20PRADESH&state_code=31&district_name=BASTI&district_code=3153&block_name=KUDARAHA&block_code=3153013&panchayat_name=PIPARPATI%20EHATMALI&panchayat_code=3153013071&fin_year=2025-2026&source=&work_code=3153013071/RC/958486255823746233&msr_no=8257&AttendanceDate=27/03/2026&Digest=WiAhi1WVWpmJoRJdNq3bMg",9
"BASTI","KUDARAHA","PIPARPATI EHATMALI","3153013071/RC/958486255823751618","8137","https://mnregaweb4.nic.in/nregaarch/View_NMMS_atten_date_dtl_rpt.aspx?page=&short_name=UP&state_name=UTTAR%20PRADESH&state_code=31&district_name=BASTI&district_code=3153&block_name=KUDARAHA&block_code=3153013&panchayat_name=PIPARPATI%20EHATMALI&panchayat_code=3153013071&fin_year=2025-2026&source=&work_code=3153013071/RC/958486255823751618&msr_no=8137&AttendanceDate=27/03/2026&Digest=hh1anatT0OjcZcbmXTmutA",4
"BASTI","KUDARAHA","HARKHAILIYA URF MATIYARIA","3153013074/RC/YD/958486255823746860","7877","https://mnregaweb4.nic.in/nregaarch/View_NMMS_atten_date_dtl_rpt.aspx?page=&short_name=UP&state_name=UTTAR%20PRADESH&state_code=31&district_name=BASTI&district_code=3153&block_name=KUDARAHA&block_code=3153013&panchayat_name=HARKHAILIYA%20URF%20MATIYARIA&panchayat_code=3153013074&fin_year=2025-2026&source=&work_code=3153013074/RC/YD/958486255823746860&msr_no=7877&AttendanceDate=27/03/2026&Digest=mClJXk1TpUuKD0oozCVwBg",8
"BASTI","KUDARAHA","HARKHAILIYA URF MATIYARIA","3153013074/RC/YD/958486255823746860","7880","https://mnregaweb4.nic.in/nregaarch/View_NMMS_atten_date_dtl_rpt.aspx?page=&short_name=UP&state_name=UTTAR%20PRADESH&state_code=31&district_name=BASTI&district_code=3153&block_name=KUDARAHA&block_code=3153013&panchayat_name=HARKHAILIYA%20URF%20MATIYARIA&panchayat_code=3153013074&fin_year=2025-2026&source=&work_code=3153013074/RC/YD/958486255823746860&msr_no=7880&AttendanceDate=27/03/2026&Digest=1CRnOWSj+FhJ+5cK/8KJxA",9
"BASTI","KUDARAHA","RAGHAUPUR","3153013075/RC/958486255823592070","8124","https://mnregaweb4.nic.in/nregaarch/View_NMMS_atten_date_dtl_rpt.aspx?page=&short_name=UP&state_name=UTTAR%20PRADESH&state_code=31&district_name=BASTI&district_code=3153&block_name=KUDARAHA&block_code=3153013&panchayat_name=RAGHAUPUR&panchayat_code=3153013075&fin_year=2025-2026&source=&work_code=3153013075/RC/958486255823592070&msr_no=8124&AttendanceDate=27/03/2026&Digest=QdRmgAwVQnZFzJ38PsmeHQ",3
"BASTI","KUDARAHA","DAIJI","3153013078/LD/958486255824702897","8052","https://mnregaweb4.nic.in/nregaarch/View_NMMS_atten_date_dtl_rpt.aspx?page=&short_name=UP&state_name=UTTAR%20PRADESH&state_code=31&district_name=BASTI&district_code=3153&block_name=KUDARAHA&block_code=3153013&panchayat_name=DAIJI&panchayat_code=3153013078&fin_year=2025-2026&source=&work_code=3153013078/LD/958486255824702897&msr_no=8052&AttendanceDate=27/03/2026&Digest=8gRFnVwVK2fwKsj2FfWmgQ",10
"BASTI","PARAS RAMPUR","AMAULI","3153001003/RC/958486255823642575","9496","https://mnregaweb4.nic.in/nregaarch/View_NMMS_atten_date_dtl_rpt.aspx?page=&short_name=UP&state_name=UTTAR%20PRADESH&state_code=31&district_name=BASTI&district_code=3153&block_name=PARAS%20RAMPUR&block_code=3153001&panchayat_name=AMAULI&panchayat_code=3153001003&fin_year=2025-2026&source=&work_code=3153001003/RC/958486255823642575&msr_no=9496&AttendanceDate=27/03/2026&Digest=5lD3Sd6tCKazkZszVSybAQ",10
"BASTI","PARAS RAMPUR","AMAULI","3153001003/RC/958486255823642575","9499","https://mnregaweb4.nic.in/nregaarch/View_NMMS_atten_date_dtl_rpt.aspx?page=&short_name=UP&state_name=UTTAR%20PRADESH&state_code=31&district_name=BASTI&district_code=3153&block_name=PARAS%20RAMPUR&block_code=3153001&panchayat_name=AMAULI&panchayat_code=3153001003&fin_year=2025-2026&source=&work_code=3153001003/RC/958486255823642575&msr_no=9499&AttendanceDate=27/03/2026&Digest=PNJZOGw5dqunroUkSs+iSw",5
"BASTI","PARAS RAMPUR","CHAORI","3153001015/LD/958486255825005262","9374","https://mnregaweb4.nic.in/nregaarch/View_NMMS_atten_date_dtl_rpt.aspx?page=&short_name=UP&state_name=UTTAR%20PRADESH&state_code=31&district_name=BASTI&district_code=3153&block_name=PARAS%20RAMPUR&block_code=3153001&panchayat_name=CHAORI&panchayat_code=3153001015&fin_year=2025-2026&source=&work_code=3153001015/LD/958486255825005262&msr_no=9374&AttendanceDate=27/03/2026&Digest=Q+Dhy/XTJRquOKj/KIsDTw",9
"BASTI","PARAS RAMPUR","CHHEDIYAPARA","3153001016/LD/958486255824986999","9584","https://mnregaweb4.nic.in/nregaarch/View_NMMS_atten_date_dtl_rpt.aspx?page=&short_name=UP&state_name=UTTAR%20PRADESH&state_code=31&district_name=BASTI&district_code=3153&block_name=PARAS%20RAMPUR&block_code=3153001&panchayat_name=CHHEDIYAPARA&panchayat_code=3153001016&fin_year=2025-2026&source=&work_code=3153001016/LD/958486255824986999&msr_no=9584&AttendanceDate=27/03/2026&Digest=QZfZI4CqX6udVx4qkl2PmA",4
"BASTI","PARAS RAMPUR","CHHEDIYAPARA","3153001016/LD/958486255824986999","9590","https://mnregaweb4.nic.in/nregaarch/View_NMMS_atten_date_dtl_rpt.aspx?page=&short_name=UP&state_name=UTTAR%20PRADESH&state_code=31&district_name=BASTI&district_code=3153&block_name=PARAS%20RAMPUR&block_code=3153001&panchayat_name=CHHEDIYAPARA&panchayat_code=3153001016&fin_year=2025-2026&source=&work_code=3153001016/LD/958486255824986999&msr_no=9590&AttendanceDate=27/03/2026&Digest=wAafYHnPUQM6X5fH19jp0w",8
"BASTI","PARAS RAMPUR","GAURA PANDAY","3153001027/WC/958486255824209503","9401","https://mnregaweb4.nic.in/nregaarch/View_NMMS_atten_date_dtl_rpt.aspx?page=&short_name=UP&state_name=UTTAR%20PRADESH&state_code=31&district_name=BASTI&district_code=3153&block_name=PARAS%20RAMPUR&block_code=3153001&panchayat_name=GAURA%20PANDAY&panchayat_code=3153001027&fin_year=2025-2026&source=&work_code=3153001027/WC/958486255824209503&msr_no=9401&AttendanceDate=27/03/2026&Digest=JDLn3ORl3Li7AFBrw5eQWg",10
"BASTI","PARAS RAMPUR","GAURA PANDAY","3153001027/WC/958486255824209503","9404","https://mnregaweb4.nic.in/nregaarch/View_NMMS_atten_date_dtl_rpt.aspx?page=&short_name=UP&state_name=UTTAR%20PRADESH&state_code=31&district_name=BASTI&district_code=3153&block_name=PARAS%20RAMPUR&block_code=3153001&panchayat_name=GAURA%20PANDAY&panchayat_code=3153001027&fin_year=2025-2026&source=&work_code=3153001027/WC/958486255824209503&msr_no=9404&AttendanceDate=27/03/2026&Digest=o5/VgEn4+3gcFbVrgjYKrw",6
"BASTI","PARAS RAMPUR","KARIGHNA","3153001038/RC/958486255823697763","9671","https://mnregaweb4.nic.in/nregaarch/View_NMMS_atten_date_dtl_rpt.aspx?page=&short_name=UP&state_name=UTTAR%20PRADESH&state_code=31&district_name=BASTI&district_code=3153&block_name=PARAS%20RAMPUR&block_code=3153001&panchayat_name=KARIGHNA&panchayat_code=3153001038&fin_year=2025-2026&source=&work_code=3153001038/RC/958486255823697763&msr_no=9671&AttendanceDate=27/03/2026&Digest=K4aDRI2aEZtq6ZoCCW0lnw",9
"BASTI","PARAS RAMPUR","KHAMARIYA","3153001041/WC/958486255824229095","9441","https://mnregaweb4.nic.in/nregaarch/View_NMMS_atten_date_dtl_rpt.aspx?page=&short_name=UP&state_name=UTTAR%20PRADESH&state_code=31&district_name=BASTI&district_code=3153&block_name=PARAS%20RAMPUR&block_code=3153001&panchayat_name=KHAMARIYA&panchayat_code=3153001041&fin_year=2025-2026&source=&work_code=3153001041/WC/958486255824229095&msr_no=9441&AttendanceDate=27/03/2026&Digest=T80ii0D8WSu3HOwERqS3pw",5
"BASTI","PARAS RAMPUR","NANADNAGAR","3153001056/WH/958486255823988945","9522","https://mnregaweb4.nic.in/nregaarch/View_NMMS_atten_date_dtl_rpt.aspx?page=&short_name=UP&state_name=UTTAR%20PRADESH&state_code=31&district_name=BASTI&district_code=3153&block_name=PARAS%20RAMPUR&block_code=3153001&panchayat_name=NANADNAGAR&panchayat_code=3153001056&fin_year=2025-2026&source=&work_code=3153001056/WH/958486255823988945&msr_no=9522&AttendanceDate=27/03/2026&Digest=zOfln5vApxsTfkG98GK+HA",10
"BASTI","PARAS RAMPUR","NANADNAGAR","3153001056/WH/958486255823988945","9525","https://mnregaweb4.nic.in/nregaarch/View_NMMS_atten_date_dtl_rpt.aspx?page=&short_name=UP&state_name=UTTAR%20PRADESH&state_code=31&district_name=BASTI&district_code=3153&block_name=PARAS%20RAMPUR&block_code=3153001&panchayat_name=NANADNAGAR&panchayat_code=3153001056&fin_year=2025-2026&source=&work_code=3153001056/WH/958486255823988945&msr_no=9525&AttendanceDate=27/03/2026&Digest=TIjYZiCPykIi5qVMzPAxlQ",9
"BASTI","PARAS RAMPUR","PADARI BABU","3153001062/LD/958486255824958230","9427","https://mnregaweb4.nic.in/nregaarch/View_NMMS_atten_date_dtl_rpt.aspx?page=&short_name=UP&state_name=UTTAR%20PRADESH&state_code=31&district_name=BASTI&district_code=3153&block_name=PARAS%20RAMPUR&block_code=3153001&panchayat_name=PADARI%20BABU&panchayat_code=3153001062&fin_year=2025-2026&source=&work_code=3153001062/LD/958486255824958230&msr_no=9427&AttendanceDate=27/03/2026&Digest=jvDEWdUkW0NEuEIsVkeNww",10
"BASTI","PARAS RAMPUR","PADARI BABU","3153001062/RC/958486255823743924","9397","https://mnregaweb4.nic.in/nregaarch/View_NMMS_atten_date_dtl_rpt.aspx?page=&short_name=UP&state_name=UTTAR%20PRADESH&state_code=31&district_name=BASTI&district_code=3153&block_name=PARAS%20RAMPUR&block_code=3153001&panchayat_name=PADARI%20BABU&panchayat_code=3153001062&fin_year=2025-2026&source=&work_code=3153001062/RC/958486255823743924&msr_no=9397&AttendanceDate=27/03/2026&Digest=HxvK7gn1hJfSANBK/E4OYg",2
"BASTI","PARAS RAMPUR","RAGHUPUR","3153001067/IC/958486255823741774","9685","https://mnregaweb4.nic.in/nregaarch/View_NMMS_atten_date_dtl_rpt.aspx?page=&short_name=UP&state_name=UTTAR%20PRADESH&state_code=31&district_name=BASTI&district_code=3153&block_name=PARAS%20RAMPUR&block_code=3153001&panchayat_name=RAGHUPUR&panchayat_code=3153001067&fin_year=2025-2026&source=&work_code=3153001067/IC/958486255823741774&msr_no=9685&AttendanceDate=27/03/2026&Digest=AWk9yZmUT54ezGhyNEp5Ag",9
"BASTI","PARAS RAMPUR","RAGHUPUR","3153001067/IC/958486255823741774","9688","https://mnregaweb4.nic.in/nregaarch/View_NMMS_atten_date_dtl_rpt.aspx?page=&short_name=UP&state_name=UTTAR%20PRADESH&state_code=31&district_name=BASTI&district_code=3153&block_name=PARAS%20RAMPUR&block_code=3153001&panchayat_name=RAGHUPUR&panchayat_code=3153001067&fin_year=2025-2026&source=&work_code=3153001067/IC/958486255823741774&msr_no=9688&AttendanceDate=27/03/2026&Digest=838s4uaxIO+BVh1e9Qb16Q",7
"BASTI","PARAS RAMPUR","RAGHUPUR","3153001067/WC/958486255824249956","9411","https://mnregaweb4.nic.in/nregaarch/View_NMMS_atten_date_dtl_rpt.aspx?page=&short_name=UP&state_name=UTTAR%20PRADESH&state_code=31&district_name=BASTI&district_code=3153&block_name=PARAS%20RAMPUR&block_code=3153001&panchayat_name=RAGHUPUR&panchayat_code=3153001067&fin_year=2025-2026&source=&work_code=3153001067/WC/958486255824249956&msr_no=9411&AttendanceDate=27/03/2026&Digest=OUJmE1HA1GKj4V7IUXq8Sw",9
"BASTI","PARAS RAMPUR","RAGHVAPUR","3153001068/AV/958486255824184571","9414","https://mnregaweb4.nic.in/nregaarch/View_NMMS_atten_date_dtl_rpt.aspx?page=&short_name=UP&state_name=UTTAR%20PRADESH&state_code=31&district_name=BASTI&district_code=3153&block_name=PARAS%20RAMPUR&block_code=3153001&panchayat_name=RAGHVAPUR&panchayat_code=3153001068&fin_year=2025-2026&source=&work_code=3153001068/AV/958486255824184571&msr_no=9414&AttendanceDate=27/03/2026&Digest=OIu/ItWLmveq4nxr0sEHkQ",5
"BASTI","PARAS RAMPUR","RAGHVAPUR","3153001068/IC/958486255823698240","9589","https://mnregaweb4.nic.in/nregaarch/View_NMMS_atten_date_dtl_rpt.aspx?page=&short_name=UP&state_name=UTTAR%20PRADESH&state_code=31&district_name=BASTI&district_code=3153&block_name=PARAS%20RAMPUR&block_code=3153001&panchayat_name=RAGHVAPUR&panchayat_code=3153001068&fin_year=2025-2026&source=&work_code=3153001068/IC/958486255823698240&msr_no=9589&AttendanceDate=27/03/2026&Digest=Itq7ds0/FRT8SARE6G1vMg",1
"BASTI","PARAS RAMPUR","ROHDA","3153001073/RC/958486255823744276","9501","https://mnregaweb4.nic.in/nregaarch/View_NMMS_atten_date_dtl_rpt.aspx?page=&short_name=UP&state_name=UTTAR%20PRADESH&state_code=31&district_name=BASTI&district_code=3153&block_name=PARAS%20RAMPUR&block_code=3153001&panchayat_name=ROHDA&panchayat_code=3153001073&fin_year=2025-2026&source=&work_code=3153001073/RC/958486255823744276&msr_no=9501&AttendanceDate=27/03/2026&Digest=gNxUL3xEOm1djIppHTINoA",6
"BASTI","PARAS RAMPUR","SIRSAHAWA","3153001076/RC/958486255823745716","9533","https://mnregaweb4.nic.in/nregaarch/View_NMMS_atten_date_dtl_rpt.aspx?page=&short_name=UP&state_name=UTTAR%20PRADESH&state_code=31&district_name=BASTI&district_code=3153&block_name=PARAS%20RAMPUR&block_code=3153001&panchayat_name=SIRSAHAWA&panchayat_code=3153001076&fin_year=2025-2026&source=&work_code=3153001076/RC/958486255823745716&msr_no=9533&AttendanceDate=27/03/2026&Digest=G7XmHznkSgOKCXW59lARgg",10
"BASTI","PARAS RAMPUR","DHOSHAR MISHRA","3153001085/RC/958486255823726405","9664","https://mnregaweb4.nic.in/nregaarch/View_NMMS_atten_date_dtl_rpt.aspx?page=&short_name=UP&state_name=UTTAR%20PRADESH&state_code=31&district_name=BASTI&district_code=3153&block_name=PARAS%20RAMPUR&block_code=3153001&panchayat_name=DHOSHAR%20MISHRA&panchayat_code=3153001085&fin_year=2025-2026&source=&work_code=3153001085/RC/958486255823726405&msr_no=9664&AttendanceDate=27/03/2026&Digest=2pM4lPM+5uTDsh3J48ujsA",10
"BASTI","PARAS RAMPUR","MADARIYA BABU","3153001090/RC/958486255823692886","9702","https://mnregaweb4.nic.in/nregaarch/View_NMMS_atten_date_dtl_rpt.aspx?page=&short_name=UP&state_name=UTTAR%20PRADESH&state_code=31&district_name=BASTI&district_code=3153&block_name=PARAS%20RAMPUR&block_code=3153001&panchayat_name=MADARIYA%20BABU	&panchayat_code=3153001090&fin_year=2025-2026&source=&work_code=3153001090/RC/958486255823692886&msr_no=9702&AttendanceDate=27/03/2026&Digest=+SRskA7BJlC8G3lhBtlefA",8
"BASTI","PARAS RAMPUR","MUKUND PUR","3153001091/WC/958486255824209000","9597","https://mnregaweb4.nic.in/nregaarch/View_NMMS_atten_date_dtl_rpt.aspx?page=&short_name=UP&state_name=UTTAR%20PRADESH&state_code=31&district_name=BASTI&district_code=3153&block_name=PARAS%20RAMPUR&block_code=3153001&panchayat_name=MUKUND%20PUR&panchayat_code=3153001091&fin_year=2025-2026&source=&work_code=3153001091/WC/958486255824209000&msr_no=9597&AttendanceDate=27/03/2026&Digest=BM+6pBo40hNmzI8oHPbbqw",10
"BASTI","PARAS RAMPUR","NAGAR BAHERA","3153001103/WH/958486255823989494","9574","https://mnregaweb4.nic.in/nregaarch/View_NMMS_atten_date_dtl_rpt.aspx?page=&short_name=UP&state_name=UTTAR%20PRADESH&state_code=31&district_name=BASTI&district_code=3153&block_name=PARAS%20RAMPUR&block_code=3153001&panchayat_name=NAGAR%20BAHERA&panchayat_code=3153001103&fin_year=2025-2026&source=&work_code=3153001103/WH/958486255823989494&msr_no=9574&AttendanceDate=27/03/2026&Digest=UH5Y04JM3syZd4Mha74MFA",10
"BASTI","PARAS RAMPUR","NAGAR BAHERA","3153001103/WH/958486255823989494","9600","https://mnregaweb4.nic.in/nregaarch/View_NMMS_atten_date_dtl_rpt.aspx?page=&short_name=UP&state_name=UTTAR%20PRADESH&state_code=31&district_name=BASTI&district_code=3153&block_name=PARAS%20RAMPUR&block_code=3153001&panchayat_name=NAGAR%20BAHERA&panchayat_code=3153001103&fin_year=2025-2026&source=&work_code=3153001103/WH/958486255823989494&msr_no=9600&AttendanceDate=27/03/2026&Digest=U3VVGSnDK683Ryj/DoKfkA",1
"BASTI","PARAS RAMPUR","LACHHIPUR","3153001106/LD/958486255824828632","9520","https://mnregaweb4.nic.in/nregaarch/View_NMMS_atten_date_dtl_rpt.aspx?page=&short_name=UP&state_name=UTTAR%20PRADESH&state_code=31&district_name=BASTI&district_code=3153&block_name=PARAS%20RAMPUR&block_code=3153001&panchayat_name=LACHHIPUR&panchayat_code=3153001106&fin_year=2025-2026&source=&work_code=3153001106/LD/958486255824828632&msr_no=9520&AttendanceDate=27/03/2026&Digest=ohrlDZp7F8RO2gqzjShWqw",10
"BASTI","RAMNAGAR","BANGAWAN","3153006008/LD/958486255825006435","6064","https://mnregaweb4.nic.in/nregaarch/View_NMMS_atten_date_dtl_rpt.aspx?page=&short_name=UP&state_name=UTTAR%20PRADESH&state_code=31&district_name=BASTI&district_code=3153&block_name=RAMNAGAR&block_code=3153006&panchayat_name=BANGAWAN&panchayat_code=3153006008&fin_year=2025-2026&source=&work_code=3153006008/LD/958486255825006435&msr_no=6064&AttendanceDate=27/03/2026&Digest=pD7STjoDJNikChPH/kgdTA",10
"BASTI","RAMNAGAR","MAILANI SAHEB WAJID","3153006041/WC/958486255824251271","6211","https://mnregaweb4.nic.in/nregaarch/View_NMMS_atten_date_dtl_rpt.aspx?page=&short_name=UP&state_name=UTTAR%20PRADESH&state_code=31&district_name=BASTI&district_code=3153&block_name=RAMNAGAR&block_code=3153006&panchayat_name=MAILANI%20SAHEB%20WAJID&panchayat_code=3153006041&fin_year=2025-2026&source=&work_code=3153006041/WC/958486255824251271&msr_no=6211&AttendanceDate=27/03/2026&Digest=qrkZWX1jUq0qpgmeLxxZTA",2
"BASTI","RAMNAGAR","PARSA SHIVRAJ","3153006052/RC/958486255823702149","6044","https://mnregaweb4.nic.in/nregaarch/View_NMMS_atten_date_dtl_rpt.aspx?page=&short_name=UP&state_name=UTTAR%20PRADESH&state_code=31&district_name=BASTI&district_code=3153&block_name=RAMNAGAR&block_code=3153006&panchayat_name=PARSA%20SHIVRAJ&panchayat_code=3153006052&fin_year=2025-2026&source=&work_code=3153006052/RC/958486255823702149&msr_no=6044&AttendanceDate=27/03/2026&Digest=MMgsetvjq4uFAUn4sEOaQQ",7
"BASTI","SALTAUA GOPAL PUR","AMRAULI SHUMALI","3153007006/DP/958486255824204315","5506","https://mnregaweb4.nic.in/nregaarch/View_NMMS_atten_date_dtl_rpt.aspx?page=&short_name=UP&state_name=UTTAR%20PRADESH&state_code=31&district_name=BASTI&district_code=3153&block_name=SALTAUA%20GOPAL%20PUR&block_code=3153007&panchayat_name=AMRAULI%20SHUMALI&panchayat_code=3153007006&fin_year=2025-2026&source=&work_code=3153007006/DP/958486255824204315&msr_no=5506&AttendanceDate=27/03/2026&Digest=z5rtUQHgAWPNwsEpi6U4kg",1
"BASTI","SALTAUA GOPAL PUR","TELIYADEEH","3153007021/IC/958486255823742442","5479","https://mnregaweb4.nic.in/nregaarch/View_NMMS_atten_date_dtl_rpt.aspx?page=&short_name=UP&state_name=UTTAR%20PRADESH&state_code=31&district_name=BASTI&district_code=3153&block_name=SALTAUA%20GOPAL%20PUR&block_code=3153007&panchayat_name=TELIYADEEH&panchayat_code=3153007021&fin_year=2025-2026&source=&work_code=3153007021/IC/958486255823742442&msr_no=5479&AttendanceDate=27/03/2026&Digest=CuCBtMJ+JOGdEi15/6SoDQ",10
"BASTI","SALTAUA GOPAL PUR","TELIYADEEH","3153007021/IC/958486255823742442","5482","https://mnregaweb4.nic.in/nregaarch/View_NMMS_atten_date_dtl_rpt.aspx?page=&short_name=UP&state_name=UTTAR%20PRADESH&state_code=31&district_name=BASTI&district_code=3153&block_name=SALTAUA%20GOPAL%20PUR&block_code=3153007&panchayat_name=TELIYADEEH&panchayat_code=3153007021&fin_year=2025-2026&source=&work_code=3153007021/IC/958486255823742442&msr_no=5482&AttendanceDate=27/03/2026&Digest=wII7x/kwl5MReaeft4++tg",4
"BASTI","SALTAUA GOPAL PUR","NEWADA","3153007052/RC/958486255823671394","5507","https://mnregaweb4.nic.in/nregaarch/View_NMMS_atten_date_dtl_rpt.aspx?page=&short_name=UP&state_name=UTTAR%20PRADESH&state_code=31&district_name=BASTI&district_code=3153&block_name=SALTAUA%20GOPAL%20PUR&block_code=3153007&panchayat_name=NEWADA&panchayat_code=3153007052&fin_year=2025-2026&source=&work_code=3153007052/RC/958486255823671394&msr_no=5507&AttendanceDate=27/03/2026&Digest=QDG89VEmLZBR5e29j5IcCQ",9
"BASTI","SALTAUA GOPAL PUR","PARSHA DMYA","3153007059/RC/958486255823651451","5535","https://mnregaweb4.nic.in/nregaarch/View_NMMS_atten_date_dtl_rpt.aspx?page=&short_name=UP&state_name=UTTAR%20PRADESH&state_code=31&district_name=BASTI&district_code=3153&block_name=SALTAUA%20GOPAL%20PUR&block_code=3153007&panchayat_name=PARSHA%20DMYA&panchayat_code=3153007059&fin_year=2025-2026&source=&work_code=3153007059/RC/958486255823651451&msr_no=5535&AttendanceDate=27/03/2026&Digest=Kmo0ol1Yl5KITrb+w7VDow",8
"BASTI","SALTAUA GOPAL PUR","KHARHARA JAPTI","3153007083/IC/958486255823744669","5470","https://mnregaweb4.nic.in/nregaarch/View_NMMS_atten_date_dtl_rpt.aspx?page=&short_name=UP&state_name=UTTAR%20PRADESH&state_code=31&district_name=BASTI&district_code=3153&block_name=SALTAUA%20GOPAL%20PUR&block_code=3153007&panchayat_name=KHARHARA%20JAPTI&panchayat_code=3153007083&fin_year=2025-2026&source=&work_code=3153007083/IC/958486255823744669&msr_no=5470&AttendanceDate=27/03/2026&Digest=/EwAOdDjhDWhxynCaeXYSA",3
"BASTI","SALTAUA GOPAL PUR","KHARHARA JAPTI","3153007083/IC/958486255823744669","5473","https://mnregaweb4.nic.in/nregaarch/View_NMMS_atten_date_dtl_rpt.aspx?page=&short_name=UP&state_name=UTTAR%20PRADESH&state_code=31&district_name=BASTI&district_code=3153&block_name=SALTAUA%20GOPAL%20PUR&block_code=3153007&panchayat_name=KHARHARA%20JAPTI&panchayat_code=3153007083&fin_year=2025-2026&source=&work_code=3153007083/IC/958486255823744669&msr_no=5473&AttendanceDate=27/03/2026&Digest=XMNGnv9hqykUi0i5lm8SMg",5
"BASTI","SALTAUA GOPAL PUR","KEVTAKHOR","3153007087/RC/958486255823682901","5432","https://mnregaweb4.nic.in/nregaarch/View_NMMS_atten_date_dtl_rpt.aspx?page=&short_name=UP&state_name=UTTAR%20PRADESH&state_code=31&district_name=BASTI&district_code=3153&block_name=SALTAUA%20GOPAL%20PUR&block_code=3153007&panchayat_name=KEVTAKHOR&panchayat_code=3153007087&fin_year=2025-2026&source=&work_code=3153007087/RC/958486255823682901&msr_no=5432&AttendanceDate=27/03/2026&Digest=xd6anu/zwPI3jyLoxuX9Tg",1
"BASTI","SALTAUA GOPAL PUR","MUDBARA","3153007090/LD/958486255825006022","5489","https://mnregaweb4.nic.in/nregaarch/View_NMMS_atten_date_dtl_rpt.aspx?page=&short_name=UP&state_name=UTTAR%20PRADESH&state_code=31&district_name=BASTI&district_code=3153&block_name=SALTAUA%20GOPAL%20PUR&block_code=3153007&panchayat_name=MUDBARA&panchayat_code=3153007090&fin_year=2025-2026&source=&work_code=3153007090/LD/958486255825006022&msr_no=5489&AttendanceDate=27/03/2026&Digest=EVELFaGyggpzVmsePZEy2Q",10
"BASTI","SAU GHAT","ANDA","3153009002/RC/958486255823626058","3358","https://mnregaweb4.nic.in/nregaarch/View_NMMS_atten_date_dtl_rpt.aspx?page=&short_name=UP&state_name=UTTAR%20PRADESH&state_code=31&district_name=BASTI&district_code=3153&block_name=SAU%20GHAT&block_code=3153009&panchayat_name=ANDA&panchayat_code=3153009002&fin_year=2025-2026&source=&work_code=3153009002/RC/958486255823626058&msr_no=3358&AttendanceDate=27/03/2026&Digest=bTu8j84+Ak3oyyuc1MZigg",1
"BASTI","SAU GHAT","ANDA","3153009002/RC/958486255823685103","3383","https://mnregaweb4.nic.in/nregaarch/View_NMMS_atten_date_dtl_rpt.aspx?page=&short_name=UP&state_name=UTTAR%20PRADESH&state_code=31&district_name=BASTI&district_code=3153&block_name=SAU%20GHAT&block_code=3153009&panchayat_name=ANDA&panchayat_code=3153009002&fin_year=2025-2026&source=&work_code=3153009002/RC/958486255823685103&msr_no=3383&AttendanceDate=27/03/2026&Digest=UdkW2aQbxEks6Ey/oxmkOA",4
"BASTI","SAU GHAT","ANDA","3153009002/RC/958486255823685103","3386","https://mnregaweb4.nic.in/nregaarch/View_NMMS_atten_date_dtl_rpt.aspx?page=&short_name=UP&state_name=UTTAR%20PRADESH&state_code=31&district_name=BASTI&district_code=3153&block_name=SAU%20GHAT&block_code=3153009&panchayat_name=ANDA&panchayat_code=3153009002&fin_year=2025-2026&source=&work_code=3153009002/RC/958486255823685103&msr_no=3386&AttendanceDate=27/03/2026&Digest=SVw9ysKoSeU+76z/5I1Rhg",6
"BASTI","VIKRAM JOT","DAHDA MISHRA","3153004015/LD/958486255824958089","5807","https://mnregaweb4.nic.in/nregaarch/View_NMMS_atten_date_dtl_rpt.aspx?page=&short_name=UP&state_name=UTTAR%20PRADESH&state_code=31&district_name=BASTI&district_code=3153&block_name=VIKRAM%20JOT&block_code=3153004&panchayat_name=DAHDA%20MISHRA&panchayat_code=3153004015&fin_year=2025-2026&source=&work_code=3153004015/LD/958486255824958089&msr_no=5807&AttendanceDate=27/03/2026&Digest=aug2GwTD9BSMsmEh640IIQ",6
"BASTI","VIKRAM JOT","JAITAPUR","3153004027/RC/958486255823747462","6001","https://mnregaweb4.nic.in/nregaarch/View_NMMS_atten_date_dtl_rpt.aspx?page=&short_name=UP&state_name=UTTAR%20PRADESH&state_code=31&district_name=BASTI&district_code=3153&block_name=VIKRAM%20JOT&block_code=3153004&panchayat_name=JAITAPUR&panchayat_code=3153004027&fin_year=2025-2026&source=&work_code=3153004027/RC/958486255823747462&msr_no=6001&AttendanceDate=27/03/2026&Digest=BrE7UYifoU1ZZjrxEcr//g",2
"BASTI","VIKRAM JOT","KHESUAA","3153004036/RC/958486255823748230","5908","https://mnregaweb4.nic.in/nregaarch/View_NMMS_atten_date_dtl_rpt.aspx?page=&short_name=UP&state_name=UTTAR%20PRADESH&state_code=31&district_name=BASTI&district_code=3153&block_name=VIKRAM%20JOT&block_code=3153004&panchayat_name=KHESUAA&panchayat_code=3153004036&fin_year=2025-2026&source=&work_code=3153004036/RC/958486255823748230&msr_no=5908&AttendanceDate=27/03/2026&Digest=WP8GGbbj0JECWYhCDU4LBQ",3
"BASTI","VIKRAM JOT","EKMA HIRANIYA","3153004043/RC/958486255823725143","5961","https://mnregaweb4.nic.in/nregaarch/View_NMMS_atten_date_dtl_rpt.aspx?page=&short_name=UP&state_name=UTTAR%20PRADESH&state_code=31&district_name=BASTI&district_code=3153&block_name=VIKRAM%20JOT&block_code=3153004&panchayat_name=EKMA%20HIRANIYA&panchayat_code=3153004043&fin_year=2025-2026&source=&work_code=3153004043/RC/958486255823725143&msr_no=5961&AttendanceDate=27/03/2026&Digest=d3/7bP3xk1Jc2kSencqNSw",10
"BASTI","VIKRAM JOT","PURE CHETAN","3153004053/RC/958486255823731818","5896","https://mnregaweb4.nic.in/nregaarch/View_NMMS_atten_date_dtl_rpt.aspx?page=&short_name=UP&state_name=UTTAR%20PRADESH&state_code=31&district_name=BASTI&district_code=3153&block_name=VIKRAM%20JOT&block_code=3153004&panchayat_name=PURE%20CHETAN&panchayat_code=3153004053&fin_year=2025-2026&source=&work_code=3153004053/RC/958486255823731818&msr_no=5896&AttendanceDate=27/03/2026&Digest=7dqPH/hnzpghIpAr4MPKpQ",10
"BASTI","BAHADURPUR","BENIPUR","3153012010/RC/958486255823665977","9746","https://mnregaweb4.nic.in/nregaarch/View_NMMS_atten_date_dtl_rpt.aspx?page=&short_name=UP&state_name=UTTAR%20PRADESH&state_code=31&district_name=BASTI&district_code=3153&block_name=BAHADURPUR&block_code=3153012&panchayat_name=BENIPUR&panchayat_code=3153012009&fin_year=2025-2026&source=&work_code=3153012010/RC/958486255823665977&msr_no=9746&AttendanceDate=27/03/2026&Digest=xmOZZWYOnVMcnEQtN0czJQ",9
"BASTI","BAHADURPUR","BHELWAL","3153012010/RC/958486255823596094","9761","https://mnregaweb4.nic.in/nregaarch/View_NMMS_atten_date_dtl_rpt.aspx?page=&short_name=UP&state_name=UTTAR%20PRADESH&state_code=31&district_name=BASTI&district_code=3153&block_name=BAHADURPUR&block_code=3153012&panchayat_name=BHELWAL&panchayat_code=3153012010&fin_year=2025-2026&source=&work_code=3153012010/RC/958486255823596094&msr_no=9761&AttendanceDate=27/03/2026&Digest=cdkBfR4TLVZAvZ/Q4i/Oxw",1
"BASTI","BAHADURPUR","BHELWAL","3153012010/RC/958486255823716921","9796","https://mnregaweb4.nic.in/nregaarch/View_NMMS_atten_date_dtl_rpt.aspx?page=&short_name=UP&state_name=UTTAR%20PRADESH&state_code=31&district_name=BASTI&district_code=3153&block_name=BAHADURPUR&block_code=3153012&panchayat_name=BHELWAL&panchayat_code=3153012010&fin_year=2025-2026&source=&work_code=3153012010/RC/958486255823716921&msr_no=9796&AttendanceDate=27/03/2026&Digest=IBrTCvWSc8Xk5TENOzNpDQ",1
"BASTI","BAHADURPUR","BHERIHA","3153012011/LD/958486255824954107","9709","https://mnregaweb4.nic.in/nregaarch/View_NMMS_atten_date_dtl_rpt.aspx?page=&short_name=UP&state_name=UTTAR%20PRADESH&state_code=31&district_name=BASTI&district_code=3153&block_name=BAHADURPUR&block_code=3153012&panchayat_name=BHERIHA&panchayat_code=3153012011&fin_year=2025-2026&source=&work_code=3153012011/LD/958486255824954107&msr_no=9709&AttendanceDate=27/03/2026&Digest=ZyAWCeeVKzHM9ozK7Bl6iw",10
"BASTI","BAHADURPUR","SONBARSA","3153012014/LD/958486255824933208","9640","https://mnregaweb4.nic.in/nregaarch/View_NMMS_atten_date_dtl_rpt.aspx?page=&short_name=UP&state_name=UTTAR%20PRADESH&state_code=31&district_name=BASTI&district_code=3153&block_name=BAHADURPUR&block_code=3153012&panchayat_name=SONBARSA&panchayat_code=3153012014&fin_year=2025-2026&source=&work_code=3153012014/LD/958486255824933208&msr_no=9640&AttendanceDate=27/03/2026&Digest=Zspv0d1kOHcWEV68iv3lUg",1
"BASTI","BAHADURPUR","DEV DEEHA","3153012019/LD/958486255824951552","9703","https://mnregaweb4.nic.in/nregaarch/View_NMMS_atten_date_dtl_rpt.aspx?page=&short_name=UP&state_name=UTTAR%20PRADESH&state_code=31&district_name=BASTI&district_code=3153&block_name=BAHADURPUR&block_code=3153012&panchayat_name=DEV%20DEEHA&panchayat_code=3153012019&fin_year=2025-2026&source=&work_code=3153012019/LD/958486255824951552&msr_no=9703&AttendanceDate=27/03/2026&Digest=N8kJxMM2+MwLY68HYt/ZGA",9
"BASTI","BAHADURPUR","DEV DEEHA","3153012019/RC/958486255823733300","9800","https://mnregaweb4.nic.in/nregaarch/View_NMMS_atten_date_dtl_rpt.aspx?page=&short_name=UP&state_name=UTTAR%20PRADESH&state_code=31&district_name=BASTI&district_code=3153&block_name=BAHADURPUR&block_code=3153012&panchayat_name=DEV%20DEEHA&panchayat_code=3153012019&fin_year=2025-2026&source=&work_code=3153012019/RC/958486255823733300&msr_no=9800&AttendanceDate=27/03/2026&Digest=sI3hlZDPH/uAH4Fhk7wXhA",2
"BASTI","BAHADURPUR","KALWARI MUSTAKHAM","3153012030/RC/958486255823689961","9770","https://mnregaweb4.nic.in/nregaarch/View_NMMS_atten_date_dtl_rpt.aspx?page=&short_name=UP&state_name=UTTAR%20PRADESH&state_code=31&district_name=BASTI&district_code=3153&block_name=BAHADURPUR&block_code=3153012&panchayat_name=KALWARI%20MUSTAKHAM&panchayat_code=3153012030&fin_year=2025-2026&source=&work_code=3153012030/RC/958486255823689961&msr_no=9770&AttendanceDate=27/03/2026&Digest=KOfUrgIk8pQEDPDp7qS3Sw",6
"BASTI","BAHADURPUR","KANHAULI","3153012033/LD/958486255824834898","9712","https://mnregaweb4.nic.in/nregaarch/View_NMMS_atten_date_dtl_rpt.aspx?page=&short_name=UP&state_name=UTTAR%20PRADESH&state_code=31&district_name=BASTI&district_code=3153&block_name=BAHADURPUR&block_code=3153012&panchayat_name=KANHAULI&panchayat_code=3153012033&fin_year=2025-2026&source=&work_code=3153012033/LD/958486255824834898&msr_no=9712&AttendanceDate=27/03/2026&Digest=Qm93KyTjcKnL95gPLvnnqA",10
"BASTI","BAHADURPUR","KANHAULI","3153012033/LD/958486255824834898","9715","https://mnregaweb4.nic.in/nregaarch/View_NMMS_atten_date_dtl_rpt.aspx?page=&short_name=UP&state_name=UTTAR%20PRADESH&state_code=31&district_name=BASTI&district_code=3153&block_name=BAHADURPUR&block_code=3153012&panchayat_name=KANHAULI&panchayat_code=3153012033&fin_year=2025-2026&source=&work_code=3153012033/LD/958486255824834898&msr_no=9715&AttendanceDate=27/03/2026&Digest=xltwByUgctwKWQmJvvkp9g",6
"BASTI","BAHADURPUR","NIRANJAN PUR","3153012055/RC/958486255823672554","9877","https://mnregaweb4.nic.in/nregaarch/View_NMMS_atten_date_dtl_rpt.aspx?page=&short_name=UP&state_name=UTTAR%20PRADESH&state_code=31&district_name=BASTI&district_code=3153&block_name=BAHADURPUR&block_code=3153012&panchayat_name=NIRANJAN%20PUR&panchayat_code=3153012055&fin_year=2025-2026&source=&work_code=3153012055/RC/958486255823672554&msr_no=9877&AttendanceDate=27/03/2026&Digest=vjWcf9QjcW8APnkg7Scx8Q",10
"BASTI","BAHADURPUR","PAALHA","3153012057/LD/958486255825007535","9678","https://mnregaweb4.nic.in/nregaarch/View_NMMS_atten_date_dtl_rpt.aspx?page=&short_name=UP&state_name=UTTAR%20PRADESH&state_code=31&district_name=BASTI&district_code=3153&block_name=BAHADURPUR&block_code=3153012&panchayat_name=PAALHA&panchayat_code=3153012057&fin_year=2025-2026&source=&work_code=3153012057/LD/958486255825007535&msr_no=9678&AttendanceDate=27/03/2026&Digest=J4Y0tFAC2W80rUH0WGtsmg",3
"BASTI","BAHADURPUR","PRATAPPUR","3153012064/DP/958486255823394822","9892","https://mnregaweb4.nic.in/nregaarch/View_NMMS_atten_date_dtl_rpt.aspx?page=&short_name=UP&state_name=UTTAR%20PRADESH&state_code=31&district_name=BASTI&district_code=3153&block_name=BAHADURPUR&block_code=3153012&panchayat_name=PRATAPPUR&panchayat_code=3153012064&fin_year=2025-2026&source=&work_code=3153012064/DP/958486255823394822&msr_no=9892&AttendanceDate=27/03/2026&Digest=si+W23T+uvjifDFawGoIbg",6
"BASTI","BAHADURPUR","RAKHAUNA","3153012066/LD/958486255824953181","9788","https://mnregaweb4.nic.in/nregaarch/View_NMMS_atten_date_dtl_rpt.aspx?page=&short_name=UP&state_name=UTTAR%20PRADESH&state_code=31&district_name=BASTI&district_code=3153&block_name=BAHADURPUR&block_code=3153012&panchayat_name=RAKHAUNA&panchayat_code=3153012066&fin_year=2025-2026&source=&work_code=3153012066/LD/958486255824953181&msr_no=9788&AttendanceDate=27/03/2026&Digest=VxFAiEsEbnnWeqg/PDxTSA",6
"BASTI","BAHADURPUR","SAIFABAD","3153012069/RC/958486255823597413","9683","https://mnregaweb4.nic.in/nregaarch/View_NMMS_atten_date_dtl_rpt.aspx?page=&short_name=UP&state_name=UTTAR%20PRADESH&state_code=31&district_name=BASTI&district_code=3153&block_name=BAHADURPUR&block_code=3153012&panchayat_name=SAIFABAD&panchayat_code=3153012069&fin_year=2025-2026&source=&work_code=3153012069/RC/958486255823597413&msr_no=9683&AttendanceDate=27/03/2026&Digest=RmzUVFmJOq3gq779dtTiPw",1
"BASTI","BAHADURPUR","SISWARI RAGUBIR SINGH","3153012075/RC/958486255823744923","9660","https://mnregaweb4.nic.in/nregaarch/View_NMMS_atten_date_dtl_rpt.aspx?page=&short_name=UP&state_name=UTTAR%20PRADESH&state_code=31&district_name=BASTI&district_code=3153&block_name=BAHADURPUR&block_code=3153012&panchayat_name=SISWARI%20RAGUBIR%20SINGH&panchayat_code=3153012075&fin_year=2025-2026&source=&work_code=3153012075/RC/958486255823744923&msr_no=9660&AttendanceDate=27/03/2026&Digest=VL8Pu3sMflioE4QW4/jEzA",5
"BASTI","BAHADURPUR","SISWARI RAGUBIR SINGH","3153012075/WH/958486255824013258","9664","https://mnregaweb4.nic.in/nregaarch/View_NMMS_atten_date_dtl_rpt.aspx?page=&short_name=UP&state_name=UTTAR%20PRADESH&state_code=31&district_name=BASTI&district_code=3153&block_name=BAHADURPUR&block_code=3153012&panchayat_name=SISWARI%20RAGUBIR%20SINGH&panchayat_code=3153012075&fin_year=2025-2026&source=&work_code=3153012075/WH/958486255824013258&msr_no=9664&AttendanceDate=27/03/2026&Digest=/CiEp9l0EM4/CWmMFMC6vA",1
"BASTI","BAHADURPUR","VAISNOPUR","3153012079/LD/958486255824966695","9826","https://mnregaweb4.nic.in/nregaarch/View_NMMS_atten_date_dtl_rpt.aspx?page=&short_name=UP&state_name=UTTAR%20PRADESH&state_code=31&district_name=BASTI&district_code=3153&block_name=BAHADURPUR&block_code=3153012&panchayat_name=VAISNOPUR&panchayat_code=3153012079&fin_year=2025-2026&source=&work_code=3153012079/LD/958486255824966695&msr_no=9826&AttendanceDate=27/03/2026&Digest=Xl27XrMH1PUV3+doEU15fA",10
"BASTI","BANKATI","AHIRAULI","3153011001/LD/958486255824929272","9467","https://mnregaweb4.nic.in/nregaarch/View_NMMS_atten_date_dtl_rpt.aspx?page=&short_name=UP&state_name=UTTAR%20PRADESH&state_code=31&district_name=BASTI&district_code=3153&block_name=BANKATI&block_code=3153011&panchayat_name=AHIRAULI&panchayat_code=3153011001&fin_year=2025-2026&source=&work_code=3153011001/LD/958486255824929272&msr_no=9467&AttendanceDate=27/03/2026&Digest=+ANW+kBC0p4mWRr+PzSIGQ",10
"BASTI","BANKATI","BELSUHEE","3153011015/LD/958486255824990622","9506","https://mnregaweb4.nic.in/nregaarch/View_NMMS_atten_date_dtl_rpt.aspx?page=&short_name=UP&state_name=UTTAR%20PRADESH&state_code=31&district_name=BASTI&district_code=3153&block_name=BANKATI&block_code=3153011&panchayat_name=BELSUHEE&panchayat_code=3153011015&fin_year=2025-2026&source=&work_code=3153011015/LD/958486255824990622&msr_no=9506&AttendanceDate=27/03/2026&Digest=IeXdAf9i4Uu7uzeimXcFkw",7
"BASTI","BANKATI","BELSUHEE","3153011015/WC/958486255824209577","9494","https://mnregaweb4.nic.in/nregaarch/View_NMMS_atten_date_dtl_rpt.aspx?page=&short_name=UP&state_name=UTTAR%20PRADESH&state_code=31&district_name=BASTI&district_code=3153&block_name=BANKATI&block_code=3153011&panchayat_name=BELSUHEE&panchayat_code=3153011015&fin_year=2025-2026&source=&work_code=3153011015/WC/958486255824209577&msr_no=9494&AttendanceDate=27/03/2026&Digest=VS2cIcbT1KfDQMMimVV96w",8
"BASTI","BANKATI","BHAWARA","3153011018/RC/958486255823615558","9353","https://mnregaweb4.nic.in/nregaarch/View_NMMS_atten_date_dtl_rpt.aspx?page=&short_name=UP&state_name=UTTAR%20PRADESH&state_code=31&district_name=BASTI&district_code=3153&block_name=BANKATI&block_code=3153011&panchayat_name=BHAWARA&panchayat_code=3153011018&fin_year=2025-2026&source=&work_code=3153011018/RC/958486255823615558&msr_no=9353&AttendanceDate=27/03/2026&Digest=kV1CSQn6jX5ecq4nUTOL0Q",9
"BASTI","BANKATI","BHAWARA","3153011018/RC/958486255823707541","9720","https://mnregaweb4.nic.in/nregaarch/View_NMMS_atten_date_dtl_rpt.aspx?page=&short_name=UP&state_name=UTTAR%20PRADESH&state_code=31&district_name=BASTI&district_code=3153&block_name=BANKATI&block_code=3153011&panchayat_name=BHAWARA&panchayat_code=3153011018&fin_year=2025-2026&source=&work_code=3153011018/RC/958486255823707541&msr_no=9720&AttendanceDate=27/03/2026&Digest=WS2sB0v+ctPWO581jc1Erg",4
"BASTI","BANKATI","DEWAMI","3153011027/AV/958486255824164986","9594","https://mnregaweb4.nic.in/nregaarch/View_NMMS_atten_date_dtl_rpt.aspx?page=&short_name=UP&state_name=UTTAR%20PRADESH&state_code=31&district_name=BASTI&district_code=3153&block_name=BANKATI&block_code=3153011&panchayat_name=DEWAMI&panchayat_code=3153011027&fin_year=2025-2026&source=&work_code=3153011027/AV/958486255824164986&msr_no=9594&AttendanceDate=27/03/2026&Digest=6rkPTiS+SECpZCN+5tGBQg",2
"BASTI","BANKATI","HINAUTA","3153011041/IC/958486255823739648","9742","https://mnregaweb4.nic.in/nregaarch/View_NMMS_atten_date_dtl_rpt.aspx?page=&short_name=UP&state_name=UTTAR%20PRADESH&state_code=31&district_name=BASTI&district_code=3153&block_name=BANKATI&block_code=3153011&panchayat_name=HINAUTA&panchayat_code=3153011041&fin_year=2025-2026&source=&work_code=3153011041/IC/958486255823739648&msr_no=9742&AttendanceDate=27/03/2026&Digest=v6P2N3D/R9r79cy9zSnkUA",10
"BASTI","BANKATI","KABARA","3153011044/LD/958486255824938257","9290","https://mnregaweb4.nic.in/nregaarch/View_NMMS_atten_date_dtl_rpt.aspx?page=&short_name=UP&state_name=UTTAR%20PRADESH&state_code=31&district_name=BASTI&district_code=3153&block_name=BANKATI&block_code=3153011&panchayat_name=KABARA&panchayat_code=3153011044&fin_year=2025-2026&source=&work_code=3153011044/LD/958486255824938257&msr_no=9290&AttendanceDate=27/03/2026&Digest=P/JdoBqKwUNhpv7pXi1Wlw",4
"BASTI","BANKATI","KHARATI","3153011050/AV/958486255824182731","9215","https://mnregaweb4.nic.in/nregaarch/View_NMMS_atten_date_dtl_rpt.aspx?page=&short_name=UP&state_name=UTTAR%20PRADESH&state_code=31&district_name=BASTI&district_code=3153&block_name=BANKATI&block_code=3153011&panchayat_name=KHARATI&panchayat_code=3153011050&fin_year=2025-2026&source=&work_code=3153011050/AV/958486255824182731&msr_no=9215&AttendanceDate=27/03/2026&Digest=CuhBZDm+zoqrIGaLrL816A",5
"BASTI","BANKATI","KHARATI","3153011050/AV/958486255824182731","9218","https://mnregaweb4.nic.in/nregaarch/View_NMMS_atten_date_dtl_rpt.aspx?page=&short_name=UP&state_name=UTTAR%20PRADESH&state_code=31&district_name=BASTI&district_code=3153&block_name=BANKATI&block_code=3153011&panchayat_name=KHARATI&panchayat_code=3153011050&fin_year=2025-2026&source=&work_code=3153011050/AV/958486255824182731&msr_no=9218&AttendanceDate=27/03/2026&Digest=3oRCwza04LXWLWfNstLv+A",2
"BASTI","BANKATI","KHORIA","3153011056/IC/YD/958486255823723324","9607","https://mnregaweb4.nic.in/nregaarch/View_NMMS_atten_date_dtl_rpt.aspx?page=&short_name=UP&state_name=UTTAR%20PRADESH&state_code=31&district_name=BASTI&district_code=3153&block_name=BANKATI&block_code=3153011&panchayat_name=KHORIA&panchayat_code=3153011056&fin_year=2025-2026&source=&work_code=3153011056/IC/YD/958486255823723324&msr_no=9607&AttendanceDate=27/03/2026&Digest=q4lxYCi+hoMhDA6iHLA7rQ",8
"BASTI","BANKATI","KHORIA","3153011056/LD/YD/958486255824966397","9244","https://mnregaweb4.nic.in/nregaarch/View_NMMS_atten_date_dtl_rpt.aspx?page=&short_name=UP&state_name=UTTAR%20PRADESH&state_code=31&district_name=BASTI&district_code=3153&block_name=BANKATI&block_code=3153011&panchayat_name=KHORIA&panchayat_code=3153011056&fin_year=2025-2026&source=&work_code=3153011056/LD/YD/958486255824966397&msr_no=9244&AttendanceDate=27/03/2026&Digest=K9TeDRwWSS9R8mDLTEWu4g",3
"BASTI","BANKATI","KHORIA","3153011056/LD/YD/958486255824966411","9238","https://mnregaweb4.nic.in/nregaarch/View_NMMS_atten_date_dtl_rpt.aspx?page=&short_name=UP&state_name=UTTAR%20PRADESH&state_code=31&district_name=BASTI&district_code=3153&block_name=BANKATI&block_code=3153011&panchayat_name=KHORIA&panchayat_code=3153011056&fin_year=2025-2026&source=&work_code=3153011056/LD/YD/958486255824966411&msr_no=9238&AttendanceDate=27/03/2026&Digest=CBhOonbuhT+Ei8vewpwtkw",5
"BASTI","BANKATI","KHORIA","3153011056/RC/YD/958486255823745750","9444","https://mnregaweb4.nic.in/nregaarch/View_NMMS_atten_date_dtl_rpt.aspx?page=&short_name=UP&state_name=UTTAR%20PRADESH&state_code=31&district_name=BASTI&district_code=3153&block_name=BANKATI&block_code=3153011&panchayat_name=KHORIA&panchayat_code=3153011056&fin_year=2025-2026&source=&work_code=3153011056/RC/YD/958486255823745750&msr_no=9444&AttendanceDate=27/03/2026&Digest=FySZb8rKHYSDlEGAgfuCZQ",4
"BASTI","BANKATI","MAKDUMPUR","3153011062/IC/958486255823692433","9417","https://mnregaweb4.nic.in/nregaarch/View_NMMS_atten_date_dtl_rpt.aspx?page=&short_name=UP&state_name=UTTAR%20PRADESH&state_code=31&district_name=BASTI&district_code=3153&block_name=BANKATI&block_code=3153011&panchayat_name=MAKDUMPUR&panchayat_code=3153011062&fin_year=2025-2026&source=&work_code=3153011062/IC/958486255823692433&msr_no=9417&AttendanceDate=27/03/2026&Digest=90Ql5pV+YEWJtRcjPY52BQ",6
"BASTI","BANKATI","MAKDUMPUR","3153011062/IC/958486255823692433","9420","https://mnregaweb4.nic.in/nregaarch/View_NMMS_atten_date_dtl_rpt.aspx?page=&short_name=UP&state_name=UTTAR%20PRADESH&state_code=31&district_name=BASTI&district_code=3153&block_name=BANKATI&block_code=3153011&panchayat_name=MAKDUMPUR&panchayat_code=3153011062&fin_year=2025-2026&source=&work_code=3153011062/IC/958486255823692433&msr_no=9420&AttendanceDate=27/03/2026&Digest=WFkiO9Vx8v7Dmdjcv8txpg",5
"BASTI","BANKATI","PAGAR KHAS","3153011073/RC/958486255823684325","9372","https://mnregaweb4.nic.in/nregaarch/View_NMMS_atten_date_dtl_rpt.aspx?page=&short_name=UP&state_name=UTTAR%20PRADESH&state_code=31&district_name=BASTI&district_code=3153&block_name=BANKATI&block_code=3153011&panchayat_name=PAGAR%20KHAS&panchayat_code=3153011073&fin_year=2025-2026&source=&work_code=3153011073/RC/958486255823684325&msr_no=9372&AttendanceDate=27/03/2026&Digest=h0V3T9tbQx4wkwwzAuh00Q",6
"BASTI","BANKATI","MAHTHA","3153011096/IC/958486255823740167","9346","https://mnregaweb4.nic.in/nregaarch/View_NMMS_atten_date_dtl_rpt.aspx?page=&short_name=UP&state_name=UTTAR%20PRADESH&state_code=31&district_name=BASTI&district_code=3153&block_name=BANKATI&block_code=3153011&panchayat_name=MAHTHA&panchayat_code=3153011096&fin_year=2025-2026&source=&work_code=3153011096/IC/958486255823740167&msr_no=9346&AttendanceDate=27/03/2026&Digest=QEb2GYqJa4wWZVFxTOx4ZA",10
"BASTI","BANKATI","SISWA PANDEY","3153011101/IC/958486255823741153","9300","https://mnregaweb4.nic.in/nregaarch/View_NMMS_atten_date_dtl_rpt.aspx?page=&short_name=UP&state_name=UTTAR%20PRADESH&state_code=31&district_name=BASTI&district_code=3153&block_name=BANKATI&block_code=3153011&panchayat_name=SISWA%20PANDEY&panchayat_code=3153011101&fin_year=2025-2026&source=&work_code=3153011101/IC/958486255823741153&msr_no=9300&AttendanceDate=27/03/2026&Digest=HYrDAOGpUCuRlKOvXGSA9A",10
"BASTI","BANKATI","DUBAULI KHURD","3153011109/IC/958486255823741004","9276","https://mnregaweb4.nic.in/nregaarch/View_NMMS_atten_date_dtl_rpt.aspx?page=&short_name=UP&state_name=UTTAR%20PRADESH&state_code=31&district_name=BASTI&district_code=3153&block_name=BANKATI&block_code=3153011&panchayat_name=DUBAULI%20KHURD&panchayat_code=3153011109&fin_year=2025-2026&source=&work_code=3153011109/IC/958486255823741004&msr_no=9276&AttendanceDate=27/03/2026&Digest=FabDJeTXH3LufXOTexfPsg",7
"BASTI","BANKATI","DUBAULI KHURD","3153011109/IC/958486255823741004","9279","https://mnregaweb4.nic.in/nregaarch/View_NMMS_atten_date_dtl_rpt.aspx?page=&short_name=UP&state_name=UTTAR%20PRADESH&state_code=31&district_name=BASTI&district_code=3153&block_name=BANKATI&block_code=3153011&panchayat_name=DUBAULI%20KHURD&panchayat_code=3153011109&fin_year=2025-2026&source=&work_code=3153011109/IC/958486255823741004&msr_no=9279&AttendanceDate=27/03/2026&Digest=dXLUFvIX3ywBw7egAGFgrg",4
"BASTI","BANKATI","GULAURA","3153011112/RC/958486255823716059","9731","https://mnregaweb4.nic.in/nregaarch/View_NMMS_atten_date_dtl_rpt.aspx?page=&short_name=UP&state_name=UTTAR%20PRADESH&state_code=31&district_name=BASTI&district_code=3153&block_name=BANKATI&block_code=3153011&panchayat_name=GULAURA&panchayat_code=3153011112&fin_year=2025-2026&source=&work_code=3153011112/RC/958486255823716059&msr_no=9731&AttendanceDate=27/03/2026&Digest=KmitDnhqL146NJLYP1fjkg",3
"BASTI","BASTI","JAKHANI","3153010042/RC/958486255823747486","4418","https://mnregaweb4.nic.in/nregaarch/View_NMMS_atten_date_dtl_rpt.aspx?page=&short_name=UP&state_name=UTTAR%20PRADESH&state_code=31&district_name=BASTI&district_code=3153&block_name=BASTI&block_code=3153010&panchayat_name=JAKHANI&panchayat_code=3153010042&fin_year=2025-2026&source=&work_code=3153010042/RC/958486255823747486&msr_no=4418&AttendanceDate=27/03/2026&Digest=XsppoMamUwJbP0es3IiGxw",10
"BASTI","DUBAULIYA","PAKRI CHAUHAAN","3153014006/AV/958486255824187517","4309","https://mnregaweb4.nic.in/nregaarch/View_NMMS_atten_date_dtl_rpt.aspx?page=&short_name=UP&state_name=UTTAR%20PRADESH&state_code=31&district_name=BASTI&district_code=3153&block_name=DUBAULIYA&block_code=3153014&panchayat_name=PAKRI%20CHAUHAAN&panchayat_code=3153014006&fin_year=2025-2026&source=&work_code=3153014006/AV/958486255824187517&msr_no=4309&AttendanceDate=27/03/2026&Digest=CY7Pp8Ygntbf35lZIk8ISw",9
"BASTI","DUBAULIYA","HENGAPUR","3153014012/RC/958486255823752058","4326","https://mnregaweb4.nic.in/nregaarch/View_NMMS_atten_date_dtl_rpt.aspx?page=&short_name=UP&state_name=UTTAR%20PRADESH&state_code=31&district_name=BASTI&district_code=3153&block_name=DUBAULIYA&block_code=3153014&panchayat_name=HENGAPUR&panchayat_code=3153014012&fin_year=2025-2026&source=&work_code=3153014012/RC/958486255823752058&msr_no=4326&AttendanceDate=27/03/2026&Digest=GmadCe4fFTI5J5RYzZXMIw",9
"BASTI","DUBAULIYA","RAM NAGAR","3153014020/RC/958486255823749961","4185","https://mnregaweb4.nic.in/nregaarch/View_NMMS_atten_date_dtl_rpt.aspx?page=&short_name=UP&state_name=UTTAR%20PRADESH&state_code=31&district_name=BASTI&district_code=3153&block_name=DUBAULIYA&block_code=3153014&panchayat_name=RAM%20NAGAR&panchayat_code=3153014020&fin_year=2025-2026&source=&work_code=3153014020/RC/958486255823749961&msr_no=4185&AttendanceDate=27/03/2026&Digest=s24xU7UEhOD5rtXbWB8uaQ",2
"BASTI","DUBAULIYA","BAIRAGAL","3153014027/RC/958486255823703417","4119","https://mnregaweb4.nic.in/nregaarch/View_NMMS_atten_date_dtl_rpt.aspx?page=&short_name=UP&state_name=UTTAR%20PRADESH&state_code=31&district_name=BASTI&district_code=3153&block_name=DUBAULIYA&block_code=3153014&panchayat_name=BAIRAGAL&panchayat_code=3153014027&fin_year=2025-2026&source=&work_code=3153014027/RC/958486255823703417&msr_no=4119&AttendanceDate=27/03/2026&Digest=NSSbzphCAVS6FdxFQPtiiQ",10
"BASTI","DUBAULIYA","DUBAULIYA","3153014029/RC/958486255823737184","4118","https://mnregaweb4.nic.in/nregaarch/View_NMMS_atten_date_dtl_rpt.aspx?page=&short_name=UP&state_name=UTTAR%20PRADESH&state_code=31&district_name=BASTI&district_code=3153&block_name=DUBAULIYA&block_code=3153014&panchayat_name=DUBAULIYA&panchayat_code=3153014029&fin_year=2025-2026&source=&work_code=3153014029/RC/958486255823737184&msr_no=4118&AttendanceDate=27/03/2026&Digest=tkqTpCahctjGsc2dNF/SSQ",4
"BASTI","DUBAULIYA","BHAKRAHI","3153014035/RC/958486255823750364","4235","https://mnregaweb4.nic.in/nregaarch/View_NMMS_atten_date_dtl_rpt.aspx?page=&short_name=UP&state_name=UTTAR%20PRADESH&state_code=31&district_name=BASTI&district_code=3153&block_name=DUBAULIYA&block_code=3153014&panchayat_name=BHAKRAHI&panchayat_code=3153014035&fin_year=2025-2026&source=&work_code=3153014035/RC/958486255823750364&msr_no=4235&AttendanceDate=27/03/2026&Digest=659emIP4EWPFN0bAfoAe8g",6
"BASTI","GAUR","BABHANGAVA KHURD","3153002014/WH/958486255824013491","6510","https://mnregaweb4.nic.in/nregaarch/View_NMMS_atten_date_dtl_rpt.aspx?page=&short_name=UP&state_name=UTTAR%20PRADESH&state_code=31&district_name=BASTI&district_code=3153&block_name=GAUR&block_code=3153002&panchayat_name=BABHANGAVA%20KHURD&panchayat_code=3153002014&fin_year=2025-2026&source=&work_code=3153002014/WH/958486255824013491&msr_no=6510&AttendanceDate=27/03/2026&Digest=7s1g53lOuXseqqcdJjV3mw",2
"BASTI","GAUR","KACHIYA","3153002046/LD/958486255824922222","6408","https://mnregaweb4.nic.in/nregaarch/View_NMMS_atten_date_dtl_rpt.aspx?page=&short_name=UP&state_name=UTTAR%20PRADESH&state_code=31&district_name=BASTI&district_code=3153&block_name=GAUR&block_code=3153002&panchayat_name=KACHIYA&panchayat_code=3153002046&fin_year=2025-2026&source=&work_code=3153002046/LD/958486255824922222&msr_no=6408&AttendanceDate=27/03/2026&Digest=Xc9WD+/eMll85YU2+7PSvw",10
"BASTI","GAUR","MAJHAUVA CHAUBEY","3153002061/WC/958486255824213629","6522","https://mnregaweb4.nic.in/nregaarch/View_NMMS_atten_date_dtl_rpt.aspx?page=&short_name=UP&state_name=UTTAR%20PRADESH&state_code=31&district_name=BASTI&district_code=3153&block_name=GAUR&block_code=3153002&panchayat_name=MAJHAUVA%20CHAUBEY&panchayat_code=3153002061&fin_year=2025-2026&source=&work_code=3153002061/WC/958486255824213629&msr_no=6522&AttendanceDate=27/03/2026&Digest=HlM0DS4ZSvC2ZLHTAzCfzw",9
"BASTI","GAUR","MAJHAUVA DUDTHNATH","3153002062/RC/958486255823748554","6499","https://mnregaweb4.nic.in/nregaarch/View_NMMS_atten_date_dtl_rpt.aspx?page=&short_name=UP&state_name=UTTAR%20PRADESH&state_code=31&district_name=BASTI&district_code=3153&block_name=GAUR&block_code=3153002&panchayat_name=MAJHAUVA%20DUDTHNATH&panchayat_code=3153002062&fin_year=2025-2026&source=&work_code=3153002062/RC/958486255823748554&msr_no=6499&AttendanceDate=27/03/2026&Digest=gimBF9T/GeruYRCOgg5hCA",7
"BASTI","GAUR","RAMVA PUR","3153002079/RC/958486255823749326","6615","https://mnregaweb4.nic.in/nregaarch/View_NMMS_atten_date_dtl_rpt.aspx?page=&short_name=UP&state_name=UTTAR%20PRADESH&state_code=31&district_name=BASTI&district_code=3153&block_name=GAUR&block_code=3153002&panchayat_name=RAMVA%20PUR&panchayat_code=3153002079&fin_year=2025-2026&source=&work_code=3153002079/RC/958486255823749326&msr_no=6615&AttendanceDate=27/03/2026&Digest=bkNZvLIM+FamEDg5T6wZ/Q",8
"BASTI","GAUR","SUMAHI","3153002089/LD/YD/958486255825010403","6283","https://mnregaweb4.nic.in/nregaarch/View_NMMS_atten_date_dtl_rpt.aspx?page=&short_name=UP&state_name=UTTAR%20PRADESH&state_code=31&district_name=BASTI&district_code=3153&block_name=GAUR&block_code=3153002&panchayat_name=SUMAHI&panchayat_code=3153002089&fin_year=2025-2026&source=&work_code=3153002089/LD/YD/958486255825010403&msr_no=6283&AttendanceDate=27/03/2026&Digest=mvpZg5/AekTrlwgQQz+6Bg",5
"BASTI","HARRAIYA","BELBHARIYA RAM GULAM","3153003017/LD/958486255825009419","7001","https://mnregaweb4.nic.in/nregaarch/View_NMMS_atten_date_dtl_rpt.aspx?page=&short_name=UP&state_name=UTTAR%20PRADESH&state_code=31&district_name=BASTI&district_code=3153&block_name=HARRAIYA&block_code=3153003&panchayat_name=BELBHARIYA%20RAM%20GULAM&panchayat_code=3153003017&fin_year=2025-2026&source=&work_code=3153003017/LD/958486255825009419&msr_no=7001&AttendanceDate=27/03/2026&Digest=wAZ3kMQjtgPaPxDdys7Hyg",3
"BASTI","HARRAIYA","MAHUAPAR","3153003018/LD/958486255824931758","6890","https://mnregaweb4.nic.in/nregaarch/View_NMMS_atten_date_dtl_rpt.aspx?page=&short_name=UP&state_name=UTTAR%20PRADESH&state_code=31&district_name=BASTI&district_code=3153&block_name=HARRAIYA&block_code=3153003&panchayat_name=MAHUAPAR&panchayat_code=3153003018&fin_year=2025-2026&source=&work_code=3153003018/LD/958486255824931758&msr_no=6890&AttendanceDate=27/03/2026&Digest=XiEalcVcg6AJuiELoDAIBA",10
"BASTI","HARRAIYA","BANS GAW","3153003031/LD/958486255824994674","6897","https://mnregaweb4.nic.in/nregaarch/View_NMMS_atten_date_dtl_rpt.aspx?page=&short_name=UP&state_name=UTTAR%20PRADESH&state_code=31&district_name=BASTI&district_code=3153&block_name=HARRAIYA&block_code=3153003&panchayat_name=BANS%20GAW&panchayat_code=3153003031&fin_year=2025-2026&source=&work_code=3153003031/LD/958486255824994674&msr_no=6897&AttendanceDate=27/03/2026&Digest=616kQTpLVF00lBmH+6UeSA",10
"BASTI","HARRAIYA","NADAYEN","3153003042/LD/958486255824955644","6909","https://mnregaweb4.nic.in/nregaarch/View_NMMS_atten_date_dtl_rpt.aspx?page=&short_name=UP&state_name=UTTAR%20PRADESH&state_code=31&district_name=BASTI&district_code=3153&block_name=HARRAIYA&block_code=3153003&panchayat_name=NADAYEN&panchayat_code=3153003042&fin_year=2025-2026&source=&work_code=3153003042/LD/958486255824955644&msr_no=6909&AttendanceDate=27/03/2026&Digest=+olclvxoQxNjZpNH98k0WQ",10
"BASTI","HARRAIYA","BHARGAWA","3153003058/LD/958486255824611296","6962","https://mnregaweb4.nic.in/nregaarch/View_NMMS_atten_date_dtl_rpt.aspx?page=&short_name=UP&state_name=UTTAR%20PRADESH&state_code=31&district_name=BASTI&district_code=3153&block_name=HARRAIYA&block_code=3153003&panchayat_name=BHARGAWA&panchayat_code=3153003058&fin_year=2025-2026&source=&work_code=3153003058/LD/958486255824611296&msr_no=6962&AttendanceDate=27/03/2026&Digest=flFO999kZ8mmKCrZoz8BNA",10
"BASTI","HARRAIYA","BHARGAWA","3153003058/LD/958486255824949792","6852","https://mnregaweb4.nic.in/nregaarch/View_NMMS_atten_date_dtl_rpt.aspx?page=&short_name=UP&state_name=UTTAR%20PRADESH&state_code=31&district_name=BASTI&district_code=3153&block_name=HARRAIYA&block_code=3153003&panchayat_name=BHARGAWA&panchayat_code=3153003058&fin_year=2025-2026&source=&work_code=3153003058/LD/958486255824949792&msr_no=6852&AttendanceDate=27/03/2026&Digest=+z2bILugMgXq/SmSps9T6A",10
"BASTI","HARRAIYA","BHARGAWA","3153003058/LD/958486255824949792","6855","https://mnregaweb4.nic.in/nregaarch/View_NMMS_atten_date_dtl_rpt.aspx?page=&short_name=UP&state_name=UTTAR%20PRADESH&state_code=31&district_name=BASTI&district_code=3153&block_name=HARRAIYA&block_code=3153003&panchayat_name=BHARGAWA&panchayat_code=3153003058&fin_year=2025-2026&source=&work_code=3153003058/LD/958486255824949792&msr_no=6855&AttendanceDate=27/03/2026&Digest=A5EXrjtxFZnL4ybuTQoy+A",6
"BASTI","HARRAIYA","LAVDAHA","3153003060/RC/958486255823749438","6990","https://mnregaweb4.nic.in/nregaarch/View_NMMS_atten_date_dtl_rpt.aspx?page=&short_name=UP&state_name=UTTAR%20PRADESH&state_code=31&district_name=BASTI&district_code=3153&block_name=HARRAIYA&block_code=3153003&panchayat_name=LAVDAHA&panchayat_code=3153003060&fin_year=2025-2026&source=&work_code=3153003060/RC/958486255823749438&msr_no=6990&AttendanceDate=27/03/2026&Digest=SkSrouyFksndgjKJphB3wA",7
"BASTI","HARRAIYA","KHAMAHRIA SUJAT","3153003072/LD/958486255825008862","6827","https://mnregaweb4.nic.in/nregaarch/View_NMMS_atten_date_dtl_rpt.aspx?page=&short_name=UP&state_name=UTTAR%20PRADESH&state_code=31&district_name=BASTI&district_code=3153&block_name=HARRAIYA&block_code=3153003&panchayat_name=KHAMAHRIA%20SUJAT&panchayat_code=3153003072&fin_year=2025-2026&source=&work_code=3153003072/LD/958486255825008862&msr_no=6827&AttendanceDate=27/03/2026&Digest=EY4wvx8asDGoMZ9NgoXVVA",10
"BASTI","HARRAIYA","KHAMAHRIA SUJAT","3153003072/LD/958486255825008862","6830","https://mnregaweb4.nic.in/nregaarch/View_NMMS_atten_date_dtl_rpt.aspx?page=&short_name=UP&state_name=UTTAR%20PRADESH&state_code=31&district_name=BASTI&district_code=3153&block_name=HARRAIYA&block_code=3153003&panchayat_name=KHAMAHRIA%20SUJAT&panchayat_code=3153003072&fin_year=2025-2026&source=&work_code=3153003072/LD/958486255825008862&msr_no=6830&AttendanceDate=27/03/2026&Digest=5nyudYVo905a0xFSoKLGsw",10
"BASTI","HARRAIYA","SHAMBHUPUR","3153003077/RC/958486255823742783","6961","https://mnregaweb4.nic.in/nregaarch/View_NMMS_atten_date_dtl_rpt.aspx?page=&short_name=UP&state_name=UTTAR%20PRADESH&state_code=31&district_name=BASTI&district_code=3153&block_name=HARRAIYA&block_code=3153003&panchayat_name=SHAMBHUPUR&panchayat_code=3153003077&fin_year=2025-2026&source=&work_code=3153003077/RC/958486255823742783&msr_no=6961&AttendanceDate=27/03/2026&Digest=hQD90OSahrjnydJbW5ckLA",8
"BASTI","KAPTANGANJ","BAGHAUDA","3153005008/RC/958486255823695929","4980","https://mnregaweb4.nic.in/nregaarch/View_NMMS_atten_date_dtl_rpt.aspx?page=&short_name=UP&state_name=UTTAR%20PRADESH&state_code=31&district_name=BASTI&district_code=3153&block_name=KAPTANGANJ&block_code=3153005&panchayat_name=BAGHAUDA&panchayat_code=3153005008&fin_year=2025-2026&source=&work_code=3153005008/RC/958486255823695929&msr_no=4980&AttendanceDate=27/03/2026&Digest=Wlk9zECNb450f++poSjrCw",9
"BASTI","KAPTANGANJ","BAGHAUDA","3153005008/RC/958486255823700091","4846","https://mnregaweb4.nic.in/nregaarch/View_NMMS_atten_date_dtl_rpt.aspx?page=&short_name=UP&state_name=UTTAR%20PRADESH&state_code=31&district_name=BASTI&district_code=3153&block_name=KAPTANGANJ&block_code=3153005&panchayat_name=BAGHAUDA&panchayat_code=3153005008&fin_year=2025-2026&source=&work_code=3153005008/RC/958486255823700091&msr_no=4846&AttendanceDate=27/03/2026&Digest=Xu4Jx5rKL/FNDDTxhNmhKA",2
"BASTI","KAPTANGANJ","BESAURA","3153005031/RC/958486255823680624","4861","https://mnregaweb4.nic.in/nregaarch/View_NMMS_atten_date_dtl_rpt.aspx?page=&short_name=UP&state_name=UTTAR%20PRADESH&state_code=31&district_name=BASTI&district_code=3153&block_name=KAPTANGANJ&block_code=3153005&panchayat_name=BESAURA&panchayat_code=3153005031&fin_year=2025-2026&source=&work_code=3153005031/RC/958486255823680624&msr_no=4861&AttendanceDate=27/03/2026&Digest=WKly52UWa7F0N9XA5KmR9Q",8
"BASTI","KAPTANGANJ","SARWALIYA","3153005034/RC/958486255823718357","4938","https://mnregaweb4.nic.in/nregaarch/View_NMMS_atten_date_dtl_rpt.aspx?page=&short_name=UP&state_name=UTTAR%20PRADESH&state_code=31&district_name=BASTI&district_code=3153&block_name=KAPTANGANJ&block_code=3153005&panchayat_name=SARWALIYA&panchayat_code=3153005034&fin_year=2025-2026&source=&work_code=3153005034/RC/958486255823718357&msr_no=4938&AttendanceDate=27/03/2026&Digest=szoHdLrPPuBShbBKWkKe/Q",2
"BASTI","KAPTANGANJ","POKHRA","3153005054/RC/958486255823736568","5047","https://mnregaweb4.nic.in/nregaarch/View_NMMS_atten_date_dtl_rpt.aspx?page=&short_name=UP&state_name=UTTAR%20PRADESH&state_code=31&district_name=BASTI&district_code=3153&block_name=KAPTANGANJ&block_code=3153005&panchayat_name=POKHRA&panchayat_code=3153005054&fin_year=2025-2026&source=&work_code=3153005054/RC/958486255823736568&msr_no=5047&AttendanceDate=27/03/2026&Digest=C1EpSLCkmfD1ZwLHhQQQbg",10
"BASTI","KAPTANGANJ","NAIKAPAR","3153005057/LD/958486255824964925","4863","https://mnregaweb4.nic.in/nregaarch/View_NMMS_atten_date_dtl_rpt.aspx?page=&short_name=UP&state_name=UTTAR%20PRADESH&state_code=31&district_name=BASTI&district_code=3153&block_name=KAPTANGANJ&block_code=3153005&panchayat_name=NAIKAPAR&panchayat_code=3153005057&fin_year=2025-2026&source=&work_code=3153005057/LD/958486255824964925&msr_no=4863&AttendanceDate=27/03/2026&Digest=8JUDBjt80vP1DK8NwA45cw",6
"BASTI","KAPTANGANJ","NAIKAPAR","3153005057/RC/958486255823747052","4974","https://mnregaweb4.nic.in/nregaarch/View_NMMS_atten_date_dtl_rpt.aspx?page=&short_name=UP&state_name=UTTAR%20PRADESH&state_code=31&district_name=BASTI&district_code=3153&block_name=KAPTANGANJ&block_code=3153005&panchayat_name=NAIKAPAR&panchayat_code=3153005057&fin_year=2025-2026&source=&work_code=3153005057/RC/958486255823747052&msr_no=4974&AttendanceDate=27/03/2026&Digest=ZL4eY2Nsw7hB+dl/FrzbiQ",9
"BASTI","KAPTANGANJ","PARIWARPUR","3153005058/RC/958486255823726572","4894","https://mnregaweb4.nic.in/nregaarch/View_NMMS_atten_date_dtl_rpt.aspx?page=&short_name=UP&state_name=UTTAR%20PRADESH&state_code=31&district_name=BASTI&district_code=3153&block_name=KAPTANGANJ&block_code=3153005&panchayat_name=PARIWARPUR&panchayat_code=3153005058&fin_year=2025-2026&source=&work_code=3153005058/RC/958486255823726572&msr_no=4894&AttendanceDate=27/03/2026&Digest=LBx8zWJFZD9ErFHkXEF51A",8
"BASTI","KUDARAHA","MURADPUR","3153013002/WH/958486255823990667","8035","https://mnregaweb4.nic.in/nregaarch/View_NMMS_atten_date_dtl_rpt.aspx?page=&short_name=UP&state_name=UTTAR%20PRADESH&state_code=31&district_name=BASTI&district_code=3153&block_name=KUDARAHA&block_code=3153013&panchayat_name=MURADPUR&panchayat_code=3153013002&fin_year=2025-2026&source=&work_code=3153013002/WH/958486255823990667&msr_no=8035&AttendanceDate=27/03/2026&Digest=TBORd3jgStoOdlkyqSZuiA",10
"BASTI","KUDARAHA","PIPARPATI MUSTAHKAM","3153013004/RC/958486255823748170","8065","https://mnregaweb4.nic.in/nregaarch/View_NMMS_atten_date_dtl_rpt.aspx?page=&short_name=UP&state_name=UTTAR%20PRADESH&state_code=31&district_name=BASTI&district_code=3153&block_name=KUDARAHA&block_code=3153013&panchayat_name=PIPARPATI%20MUSTAHKAM&panchayat_code=3153013004&fin_year=2025-2026&source=&work_code=3153013004/RC/958486255823748170&msr_no=8065&AttendanceDate=27/03/2026&Digest=FRF7R3DFSDew2io+rsqrog",7
"BASTI","KUDARAHA","PIPARPATI MUSTAHKAM","3153013004/RC/958486255823749540","8066","https://mnregaweb4.nic.in/nregaarch/View_NMMS_atten_date_dtl_rpt.aspx?page=&short_name=UP&state_name=UTTAR%20PRADESH&state_code=31&district_name=BASTI&district_code=3153&block_name=KUDARAHA&block_code=3153013&panchayat_name=PIPARPATI%20MUSTAHKAM&panchayat_code=3153013004&fin_year=2025-2026&source=&work_code=3153013004/RC/958486255823749540&msr_no=8066&AttendanceDate=27/03/2026&Digest=mUgy9nHxVrZijPlR+bAFhA",10
"BASTI","KUDARAHA","AKELA KUBERPUR","3153013008/RC/958486255823579681","8252","https://mnregaweb4.nic.in/nregaarch/View_NMMS_atten_date_dtl_rpt.aspx?page=&short_name=UP&state_name=UTTAR%20PRADESH&state_code=31&district_name=BASTI&district_code=3153&block_name=KUDARAHA&block_code=3153013&panchayat_name=AKELA%20KUBERPUR&panchayat_code=3153013008&fin_year=2025-2026&source=&work_code=3153013008/RC/958486255823579681&msr_no=8252&AttendanceDate=27/03/2026&Digest=HfC3rSvd82oF0MQm89Q8hw",9
"BASTI","KUDARAHA","AKELA KUBERPUR","3153013008/RC/958486255823579682","8254","https://mnregaweb4.nic.in/nregaarch/View_NMMS_atten_date_dtl_rpt.aspx?page=&short_name=UP&state_name=UTTAR%20PRADESH&state_code=31&district_name=BASTI&district_code=3153&block_name=KUDARAHA&block_code=3153013&panchayat_name=AKELA%20KUBERPUR&panchayat_code=3153013008&fin_year=2025-2026&source=&work_code=3153013008/RC/958486255823579682&msr_no=8254&AttendanceDate=27/03/2026&Digest=X5jVKUks/NR1hwpAIljc4w",8
"BASTI","KUDARAHA","AKELA KUBERPUR","3153013008/RC/958486255823594326","8057","https://mnregaweb4.nic.in/nregaarch/View_NMMS_atten_date_dtl_rpt.aspx?page=&short_name=UP&state_name=UTTAR%20PRADESH&state_code=31&district_name=BASTI&district_code=3153&block_name=KUDARAHA&block_code=3153013&panchayat_name=AKELA%20KUBERPUR&panchayat_code=3153013008&fin_year=2025-2026&source=&work_code=3153013008/RC/958486255823594326&msr_no=8057&AttendanceDate=27/03/2026&Digest=2raY75TYn5q0lZTuuJjeZw",8
"BASTI","KUDARAHA","RASOOLPUR","3153013020/RC/958486255823670231","7968","https://mnregaweb4.nic.in/nregaarch/View_NMMS_atten_date_dtl_rpt.aspx?page=&short_name=UP&state_name=UTTAR%20PRADESH&state_code=31&district_name=BASTI&district_code=3153&block_name=KUDARAHA&block_code=3153013&panchayat_name=RASOOLPUR&panchayat_code=3153013020&fin_year=2025-2026&source=&work_code=3153013020/RC/958486255823670231&msr_no=7968&AttendanceDate=27/03/2026&Digest=0zctmnOtTXUQlN/4JhqSug",10
"BASTI","KUDARAHA","RASOOLPUR","3153013020/RC/958486255823670232","7973","https://mnregaweb4.nic.in/nregaarch/View_NMMS_atten_date_dtl_rpt.aspx?page=&short_name=UP&state_name=UTTAR%20PRADESH&state_code=31&district_name=BASTI&district_code=3153&block_name=KUDARAHA&block_code=3153013&panchayat_name=RASOOLPUR&panchayat_code=3153013020&fin_year=2025-2026&source=&work_code=3153013020/RC/958486255823670232&msr_no=7973&AttendanceDate=27/03/2026&Digest=WeHtjtYTU3s14eqm4oa6cQ",8
"BASTI","KUDARAHA","RASOOLPUR","3153013020/RC/958486255823670232","7976","https://mnregaweb4.nic.in/nregaarch/View_NMMS_atten_date_dtl_rpt.aspx?page=&short_name=UP&state_name=UTTAR%20PRADESH&state_code=31&district_name=BASTI&district_code=3153&block_name=KUDARAHA&block_code=3153013&panchayat_name=RASOOLPUR&panchayat_code=3153013020&fin_year=2025-2026&source=&work_code=3153013020/RC/958486255823670232&msr_no=7976&AttendanceDate=27/03/2026&Digest=eG0LScEJcWJroxcdDv+acQ",2
"BASTI","KUDARAHA","CHAKIYA","3153013021/LD/958486255825007259","8145","https://mnregaweb4.nic.in/nregaarch/View_NMMS_atten_date_dtl_rpt.aspx?page=&short_name=UP&state_name=UTTAR%20PRADESH&state_code=31&district_name=BASTI&district_code=3153&block_name=KUDARAHA&block_code=3153013&panchayat_name=CHAKIYA&panchayat_code=3153013021&fin_year=2025-2026&source=&work_code=3153013021/LD/958486255825007259&msr_no=8145&AttendanceDate=27/03/2026&Digest=39xsdQsHYkw0+6MHxZndnA",1
"BASTI","KUDARAHA","GAURA ROHARI","3153013024/FP/958486255823604468","8207","https://mnregaweb4.nic.in/nregaarch/View_NMMS_atten_date_dtl_rpt.aspx?page=&short_name=UP&state_name=UTTAR%20PRADESH&state_code=31&district_name=BASTI&district_code=3153&block_name=KUDARAHA&block_code=3153013&panchayat_name=GAURA%20ROHARI&panchayat_code=3153013024&fin_year=2025-2026&source=&work_code=3153013024/FP/958486255823604468&msr_no=8207&AttendanceDate=27/03/2026&Digest=NjLL6iUExjjJdtYrTRjNHg",10
"BASTI","KUDARAHA","GAURA ROHARI","3153013024/FP/958486255823604468","8210","https://mnregaweb4.nic.in/nregaarch/View_NMMS_atten_date_dtl_rpt.aspx?page=&short_name=UP&state_name=UTTAR%20PRADESH&state_code=31&district_name=BASTI&district_code=3153&block_name=KUDARAHA&block_code=3153013&panchayat_name=GAURA%20ROHARI&panchayat_code=3153013024&fin_year=2025-2026&source=&work_code=3153013024/FP/958486255823604468&msr_no=8210&AttendanceDate=27/03/2026&Digest=t3hD+h8y+1T4R28pSqu3lg",10
"BASTI","KUDARAHA","SUVRAHA","3153013026/WC/958486255824251727","8042","https://mnregaweb4.nic.in/nregaarch/View_NMMS_atten_date_dtl_rpt.aspx?page=&short_name=UP&state_name=UTTAR%20PRADESH&state_code=31&district_name=BASTI&district_code=3153&block_name=KUDARAHA&block_code=3153013&panchayat_name=SUVRAHA&panchayat_code=3153013026&fin_year=2025-2026&source=&work_code=3153013026/WC/958486255824251727&msr_no=8042&AttendanceDate=27/03/2026&Digest=W4BNyavKOGL69/BAaOm9Wg",10
"BASTI","KUDARAHA","THANWA MUDYARI","3153013027/LD/958486255824954841","7821","https://mnregaweb4.nic.in/nregaarch/View_NMMS_atten_date_dtl_rpt.aspx?page=&short_name=UP&state_name=UTTAR%20PRADESH&state_code=31&district_name=BASTI&district_code=3153&block_name=KUDARAHA&block_code=3153013&panchayat_name=THANWA%20MUDYARI&panchayat_code=3153013027&fin_year=2025-2026&source=&work_code=3153013027/LD/958486255824954841&msr_no=7821&AttendanceDate=27/03/2026&Digest=PsrzCFKp8CijhjGLxiNOPQ",9
"BASTI","KUDARAHA","KORMA","3153013029/RC/958486255823748490","8153","https://mnregaweb4.nic.in/nregaarch/View_NMMS_atten_date_dtl_rpt.aspx?page=&short_name=UP&state_name=UTTAR%20PRADESH&state_code=31&district_name=BASTI&district_code=3153&block_name=KUDARAHA&block_code=3153013&panchayat_name=KORMA&panchayat_code=3153013029&fin_year=2025-2026&source=&work_code=3153013029/RC/958486255823748490&msr_no=8153&AttendanceDate=27/03/2026&Digest=76POL+XrpiBsiZ9jxrkndg",6
"BASTI","KUDARAHA","KORMA","3153013029/RC/958486255823748565","7912","https://mnregaweb4.nic.in/nregaarch/View_NMMS_atten_date_dtl_rpt.aspx?page=&short_name=UP&state_name=UTTAR%20PRADESH&state_code=31&district_name=BASTI&district_code=3153&block_name=KUDARAHA&block_code=3153013&panchayat_name=KORMA&panchayat_code=3153013029&fin_year=2025-2026&source=&work_code=3153013029/RC/958486255823748565&msr_no=7912&AttendanceDate=27/03/2026&Digest=SrOrcSlX8oye4GgbAVmd+w",8
"BASTI","KUDARAHA","PARSAW","3153013036/LD/958486255824957716","7857","https://mnregaweb4.nic.in/nregaarch/View_NMMS_atten_date_dtl_rpt.aspx?page=&short_name=UP&state_name=UTTAR%20PRADESH&state_code=31&district_name=BASTI&district_code=3153&block_name=KUDARAHA&block_code=3153013&panchayat_name=PARSAW&panchayat_code=3153013036&fin_year=2025-2026&source=&work_code=3153013036/LD/958486255824957716&msr_no=7857&AttendanceDate=27/03/2026&Digest=WZnk4rPu3oHRV5Mt0vGAlQ",10
"BASTI","KUDARAHA","MADHOPUR","3153013038/RC/958486255823728641","8166","https://mnregaweb4.nic.in/nregaarch/View_NMMS_atten_date_dtl_rpt.aspx?page=&short_name=UP&state_name=UTTAR%20PRADESH&state_code=31&district_name=BASTI&district_code=3153&block_name=KUDARAHA&block_code=3153013&panchayat_name=MADHOPUR&panchayat_code=3153013038&fin_year=2025-2026&source=&work_code=3153013038/RC/958486255823728641&msr_no=8166&AttendanceDate=27/03/2026&Digest=S7/Dtc0YaIwnNMV0grk/WQ",3
"BASTI","KUDARAHA","MUSARIHA","3153013041/RC/958486255823728282","7825","https://mnregaweb4.nic.in/nregaarch/View_NMMS_atten_date_dtl_rpt.aspx?page=&short_name=UP&state_name=UTTAR%20PRADESH&state_code=31&district_name=BASTI&district_code=3153&block_name=KUDARAHA&block_code=3153013&panchayat_name=MUSARIHA&panchayat_code=3153013041&fin_year=2025-2026&source=&work_code=3153013041/RC/958486255823728282&msr_no=7825&AttendanceDate=27/03/2026&Digest=DzqFZISVtqQpJGhhAiUU/w",10
"BASTI","KUDARAHA","KABRA KHAS","3153013043/RC/958486255823706795","8126","https://mnregaweb4.nic.in/nregaarch/View_NMMS_atten_date_dtl_rpt.aspx?page=&short_name=UP&state_name=UTTAR%20PRADESH&state_code=31&district_name=BASTI&district_code=3153&block_name=KUDARAHA&block_code=3153013&panchayat_name=KABRA%20KHAS&panchayat_code=3153013043&fin_year=2025-2026&source=&work_code=3153013043/RC/958486255823706795&msr_no=8126&AttendanceDate=27/03/2026&Digest=Uqz7dYPqxCAENoJPILCPQg",9
"BASTI","KUDARAHA","KABRA KHAS","3153013043/RC/958486255823706795","8129","https://mnregaweb4.nic.in/nregaarch/View_NMMS_atten_date_dtl_rpt.aspx?page=&short_name=UP&state_name=UTTAR%20PRADESH&state_code=31&district_name=BASTI&district_code=3153&block_name=KUDARAHA&block_code=3153013&panchayat_name=KABRA%20KHAS&panchayat_code=3153013043&fin_year=2025-2026&source=&work_code=3153013043/RC/958486255823706795&msr_no=8129&AttendanceDate=27/03/2026&Digest=0jH7id/TM5f8WNgqYocRkg",9
"BASTI","KUDARAHA","KABRA KHAS","3153013043/RC/958486255823726579","7751","https://mnregaweb4.nic.in/nregaarch/View_NMMS_atten_date_dtl_rpt.aspx?page=&short_name=UP&state_name=UTTAR%20PRADESH&state_code=31&district_name=BASTI&district_code=3153&block_name=KUDARAHA&block_code=3153013&panchayat_name=KABRA%20KHAS&panchayat_code=3153013043&fin_year=2025-2026&source=&work_code=3153013043/RC/958486255823726579&msr_no=7751&AttendanceDate=27/03/2026&Digest=HjkMnU+3nZ4F8D4spfN31g",10
"BASTI","KUDARAHA","KABRA KHAS","3153013043/RC/958486255823726579","7754","https://mnregaweb4.nic.in/nregaarch/View_NMMS_atten_date_dtl_rpt.aspx?page=&short_name=UP&state_name=UTTAR%20PRADESH&state_code=31&district_name=BASTI&district_code=3153&block_name=KUDARAHA&block_code=3153013&panchayat_name=KABRA%20KHAS&panchayat_code=3153013043&fin_year=2025-2026&source=&work_code=3153013043/RC/958486255823726579&msr_no=7754&AttendanceDate=27/03/2026&Digest=O8VdEza2A68RHLuJetx+ew",7
"BASTI","KUDARAHA","PASRA","3153013046/LD/958486255824692138","7718","https://mnregaweb4.nic.in/nregaarch/View_NMMS_atten_date_dtl_rpt.aspx?page=&short_name=UP&state_name=UTTAR%20PRADESH&state_code=31&district_name=BASTI&district_code=3153&block_name=KUDARAHA&block_code=3153013&panchayat_name=PASRA&panchayat_code=3153013046&fin_year=2025-2026&source=&work_code=3153013046/LD/958486255824692138&msr_no=7718&AttendanceDate=27/03/2026&Digest=Spqint9L5h1P7AgqeA754A",8
"BASTI","KUDARAHA","PASRA","3153013046/LD/958486255824692148","7665","https://mnregaweb4.nic.in/nregaarch/View_NMMS_atten_date_dtl_rpt.aspx?page=&short_name=UP&state_name=UTTAR%20PRADESH&state_code=31&district_name=BASTI&district_code=3153&block_name=KUDARAHA&block_code=3153013&panchayat_name=PASRA&panchayat_code=3153013046&fin_year=2025-2026&source=&work_code=3153013046/LD/958486255824692148&msr_no=7665&AttendanceDate=27/03/2026&Digest=WKLrUZ0LWOrnVsojfJoDSA",10
"BASTI","KUDARAHA","PASRA","3153013046/LD/958486255824692150","7720","https://mnregaweb4.nic.in/nregaarch/View_NMMS_atten_date_dtl_rpt.aspx?page=&short_name=UP&state_name=UTTAR%20PRADESH&state_code=31&district_name=BASTI&district_code=3153&block_name=KUDARAHA&block_code=3153013&panchayat_name=PASRA&panchayat_code=3153013046&fin_year=2025-2026&source=&work_code=3153013046/LD/958486255824692150&msr_no=7720&AttendanceDate=27/03/2026&Digest=GzMBquXkjS9WExn4KRtaNA",10
"BASTI","KUDARAHA","GONAR","3153013049/DP/958486255824216040","7735","https://mnregaweb4.nic.in/nregaarch/View_NMMS_atten_date_dtl_rpt.aspx?page=&short_name=UP&state_name=UTTAR%20PRADESH&state_code=31&district_name=BASTI&district_code=3153&block_name=KUDARAHA&block_code=3153013&panchayat_name=GONAR&panchayat_code=3153013049&fin_year=2025-2026&source=&work_code=3153013049/DP/958486255824216040&msr_no=7735&AttendanceDate=27/03/2026&Digest=9JchUOLmKQuW9nLmjK4Dzw",3
"BASTI","KUDARAHA","BAIRARI EHATMALI","3153013052/RC/958486255823747069","8162","https://mnregaweb4.nic.in/nregaarch/View_NMMS_atten_date_dtl_rpt.aspx?page=&short_name=UP&state_name=UTTAR%20PRADESH&state_code=31&district_name=BASTI&district_code=3153&block_name=KUDARAHA&block_code=3153013&panchayat_name=BAIRARI%20EHATMALI&panchayat_code=3153013052&fin_year=2025-2026&source=&work_code=3153013052/RC/958486255823747069&msr_no=8162&AttendanceDate=27/03/2026&Digest=q7C9jWCz+NoK1cQQW3GedA",8
"BASTI","KUDARAHA","HATHIYAVKALA","3153013054/IC/958486255823746777","8111","https://mnregaweb4.nic.in/nregaarch/View_NMMS_atten_date_dtl_rpt.aspx?page=&short_name=UP&state_name=UTTAR%20PRADESH&state_code=31&district_name=BASTI&district_code=3153&block_name=KUDARAHA&block_code=3153013&panchayat_name=HATHIYAVKALA&panchayat_code=3153013054&fin_year=2025-2026&source=&work_code=3153013054/IC/958486255823746777&msr_no=8111&AttendanceDate=27/03/2026&Digest=Os6l055quMg86weTPP+5AA",8
"BASTI","KUDARAHA","PAERMESHWARPUR","3153013056/AV/958486255824182484","8096","https://mnregaweb4.nic.in/nregaarch/View_NMMS_atten_date_dtl_rpt.aspx?page=&short_name=UP&state_name=UTTAR%20PRADESH&state_code=31&district_name=BASTI&district_code=3153&block_name=KUDARAHA&block_code=3153013&panchayat_name=PAERMESHWARPUR&panchayat_code=3153013056&fin_year=2025-2026&source=&work_code=3153013056/AV/958486255824182484&msr_no=8096&AttendanceDate=27/03/2026&Digest=7jHVZAhBia2Z2IwuXhGkRw",10
"BASTI","KUDARAHA","PAERMESHWARPUR","3153013056/RC/958486255823748250","8099","https://mnregaweb4.nic.in/nregaarch/View_NMMS_atten_date_dtl_rpt.aspx?page=&short_name=UP&state_name=UTTAR%20PRADESH&state_code=31&district_name=BASTI&district_code=3153&block_name=KUDARAHA&block_code=3153013&panchayat_name=PAERMESHWARPUR&panchayat_code=3153013056&fin_year=2025-2026&source=&work_code=3153013056/RC/958486255823748250&msr_no=8099&AttendanceDate=27/03/2026&Digest=EktITc5X9dAtwDHldRj92g",10
"BASTI","KUDARAHA","BAANPUR","3153013059/RC/958486255823694023","8172","https://mnregaweb4.nic.in/nregaarch/View_NMMS_atten_date_dtl_rpt.aspx?page=&short_name=UP&state_name=UTTAR%20PRADESH&state_code=31&district_name=BASTI&district_code=3153&block_name=KUDARAHA&block_code=3153013&panchayat_name=BAANPUR&panchayat_code=3153013059&fin_year=2025-2026&source=&work_code=3153013059/RC/958486255823694023&msr_no=8172&AttendanceDate=27/03/2026&Digest=QWVApMOXVfbOYGcUy1zksA",2
"BASTI","KUDARAHA","BAANPUR","3153013059/RC/958486255823745461","8191","https://mnregaweb4.nic.in/nregaarch/View_NMMS_atten_date_dtl_rpt.aspx?page=&short_name=UP&state_name=UTTAR%20PRADESH&state_code=31&district_name=BASTI&district_code=3153&block_name=KUDARAHA&block_code=3153013&panchayat_name=BAANPUR&panchayat_code=3153013059&fin_year=2025-2026&source=&work_code=3153013059/RC/958486255823745461&msr_no=8191&AttendanceDate=27/03/2026&Digest=6UsxCjRl+wcpOuWJ3Zn1Ow",10
"BASTI","KUDARAHA","BAANPUR","3153013059/RC/958486255823745464","8184","https://mnregaweb4.nic.in/nregaarch/View_NMMS_atten_date_dtl_rpt.aspx?page=&short_name=UP&state_name=UTTAR%20PRADESH&state_code=31&district_name=BASTI&district_code=3153&block_name=KUDARAHA&block_code=3153013&panchayat_name=BAANPUR&panchayat_code=3153013059&fin_year=2025-2026&source=&work_code=3153013059/RC/958486255823745464&msr_no=8184&AttendanceDate=27/03/2026&Digest=uMWwGnMal42MxW7k27fe5g",2
"BASTI","KUDARAHA","DIHUKPURA","3153013060/RC/958486255823750162","8088","https://mnregaweb4.nic.in/nregaarch/View_NMMS_atten_date_dtl_rpt.aspx?page=&short_name=UP&state_name=UTTAR%20PRADESH&state_code=31&district_name=BASTI&district_code=3153&block_name=KUDARAHA&block_code=3153013&panchayat_name=DIHUKPURA&panchayat_code=3153013060&fin_year=2025-2026&source=&work_code=3153013060/RC/958486255823750162&msr_no=8088&AttendanceDate=27/03/2026&Digest=nuk4twxDWBDIUhNCliGKNQ",10
"BASTI","KUDARAHA","PIPARPATI EHATMALI","3153013071/RC/958486255823700975","7673","https://mnregaweb4.nic.in/nregaarch/View_NMMS_atten_date_dtl_rpt.aspx?page=&short_name=UP&state_name=UTTAR%20PRADESH&state_code=31&district_name=BASTI&district_code=3153&block_name=KUDARAHA&block_code=3153013&panchayat_name=PIPARPATI%20EHATMALI&panchayat_code=3153013071&fin_year=2025-2026&source=&work_code=3153013071/RC/958486255823700975&msr_no=7673&AttendanceDate=27/03/2026&Digest=tX5wMd3QU2644ag2LciwdA",1
"BASTI","KUDARAHA","PIPARPATI EHATMALI","3153013071/RC/958486255823700977","8135","https://mnregaweb4.nic.in/nregaarch/View_NMMS_atten_date_dtl_rpt.aspx?page=&short_name=UP&state_name=UTTAR%20PRADESH&state_code=31&district_name=BASTI&district_code=3153&block_name=KUDARAHA&block_code=3153013&panchayat_name=PIPARPATI%20EHATMALI&panchayat_code=3153013071&fin_year=2025-2026&source=&work_code=3153013071/RC/958486255823700977&msr_no=8135&AttendanceDate=27/03/2026&Digest=Fr3rvnRDe/u1+qZCjoV+gQ",10
"BASTI","KUDARAHA","PIPARPATI EHATMALI","3153013071/RC/958486255823746235","8025","https://mnregaweb4.nic.in/nregaarch/View_NMMS_atten_date_dtl_rpt.aspx?page=&short_name=UP&state_name=UTTAR%20PRADESH&state_code=31&district_name=BASTI&district_code=3153&block_name=KUDARAHA&block_code=3153013&panchayat_name=PIPARPATI%20EHATMALI&panchayat_code=3153013071&fin_year=2025-2026&source=&work_code=3153013071/RC/958486255823746235&msr_no=8025&AttendanceDate=27/03/2026&Digest=LmBAb3n1AjC/qAsYQ+cXzg",5
"BASTI","KUDARAHA","HARKHAILIYA URF MATIYARIA","3153013074/RC/YD/958486255823746860","7882","https://mnregaweb4.nic.in/nregaarch/View_NMMS_atten_date_dtl_rpt.aspx?page=&short_name=UP&state_name=UTTAR%20PRADESH&state_code=31&district_name=BASTI&district_code=3153&block_name=KUDARAHA&block_code=3153013&panchayat_name=HARKHAILIYA%20URF%20MATIYARIA&panchayat_code=3153013074&fin_year=2025-2026&source=&work_code=3153013074/RC/YD/958486255823746860&msr_no=7882&AttendanceDate=27/03/2026&Digest=6XfvE5hjE86esNWJ34yLoQ",6
"BASTI","KUDARAHA","RAGHAUPUR","3153013075/RC/958486255823592068","8121","https://mnregaweb4.nic.in/nregaarch/View_NMMS_atten_date_dtl_rpt.aspx?page=&short_name=UP&state_name=UTTAR%20PRADESH&state_code=31&district_name=BASTI&district_code=3153&block_name=KUDARAHA&block_code=3153013&panchayat_name=RAGHAUPUR&panchayat_code=3153013075&fin_year=2025-2026&source=&work_code=3153013075/RC/958486255823592068&msr_no=8121&AttendanceDate=27/03/2026&Digest=zZRlpS8hwnjd9JWpTk7kxA",1
"BASTI","KUDARAHA","RAGHAUPUR","3153013075/RC/958486255823592072","8103","https://mnregaweb4.nic.in/nregaarch/View_NMMS_atten_date_dtl_rpt.aspx?page=&short_name=UP&state_name=UTTAR%20PRADESH&state_code=31&district_name=BASTI&district_code=3153&block_name=KUDARAHA&block_code=3153013&panchayat_name=RAGHAUPUR&panchayat_code=3153013075&fin_year=2025-2026&source=&work_code=3153013075/RC/958486255823592072&msr_no=8103&AttendanceDate=27/03/2026&Digest=13K0kVUSkpiQelnhoMfu7Q",8
"BASTI","KUDARAHA","RAGHAUPUR","3153013075/RC/958486255823592073","8122","https://mnregaweb4.nic.in/nregaarch/View_NMMS_atten_date_dtl_rpt.aspx?page=&short_name=UP&state_name=UTTAR%20PRADESH&state_code=31&district_name=BASTI&district_code=3153&block_name=KUDARAHA&block_code=3153013&panchayat_name=RAGHAUPUR&panchayat_code=3153013075&fin_year=2025-2026&source=&work_code=3153013075/RC/958486255823592073&msr_no=8122&AttendanceDate=27/03/2026&Digest=bXTJ4uDGw++Y0FRie/Nxuw",2
"BASTI","KUDARAHA","UJIYANATPUR","3153013077/RC/958486255823654404","8274","https://mnregaweb4.nic.in/nregaarch/View_NMMS_atten_date_dtl_rpt.aspx?page=&short_name=UP&state_name=UTTAR%20PRADESH&state_code=31&district_name=BASTI&district_code=3153&block_name=KUDARAHA&block_code=3153013&panchayat_name=UJIYANATPUR&panchayat_code=3153013077&fin_year=2025-2026&source=&work_code=3153013077/RC/958486255823654404&msr_no=8274&AttendanceDate=27/03/2026&Digest=QAysVq9BGjBCH/JjEfwiEA",10
"BASTI","PARAS RAMPUR","AMAULI","3153001003/RC/958486255823642575","9497","https://mnregaweb4.nic.in/nregaarch/View_NMMS_atten_date_dtl_rpt.aspx?page=&short_name=UP&state_name=UTTAR%20PRADESH&state_code=31&district_name=BASTI&district_code=3153&block_name=PARAS%20RAMPUR&block_code=3153001&panchayat_name=AMAULI&panchayat_code=3153001003&fin_year=2025-2026&source=&work_code=3153001003/RC/958486255823642575&msr_no=9497&AttendanceDate=27/03/2026&Digest=xVx4g2h3W7XcI33RL/cGsQ",8
"BASTI","PARAS RAMPUR","BHAISAHAWA","3153001011/RC/958486255823728162","9378","https://mnregaweb4.nic.in/nregaarch/View_NMMS_atten_date_dtl_rpt.aspx?page=&short_name=UP&state_name=UTTAR%20PRADESH&state_code=31&district_name=BASTI&district_code=3153&block_name=PARAS%20RAMPUR&block_code=3153001&panchayat_name=BHAISAHAWA&panchayat_code=3153001011&fin_year=2025-2026&source=&work_code=3153001011/RC/958486255823728162&msr_no=9378&AttendanceDate=27/03/2026&Digest=1JktpWnr9cwWl0pXh6updA",7
"BASTI","PARAS RAMPUR","GAURA PANDAY","3153001027/WC/958486255824209503","9402","https://mnregaweb4.nic.in/nregaarch/View_NMMS_atten_date_dtl_rpt.aspx?page=&short_name=UP&state_name=UTTAR%20PRADESH&state_code=31&district_name=BASTI&district_code=3153&block_name=PARAS%20RAMPUR&block_code=3153001&panchayat_name=GAURA%20PANDAY&panchayat_code=3153001027&fin_year=2025-2026&source=&work_code=3153001027/WC/958486255824209503&msr_no=9402&AttendanceDate=27/03/2026&Digest=KTfjeb/wMTvKOn5j3T17nQ",7
"BASTI","PARAS RAMPUR","KARIGHNA","3153001038/LD/958486255824982417","9674","https://mnregaweb4.nic.in/nregaarch/View_NMMS_atten_date_dtl_rpt.aspx?page=&short_name=UP&state_name=UTTAR%20PRADESH&state_code=31&district_name=BASTI&district_code=3153&block_name=PARAS%20RAMPUR&block_code=3153001&panchayat_name=KARIGHNA&panchayat_code=3153001038&fin_year=2025-2026&source=&work_code=3153001038/LD/958486255824982417&msr_no=9674&AttendanceDate=27/03/2026&Digest=yY5+QilaEGl79sfFTyKSqw",6
"BASTI","PARAS RAMPUR","KHAMARIYA","3153001041/WC/958486255824229095","9440","https://mnregaweb4.nic.in/nregaarch/View_NMMS_atten_date_dtl_rpt.aspx?page=&short_name=UP&state_name=UTTAR%20PRADESH&state_code=31&district_name=BASTI&district_code=3153&block_name=PARAS%20RAMPUR&block_code=3153001&panchayat_name=KHAMARIYA&panchayat_code=3153001041&fin_year=2025-2026&source=&work_code=3153001041/WC/958486255824229095&msr_no=9440&AttendanceDate=27/03/2026&Digest=IpM+DxLnSZGQp9zqsBmf0w",7
"BASTI","PARAS RAMPUR","KHAMARIYA","3153001041/WC/958486255824229095","9443","https://mnregaweb4.nic.in/nregaarch/View_NMMS_atten_date_dtl_rpt.aspx?page=&short_name=UP&state_name=UTTAR%20PRADESH&state_code=31&district_name=BASTI&district_code=3153&block_name=PARAS%20RAMPUR&block_code=3153001&panchayat_name=KHAMARIYA&panchayat_code=3153001041&fin_year=2025-2026&source=&work_code=3153001041/WC/958486255824229095&msr_no=9443&AttendanceDate=27/03/2026&Digest=UNmZYLwCK1AC/rXAPwoZew",1
"BASTI","PARAS RAMPUR","KHAMARIYA","3153001041/WC/958486255824252764","9707","https://mnregaweb4.nic.in/nregaarch/View_NMMS_atten_date_dtl_rpt.aspx?page=&short_name=UP&state_name=UTTAR%20PRADESH&state_code=31&district_name=BASTI&district_code=3153&block_name=PARAS%20RAMPUR&block_code=3153001&panchayat_name=KHAMARIYA&panchayat_code=3153001041&fin_year=2025-2026&source=&work_code=3153001041/WC/958486255824252764&msr_no=9707&AttendanceDate=27/03/2026&Digest=h4sk+XfLFjR5UO96zHuRxA",2
"BASTI","PARAS RAMPUR","NARAYANPUR","3153001057/RC/958486255823694595","9678","https://mnregaweb4.nic.in/nregaarch/View_NMMS_atten_date_dtl_rpt.aspx?page=&short_name=UP&state_name=UTTAR%20PRADESH&state_code=31&district_name=BASTI&district_code=3153&block_name=PARAS%20RAMPUR&block_code=3153001&panchayat_name=NARAYANPUR&panchayat_code=3153001057&fin_year=2025-2026&source=&work_code=3153001057/RC/958486255823694595&msr_no=9678&AttendanceDate=27/03/2026&Digest=hSB9UzSEJhMtJLTcbO6q3g",10
"BASTI","PARAS RAMPUR","PADARI BABU","3153001062/RC/958486255823743924","9396","https://mnregaweb4.nic.in/nregaarch/View_NMMS_atten_date_dtl_rpt.aspx?page=&short_name=UP&state_name=UTTAR%20PRADESH&state_code=31&district_name=BASTI&district_code=3153&block_name=PARAS%20RAMPUR&block_code=3153001&panchayat_name=PADARI%20BABU&panchayat_code=3153001062&fin_year=2025-2026&source=&work_code=3153001062/RC/958486255823743924&msr_no=9396&AttendanceDate=27/03/2026&Digest=GQsZ+ZXXbXwS/DaPkC0oFA",7
"BASTI","PARAS RAMPUR","DHOBAHI","3153001063/WC/958486255824234655","9655","https://mnregaweb4.nic.in/nregaarch/View_NMMS_atten_date_dtl_rpt.aspx?page=&short_name=UP&state_name=UTTAR%20PRADESH&state_code=31&district_name=BASTI&district_code=3153&block_name=PARAS%20RAMPUR&block_code=3153001&panchayat_name=DHOBAHI&panchayat_code=3153001063&fin_year=2025-2026&source=&work_code=3153001063/WC/958486255824234655&msr_no=9655&AttendanceDate=27/03/2026&Digest=mA1eBQOYj3WWG8cZ9nEjkg",10
"BASTI","PARAS RAMPUR","RAGHUPUR","3153001067/IC/958486255823741774","9686","https://mnregaweb4.nic.in/nregaarch/View_NMMS_atten_date_dtl_rpt.aspx?page=&short_name=UP&state_name=UTTAR%20PRADESH&state_code=31&district_name=BASTI&district_code=3153&block_name=PARAS%20RAMPUR&block_code=3153001&panchayat_name=RAGHUPUR&panchayat_code=3153001067&fin_year=2025-2026&source=&work_code=3153001067/IC/958486255823741774&msr_no=9686&AttendanceDate=27/03/2026&Digest=VaRh9kNBrhe5EZSSaB9TUQ",8
"BASTI","PARAS RAMPUR","RAGHUPUR","3153001067/WC/958486255824249956","9412","https://mnregaweb4.nic.in/nregaarch/View_NMMS_atten_date_dtl_rpt.aspx?page=&short_name=UP&state_name=UTTAR%20PRADESH&state_code=31&district_name=BASTI&district_code=3153&block_name=PARAS%20RAMPUR&block_code=3153001&panchayat_name=RAGHUPUR&panchayat_code=3153001067&fin_year=2025-2026&source=&work_code=3153001067/WC/958486255824249956&msr_no=9412&AttendanceDate=27/03/2026&Digest=IbHdPeHK8w/WSLL69qFHQg",7
"BASTI","PARAS RAMPUR","RAGHVAPUR","3153001068/AV/958486255824184571","9416","https://mnregaweb4.nic.in/nregaarch/View_NMMS_atten_date_dtl_rpt.aspx?page=&short_name=UP&state_name=UTTAR%20PRADESH&state_code=31&district_name=BASTI&district_code=3153&block_name=PARAS%20RAMPUR&block_code=3153001&panchayat_name=RAGHVAPUR&panchayat_code=3153001068&fin_year=2025-2026&source=&work_code=3153001068/AV/958486255824184571&msr_no=9416&AttendanceDate=27/03/2026&Digest=bA4XunzTbetcLtOoonD7nQ",1
"BASTI","PARAS RAMPUR","UJJAINI","3153001081/LD/958486255824971580","9346","https://mnregaweb4.nic.in/nregaarch/View_NMMS_atten_date_dtl_rpt.aspx?page=&short_name=UP&state_name=UTTAR%20PRADESH&state_code=31&district_name=BASTI&district_code=3153&block_name=PARAS%20RAMPUR&block_code=3153001&panchayat_name=UJJAINI&panchayat_code=3153001081&fin_year=2025-2026&source=&work_code=3153001081/LD/958486255824971580&msr_no=9346&AttendanceDate=27/03/2026&Digest=weY8mq5rMockRPQ+1XUEhA",10
"BASTI","PARAS RAMPUR","UJJAINI","3153001081/LD/958486255824971580","9349","https://mnregaweb4.nic.in/nregaarch/View_NMMS_atten_date_dtl_rpt.aspx?page=&short_name=UP&state_name=UTTAR%20PRADESH&state_code=31&district_name=BASTI&district_code=3153&block_name=PARAS%20RAMPUR&block_code=3153001&panchayat_name=UJJAINI&panchayat_code=3153001081&fin_year=2025-2026&source=&work_code=3153001081/LD/958486255824971580&msr_no=9349&AttendanceDate=27/03/2026&Digest=SUXZM7Xh5AuwAsBSwS9s1Q",9
"BASTI","PARAS RAMPUR","DHOSHAR MISHRA","3153001085/RC/958486255823726378","9450","https://mnregaweb4.nic.in/nregaarch/View_NMMS_atten_date_dtl_rpt.aspx?page=&short_name=UP&state_name=UTTAR%20PRADESH&state_code=31&district_name=BASTI&district_code=3153&block_name=PARAS%20RAMPUR&block_code=3153001&panchayat_name=DHOSHAR%20MISHRA&panchayat_code=3153001085&fin_year=2025-2026&source=&work_code=3153001085/RC/958486255823726378&msr_no=9450&AttendanceDate=27/03/2026&Digest=owDM5Tiz3OijSSu29PUrew",10
"BASTI","PARAS RAMPUR","DHOSHAR MISHRA","3153001085/RC/958486255823726380","9660","https://mnregaweb4.nic.in/nregaarch/View_NMMS_atten_date_dtl_rpt.aspx?page=&short_name=UP&state_name=UTTAR%20PRADESH&state_code=31&district_name=BASTI&district_code=3153&block_name=PARAS%20RAMPUR&block_code=3153001&panchayat_name=DHOSHAR%20MISHRA&panchayat_code=3153001085&fin_year=2025-2026&source=&work_code=3153001085/RC/958486255823726380&msr_no=9660&AttendanceDate=27/03/2026&Digest=VSZLnSi2CcIwbGHtLyZp/A",10
"BASTI","PARAS RAMPUR","DHOSHAR MISHRA","3153001085/RC/958486255823726405","9665","https://mnregaweb4.nic.in/nregaarch/View_NMMS_atten_date_dtl_rpt.aspx?page=&short_name=UP&state_name=UTTAR%20PRADESH&state_code=31&district_name=BASTI&district_code=3153&block_name=PARAS%20RAMPUR&block_code=3153001&panchayat_name=DHOSHAR%20MISHRA&panchayat_code=3153001085&fin_year=2025-2026&source=&work_code=3153001085/RC/958486255823726405&msr_no=9665&AttendanceDate=27/03/2026&Digest=5rrc0vCwQPAycxRarOwxBQ",10
"BASTI","PARAS RAMPUR","DHOSHAR MISHRA","3153001085/WC/958486255824211496","9446","https://mnregaweb4.nic.in/nregaarch/View_NMMS_atten_date_dtl_rpt.aspx?page=&short_name=UP&state_name=UTTAR%20PRADESH&state_code=31&district_name=BASTI&district_code=3153&block_name=PARAS%20RAMPUR&block_code=3153001&panchayat_name=DHOSHAR%20MISHRA&panchayat_code=3153001085&fin_year=2025-2026&source=&work_code=3153001085/WC/958486255824211496&msr_no=9446&AttendanceDate=27/03/2026&Digest=Tlv1FajQ1c3Ebj77O/149A",10
"BASTI","PARAS RAMPUR","PITUDA","3153001093/LD/958486255824888940","9682","https://mnregaweb4.nic.in/nregaarch/View_NMMS_atten_date_dtl_rpt.aspx?page=&short_name=UP&state_name=UTTAR%20PRADESH&state_code=31&district_name=BASTI&district_code=3153&block_name=PARAS%20RAMPUR&block_code=3153001&panchayat_name=PITUDA&panchayat_code=3153001093&fin_year=2025-2026&source=&work_code=3153001093/LD/958486255824888940&msr_no=9682&AttendanceDate=27/03/2026&Digest=aqDRE3w6KKursW6n5esn0g",7
"BASTI","PARAS RAMPUR","SEHARIYA MADHUKARPUR","3153001097/LD/958486255824741358","9610","https://mnregaweb4.nic.in/nregaarch/View_NMMS_atten_date_dtl_rpt.aspx?page=&short_name=UP&state_name=UTTAR%20PRADESH&state_code=31&district_name=BASTI&district_code=3153&block_name=PARAS%20RAMPUR&block_code=3153001&panchayat_name=SEHARIYA%20MADHUKARPUR&panchayat_code=3153001097&fin_year=2025-2026&source=&work_code=3153001097/LD/958486255824741358&msr_no=9610&AttendanceDate=27/03/2026&Digest=4hl533sksHkSqKsEa8OTTg",7
"BASTI","PARAS RAMPUR","TALHVAPUR","3153001101/RC/958486255823741271","9549","https://mnregaweb4.nic.in/nregaarch/View_NMMS_atten_date_dtl_rpt.aspx?page=&short_name=UP&state_name=UTTAR%20PRADESH&state_code=31&district_name=BASTI&district_code=3153&block_name=PARAS%20RAMPUR&block_code=3153001&panchayat_name=TALHVAPUR&panchayat_code=3153001101&fin_year=2025-2026&source=&work_code=3153001101/RC/958486255823741271&msr_no=9549&AttendanceDate=27/03/2026&Digest=/HSqpoANZMfWiSrEsg2u5w",5
"BASTI","PARAS RAMPUR","NAGAR BAHERA","3153001103/WH/958486255823989494","9573","https://mnregaweb4.nic.in/nregaarch/View_NMMS_atten_date_dtl_rpt.aspx?page=&short_name=UP&state_name=UTTAR%20PRADESH&state_code=31&district_name=BASTI&district_code=3153&block_name=PARAS%20RAMPUR&block_code=3153001&panchayat_name=NAGAR%20BAHERA&panchayat_code=3153001103&fin_year=2025-2026&source=&work_code=3153001103/WH/958486255823989494&msr_no=9573&AttendanceDate=27/03/2026&Digest=t2LoL+S58yfS0EpXdH29BQ",10
"BASTI","PARAS RAMPUR","NAGAR BAHERA","3153001103/WH/958486255823989494","9576","https://mnregaweb4.nic.in/nregaarch/View_NMMS_atten_date_dtl_rpt.aspx?page=&short_name=UP&state_name=UTTAR%20PRADESH&state_code=31&district_name=BASTI&district_code=3153&block_name=PARAS%20RAMPUR&block_code=3153001&panchayat_name=NAGAR%20BAHERA&panchayat_code=3153001103&fin_year=2025-2026&source=&work_code=3153001103/WH/958486255823989494&msr_no=9576&AttendanceDate=27/03/2026&Digest=LDuNUNfhX8fo06gCleVwhQ",8
"BASTI","RAMNAGAR","BANKECHOR","3153006010/WC/958486255824167506","6030","https://mnregaweb4.nic.in/nregaarch/View_NMMS_atten_date_dtl_rpt.aspx?page=&short_name=UP&state_name=UTTAR%20PRADESH&state_code=31&district_name=BASTI&district_code=3153&block_name=RAMNAGAR&block_code=3153006&panchayat_name=BANKECHOR&panchayat_code=3153006006&fin_year=2025-2026&source=&work_code=3153006010/WC/958486255824167506&msr_no=6030&AttendanceDate=27/03/2026&Digest=xRY+1/L+SOug4xNC/JowMg",7
"BASTI","RAMNAGAR","MAILANI SAHEB WAJID","3153006041/RC/958486255823564745","6208","https://mnregaweb4.nic.in/nregaarch/View_NMMS_atten_date_dtl_rpt.aspx?page=&short_name=UP&state_name=UTTAR%20PRADESH&state_code=31&district_name=BASTI&district_code=3153&block_name=RAMNAGAR&block_code=3153006&panchayat_name=MAILANI%20SAHEB%20WAJID&panchayat_code=3153006041&fin_year=2025-2026&source=&work_code=3153006041/RC/958486255823564745&msr_no=6208&AttendanceDate=27/03/2026&Digest=B2gTBzFKPePr/Tvs7nUnyg",5
"BASTI","RAMNAGAR","PARSA KHURD BUJURG URF DARIAPUR JANGAL","3153006050/RC/958486255823751709","6177","https://mnregaweb4.nic.in/nregaarch/View_NMMS_atten_date_dtl_rpt.aspx?page=&short_name=UP&state_name=UTTAR%20PRADESH&state_code=31&district_name=BASTI&district_code=3153&block_name=RAMNAGAR&block_code=3153006&panchayat_name=PARSA%20KHURD%20BUJURG%20URF%20DARIAPUR%20JANGAL&panchayat_code=3153006050&fin_year=2025-2026&source=&work_code=3153006050/RC/958486255823751709&msr_no=6177&AttendanceDate=27/03/2026&Digest=kiA+SFG0jY4lg+pizGw3mg",9
"BASTI","RAMNAGAR","PATKHAULI","3153006054/RC/958486255823732784","6026","https://mnregaweb4.nic.in/nregaarch/View_NMMS_atten_date_dtl_rpt.aspx?page=&short_name=UP&state_name=UTTAR%20PRADESH&state_code=31&district_name=BASTI&district_code=3153&block_name=RAMNAGAR&block_code=3153006&panchayat_name=PATKHAULI&panchayat_code=3153006054&fin_year=2025-2026&source=&work_code=3153006054/RC/958486255823732784&msr_no=6026&AttendanceDate=27/03/2026&Digest=vqVTJDztNqOEoI/tfCMgtg",6
"BASTI","RUDAULI","BAHADURPUR","3153008007/RC/958486255823749825","6247","https://mnregaweb4.nic.in/nregaarch/View_NMMS_atten_date_dtl_rpt.aspx?page=&short_name=UP&state_name=UTTAR%20PRADESH&state_code=31&district_name=BASTI&district_code=3153&block_name=RUDAULI&block_code=3153008&panchayat_name=BAHADURPUR&panchayat_code=3153008007&fin_year=2025-2026&source=&work_code=3153008007/RC/958486255823749825&msr_no=6247&AttendanceDate=27/03/2026&Digest=i+uEyncDGI01sM+0S1ylLg",9
"BASTI","RUDAULI","JIGINA","3153008075/RC/958486255823686634","6095","https://mnregaweb4.nic.in/nregaarch/View_NMMS_atten_date_dtl_rpt.aspx?page=&short_name=UP&state_name=UTTAR%20PRADESH&state_code=31&district_name=BASTI&district_code=3153&block_name=RUDAULI&block_code=3153008&panchayat_name=JIGINA&panchayat_code=3153008075&fin_year=2025-2026&source=&work_code=3153008075/RC/958486255823686634&msr_no=6095&AttendanceDate=27/03/2026&Digest=HW4rfv0V4LA4bB0MQhZ0EQ",7
"BASTI","SALTAUA GOPAL PUR","TENUWA","3153007020/RC/958486255823745443","5485","https://mnregaweb4.nic.in/nregaarch/View_NMMS_atten_date_dtl_rpt.aspx?page=&short_name=UP&state_name=UTTAR%20PRADESH&state_code=31&district_name=BASTI&district_code=3153&block_name=SALTAUA%20GOPAL%20PUR&block_code=3153007&panchayat_name=TENUWA&panchayat_code=3153007020&fin_year=2025-2026&source=&work_code=3153007020/RC/958486255823745443&msr_no=5485&AttendanceDate=27/03/2026&Digest=9Vu65km/Xayxs/0MI4Dseg",8
"BASTI","SALTAUA GOPAL PUR","TELIYADEEH","3153007021/IC/958486255823742442","5477","https://mnregaweb4.nic.in/nregaarch/View_NMMS_atten_date_dtl_rpt.aspx?page=&short_name=UP&state_name=UTTAR%20PRADESH&state_code=31&district_name=BASTI&district_code=3153&block_name=SALTAUA%20GOPAL%20PUR&block_code=3153007&panchayat_name=TELIYADEEH&panchayat_code=3153007021&fin_year=2025-2026&source=&work_code=3153007021/IC/958486255823742442&msr_no=5477&AttendanceDate=27/03/2026&Digest=pO46FmQ0fKWe7J3ZXN2lvg",9
"BASTI","SALTAUA GOPAL PUR","TELIYADEEH","3153007021/IC/958486255823742442","5480","https://mnregaweb4.nic.in/nregaarch/View_NMMS_atten_date_dtl_rpt.aspx?page=&short_name=UP&state_name=UTTAR%20PRADESH&state_code=31&district_name=BASTI&district_code=3153&block_name=SALTAUA%20GOPAL%20PUR&block_code=3153007&panchayat_name=TELIYADEEH&panchayat_code=3153007021&fin_year=2025-2026&source=&work_code=3153007021/IC/958486255823742442&msr_no=5480&AttendanceDate=27/03/2026&Digest=nTPzg7/xib0tg5pE7MbRdQ",10
"BASTI","SALTAUA GOPAL PUR","JOTA","3153007035/WH/958486255824013074","5425","https://mnregaweb4.nic.in/nregaarch/View_NMMS_atten_date_dtl_rpt.aspx?page=&short_name=UP&state_name=UTTAR%20PRADESH&state_code=31&district_name=BASTI&district_code=3153&block_name=SALTAUA%20GOPAL%20PUR&block_code=3153007&panchayat_name=JOTA&panchayat_code=3153007035&fin_year=2025-2026&source=&work_code=3153007035/WH/958486255824013074&msr_no=5425&AttendanceDate=27/03/2026&Digest=ki1GIasV6PGjf1N899rL2w",9
"BASTI","SALTAUA GOPAL PUR","KOILSA","3153007039/WH/958486255824012400","5451","https://mnregaweb4.nic.in/nregaarch/View_NMMS_atten_date_dtl_rpt.aspx?page=&short_name=UP&state_name=UTTAR%20PRADESH&state_code=31&district_name=BASTI&district_code=3153&block_name=SALTAUA%20GOPAL%20PUR&block_code=3153007&panchayat_name=KOILSA&panchayat_code=3153007039&fin_year=2025-2026&source=&work_code=3153007039/WH/958486255824012400&msr_no=5451&AttendanceDate=27/03/2026&Digest=NZr4Xokbuu2mzWbWj6GjxA",10
"BASTI","SALTAUA GOPAL PUR","KOILSA","3153007039/WH/958486255824012400","5454","https://mnregaweb4.nic.in/nregaarch/View_NMMS_atten_date_dtl_rpt.aspx?page=&short_name=UP&state_name=UTTAR%20PRADESH&state_code=31&district_name=BASTI&district_code=3153&block_name=SALTAUA%20GOPAL%20PUR&block_code=3153007&panchayat_name=KOILSA&panchayat_code=3153007039&fin_year=2025-2026&source=&work_code=3153007039/WH/958486255824012400&msr_no=5454&AttendanceDate=27/03/2026&Digest=B9RvsqAHywdYfqfYTUa3kA",7
"BASTI","SALTAUA GOPAL PUR","PARSA KHAL","3153007057/WH/958486255824013365","5413","https://mnregaweb4.nic.in/nregaarch/View_NMMS_atten_date_dtl_rpt.aspx?page=&short_name=UP&state_name=UTTAR%20PRADESH&state_code=31&district_name=BASTI&district_code=3153&block_name=SALTAUA%20GOPAL%20PUR&block_code=3153007&panchayat_name=PARSA%20KHAL&panchayat_code=3153007057&fin_year=2025-2026&source=&work_code=3153007057/WH/958486255824013365&msr_no=5413&AttendanceDate=27/03/2026&Digest=62byiDLCiNxfzK223fWPqA",5
"BASTI","SALTAUA GOPAL PUR","PARSA KHAL","3153007057/WH/958486255824013365","5416","https://mnregaweb4.nic.in/nregaarch/View_NMMS_atten_date_dtl_rpt.aspx?page=&short_name=UP&state_name=UTTAR%20PRADESH&state_code=31&district_name=BASTI&district_code=3153&block_name=SALTAUA%20GOPAL%20PUR&block_code=3153007&panchayat_name=PARSA%20KHAL&panchayat_code=3153007057&fin_year=2025-2026&source=&work_code=3153007057/WH/958486255824013365&msr_no=5416&AttendanceDate=27/03/2026&Digest=hltmHA65VS7/m3SLN7fqUg",2
"BASTI","SALTAUA GOPAL PUR","REGI","3153007066/RC/958486255823744631","5517","https://mnregaweb4.nic.in/nregaarch/View_NMMS_atten_date_dtl_rpt.aspx?page=&short_name=UP&state_name=UTTAR%20PRADESH&state_code=31&district_name=BASTI&district_code=3153&block_name=SALTAUA%20GOPAL%20PUR&block_code=3153007&panchayat_name=REGI&panchayat_code=3153007066&fin_year=2025-2026&source=&work_code=3153007066/RC/958486255823744631&msr_no=5517&AttendanceDate=27/03/2026&Digest=rCAVqo7RpfTw6Wn0lv6Lsg",10
"BASTI","SALTAUA GOPAL PUR","KEVTAKHOR","3153007087/RC/958486255823682901","5430","https://mnregaweb4.nic.in/nregaarch/View_NMMS_atten_date_dtl_rpt.aspx?page=&short_name=UP&state_name=UTTAR%20PRADESH&state_code=31&district_name=BASTI&district_code=3153&block_name=SALTAUA%20GOPAL%20PUR&block_code=3153007&panchayat_name=KEVTAKHOR&panchayat_code=3153007087&fin_year=2025-2026&source=&work_code=3153007087/RC/958486255823682901&msr_no=5430&AttendanceDate=27/03/2026&Digest=frWw+KpyeuCUOiYVDFL5AQ",10
"BASTI","SALTAUA GOPAL PUR","MUDBARA","3153007090/LD/958486255825006022","5491","https://mnregaweb4.nic.in/nregaarch/View_NMMS_atten_date_dtl_rpt.aspx?page=&short_name=UP&state_name=UTTAR%20PRADESH&state_code=31&district_name=BASTI&district_code=3153&block_name=SALTAUA%20GOPAL%20PUR&block_code=3153007&panchayat_name=MUDBARA&panchayat_code=3153007090&fin_year=2025-2026&source=&work_code=3153007090/LD/958486255825006022&msr_no=5491&AttendanceDate=27/03/2026&Digest=uWHh+1exQ6VdE5BCaA06Bw",10
"BASTI","SALTAUA GOPAL PUR","BHITEHRA PACHANU","3153007092/AV/958486255824184613","5395","https://mnregaweb4.nic.in/nregaarch/View_NMMS_atten_date_dtl_rpt.aspx?page=&short_name=UP&state_name=UTTAR%20PRADESH&state_code=31&district_name=BASTI&district_code=3153&block_name=SALTAUA%20GOPAL%20PUR&block_code=3153007&panchayat_name=BHITEHRA%20PACHANU&panchayat_code=3153007092&fin_year=2025-2026&source=&work_code=3153007092/AV/958486255824184613&msr_no=5395&AttendanceDate=27/03/2026&Digest=5dVf/J7dT5VUrYN36Xaelg",5
"BASTI","SAU GHAT","ANDA","3153009002/LD/958486255825010416","3351","https://mnregaweb4.nic.in/nregaarch/View_NMMS_atten_date_dtl_rpt.aspx?page=&short_name=UP&state_name=UTTAR%20PRADESH&state_code=31&district_name=BASTI&district_code=3153&block_name=SAU%20GHAT&block_code=3153009&panchayat_name=ANDA&panchayat_code=3153009002&fin_year=2025-2026&source=&work_code=3153009002/LD/958486255825010416&msr_no=3351&AttendanceDate=27/03/2026&Digest=JkSHtSucFacBsoZzQeuG8A",1
"BASTI","SAU GHAT","ANDA","3153009002/LD/958486255825010416","3357","https://mnregaweb4.nic.in/nregaarch/View_NMMS_atten_date_dtl_rpt.aspx?page=&short_name=UP&state_name=UTTAR%20PRADESH&state_code=31&district_name=BASTI&district_code=3153&block_name=SAU%20GHAT&block_code=3153009&panchayat_name=ANDA&panchayat_code=3153009002&fin_year=2025-2026&source=&work_code=3153009002/LD/958486255825010416&msr_no=3357&AttendanceDate=27/03/2026&Digest=G5SaSVfxNznMS2+JSHddVQ",2
"BASTI","SAU GHAT","ANDA","3153009002/RC/958486255823626058","3347","https://mnregaweb4.nic.in/nregaarch/View_NMMS_atten_date_dtl_rpt.aspx?page=&short_name=UP&state_name=UTTAR%20PRADESH&state_code=31&district_name=BASTI&district_code=3153&block_name=SAU%20GHAT&block_code=3153009&panchayat_name=ANDA&panchayat_code=3153009002&fin_year=2025-2026&source=&work_code=3153009002/RC/958486255823626058&msr_no=3347&AttendanceDate=27/03/2026&Digest=NUzkbRnKxmU1yP+44HHRww",6
"BASTI","SAU GHAT","JHARKATIYA","3153009028/RC/958486255823751269","3385","https://mnregaweb4.nic.in/nregaarch/View_NMMS_atten_date_dtl_rpt.aspx?page=&short_name=UP&state_name=UTTAR%20PRADESH&state_code=31&district_name=BASTI&district_code=3153&block_name=SAU%20GHAT&block_code=3153009&panchayat_name=JHARKATIYA&panchayat_code=3153009028&fin_year=2025-2026&source=&work_code=3153009028/RC/958486255823751269&msr_no=3385&AttendanceDate=27/03/2026&Digest=5oPjz5mWMIznpIij7Y7L+g",1
"BASTI","VIKRAM JOT","CHAPILAON","3153004013/RC/958486255823647606","5977","https://mnregaweb4.nic.in/nregaarch/View_NMMS_atten_date_dtl_rpt.aspx?page=&short_name=UP&state_name=UTTAR%20PRADESH&state_code=31&district_name=BASTI&district_code=3153&block_name=VIKRAM%20JOT&block_code=3153004&panchayat_name=CHAPILAON&panchayat_code=3153004013&fin_year=2025-2026&source=&work_code=3153004013/RC/958486255823647606&msr_no=5977&AttendanceDate=27/03/2026&Digest=Z6hs5R7I2WUwzcRv3jZHgQ",9
"BASTI","VIKRAM JOT","KHATAMSARAY","3153004034/LD/958486255825003166","5817","https://mnregaweb4.nic.in/nregaarch/View_NMMS_atten_date_dtl_rpt.aspx?page=&short_name=UP&state_name=UTTAR%20PRADESH&state_code=31&district_name=BASTI&district_code=3153&block_name=VIKRAM%20JOT&block_code=3153004&panchayat_name=KHATAMSARAY&panchayat_code=3153004034&fin_year=2025-2026&source=&work_code=3153004034/LD/958486255825003166&msr_no=5817&AttendanceDate=27/03/2026&Digest=gguhQr+TJZd5uBFbzIwrTw",2
"BASTI","VIKRAM JOT","KHATAMSARAY","3153004034/RC/958486255823737757","5920","https://mnregaweb4.nic.in/nregaarch/View_NMMS_atten_date_dtl_rpt.aspx?page=&short_name=UP&state_name=UTTAR%20PRADESH&state_code=31&district_name=BASTI&district_code=3153&block_name=VIKRAM%20JOT&block_code=3153004&panchayat_name=KHATAMSARAY&panchayat_code=3153004034&fin_year=2025-2026&source=&work_code=3153004034/RC/958486255823737757&msr_no=5920&AttendanceDate=27/03/2026&Digest=LVZ43IHQc+04HrEy+ezKCg",5
"BASTI","VIKRAM JOT","KHATAMSARAY","3153004034/RC/958486255823743157","5919","https://mnregaweb4.nic.in/nregaarch/View_NMMS_atten_date_dtl_rpt.aspx?page=&short_name=UP&state_name=UTTAR%20PRADESH&state_code=31&district_name=BASTI&district_code=3153&block_name=VIKRAM%20JOT&block_code=3153004&panchayat_name=KHATAMSARAY&panchayat_code=3153004034&fin_year=2025-2026&source=&work_code=3153004034/RC/958486255823743157&msr_no=5919&AttendanceDate=27/03/2026&Digest=usFHuD9VqL64ti+xeAhykg",5
"BASTI","VIKRAM JOT","KHATAMSARAY","3153004034/RC/958486255823743309","5918","https://mnregaweb4.nic.in/nregaarch/View_NMMS_atten_date_dtl_rpt.aspx?page=&short_name=UP&state_name=UTTAR%20PRADESH&state_code=31&district_name=BASTI&district_code=3153&block_name=VIKRAM%20JOT&block_code=3153004&panchayat_name=KHATAMSARAY&panchayat_code=3153004034&fin_year=2025-2026&source=&work_code=3153004034/RC/958486255823743309&msr_no=5918&AttendanceDate=27/03/2026&Digest=56SDNxbnk7SV5nTVu2ZPKQ",5
"BASTI","VIKRAM JOT","MALHNI","3153004042/WH/958486255823260020","5867","https://mnregaweb4.nic.in/nregaarch/View_NMMS_atten_date_dtl_rpt.aspx?page=&short_name=UP&state_name=UTTAR%20PRADESH&state_code=31&district_name=BASTI&district_code=3153&block_name=VIKRAM%20JOT&block_code=3153004&panchayat_name=MALHNI&panchayat_code=3153004042&fin_year=2025-2026&source=&work_code=3153004042/WH/958486255823260020&msr_no=5867&AttendanceDate=27/03/2026&Digest=HAyPCVtOrMgUQtZlPTloSA",9
"BASTI","VIKRAM JOT","NIYAMATPUR","3153004049/LD/958486255824929913","5986","https://mnregaweb4.nic.in/nregaarch/View_NMMS_atten_date_dtl_rpt.aspx?page=&short_name=UP&state_name=UTTAR%20PRADESH&state_code=31&district_name=BASTI&district_code=3153&block_name=VIKRAM%20JOT&block_code=3153004&panchayat_name=NIYAMATPUR&panchayat_code=3153004049&fin_year=2025-2026&source=&work_code=3153004049/LD/958486255824929913&msr_no=5986&AttendanceDate=27/03/2026&Digest=9T80UIY5Qk4/rp5IgyeUAQ",7
"BASTI","VIKRAM JOT","NIYAMATPUR","3153004049/LD/958486255824929913","5989","https://mnregaweb4.nic.in/nregaarch/View_NMMS_atten_date_dtl_rpt.aspx?page=&short_name=UP&state_name=UTTAR%20PRADESH&state_code=31&district_name=BASTI&district_code=3153&block_name=VIKRAM%20JOT&block_code=3153004&panchayat_name=NIYAMATPUR&panchayat_code=3153004049&fin_year=2025-2026&source=&work_code=3153004049/LD/958486255824929913&msr_no=5989&AttendanceDate=27/03/2026&Digest=LOwFXdfDTIrNR2kAGSs1fw",5
"BASTI","VIKRAM JOT","PURE CHETAN","3153004053/RC/958486255823731818","5898","https://mnregaweb4.nic.in/nregaarch/View_NMMS_atten_date_dtl_rpt.aspx?page=&short_name=UP&state_name=UTTAR%20PRADESH&state_code=31&district_name=BASTI&district_code=3153&block_name=VIKRAM%20JOT&block_code=3153004&panchayat_name=PURE%20CHETAN&panchayat_code=3153004053&fin_year=2025-2026&source=&work_code=3153004053/RC/958486255823731818&msr_no=5898&AttendanceDate=27/03/2026&Digest=mWNwikssWk1siBHqj8OIgA",5
