"District","Block","Panchayat","Work_Code","Mustroll_No","Mustroll_Link","Persondays"
"BASTI","BAHADURPUR","BAHADURPUR","3153012007/WH/958486255823987468","9643","https://mnregaweb4.nic.in/nregaarch/View_NMMS_atten_date_dtl_rpt.aspx?page=&short_name=UP&state_name=UTTAR%20PRADESH&state_code=31&district_name=BASTI&district_code=3153&block_name=BAHADURPUR&block_code=3153012&panchayat_name=BAHADURPUR&panchayat_code=3153012007&fin_year=2025-2026&source=&work_code=3153012007/WH/958486255823987468&msr_no=9643&AttendanceDate=21/03/2026&Digest=Cvs4FFxHcLj+UVKMwk3XRQ",8
"BASTI","BAHADURPUR","DEV DEEHA","3153012019/RC/958486255823667987","9814","https://mnregaweb4.nic.in/nregaarch/View_NMMS_atten_date_dtl_rpt.aspx?page=&short_name=UP&state_name=UTTAR%20PRADESH&state_code=31&district_name=BASTI&district_code=3153&block_name=BAHADURPUR&block_code=3153012&panchayat_name=DEV%20DEEHA&panchayat_code=3153012019&fin_year=2025-2026&source=&work_code=3153012019/RC/958486255823667987&msr_no=9814&AttendanceDate=21/03/2026&Digest=mqLapCNUtzvJ3n5IeAMyuQ",10
"BASTI","BAHADURPUR","DEV DEEHA","3153012019/RC/958486255823667988","9803","https://mnregaweb4.nic.in/nregaarch/View_NMMS_atten_date_dtl_rpt.aspx?page=&short_name=UP&state_name=UTTAR%20PRADESH&state_code=31&district_name=BASTI&district_code=3153&block_name=BAHADURPUR&block_code=3153012&panchayat_name=DEV%20DEEHA&panchayat_code=3153012019&fin_year=2025-2026&source=&work_code=3153012019/RC/958486255823667988&msr_no=9803&AttendanceDate=21/03/2026&Digest=/XNHhZMF54KS4RdaHmL17A",10
"BASTI","BAHADURPUR","JALALPUR","3153012026/RC/958486255823695170","9705","https://mnregaweb4.nic.in/nregaarch/View_NMMS_atten_date_dtl_rpt.aspx?page=&short_name=UP&state_name=UTTAR%20PRADESH&state_code=31&district_name=BASTI&district_code=3153&block_name=BAHADURPUR&block_code=3153012&panchayat_name=JALALPUR&panchayat_code=3153012026&fin_year=2025-2026&source=&work_code=3153012026/RC/958486255823695170&msr_no=9705&AttendanceDate=21/03/2026&Digest=NPRucNQhS+96eeAULZgn6A",10
"BASTI","BAHADURPUR","KODAR","3153012039/RC/958486255823589406","9603","https://mnregaweb4.nic.in/nregaarch/View_NMMS_atten_date_dtl_rpt.aspx?page=&short_name=UP&state_name=UTTAR%20PRADESH&state_code=31&district_name=BASTI&district_code=3153&block_name=BAHADURPUR&block_code=3153012&panchayat_name=KODAR&panchayat_code=3153012039&fin_year=2025-2026&source=&work_code=3153012039/RC/958486255823589406&msr_no=9603&AttendanceDate=21/03/2026&Digest=+6L7i2sUJBL1xSAadEojJA",8
"BASTI","BAHADURPUR","NIRANJAN PUR","3153012055/RC/958486255823743353","9637","https://mnregaweb4.nic.in/nregaarch/View_NMMS_atten_date_dtl_rpt.aspx?page=&short_name=UP&state_name=UTTAR%20PRADESH&state_code=31&district_name=BASTI&district_code=3153&block_name=BAHADURPUR&block_code=3153012&panchayat_name=NIRANJAN%20PUR&panchayat_code=3153012055&fin_year=2025-2026&source=&work_code=3153012055/RC/958486255823743353&msr_no=9637&AttendanceDate=21/03/2026&Digest=rcOMJp4BT2rmfhyvF4PI0Q",6
"BASTI","BAHADURPUR","NIRANJAN PUR","3153012055/RC/958486255823743354","9570","https://mnregaweb4.nic.in/nregaarch/View_NMMS_atten_date_dtl_rpt.aspx?page=&short_name=UP&state_name=UTTAR%20PRADESH&state_code=31&district_name=BASTI&district_code=3153&block_name=BAHADURPUR&block_code=3153012&panchayat_name=NIRANJAN%20PUR&panchayat_code=3153012055&fin_year=2025-2026&source=&work_code=3153012055/RC/958486255823743354&msr_no=9570&AttendanceDate=21/03/2026&Digest=DQ3i3DjiERJ7HQ0kfWAKGQ",9
"BASTI","BAHADURPUR","NRAYANPUR","3153012056/RC/958486255823733814","9868","https://mnregaweb4.nic.in/nregaarch/View_NMMS_atten_date_dtl_rpt.aspx?page=&short_name=UP&state_name=UTTAR%20PRADESH&state_code=31&district_name=BASTI&district_code=3153&block_name=BAHADURPUR&block_code=3153012&panchayat_name=NRAYANPUR&panchayat_code=3153012056&fin_year=2025-2026&source=&work_code=3153012056/RC/958486255823733814&msr_no=9868&AttendanceDate=21/03/2026&Digest=jAvI5Yvv+56OHcKoJp/3ig",10
"BASTI","BAHADURPUR","PHOOLPUR","3153012061/LD/958486255825008303","9860","https://mnregaweb4.nic.in/nregaarch/View_NMMS_atten_date_dtl_rpt.aspx?page=&short_name=UP&state_name=UTTAR%20PRADESH&state_code=31&district_name=BASTI&district_code=3153&block_name=BAHADURPUR&block_code=3153012&panchayat_name=PHOOLPUR&panchayat_code=3153012061&fin_year=2025-2026&source=&work_code=3153012061/LD/958486255825008303&msr_no=9860&AttendanceDate=21/03/2026&Digest=dYVEmFqgeTGDS7iT40QgVA",7
"BASTI","BAHADURPUR","PHOOLPUR","3153012061/RC/958486255823571296","9550","https://mnregaweb4.nic.in/nregaarch/View_NMMS_atten_date_dtl_rpt.aspx?page=&short_name=UP&state_name=UTTAR%20PRADESH&state_code=31&district_name=BASTI&district_code=3153&block_name=BAHADURPUR&block_code=3153012&panchayat_name=PHOOLPUR&panchayat_code=3153012061&fin_year=2025-2026&source=&work_code=3153012061/RC/958486255823571296&msr_no=9550&AttendanceDate=21/03/2026&Digest=vSGT+YMxSiIzZZxchcW1+w",8
"BASTI","BAHADURPUR","PHOOLPUR","3153012061/RC/958486255823571296","9553","https://mnregaweb4.nic.in/nregaarch/View_NMMS_atten_date_dtl_rpt.aspx?page=&short_name=UP&state_name=UTTAR%20PRADESH&state_code=31&district_name=BASTI&district_code=3153&block_name=BAHADURPUR&block_code=3153012&panchayat_name=PHOOLPUR&panchayat_code=3153012061&fin_year=2025-2026&source=&work_code=3153012061/RC/958486255823571296&msr_no=9553&AttendanceDate=21/03/2026&Digest=ej5YaffbKPGRXUCdf2+ChQ",4
"BASTI","BAHADURPUR","RAKHAUNA","3153012066/LD/958486255824953329","9794","https://mnregaweb4.nic.in/nregaarch/View_NMMS_atten_date_dtl_rpt.aspx?page=&short_name=UP&state_name=UTTAR%20PRADESH&state_code=31&district_name=BASTI&district_code=3153&block_name=BAHADURPUR&block_code=3153012&panchayat_name=RAKHAUNA&panchayat_code=3153012066&fin_year=2025-2026&source=&work_code=3153012066/LD/958486255824953329&msr_no=9794&AttendanceDate=21/03/2026&Digest=U9hMTwKiM5mmvPXNRSequQ",8
"BASTI","BAHADURPUR","ROJIYA","3153012068/LD/958486255824998099","9541","https://mnregaweb4.nic.in/nregaarch/View_NMMS_atten_date_dtl_rpt.aspx?page=&short_name=UP&state_name=UTTAR%20PRADESH&state_code=31&district_name=BASTI&district_code=3153&block_name=BAHADURPUR&block_code=3153012&panchayat_name=ROJIYA&panchayat_code=3153012068&fin_year=2025-2026&source=&work_code=3153012068/LD/958486255824998099&msr_no=9541&AttendanceDate=21/03/2026&Digest=O1lo0ZiNPA/AUF1XZM1Thg",6
"BASTI","BAHADURPUR","SISWARI RAGUBIR SINGH","3153012075/RC/958486255823744922","9592","https://mnregaweb4.nic.in/nregaarch/View_NMMS_atten_date_dtl_rpt.aspx?page=&short_name=UP&state_name=UTTAR%20PRADESH&state_code=31&district_name=BASTI&district_code=3153&block_name=BAHADURPUR&block_code=3153012&panchayat_name=SISWARI%20RAGUBIR%20SINGH&panchayat_code=3153012075&fin_year=2025-2026&source=&work_code=3153012075/RC/958486255823744922&msr_no=9592&AttendanceDate=21/03/2026&Digest=C5k2eXas/pl68Dw8OZdAzg",8
"BASTI","BAHADURPUR","MALHWAR","3153012083/RC/958486255823698099","9749","https://mnregaweb4.nic.in/nregaarch/View_NMMS_atten_date_dtl_rpt.aspx?page=&short_name=UP&state_name=UTTAR%20PRADESH&state_code=31&district_name=BASTI&district_code=3153&block_name=BAHADURPUR&block_code=3153012&panchayat_name=MALHWAR&panchayat_code=3153012083&fin_year=2025-2026&source=&work_code=3153012083/RC/958486255823698099&msr_no=9749&AttendanceDate=21/03/2026&Digest=yYxLThFZNnValVN6Zx7Grw",5
"BASTI","BAHADURPUR","GAUSPUR","3153012093/RC/958486255823704577","9759","https://mnregaweb4.nic.in/nregaarch/View_NMMS_atten_date_dtl_rpt.aspx?page=&short_name=UP&state_name=UTTAR%20PRADESH&state_code=31&district_name=BASTI&district_code=3153&block_name=BAHADURPUR&block_code=3153012&panchayat_name=GAUSPUR&panchayat_code=3153012093&fin_year=2025-2026&source=&work_code=3153012093/RC/958486255823704577&msr_no=9759&AttendanceDate=21/03/2026&Digest=Xex2u1Ai7nOJRPc6vsE/UQ",2
"BASTI","BANKATI","ARAILADIGAR PATTI","3153011003/IC/958486255823726104","9369","https://mnregaweb4.nic.in/nregaarch/View_NMMS_atten_date_dtl_rpt.aspx?page=&short_name=UP&state_name=UTTAR%20PRADESH&state_code=31&district_name=BASTI&district_code=3153&block_name=BANKATI&block_code=3153011&panchayat_name=ARAILADIGAR%20PATTI&panchayat_code=3153011003&fin_year=2025-2026&source=&work_code=3153011003/IC/958486255823726104&msr_no=9369&AttendanceDate=21/03/2026&Digest=O2z6rnOwOKGlvgXOkzhyfA",5
"BASTI","BANKATI","BARAHUA","3153011009/AV/958486255824186396","9565","https://mnregaweb4.nic.in/nregaarch/View_NMMS_atten_date_dtl_rpt.aspx?page=&short_name=UP&state_name=UTTAR%20PRADESH&state_code=31&district_name=BASTI&district_code=3153&block_name=BANKATI&block_code=3153011&panchayat_name=BARAHUA&panchayat_code=3153011009&fin_year=2025-2026&source=&work_code=3153011009/AV/958486255824186396&msr_no=9565&AttendanceDate=21/03/2026&Digest=T3bTWt+JItngV/X3LcInug",8
"BASTI","BANKATI","BARAHUA","3153011009/RC/958486255823741970","9316","https://mnregaweb4.nic.in/nregaarch/View_NMMS_atten_date_dtl_rpt.aspx?page=&short_name=UP&state_name=UTTAR%20PRADESH&state_code=31&district_name=BASTI&district_code=3153&block_name=BANKATI&block_code=3153011&panchayat_name=BARAHUA&panchayat_code=3153011009&fin_year=2025-2026&source=&work_code=3153011009/RC/958486255823741970&msr_no=9316&AttendanceDate=21/03/2026&Digest=uKstWhwkCs2aqcd0lEzy0Q",9
"BASTI","BANKATI","DEWAMI","3153011027/FP/958486255823613996","9311","https://mnregaweb4.nic.in/nregaarch/View_NMMS_atten_date_dtl_rpt.aspx?page=&short_name=UP&state_name=UTTAR%20PRADESH&state_code=31&district_name=BASTI&district_code=3153&block_name=BANKATI&block_code=3153011&panchayat_name=DEWAMI&panchayat_code=3153011027&fin_year=2025-2026&source=&work_code=3153011027/FP/958486255823613996&msr_no=9311&AttendanceDate=21/03/2026&Digest=A6ATu5H+qq8fhpRX/NiL1Q",3
"BASTI","BANKATI","GANGORI","3153011035/RC/958486255823750665","9585","https://mnregaweb4.nic.in/nregaarch/View_NMMS_atten_date_dtl_rpt.aspx?page=&short_name=UP&state_name=UTTAR%20PRADESH&state_code=31&district_name=BASTI&district_code=3153&block_name=BANKATI&block_code=3153011&panchayat_name=GANGORI&panchayat_code=3153011035&fin_year=2025-2026&source=&work_code=3153011035/RC/958486255823750665&msr_no=9585&AttendanceDate=21/03/2026&Digest=BbF3rQMz5QJODeAek3VQVw",9
"BASTI","BANKATI","HINAUTA","3153011041/RC/958486255823750743","9644","https://mnregaweb4.nic.in/nregaarch/View_NMMS_atten_date_dtl_rpt.aspx?page=&short_name=UP&state_name=UTTAR%20PRADESH&state_code=31&district_name=BASTI&district_code=3153&block_name=BANKATI&block_code=3153011&panchayat_name=HINAUTA&panchayat_code=3153011041&fin_year=2025-2026&source=&work_code=3153011041/RC/958486255823750743&msr_no=9644&AttendanceDate=21/03/2026&Digest=iATr3ecu3jsMhhh6EZmI7w",10
"BASTI","BANKATI","KHAMOKHAR","3153011049/FP/958486255823594955","9222","https://mnregaweb4.nic.in/nregaarch/View_NMMS_atten_date_dtl_rpt.aspx?page=&short_name=UP&state_name=UTTAR%20PRADESH&state_code=31&district_name=BASTI&district_code=3153&block_name=BANKATI&block_code=3153011&panchayat_name=KHAMOKHAR&panchayat_code=3153011049&fin_year=2025-2026&source=&work_code=3153011049/FP/958486255823594955&msr_no=9222&AttendanceDate=21/03/2026&Digest=yOpSdsVkU/Q6emZAUtEbAw",5
"BASTI","BANKATI","KHAMOKHAR","3153011049/RC/958486255823745109","9568","https://mnregaweb4.nic.in/nregaarch/View_NMMS_atten_date_dtl_rpt.aspx?page=&short_name=UP&state_name=UTTAR%20PRADESH&state_code=31&district_name=BASTI&district_code=3153&block_name=BANKATI&block_code=3153011&panchayat_name=KHAMOKHAR&panchayat_code=3153011049&fin_year=2025-2026&source=&work_code=3153011049/RC/958486255823745109&msr_no=9568&AttendanceDate=21/03/2026&Digest=FYrXWRduRh52SI0bYH8G7A",8
"BASTI","BANKATI","KHARATI","3153011050/RC/958486255823743302","9432","https://mnregaweb4.nic.in/nregaarch/View_NMMS_atten_date_dtl_rpt.aspx?page=&short_name=UP&state_name=UTTAR%20PRADESH&state_code=31&district_name=BASTI&district_code=3153&block_name=BANKATI&block_code=3153011&panchayat_name=KHARATI&panchayat_code=3153011050&fin_year=2025-2026&source=&work_code=3153011050/RC/958486255823743302&msr_no=9432&AttendanceDate=21/03/2026&Digest=re88qEFca9ZcY/szMt5fCg",8
"BASTI","BANKATI","KHARATI","3153011050/RC/958486255823743302","9435","https://mnregaweb4.nic.in/nregaarch/View_NMMS_atten_date_dtl_rpt.aspx?page=&short_name=UP&state_name=UTTAR%20PRADESH&state_code=31&district_name=BASTI&district_code=3153&block_name=BANKATI&block_code=3153011&panchayat_name=KHARATI&panchayat_code=3153011050&fin_year=2025-2026&source=&work_code=3153011050/RC/958486255823743302&msr_no=9435&AttendanceDate=21/03/2026&Digest=F5zeTpTiBEX3sa+PAYC0Mg",6
"BASTI","BANKATI","KHARWANIA","3153011054/FP/958486255823613677","9309","https://mnregaweb4.nic.in/nregaarch/View_NMMS_atten_date_dtl_rpt.aspx?page=&short_name=UP&state_name=UTTAR%20PRADESH&state_code=31&district_name=BASTI&district_code=3153&block_name=BANKATI&block_code=3153011&panchayat_name=KHARWANIA&panchayat_code=3153011054&fin_year=2025-2026&source=&work_code=3153011054/FP/958486255823613677&msr_no=9309&AttendanceDate=21/03/2026&Digest=CaGgf/qyW4rvXGzpk0WUUQ",9
"BASTI","BANKATI","KHARWANIA","3153011054/FP/958486255823613677","9312","https://mnregaweb4.nic.in/nregaarch/View_NMMS_atten_date_dtl_rpt.aspx?page=&short_name=UP&state_name=UTTAR%20PRADESH&state_code=31&district_name=BASTI&district_code=3153&block_name=BANKATI&block_code=3153011&panchayat_name=KHARWANIA&panchayat_code=3153011054&fin_year=2025-2026&source=&work_code=3153011054/FP/958486255823613677&msr_no=9312&AttendanceDate=21/03/2026&Digest=LLZKRFeRQ5PG3CJvAYmPlA",9
"BASTI","BANKATI","KHORIA","3153011056/LD/YD/958486255824966387","9305","https://mnregaweb4.nic.in/nregaarch/View_NMMS_atten_date_dtl_rpt.aspx?page=&short_name=UP&state_name=UTTAR%20PRADESH&state_code=31&district_name=BASTI&district_code=3153&block_name=BANKATI&block_code=3153011&panchayat_name=KHORIA&panchayat_code=3153011056&fin_year=2025-2026&source=&work_code=3153011056/LD/YD/958486255824966387&msr_no=9305&AttendanceDate=21/03/2026&Digest=3xHSYyIPsACboqx0b9yaIA",9
"BASTI","BANKATI","KHORIA","3153011056/LD/YD/958486255824966393","9246","https://mnregaweb4.nic.in/nregaarch/View_NMMS_atten_date_dtl_rpt.aspx?page=&short_name=UP&state_name=UTTAR%20PRADESH&state_code=31&district_name=BASTI&district_code=3153&block_name=BANKATI&block_code=3153011&panchayat_name=KHORIA&panchayat_code=3153011056&fin_year=2025-2026&source=&work_code=3153011056/LD/YD/958486255824966393&msr_no=9246&AttendanceDate=21/03/2026&Digest=h+uMBp+FGCvrSzMUaZbgDg",8
"BASTI","BANKATI","KHORIA","3153011056/RC/YD/958486255823681577","9628","https://mnregaweb4.nic.in/nregaarch/View_NMMS_atten_date_dtl_rpt.aspx?page=&short_name=UP&state_name=UTTAR%20PRADESH&state_code=31&district_name=BASTI&district_code=3153&block_name=BANKATI&block_code=3153011&panchayat_name=KHORIA&panchayat_code=3153011056&fin_year=2025-2026&source=&work_code=3153011056/RC/YD/958486255823681577&msr_no=9628&AttendanceDate=21/03/2026&Digest=Im+aKhqe7TcAceNiYG1zWw",9
"BASTI","BANKATI","KURIYAR","3153011060/IC/958486255823712455","9365","https://mnregaweb4.nic.in/nregaarch/View_NMMS_atten_date_dtl_rpt.aspx?page=&short_name=UP&state_name=UTTAR%20PRADESH&state_code=31&district_name=BASTI&district_code=3153&block_name=BANKATI&block_code=3153011&panchayat_name=KURIYAR&panchayat_code=3153011060&fin_year=2025-2026&source=&work_code=3153011060/IC/958486255823712455&msr_no=9365&AttendanceDate=21/03/2026&Digest=smusV79pQi+GKXaZXYvE2w",10
"BASTI","BANKATI","KURIYAR","3153011060/WC/958486255824235444","9358","https://mnregaweb4.nic.in/nregaarch/View_NMMS_atten_date_dtl_rpt.aspx?page=&short_name=UP&state_name=UTTAR%20PRADESH&state_code=31&district_name=BASTI&district_code=3153&block_name=BANKATI&block_code=3153011&panchayat_name=KURIYAR&panchayat_code=3153011060&fin_year=2025-2026&source=&work_code=3153011060/WC/958486255824235444&msr_no=9358&AttendanceDate=21/03/2026&Digest=mg9u59Thd1jGRHALCJ6kkA",7
"BASTI","BANKATI","KURIYAR","3153011060/WC/958486255824235444","9361","https://mnregaweb4.nic.in/nregaarch/View_NMMS_atten_date_dtl_rpt.aspx?page=&short_name=UP&state_name=UTTAR%20PRADESH&state_code=31&district_name=BASTI&district_code=3153&block_name=BANKATI&block_code=3153011&panchayat_name=KURIYAR&panchayat_code=3153011060&fin_year=2025-2026&source=&work_code=3153011060/WC/958486255824235444&msr_no=9361&AttendanceDate=21/03/2026&Digest=uXnVbGEsa6g4yLBGYbK+2A",1
"BASTI","BANKATI","NAGARA BAUDIHAR","3153011070/RC/958486255823712105","9411","https://mnregaweb4.nic.in/nregaarch/View_NMMS_atten_date_dtl_rpt.aspx?page=&short_name=UP&state_name=UTTAR%20PRADESH&state_code=31&district_name=BASTI&district_code=3153&block_name=BANKATI&block_code=3153011&panchayat_name=NAGARA%20BAUDIHAR&panchayat_code=3153011070&fin_year=2025-2026&source=&work_code=3153011070/RC/958486255823712105&msr_no=9411&AttendanceDate=21/03/2026&Digest=W+Z5e7OZcGE9m+yGgnU1tQ",1
"BASTI","BANKATI","PIKAWARA SHUKLA","3153011078/RC/958486255823744117","9233","https://mnregaweb4.nic.in/nregaarch/View_NMMS_atten_date_dtl_rpt.aspx?page=&short_name=UP&state_name=UTTAR%20PRADESH&state_code=31&district_name=BASTI&district_code=3153&block_name=BANKATI&block_code=3153011&panchayat_name=PIKAWARA%20SHUKLA&panchayat_code=3153011078&fin_year=2025-2026&source=&work_code=3153011078/RC/958486255823744117&msr_no=9233&AttendanceDate=21/03/2026&Digest=DGipsgbY+q/5NA3/8zmS3Q",5
"BASTI","BANKATI","SOBHAN PAR","3153011087/RC/958486255823735147","9272","https://mnregaweb4.nic.in/nregaarch/View_NMMS_atten_date_dtl_rpt.aspx?page=&short_name=UP&state_name=UTTAR%20PRADESH&state_code=31&district_name=BASTI&district_code=3153&block_name=BANKATI&block_code=3153011&panchayat_name=SOBHAN%20PAR&panchayat_code=3153011087&fin_year=2025-2026&source=&work_code=3153011087/RC/958486255823735147&msr_no=9272&AttendanceDate=21/03/2026&Digest=+OkFeUII8WegHfew7jd9Ew",9
"BASTI","BANKATI","MANIKAURAN KALA","3153011095/RC/958486255823744045","9518","https://mnregaweb4.nic.in/nregaarch/View_NMMS_atten_date_dtl_rpt.aspx?page=&short_name=UP&state_name=UTTAR%20PRADESH&state_code=31&district_name=BASTI&district_code=3153&block_name=BANKATI&block_code=3153011&panchayat_name=MANIKAURAN%20KALA&panchayat_code=3153011095&fin_year=2025-2026&source=&work_code=3153011095/RC/958486255823744045&msr_no=9518&AttendanceDate=21/03/2026&Digest=oOOpvsAmfkGCjtm9UdDDYA",8
"BASTI","BANKATI","SISWA PANDEY","3153011101/RC/958486255823732562","9427","https://mnregaweb4.nic.in/nregaarch/View_NMMS_atten_date_dtl_rpt.aspx?page=&short_name=UP&state_name=UTTAR%20PRADESH&state_code=31&district_name=BASTI&district_code=3153&block_name=BANKATI&block_code=3153011&panchayat_name=SISWA%20PANDEY&panchayat_code=3153011101&fin_year=2025-2026&source=&work_code=3153011101/RC/958486255823732562&msr_no=9427&AttendanceDate=21/03/2026&Digest=xkdmQxf7RhyAp0bOyOX0Yw",9
"BASTI","BANKATI","DUBAULI KHURD","3153011109/RC/958486255823749300","9394","https://mnregaweb4.nic.in/nregaarch/View_NMMS_atten_date_dtl_rpt.aspx?page=&short_name=UP&state_name=UTTAR%20PRADESH&state_code=31&district_name=BASTI&district_code=3153&block_name=BANKATI&block_code=3153011&panchayat_name=DUBAULI%20KHURD&panchayat_code=3153011109&fin_year=2025-2026&source=&work_code=3153011109/RC/958486255823749300&msr_no=9394&AttendanceDate=21/03/2026&Digest=PmTux0KFin2H/gIPNWb0Zw",7
"BASTI","BAHADURPUR","BHERIHA","3153012011/LD/958486255824954107","9710","https://mnregaweb4.nic.in/nregaarch/View_NMMS_atten_date_dtl_rpt.aspx?page=&short_name=UP&state_name=UTTAR%20PRADESH&state_code=31&district_name=BASTI&district_code=3153&block_name=BAHADURPUR&block_code=3153012&panchayat_name=BHERIHA&panchayat_code=3153012011&fin_year=2025-2026&source=&work_code=3153012011/LD/958486255824954107&msr_no=9710&AttendanceDate=21/03/2026&Digest=0SfS6HIQSuHXZ85QMiNrZw",10
"BASTI","BAHADURPUR","SONBARSA","3153012014/LD/958486255824933208","9633","https://mnregaweb4.nic.in/nregaarch/View_NMMS_atten_date_dtl_rpt.aspx?page=&short_name=UP&state_name=UTTAR%20PRADESH&state_code=31&district_name=BASTI&district_code=3153&block_name=BAHADURPUR&block_code=3153012&panchayat_name=SONBARSA&panchayat_code=3153012014&fin_year=2025-2026&source=&work_code=3153012014/LD/958486255824933208&msr_no=9633&AttendanceDate=21/03/2026&Digest=LjRrUg58LgqF7ofgkQK2Vg",9
"BASTI","BAHADURPUR","SONBARSA","3153012014/LD/958486255824933208","9636","https://mnregaweb4.nic.in/nregaarch/View_NMMS_atten_date_dtl_rpt.aspx?page=&short_name=UP&state_name=UTTAR%20PRADESH&state_code=31&district_name=BASTI&district_code=3153&block_name=BAHADURPUR&block_code=3153012&panchayat_name=SONBARSA&panchayat_code=3153012014&fin_year=2025-2026&source=&work_code=3153012014/LD/958486255824933208&msr_no=9636&AttendanceDate=21/03/2026&Digest=11t9IC7w1/Y4TzThoCcYLA",5
"BASTI","BAHADURPUR","DEV DEEHA","3153012019/LD/958486255824951552","9701","https://mnregaweb4.nic.in/nregaarch/View_NMMS_atten_date_dtl_rpt.aspx?page=&short_name=UP&state_name=UTTAR%20PRADESH&state_code=31&district_name=BASTI&district_code=3153&block_name=BAHADURPUR&block_code=3153012&panchayat_name=DEV%20DEEHA&panchayat_code=3153012019&fin_year=2025-2026&source=&work_code=3153012019/LD/958486255824951552&msr_no=9701&AttendanceDate=21/03/2026&Digest=KWhgATFQe14Jl7LNTkjr/Q",9
"BASTI","BAHADURPUR","DEV DEEHA","3153012019/LD/958486255824951552","9704","https://mnregaweb4.nic.in/nregaarch/View_NMMS_atten_date_dtl_rpt.aspx?page=&short_name=UP&state_name=UTTAR%20PRADESH&state_code=31&district_name=BASTI&district_code=3153&block_name=BAHADURPUR&block_code=3153012&panchayat_name=DEV%20DEEHA&panchayat_code=3153012019&fin_year=2025-2026&source=&work_code=3153012019/LD/958486255824951552&msr_no=9704&AttendanceDate=21/03/2026&Digest=SluVhKO0wzmjzTac+5552A",9
"BASTI","BAHADURPUR","DEV DEEHA","3153012019/LD/958486255824987443","9595","https://mnregaweb4.nic.in/nregaarch/View_NMMS_atten_date_dtl_rpt.aspx?page=&short_name=UP&state_name=UTTAR%20PRADESH&state_code=31&district_name=BASTI&district_code=3153&block_name=BAHADURPUR&block_code=3153012&panchayat_name=DEV%20DEEHA&panchayat_code=3153012019&fin_year=2025-2026&source=&work_code=3153012019/LD/958486255824987443&msr_no=9595&AttendanceDate=21/03/2026&Digest=MCf212rT7jk6+8MoLQ96qg",9
"BASTI","BAHADURPUR","DEV DEEHA","3153012019/LD/958486255824987443","9598","https://mnregaweb4.nic.in/nregaarch/View_NMMS_atten_date_dtl_rpt.aspx?page=&short_name=UP&state_name=UTTAR%20PRADESH&state_code=31&district_name=BASTI&district_code=3153&block_name=BAHADURPUR&block_code=3153012&panchayat_name=DEV%20DEEHA&panchayat_code=3153012019&fin_year=2025-2026&source=&work_code=3153012019/LD/958486255824987443&msr_no=9598&AttendanceDate=21/03/2026&Digest=jFv1XWyVPS2gfBLH4MFegQ",10
"BASTI","BAHADURPUR","KALWARI MUSTAKHAM","3153012030/RC/958486255823689961","9771","https://mnregaweb4.nic.in/nregaarch/View_NMMS_atten_date_dtl_rpt.aspx?page=&short_name=UP&state_name=UTTAR%20PRADESH&state_code=31&district_name=BASTI&district_code=3153&block_name=BAHADURPUR&block_code=3153012&panchayat_name=KALWARI%20MUSTAKHAM&panchayat_code=3153012030&fin_year=2025-2026&source=&work_code=3153012030/RC/958486255823689961&msr_no=9771&AttendanceDate=21/03/2026&Digest=YlZMNqktqf39ak6gIIYzXA",4
"BASTI","BAHADURPUR","KANHAULI","3153012033/LD/958486255824834898","9713","https://mnregaweb4.nic.in/nregaarch/View_NMMS_atten_date_dtl_rpt.aspx?page=&short_name=UP&state_name=UTTAR%20PRADESH&state_code=31&district_name=BASTI&district_code=3153&block_name=BAHADURPUR&block_code=3153012&panchayat_name=KANHAULI&panchayat_code=3153012033&fin_year=2025-2026&source=&work_code=3153012033/LD/958486255824834898&msr_no=9713&AttendanceDate=21/03/2026&Digest=0cnPKhwYv6CZTIgV4t2BJg",10
"BASTI","BAHADURPUR","KANHAULI","3153012033/LD/958486255825009893","9690","https://mnregaweb4.nic.in/nregaarch/View_NMMS_atten_date_dtl_rpt.aspx?page=&short_name=UP&state_name=UTTAR%20PRADESH&state_code=31&district_name=BASTI&district_code=3153&block_name=BAHADURPUR&block_code=3153012&panchayat_name=KANHAULI&panchayat_code=3153012033&fin_year=2025-2026&source=&work_code=3153012033/LD/958486255825009893&msr_no=9690&AttendanceDate=21/03/2026&Digest=1f+w0ln2Fa29se/xJHI6Sw",2
"BASTI","BAHADURPUR","PRATAPPUR","3153012064/RC/958486255823707626","9695","https://mnregaweb4.nic.in/nregaarch/View_NMMS_atten_date_dtl_rpt.aspx?page=&short_name=UP&state_name=UTTAR%20PRADESH&state_code=31&district_name=BASTI&district_code=3153&block_name=BAHADURPUR&block_code=3153012&panchayat_name=PRATAPPUR&panchayat_code=3153012064&fin_year=2025-2026&source=&work_code=3153012064/RC/958486255823707626&msr_no=9695&AttendanceDate=21/03/2026&Digest=iqzJf2BuT/TdmDj1io2iqw",3
"BASTI","BAHADURPUR","PRATAPPUR","3153012064/RC/958486255823707646","9699","https://mnregaweb4.nic.in/nregaarch/View_NMMS_atten_date_dtl_rpt.aspx?page=&short_name=UP&state_name=UTTAR%20PRADESH&state_code=31&district_name=BASTI&district_code=3153&block_name=BAHADURPUR&block_code=3153012&panchayat_name=PRATAPPUR&panchayat_code=3153012064&fin_year=2025-2026&source=&work_code=3153012064/RC/958486255823707646&msr_no=9699&AttendanceDate=21/03/2026&Digest=ErmEcCnAw5YL13qK83Yasw",3
"BASTI","BAHADURPUR","KAMHARIYA 2","3153012070/AV/958486255824174675","9616","https://mnregaweb4.nic.in/nregaarch/View_NMMS_atten_date_dtl_rpt.aspx?page=&short_name=UP&state_name=UTTAR%20PRADESH&state_code=31&district_name=BASTI&district_code=3153&block_name=BAHADURPUR&block_code=3153012&panchayat_name=KAMHARIYA%202&panchayat_code=3153012070&fin_year=2025-2026&source=&work_code=3153012070/AV/958486255824174675&msr_no=9616&AttendanceDate=21/03/2026&Digest=9TsyMtl1+JmYvEpD+nlYVg",4
"BASTI","BAHADURPUR","SISWARI RAGUBIR SINGH","3153012075/WH/958486255824013258","9662","https://mnregaweb4.nic.in/nregaarch/View_NMMS_atten_date_dtl_rpt.aspx?page=&short_name=UP&state_name=UTTAR%20PRADESH&state_code=31&district_name=BASTI&district_code=3153&block_name=BAHADURPUR&block_code=3153012&panchayat_name=SISWARI%20RAGUBIR%20SINGH&panchayat_code=3153012075&fin_year=2025-2026&source=&work_code=3153012075/WH/958486255824013258&msr_no=9662&AttendanceDate=21/03/2026&Digest=/Rh2qNXfu3+YjV3ZGApumg",6
"BASTI","BAHADURPUR","SISWARI RAGUBIR SINGH","3153012075/WH/958486255824013258","9665","https://mnregaweb4.nic.in/nregaarch/View_NMMS_atten_date_dtl_rpt.aspx?page=&short_name=UP&state_name=UTTAR%20PRADESH&state_code=31&district_name=BASTI&district_code=3153&block_name=BAHADURPUR&block_code=3153012&panchayat_name=SISWARI%20RAGUBIR%20SINGH&panchayat_code=3153012075&fin_year=2025-2026&source=&work_code=3153012075/WH/958486255824013258&msr_no=9665&AttendanceDate=21/03/2026&Digest=6irj0uvIoHPdVzO2yq5C8A",2
"BASTI","BAHADURPUR","SEMRA URF GALWA","3153012087/WH/958486255824004832","9622","https://mnregaweb4.nic.in/nregaarch/View_NMMS_atten_date_dtl_rpt.aspx?page=&short_name=UP&state_name=UTTAR%20PRADESH&state_code=31&district_name=BASTI&district_code=3153&block_name=BAHADURPUR&block_code=3153012&panchayat_name=SEMRA%20URF%20GALWA&panchayat_code=3153012087&fin_year=2025-2026&source=&work_code=3153012087/WH/958486255824004832&msr_no=9622&AttendanceDate=21/03/2026&Digest=SWPMqRI/ZuKmnfIoqM7zoA",9
"BASTI","BANKATI","BHAWARA","3153011018/RC/958486255823615558","9354","https://mnregaweb4.nic.in/nregaarch/View_NMMS_atten_date_dtl_rpt.aspx?page=&short_name=UP&state_name=UTTAR%20PRADESH&state_code=31&district_name=BASTI&district_code=3153&block_name=BANKATI&block_code=3153011&panchayat_name=BHAWARA&panchayat_code=3153011018&fin_year=2025-2026&source=&work_code=3153011018/RC/958486255823615558&msr_no=9354&AttendanceDate=21/03/2026&Digest=Y/eN6QECx1pZcBTQmAh3/Q",2
"BASTI","BANKATI","DARVA KANCHI","3153011024/LD/958486255824966011","9464","https://mnregaweb4.nic.in/nregaarch/View_NMMS_atten_date_dtl_rpt.aspx?page=&short_name=UP&state_name=UTTAR%20PRADESH&state_code=31&district_name=BASTI&district_code=3153&block_name=BANKATI&block_code=3153011&panchayat_name=DARVA%20KANCHI&panchayat_code=3153011024&fin_year=2025-2026&source=&work_code=3153011024/LD/958486255824966011&msr_no=9464&AttendanceDate=21/03/2026&Digest=UFmEFCpmyph3pJyj+TIm3Q",1
"BASTI","BANKATI","HINAUTA","3153011041/IC/958486255823739646","9197","https://mnregaweb4.nic.in/nregaarch/View_NMMS_atten_date_dtl_rpt.aspx?page=&short_name=UP&state_name=UTTAR%20PRADESH&state_code=31&district_name=BASTI&district_code=3153&block_name=BANKATI&block_code=3153011&panchayat_name=HINAUTA&panchayat_code=3153011041&fin_year=2025-2026&source=&work_code=3153011041/IC/958486255823739646&msr_no=9197&AttendanceDate=21/03/2026&Digest=23T8h2iSb9AXM8HH3dj5sw",10
"BASTI","BANKATI","KABARA","3153011044/LD/958486255824938257","9289","https://mnregaweb4.nic.in/nregaarch/View_NMMS_atten_date_dtl_rpt.aspx?page=&short_name=UP&state_name=UTTAR%20PRADESH&state_code=31&district_name=BASTI&district_code=3153&block_name=BANKATI&block_code=3153011&panchayat_name=KABARA&panchayat_code=3153011044&fin_year=2025-2026&source=&work_code=3153011044/LD/958486255824938257&msr_no=9289&AttendanceDate=21/03/2026&Digest=WZlYiVyEBKEdo0F+TuPl6w",10
"BASTI","BANKATI","KHARATI","3153011050/AV/958486255824182731","9217","https://mnregaweb4.nic.in/nregaarch/View_NMMS_atten_date_dtl_rpt.aspx?page=&short_name=UP&state_name=UTTAR%20PRADESH&state_code=31&district_name=BASTI&district_code=3153&block_name=BANKATI&block_code=3153011&panchayat_name=KHARATI&panchayat_code=3153011050&fin_year=2025-2026&source=&work_code=3153011050/AV/958486255824182731&msr_no=9217&AttendanceDate=21/03/2026&Digest=SUAxpkYTcrkHvmPmTWsucQ",2
"BASTI","BANKATI","KHARHAURA(CHHVILAHA)","3153011051/WC/958486255824167025","9249","https://mnregaweb4.nic.in/nregaarch/View_NMMS_atten_date_dtl_rpt.aspx?page=&short_name=UP&state_name=UTTAR%20PRADESH&state_code=31&district_name=BASTI&district_code=3153&block_name=BANKATI&block_code=3153011&panchayat_name=KHARHAURA(CHHVILAHA)&panchayat_code=3153011051&fin_year=2025-2026&source=&work_code=3153011051/WC/958486255824167025&msr_no=9249&AttendanceDate=21/03/2026&Digest=x29BYsgz8w6tfwZyJFSY+g",7
"BASTI","BANKATI","KHARHAURA(CHHVILAHA)","3153011051/WC/958486255824167025","9252","https://mnregaweb4.nic.in/nregaarch/View_NMMS_atten_date_dtl_rpt.aspx?page=&short_name=UP&state_name=UTTAR%20PRADESH&state_code=31&district_name=BASTI&district_code=3153&block_name=BANKATI&block_code=3153011&panchayat_name=KHARHAURA(CHHVILAHA)&panchayat_code=3153011051&fin_year=2025-2026&source=&work_code=3153011051/WC/958486255824167025&msr_no=9252&AttendanceDate=21/03/2026&Digest=QWJKWQarNLnEQ5J1ZUI7mg",6
"BASTI","BANKATI","KHAROHA","3153011053/RC/958486255823580852","9170","https://mnregaweb4.nic.in/nregaarch/View_NMMS_atten_date_dtl_rpt.aspx?page=&short_name=UP&state_name=UTTAR%20PRADESH&state_code=31&district_name=BASTI&district_code=3153&block_name=BANKATI&block_code=3153011&panchayat_name=KHAROHA&panchayat_code=3153011053&fin_year=2025-2026&source=&work_code=3153011053/RC/958486255823580852&msr_no=9170&AttendanceDate=21/03/2026&Digest=ZxxRlIhXULySk5uGPHQWUw",7
"BASTI","BANKATI","KHORIA","3153011056/IC/YD/958486255823723324","9606","https://mnregaweb4.nic.in/nregaarch/View_NMMS_atten_date_dtl_rpt.aspx?page=&short_name=UP&state_name=UTTAR%20PRADESH&state_code=31&district_name=BASTI&district_code=3153&block_name=BANKATI&block_code=3153011&panchayat_name=KHORIA&panchayat_code=3153011056&fin_year=2025-2026&source=&work_code=3153011056/IC/YD/958486255823723324&msr_no=9606&AttendanceDate=21/03/2026&Digest=rpvIWrJt4reoOpfvqL6ETg",6
"BASTI","BANKATI","KHORIA","3153011056/IC/YD/958486255823723324","9609","https://mnregaweb4.nic.in/nregaarch/View_NMMS_atten_date_dtl_rpt.aspx?page=&short_name=UP&state_name=UTTAR%20PRADESH&state_code=31&district_name=BASTI&district_code=3153&block_name=BANKATI&block_code=3153011&panchayat_name=KHORIA&panchayat_code=3153011056&fin_year=2025-2026&source=&work_code=3153011056/IC/YD/958486255823723324&msr_no=9609&AttendanceDate=21/03/2026&Digest=/ldQF7IFj4SD7GRJNqFriA",4
"BASTI","BANKATI","KHORIA","3153011056/LD/YD/958486255824966397","9243","https://mnregaweb4.nic.in/nregaarch/View_NMMS_atten_date_dtl_rpt.aspx?page=&short_name=UP&state_name=UTTAR%20PRADESH&state_code=31&district_name=BASTI&district_code=3153&block_name=BANKATI&block_code=3153011&panchayat_name=KHORIA&panchayat_code=3153011056&fin_year=2025-2026&source=&work_code=3153011056/LD/YD/958486255824966397&msr_no=9243&AttendanceDate=21/03/2026&Digest=6DOc06TzNkmKif0uIviwBA",8
"BASTI","BANKATI","KHORIA","3153011056/LD/YD/958486255824966411","9239","https://mnregaweb4.nic.in/nregaarch/View_NMMS_atten_date_dtl_rpt.aspx?page=&short_name=UP&state_name=UTTAR%20PRADESH&state_code=31&district_name=BASTI&district_code=3153&block_name=BANKATI&block_code=3153011&panchayat_name=KHORIA&panchayat_code=3153011056&fin_year=2025-2026&source=&work_code=3153011056/LD/YD/958486255824966411&msr_no=9239&AttendanceDate=21/03/2026&Digest=jwxph12/O9v4X7SpRXGgZg",7
"BASTI","BANKATI","KHORIA","3153011056/RC/YD/958486255823745750","9443","https://mnregaweb4.nic.in/nregaarch/View_NMMS_atten_date_dtl_rpt.aspx?page=&short_name=UP&state_name=UTTAR%20PRADESH&state_code=31&district_name=BASTI&district_code=3153&block_name=BANKATI&block_code=3153011&panchayat_name=KHORIA&panchayat_code=3153011056&fin_year=2025-2026&source=&work_code=3153011056/RC/YD/958486255823745750&msr_no=9443&AttendanceDate=21/03/2026&Digest=UqpNrTHD5va/eDIqITk/ig",10
"BASTI","BANKATI","KOHARAWA","3153011058/IC/958486255823741839","9552","https://mnregaweb4.nic.in/nregaarch/View_NMMS_atten_date_dtl_rpt.aspx?page=&short_name=UP&state_name=UTTAR%20PRADESH&state_code=31&district_name=BASTI&district_code=3153&block_name=BANKATI&block_code=3153011&panchayat_name=KOHARAWA&panchayat_code=3153011058&fin_year=2025-2026&source=&work_code=3153011058/IC/958486255823741839&msr_no=9552&AttendanceDate=21/03/2026&Digest=2r4h+qN41z+6VlEeAyfIdw",3
"BASTI","BANKATI","MAKDUMPUR","3153011062/IC/958486255823692433","9418","https://mnregaweb4.nic.in/nregaarch/View_NMMS_atten_date_dtl_rpt.aspx?page=&short_name=UP&state_name=UTTAR%20PRADESH&state_code=31&district_name=BASTI&district_code=3153&block_name=BANKATI&block_code=3153011&panchayat_name=MAKDUMPUR&panchayat_code=3153011062&fin_year=2025-2026&source=&work_code=3153011062/IC/958486255823692433&msr_no=9418&AttendanceDate=21/03/2026&Digest=j/bvaDdQKAxpfNc7xsCECw",6
"BASTI","BANKATI","MAKDUMPUR","3153011062/RC/958486255823711022","9527","https://mnregaweb4.nic.in/nregaarch/View_NMMS_atten_date_dtl_rpt.aspx?page=&short_name=UP&state_name=UTTAR%20PRADESH&state_code=31&district_name=BASTI&district_code=3153&block_name=BANKATI&block_code=3153011&panchayat_name=MAKDUMPUR&panchayat_code=3153011062&fin_year=2025-2026&source=&work_code=3153011062/RC/958486255823711022&msr_no=9527&AttendanceDate=21/03/2026&Digest=HdLov/pHul+src/AqElw6Q",7
"BASTI","BANKATI","PAGAR KHAS","3153011073/RC/958486255823684325","9374","https://mnregaweb4.nic.in/nregaarch/View_NMMS_atten_date_dtl_rpt.aspx?page=&short_name=UP&state_name=UTTAR%20PRADESH&state_code=31&district_name=BASTI&district_code=3153&block_name=BANKATI&block_code=3153011&panchayat_name=PAGAR%20KHAS&panchayat_code=3153011073&fin_year=2025-2026&source=&work_code=3153011073/RC/958486255823684325&msr_no=9374&AttendanceDate=21/03/2026&Digest=hfdcLN6M6qNuOk9ueIV2sg",7
"BASTI","BANKATI","PARASI","3153011076/IC/958486255823713395","9212","https://mnregaweb4.nic.in/nregaarch/View_NMMS_atten_date_dtl_rpt.aspx?page=&short_name=UP&state_name=UTTAR%20PRADESH&state_code=31&district_name=BASTI&district_code=3153&block_name=BANKATI&block_code=3153011&panchayat_name=PARASI&panchayat_code=3153011076&fin_year=2025-2026&source=&work_code=3153011076/IC/958486255823713395&msr_no=9212&AttendanceDate=21/03/2026&Digest=tKelEtRfPxRM31+l+7rDMg",9
"BASTI","BANKATI","PARASI","3153011076/RC/958486255823749924","9557","https://mnregaweb4.nic.in/nregaarch/View_NMMS_atten_date_dtl_rpt.aspx?page=&short_name=UP&state_name=UTTAR%20PRADESH&state_code=31&district_name=BASTI&district_code=3153&block_name=BANKATI&block_code=3153011&panchayat_name=PARASI&panchayat_code=3153011076&fin_year=2025-2026&source=&work_code=3153011076/RC/958486255823749924&msr_no=9557&AttendanceDate=21/03/2026&Digest=jkgIz5Fm6iIBUgRxQdmLug",9
"BASTI","BANKATI","SOBHAN PAR","3153011087/LD/958486255824967557","9296","https://mnregaweb4.nic.in/nregaarch/View_NMMS_atten_date_dtl_rpt.aspx?page=&short_name=UP&state_name=UTTAR%20PRADESH&state_code=31&district_name=BASTI&district_code=3153&block_name=BANKATI&block_code=3153011&panchayat_name=SOBHAN%20PAR&panchayat_code=3153011087&fin_year=2025-2026&source=&work_code=3153011087/LD/958486255824967557&msr_no=9296&AttendanceDate=21/03/2026&Digest=BrvE8NikkEFT6i8YCLum6A",7
"BASTI","BANKATI","MAHTHA","3153011096/IC/958486255823740167","9347","https://mnregaweb4.nic.in/nregaarch/View_NMMS_atten_date_dtl_rpt.aspx?page=&short_name=UP&state_name=UTTAR%20PRADESH&state_code=31&district_name=BASTI&district_code=3153&block_name=BANKATI&block_code=3153011&panchayat_name=MAHTHA&panchayat_code=3153011096&fin_year=2025-2026&source=&work_code=3153011096/IC/958486255823740167&msr_no=9347&AttendanceDate=21/03/2026&Digest=Yog1D3WTSPA6TrCD/4rYqg",5
"BASTI","BANKATI","MAHTHA","3153011096/RC/958486255823749754","9543","https://mnregaweb4.nic.in/nregaarch/View_NMMS_atten_date_dtl_rpt.aspx?page=&short_name=UP&state_name=UTTAR%20PRADESH&state_code=31&district_name=BASTI&district_code=3153&block_name=BANKATI&block_code=3153011&panchayat_name=MAHTHA&panchayat_code=3153011096&fin_year=2025-2026&source=&work_code=3153011096/RC/958486255823749754&msr_no=9543&AttendanceDate=21/03/2026&Digest=Vm7ZU7f6ehhASZ29BYmsow",7
"BASTI","BANKATI","PIPRA SUKRAULI","3153011099/RC/958486255823744508","9350","https://mnregaweb4.nic.in/nregaarch/View_NMMS_atten_date_dtl_rpt.aspx?page=&short_name=UP&state_name=UTTAR%20PRADESH&state_code=31&district_name=BASTI&district_code=3153&block_name=BANKATI&block_code=3153011&panchayat_name=PIPRA%20SUKRAULI&panchayat_code=3153011099&fin_year=2025-2026&source=&work_code=3153011099/RC/958486255823744508&msr_no=9350&AttendanceDate=21/03/2026&Digest=MdcECey4v7GoXksi2qfsBQ",5
"BASTI","BANKATI","SISWA PANDEY","3153011101/IC/958486255823741153","9301","https://mnregaweb4.nic.in/nregaarch/View_NMMS_atten_date_dtl_rpt.aspx?page=&short_name=UP&state_name=UTTAR%20PRADESH&state_code=31&district_name=BASTI&district_code=3153&block_name=BANKATI&block_code=3153011&panchayat_name=SISWA%20PANDEY&panchayat_code=3153011101&fin_year=2025-2026&source=&work_code=3153011101/IC/958486255823741153&msr_no=9301&AttendanceDate=21/03/2026&Digest=rhBgEnwFDxxHDpCstaFOvA",8
"BASTI","BAHADURPUR","BENIPUR","3153012010/RC/958486255823665977","9746","https://mnregaweb4.nic.in/nregaarch/View_NMMS_atten_date_dtl_rpt.aspx?page=&short_name=UP&state_name=UTTAR%20PRADESH&state_code=31&district_name=BASTI&district_code=3153&block_name=BAHADURPUR&block_code=3153012&panchayat_name=BENIPUR&panchayat_code=3153012009&fin_year=2025-2026&source=&work_code=3153012010/RC/958486255823665977&msr_no=9746&AttendanceDate=21/03/2026&Digest=H/TWmQ+OmDJYHn/LP3wt8A",9
"BASTI","BAHADURPUR","BHELWAL","3153012010/RC/958486255823596094","9761","https://mnregaweb4.nic.in/nregaarch/View_NMMS_atten_date_dtl_rpt.aspx?page=&short_name=UP&state_name=UTTAR%20PRADESH&state_code=31&district_name=BASTI&district_code=3153&block_name=BAHADURPUR&block_code=3153012&panchayat_name=BHELWAL&panchayat_code=3153012010&fin_year=2025-2026&source=&work_code=3153012010/RC/958486255823596094&msr_no=9761&AttendanceDate=21/03/2026&Digest=p7H8Pfm8uQhESHz/XbvjiQ",1
"BASTI","BAHADURPUR","BHELWAL","3153012010/RC/958486255823716921","9796","https://mnregaweb4.nic.in/nregaarch/View_NMMS_atten_date_dtl_rpt.aspx?page=&short_name=UP&state_name=UTTAR%20PRADESH&state_code=31&district_name=BASTI&district_code=3153&block_name=BAHADURPUR&block_code=3153012&panchayat_name=BHELWAL&panchayat_code=3153012010&fin_year=2025-2026&source=&work_code=3153012010/RC/958486255823716921&msr_no=9796&AttendanceDate=21/03/2026&Digest=19QsfvBb8/SxF2blJ9Z09Q",1
"BASTI","BAHADURPUR","BHERIHA","3153012011/LD/958486255824954107","9709","https://mnregaweb4.nic.in/nregaarch/View_NMMS_atten_date_dtl_rpt.aspx?page=&short_name=UP&state_name=UTTAR%20PRADESH&state_code=31&district_name=BASTI&district_code=3153&block_name=BAHADURPUR&block_code=3153012&panchayat_name=BHERIHA&panchayat_code=3153012011&fin_year=2025-2026&source=&work_code=3153012011/LD/958486255824954107&msr_no=9709&AttendanceDate=21/03/2026&Digest=Vuhh0/GVupvX6kA5zBUqtQ",10
"BASTI","BAHADURPUR","SONBARSA","3153012014/LD/958486255824933208","9640","https://mnregaweb4.nic.in/nregaarch/View_NMMS_atten_date_dtl_rpt.aspx?page=&short_name=UP&state_name=UTTAR%20PRADESH&state_code=31&district_name=BASTI&district_code=3153&block_name=BAHADURPUR&block_code=3153012&panchayat_name=SONBARSA&panchayat_code=3153012014&fin_year=2025-2026&source=&work_code=3153012014/LD/958486255824933208&msr_no=9640&AttendanceDate=21/03/2026&Digest=g6kmybuU3bVYRfd3vmq7uQ",1
"BASTI","BAHADURPUR","DEV DEEHA","3153012019/LD/958486255824951552","9703","https://mnregaweb4.nic.in/nregaarch/View_NMMS_atten_date_dtl_rpt.aspx?page=&short_name=UP&state_name=UTTAR%20PRADESH&state_code=31&district_name=BASTI&district_code=3153&block_name=BAHADURPUR&block_code=3153012&panchayat_name=DEV%20DEEHA&panchayat_code=3153012019&fin_year=2025-2026&source=&work_code=3153012019/LD/958486255824951552&msr_no=9703&AttendanceDate=21/03/2026&Digest=jEKrGh+8mWZNQDdx4bip7A",9
"BASTI","BAHADURPUR","DEV DEEHA","3153012019/RC/958486255823733300","9800","https://mnregaweb4.nic.in/nregaarch/View_NMMS_atten_date_dtl_rpt.aspx?page=&short_name=UP&state_name=UTTAR%20PRADESH&state_code=31&district_name=BASTI&district_code=3153&block_name=BAHADURPUR&block_code=3153012&panchayat_name=DEV%20DEEHA&panchayat_code=3153012019&fin_year=2025-2026&source=&work_code=3153012019/RC/958486255823733300&msr_no=9800&AttendanceDate=21/03/2026&Digest=7UcK/AP+x3hlIcO4noculg",2
"BASTI","BAHADURPUR","KALWARI MUSTAKHAM","3153012030/RC/958486255823689961","9770","https://mnregaweb4.nic.in/nregaarch/View_NMMS_atten_date_dtl_rpt.aspx?page=&short_name=UP&state_name=UTTAR%20PRADESH&state_code=31&district_name=BASTI&district_code=3153&block_name=BAHADURPUR&block_code=3153012&panchayat_name=KALWARI%20MUSTAKHAM&panchayat_code=3153012030&fin_year=2025-2026&source=&work_code=3153012030/RC/958486255823689961&msr_no=9770&AttendanceDate=21/03/2026&Digest=KWY5LfBh3fRklahRviIezw",9
"BASTI","BAHADURPUR","KANHAULI","3153012033/LD/958486255824834898","9712","https://mnregaweb4.nic.in/nregaarch/View_NMMS_atten_date_dtl_rpt.aspx?page=&short_name=UP&state_name=UTTAR%20PRADESH&state_code=31&district_name=BASTI&district_code=3153&block_name=BAHADURPUR&block_code=3153012&panchayat_name=KANHAULI&panchayat_code=3153012033&fin_year=2025-2026&source=&work_code=3153012033/LD/958486255824834898&msr_no=9712&AttendanceDate=21/03/2026&Digest=us8MX0aLgNCLf12uEp7ZBA",10
"BASTI","BAHADURPUR","KANHAULI","3153012033/LD/958486255824834898","9715","https://mnregaweb4.nic.in/nregaarch/View_NMMS_atten_date_dtl_rpt.aspx?page=&short_name=UP&state_name=UTTAR%20PRADESH&state_code=31&district_name=BASTI&district_code=3153&block_name=BAHADURPUR&block_code=3153012&panchayat_name=KANHAULI&panchayat_code=3153012033&fin_year=2025-2026&source=&work_code=3153012033/LD/958486255824834898&msr_no=9715&AttendanceDate=21/03/2026&Digest=cDO9ENcv230qj26vGCystg",6
"BASTI","BAHADURPUR","KANHAULI","3153012033/LD/958486255825009893","9689","https://mnregaweb4.nic.in/nregaarch/View_NMMS_atten_date_dtl_rpt.aspx?page=&short_name=UP&state_name=UTTAR%20PRADESH&state_code=31&district_name=BASTI&district_code=3153&block_name=BAHADURPUR&block_code=3153012&panchayat_name=KANHAULI&panchayat_code=3153012033&fin_year=2025-2026&source=&work_code=3153012033/LD/958486255825009893&msr_no=9689&AttendanceDate=21/03/2026&Digest=/mPofYe6dglHYwoiaM7dww",10
"BASTI","BAHADURPUR","NIRANJAN PUR","3153012055/RC/958486255823743352","9569","https://mnregaweb4.nic.in/nregaarch/View_NMMS_atten_date_dtl_rpt.aspx?page=&short_name=UP&state_name=UTTAR%20PRADESH&state_code=31&district_name=BASTI&district_code=3153&block_name=BAHADURPUR&block_code=3153012&panchayat_name=NIRANJAN%20PUR&panchayat_code=3153012055&fin_year=2025-2026&source=&work_code=3153012055/RC/958486255823743352&msr_no=9569&AttendanceDate=21/03/2026&Digest=tiq0A92nbt0BIcNCfgNgZg",5
"BASTI","BAHADURPUR","RAKHAUNA","3153012066/LD/958486255824953181","9788","https://mnregaweb4.nic.in/nregaarch/View_NMMS_atten_date_dtl_rpt.aspx?page=&short_name=UP&state_name=UTTAR%20PRADESH&state_code=31&district_name=BASTI&district_code=3153&block_name=BAHADURPUR&block_code=3153012&panchayat_name=RAKHAUNA&panchayat_code=3153012066&fin_year=2025-2026&source=&work_code=3153012066/LD/958486255824953181&msr_no=9788&AttendanceDate=21/03/2026&Digest=F7/Xn988s7hDmDou33LzxQ",6
"BASTI","BAHADURPUR","ROJIYA","3153012068/WC/958486255824246430","9543","https://mnregaweb4.nic.in/nregaarch/View_NMMS_atten_date_dtl_rpt.aspx?page=&short_name=UP&state_name=UTTAR%20PRADESH&state_code=31&district_name=BASTI&district_code=3153&block_name=BAHADURPUR&block_code=3153012&panchayat_name=ROJIYA&panchayat_code=3153012068&fin_year=2025-2026&source=&work_code=3153012068/WC/958486255824246430&msr_no=9543&AttendanceDate=21/03/2026&Digest=Ba2kSgCfpqYtimtO63c78A",9
"BASTI","BAHADURPUR","SAIFABAD","3153012069/RC/958486255823597413","9683","https://mnregaweb4.nic.in/nregaarch/View_NMMS_atten_date_dtl_rpt.aspx?page=&short_name=UP&state_name=UTTAR%20PRADESH&state_code=31&district_name=BASTI&district_code=3153&block_name=BAHADURPUR&block_code=3153012&panchayat_name=SAIFABAD&panchayat_code=3153012069&fin_year=2025-2026&source=&work_code=3153012069/RC/958486255823597413&msr_no=9683&AttendanceDate=21/03/2026&Digest=OJZOvBqSj43geC2pKHfnkQ",1
"BASTI","BAHADURPUR","SISWARI RAGUBIR SINGH","3153012075/RC/958486255823744923","9660","https://mnregaweb4.nic.in/nregaarch/View_NMMS_atten_date_dtl_rpt.aspx?page=&short_name=UP&state_name=UTTAR%20PRADESH&state_code=31&district_name=BASTI&district_code=3153&block_name=BAHADURPUR&block_code=3153012&panchayat_name=SISWARI%20RAGUBIR%20SINGH&panchayat_code=3153012075&fin_year=2025-2026&source=&work_code=3153012075/RC/958486255823744923&msr_no=9660&AttendanceDate=21/03/2026&Digest=vXVg3plxaoFwcQ9n0aa2mg",7
"BASTI","BAHADURPUR","SISWARI RAGUBIR SINGH","3153012075/WH/958486255824013258","9664","https://mnregaweb4.nic.in/nregaarch/View_NMMS_atten_date_dtl_rpt.aspx?page=&short_name=UP&state_name=UTTAR%20PRADESH&state_code=31&district_name=BASTI&district_code=3153&block_name=BAHADURPUR&block_code=3153012&panchayat_name=SISWARI%20RAGUBIR%20SINGH&panchayat_code=3153012075&fin_year=2025-2026&source=&work_code=3153012075/WH/958486255824013258&msr_no=9664&AttendanceDate=21/03/2026&Digest=lVnToFimlxTW1G/j1Ocv1A",2
"BASTI","BAHADURPUR","VAISNOPUR","3153012079/LD/958486255824966695","9826","https://mnregaweb4.nic.in/nregaarch/View_NMMS_atten_date_dtl_rpt.aspx?page=&short_name=UP&state_name=UTTAR%20PRADESH&state_code=31&district_name=BASTI&district_code=3153&block_name=BAHADURPUR&block_code=3153012&panchayat_name=VAISNOPUR&panchayat_code=3153012079&fin_year=2025-2026&source=&work_code=3153012079/LD/958486255824966695&msr_no=9826&AttendanceDate=21/03/2026&Digest=6RdpumrFWLlNPAq4vs8MzQ",10
"BASTI","BAHADURPUR","SEMRA URF GALWA","3153012087/WH/958486255824004832","9623","https://mnregaweb4.nic.in/nregaarch/View_NMMS_atten_date_dtl_rpt.aspx?page=&short_name=UP&state_name=UTTAR%20PRADESH&state_code=31&district_name=BASTI&district_code=3153&block_name=BAHADURPUR&block_code=3153012&panchayat_name=SEMRA%20URF%20GALWA&panchayat_code=3153012087&fin_year=2025-2026&source=&work_code=3153012087/WH/958486255824004832&msr_no=9623&AttendanceDate=21/03/2026&Digest=Iz9FlU1y2ccmA/jAi58wEw",8
"BASTI","BANKATI","BHAWARA","3153011018/RC/958486255823615558","9353","https://mnregaweb4.nic.in/nregaarch/View_NMMS_atten_date_dtl_rpt.aspx?page=&short_name=UP&state_name=UTTAR%20PRADESH&state_code=31&district_name=BASTI&district_code=3153&block_name=BANKATI&block_code=3153011&panchayat_name=BHAWARA&panchayat_code=3153011018&fin_year=2025-2026&source=&work_code=3153011018/RC/958486255823615558&msr_no=9353&AttendanceDate=21/03/2026&Digest=RNjfIKHAc3QWTjLJsFqeSw",10
"BASTI","BANKATI","DARVA KANCHI","3153011024/LD/958486255824966011","9463","https://mnregaweb4.nic.in/nregaarch/View_NMMS_atten_date_dtl_rpt.aspx?page=&short_name=UP&state_name=UTTAR%20PRADESH&state_code=31&district_name=BASTI&district_code=3153&block_name=BANKATI&block_code=3153011&panchayat_name=DARVA%20KANCHI&panchayat_code=3153011024&fin_year=2025-2026&source=&work_code=3153011024/LD/958486255824966011&msr_no=9463&AttendanceDate=21/03/2026&Digest=nNQNhWQv+IrNGkd3CuJl1w",2
"BASTI","BANKATI","DEWAMI","3153011027/AV/958486255824164986","9594","https://mnregaweb4.nic.in/nregaarch/View_NMMS_atten_date_dtl_rpt.aspx?page=&short_name=UP&state_name=UTTAR%20PRADESH&state_code=31&district_name=BASTI&district_code=3153&block_name=BANKATI&block_code=3153011&panchayat_name=DEWAMI&panchayat_code=3153011027&fin_year=2025-2026&source=&work_code=3153011027/AV/958486255824164986&msr_no=9594&AttendanceDate=21/03/2026&Digest=hzI1/xpzuuvl2NaEOe+g8Q",5
"BASTI","BANKATI","GULRIHA SIRMA","3153011038/IC/958486255823692245","9259","https://mnregaweb4.nic.in/nregaarch/View_NMMS_atten_date_dtl_rpt.aspx?page=&short_name=UP&state_name=UTTAR%20PRADESH&state_code=31&district_name=BASTI&district_code=3153&block_name=BANKATI&block_code=3153011&panchayat_name=GULRIHA%20SIRMA&panchayat_code=3153011038&fin_year=2025-2026&source=&work_code=3153011038/IC/958486255823692245&msr_no=9259&AttendanceDate=21/03/2026&Digest=MPS4Zf00AU6alF2ptYlzrg",7
"BASTI","BANKATI","GULRIHA SIRMA","3153011038/RC/958486255823687851","9508","https://mnregaweb4.nic.in/nregaarch/View_NMMS_atten_date_dtl_rpt.aspx?page=&short_name=UP&state_name=UTTAR%20PRADESH&state_code=31&district_name=BASTI&district_code=3153&block_name=BANKATI&block_code=3153011&panchayat_name=GULRIHA%20SIRMA&panchayat_code=3153011038&fin_year=2025-2026&source=&work_code=3153011038/RC/958486255823687851&msr_no=9508&AttendanceDate=21/03/2026&Digest=Fy8zntpXq3QWFUm/ScrKlw",6
"BASTI","BANKATI","HINAUTA","3153011041/IC/958486255823739646","9198","https://mnregaweb4.nic.in/nregaarch/View_NMMS_atten_date_dtl_rpt.aspx?page=&short_name=UP&state_name=UTTAR%20PRADESH&state_code=31&district_name=BASTI&district_code=3153&block_name=BANKATI&block_code=3153011&panchayat_name=HINAUTA&panchayat_code=3153011041&fin_year=2025-2026&source=&work_code=3153011041/IC/958486255823739646&msr_no=9198&AttendanceDate=21/03/2026&Digest=HQrGCcOb0QT59Bs7JTEVxg",8
"BASTI","BANKATI","KABARA","3153011044/LD/958486255824938257","9290","https://mnregaweb4.nic.in/nregaarch/View_NMMS_atten_date_dtl_rpt.aspx?page=&short_name=UP&state_name=UTTAR%20PRADESH&state_code=31&district_name=BASTI&district_code=3153&block_name=BANKATI&block_code=3153011&panchayat_name=KABARA&panchayat_code=3153011044&fin_year=2025-2026&source=&work_code=3153011044/LD/958486255824938257&msr_no=9290&AttendanceDate=21/03/2026&Digest=+/L2dIxvZWnE0m1DBluzYg",10
"BASTI","BANKATI","KHARATI","3153011050/AV/958486255824182731","9215","https://mnregaweb4.nic.in/nregaarch/View_NMMS_atten_date_dtl_rpt.aspx?page=&short_name=UP&state_name=UTTAR%20PRADESH&state_code=31&district_name=BASTI&district_code=3153&block_name=BANKATI&block_code=3153011&panchayat_name=KHARATI&panchayat_code=3153011050&fin_year=2025-2026&source=&work_code=3153011050/AV/958486255824182731&msr_no=9215&AttendanceDate=21/03/2026&Digest=+FtHhXC2/D/l263dbFqetg",3
"BASTI","BANKATI","KHARATI","3153011050/AV/958486255824182731","9218","https://mnregaweb4.nic.in/nregaarch/View_NMMS_atten_date_dtl_rpt.aspx?page=&short_name=UP&state_name=UTTAR%20PRADESH&state_code=31&district_name=BASTI&district_code=3153&block_name=BANKATI&block_code=3153011&panchayat_name=KHARATI&panchayat_code=3153011050&fin_year=2025-2026&source=&work_code=3153011050/AV/958486255824182731&msr_no=9218&AttendanceDate=21/03/2026&Digest=wBPRQf/kRqJhvijKCsHw4Q",2
"BASTI","BANKATI","KHARHAURA(CHHVILAHA)","3153011051/WC/958486255824167025","9251","https://mnregaweb4.nic.in/nregaarch/View_NMMS_atten_date_dtl_rpt.aspx?page=&short_name=UP&state_name=UTTAR%20PRADESH&state_code=31&district_name=BASTI&district_code=3153&block_name=BANKATI&block_code=3153011&panchayat_name=KHARHAURA(CHHVILAHA)&panchayat_code=3153011051&fin_year=2025-2026&source=&work_code=3153011051/WC/958486255824167025&msr_no=9251&AttendanceDate=21/03/2026&Digest=JAYRRtWyQgEoAVaU9ez/cw",9
"BASTI","BANKATI","KHAROHA","3153011053/RC/958486255823580852","9172","https://mnregaweb4.nic.in/nregaarch/View_NMMS_atten_date_dtl_rpt.aspx?page=&short_name=UP&state_name=UTTAR%20PRADESH&state_code=31&district_name=BASTI&district_code=3153&block_name=BANKATI&block_code=3153011&panchayat_name=KHAROHA&panchayat_code=3153011053&fin_year=2025-2026&source=&work_code=3153011053/RC/958486255823580852&msr_no=9172&AttendanceDate=21/03/2026&Digest=YXYepjbEHxI6empRAiIW0A",8
"BASTI","BANKATI","KHORIA","3153011056/IC/YD/958486255823723324","9607","https://mnregaweb4.nic.in/nregaarch/View_NMMS_atten_date_dtl_rpt.aspx?page=&short_name=UP&state_name=UTTAR%20PRADESH&state_code=31&district_name=BASTI&district_code=3153&block_name=BANKATI&block_code=3153011&panchayat_name=KHORIA&panchayat_code=3153011056&fin_year=2025-2026&source=&work_code=3153011056/IC/YD/958486255823723324&msr_no=9607&AttendanceDate=21/03/2026&Digest=SoM15NovB8s291uRGm6uRQ",5
"BASTI","BANKATI","KHORIA","3153011056/LD/YD/958486255824966397","9244","https://mnregaweb4.nic.in/nregaarch/View_NMMS_atten_date_dtl_rpt.aspx?page=&short_name=UP&state_name=UTTAR%20PRADESH&state_code=31&district_name=BASTI&district_code=3153&block_name=BANKATI&block_code=3153011&panchayat_name=KHORIA&panchayat_code=3153011056&fin_year=2025-2026&source=&work_code=3153011056/LD/YD/958486255824966397&msr_no=9244&AttendanceDate=21/03/2026&Digest=JNGuTGBeBckBbCuBFBYSRA",4
"BASTI","BANKATI","KHORIA","3153011056/LD/YD/958486255824966411","9238","https://mnregaweb4.nic.in/nregaarch/View_NMMS_atten_date_dtl_rpt.aspx?page=&short_name=UP&state_name=UTTAR%20PRADESH&state_code=31&district_name=BASTI&district_code=3153&block_name=BANKATI&block_code=3153011&panchayat_name=KHORIA&panchayat_code=3153011056&fin_year=2025-2026&source=&work_code=3153011056/LD/YD/958486255824966411&msr_no=9238&AttendanceDate=21/03/2026&Digest=QZI/4wuX2aruh9heKFkfLQ",5
"BASTI","BANKATI","KHORIA","3153011056/RC/YD/958486255823745750","9444","https://mnregaweb4.nic.in/nregaarch/View_NMMS_atten_date_dtl_rpt.aspx?page=&short_name=UP&state_name=UTTAR%20PRADESH&state_code=31&district_name=BASTI&district_code=3153&block_name=BANKATI&block_code=3153011&panchayat_name=KHORIA&panchayat_code=3153011056&fin_year=2025-2026&source=&work_code=3153011056/RC/YD/958486255823745750&msr_no=9444&AttendanceDate=21/03/2026&Digest=9ERArY9zn9ycJ/auByrkEw",5
"BASTI","BANKATI","MAKDUMPUR","3153011062/IC/958486255823692433","9417","https://mnregaweb4.nic.in/nregaarch/View_NMMS_atten_date_dtl_rpt.aspx?page=&short_name=UP&state_name=UTTAR%20PRADESH&state_code=31&district_name=BASTI&district_code=3153&block_name=BANKATI&block_code=3153011&panchayat_name=MAKDUMPUR&panchayat_code=3153011062&fin_year=2025-2026&source=&work_code=3153011062/IC/958486255823692433&msr_no=9417&AttendanceDate=21/03/2026&Digest=LWsanzl/dOhQKuKtKloUcQ",6
"BASTI","BANKATI","MAKDUMPUR","3153011062/IC/958486255823692433","9420","https://mnregaweb4.nic.in/nregaarch/View_NMMS_atten_date_dtl_rpt.aspx?page=&short_name=UP&state_name=UTTAR%20PRADESH&state_code=31&district_name=BASTI&district_code=3153&block_name=BANKATI&block_code=3153011&panchayat_name=MAKDUMPUR&panchayat_code=3153011062&fin_year=2025-2026&source=&work_code=3153011062/IC/958486255823692433&msr_no=9420&AttendanceDate=21/03/2026&Digest=vM6RTKGdYmODrhnjXjqMBA",4
"BASTI","BANKATI","NAGARA BAUDIHAR","3153011070/RC/958486255823712105","9156","https://mnregaweb4.nic.in/nregaarch/View_NMMS_atten_date_dtl_rpt.aspx?page=&short_name=UP&state_name=UTTAR%20PRADESH&state_code=31&district_name=BASTI&district_code=3153&block_name=BANKATI&block_code=3153011&panchayat_name=NAGARA%20BAUDIHAR&panchayat_code=3153011070&fin_year=2025-2026&source=&work_code=3153011070/RC/958486255823712105&msr_no=9156&AttendanceDate=21/03/2026&Digest=EgBK6owOv40Re3T7hj+ZkA",8
"BASTI","BANKATI","PAGAR KHAS","3153011073/RC/958486255823684325","9372","https://mnregaweb4.nic.in/nregaarch/View_NMMS_atten_date_dtl_rpt.aspx?page=&short_name=UP&state_name=UTTAR%20PRADESH&state_code=31&district_name=BASTI&district_code=3153&block_name=BANKATI&block_code=3153011&panchayat_name=PAGAR%20KHAS&panchayat_code=3153011073&fin_year=2025-2026&source=&work_code=3153011073/RC/958486255823684325&msr_no=9372&AttendanceDate=21/03/2026&Digest=NIK5JtsZLD3BL3LJ2E6IOw",6
"BASTI","BANKATI","PARASI","3153011076/IC/958486255823713392","9205","https://mnregaweb4.nic.in/nregaarch/View_NMMS_atten_date_dtl_rpt.aspx?page=&short_name=UP&state_name=UTTAR%20PRADESH&state_code=31&district_name=BASTI&district_code=3153&block_name=BANKATI&block_code=3153011&panchayat_name=PARASI&panchayat_code=3153011076&fin_year=2025-2026&source=&work_code=3153011076/IC/958486255823713392&msr_no=9205&AttendanceDate=21/03/2026&Digest=POVqC3WL0K7yX7IU7C75vQ",9
"BASTI","BANKATI","PARASI","3153011076/RC/958486255823749924","9556","https://mnregaweb4.nic.in/nregaarch/View_NMMS_atten_date_dtl_rpt.aspx?page=&short_name=UP&state_name=UTTAR%20PRADESH&state_code=31&district_name=BASTI&district_code=3153&block_name=BANKATI&block_code=3153011&panchayat_name=PARASI&panchayat_code=3153011076&fin_year=2025-2026&source=&work_code=3153011076/RC/958486255823749924&msr_no=9556&AttendanceDate=21/03/2026&Digest=I1BT9CfwJG6g3z2CkPW9mQ",10
"BASTI","BAHADURPUR","BENIPUR","3153012009/RC/958486255823584823","9742","https://mnregaweb4.nic.in/nregaarch/View_NMMS_atten_date_dtl_rpt.aspx?page=&short_name=UP&state_name=UTTAR%20PRADESH&state_code=31&district_name=BASTI&district_code=3153&block_name=BAHADURPUR&block_code=3153012&panchayat_name=BENIPUR&panchayat_code=3153012009&fin_year=2025-2026&source=&work_code=3153012009/RC/958486255823584823&msr_no=9742&AttendanceDate=21/03/2026&Digest=wabLmQtFmCCCdC3Q8S8aPw",9
"BASTI","BAHADURPUR","BHELWAL","3153012010/RC/958486255823596094","9760","https://mnregaweb4.nic.in/nregaarch/View_NMMS_atten_date_dtl_rpt.aspx?page=&short_name=UP&state_name=UTTAR%20PRADESH&state_code=31&district_name=BASTI&district_code=3153&block_name=BAHADURPUR&block_code=3153012&panchayat_name=BHELWAL&panchayat_code=3153012010&fin_year=2025-2026&source=&work_code=3153012010/RC/958486255823596094&msr_no=9760&AttendanceDate=21/03/2026&Digest=tMKDtFcqkFaX2TpfvSIZfQ",8
"BASTI","BAHADURPUR","DEV DEEHA","3153012019/RC/958486255823733300","9808","https://mnregaweb4.nic.in/nregaarch/View_NMMS_atten_date_dtl_rpt.aspx?page=&short_name=UP&state_name=UTTAR%20PRADESH&state_code=31&district_name=BASTI&district_code=3153&block_name=BAHADURPUR&block_code=3153012&panchayat_name=DEV%20DEEHA&panchayat_code=3153012019&fin_year=2025-2026&source=&work_code=3153012019/RC/958486255823733300&msr_no=9808&AttendanceDate=21/03/2026&Digest=ppujBgNXdSERoftayTC3Hw",8
"BASTI","BAHADURPUR","DEV DEEHA","3153012019/RC/958486255823744198","9802","https://mnregaweb4.nic.in/nregaarch/View_NMMS_atten_date_dtl_rpt.aspx?page=&short_name=UP&state_name=UTTAR%20PRADESH&state_code=31&district_name=BASTI&district_code=3153&block_name=BAHADURPUR&block_code=3153012&panchayat_name=DEV%20DEEHA&panchayat_code=3153012019&fin_year=2025-2026&source=&work_code=3153012019/RC/958486255823744198&msr_no=9802&AttendanceDate=21/03/2026&Digest=8DUy+TLopQ+IGgzBgw1lZQ",2
"BASTI","BAHADURPUR","DEV DEEHA","3153012019/RC/958486255823744198","9811","https://mnregaweb4.nic.in/nregaarch/View_NMMS_atten_date_dtl_rpt.aspx?page=&short_name=UP&state_name=UTTAR%20PRADESH&state_code=31&district_name=BASTI&district_code=3153&block_name=BAHADURPUR&block_code=3153012&panchayat_name=DEV%20DEEHA&panchayat_code=3153012019&fin_year=2025-2026&source=&work_code=3153012019/RC/958486255823744198&msr_no=9811&AttendanceDate=21/03/2026&Digest=Cq32K+rvqmtrvQUHrYM8wQ",6
"BASTI","BAHADURPUR","KALWARI MUSTAKHAM","3153012030/RC/958486255823585693","9777","https://mnregaweb4.nic.in/nregaarch/View_NMMS_atten_date_dtl_rpt.aspx?page=&short_name=UP&state_name=UTTAR%20PRADESH&state_code=31&district_name=BASTI&district_code=3153&block_name=BAHADURPUR&block_code=3153012&panchayat_name=KALWARI%20MUSTAKHAM&panchayat_code=3153012030&fin_year=2025-2026&source=&work_code=3153012030/RC/958486255823585693&msr_no=9777&AttendanceDate=21/03/2026&Digest=1Lod4Ib4lwkyAUXBlQ78iw",3
"BASTI","BAHADURPUR","MATERA","3153012049/AV/958486255824150220","9780","https://mnregaweb4.nic.in/nregaarch/View_NMMS_atten_date_dtl_rpt.aspx?page=&short_name=UP&state_name=UTTAR%20PRADESH&state_code=31&district_name=BASTI&district_code=3153&block_name=BAHADURPUR&block_code=3153012&panchayat_name=MATERA&panchayat_code=3153012049&fin_year=2025-2026&source=&work_code=3153012049/AV/958486255824150220&msr_no=9780&AttendanceDate=21/03/2026&Digest=zDEfwcexXxTanpj5C4qyzw",2
"BASTI","BAHADURPUR","NRAYANPUR","3153012056/RC/958486255823733814","9869","https://mnregaweb4.nic.in/nregaarch/View_NMMS_atten_date_dtl_rpt.aspx?page=&short_name=UP&state_name=UTTAR%20PRADESH&state_code=31&district_name=BASTI&district_code=3153&block_name=BAHADURPUR&block_code=3153012&panchayat_name=NRAYANPUR&panchayat_code=3153012056&fin_year=2025-2026&source=&work_code=3153012056/RC/958486255823733814&msr_no=9869&AttendanceDate=21/03/2026&Digest=x9O5v4+9qc+Wp3r8Ila1Nw",1
"BASTI","BAHADURPUR","PHOOLPUR","3153012061/RC/958486255823628352","9554","https://mnregaweb4.nic.in/nregaarch/View_NMMS_atten_date_dtl_rpt.aspx?page=&short_name=UP&state_name=UTTAR%20PRADESH&state_code=31&district_name=BASTI&district_code=3153&block_name=BAHADURPUR&block_code=3153012&panchayat_name=PHOOLPUR&panchayat_code=3153012061&fin_year=2025-2026&source=&work_code=3153012061/RC/958486255823628352&msr_no=9554&AttendanceDate=21/03/2026&Digest=tRw25SAhOWNpiOtBPm/tJw",7
"BASTI","BAHADURPUR","PRATAPPUR","3153012064/RC/958486255823658056","9693","https://mnregaweb4.nic.in/nregaarch/View_NMMS_atten_date_dtl_rpt.aspx?page=&short_name=UP&state_name=UTTAR%20PRADESH&state_code=31&district_name=BASTI&district_code=3153&block_name=BAHADURPUR&block_code=3153012&panchayat_name=PRATAPPUR&panchayat_code=3153012064&fin_year=2025-2026&source=&work_code=3153012064/RC/958486255823658056&msr_no=9693&AttendanceDate=21/03/2026&Digest=RQ2BUQn/1hsS0U70RXMY0g",5
"BASTI","BAHADURPUR","PRATAPPUR","3153012064/RC/958486255823707646","9698","https://mnregaweb4.nic.in/nregaarch/View_NMMS_atten_date_dtl_rpt.aspx?page=&short_name=UP&state_name=UTTAR%20PRADESH&state_code=31&district_name=BASTI&district_code=3153&block_name=BAHADURPUR&block_code=3153012&panchayat_name=PRATAPPUR&panchayat_code=3153012064&fin_year=2025-2026&source=&work_code=3153012064/RC/958486255823707646&msr_no=9698&AttendanceDate=21/03/2026&Digest=rX2PN/sYnpZn9i8YRkz8zg",9
"BASTI","BAHADURPUR","RAKHAUNA","3153012066/LD/958486255824953181","9787","https://mnregaweb4.nic.in/nregaarch/View_NMMS_atten_date_dtl_rpt.aspx?page=&short_name=UP&state_name=UTTAR%20PRADESH&state_code=31&district_name=BASTI&district_code=3153&block_name=BAHADURPUR&block_code=3153012&panchayat_name=RAKHAUNA&panchayat_code=3153012066&fin_year=2025-2026&source=&work_code=3153012066/LD/958486255824953181&msr_no=9787&AttendanceDate=21/03/2026&Digest=JNoUTj0gg3UyGVVWORnoYg",8
"BASTI","BAHADURPUR","SAIFABAD","3153012069/RC/958486255823597406","9679","https://mnregaweb4.nic.in/nregaarch/View_NMMS_atten_date_dtl_rpt.aspx?page=&short_name=UP&state_name=UTTAR%20PRADESH&state_code=31&district_name=BASTI&district_code=3153&block_name=BAHADURPUR&block_code=3153012&panchayat_name=SAIFABAD&panchayat_code=3153012069&fin_year=2025-2026&source=&work_code=3153012069/RC/958486255823597406&msr_no=9679&AttendanceDate=21/03/2026&Digest=9rx8nnFQs7JVl3SKql3z+A",7
"BASTI","BAHADURPUR","SAIFABAD","3153012069/RC/958486255823597413","9685","https://mnregaweb4.nic.in/nregaarch/View_NMMS_atten_date_dtl_rpt.aspx?page=&short_name=UP&state_name=UTTAR%20PRADESH&state_code=31&district_name=BASTI&district_code=3153&block_name=BAHADURPUR&block_code=3153012&panchayat_name=SAIFABAD&panchayat_code=3153012069&fin_year=2025-2026&source=&work_code=3153012069/RC/958486255823597413&msr_no=9685&AttendanceDate=21/03/2026&Digest=Sb+RWy5CqFhlMoDptgcTVQ",1
"BASTI","BAHADURPUR","KAMHARIYA 2","3153012070/AV/958486255824174675","9615","https://mnregaweb4.nic.in/nregaarch/View_NMMS_atten_date_dtl_rpt.aspx?page=&short_name=UP&state_name=UTTAR%20PRADESH&state_code=31&district_name=BASTI&district_code=3153&block_name=BAHADURPUR&block_code=3153012&panchayat_name=KAMHARIYA%202&panchayat_code=3153012070&fin_year=2025-2026&source=&work_code=3153012070/AV/958486255824174675&msr_no=9615&AttendanceDate=21/03/2026&Digest=/2ZEf1TcUdsuHpZGc/BzlA",4
"BASTI","BAHADURPUR","SHEKHPURA","3153012078/RC/958486255823677033","9734","https://mnregaweb4.nic.in/nregaarch/View_NMMS_atten_date_dtl_rpt.aspx?page=&short_name=UP&state_name=UTTAR%20PRADESH&state_code=31&district_name=BASTI&district_code=3153&block_name=BAHADURPUR&block_code=3153012&panchayat_name=SHEKHPURA&panchayat_code=3153012078&fin_year=2025-2026&source=&work_code=3153012078/RC/958486255823677033&msr_no=9734&AttendanceDate=21/03/2026&Digest=QNejBlCNcwK8GnpDRboqJg",3
"BASTI","BAHADURPUR","SHEKHPURA","3153012078/RC/958486255823694361","9740","https://mnregaweb4.nic.in/nregaarch/View_NMMS_atten_date_dtl_rpt.aspx?page=&short_name=UP&state_name=UTTAR%20PRADESH&state_code=31&district_name=BASTI&district_code=3153&block_name=BAHADURPUR&block_code=3153012&panchayat_name=SHEKHPURA&panchayat_code=3153012078&fin_year=2025-2026&source=&work_code=3153012078/RC/958486255823694361&msr_no=9740&AttendanceDate=21/03/2026&Digest=qj+c0kkjg2aSYvU46EK7Tw",2
"BASTI","BAHADURPUR","SEMRA URF GALWA","3153012087/WH/958486255824004832","9621","https://mnregaweb4.nic.in/nregaarch/View_NMMS_atten_date_dtl_rpt.aspx?page=&short_name=UP&state_name=UTTAR%20PRADESH&state_code=31&district_name=BASTI&district_code=3153&block_name=BAHADURPUR&block_code=3153012&panchayat_name=SEMRA%20URF%20GALWA&panchayat_code=3153012087&fin_year=2025-2026&source=&work_code=3153012087/WH/958486255824004832&msr_no=9621&AttendanceDate=21/03/2026&Digest=cUIV4GkPLLuzvYa0gPMbvg",9
"BASTI","BANKATI","DARVA KANCHI","3153011024/RC/958486255823749921","9497","https://mnregaweb4.nic.in/nregaarch/View_NMMS_atten_date_dtl_rpt.aspx?page=&short_name=UP&state_name=UTTAR%20PRADESH&state_code=31&district_name=BASTI&district_code=3153&block_name=BANKATI&block_code=3153011&panchayat_name=DARVA%20KANCHI&panchayat_code=3153011024&fin_year=2025-2026&source=&work_code=3153011024/RC/958486255823749921&msr_no=9497&AttendanceDate=21/03/2026&Digest=UmpfOZOwv9+UpbeCjiuLuw",6
"BASTI","BANKATI","DEWAMI","3153011027/AV/958486255824164986","9595","https://mnregaweb4.nic.in/nregaarch/View_NMMS_atten_date_dtl_rpt.aspx?page=&short_name=UP&state_name=UTTAR%20PRADESH&state_code=31&district_name=BASTI&district_code=3153&block_name=BANKATI&block_code=3153011&panchayat_name=DEWAMI&panchayat_code=3153011027&fin_year=2025-2026&source=&work_code=3153011027/AV/958486255824164986&msr_no=9595&AttendanceDate=21/03/2026&Digest=JKHD3XPOtyxo3Rf3Z+qBmg",1
"BASTI","BANKATI","DEWAMI","3153011027/FP/958486255823613996","9294","https://mnregaweb4.nic.in/nregaarch/View_NMMS_atten_date_dtl_rpt.aspx?page=&short_name=UP&state_name=UTTAR%20PRADESH&state_code=31&district_name=BASTI&district_code=3153&block_name=BANKATI&block_code=3153011&panchayat_name=DEWAMI&panchayat_code=3153011027&fin_year=2025-2026&source=&work_code=3153011027/FP/958486255823613996&msr_no=9294&AttendanceDate=21/03/2026&Digest=ZAEu3Hby6PVgZ5Erp0Ggng",4
"BASTI","BANKATI","GANGORI","3153011035/RC/958486255823750665","9586","https://mnregaweb4.nic.in/nregaarch/View_NMMS_atten_date_dtl_rpt.aspx?page=&short_name=UP&state_name=UTTAR%20PRADESH&state_code=31&district_name=BASTI&district_code=3153&block_name=BANKATI&block_code=3153011&panchayat_name=GANGORI&panchayat_code=3153011035&fin_year=2025-2026&source=&work_code=3153011035/RC/958486255823750665&msr_no=9586&AttendanceDate=21/03/2026&Digest=x42QRqFj5M0X85dpzCd68Q",5
"BASTI","BANKATI","KHAMOKHAR","3153011049/FP/958486255823594955","9224","https://mnregaweb4.nic.in/nregaarch/View_NMMS_atten_date_dtl_rpt.aspx?page=&short_name=UP&state_name=UTTAR%20PRADESH&state_code=31&district_name=BASTI&district_code=3153&block_name=BANKATI&block_code=3153011&panchayat_name=KHAMOKHAR&panchayat_code=3153011049&fin_year=2025-2026&source=&work_code=3153011049/FP/958486255823594955&msr_no=9224&AttendanceDate=21/03/2026&Digest=1dvctkf6okRm151SecfNfg",5
"BASTI","BANKATI","KHAMOKHAR","3153011049/RC/958486255823745109","9569","https://mnregaweb4.nic.in/nregaarch/View_NMMS_atten_date_dtl_rpt.aspx?page=&short_name=UP&state_name=UTTAR%20PRADESH&state_code=31&district_name=BASTI&district_code=3153&block_name=BANKATI&block_code=3153011&panchayat_name=KHAMOKHAR&panchayat_code=3153011049&fin_year=2025-2026&source=&work_code=3153011049/RC/958486255823745109&msr_no=9569&AttendanceDate=21/03/2026&Digest=ZrNkmzWb6PVjKMmCPTO8xg",10
"BASTI","BANKATI","KHARWANIA","3153011054/FP/958486255823613677","9313","https://mnregaweb4.nic.in/nregaarch/View_NMMS_atten_date_dtl_rpt.aspx?page=&short_name=UP&state_name=UTTAR%20PRADESH&state_code=31&district_name=BASTI&district_code=3153&block_name=BANKATI&block_code=3153011&panchayat_name=KHARWANIA&panchayat_code=3153011054&fin_year=2025-2026&source=&work_code=3153011054/FP/958486255823613677&msr_no=9313&AttendanceDate=21/03/2026&Digest=UWkLSEV3qJ2Dljjt7v7TfQ",10
"BASTI","BANKATI","KHORIA","3153011056/LD/YD/958486255824966387","9306","https://mnregaweb4.nic.in/nregaarch/View_NMMS_atten_date_dtl_rpt.aspx?page=&short_name=UP&state_name=UTTAR%20PRADESH&state_code=31&district_name=BASTI&district_code=3153&block_name=BANKATI&block_code=3153011&panchayat_name=KHORIA&panchayat_code=3153011056&fin_year=2025-2026&source=&work_code=3153011056/LD/YD/958486255824966387&msr_no=9306&AttendanceDate=21/03/2026&Digest=220c6hRgSQN+W3w7kDJP/w",8
"BASTI","BANKATI","KHORIA","3153011056/RC/YD/958486255823681583","9450","https://mnregaweb4.nic.in/nregaarch/View_NMMS_atten_date_dtl_rpt.aspx?page=&short_name=UP&state_name=UTTAR%20PRADESH&state_code=31&district_name=BASTI&district_code=3153&block_name=BANKATI&block_code=3153011&panchayat_name=KHORIA&panchayat_code=3153011056&fin_year=2025-2026&source=&work_code=3153011056/RC/YD/958486255823681583&msr_no=9450&AttendanceDate=21/03/2026&Digest=YW9GnWAU3inxl1jitRoSWA",10
"BASTI","BANKATI","KOHARAWA","3153011058/IC/958486255823741839","9550","https://mnregaweb4.nic.in/nregaarch/View_NMMS_atten_date_dtl_rpt.aspx?page=&short_name=UP&state_name=UTTAR%20PRADESH&state_code=31&district_name=BASTI&district_code=3153&block_name=BANKATI&block_code=3153011&panchayat_name=KOHARAWA&panchayat_code=3153011058&fin_year=2025-2026&source=&work_code=3153011058/IC/958486255823741839&msr_no=9550&AttendanceDate=21/03/2026&Digest=fVyeVhK30NwznI1FQ+7weQ",7
"BASTI","BANKATI","KOHARAWA","3153011058/IC/958486255823741839","9553","https://mnregaweb4.nic.in/nregaarch/View_NMMS_atten_date_dtl_rpt.aspx?page=&short_name=UP&state_name=UTTAR%20PRADESH&state_code=31&district_name=BASTI&district_code=3153&block_name=BANKATI&block_code=3153011&panchayat_name=KOHARAWA&panchayat_code=3153011058&fin_year=2025-2026&source=&work_code=3153011058/IC/958486255823741839&msr_no=9553&AttendanceDate=21/03/2026&Digest=HeTgHY4UzQEyW1BvPZSLAA",3
"BASTI","BANKATI","KURIYAR","3153011060/WC/958486255824235444","9357","https://mnregaweb4.nic.in/nregaarch/View_NMMS_atten_date_dtl_rpt.aspx?page=&short_name=UP&state_name=UTTAR%20PRADESH&state_code=31&district_name=BASTI&district_code=3153&block_name=BANKATI&block_code=3153011&panchayat_name=KURIYAR&panchayat_code=3153011060&fin_year=2025-2026&source=&work_code=3153011060/WC/958486255824235444&msr_no=9357&AttendanceDate=21/03/2026&Digest=iprGW/RgfjHLd8vyH+NQPg",8
"BASTI","BANKATI","KURIYAR","3153011060/WC/958486255824235444","9360","https://mnregaweb4.nic.in/nregaarch/View_NMMS_atten_date_dtl_rpt.aspx?page=&short_name=UP&state_name=UTTAR%20PRADESH&state_code=31&district_name=BASTI&district_code=3153&block_name=BANKATI&block_code=3153011&panchayat_name=KURIYAR&panchayat_code=3153011060&fin_year=2025-2026&source=&work_code=3153011060/WC/958486255824235444&msr_no=9360&AttendanceDate=21/03/2026&Digest=pO2KZOfTugaYTj8EoV794Q",8
"BASTI","BANKATI","MAKDUMPUR","3153011062/IC/958486255823692433","9419","https://mnregaweb4.nic.in/nregaarch/View_NMMS_atten_date_dtl_rpt.aspx?page=&short_name=UP&state_name=UTTAR%20PRADESH&state_code=31&district_name=BASTI&district_code=3153&block_name=BANKATI&block_code=3153011&panchayat_name=MAKDUMPUR&panchayat_code=3153011062&fin_year=2025-2026&source=&work_code=3153011062/IC/958486255823692433&msr_no=9419&AttendanceDate=21/03/2026&Digest=/TPKD6vmgfIH9exP5pOpeQ",3
"BASTI","BANKATI","MAKDUMPUR","3153011062/RC/958486255823711022","9528","https://mnregaweb4.nic.in/nregaarch/View_NMMS_atten_date_dtl_rpt.aspx?page=&short_name=UP&state_name=UTTAR%20PRADESH&state_code=31&district_name=BASTI&district_code=3153&block_name=BANKATI&block_code=3153011&panchayat_name=MAKDUMPUR&panchayat_code=3153011062&fin_year=2025-2026&source=&work_code=3153011062/RC/958486255823711022&msr_no=9528&AttendanceDate=21/03/2026&Digest=jcdeNeF9EkUCt5FQAbxjsg",7
"BASTI","BANKATI","MANIKAURA KHURD","3153011063/LD/958486255824950146","9334","https://mnregaweb4.nic.in/nregaarch/View_NMMS_atten_date_dtl_rpt.aspx?page=&short_name=UP&state_name=UTTAR%20PRADESH&state_code=31&district_name=BASTI&district_code=3153&block_name=BANKATI&block_code=3153011&panchayat_name=MANIKAURA%20KHURD&panchayat_code=3153011063&fin_year=2025-2026&source=&work_code=3153011063/LD/958486255824950146&msr_no=9334&AttendanceDate=21/03/2026&Digest=02rY4I44qO3Khpn/wTHYRg",10
"BASTI","BANKATI","MANIKAURA KHURD","3153011063/RC/958486255823744161","9322","https://mnregaweb4.nic.in/nregaarch/View_NMMS_atten_date_dtl_rpt.aspx?page=&short_name=UP&state_name=UTTAR%20PRADESH&state_code=31&district_name=BASTI&district_code=3153&block_name=BANKATI&block_code=3153011&panchayat_name=MANIKAURA%20KHURD&panchayat_code=3153011063&fin_year=2025-2026&source=&work_code=3153011063/RC/958486255823744161&msr_no=9322&AttendanceDate=21/03/2026&Digest=3Wq6eo/rREPn6SCb0aU3QQ",5
"BASTI","BANKATI","MEHRDA","3153011065/RC/958486255823749751","9512","https://mnregaweb4.nic.in/nregaarch/View_NMMS_atten_date_dtl_rpt.aspx?page=&short_name=UP&state_name=UTTAR%20PRADESH&state_code=31&district_name=BASTI&district_code=3153&block_name=BANKATI&block_code=3153011&panchayat_name=MEHRDA&panchayat_code=3153011065&fin_year=2025-2026&source=&work_code=3153011065/RC/958486255823749751&msr_no=9512&AttendanceDate=21/03/2026&Digest=C3UtisAZtyW9dbwqDChauw",8
"BASTI","BANKATI","NAGARA BAUDIHAR","3153011070/RC/958486255823712105","9598","https://mnregaweb4.nic.in/nregaarch/View_NMMS_atten_date_dtl_rpt.aspx?page=&short_name=UP&state_name=UTTAR%20PRADESH&state_code=31&district_name=BASTI&district_code=3153&block_name=BANKATI&block_code=3153011&panchayat_name=NAGARA%20BAUDIHAR&panchayat_code=3153011070&fin_year=2025-2026&source=&work_code=3153011070/RC/958486255823712105&msr_no=9598&AttendanceDate=21/03/2026&Digest=2h6uUtHaHCHE2p1jFpk82A",1
"BASTI","BANKATI","PARASI","3153011076/IC/958486255823713392","9204","https://mnregaweb4.nic.in/nregaarch/View_NMMS_atten_date_dtl_rpt.aspx?page=&short_name=UP&state_name=UTTAR%20PRADESH&state_code=31&district_name=BASTI&district_code=3153&block_name=BANKATI&block_code=3153011&panchayat_name=PARASI&panchayat_code=3153011076&fin_year=2025-2026&source=&work_code=3153011076/IC/958486255823713392&msr_no=9204&AttendanceDate=21/03/2026&Digest=Iqe/IFxQKGdBJHaZqpqhXg",9
"BASTI","BANKATI","PARASI","3153011076/IC/958486255823713395","9213","https://mnregaweb4.nic.in/nregaarch/View_NMMS_atten_date_dtl_rpt.aspx?page=&short_name=UP&state_name=UTTAR%20PRADESH&state_code=31&district_name=BASTI&district_code=3153&block_name=BANKATI&block_code=3153011&panchayat_name=PARASI&panchayat_code=3153011076&fin_year=2025-2026&source=&work_code=3153011076/IC/958486255823713395&msr_no=9213&AttendanceDate=21/03/2026&Digest=1nX1g+o3VWFv5lWr/R7/sA",10
"BASTI","BANKATI","PARASI","3153011076/RC/958486255823719298","9286","https://mnregaweb4.nic.in/nregaarch/View_NMMS_atten_date_dtl_rpt.aspx?page=&short_name=UP&state_name=UTTAR%20PRADESH&state_code=31&district_name=BASTI&district_code=3153&block_name=BANKATI&block_code=3153011&panchayat_name=PARASI&panchayat_code=3153011076&fin_year=2025-2026&source=&work_code=3153011076/RC/958486255823719298&msr_no=9286&AttendanceDate=21/03/2026&Digest=u/Wt6rIHQ1+emSY3G058pQ",2
"BASTI","BAHADURPUR","BENIPUR","3153012009/RC/958486255823584823","9743","https://mnregaweb4.nic.in/nregaarch/View_NMMS_atten_date_dtl_rpt.aspx?page=&short_name=UP&state_name=UTTAR%20PRADESH&state_code=31&district_name=BASTI&district_code=3153&block_name=BAHADURPUR&block_code=3153012&panchayat_name=BENIPUR&panchayat_code=3153012009&fin_year=2025-2026&source=&work_code=3153012009/RC/958486255823584823&msr_no=9743&AttendanceDate=21/03/2026&Digest=R9kdozOjumCoU1kLBKm77g",6
"BASTI","BAHADURPUR","BENIPUR","3153012010/RC/958486255823665977","9747","https://mnregaweb4.nic.in/nregaarch/View_NMMS_atten_date_dtl_rpt.aspx?page=&short_name=UP&state_name=UTTAR%20PRADESH&state_code=31&district_name=BASTI&district_code=3153&block_name=BAHADURPUR&block_code=3153012&panchayat_name=BENIPUR&panchayat_code=3153012009&fin_year=2025-2026&source=&work_code=3153012010/RC/958486255823665977&msr_no=9747&AttendanceDate=21/03/2026&Digest=nXkjXNeaWYF1fHgqQR10eg",9
"BASTI","BAHADURPUR","BHERIHA","3153012011/LD/958486255824954107","9708","https://mnregaweb4.nic.in/nregaarch/View_NMMS_atten_date_dtl_rpt.aspx?page=&short_name=UP&state_name=UTTAR%20PRADESH&state_code=31&district_name=BASTI&district_code=3153&block_name=BAHADURPUR&block_code=3153012&panchayat_name=BHERIHA&panchayat_code=3153012011&fin_year=2025-2026&source=&work_code=3153012011/LD/958486255824954107&msr_no=9708&AttendanceDate=21/03/2026&Digest=sU3Jg4p0A7uwfrZQaxEQeg",10
"BASTI","BAHADURPUR","SONBARSA","3153012014/LD/958486255824933208","9641","https://mnregaweb4.nic.in/nregaarch/View_NMMS_atten_date_dtl_rpt.aspx?page=&short_name=UP&state_name=UTTAR%20PRADESH&state_code=31&district_name=BASTI&district_code=3153&block_name=BAHADURPUR&block_code=3153012&panchayat_name=SONBARSA&panchayat_code=3153012014&fin_year=2025-2026&source=&work_code=3153012014/LD/958486255824933208&msr_no=9641&AttendanceDate=21/03/2026&Digest=BMfjG2+/yfeNLhioupN0AQ",4
"BASTI","BAHADURPUR","DEV DEEHA","3153012019/LD/958486255824951552","9702","https://mnregaweb4.nic.in/nregaarch/View_NMMS_atten_date_dtl_rpt.aspx?page=&short_name=UP&state_name=UTTAR%20PRADESH&state_code=31&district_name=BASTI&district_code=3153&block_name=BAHADURPUR&block_code=3153012&panchayat_name=DEV%20DEEHA&panchayat_code=3153012019&fin_year=2025-2026&source=&work_code=3153012019/LD/958486255824951552&msr_no=9702&AttendanceDate=21/03/2026&Digest=HMuPx/jZYUG493psXIDyYA",9
"BASTI","BAHADURPUR","DEV DEEHA","3153012019/RC/958486255823667988","9805","https://mnregaweb4.nic.in/nregaarch/View_NMMS_atten_date_dtl_rpt.aspx?page=&short_name=UP&state_name=UTTAR%20PRADESH&state_code=31&district_name=BASTI&district_code=3153&block_name=BAHADURPUR&block_code=3153012&panchayat_name=DEV%20DEEHA&panchayat_code=3153012019&fin_year=2025-2026&source=&work_code=3153012019/RC/958486255823667988&msr_no=9805&AttendanceDate=21/03/2026&Digest=RrZDa9ZLnzczZWUWoZRMfg",7
"BASTI","BAHADURPUR","JALALPUR","3153012026/RC/958486255823695170","9706","https://mnregaweb4.nic.in/nregaarch/View_NMMS_atten_date_dtl_rpt.aspx?page=&short_name=UP&state_name=UTTAR%20PRADESH&state_code=31&district_name=BASTI&district_code=3153&block_name=BAHADURPUR&block_code=3153012&panchayat_name=JALALPUR&panchayat_code=3153012026&fin_year=2025-2026&source=&work_code=3153012026/RC/958486255823695170&msr_no=9706&AttendanceDate=21/03/2026&Digest=zstS+oKBXTOgAYp7GGB9hA",9
"BASTI","BAHADURPUR","KALWARI MUSTAKHAM","3153012030/RC/958486255823689961","9769","https://mnregaweb4.nic.in/nregaarch/View_NMMS_atten_date_dtl_rpt.aspx?page=&short_name=UP&state_name=UTTAR%20PRADESH&state_code=31&district_name=BASTI&district_code=3153&block_name=BAHADURPUR&block_code=3153012&panchayat_name=KALWARI%20MUSTAKHAM&panchayat_code=3153012030&fin_year=2025-2026&source=&work_code=3153012030/RC/958486255823689961&msr_no=9769&AttendanceDate=21/03/2026&Digest=LY+ZWH/bLaO9AxrXj2Vr0g",8
"BASTI","BAHADURPUR","KANHAULI","3153012033/LD/958486255824834898","9711","https://mnregaweb4.nic.in/nregaarch/View_NMMS_atten_date_dtl_rpt.aspx?page=&short_name=UP&state_name=UTTAR%20PRADESH&state_code=31&district_name=BASTI&district_code=3153&block_name=BAHADURPUR&block_code=3153012&panchayat_name=KANHAULI&panchayat_code=3153012033&fin_year=2025-2026&source=&work_code=3153012033/LD/958486255824834898&msr_no=9711&AttendanceDate=21/03/2026&Digest=S1LEaKQ1twdjxSqfyjVCkQ",10
"BASTI","BAHADURPUR","KANHAULI","3153012033/LD/958486255824834898","9714","https://mnregaweb4.nic.in/nregaarch/View_NMMS_atten_date_dtl_rpt.aspx?page=&short_name=UP&state_name=UTTAR%20PRADESH&state_code=31&district_name=BASTI&district_code=3153&block_name=BAHADURPUR&block_code=3153012&panchayat_name=KANHAULI&panchayat_code=3153012033&fin_year=2025-2026&source=&work_code=3153012033/LD/958486255824834898&msr_no=9714&AttendanceDate=21/03/2026&Digest=iolq9PTNUuSlFouKHZZHjA",9
"BASTI","BAHADURPUR","KODAR","3153012039/RC/958486255823683517","9609","https://mnregaweb4.nic.in/nregaarch/View_NMMS_atten_date_dtl_rpt.aspx?page=&short_name=UP&state_name=UTTAR%20PRADESH&state_code=31&district_name=BASTI&district_code=3153&block_name=BAHADURPUR&block_code=3153012&panchayat_name=KODAR&panchayat_code=3153012039&fin_year=2025-2026&source=&work_code=3153012039/RC/958486255823683517&msr_no=9609&AttendanceDate=21/03/2026&Digest=zI23yftnZL9IvGIH68/yWA",10
"BASTI","BAHADURPUR","KODAR","3153012039/RC/958486255823683519","9631","https://mnregaweb4.nic.in/nregaarch/View_NMMS_atten_date_dtl_rpt.aspx?page=&short_name=UP&state_name=UTTAR%20PRADESH&state_code=31&district_name=BASTI&district_code=3153&block_name=BAHADURPUR&block_code=3153012&panchayat_name=KODAR&panchayat_code=3153012039&fin_year=2025-2026&source=&work_code=3153012039/RC/958486255823683519&msr_no=9631&AttendanceDate=21/03/2026&Digest=dDwAgM1ziBtgZOzx8itRmQ",7
"BASTI","BAHADURPUR","MATERA","3153012049/AV/958486255824150220","9781","https://mnregaweb4.nic.in/nregaarch/View_NMMS_atten_date_dtl_rpt.aspx?page=&short_name=UP&state_name=UTTAR%20PRADESH&state_code=31&district_name=BASTI&district_code=3153&block_name=BAHADURPUR&block_code=3153012&panchayat_name=MATERA&panchayat_code=3153012049&fin_year=2025-2026&source=&work_code=3153012049/AV/958486255824150220&msr_no=9781&AttendanceDate=21/03/2026&Digest=7Kg7K//hN4OErpssGe/Oig",2
"BASTI","BAHADURPUR","NRAYANPUR","3153012056/RC/958486255823733814","9867","https://mnregaweb4.nic.in/nregaarch/View_NMMS_atten_date_dtl_rpt.aspx?page=&short_name=UP&state_name=UTTAR%20PRADESH&state_code=31&district_name=BASTI&district_code=3153&block_name=BAHADURPUR&block_code=3153012&panchayat_name=NRAYANPUR&panchayat_code=3153012056&fin_year=2025-2026&source=&work_code=3153012056/RC/958486255823733814&msr_no=9867&AttendanceDate=21/03/2026&Digest=EdnhP9nfXftUn8tl5RHamA",9
"BASTI","BAHADURPUR","PRATAPPUR","3153012064/RC/958486255823589091","9694","https://mnregaweb4.nic.in/nregaarch/View_NMMS_atten_date_dtl_rpt.aspx?page=&short_name=UP&state_name=UTTAR%20PRADESH&state_code=31&district_name=BASTI&district_code=3153&block_name=BAHADURPUR&block_code=3153012&panchayat_name=PRATAPPUR&panchayat_code=3153012064&fin_year=2025-2026&source=&work_code=3153012064/RC/958486255823589091&msr_no=9694&AttendanceDate=21/03/2026&Digest=s8ak7XZRqy5VxA2ktu+vrw",6
"BASTI","BAHADURPUR","SAIFABAD","3153012069/RC/958486255823597406","9680","https://mnregaweb4.nic.in/nregaarch/View_NMMS_atten_date_dtl_rpt.aspx?page=&short_name=UP&state_name=UTTAR%20PRADESH&state_code=31&district_name=BASTI&district_code=3153&block_name=BAHADURPUR&block_code=3153012&panchayat_name=SAIFABAD&panchayat_code=3153012069&fin_year=2025-2026&source=&work_code=3153012069/RC/958486255823597406&msr_no=9680&AttendanceDate=21/03/2026&Digest=3ranTNrqH+l4SBcb94KHxg",3
"BASTI","BAHADURPUR","SHEKHPURA","3153012078/RC/958486255823694348","9741","https://mnregaweb4.nic.in/nregaarch/View_NMMS_atten_date_dtl_rpt.aspx?page=&short_name=UP&state_name=UTTAR%20PRADESH&state_code=31&district_name=BASTI&district_code=3153&block_name=BAHADURPUR&block_code=3153012&panchayat_name=SHEKHPURA&panchayat_code=3153012078&fin_year=2025-2026&source=&work_code=3153012078/RC/958486255823694348&msr_no=9741&AttendanceDate=21/03/2026&Digest=IKUOLzna1VvpsF8/0TT6jg",3
"BASTI","BAHADURPUR","SEMRA URF GALWA","3153012087/WH/958486255824004832","9620","https://mnregaweb4.nic.in/nregaarch/View_NMMS_atten_date_dtl_rpt.aspx?page=&short_name=UP&state_name=UTTAR%20PRADESH&state_code=31&district_name=BASTI&district_code=3153&block_name=BAHADURPUR&block_code=3153012&panchayat_name=SEMRA%20URF%20GALWA&panchayat_code=3153012087&fin_year=2025-2026&source=&work_code=3153012087/WH/958486255824004832&msr_no=9620&AttendanceDate=21/03/2026&Digest=9w4rJv/fuU7cV6GqktLxsw",8
"BASTI","BANKATI","DARVA KANCHI","3153011024/RC/958486255823749921","9498","https://mnregaweb4.nic.in/nregaarch/View_NMMS_atten_date_dtl_rpt.aspx?page=&short_name=UP&state_name=UTTAR%20PRADESH&state_code=31&district_name=BASTI&district_code=3153&block_name=BANKATI&block_code=3153011&panchayat_name=DARVA%20KANCHI&panchayat_code=3153011024&fin_year=2025-2026&source=&work_code=3153011024/RC/958486255823749921&msr_no=9498&AttendanceDate=21/03/2026&Digest=NsR4PbY7BMlndfVKjwpIfQ",2
"BASTI","BANKATI","DEWAMI","3153011027/AV/958486255824164986","9593","https://mnregaweb4.nic.in/nregaarch/View_NMMS_atten_date_dtl_rpt.aspx?page=&short_name=UP&state_name=UTTAR%20PRADESH&state_code=31&district_name=BASTI&district_code=3153&block_name=BANKATI&block_code=3153011&panchayat_name=DEWAMI&panchayat_code=3153011027&fin_year=2025-2026&source=&work_code=3153011027/AV/958486255824164986&msr_no=9593&AttendanceDate=21/03/2026&Digest=B66cgk3RH2Jn7yi/PKFNhg",2
"BASTI","BANKATI","DEWAMI","3153011027/AV/958486255824164986","9596","https://mnregaweb4.nic.in/nregaarch/View_NMMS_atten_date_dtl_rpt.aspx?page=&short_name=UP&state_name=UTTAR%20PRADESH&state_code=31&district_name=BASTI&district_code=3153&block_name=BANKATI&block_code=3153011&panchayat_name=DEWAMI&panchayat_code=3153011027&fin_year=2025-2026&source=&work_code=3153011027/AV/958486255824164986&msr_no=9596&AttendanceDate=21/03/2026&Digest=DFy4kEY9GvIxbHaSqVGVpA",3
"BASTI","BANKATI","DEWAMI","3153011027/FP/958486255823613996","9293","https://mnregaweb4.nic.in/nregaarch/View_NMMS_atten_date_dtl_rpt.aspx?page=&short_name=UP&state_name=UTTAR%20PRADESH&state_code=31&district_name=BASTI&district_code=3153&block_name=BANKATI&block_code=3153011&panchayat_name=DEWAMI&panchayat_code=3153011027&fin_year=2025-2026&source=&work_code=3153011027/FP/958486255823613996&msr_no=9293&AttendanceDate=21/03/2026&Digest=Onh/Yhkg2KMhE6MOtCDLGg",6
"BASTI","BANKATI","KABARA","3153011044/LD/958486255824938257","9291","https://mnregaweb4.nic.in/nregaarch/View_NMMS_atten_date_dtl_rpt.aspx?page=&short_name=UP&state_name=UTTAR%20PRADESH&state_code=31&district_name=BASTI&district_code=3153&block_name=BANKATI&block_code=3153011&panchayat_name=KABARA&panchayat_code=3153011044&fin_year=2025-2026&source=&work_code=3153011044/LD/958486255824938257&msr_no=9291&AttendanceDate=21/03/2026&Digest=SM1KtAEIW50bmCTwiXoH+Q",3
"BASTI","BANKATI","KHARATI","3153011050/AV/958486255824182731","9216","https://mnregaweb4.nic.in/nregaarch/View_NMMS_atten_date_dtl_rpt.aspx?page=&short_name=UP&state_name=UTTAR%20PRADESH&state_code=31&district_name=BASTI&district_code=3153&block_name=BANKATI&block_code=3153011&panchayat_name=KHARATI&panchayat_code=3153011050&fin_year=2025-2026&source=&work_code=3153011050/AV/958486255824182731&msr_no=9216&AttendanceDate=21/03/2026&Digest=wlHUS2rx31JV0E/ooWRhOQ",4
"BASTI","BANKATI","KHARHAURA(CHHVILAHA)","3153011051/WC/958486255824167025","9250","https://mnregaweb4.nic.in/nregaarch/View_NMMS_atten_date_dtl_rpt.aspx?page=&short_name=UP&state_name=UTTAR%20PRADESH&state_code=31&district_name=BASTI&district_code=3153&block_name=BANKATI&block_code=3153011&panchayat_name=KHARHAURA(CHHVILAHA)&panchayat_code=3153011051&fin_year=2025-2026&source=&work_code=3153011051/WC/958486255824167025&msr_no=9250&AttendanceDate=21/03/2026&Digest=eY6VxagYENys60WwnxW0wg",9
"BASTI","BANKATI","KHAROHA","3153011053/RC/958486255823653981","9599","https://mnregaweb4.nic.in/nregaarch/View_NMMS_atten_date_dtl_rpt.aspx?page=&short_name=UP&state_name=UTTAR%20PRADESH&state_code=31&district_name=BASTI&district_code=3153&block_name=BANKATI&block_code=3153011&panchayat_name=KHAROHA&panchayat_code=3153011053&fin_year=2025-2026&source=&work_code=3153011053/RC/958486255823653981&msr_no=9599&AttendanceDate=21/03/2026&Digest=QjCSzcG1Rr/bgjibso4ENg",10
"BASTI","BANKATI","KHORIA","3153011056/LD/YD/958486255824966387","9307","https://mnregaweb4.nic.in/nregaarch/View_NMMS_atten_date_dtl_rpt.aspx?page=&short_name=UP&state_name=UTTAR%20PRADESH&state_code=31&district_name=BASTI&district_code=3153&block_name=BANKATI&block_code=3153011&panchayat_name=KHORIA&panchayat_code=3153011056&fin_year=2025-2026&source=&work_code=3153011056/LD/YD/958486255824966387&msr_no=9307&AttendanceDate=21/03/2026&Digest=apUsHXrNaae5PaH91lNHcw",6
"BASTI","BANKATI","KHORIA","3153011056/LD/YD/958486255824966411","9237","https://mnregaweb4.nic.in/nregaarch/View_NMMS_atten_date_dtl_rpt.aspx?page=&short_name=UP&state_name=UTTAR%20PRADESH&state_code=31&district_name=BASTI&district_code=3153&block_name=BANKATI&block_code=3153011&panchayat_name=KHORIA&panchayat_code=3153011056&fin_year=2025-2026&source=&work_code=3153011056/LD/YD/958486255824966411&msr_no=9237&AttendanceDate=21/03/2026&Digest=jMuGCnDBLHjow/jX30EPaw",8
"BASTI","BANKATI","KHORIA","3153011056/RC/YD/958486255823681583","9451","https://mnregaweb4.nic.in/nregaarch/View_NMMS_atten_date_dtl_rpt.aspx?page=&short_name=UP&state_name=UTTAR%20PRADESH&state_code=31&district_name=BASTI&district_code=3153&block_name=BANKATI&block_code=3153011&panchayat_name=KHORIA&panchayat_code=3153011056&fin_year=2025-2026&source=&work_code=3153011056/RC/YD/958486255823681583&msr_no=9451&AttendanceDate=21/03/2026&Digest=+BfBJwlLj869IhwSlYybxg",9
"BASTI","BANKATI","KOHARAWA","3153011058/IC/958486255823741839","9551","https://mnregaweb4.nic.in/nregaarch/View_NMMS_atten_date_dtl_rpt.aspx?page=&short_name=UP&state_name=UTTAR%20PRADESH&state_code=31&district_name=BASTI&district_code=3153&block_name=BANKATI&block_code=3153011&panchayat_name=KOHARAWA&panchayat_code=3153011058&fin_year=2025-2026&source=&work_code=3153011058/IC/958486255823741839&msr_no=9551&AttendanceDate=21/03/2026&Digest=KmJnfwMuc0D5juTC3gSZGQ",6
"BASTI","BANKATI","KURIYAR","3153011060/IC/958486255823712455","9363","https://mnregaweb4.nic.in/nregaarch/View_NMMS_atten_date_dtl_rpt.aspx?page=&short_name=UP&state_name=UTTAR%20PRADESH&state_code=31&district_name=BASTI&district_code=3153&block_name=BANKATI&block_code=3153011&panchayat_name=KURIYAR&panchayat_code=3153011060&fin_year=2025-2026&source=&work_code=3153011060/IC/958486255823712455&msr_no=9363&AttendanceDate=21/03/2026&Digest=s6byXzTRvn3nVrXxn4tkuA",9
"BASTI","BANKATI","KURIYAR","3153011060/WC/958486255824235444","9359","https://mnregaweb4.nic.in/nregaarch/View_NMMS_atten_date_dtl_rpt.aspx?page=&short_name=UP&state_name=UTTAR%20PRADESH&state_code=31&district_name=BASTI&district_code=3153&block_name=BANKATI&block_code=3153011&panchayat_name=KURIYAR&panchayat_code=3153011060&fin_year=2025-2026&source=&work_code=3153011060/WC/958486255824235444&msr_no=9359&AttendanceDate=21/03/2026&Digest=HmCyZoPO7+Keu3HGnb9vAw",9
"BASTI","BANKATI","MAKDUMPUR","3153011062/RC/958486255823711022","9529","https://mnregaweb4.nic.in/nregaarch/View_NMMS_atten_date_dtl_rpt.aspx?page=&short_name=UP&state_name=UTTAR%20PRADESH&state_code=31&district_name=BASTI&district_code=3153&block_name=BANKATI&block_code=3153011&panchayat_name=MAKDUMPUR&panchayat_code=3153011062&fin_year=2025-2026&source=&work_code=3153011062/RC/958486255823711022&msr_no=9529&AttendanceDate=21/03/2026&Digest=Uc75tx3mti+2EFMTjlTzPg",4
"BASTI","BANKATI","MANIKAURA KHURD","3153011063/LD/958486255824950146","9333","https://mnregaweb4.nic.in/nregaarch/View_NMMS_atten_date_dtl_rpt.aspx?page=&short_name=UP&state_name=UTTAR%20PRADESH&state_code=31&district_name=BASTI&district_code=3153&block_name=BANKATI&block_code=3153011&panchayat_name=MANIKAURA%20KHURD&panchayat_code=3153011063&fin_year=2025-2026&source=&work_code=3153011063/LD/958486255824950146&msr_no=9333&AttendanceDate=21/03/2026&Digest=MJjSjUCZ4TY8JdIJc+24ng",10
"BASTI","BANKATI","MANIKAURA KHURD","3153011063/LD/958486255824950146","9336","https://mnregaweb4.nic.in/nregaarch/View_NMMS_atten_date_dtl_rpt.aspx?page=&short_name=UP&state_name=UTTAR%20PRADESH&state_code=31&district_name=BASTI&district_code=3153&block_name=BANKATI&block_code=3153011&panchayat_name=MANIKAURA%20KHURD&panchayat_code=3153011063&fin_year=2025-2026&source=&work_code=3153011063/LD/958486255824950146&msr_no=9336&AttendanceDate=21/03/2026&Digest=fJKU/hIRpj1z/k0SKKgXrA",9
"BASTI","BANKATI","PARASI","3153011076/IC/958486255823713395","9214","https://mnregaweb4.nic.in/nregaarch/View_NMMS_atten_date_dtl_rpt.aspx?page=&short_name=UP&state_name=UTTAR%20PRADESH&state_code=31&district_name=BASTI&district_code=3153&block_name=BANKATI&block_code=3153011&panchayat_name=PARASI&panchayat_code=3153011076&fin_year=2025-2026&source=&work_code=3153011076/IC/958486255823713395&msr_no=9214&AttendanceDate=21/03/2026&Digest=7BiE095CdneiZI+l2C24Kw",10
"BASTI","BANKATI","PARASI","3153011076/RC/958486255823719298","9285","https://mnregaweb4.nic.in/nregaarch/View_NMMS_atten_date_dtl_rpt.aspx?page=&short_name=UP&state_name=UTTAR%20PRADESH&state_code=31&district_name=BASTI&district_code=3153&block_name=BANKATI&block_code=3153011&panchayat_name=PARASI&panchayat_code=3153011076&fin_year=2025-2026&source=&work_code=3153011076/RC/958486255823719298&msr_no=9285&AttendanceDate=21/03/2026&Digest=UbsyarxIxxLVyhAZCMSfXw",10
"BASTI","BANKATI","SOBHAN PAR","3153011087/WC/958486255824159568","9315","https://mnregaweb4.nic.in/nregaarch/View_NMMS_atten_date_dtl_rpt.aspx?page=&short_name=UP&state_name=UTTAR%20PRADESH&state_code=31&district_name=BASTI&district_code=3153&block_name=BANKATI&block_code=3153011&panchayat_name=SOBHAN%20PAR&panchayat_code=3153011087&fin_year=2025-2026&source=&work_code=3153011087/WC/958486255824159568&msr_no=9315&AttendanceDate=21/03/2026&Digest=rRnMwSTB0Pv95AOJRhhzkw",1
"BASTI","BANKATI","MAHTHA","3153011096/IC/958486255823740167","9345","https://mnregaweb4.nic.in/nregaarch/View_NMMS_atten_date_dtl_rpt.aspx?page=&short_name=UP&state_name=UTTAR%20PRADESH&state_code=31&district_name=BASTI&district_code=3153&block_name=BANKATI&block_code=3153011&panchayat_name=MAHTHA&panchayat_code=3153011096&fin_year=2025-2026&source=&work_code=3153011096/IC/958486255823740167&msr_no=9345&AttendanceDate=21/03/2026&Digest=z2A2jNRZT7GKWMO/AF+wZA",8
"BASTI","BANKATI","MAHTHA","3153011096/IC/958486255823740167","9348","https://mnregaweb4.nic.in/nregaarch/View_NMMS_atten_date_dtl_rpt.aspx?page=&short_name=UP&state_name=UTTAR%20PRADESH&state_code=31&district_name=BASTI&district_code=3153&block_name=BANKATI&block_code=3153011&panchayat_name=MAHTHA&panchayat_code=3153011096&fin_year=2025-2026&source=&work_code=3153011096/IC/958486255823740167&msr_no=9348&AttendanceDate=21/03/2026&Digest=verilcQg4YW/CqJAF9yFhg",9
"BASTI","BAHADURPUR","BAHADURPUR","3153012007/WC/958486255824193195","9863","https://mnregaweb4.nic.in/nregaarch/View_NMMS_atten_date_dtl_rpt.aspx?page=&short_name=UP&state_name=UTTAR%20PRADESH&state_code=31&district_name=BASTI&district_code=3153&block_name=BAHADURPUR&block_code=3153012&panchayat_name=BAHADURPUR&panchayat_code=3153012007&fin_year=2025-2026&source=&work_code=3153012007/WC/958486255824193195&msr_no=9863&AttendanceDate=21/03/2026&Digest=J7s83F2HT1dkCzUCmUfJbw",8
"BASTI","BAHADURPUR","BHERIHA","3153012011/LD/958486255824954104","9563","https://mnregaweb4.nic.in/nregaarch/View_NMMS_atten_date_dtl_rpt.aspx?page=&short_name=UP&state_name=UTTAR%20PRADESH&state_code=31&district_name=BASTI&district_code=3153&block_name=BAHADURPUR&block_code=3153012&panchayat_name=BHERIHA&panchayat_code=3153012011&fin_year=2025-2026&source=&work_code=3153012011/LD/958486255824954104&msr_no=9563&AttendanceDate=21/03/2026&Digest=+yWVSv7VWNqK61ejv69lbw",9
"BASTI","BAHADURPUR","SONBARSA","3153012014/LD/958486255824933208","9634","https://mnregaweb4.nic.in/nregaarch/View_NMMS_atten_date_dtl_rpt.aspx?page=&short_name=UP&state_name=UTTAR%20PRADESH&state_code=31&district_name=BASTI&district_code=3153&block_name=BAHADURPUR&block_code=3153012&panchayat_name=SONBARSA&panchayat_code=3153012014&fin_year=2025-2026&source=&work_code=3153012014/LD/958486255824933208&msr_no=9634&AttendanceDate=21/03/2026&Digest=huWlUM+ew5QbCgfBzO3vcg",8
"BASTI","BAHADURPUR","DEV DEEHA","3153012019/LD/958486255824987443","9596","https://mnregaweb4.nic.in/nregaarch/View_NMMS_atten_date_dtl_rpt.aspx?page=&short_name=UP&state_name=UTTAR%20PRADESH&state_code=31&district_name=BASTI&district_code=3153&block_name=BAHADURPUR&block_code=3153012&panchayat_name=DEV%20DEEHA&panchayat_code=3153012019&fin_year=2025-2026&source=&work_code=3153012019/LD/958486255824987443&msr_no=9596&AttendanceDate=21/03/2026&Digest=L5D/y6jvQuc0GNrHL7435w",10
"BASTI","BAHADURPUR","KANHAULI","3153012033/LD/958486255825009893","9688","https://mnregaweb4.nic.in/nregaarch/View_NMMS_atten_date_dtl_rpt.aspx?page=&short_name=UP&state_name=UTTAR%20PRADESH&state_code=31&district_name=BASTI&district_code=3153&block_name=BAHADURPUR&block_code=3153012&panchayat_name=KANHAULI&panchayat_code=3153012033&fin_year=2025-2026&source=&work_code=3153012033/LD/958486255825009893&msr_no=9688&AttendanceDate=21/03/2026&Digest=gG0pi9bnT0UUoygmXOq2Rg",9
"BASTI","BAHADURPUR","NRAYANPUR","3153012056/RC/958486255823747685","9821","https://mnregaweb4.nic.in/nregaarch/View_NMMS_atten_date_dtl_rpt.aspx?page=&short_name=UP&state_name=UTTAR%20PRADESH&state_code=31&district_name=BASTI&district_code=3153&block_name=BAHADURPUR&block_code=3153012&panchayat_name=NRAYANPUR&panchayat_code=3153012056&fin_year=2025-2026&source=&work_code=3153012056/RC/958486255823747685&msr_no=9821&AttendanceDate=21/03/2026&Digest=yDN2by9iW5jXPVExSNU5ew",6
"BASTI","BAHADURPUR","PHOOLPUR","3153012061/RC/958486255823571296","9551","https://mnregaweb4.nic.in/nregaarch/View_NMMS_atten_date_dtl_rpt.aspx?page=&short_name=UP&state_name=UTTAR%20PRADESH&state_code=31&district_name=BASTI&district_code=3153&block_name=BAHADURPUR&block_code=3153012&panchayat_name=PHOOLPUR&panchayat_code=3153012061&fin_year=2025-2026&source=&work_code=3153012061/RC/958486255823571296&msr_no=9551&AttendanceDate=21/03/2026&Digest=LeaTQTKibzvyEHH9U+raFA",6
"BASTI","BAHADURPUR","PRATAPPUR","3153012064/RC/958486255823569535","9692","https://mnregaweb4.nic.in/nregaarch/View_NMMS_atten_date_dtl_rpt.aspx?page=&short_name=UP&state_name=UTTAR%20PRADESH&state_code=31&district_name=BASTI&district_code=3153&block_name=BAHADURPUR&block_code=3153012&panchayat_name=PRATAPPUR&panchayat_code=3153012064&fin_year=2025-2026&source=&work_code=3153012064/RC/958486255823569535&msr_no=9692&AttendanceDate=21/03/2026&Digest=XjR6e+8jUKjXabqAuoinCg",2
"BASTI","BAHADURPUR","PRATAPPUR","3153012064/RC/958486255823731564","9700","https://mnregaweb4.nic.in/nregaarch/View_NMMS_atten_date_dtl_rpt.aspx?page=&short_name=UP&state_name=UTTAR%20PRADESH&state_code=31&district_name=BASTI&district_code=3153&block_name=BAHADURPUR&block_code=3153012&panchayat_name=PRATAPPUR&panchayat_code=3153012064&fin_year=2025-2026&source=&work_code=3153012064/RC/958486255823731564&msr_no=9700&AttendanceDate=21/03/2026&Digest=I9SMZPea0HWojTI2/+i4Lw",2
"BASTI","BAHADURPUR","SISWARI RAGUBIR SINGH","3153012075/WH/958486255824013258","9663","https://mnregaweb4.nic.in/nregaarch/View_NMMS_atten_date_dtl_rpt.aspx?page=&short_name=UP&state_name=UTTAR%20PRADESH&state_code=31&district_name=BASTI&district_code=3153&block_name=BAHADURPUR&block_code=3153012&panchayat_name=SISWARI%20RAGUBIR%20SINGH&panchayat_code=3153012075&fin_year=2025-2026&source=&work_code=3153012075/WH/958486255824013258&msr_no=9663&AttendanceDate=21/03/2026&Digest=BVddgikpMGjw1rXp6Nyq2w",7
"BASTI","BAHADURPUR","VAISNOPUR","3153012079/LD/958486255824966695","9824","https://mnregaweb4.nic.in/nregaarch/View_NMMS_atten_date_dtl_rpt.aspx?page=&short_name=UP&state_name=UTTAR%20PRADESH&state_code=31&district_name=BASTI&district_code=3153&block_name=BAHADURPUR&block_code=3153012&panchayat_name=VAISNOPUR&panchayat_code=3153012079&fin_year=2025-2026&source=&work_code=3153012079/LD/958486255824966695&msr_no=9824&AttendanceDate=21/03/2026&Digest=ZKBCbpvJwGhHlWzelpq0Hg",8
"BASTI","BAHADURPUR","VAISNOPUR","3153012079/LD/958486255824966695","9827","https://mnregaweb4.nic.in/nregaarch/View_NMMS_atten_date_dtl_rpt.aspx?page=&short_name=UP&state_name=UTTAR%20PRADESH&state_code=31&district_name=BASTI&district_code=3153&block_name=BAHADURPUR&block_code=3153012&panchayat_name=VAISNOPUR&panchayat_code=3153012079&fin_year=2025-2026&source=&work_code=3153012079/LD/958486255824966695&msr_no=9827&AttendanceDate=21/03/2026&Digest=9+Y0jUd5hSO9uHd94TnIOQ",5
"BASTI","BANKATI","BHAWARA","3153011018/RC/958486255823707540","9337","https://mnregaweb4.nic.in/nregaarch/View_NMMS_atten_date_dtl_rpt.aspx?page=&short_name=UP&state_name=UTTAR%20PRADESH&state_code=31&district_name=BASTI&district_code=3153&block_name=BANKATI&block_code=3153011&panchayat_name=BHAWARA&panchayat_code=3153011018&fin_year=2025-2026&source=&work_code=3153011018/RC/958486255823707540&msr_no=9337&AttendanceDate=21/03/2026&Digest=oy2glUEVO4OtxprBrIK+xA",9
"BASTI","BANKATI","GULRIHA SIRMA","3153011038/IC/958486255823692245","9260","https://mnregaweb4.nic.in/nregaarch/View_NMMS_atten_date_dtl_rpt.aspx?page=&short_name=UP&state_name=UTTAR%20PRADESH&state_code=31&district_name=BASTI&district_code=3153&block_name=BANKATI&block_code=3153011&panchayat_name=GULRIHA%20SIRMA&panchayat_code=3153011038&fin_year=2025-2026&source=&work_code=3153011038/IC/958486255823692245&msr_no=9260&AttendanceDate=21/03/2026&Digest=W2ZPzwbsQ5SzgJmejUZcKA",9
"BASTI","BANKATI","HINAUTA","3153011041/IC/958486255823739646","9195","https://mnregaweb4.nic.in/nregaarch/View_NMMS_atten_date_dtl_rpt.aspx?page=&short_name=UP&state_name=UTTAR%20PRADESH&state_code=31&district_name=BASTI&district_code=3153&block_name=BANKATI&block_code=3153011&panchayat_name=HINAUTA&panchayat_code=3153011041&fin_year=2025-2026&source=&work_code=3153011041/IC/958486255823739646&msr_no=9195&AttendanceDate=21/03/2026&Digest=i7T4YhRLnJadyL4I4peh0A",10
"BASTI","BANKATI","HINAUTA","3153011041/IC/958486255823739648","9190","https://mnregaweb4.nic.in/nregaarch/View_NMMS_atten_date_dtl_rpt.aspx?page=&short_name=UP&state_name=UTTAR%20PRADESH&state_code=31&district_name=BASTI&district_code=3153&block_name=BANKATI&block_code=3153011&panchayat_name=HINAUTA&panchayat_code=3153011041&fin_year=2025-2026&source=&work_code=3153011041/IC/958486255823739648&msr_no=9190&AttendanceDate=21/03/2026&Digest=MRvvWVBj+f970xqbn7V6Pw",10
"BASTI","BANKATI","HINAUTA","3153011041/IC/958486255823739648","9193","https://mnregaweb4.nic.in/nregaarch/View_NMMS_atten_date_dtl_rpt.aspx?page=&short_name=UP&state_name=UTTAR%20PRADESH&state_code=31&district_name=BASTI&district_code=3153&block_name=BANKATI&block_code=3153011&panchayat_name=HINAUTA&panchayat_code=3153011041&fin_year=2025-2026&source=&work_code=3153011041/IC/958486255823739648&msr_no=9193&AttendanceDate=21/03/2026&Digest=mTiDcLl7ZweGhrNrpkjC7A",9
"BASTI","BANKATI","KHAJUHI(BANSGAV )","3153011047/RC/958486255823748023","9404","https://mnregaweb4.nic.in/nregaarch/View_NMMS_atten_date_dtl_rpt.aspx?page=&short_name=UP&state_name=UTTAR%20PRADESH&state_code=31&district_name=BASTI&district_code=3153&block_name=BANKATI&block_code=3153011&panchayat_name=KHAJUHI(BANSGAV%20)&panchayat_code=3153011047&fin_year=2025-2026&source=&work_code=3153011047/RC/958486255823748023&msr_no=9404&AttendanceDate=21/03/2026&Digest=d0Rkym0wDnsPS1CYqAmdZQ",9
"BASTI","BANKATI","KHARATI","3153011050/RC/958486255823743302","9433","https://mnregaweb4.nic.in/nregaarch/View_NMMS_atten_date_dtl_rpt.aspx?page=&short_name=UP&state_name=UTTAR%20PRADESH&state_code=31&district_name=BASTI&district_code=3153&block_name=BANKATI&block_code=3153011&panchayat_name=KHARATI&panchayat_code=3153011050&fin_year=2025-2026&source=&work_code=3153011050/RC/958486255823743302&msr_no=9433&AttendanceDate=21/03/2026&Digest=6wXp0u6y/hG3cuVznYUdrg",8
"BASTI","BANKATI","KHORIA","3153011056/IC/YD/958486255823722220","9637","https://mnregaweb4.nic.in/nregaarch/View_NMMS_atten_date_dtl_rpt.aspx?page=&short_name=UP&state_name=UTTAR%20PRADESH&state_code=31&district_name=BASTI&district_code=3153&block_name=BANKATI&block_code=3153011&panchayat_name=KHORIA&panchayat_code=3153011056&fin_year=2025-2026&source=&work_code=3153011056/IC/YD/958486255823722220&msr_no=9637&AttendanceDate=21/03/2026&Digest=6rNSbX2gjlloNuu6roK7rA",5
"BASTI","BANKATI","KHORIA","3153011056/LD/YD/958486255824966393","9245","https://mnregaweb4.nic.in/nregaarch/View_NMMS_atten_date_dtl_rpt.aspx?page=&short_name=UP&state_name=UTTAR%20PRADESH&state_code=31&district_name=BASTI&district_code=3153&block_name=BANKATI&block_code=3153011&panchayat_name=KHORIA&panchayat_code=3153011056&fin_year=2025-2026&source=&work_code=3153011056/LD/YD/958486255824966393&msr_no=9245&AttendanceDate=21/03/2026&Digest=jKnYaJoheVLADo7Jg+AXuA",7
"BASTI","BANKATI","KHORIA","3153011056/LD/YD/958486255824966393","9248","https://mnregaweb4.nic.in/nregaarch/View_NMMS_atten_date_dtl_rpt.aspx?page=&short_name=UP&state_name=UTTAR%20PRADESH&state_code=31&district_name=BASTI&district_code=3153&block_name=BANKATI&block_code=3153011&panchayat_name=KHORIA&panchayat_code=3153011056&fin_year=2025-2026&source=&work_code=3153011056/LD/YD/958486255824966393&msr_no=9248&AttendanceDate=21/03/2026&Digest=ALR2p8fgjEHipF1qnvrc8A",7
"BASTI","BANKATI","KHORIA","3153011056/LD/YD/958486255824966397","9241","https://mnregaweb4.nic.in/nregaarch/View_NMMS_atten_date_dtl_rpt.aspx?page=&short_name=UP&state_name=UTTAR%20PRADESH&state_code=31&district_name=BASTI&district_code=3153&block_name=BANKATI&block_code=3153011&panchayat_name=KHORIA&panchayat_code=3153011056&fin_year=2025-2026&source=&work_code=3153011056/LD/YD/958486255824966397&msr_no=9241&AttendanceDate=21/03/2026&Digest=k8gAFRHjbEb5xb1wsBZWmA",7
"BASTI","BANKATI","PAGAR KHAS","3153011073/RC/958486255823684325","9373","https://mnregaweb4.nic.in/nregaarch/View_NMMS_atten_date_dtl_rpt.aspx?page=&short_name=UP&state_name=UTTAR%20PRADESH&state_code=31&district_name=BASTI&district_code=3153&block_name=BANKATI&block_code=3153011&panchayat_name=PAGAR%20KHAS&panchayat_code=3153011073&fin_year=2025-2026&source=&work_code=3153011073/RC/958486255823684325&msr_no=9373&AttendanceDate=21/03/2026&Digest=afQG3FtpIYnFjdRAlKvmvQ",8
"BASTI","BANKATI","PIKAWARA SHUKLA","3153011078/RC/958486255823744117","9234","https://mnregaweb4.nic.in/nregaarch/View_NMMS_atten_date_dtl_rpt.aspx?page=&short_name=UP&state_name=UTTAR%20PRADESH&state_code=31&district_name=BASTI&district_code=3153&block_name=BANKATI&block_code=3153011&panchayat_name=PIKAWARA%20SHUKLA&panchayat_code=3153011078&fin_year=2025-2026&source=&work_code=3153011078/RC/958486255823744117&msr_no=9234&AttendanceDate=21/03/2026&Digest=nJYBZtzMrw0V2GuRx0gORQ",8
"BASTI","BANKATI","SOBHAN PAR","3153011087/LD/958486255824967557","9295","https://mnregaweb4.nic.in/nregaarch/View_NMMS_atten_date_dtl_rpt.aspx?page=&short_name=UP&state_name=UTTAR%20PRADESH&state_code=31&district_name=BASTI&district_code=3153&block_name=BANKATI&block_code=3153011&panchayat_name=SOBHAN%20PAR&panchayat_code=3153011087&fin_year=2025-2026&source=&work_code=3153011087/LD/958486255824967557&msr_no=9295&AttendanceDate=21/03/2026&Digest=vhCF1h4lBcUdFSHRa+/g1w",9
"BASTI","BANKATI","SOBHAN PAR","3153011087/LD/958486255824967557","9298","https://mnregaweb4.nic.in/nregaarch/View_NMMS_atten_date_dtl_rpt.aspx?page=&short_name=UP&state_name=UTTAR%20PRADESH&state_code=31&district_name=BASTI&district_code=3153&block_name=BANKATI&block_code=3153011&panchayat_name=SOBHAN%20PAR&panchayat_code=3153011087&fin_year=2025-2026&source=&work_code=3153011087/LD/958486255824967557&msr_no=9298&AttendanceDate=21/03/2026&Digest=ayPAS2KrgvtPWYEUCXbdew",7
"BASTI","BANKATI","SOBHAN PAR","3153011087/RC/958486255823735147","9270","https://mnregaweb4.nic.in/nregaarch/View_NMMS_atten_date_dtl_rpt.aspx?page=&short_name=UP&state_name=UTTAR%20PRADESH&state_code=31&district_name=BASTI&district_code=3153&block_name=BANKATI&block_code=3153011&panchayat_name=SOBHAN%20PAR&panchayat_code=3153011087&fin_year=2025-2026&source=&work_code=3153011087/RC/958486255823735147&msr_no=9270&AttendanceDate=21/03/2026&Digest=dgt0BKdMLhExuVcwuymZ9A",10
"BASTI","BANKATI","MAHTHA","3153011096/RC/958486255823749754","9544","https://mnregaweb4.nic.in/nregaarch/View_NMMS_atten_date_dtl_rpt.aspx?page=&short_name=UP&state_name=UTTAR%20PRADESH&state_code=31&district_name=BASTI&district_code=3153&block_name=BANKATI&block_code=3153011&panchayat_name=MAHTHA&panchayat_code=3153011096&fin_year=2025-2026&source=&work_code=3153011096/RC/958486255823749754&msr_no=9544&AttendanceDate=21/03/2026&Digest=OoL6LTX6iiNBMKk5R3BbSA",5
"BASTI","BANKATI","SISWA PANDEY","3153011101/FP/958486255823615286","9303","https://mnregaweb4.nic.in/nregaarch/View_NMMS_atten_date_dtl_rpt.aspx?page=&short_name=UP&state_name=UTTAR%20PRADESH&state_code=31&district_name=BASTI&district_code=3153&block_name=BANKATI&block_code=3153011&panchayat_name=SISWA%20PANDEY&panchayat_code=3153011101&fin_year=2025-2026&source=&work_code=3153011101/FP/958486255823615286&msr_no=9303&AttendanceDate=21/03/2026&Digest=wRyN9TKnWXF76ZEoeZwX+w",6
"BASTI","BANKATI","SISWA PANDEY","3153011101/IC/958486255823741153","9299","https://mnregaweb4.nic.in/nregaarch/View_NMMS_atten_date_dtl_rpt.aspx?page=&short_name=UP&state_name=UTTAR%20PRADESH&state_code=31&district_name=BASTI&district_code=3153&block_name=BANKATI&block_code=3153011&panchayat_name=SISWA%20PANDEY&panchayat_code=3153011101&fin_year=2025-2026&source=&work_code=3153011101/IC/958486255823741153&msr_no=9299&AttendanceDate=21/03/2026&Digest=6z1/oNNohoDeuwtnjWgLyQ",3
"BASTI","BASTI","BHUWANI","3153010019/LD/958486255824991864","4369","https://mnregaweb4.nic.in/nregaarch/View_NMMS_atten_date_dtl_rpt.aspx?page=&short_name=UP&state_name=UTTAR%20PRADESH&state_code=31&district_name=BASTI&district_code=3153&block_name=BASTI&block_code=3153010&panchayat_name=BHUWANI&panchayat_code=3153010019&fin_year=2025-2026&source=&work_code=3153010019/LD/958486255824991864&msr_no=4369&AttendanceDate=21/03/2026&Digest=jikXOJRiV7JqgEdptmEVoQ",8
"BASTI","DUBAULIYA","DEWRAGANGWAR","3153014015/LD/958486255825001487","4191","https://mnregaweb4.nic.in/nregaarch/View_NMMS_atten_date_dtl_rpt.aspx?page=&short_name=UP&state_name=UTTAR%20PRADESH&state_code=31&district_name=BASTI&district_code=3153&block_name=DUBAULIYA&block_code=3153014&panchayat_name=DEWRAGANGWAR&panchayat_code=3153014015&fin_year=2025-2026&source=&work_code=3153014015/LD/958486255825001487&msr_no=4191&AttendanceDate=21/03/2026&Digest=1EJYPqRr4dZ6L0zh2o7C5Q",9
"BASTI","DUBAULIYA","EKDENGWA","3153014016/AV/958486255824176499","4103","https://mnregaweb4.nic.in/nregaarch/View_NMMS_atten_date_dtl_rpt.aspx?page=&short_name=UP&state_name=UTTAR%20PRADESH&state_code=31&district_name=BASTI&district_code=3153&block_name=DUBAULIYA&block_code=3153014&panchayat_name=EKDENGWA&panchayat_code=3153014016&fin_year=2025-2026&source=&work_code=3153014016/AV/958486255824176499&msr_no=4103&AttendanceDate=21/03/2026&Digest=ctl6EXjFpvr+GPJmQuqr6A",5
"BASTI","DUBAULIYA","PURE OARI RAI","3153014023/RC/958486255823749308","4140","https://mnregaweb4.nic.in/nregaarch/View_NMMS_atten_date_dtl_rpt.aspx?page=&short_name=UP&state_name=UTTAR%20PRADESH&state_code=31&district_name=BASTI&district_code=3153&block_name=DUBAULIYA&block_code=3153014&panchayat_name=PURE%20OARI%20RAI&panchayat_code=3153014023&fin_year=2025-2026&source=&work_code=3153014023/RC/958486255823749308&msr_no=4140&AttendanceDate=21/03/2026&Digest=xXiiUGGokebc6rIfBG4z2A",5
"BASTI","DUBAULIYA","PAYAK PUR","3153014025/RC/958486255823750843","4297","https://mnregaweb4.nic.in/nregaarch/View_NMMS_atten_date_dtl_rpt.aspx?page=&short_name=UP&state_name=UTTAR%20PRADESH&state_code=31&district_name=BASTI&district_code=3153&block_name=DUBAULIYA&block_code=3153014&panchayat_name=PAYAK%20PUR&panchayat_code=3153014025&fin_year=2025-2026&source=&work_code=3153014025/RC/958486255823750843&msr_no=4297&AttendanceDate=21/03/2026&Digest=XajkLP4KhzY3YRiRMe8NTw",5
"BASTI","DUBAULIYA","BHAKRAHI","3153014035/RC/958486255823750364","4234","https://mnregaweb4.nic.in/nregaarch/View_NMMS_atten_date_dtl_rpt.aspx?page=&short_name=UP&state_name=UTTAR%20PRADESH&state_code=31&district_name=BASTI&district_code=3153&block_name=DUBAULIYA&block_code=3153014&panchayat_name=BHAKRAHI&panchayat_code=3153014035&fin_year=2025-2026&source=&work_code=3153014035/RC/958486255823750364&msr_no=4234&AttendanceDate=21/03/2026&Digest=LmoTlOkEEdCZlL9ZA/ygnw",8
"BASTI","DUBAULIYA","BHAKRAHI","3153014035/RC/958486255823751006","4238","https://mnregaweb4.nic.in/nregaarch/View_NMMS_atten_date_dtl_rpt.aspx?page=&short_name=UP&state_name=UTTAR%20PRADESH&state_code=31&district_name=BASTI&district_code=3153&block_name=DUBAULIYA&block_code=3153014&panchayat_name=BHAKRAHI&panchayat_code=3153014035&fin_year=2025-2026&source=&work_code=3153014035/RC/958486255823751006&msr_no=4238&AttendanceDate=21/03/2026&Digest=qNoz9/hhKyrJvRqepjl8Jw",10
"BASTI","DUBAULIYA","BHAKRAHI","3153014035/RC/958486255823751006","4241","https://mnregaweb4.nic.in/nregaarch/View_NMMS_atten_date_dtl_rpt.aspx?page=&short_name=UP&state_name=UTTAR%20PRADESH&state_code=31&district_name=BASTI&district_code=3153&block_name=DUBAULIYA&block_code=3153014&panchayat_name=BHAKRAHI&panchayat_code=3153014035&fin_year=2025-2026&source=&work_code=3153014035/RC/958486255823751006&msr_no=4241&AttendanceDate=21/03/2026&Digest=EzecNvv0vQTvUPMAbREw5g",5
"BASTI","DUBAULIYA","SARAIYA BAKSI","3153014046/RC/958486255823647641","4195","https://mnregaweb4.nic.in/nregaarch/View_NMMS_atten_date_dtl_rpt.aspx?page=&short_name=UP&state_name=UTTAR%20PRADESH&state_code=31&district_name=BASTI&district_code=3153&block_name=DUBAULIYA&block_code=3153014&panchayat_name=SARAIYA%20BAKSI&panchayat_code=3153014046&fin_year=2025-2026&source=&work_code=3153014046/RC/958486255823647641&msr_no=4195&AttendanceDate=21/03/2026&Digest=Fv5gTFHa5xNTCRri5FgxYA",4
"BASTI","BAHADURPUR","BAHADURPUR","3153012007/WC/958486255824193195","9862","https://mnregaweb4.nic.in/nregaarch/View_NMMS_atten_date_dtl_rpt.aspx?page=&short_name=UP&state_name=UTTAR%20PRADESH&state_code=31&district_name=BASTI&district_code=3153&block_name=BAHADURPUR&block_code=3153012&panchayat_name=BAHADURPUR&panchayat_code=3153012007&fin_year=2025-2026&source=&work_code=3153012007/WC/958486255824193195&msr_no=9862&AttendanceDate=21/03/2026&Digest=0se413xM0Rvv+BFSm+qaCw",10
"BASTI","BAHADURPUR","BAHADURPUR","3153012007/WH/958486255823987468","9642","https://mnregaweb4.nic.in/nregaarch/View_NMMS_atten_date_dtl_rpt.aspx?page=&short_name=UP&state_name=UTTAR%20PRADESH&state_code=31&district_name=BASTI&district_code=3153&block_name=BAHADURPUR&block_code=3153012&panchayat_name=BAHADURPUR&panchayat_code=3153012007&fin_year=2025-2026&source=&work_code=3153012007/WH/958486255823987468&msr_no=9642&AttendanceDate=21/03/2026&Digest=I12lnMFC7lNvIc6La260Hw",10
"BASTI","BAHADURPUR","BAHADURPUR","3153012007/WH/958486255823987468","9645","https://mnregaweb4.nic.in/nregaarch/View_NMMS_atten_date_dtl_rpt.aspx?page=&short_name=UP&state_name=UTTAR%20PRADESH&state_code=31&district_name=BASTI&district_code=3153&block_name=BAHADURPUR&block_code=3153012&panchayat_name=BAHADURPUR&panchayat_code=3153012007&fin_year=2025-2026&source=&work_code=3153012007/WH/958486255823987468&msr_no=9645&AttendanceDate=21/03/2026&Digest=8yQJg0AtfpCzdLUJDOIN9g",4
"BASTI","BAHADURPUR","BHELWAL","3153012010/RC/958486255823716921","9795","https://mnregaweb4.nic.in/nregaarch/View_NMMS_atten_date_dtl_rpt.aspx?page=&short_name=UP&state_name=UTTAR%20PRADESH&state_code=31&district_name=BASTI&district_code=3153&block_name=BAHADURPUR&block_code=3153012&panchayat_name=BHELWAL&panchayat_code=3153012010&fin_year=2025-2026&source=&work_code=3153012010/RC/958486255823716921&msr_no=9795&AttendanceDate=21/03/2026&Digest=68VxIFx5YkdamvyuGARw4g",8
"BASTI","BAHADURPUR","BHERIHA","3153012011/LD/958486255824954104","9562","https://mnregaweb4.nic.in/nregaarch/View_NMMS_atten_date_dtl_rpt.aspx?page=&short_name=UP&state_name=UTTAR%20PRADESH&state_code=31&district_name=BASTI&district_code=3153&block_name=BAHADURPUR&block_code=3153012&panchayat_name=BHERIHA&panchayat_code=3153012011&fin_year=2025-2026&source=&work_code=3153012011/LD/958486255824954104&msr_no=9562&AttendanceDate=21/03/2026&Digest=0CZQOk6iyRC0HtpY8Id0Nw",10
"BASTI","BAHADURPUR","DEV DEEHA","3153012019/LD/958486255824987443","9597","https://mnregaweb4.nic.in/nregaarch/View_NMMS_atten_date_dtl_rpt.aspx?page=&short_name=UP&state_name=UTTAR%20PRADESH&state_code=31&district_name=BASTI&district_code=3153&block_name=BAHADURPUR&block_code=3153012&panchayat_name=DEV%20DEEHA&panchayat_code=3153012019&fin_year=2025-2026&source=&work_code=3153012019/LD/958486255824987443&msr_no=9597&AttendanceDate=21/03/2026&Digest=m//5Dgz4oaKENz0knbQP4w",10
"BASTI","BAHADURPUR","DEV DEEHA","3153012019/RC/958486255823667988","9799","https://mnregaweb4.nic.in/nregaarch/View_NMMS_atten_date_dtl_rpt.aspx?page=&short_name=UP&state_name=UTTAR%20PRADESH&state_code=31&district_name=BASTI&district_code=3153&block_name=BAHADURPUR&block_code=3153012&panchayat_name=DEV%20DEEHA&panchayat_code=3153012019&fin_year=2025-2026&source=&work_code=3153012019/RC/958486255823667988&msr_no=9799&AttendanceDate=21/03/2026&Digest=ztMtSlfVUFO+r07w4L3cHA",2
"BASTI","BAHADURPUR","GOVINDPUR (Bahadurpur)","3153012023/RC/958486255823669277","9625","https://mnregaweb4.nic.in/nregaarch/View_NMMS_atten_date_dtl_rpt.aspx?page=&short_name=UP&state_name=UTTAR%20PRADESH&state_code=31&district_name=BASTI&district_code=3153&block_name=BAHADURPUR&block_code=3153012&panchayat_name=GOVINDPUR%20%20(Bahadurpur)&panchayat_code=3153012023&fin_year=2025-2026&source=&work_code=3153012023/RC/958486255823669277&msr_no=9625&AttendanceDate=21/03/2026&Digest=M2XKN4Dy8An81jxznuh8Rg",6
"BASTI","BAHADURPUR","KANHAULI","3153012033/RC/958486255823735865","9586","https://mnregaweb4.nic.in/nregaarch/View_NMMS_atten_date_dtl_rpt.aspx?page=&short_name=UP&state_name=UTTAR%20PRADESH&state_code=31&district_name=BASTI&district_code=3153&block_name=BAHADURPUR&block_code=3153012&panchayat_name=KANHAULI&panchayat_code=3153012033&fin_year=2025-2026&source=&work_code=3153012033/RC/958486255823735865&msr_no=9586&AttendanceDate=21/03/2026&Digest=o4joIY1YtaCIu7jRKXyg6g",5
"BASTI","BAHADURPUR","NRAYANPUR","3153012056/RC/958486255823747685","9819","https://mnregaweb4.nic.in/nregaarch/View_NMMS_atten_date_dtl_rpt.aspx?page=&short_name=UP&state_name=UTTAR%20PRADESH&state_code=31&district_name=BASTI&district_code=3153&block_name=BAHADURPUR&block_code=3153012&panchayat_name=NRAYANPUR&panchayat_code=3153012056&fin_year=2025-2026&source=&work_code=3153012056/RC/958486255823747685&msr_no=9819&AttendanceDate=21/03/2026&Digest=bwRhm9sJs5lLFA+gxTZwZw",9
"BASTI","BAHADURPUR","PHOOLPUR","3153012061/RC/958486255823571296","9552","https://mnregaweb4.nic.in/nregaarch/View_NMMS_atten_date_dtl_rpt.aspx?page=&short_name=UP&state_name=UTTAR%20PRADESH&state_code=31&district_name=BASTI&district_code=3153&block_name=BAHADURPUR&block_code=3153012&panchayat_name=PHOOLPUR&panchayat_code=3153012061&fin_year=2025-2026&source=&work_code=3153012061/RC/958486255823571296&msr_no=9552&AttendanceDate=21/03/2026&Digest=2wqV00FHYnxJqsjK5BsWnA",6
"BASTI","BAHADURPUR","PHOOLPUR","3153012061/RC/958486255823640976","9554","https://mnregaweb4.nic.in/nregaarch/View_NMMS_atten_date_dtl_rpt.aspx?page=&short_name=UP&state_name=UTTAR%20PRADESH&state_code=31&district_name=BASTI&district_code=3153&block_name=BAHADURPUR&block_code=3153012&panchayat_name=PHOOLPUR&panchayat_code=3153012061&fin_year=2025-2026&source=&work_code=3153012061/RC/958486255823640976&msr_no=9554&AttendanceDate=21/03/2026&Digest=VWCFv6KBGU9Kw4I1yIzTYQ",7
"BASTI","BAHADURPUR","PRATAPPUR","3153012064/RC/958486255823589093","9691","https://mnregaweb4.nic.in/nregaarch/View_NMMS_atten_date_dtl_rpt.aspx?page=&short_name=UP&state_name=UTTAR%20PRADESH&state_code=31&district_name=BASTI&district_code=3153&block_name=BAHADURPUR&block_code=3153012&panchayat_name=PRATAPPUR&panchayat_code=3153012064&fin_year=2025-2026&source=&work_code=3153012064/RC/958486255823589093&msr_no=9691&AttendanceDate=21/03/2026&Digest=crg0vJS7AjBEI3lH2L/M9A",2
"BASTI","BAHADURPUR","ROJIYA","3153012068/WC/958486255824246430","9544","https://mnregaweb4.nic.in/nregaarch/View_NMMS_atten_date_dtl_rpt.aspx?page=&short_name=UP&state_name=UTTAR%20PRADESH&state_code=31&district_name=BASTI&district_code=3153&block_name=BAHADURPUR&block_code=3153012&panchayat_name=ROJIYA&panchayat_code=3153012068&fin_year=2025-2026&source=&work_code=3153012068/WC/958486255824246430&msr_no=9544&AttendanceDate=21/03/2026&Digest=pmRsELt80OousJ3EGcL9NA",7
"BASTI","BAHADURPUR","VAISNOPUR","3153012079/LD/958486255824966695","9825","https://mnregaweb4.nic.in/nregaarch/View_NMMS_atten_date_dtl_rpt.aspx?page=&short_name=UP&state_name=UTTAR%20PRADESH&state_code=31&district_name=BASTI&district_code=3153&block_name=BAHADURPUR&block_code=3153012&panchayat_name=VAISNOPUR&panchayat_code=3153012079&fin_year=2025-2026&source=&work_code=3153012079/LD/958486255824966695&msr_no=9825&AttendanceDate=21/03/2026&Digest=/Dg84Z3B31RkfhrHdf0/DQ",7
"BASTI","BAHADURPUR","SEMRA URF GALWA","3153012087/AV/958486255824174667","9766","https://mnregaweb4.nic.in/nregaarch/View_NMMS_atten_date_dtl_rpt.aspx?page=&short_name=UP&state_name=UTTAR%20PRADESH&state_code=31&district_name=BASTI&district_code=3153&block_name=BAHADURPUR&block_code=3153012&panchayat_name=SEMRA%20URF%20GALWA&panchayat_code=3153012087&fin_year=2025-2026&source=&work_code=3153012087/AV/958486255824174667&msr_no=9766&AttendanceDate=21/03/2026&Digest=Ev1IdLXPio/vTJIjxwimaQ",6
"BASTI","BANKATI","BARAHUA","3153011009/AV/958486255824186396","9564","https://mnregaweb4.nic.in/nregaarch/View_NMMS_atten_date_dtl_rpt.aspx?page=&short_name=UP&state_name=UTTAR%20PRADESH&state_code=31&district_name=BASTI&district_code=3153&block_name=BANKATI&block_code=3153011&panchayat_name=BARAHUA&panchayat_code=3153011009&fin_year=2025-2026&source=&work_code=3153011009/AV/958486255824186396&msr_no=9564&AttendanceDate=21/03/2026&Digest=tM603dkqLhaCblnTuqGo+A",9
"BASTI","BANKATI","BHAWARA","3153011018/RC/958486255823707540","9338","https://mnregaweb4.nic.in/nregaarch/View_NMMS_atten_date_dtl_rpt.aspx?page=&short_name=UP&state_name=UTTAR%20PRADESH&state_code=31&district_name=BASTI&district_code=3153&block_name=BANKATI&block_code=3153011&panchayat_name=BHAWARA&panchayat_code=3153011018&fin_year=2025-2026&source=&work_code=3153011018/RC/958486255823707540&msr_no=9338&AttendanceDate=21/03/2026&Digest=voQGhcrbBmtmn9MXyrUyVA",4
"BASTI","BANKATI","DEWAMI","3153011027/FP/958486255823613996","9310","https://mnregaweb4.nic.in/nregaarch/View_NMMS_atten_date_dtl_rpt.aspx?page=&short_name=UP&state_name=UTTAR%20PRADESH&state_code=31&district_name=BASTI&district_code=3153&block_name=BANKATI&block_code=3153011&panchayat_name=DEWAMI&panchayat_code=3153011027&fin_year=2025-2026&source=&work_code=3153011027/FP/958486255823613996&msr_no=9310&AttendanceDate=21/03/2026&Digest=V4oF4YsOWD0b8kWx93nDPw",8
"BASTI","BANKATI","GULRIHA SIRMA","3153011038/IC/958486255823692245","9258","https://mnregaweb4.nic.in/nregaarch/View_NMMS_atten_date_dtl_rpt.aspx?page=&short_name=UP&state_name=UTTAR%20PRADESH&state_code=31&district_name=BASTI&district_code=3153&block_name=BANKATI&block_code=3153011&panchayat_name=GULRIHA%20SIRMA&panchayat_code=3153011038&fin_year=2025-2026&source=&work_code=3153011038/IC/958486255823692245&msr_no=9258&AttendanceDate=21/03/2026&Digest=QiEN4ganimsLx5gOFgYYTg",8
"BASTI","BANKATI","GULRIHA SIRMA","3153011038/IC/958486255823692245","9261","https://mnregaweb4.nic.in/nregaarch/View_NMMS_atten_date_dtl_rpt.aspx?page=&short_name=UP&state_name=UTTAR%20PRADESH&state_code=31&district_name=BASTI&district_code=3153&block_name=BANKATI&block_code=3153011&panchayat_name=GULRIHA%20SIRMA&panchayat_code=3153011038&fin_year=2025-2026&source=&work_code=3153011038/IC/958486255823692245&msr_no=9261&AttendanceDate=21/03/2026&Digest=ySceEFZer7AItJ2WkpDnqw",8
"BASTI","BANKATI","HINAUTA","3153011041/IC/958486255823739646","9196","https://mnregaweb4.nic.in/nregaarch/View_NMMS_atten_date_dtl_rpt.aspx?page=&short_name=UP&state_name=UTTAR%20PRADESH&state_code=31&district_name=BASTI&district_code=3153&block_name=BANKATI&block_code=3153011&panchayat_name=HINAUTA&panchayat_code=3153011041&fin_year=2025-2026&source=&work_code=3153011041/IC/958486255823739646&msr_no=9196&AttendanceDate=21/03/2026&Digest=T2sBB3jgZgc82nMrcKjJHg",8
"BASTI","BANKATI","HINAUTA","3153011041/IC/958486255823739648","9191","https://mnregaweb4.nic.in/nregaarch/View_NMMS_atten_date_dtl_rpt.aspx?page=&short_name=UP&state_name=UTTAR%20PRADESH&state_code=31&district_name=BASTI&district_code=3153&block_name=BANKATI&block_code=3153011&panchayat_name=HINAUTA&panchayat_code=3153011041&fin_year=2025-2026&source=&work_code=3153011041/IC/958486255823739648&msr_no=9191&AttendanceDate=21/03/2026&Digest=IRUMQfTPv9IdKajC9GKm+g",8
"BASTI","BANKATI","HINAUTA","3153011041/IC/958486255823739648","9194","https://mnregaweb4.nic.in/nregaarch/View_NMMS_atten_date_dtl_rpt.aspx?page=&short_name=UP&state_name=UTTAR%20PRADESH&state_code=31&district_name=BASTI&district_code=3153&block_name=BANKATI&block_code=3153011&panchayat_name=HINAUTA&panchayat_code=3153011041&fin_year=2025-2026&source=&work_code=3153011041/IC/958486255823739648&msr_no=9194&AttendanceDate=21/03/2026&Digest=31zjO/NQ8lx0WFxgwG93ig",2
"BASTI","BANKATI","HINAUTA","3153011041/RC/958486255823750743","9646","https://mnregaweb4.nic.in/nregaarch/View_NMMS_atten_date_dtl_rpt.aspx?page=&short_name=UP&state_name=UTTAR%20PRADESH&state_code=31&district_name=BASTI&district_code=3153&block_name=BANKATI&block_code=3153011&panchayat_name=HINAUTA&panchayat_code=3153011041&fin_year=2025-2026&source=&work_code=3153011041/RC/958486255823750743&msr_no=9646&AttendanceDate=21/03/2026&Digest=XzheJWcusKrIclNEH8dcPw",4
"BASTI","BANKATI","KHAJUHI(BANSGAV )","3153011047/RC/958486255823748023","9405","https://mnregaweb4.nic.in/nregaarch/View_NMMS_atten_date_dtl_rpt.aspx?page=&short_name=UP&state_name=UTTAR%20PRADESH&state_code=31&district_name=BASTI&district_code=3153&block_name=BANKATI&block_code=3153011&panchayat_name=KHAJUHI(BANSGAV%20)&panchayat_code=3153011047&fin_year=2025-2026&source=&work_code=3153011047/RC/958486255823748023&msr_no=9405&AttendanceDate=21/03/2026&Digest=0psu38Q2EshaDvGCcieXgg",4
"BASTI","BANKATI","KHAMOKHAR","3153011049/RC/958486255823745109","9588","https://mnregaweb4.nic.in/nregaarch/View_NMMS_atten_date_dtl_rpt.aspx?page=&short_name=UP&state_name=UTTAR%20PRADESH&state_code=31&district_name=BASTI&district_code=3153&block_name=BANKATI&block_code=3153011&panchayat_name=KHAMOKHAR&panchayat_code=3153011049&fin_year=2025-2026&source=&work_code=3153011049/RC/958486255823745109&msr_no=9588&AttendanceDate=21/03/2026&Digest=a6hYfWwW67yP31I78g8vIQ",6
"BASTI","BANKATI","KHARATI","3153011050/RC/958486255823743302","9434","https://mnregaweb4.nic.in/nregaarch/View_NMMS_atten_date_dtl_rpt.aspx?page=&short_name=UP&state_name=UTTAR%20PRADESH&state_code=31&district_name=BASTI&district_code=3153&block_name=BANKATI&block_code=3153011&panchayat_name=KHARATI&panchayat_code=3153011050&fin_year=2025-2026&source=&work_code=3153011050/RC/958486255823743302&msr_no=9434&AttendanceDate=21/03/2026&Digest=Gx01cMSUs0NHGuElmC1d6A",8
"BASTI","BANKATI","KHARHAURA(CHHVILAHA)","3153011051/WC/958486255824167025","9253","https://mnregaweb4.nic.in/nregaarch/View_NMMS_atten_date_dtl_rpt.aspx?page=&short_name=UP&state_name=UTTAR%20PRADESH&state_code=31&district_name=BASTI&district_code=3153&block_name=BANKATI&block_code=3153011&panchayat_name=KHARHAURA(CHHVILAHA)&panchayat_code=3153011051&fin_year=2025-2026&source=&work_code=3153011051/WC/958486255824167025&msr_no=9253&AttendanceDate=21/03/2026&Digest=NScdPLI48NxULj8hjw4R7w",3
"BASTI","BANKATI","KHAROHA","3153011053/RC/958486255823580852","9171","https://mnregaweb4.nic.in/nregaarch/View_NMMS_atten_date_dtl_rpt.aspx?page=&short_name=UP&state_name=UTTAR%20PRADESH&state_code=31&district_name=BASTI&district_code=3153&block_name=BANKATI&block_code=3153011&panchayat_name=KHAROHA&panchayat_code=3153011053&fin_year=2025-2026&source=&work_code=3153011053/RC/958486255823580852&msr_no=9171&AttendanceDate=21/03/2026&Digest=eeHMYC/uVmhEJMXHIjc11Q",8
"BASTI","BANKATI","KHORIA","3153011056/IC/YD/958486255823722220","9638","https://mnregaweb4.nic.in/nregaarch/View_NMMS_atten_date_dtl_rpt.aspx?page=&short_name=UP&state_name=UTTAR%20PRADESH&state_code=31&district_name=BASTI&district_code=3153&block_name=BANKATI&block_code=3153011&panchayat_name=KHORIA&panchayat_code=3153011056&fin_year=2025-2026&source=&work_code=3153011056/IC/YD/958486255823722220&msr_no=9638&AttendanceDate=21/03/2026&Digest=ERdNANF/D2qT1UwPa8SJKA",2
"BASTI","BANKATI","KHORIA","3153011056/IC/YD/958486255823723324","9608","https://mnregaweb4.nic.in/nregaarch/View_NMMS_atten_date_dtl_rpt.aspx?page=&short_name=UP&state_name=UTTAR%20PRADESH&state_code=31&district_name=BASTI&district_code=3153&block_name=BANKATI&block_code=3153011&panchayat_name=KHORIA&panchayat_code=3153011056&fin_year=2025-2026&source=&work_code=3153011056/IC/YD/958486255823723324&msr_no=9608&AttendanceDate=21/03/2026&Digest=JNu/RMi4j8BrMI/Us9xMNg",10
"BASTI","BANKATI","KHORIA","3153011056/LD/YD/958486255824966397","9242","https://mnregaweb4.nic.in/nregaarch/View_NMMS_atten_date_dtl_rpt.aspx?page=&short_name=UP&state_name=UTTAR%20PRADESH&state_code=31&district_name=BASTI&district_code=3153&block_name=BANKATI&block_code=3153011&panchayat_name=KHORIA&panchayat_code=3153011056&fin_year=2025-2026&source=&work_code=3153011056/LD/YD/958486255824966397&msr_no=9242&AttendanceDate=21/03/2026&Digest=0S4jPniagKQd3Es8Gj+XIg",6
"BASTI","BANKATI","KHORIA","3153011056/LD/YD/958486255824966411","9240","https://mnregaweb4.nic.in/nregaarch/View_NMMS_atten_date_dtl_rpt.aspx?page=&short_name=UP&state_name=UTTAR%20PRADESH&state_code=31&district_name=BASTI&district_code=3153&block_name=BANKATI&block_code=3153011&panchayat_name=KHORIA&panchayat_code=3153011056&fin_year=2025-2026&source=&work_code=3153011056/LD/YD/958486255824966411&msr_no=9240&AttendanceDate=21/03/2026&Digest=072rKqja61W2fLxyFS6Czg",2
"BASTI","BANKATI","KHORIA","3153011056/RC/YD/958486255823681577","9627","https://mnregaweb4.nic.in/nregaarch/View_NMMS_atten_date_dtl_rpt.aspx?page=&short_name=UP&state_name=UTTAR%20PRADESH&state_code=31&district_name=BASTI&district_code=3153&block_name=BANKATI&block_code=3153011&panchayat_name=KHORIA&panchayat_code=3153011056&fin_year=2025-2026&source=&work_code=3153011056/RC/YD/958486255823681577&msr_no=9627&AttendanceDate=21/03/2026&Digest=Tpkf84EuqcohYj/qs6zPgA",9
"BASTI","BANKATI","KHORIA","3153011056/RC/YD/958486255823681577","9630","https://mnregaweb4.nic.in/nregaarch/View_NMMS_atten_date_dtl_rpt.aspx?page=&short_name=UP&state_name=UTTAR%20PRADESH&state_code=31&district_name=BASTI&district_code=3153&block_name=BANKATI&block_code=3153011&panchayat_name=KHORIA&panchayat_code=3153011056&fin_year=2025-2026&source=&work_code=3153011056/RC/YD/958486255823681577&msr_no=9630&AttendanceDate=21/03/2026&Digest=+dpHkn7PbyEXpjXuN7+bMQ",8
"BASTI","BANKATI","KURIYAR","3153011060/IC/958486255823712455","9366","https://mnregaweb4.nic.in/nregaarch/View_NMMS_atten_date_dtl_rpt.aspx?page=&short_name=UP&state_name=UTTAR%20PRADESH&state_code=31&district_name=BASTI&district_code=3153&block_name=BANKATI&block_code=3153011&panchayat_name=KURIYAR&panchayat_code=3153011060&fin_year=2025-2026&source=&work_code=3153011060/IC/958486255823712455&msr_no=9366&AttendanceDate=21/03/2026&Digest=ICDXUOiCPWPMPv4knHuabw",10
"BASTI","BANKATI","NAGARA BAUDIHAR","3153011070/RC/958486255823712105","9155","https://mnregaweb4.nic.in/nregaarch/View_NMMS_atten_date_dtl_rpt.aspx?page=&short_name=UP&state_name=UTTAR%20PRADESH&state_code=31&district_name=BASTI&district_code=3153&block_name=BANKATI&block_code=3153011&panchayat_name=NAGARA%20BAUDIHAR&panchayat_code=3153011070&fin_year=2025-2026&source=&work_code=3153011070/RC/958486255823712105&msr_no=9155&AttendanceDate=21/03/2026&Digest=Ks5FF+E491BsdI8y09HJRA",8
"BASTI","BANKATI","SOBHAN PAR","3153011087/LD/958486255824967557","9297","https://mnregaweb4.nic.in/nregaarch/View_NMMS_atten_date_dtl_rpt.aspx?page=&short_name=UP&state_name=UTTAR%20PRADESH&state_code=31&district_name=BASTI&district_code=3153&block_name=BANKATI&block_code=3153011&panchayat_name=SOBHAN%20PAR&panchayat_code=3153011087&fin_year=2025-2026&source=&work_code=3153011087/LD/958486255824967557&msr_no=9297&AttendanceDate=21/03/2026&Digest=jn73HmjQRgwakdLZ6/WUGA",6
"BASTI","BANKATI","SOBHAN PAR","3153011087/RC/958486255823735147","9271","https://mnregaweb4.nic.in/nregaarch/View_NMMS_atten_date_dtl_rpt.aspx?page=&short_name=UP&state_name=UTTAR%20PRADESH&state_code=31&district_name=BASTI&district_code=3153&block_name=BANKATI&block_code=3153011&panchayat_name=SOBHAN%20PAR&panchayat_code=3153011087&fin_year=2025-2026&source=&work_code=3153011087/RC/958486255823735147&msr_no=9271&AttendanceDate=21/03/2026&Digest=LwE2qpq6rywr/ENlGeqDMA",9
"BASTI","BANKATI","GULAURA","3153011112/RC/958486255823716060","9459","https://mnregaweb4.nic.in/nregaarch/View_NMMS_atten_date_dtl_rpt.aspx?page=&short_name=UP&state_name=UTTAR%20PRADESH&state_code=31&district_name=BASTI&district_code=3153&block_name=BANKATI&block_code=3153011&panchayat_name=GULAURA&panchayat_code=3153011112&fin_year=2025-2026&source=&work_code=3153011112/RC/958486255823716060&msr_no=9459&AttendanceDate=21/03/2026&Digest=qKj84PPYZUUWcidGSPYW2g",5
"BASTI","BANKATI","GUDI","3153011113/WC/958486255824167039","9472","https://mnregaweb4.nic.in/nregaarch/View_NMMS_atten_date_dtl_rpt.aspx?page=&short_name=UP&state_name=UTTAR%20PRADESH&state_code=31&district_name=BASTI&district_code=3153&block_name=BANKATI&block_code=3153011&panchayat_name=GUDI&panchayat_code=3153011113&fin_year=2025-2026&source=&work_code=3153011113/WC/958486255824167039&msr_no=9472&AttendanceDate=21/03/2026&Digest=PefqoGy0hhbd5H82fM3Wlw",5
"BASTI","BANKATI","GUDI","3153011113/WC/958486255824167039","9475","https://mnregaweb4.nic.in/nregaarch/View_NMMS_atten_date_dtl_rpt.aspx?page=&short_name=UP&state_name=UTTAR%20PRADESH&state_code=31&district_name=BASTI&district_code=3153&block_name=BANKATI&block_code=3153011&panchayat_name=GUDI&panchayat_code=3153011113&fin_year=2025-2026&source=&work_code=3153011113/WC/958486255824167039&msr_no=9475&AttendanceDate=21/03/2026&Digest=26taPGqtHLT7Yja3YrMggQ",3
"BASTI","BASTI","BARSANV","3153010009/RC/958486255823747490","4375","https://mnregaweb4.nic.in/nregaarch/View_NMMS_atten_date_dtl_rpt.aspx?page=&short_name=UP&state_name=UTTAR%20PRADESH&state_code=31&district_name=BASTI&district_code=3153&block_name=BASTI&block_code=3153010&panchayat_name=BARSANV&panchayat_code=3153010009&fin_year=2025-2026&source=&work_code=3153010009/RC/958486255823747490&msr_no=4375&AttendanceDate=21/03/2026&Digest=1s2Wi/agBgfUm3GVos4EYw",3
"BASTI","BASTI","BELHARA","3153010013/RC/958486255823644833","4399","https://mnregaweb4.nic.in/nregaarch/View_NMMS_atten_date_dtl_rpt.aspx?page=&short_name=UP&state_name=UTTAR%20PRADESH&state_code=31&district_name=BASTI&district_code=3153&block_name=BASTI&block_code=3153010&panchayat_name=BELHARA&panchayat_code=3153010013&fin_year=2025-2026&source=&work_code=3153010013/RC/958486255823644833&msr_no=4399&AttendanceDate=21/03/2026&Digest=mILMsgQlltVvzgQtRshkPg",6
"BASTI","BASTI","MAHSO","3153010057/WH/958486255824012356","4368","https://mnregaweb4.nic.in/nregaarch/View_NMMS_atten_date_dtl_rpt.aspx?page=&short_name=UP&state_name=UTTAR%20PRADESH&state_code=31&district_name=BASTI&district_code=3153&block_name=BASTI&block_code=3153010&panchayat_name=MAHSO&panchayat_code=3153010057&fin_year=2025-2026&source=&work_code=3153010057/WH/958486255824012356&msr_no=4368&AttendanceDate=21/03/2026&Digest=M2tOOrUlhxwOl+Aw1cl8tg",3
"BASTI","BASTI","RAIKWAR","3153010070/RC/958486255823675819","4382","https://mnregaweb4.nic.in/nregaarch/View_NMMS_atten_date_dtl_rpt.aspx?page=&short_name=UP&state_name=UTTAR%20PRADESH&state_code=31&district_name=BASTI&district_code=3153&block_name=BASTI&block_code=3153010&panchayat_name=RAIKWAR&panchayat_code=3153010070&fin_year=2025-2026&source=&work_code=3153010070/RC/958486255823675819&msr_no=4382&AttendanceDate=21/03/2026&Digest=XM18QrK2J/mx6qyO19lOAg",5
"BASTI","DUBAULIYA","PAKRI CHAUHAAN","3153014006/AV/958486255824187517","4308","https://mnregaweb4.nic.in/nregaarch/View_NMMS_atten_date_dtl_rpt.aspx?page=&short_name=UP&state_name=UTTAR%20PRADESH&state_code=31&district_name=BASTI&district_code=3153&block_name=DUBAULIYA&block_code=3153014&panchayat_name=PAKRI%20CHAUHAAN&panchayat_code=3153014006&fin_year=2025-2026&source=&work_code=3153014006/AV/958486255824187517&msr_no=4308&AttendanceDate=21/03/2026&Digest=N7ovsubXkDZCWv8RsA0edQ",9
"BASTI","DUBAULIYA","GULAWARI","3153014014/RC/958486255823749921","4277","https://mnregaweb4.nic.in/nregaarch/View_NMMS_atten_date_dtl_rpt.aspx?page=&short_name=UP&state_name=UTTAR%20PRADESH&state_code=31&district_name=BASTI&district_code=3153&block_name=DUBAULIYA&block_code=3153014&panchayat_name=GULAWARI&panchayat_code=3153014014&fin_year=2025-2026&source=&work_code=3153014014/RC/958486255823749921&msr_no=4277&AttendanceDate=21/03/2026&Digest=TJX72gpZGtKxWV7s4YMsOA",10
"BASTI","DUBAULIYA","DUBAULIYA","3153014029/RC/958486255823737184","4117","https://mnregaweb4.nic.in/nregaarch/View_NMMS_atten_date_dtl_rpt.aspx?page=&short_name=UP&state_name=UTTAR%20PRADESH&state_code=31&district_name=BASTI&district_code=3153&block_name=DUBAULIYA&block_code=3153014&panchayat_name=DUBAULIYA&panchayat_code=3153014029&fin_year=2025-2026&source=&work_code=3153014029/RC/958486255823737184&msr_no=4117&AttendanceDate=21/03/2026&Digest=MzNxnOXBbBTlyoQSYjzV8Q",6
"BASTI","DUBAULIYA","LAXMANPUR","3153014030/LD/958486255824889824","4106","https://mnregaweb4.nic.in/nregaarch/View_NMMS_atten_date_dtl_rpt.aspx?page=&short_name=UP&state_name=UTTAR%20PRADESH&state_code=31&district_name=BASTI&district_code=3153&block_name=DUBAULIYA&block_code=3153014&panchayat_name=LAXMANPUR&panchayat_code=3153014030&fin_year=2025-2026&source=&work_code=3153014030/LD/958486255824889824&msr_no=4106&AttendanceDate=21/03/2026&Digest=1UOKCILqbStI5ot7fanl5Q",8
"BASTI","DUBAULIYA","SARIYA ATIBAL","3153014031/LD/958486255824953898","4138","https://mnregaweb4.nic.in/nregaarch/View_NMMS_atten_date_dtl_rpt.aspx?page=&short_name=UP&state_name=UTTAR%20PRADESH&state_code=31&district_name=BASTI&district_code=3153&block_name=DUBAULIYA&block_code=3153014&panchayat_name=SARIYA%20ATIBAL&panchayat_code=3153014031&fin_year=2025-2026&source=&work_code=3153014031/LD/958486255824953898&msr_no=4138&AttendanceDate=21/03/2026&Digest=HSdaEIRd+Ep2TfabA08TLw",10
"BASTI","DUBAULIYA","BHAKRAHI","3153014035/RC/958486255823750364","4236","https://mnregaweb4.nic.in/nregaarch/View_NMMS_atten_date_dtl_rpt.aspx?page=&short_name=UP&state_name=UTTAR%20PRADESH&state_code=31&district_name=BASTI&district_code=3153&block_name=DUBAULIYA&block_code=3153014&panchayat_name=BHAKRAHI&panchayat_code=3153014035&fin_year=2025-2026&source=&work_code=3153014035/RC/958486255823750364&msr_no=4236&AttendanceDate=21/03/2026&Digest=E6y6PKyspsB29fMErUjF8w",7
"BASTI","DUBAULIYA","BHAKRAHI","3153014035/RC/958486255823751006","4239","https://mnregaweb4.nic.in/nregaarch/View_NMMS_atten_date_dtl_rpt.aspx?page=&short_name=UP&state_name=UTTAR%20PRADESH&state_code=31&district_name=BASTI&district_code=3153&block_name=DUBAULIYA&block_code=3153014&panchayat_name=BHAKRAHI&panchayat_code=3153014035&fin_year=2025-2026&source=&work_code=3153014035/RC/958486255823751006&msr_no=4239&AttendanceDate=21/03/2026&Digest=j4zhBw+JFclTy2Q+n6TuAw",9
"BASTI","DUBAULIYA","KEVARI MUSTAHKAM","3153014040/RC/958486255823615820","4105","https://mnregaweb4.nic.in/nregaarch/View_NMMS_atten_date_dtl_rpt.aspx?page=&short_name=UP&state_name=UTTAR%20PRADESH&state_code=31&district_name=BASTI&district_code=3153&block_name=DUBAULIYA&block_code=3153014&panchayat_name=KEVARI%20MUSTAHKAM&panchayat_code=3153014040&fin_year=2025-2026&source=&work_code=3153014040/RC/958486255823615820&msr_no=4105&AttendanceDate=21/03/2026&Digest=vx5PoKCi2IAcu6+mI0thWg",6
"BASTI","DUBAULIYA","SARAIYA BAKSI","3153014046/RC/958486255823647641","4194","https://mnregaweb4.nic.in/nregaarch/View_NMMS_atten_date_dtl_rpt.aspx?page=&short_name=UP&state_name=UTTAR%20PRADESH&state_code=31&district_name=BASTI&district_code=3153&block_name=DUBAULIYA&block_code=3153014&panchayat_name=SARAIYA%20BAKSI&panchayat_code=3153014046&fin_year=2025-2026&source=&work_code=3153014046/RC/958486255823647641&msr_no=4194&AttendanceDate=21/03/2026&Digest=X16F7SNf9UrYZD3ho8lMUg",9
"BASTI","DUBAULIYA","SARAIYA BAKSI","3153014046/RC/958486255823727877","4198","https://mnregaweb4.nic.in/nregaarch/View_NMMS_atten_date_dtl_rpt.aspx?page=&short_name=UP&state_name=UTTAR%20PRADESH&state_code=31&district_name=BASTI&district_code=3153&block_name=DUBAULIYA&block_code=3153014&panchayat_name=SARAIYA%20BAKSI&panchayat_code=3153014046&fin_year=2025-2026&source=&work_code=3153014046/RC/958486255823727877&msr_no=4198&AttendanceDate=21/03/2026&Digest=0e6dxlYXE9It9SOkRXqkgQ",8
"BASTI","DUBAULIYA","SARAIYA BAKSI","3153014046/RC/958486255823727878","4202","https://mnregaweb4.nic.in/nregaarch/View_NMMS_atten_date_dtl_rpt.aspx?page=&short_name=UP&state_name=UTTAR%20PRADESH&state_code=31&district_name=BASTI&district_code=3153&block_name=DUBAULIYA&block_code=3153014&panchayat_name=SARAIYA%20BAKSI&panchayat_code=3153014046&fin_year=2025-2026&source=&work_code=3153014046/RC/958486255823727878&msr_no=4202&AttendanceDate=21/03/2026&Digest=Kh1Ispult+AnbMT3x9XW8A",9
"BASTI","DUBAULIYA","BARSAV","3153014055/RC/958486255823751326","4319","https://mnregaweb4.nic.in/nregaarch/View_NMMS_atten_date_dtl_rpt.aspx?page=&short_name=UP&state_name=UTTAR%20PRADESH&state_code=31&district_name=BASTI&district_code=3153&block_name=DUBAULIYA&block_code=3153014&panchayat_name=BARSAV&panchayat_code=3153014055&fin_year=2025-2026&source=&work_code=3153014055/RC/958486255823751326&msr_no=4319&AttendanceDate=21/03/2026&Digest=qYZI73zzM+o+cdlDlV8fbg",1
"BASTI","DUBAULIYA","BARSAV","3153014055/WH/958486255823263333","4093","https://mnregaweb4.nic.in/nregaarch/View_NMMS_atten_date_dtl_rpt.aspx?page=&short_name=UP&state_name=UTTAR%20PRADESH&state_code=31&district_name=BASTI&district_code=3153&block_name=DUBAULIYA&block_code=3153014&panchayat_name=BARSAV&panchayat_code=3153014055&fin_year=2025-2026&source=&work_code=3153014055/WH/958486255823263333&msr_no=4093&AttendanceDate=21/03/2026&Digest=ju8eXng5zBpSlha49pIBJA",6
"BASTI","DUBAULIYA","BARSAV","3153014055/WH/958486255823263333","4096","https://mnregaweb4.nic.in/nregaarch/View_NMMS_atten_date_dtl_rpt.aspx?page=&short_name=UP&state_name=UTTAR%20PRADESH&state_code=31&district_name=BASTI&district_code=3153&block_name=DUBAULIYA&block_code=3153014&panchayat_name=BARSAV&panchayat_code=3153014055&fin_year=2025-2026&source=&work_code=3153014055/WH/958486255823263333&msr_no=4096&AttendanceDate=21/03/2026&Digest=ZP2Mr3RqCr0QGrWun0nljw",9
"BASTI","GAUR","AIALAKLA","3153002003/RC/958486255823748284","6535","https://mnregaweb4.nic.in/nregaarch/View_NMMS_atten_date_dtl_rpt.aspx?page=&short_name=UP&state_name=UTTAR%20PRADESH&state_code=31&district_name=BASTI&district_code=3153&block_name=GAUR&block_code=3153002&panchayat_name=AIALAKLA&panchayat_code=3153002003&fin_year=2025-2026&source=&work_code=3153002003/RC/958486255823748284&msr_no=6535&AttendanceDate=21/03/2026&Digest=5SA0avs5xu0FFSCnMijTOQ",8
"BASTI","GAUR","BADHANI","3153002008/RC/958486255823745355","6431","https://mnregaweb4.nic.in/nregaarch/View_NMMS_atten_date_dtl_rpt.aspx?page=&short_name=UP&state_name=UTTAR%20PRADESH&state_code=31&district_name=BASTI&district_code=3153&block_name=GAUR&block_code=3153002&panchayat_name=BADHANI&panchayat_code=3153002008&fin_year=2025-2026&source=&work_code=3153002008/RC/958486255823745355&msr_no=6431&AttendanceDate=21/03/2026&Digest=2Gs5li3KOZxY4DYq51mkEQ",4
"BASTI","GAUR","BADYA","3153002009/IC/958486255823728560","6238","https://mnregaweb4.nic.in/nregaarch/View_NMMS_atten_date_dtl_rpt.aspx?page=&short_name=UP&state_name=UTTAR%20PRADESH&state_code=31&district_name=BASTI&district_code=3153&block_name=GAUR&block_code=3153002&panchayat_name=BADYA&panchayat_code=3153002009&fin_year=2025-2026&source=&work_code=3153002009/IC/958486255823728560&msr_no=6238&AttendanceDate=21/03/2026&Digest=UiDp6c9jGT7dnJuBzDOepw",10
"BASTI","GAUR","BALUA CHAUBE","3153002013/RC/958486255823733175","6360","https://mnregaweb4.nic.in/nregaarch/View_NMMS_atten_date_dtl_rpt.aspx?page=&short_name=UP&state_name=UTTAR%20PRADESH&state_code=31&district_name=BASTI&district_code=3153&block_name=GAUR&block_code=3153002&panchayat_name=BALUA%20CHAUBE&panchayat_code=3153002013&fin_year=2025-2026&source=&work_code=3153002013/RC/958486255823733175&msr_no=6360&AttendanceDate=21/03/2026&Digest=yGc+btjtG2LZ77dko1AmcA",2
"BASTI","GAUR","BABHANGAVA KHURD","3153002014/AV/958486255824173084","6347","https://mnregaweb4.nic.in/nregaarch/View_NMMS_atten_date_dtl_rpt.aspx?page=&short_name=UP&state_name=UTTAR%20PRADESH&state_code=31&district_name=BASTI&district_code=3153&block_name=GAUR&block_code=3153002&panchayat_name=BABHANGAVA%20KHURD&panchayat_code=3153002014&fin_year=2025-2026&source=&work_code=3153002014/AV/958486255824173084&msr_no=6347&AttendanceDate=21/03/2026&Digest=9o5hmkCjWpBT7va5FGe5Mw",8
"BASTI","GAUR","BABHANGAVA KHURD","3153002014/RC/958486255823655895","6587","https://mnregaweb4.nic.in/nregaarch/View_NMMS_atten_date_dtl_rpt.aspx?page=&short_name=UP&state_name=UTTAR%20PRADESH&state_code=31&district_name=BASTI&district_code=3153&block_name=GAUR&block_code=3153002&panchayat_name=BABHANGAVA%20KHURD&panchayat_code=3153002014&fin_year=2025-2026&source=&work_code=3153002014/RC/958486255823655895&msr_no=6587&AttendanceDate=21/03/2026&Digest=NQG143CpywPS3KvFQGfeSw",4
"BASTI","GAUR","BAWAR PARA","3153002017/AV/958486255824164250","6506","https://mnregaweb4.nic.in/nregaarch/View_NMMS_atten_date_dtl_rpt.aspx?page=&short_name=UP&state_name=UTTAR%20PRADESH&state_code=31&district_name=BASTI&district_code=3153&block_name=GAUR&block_code=3153002&panchayat_name=BAWAR%20PARA&panchayat_code=3153002017&fin_year=2025-2026&source=&work_code=3153002017/AV/958486255824164250&msr_no=6506&AttendanceDate=21/03/2026&Digest=VCBVpjISKRA7/gi88Ziieg",8
"BASTI","GAUR","DEGRAHA","3153002035/WC/958486255824252593","6275","https://mnregaweb4.nic.in/nregaarch/View_NMMS_atten_date_dtl_rpt.aspx?page=&short_name=UP&state_name=UTTAR%20PRADESH&state_code=31&district_name=BASTI&district_code=3153&block_name=GAUR&block_code=3153002&panchayat_name=DEGRAHA&panchayat_code=3153002035&fin_year=2025-2026&source=&work_code=3153002035/WC/958486255824252593&msr_no=6275&AttendanceDate=21/03/2026&Digest=tH9bxQGDqhQ37Og4/h7nhg",7
"BASTI","GAUR","DUHAWA","3153002038/LD/958486255824947013","6326","https://mnregaweb4.nic.in/nregaarch/View_NMMS_atten_date_dtl_rpt.aspx?page=&short_name=UP&state_name=UTTAR%20PRADESH&state_code=31&district_name=BASTI&district_code=3153&block_name=GAUR&block_code=3153002&panchayat_name=DUHAWA&panchayat_code=3153002038&fin_year=2025-2026&source=&work_code=3153002038/LD/958486255824947013&msr_no=6326&AttendanceDate=21/03/2026&Digest=vyCUEZzgsav1OXCLyYUO8g",10
"BASTI","GAUR","DUHAWA","3153002038/RC/958486255823747057","6434","https://mnregaweb4.nic.in/nregaarch/View_NMMS_atten_date_dtl_rpt.aspx?page=&short_name=UP&state_name=UTTAR%20PRADESH&state_code=31&district_name=BASTI&district_code=3153&block_name=GAUR&block_code=3153002&panchayat_name=DUHAWA&panchayat_code=3153002038&fin_year=2025-2026&source=&work_code=3153002038/RC/958486255823747057&msr_no=6434&AttendanceDate=21/03/2026&Digest=ryku39RUHg6lbS30rzWfyQ",10
"BASTI","GAUR","KISUNPUR","3153002054/WC/958486255824244509","6222","https://mnregaweb4.nic.in/nregaarch/View_NMMS_atten_date_dtl_rpt.aspx?page=&short_name=UP&state_name=UTTAR%20PRADESH&state_code=31&district_name=BASTI&district_code=3153&block_name=GAUR&block_code=3153002&panchayat_name=KISUNPUR&panchayat_code=3153002054&fin_year=2025-2026&source=&work_code=3153002054/WC/958486255824244509&msr_no=6222&AttendanceDate=21/03/2026&Digest=7OeVwjWGJ38sTKnz65Mc4w",3
"BASTI","GAUR","MAJHAMAANPUR","3153002060/RC/958486255823730636","6414","https://mnregaweb4.nic.in/nregaarch/View_NMMS_atten_date_dtl_rpt.aspx?page=&short_name=UP&state_name=UTTAR%20PRADESH&state_code=31&district_name=BASTI&district_code=3153&block_name=GAUR&block_code=3153002&panchayat_name=MAJHAMAANPUR&panchayat_code=3153002060&fin_year=2025-2026&source=&work_code=3153002060/RC/958486255823730636&msr_no=6414&AttendanceDate=21/03/2026&Digest=G94MioXqqAeb2fI5kZS6Xg",6
"BASTI","GAUR","MAJHAMAANPUR","3153002060/RC/958486255823730641","6418","https://mnregaweb4.nic.in/nregaarch/View_NMMS_atten_date_dtl_rpt.aspx?page=&short_name=UP&state_name=UTTAR%20PRADESH&state_code=31&district_name=BASTI&district_code=3153&block_name=GAUR&block_code=3153002&panchayat_name=MAJHAMAANPUR&panchayat_code=3153002060&fin_year=2025-2026&source=&work_code=3153002060/RC/958486255823730641&msr_no=6418&AttendanceDate=21/03/2026&Digest=3wpVsakRPM8w6ZysS5LaQg",7
"BASTI","GAUR","MAJHAMAANPUR","3153002060/RC/958486255823750581","6424","https://mnregaweb4.nic.in/nregaarch/View_NMMS_atten_date_dtl_rpt.aspx?page=&short_name=UP&state_name=UTTAR%20PRADESH&state_code=31&district_name=BASTI&district_code=3153&block_name=GAUR&block_code=3153002&panchayat_name=MAJHAMAANPUR&panchayat_code=3153002060&fin_year=2025-2026&source=&work_code=3153002060/RC/958486255823750581&msr_no=6424&AttendanceDate=21/03/2026&Digest=hImArtL8FN3V0GtHBNAUnw",8
"BASTI","GAUR","MAJHAUVA CHAUBEY","3153002061/LD/958486255824996195","6233","https://mnregaweb4.nic.in/nregaarch/View_NMMS_atten_date_dtl_rpt.aspx?page=&short_name=UP&state_name=UTTAR%20PRADESH&state_code=31&district_name=BASTI&district_code=3153&block_name=GAUR&block_code=3153002&panchayat_name=MAJHAUVA%20CHAUBEY&panchayat_code=3153002061&fin_year=2025-2026&source=&work_code=3153002061/LD/958486255824996195&msr_no=6233&AttendanceDate=21/03/2026&Digest=mPQhuLvCVtxrj5lkT2Mc5g",6
"BASTI","GAUR","MAJHAUVA CHAUBEY","3153002061/WC/958486255824213629","6523","https://mnregaweb4.nic.in/nregaarch/View_NMMS_atten_date_dtl_rpt.aspx?page=&short_name=UP&state_name=UTTAR%20PRADESH&state_code=31&district_name=BASTI&district_code=3153&block_name=GAUR&block_code=3153002&panchayat_name=MAJHAUVA%20CHAUBEY&panchayat_code=3153002061&fin_year=2025-2026&source=&work_code=3153002061/WC/958486255824213629&msr_no=6523&AttendanceDate=21/03/2026&Digest=0gipVuBvgcb7IOuJTm9a9A",7
"BASTI","GAUR","PATILA","3153002075/RC/958486255823742923","6586","https://mnregaweb4.nic.in/nregaarch/View_NMMS_atten_date_dtl_rpt.aspx?page=&short_name=UP&state_name=UTTAR%20PRADESH&state_code=31&district_name=BASTI&district_code=3153&block_name=GAUR&block_code=3153002&panchayat_name=PATILA&panchayat_code=3153002075&fin_year=2025-2026&source=&work_code=3153002075/RC/958486255823742923&msr_no=6586&AttendanceDate=21/03/2026&Digest=p84ZVYLK3pkGRdXTYOs0sA",5
"BASTI","GAUR","RAMVA PUR","3153002079/RC/958486255823749345","6470","https://mnregaweb4.nic.in/nregaarch/View_NMMS_atten_date_dtl_rpt.aspx?page=&short_name=UP&state_name=UTTAR%20PRADESH&state_code=31&district_name=BASTI&district_code=3153&block_name=GAUR&block_code=3153002&panchayat_name=RAMVA%20PUR&panchayat_code=3153002079&fin_year=2025-2026&source=&work_code=3153002079/RC/958486255823749345&msr_no=6470&AttendanceDate=21/03/2026&Digest=R9PjkfnPvbUqsPwAxhBdYg",10
"BASTI","GAUR","SUMAHI","3153002089/LD/YD/958486255825010405","6286","https://mnregaweb4.nic.in/nregaarch/View_NMMS_atten_date_dtl_rpt.aspx?page=&short_name=UP&state_name=UTTAR%20PRADESH&state_code=31&district_name=BASTI&district_code=3153&block_name=GAUR&block_code=3153002&panchayat_name=SUMAHI&panchayat_code=3153002089&fin_year=2025-2026&source=&work_code=3153002089/LD/YD/958486255825010405&msr_no=6286&AttendanceDate=21/03/2026&Digest=78Qxa5xMUxlLuOjsGbGyww",3
"BASTI","GAUR","TENUI CHET SINGH","3153002092/IC/958486255823745285","6342","https://mnregaweb4.nic.in/nregaarch/View_NMMS_atten_date_dtl_rpt.aspx?page=&short_name=UP&state_name=UTTAR%20PRADESH&state_code=31&district_name=BASTI&district_code=3153&block_name=GAUR&block_code=3153002&panchayat_name=TENUI%20CHET%20SINGH&panchayat_code=3153002092&fin_year=2025-2026&source=&work_code=3153002092/IC/958486255823745285&msr_no=6342&AttendanceDate=21/03/2026&Digest=HF5Ebg0o8Ci8/Jw7n6/oOQ",10
"BASTI","BANKATI","DUBAULI KHURD","3153011109/RC/958486255823749300","9397","https://mnregaweb4.nic.in/nregaarch/View_NMMS_atten_date_dtl_rpt.aspx?page=&short_name=UP&state_name=UTTAR%20PRADESH&state_code=31&district_name=BASTI&district_code=3153&block_name=BANKATI&block_code=3153011&panchayat_name=DUBAULI%20KHURD&panchayat_code=3153011109&fin_year=2025-2026&source=&work_code=3153011109/RC/958486255823749300&msr_no=9397&AttendanceDate=21/03/2026&Digest=TQBeWF7zZCRmKgH7B/txWQ",7
"BASTI","BASTI","AVASHTAIPUR","3153010001/AV/958486255824150950","4345","https://mnregaweb4.nic.in/nregaarch/View_NMMS_atten_date_dtl_rpt.aspx?page=&short_name=UP&state_name=UTTAR%20PRADESH&state_code=31&district_name=BASTI&district_code=3153&block_name=BASTI&block_code=3153010&panchayat_name=AVASHTAIPUR&panchayat_code=3153010001&fin_year=2025-2026&source=&work_code=3153010001/AV/958486255824150950&msr_no=4345&AttendanceDate=21/03/2026&Digest=sLHpNvLBr3BdedBC5+dZDg",8
"BASTI","BASTI","ORAI","3153010065/WC/958486255824160997","4411","https://mnregaweb4.nic.in/nregaarch/View_NMMS_atten_date_dtl_rpt.aspx?page=&short_name=UP&state_name=UTTAR%20PRADESH&state_code=31&district_name=BASTI&district_code=3153&block_name=BASTI&block_code=3153010&panchayat_name=ORAI&panchayat_code=3153010065&fin_year=2025-2026&source=&work_code=3153010065/WC/958486255824160997&msr_no=4411&AttendanceDate=21/03/2026&Digest=8BL1MBrQLCTTdO18r3weXA",9
"BASTI","BASTI","SAHUPAR","3153010075/RC/958486255823701271","4383","https://mnregaweb4.nic.in/nregaarch/View_NMMS_atten_date_dtl_rpt.aspx?page=&short_name=UP&state_name=UTTAR%20PRADESH&state_code=31&district_name=BASTI&district_code=3153&block_name=BASTI&block_code=3153010&panchayat_name=SAHUPAR&panchayat_code=3153010075&fin_year=2025-2026&source=&work_code=3153010075/RC/958486255823701271&msr_no=4383&AttendanceDate=21/03/2026&Digest=61iu+6BFvg8Wrm6lcnMiUg",3
"BASTI","BASTI","KARIYAPAR RAUT","3153010089/RC/958486255823734022","4339","https://mnregaweb4.nic.in/nregaarch/View_NMMS_atten_date_dtl_rpt.aspx?page=&short_name=UP&state_name=UTTAR%20PRADESH&state_code=31&district_name=BASTI&district_code=3153&block_name=BASTI&block_code=3153010&panchayat_name=KARIYAPAR%20RAUT&panchayat_code=3153010089&fin_year=2025-2026&source=&work_code=3153010089/RC/958486255823734022&msr_no=4339&AttendanceDate=21/03/2026&Digest=VhX6BmIfhGp5Z3cN+3Az6g",5
"BASTI","DUBAULIYA","CHILMAPARSAN","3153014004/LD/958486255824919567","4126","https://mnregaweb4.nic.in/nregaarch/View_NMMS_atten_date_dtl_rpt.aspx?page=&short_name=UP&state_name=UTTAR%20PRADESH&state_code=31&district_name=BASTI&district_code=3153&block_name=DUBAULIYA&block_code=3153014&panchayat_name=CHILMAPARSAN&panchayat_code=3153014004&fin_year=2025-2026&source=&work_code=3153014004/LD/958486255824919567&msr_no=4126&AttendanceDate=21/03/2026&Digest=Cr4RmxTBo+oUMR4GbaZr3g",7
"BASTI","DUBAULIYA","DEWRAGANGWAR","3153014015/LD/958486255825001480","4188","https://mnregaweb4.nic.in/nregaarch/View_NMMS_atten_date_dtl_rpt.aspx?page=&short_name=UP&state_name=UTTAR%20PRADESH&state_code=31&district_name=BASTI&district_code=3153&block_name=DUBAULIYA&block_code=3153014&panchayat_name=DEWRAGANGWAR&panchayat_code=3153014015&fin_year=2025-2026&source=&work_code=3153014015/LD/958486255825001480&msr_no=4188&AttendanceDate=21/03/2026&Digest=7auvhCnUDHaV78et6HZTGg",2
"BASTI","DUBAULIYA","DEWRAGANGWAR","3153014015/LD/958486255825001483","4189","https://mnregaweb4.nic.in/nregaarch/View_NMMS_atten_date_dtl_rpt.aspx?page=&short_name=UP&state_name=UTTAR%20PRADESH&state_code=31&district_name=BASTI&district_code=3153&block_name=DUBAULIYA&block_code=3153014&panchayat_name=DEWRAGANGWAR&panchayat_code=3153014015&fin_year=2025-2026&source=&work_code=3153014015/LD/958486255825001483&msr_no=4189&AttendanceDate=21/03/2026&Digest=6yZqaeHwp5rX97dSAGApug",10
"BASTI","DUBAULIYA","PAYAK PUR","3153014025/RC/958486255823750947","4298","https://mnregaweb4.nic.in/nregaarch/View_NMMS_atten_date_dtl_rpt.aspx?page=&short_name=UP&state_name=UTTAR%20PRADESH&state_code=31&district_name=BASTI&district_code=3153&block_name=DUBAULIYA&block_code=3153014&panchayat_name=PAYAK%20PUR&panchayat_code=3153014025&fin_year=2025-2026&source=&work_code=3153014025/RC/958486255823750947&msr_no=4298&AttendanceDate=21/03/2026&Digest=TKkYG5BMuFFTr9FB8uZuZQ",7
"BASTI","DUBAULIYA","DUBAULIYA","3153014029/RC/958486255823737184","4136","https://mnregaweb4.nic.in/nregaarch/View_NMMS_atten_date_dtl_rpt.aspx?page=&short_name=UP&state_name=UTTAR%20PRADESH&state_code=31&district_name=BASTI&district_code=3153&block_name=DUBAULIYA&block_code=3153014&panchayat_name=DUBAULIYA&panchayat_code=3153014029&fin_year=2025-2026&source=&work_code=3153014029/RC/958486255823737184&msr_no=4136&AttendanceDate=21/03/2026&Digest=Vob7Ohg2fWyN2oj6c6JbKQ",1
"BASTI","DUBAULIYA","LAXMANPUR","3153014030/LD/958486255824889814","4251","https://mnregaweb4.nic.in/nregaarch/View_NMMS_atten_date_dtl_rpt.aspx?page=&short_name=UP&state_name=UTTAR%20PRADESH&state_code=31&district_name=BASTI&district_code=3153&block_name=DUBAULIYA&block_code=3153014&panchayat_name=LAXMANPUR&panchayat_code=3153014030&fin_year=2025-2026&source=&work_code=3153014030/LD/958486255824889814&msr_no=4251&AttendanceDate=21/03/2026&Digest=VyR7ap/F41PpY7egn9rUdQ",10
"BASTI","DUBAULIYA","BHAKRAHI","3153014035/RC/958486255823750365","4162","https://mnregaweb4.nic.in/nregaarch/View_NMMS_atten_date_dtl_rpt.aspx?page=&short_name=UP&state_name=UTTAR%20PRADESH&state_code=31&district_name=BASTI&district_code=3153&block_name=DUBAULIYA&block_code=3153014&panchayat_name=BHAKRAHI&panchayat_code=3153014035&fin_year=2025-2026&source=&work_code=3153014035/RC/958486255823750365&msr_no=4162&AttendanceDate=21/03/2026&Digest=tuVHDG8ERMFtojeyBsBBkw",4
"BASTI","DUBAULIYA","TIGHRA","3153014041/RC/958486255823694419","4290","https://mnregaweb4.nic.in/nregaarch/View_NMMS_atten_date_dtl_rpt.aspx?page=&short_name=UP&state_name=UTTAR%20PRADESH&state_code=31&district_name=BASTI&district_code=3153&block_name=DUBAULIYA&block_code=3153014&panchayat_name=TIGHRA&panchayat_code=3153014041&fin_year=2025-2026&source=&work_code=3153014041/RC/958486255823694419&msr_no=4290&AttendanceDate=21/03/2026&Digest=ZwfwexqEQIuZyrrjGDALAA",9
"BASTI","DUBAULIYA","TIGHRA","3153014041/RC/958486255823750592","4288","https://mnregaweb4.nic.in/nregaarch/View_NMMS_atten_date_dtl_rpt.aspx?page=&short_name=UP&state_name=UTTAR%20PRADESH&state_code=31&district_name=BASTI&district_code=3153&block_name=DUBAULIYA&block_code=3153014&panchayat_name=TIGHRA&panchayat_code=3153014041&fin_year=2025-2026&source=&work_code=3153014041/RC/958486255823750592&msr_no=4288&AttendanceDate=21/03/2026&Digest=3rmAP/PHRRC3wx/wCUcW9g",7
"BASTI","DUBAULIYA","BARSAV","3153014055/RC/958486255823751326","4268","https://mnregaweb4.nic.in/nregaarch/View_NMMS_atten_date_dtl_rpt.aspx?page=&short_name=UP&state_name=UTTAR%20PRADESH&state_code=31&district_name=BASTI&district_code=3153&block_name=DUBAULIYA&block_code=3153014&panchayat_name=BARSAV&panchayat_code=3153014055&fin_year=2025-2026&source=&work_code=3153014055/RC/958486255823751326&msr_no=4268&AttendanceDate=21/03/2026&Digest=nso09/6zMn3mDQmT5r7KlA",9
"BASTI","DUBAULIYA","BARSAV","3153014055/RC/958486255823751326","4271","https://mnregaweb4.nic.in/nregaarch/View_NMMS_atten_date_dtl_rpt.aspx?page=&short_name=UP&state_name=UTTAR%20PRADESH&state_code=31&district_name=BASTI&district_code=3153&block_name=DUBAULIYA&block_code=3153014&panchayat_name=BARSAV&panchayat_code=3153014055&fin_year=2025-2026&source=&work_code=3153014055/RC/958486255823751326&msr_no=4271&AttendanceDate=21/03/2026&Digest=FNkbT0JgwNwzCwhWBXrr/Q",10
"BASTI","DUBAULIYA","HARIPAL PUR","3153014060/RC/958486255823749903","4220","https://mnregaweb4.nic.in/nregaarch/View_NMMS_atten_date_dtl_rpt.aspx?page=&short_name=UP&state_name=UTTAR%20PRADESH&state_code=31&district_name=BASTI&district_code=3153&block_name=DUBAULIYA&block_code=3153014&panchayat_name=HARIPAL%20PUR&panchayat_code=3153014060&fin_year=2025-2026&source=&work_code=3153014060/RC/958486255823749903&msr_no=4220&AttendanceDate=21/03/2026&Digest=7d02KPo+g/HMbRu2TDhP7w",3
"BASTI","GAUR","ASANHARA","3153002006/RC/958486255823746228","6486","https://mnregaweb4.nic.in/nregaarch/View_NMMS_atten_date_dtl_rpt.aspx?page=&short_name=UP&state_name=UTTAR%20PRADESH&state_code=31&district_name=BASTI&district_code=3153&block_name=GAUR&block_code=3153002&panchayat_name=ASANHARA&panchayat_code=3153002006&fin_year=2025-2026&source=&work_code=3153002006/RC/958486255823746228&msr_no=6486&AttendanceDate=21/03/2026&Digest=zHgO6HbwYPFgswTUnUuuyg",8
"BASTI","GAUR","HARDI","3153002043/IC/958486255823744557","6401","https://mnregaweb4.nic.in/nregaarch/View_NMMS_atten_date_dtl_rpt.aspx?page=&short_name=UP&state_name=UTTAR%20PRADESH&state_code=31&district_name=BASTI&district_code=3153&block_name=GAUR&block_code=3153002&panchayat_name=HARDI&panchayat_code=3153002043&fin_year=2025-2026&source=&work_code=3153002043/IC/958486255823744557&msr_no=6401&AttendanceDate=21/03/2026&Digest=cWL+A71ndkIFHmgSGKr7Tg",2
"BASTI","GAUR","HARDI","3153002043/WC/958486255824252613","6406","https://mnregaweb4.nic.in/nregaarch/View_NMMS_atten_date_dtl_rpt.aspx?page=&short_name=UP&state_name=UTTAR%20PRADESH&state_code=31&district_name=BASTI&district_code=3153&block_name=GAUR&block_code=3153002&panchayat_name=HARDI&panchayat_code=3153002043&fin_year=2025-2026&source=&work_code=3153002043/WC/958486255824252613&msr_no=6406&AttendanceDate=21/03/2026&Digest=aqWhQD1iRPEllLKfbgJFOw",10
"BASTI","GAUR","KHUTAHANA","3153002053/AV/958486255824177566","6340","https://mnregaweb4.nic.in/nregaarch/View_NMMS_atten_date_dtl_rpt.aspx?page=&short_name=UP&state_name=UTTAR%20PRADESH&state_code=31&district_name=BASTI&district_code=3153&block_name=GAUR&block_code=3153002&panchayat_name=KHUTAHANA&panchayat_code=3153002053&fin_year=2025-2026&source=&work_code=3153002053/AV/958486255824177566&msr_no=6340&AttendanceDate=21/03/2026&Digest=rJxZVwOV/3prnjE0gnTecw",3
"BASTI","GAUR","KUNGAI BUJURG","3153002056/RC/958486255823745699","6198","https://mnregaweb4.nic.in/nregaarch/View_NMMS_atten_date_dtl_rpt.aspx?page=&short_name=UP&state_name=UTTAR%20PRADESH&state_code=31&district_name=BASTI&district_code=3153&block_name=GAUR&block_code=3153002&panchayat_name=KUNGAI%20BUJURG&panchayat_code=3153002056&fin_year=2025-2026&source=&work_code=3153002056/RC/958486255823745699&msr_no=6198&AttendanceDate=21/03/2026&Digest=QZtUW9imyPsMDCflTbLBBw",6
"BASTI","GAUR","MAHUVADABR","3153002059/AV/958486255824185057","6254","https://mnregaweb4.nic.in/nregaarch/View_NMMS_atten_date_dtl_rpt.aspx?page=&short_name=UP&state_name=UTTAR%20PRADESH&state_code=31&district_name=BASTI&district_code=3153&block_name=GAUR&block_code=3153002&panchayat_name=MAHUVADABR&panchayat_code=3153002059&fin_year=2025-2026&source=&work_code=3153002059/AV/958486255824185057&msr_no=6254&AttendanceDate=21/03/2026&Digest=WHrbeTgQG2z+HgmUwbGw3w",10
"BASTI","GAUR","MAJHAUVA CHAUBEY","3153002061/LD/958486255824996187","6225","https://mnregaweb4.nic.in/nregaarch/View_NMMS_atten_date_dtl_rpt.aspx?page=&short_name=UP&state_name=UTTAR%20PRADESH&state_code=31&district_name=BASTI&district_code=3153&block_name=GAUR&block_code=3153002&panchayat_name=MAJHAUVA%20CHAUBEY&panchayat_code=3153002061&fin_year=2025-2026&source=&work_code=3153002061/LD/958486255824996187&msr_no=6225&AttendanceDate=21/03/2026&Digest=E8HE3KkNaDqBcjWrg9rddg",8
"BASTI","GAUR","RANIPUR BABU","3153002080/IC/958486255823745018","6308","https://mnregaweb4.nic.in/nregaarch/View_NMMS_atten_date_dtl_rpt.aspx?page=&short_name=UP&state_name=UTTAR%20PRADESH&state_code=31&district_name=BASTI&district_code=3153&block_name=GAUR&block_code=3153002&panchayat_name=RANIPUR%20BABU&panchayat_code=3153002080&fin_year=2025-2026&source=&work_code=3153002080/IC/958486255823745018&msr_no=6308&AttendanceDate=21/03/2026&Digest=p+haSelp3jfCUQD1ziXWjA",10
"BASTI","GAUR","RANIPUR BABU","3153002080/IC/958486255823745018","6311","https://mnregaweb4.nic.in/nregaarch/View_NMMS_atten_date_dtl_rpt.aspx?page=&short_name=UP&state_name=UTTAR%20PRADESH&state_code=31&district_name=BASTI&district_code=3153&block_name=GAUR&block_code=3153002&panchayat_name=RANIPUR%20BABU&panchayat_code=3153002080&fin_year=2025-2026&source=&work_code=3153002080/IC/958486255823745018&msr_no=6311&AttendanceDate=21/03/2026&Digest=L4eCMqhTi7OiJIqmPbufYw",5
"BASTI","GAUR","RANIPUR BABU","3153002080/IC/958486255823745019","6579","https://mnregaweb4.nic.in/nregaarch/View_NMMS_atten_date_dtl_rpt.aspx?page=&short_name=UP&state_name=UTTAR%20PRADESH&state_code=31&district_name=BASTI&district_code=3153&block_name=GAUR&block_code=3153002&panchayat_name=RANIPUR%20BABU&panchayat_code=3153002080&fin_year=2025-2026&source=&work_code=3153002080/IC/958486255823745019&msr_no=6579&AttendanceDate=21/03/2026&Digest=Y+wWRQ9WiuvVoa41hgodAQ",4
"BASTI","GAUR","SHEMRA","3153002086/LD/958486255825004508","6385","https://mnregaweb4.nic.in/nregaarch/View_NMMS_atten_date_dtl_rpt.aspx?page=&short_name=UP&state_name=UTTAR%20PRADESH&state_code=31&district_name=BASTI&district_code=3153&block_name=GAUR&block_code=3153002&panchayat_name=SHEMRA&panchayat_code=3153002086&fin_year=2025-2026&source=&work_code=3153002086/LD/958486255825004508&msr_no=6385&AttendanceDate=21/03/2026&Digest=AzQSANVwIEFLd1VymF6jmA",10
"BASTI","GAUR","SHEMRA","3153002086/LD/958486255825004508","6388","https://mnregaweb4.nic.in/nregaarch/View_NMMS_atten_date_dtl_rpt.aspx?page=&short_name=UP&state_name=UTTAR%20PRADESH&state_code=31&district_name=BASTI&district_code=3153&block_name=GAUR&block_code=3153002&panchayat_name=SHEMRA&panchayat_code=3153002086&fin_year=2025-2026&source=&work_code=3153002086/LD/958486255825004508&msr_no=6388&AttendanceDate=21/03/2026&Digest=10Tu9c3L7emgs2wu1zTMuw",5
"BASTI","GAUR","TENUI CHET SINGH","3153002092/IC/958486255823746518","6573","https://mnregaweb4.nic.in/nregaarch/View_NMMS_atten_date_dtl_rpt.aspx?page=&short_name=UP&state_name=UTTAR%20PRADESH&state_code=31&district_name=BASTI&district_code=3153&block_name=GAUR&block_code=3153002&panchayat_name=TENUI%20CHET%20SINGH&panchayat_code=3153002092&fin_year=2025-2026&source=&work_code=3153002092/IC/958486255823746518&msr_no=6573&AttendanceDate=21/03/2026&Digest=tTzt96M8ob96dmMwK01M4A",8
"BASTI","GAUR","TENUI CHET SINGH","3153002092/IC/958486255823746518","6576","https://mnregaweb4.nic.in/nregaarch/View_NMMS_atten_date_dtl_rpt.aspx?page=&short_name=UP&state_name=UTTAR%20PRADESH&state_code=31&district_name=BASTI&district_code=3153&block_name=GAUR&block_code=3153002&panchayat_name=TENUI%20CHET%20SINGH&panchayat_code=3153002092&fin_year=2025-2026&source=&work_code=3153002092/IC/958486255823746518&msr_no=6576&AttendanceDate=21/03/2026&Digest=WZnoSsCZr2K/sSdvKyY1eA",10
"BASTI","GAUR","TENUI CHET SINGH","3153002092/WC/958486255824251198","6265","https://mnregaweb4.nic.in/nregaarch/View_NMMS_atten_date_dtl_rpt.aspx?page=&short_name=UP&state_name=UTTAR%20PRADESH&state_code=31&district_name=BASTI&district_code=3153&block_name=GAUR&block_code=3153002&panchayat_name=TENUI%20CHET%20SINGH&panchayat_code=3153002092&fin_year=2025-2026&source=&work_code=3153002092/WC/958486255824251198&msr_no=6265&AttendanceDate=21/03/2026&Digest=NLxHkeP5r1jtS/I5+JXxAg",8
"BASTI","GAUR","GHAGHARIYA","3153002094/LD/958486255824988251","6390","https://mnregaweb4.nic.in/nregaarch/View_NMMS_atten_date_dtl_rpt.aspx?page=&short_name=UP&state_name=UTTAR%20PRADESH&state_code=31&district_name=BASTI&district_code=3153&block_name=GAUR&block_code=3153002&panchayat_name=GHAGHARIYA&panchayat_code=3153002094&fin_year=2025-2026&source=&work_code=3153002094/LD/958486255824988251&msr_no=6390&AttendanceDate=21/03/2026&Digest=OQX0TrueVaRMLHw7QKFFXA",9
"BASTI","GAUR","JAITAPUR","3153002110/RC/958486255823740285","6248","https://mnregaweb4.nic.in/nregaarch/View_NMMS_atten_date_dtl_rpt.aspx?page=&short_name=UP&state_name=UTTAR%20PRADESH&state_code=31&district_name=BASTI&district_code=3153&block_name=GAUR&block_code=3153002&panchayat_name=JAITAPUR&panchayat_code=3153002110&fin_year=2025-2026&source=&work_code=3153002110/RC/958486255823740285&msr_no=6248&AttendanceDate=21/03/2026&Digest=OSftIs6av49l0qUwJofyDA",2
"BASTI","HARRAIYA","BANS GAW","3153003031/LD/958486255824999776","6902","https://mnregaweb4.nic.in/nregaarch/View_NMMS_atten_date_dtl_rpt.aspx?page=&short_name=UP&state_name=UTTAR%20PRADESH&state_code=31&district_name=BASTI&district_code=3153&block_name=HARRAIYA&block_code=3153003&panchayat_name=BANS%20GAW&panchayat_code=3153003031&fin_year=2025-2026&source=&work_code=3153003031/LD/958486255824999776&msr_no=6902&AttendanceDate=21/03/2026&Digest=vG5TXx1ONIjpGlvwOrLxwQ",4
"BASTI","HARRAIYA","BANS GAW","3153003031/LD/958486255824999778","6893","https://mnregaweb4.nic.in/nregaarch/View_NMMS_atten_date_dtl_rpt.aspx?page=&short_name=UP&state_name=UTTAR%20PRADESH&state_code=31&district_name=BASTI&district_code=3153&block_name=HARRAIYA&block_code=3153003&panchayat_name=BANS%20GAW&panchayat_code=3153003031&fin_year=2025-2026&source=&work_code=3153003031/LD/958486255824999778&msr_no=6893&AttendanceDate=21/03/2026&Digest=zjgWqyHrReoWoggjm+X8Dg",10
"BASTI","HARRAIYA","SANGRAM PUR","3153003035/LD/958486255824958169","6823","https://mnregaweb4.nic.in/nregaarch/View_NMMS_atten_date_dtl_rpt.aspx?page=&short_name=UP&state_name=UTTAR%20PRADESH&state_code=31&district_name=BASTI&district_code=3153&block_name=HARRAIYA&block_code=3153003&panchayat_name=SANGRAM%20PUR&panchayat_code=3153003035&fin_year=2025-2026&source=&work_code=3153003035/LD/958486255824958169&msr_no=6823&AttendanceDate=21/03/2026&Digest=sQRTdBWLRzlGCCArTecdFw",10
"BASTI","HARRAIYA","SANGRAM PUR","3153003035/LD/958486255824958172","6821","https://mnregaweb4.nic.in/nregaarch/View_NMMS_atten_date_dtl_rpt.aspx?page=&short_name=UP&state_name=UTTAR%20PRADESH&state_code=31&district_name=BASTI&district_code=3153&block_name=HARRAIYA&block_code=3153003&panchayat_name=SANGRAM%20PUR&panchayat_code=3153003035&fin_year=2025-2026&source=&work_code=3153003035/LD/958486255824958172&msr_no=6821&AttendanceDate=21/03/2026&Digest=Ed7SKzDOelDNiy8hwIRD/g",9
"BASTI","HARRAIYA","MARWATIA BHAWAN","3153003039/AV/958486255824176086","6920","https://mnregaweb4.nic.in/nregaarch/View_NMMS_atten_date_dtl_rpt.aspx?page=&short_name=UP&state_name=UTTAR%20PRADESH&state_code=31&district_name=BASTI&district_code=3153&block_name=HARRAIYA&block_code=3153003&panchayat_name=MARWATIA%20BHAWAN&panchayat_code=3153003039&fin_year=2025-2026&source=&work_code=3153003039/AV/958486255824176086&msr_no=6920&AttendanceDate=21/03/2026&Digest=Eo6eQLhr/hVaeQCbPAS1Bw",9
"BASTI","HARRAIYA","NADAYEN","3153003042/LD/958486255824955644","6903","https://mnregaweb4.nic.in/nregaarch/View_NMMS_atten_date_dtl_rpt.aspx?page=&short_name=UP&state_name=UTTAR%20PRADESH&state_code=31&district_name=BASTI&district_code=3153&block_name=HARRAIYA&block_code=3153003&panchayat_name=NADAYEN&panchayat_code=3153003042&fin_year=2025-2026&source=&work_code=3153003042/LD/958486255824955644&msr_no=6903&AttendanceDate=21/03/2026&Digest=nKlk3RJLiFGgNU2J4qrMOg",10
"BASTI","HARRAIYA","NADAYEN","3153003042/LD/958486255824955644","6906","https://mnregaweb4.nic.in/nregaarch/View_NMMS_atten_date_dtl_rpt.aspx?page=&short_name=UP&state_name=UTTAR%20PRADESH&state_code=31&district_name=BASTI&district_code=3153&block_name=HARRAIYA&block_code=3153003&panchayat_name=NADAYEN&panchayat_code=3153003042&fin_year=2025-2026&source=&work_code=3153003042/LD/958486255824955644&msr_no=6906&AttendanceDate=21/03/2026&Digest=uUPy739KX86Q5jKyThe2iw",10
"BASTI","BANKATI","MAHTHA","3153011096/IC/958486255823740167","9346","https://mnregaweb4.nic.in/nregaarch/View_NMMS_atten_date_dtl_rpt.aspx?page=&short_name=UP&state_name=UTTAR%20PRADESH&state_code=31&district_name=BASTI&district_code=3153&block_name=BANKATI&block_code=3153011&panchayat_name=MAHTHA&panchayat_code=3153011096&fin_year=2025-2026&source=&work_code=3153011096/IC/958486255823740167&msr_no=9346&AttendanceDate=21/03/2026&Digest=wJNoK0kYAqRdLPNNsSQ5SA",10
"BASTI","BANKATI","SISWA PANDEY","3153011101/IC/958486255823741153","9300","https://mnregaweb4.nic.in/nregaarch/View_NMMS_atten_date_dtl_rpt.aspx?page=&short_name=UP&state_name=UTTAR%20PRADESH&state_code=31&district_name=BASTI&district_code=3153&block_name=BANKATI&block_code=3153011&panchayat_name=SISWA%20PANDEY&panchayat_code=3153011101&fin_year=2025-2026&source=&work_code=3153011101/IC/958486255823741153&msr_no=9300&AttendanceDate=21/03/2026&Digest=MpJul4OIS4tjs2X+lKM/NQ",9
"BASTI","BANKATI","CHHITAUNI","3153011102/RC/958486255823731962","9383","https://mnregaweb4.nic.in/nregaarch/View_NMMS_atten_date_dtl_rpt.aspx?page=&short_name=UP&state_name=UTTAR%20PRADESH&state_code=31&district_name=BASTI&district_code=3153&block_name=BANKATI&block_code=3153011&panchayat_name=CHHITAUNI&panchayat_code=3153011102&fin_year=2025-2026&source=&work_code=3153011102/RC/958486255823731962&msr_no=9383&AttendanceDate=21/03/2026&Digest=dHPxwsbRmhfgW/h7UR8aig",9
"BASTI","BANKATI","DUBAULI KHURD","3153011109/IC/958486255823741004","9276","https://mnregaweb4.nic.in/nregaarch/View_NMMS_atten_date_dtl_rpt.aspx?page=&short_name=UP&state_name=UTTAR%20PRADESH&state_code=31&district_name=BASTI&district_code=3153&block_name=BANKATI&block_code=3153011&panchayat_name=DUBAULI%20KHURD&panchayat_code=3153011109&fin_year=2025-2026&source=&work_code=3153011109/IC/958486255823741004&msr_no=9276&AttendanceDate=21/03/2026&Digest=2V42lRQ50NkxWuCyVaafgg",6
"BASTI","BANKATI","DUBAULI KHURD","3153011109/IC/958486255823741004","9279","https://mnregaweb4.nic.in/nregaarch/View_NMMS_atten_date_dtl_rpt.aspx?page=&short_name=UP&state_name=UTTAR%20PRADESH&state_code=31&district_name=BASTI&district_code=3153&block_name=BANKATI&block_code=3153011&panchayat_name=DUBAULI%20KHURD&panchayat_code=3153011109&fin_year=2025-2026&source=&work_code=3153011109/IC/958486255823741004&msr_no=9279&AttendanceDate=21/03/2026&Digest=fH+XhVfSBBjzB/A37fLh8g",5
"BASTI","BANKATI","CHOLKHARI","3153011110/AV/958486255824182493","9423","https://mnregaweb4.nic.in/nregaarch/View_NMMS_atten_date_dtl_rpt.aspx?page=&short_name=UP&state_name=UTTAR%20PRADESH&state_code=31&district_name=BASTI&district_code=3153&block_name=BANKATI&block_code=3153011&panchayat_name=CHOLKHARI&panchayat_code=3153011110&fin_year=2025-2026&source=&work_code=3153011110/AV/958486255824182493&msr_no=9423&AttendanceDate=21/03/2026&Digest=pr1KTnKASfL9NkbNsu/7SQ",10
"BASTI","BANKATI","GUDI","3153011113/WC/958486255824167039","9473","https://mnregaweb4.nic.in/nregaarch/View_NMMS_atten_date_dtl_rpt.aspx?page=&short_name=UP&state_name=UTTAR%20PRADESH&state_code=31&district_name=BASTI&district_code=3153&block_name=BANKATI&block_code=3153011&panchayat_name=GUDI&panchayat_code=3153011113&fin_year=2025-2026&source=&work_code=3153011113/WC/958486255824167039&msr_no=9473&AttendanceDate=21/03/2026&Digest=5q+0p/3QqF+1dyVOGxWysQ",1
"BASTI","BASTI","MAHSO","3153010057/RC/958486255823703203","4386","https://mnregaweb4.nic.in/nregaarch/View_NMMS_atten_date_dtl_rpt.aspx?page=&short_name=UP&state_name=UTTAR%20PRADESH&state_code=31&district_name=BASTI&district_code=3153&block_name=BASTI&block_code=3153010&panchayat_name=MAHSO&panchayat_code=3153010057&fin_year=2025-2026&source=&work_code=3153010057/RC/958486255823703203&msr_no=4386&AttendanceDate=21/03/2026&Digest=tM/CG8XD0+KQCJfDi5s7Eg",5
"BASTI","BASTI","MAHSO","3153010057/WH/958486255824012356","4367","https://mnregaweb4.nic.in/nregaarch/View_NMMS_atten_date_dtl_rpt.aspx?page=&short_name=UP&state_name=UTTAR%20PRADESH&state_code=31&district_name=BASTI&district_code=3153&block_name=BASTI&block_code=3153010&panchayat_name=MAHSO&panchayat_code=3153010057&fin_year=2025-2026&source=&work_code=3153010057/WH/958486255824012356&msr_no=4367&AttendanceDate=21/03/2026&Digest=t1DQPho2hK4nD+892Qz7XA",10
"BASTI","BASTI","SAHUPAR","3153010075/AV/958486255824181797","4360","https://mnregaweb4.nic.in/nregaarch/View_NMMS_atten_date_dtl_rpt.aspx?page=&short_name=UP&state_name=UTTAR%20PRADESH&state_code=31&district_name=BASTI&district_code=3153&block_name=BASTI&block_code=3153010&panchayat_name=SAHUPAR&panchayat_code=3153010075&fin_year=2025-2026&source=&work_code=3153010075/AV/958486255824181797&msr_no=4360&AttendanceDate=21/03/2026&Digest=yqBf2LyuOSvgMtf9voVwPg",5
"BASTI","BASTI","SAHUPAR","3153010075/RC/958486255823639148","4394","https://mnregaweb4.nic.in/nregaarch/View_NMMS_atten_date_dtl_rpt.aspx?page=&short_name=UP&state_name=UTTAR%20PRADESH&state_code=31&district_name=BASTI&district_code=3153&block_name=BASTI&block_code=3153010&panchayat_name=SAHUPAR&panchayat_code=3153010075&fin_year=2025-2026&source=&work_code=3153010075/RC/958486255823639148&msr_no=4394&AttendanceDate=21/03/2026&Digest=H/tK2yetuwJ0VSRnBv/yiA",6
"BASTI","DUBAULIYA","CHILMAPARSAN","3153014004/LD/958486255824846423","4128","https://mnregaweb4.nic.in/nregaarch/View_NMMS_atten_date_dtl_rpt.aspx?page=&short_name=UP&state_name=UTTAR%20PRADESH&state_code=31&district_name=BASTI&district_code=3153&block_name=DUBAULIYA&block_code=3153014&panchayat_name=CHILMAPARSAN&panchayat_code=3153014004&fin_year=2025-2026&source=&work_code=3153014004/LD/958486255824846423&msr_no=4128&AttendanceDate=21/03/2026&Digest=85l1mmXVlOFLIfdMWRJK+A",5
"BASTI","DUBAULIYA","CHILMAPARSAN","3153014004/LD/958486255824919567","4135","https://mnregaweb4.nic.in/nregaarch/View_NMMS_atten_date_dtl_rpt.aspx?page=&short_name=UP&state_name=UTTAR%20PRADESH&state_code=31&district_name=BASTI&district_code=3153&block_name=DUBAULIYA&block_code=3153014&panchayat_name=CHILMAPARSAN&panchayat_code=3153014004&fin_year=2025-2026&source=&work_code=3153014004/LD/958486255824919567&msr_no=4135&AttendanceDate=21/03/2026&Digest=pwOuv4GRxf5CX5eGPeDXHw",6
"BASTI","DUBAULIYA","PAKRI CHAUHAAN","3153014006/AV/958486255824187517","4309","https://mnregaweb4.nic.in/nregaarch/View_NMMS_atten_date_dtl_rpt.aspx?page=&short_name=UP&state_name=UTTAR%20PRADESH&state_code=31&district_name=BASTI&district_code=3153&block_name=DUBAULIYA&block_code=3153014&panchayat_name=PAKRI%20CHAUHAAN&panchayat_code=3153014006&fin_year=2025-2026&source=&work_code=3153014006/AV/958486255824187517&msr_no=4309&AttendanceDate=21/03/2026&Digest=qOws23rSmt0GODOehkj0Qg",9
"BASTI","DUBAULIYA","RAM NAGAR","3153014020/RC/958486255823749961","4185","https://mnregaweb4.nic.in/nregaarch/View_NMMS_atten_date_dtl_rpt.aspx?page=&short_name=UP&state_name=UTTAR%20PRADESH&state_code=31&district_name=BASTI&district_code=3153&block_name=DUBAULIYA&block_code=3153014&panchayat_name=RAM%20NAGAR&panchayat_code=3153014020&fin_year=2025-2026&source=&work_code=3153014020/RC/958486255823749961&msr_no=4185&AttendanceDate=21/03/2026&Digest=bTMAiVatLho/lgAUhdaT/w",2
"BASTI","DUBAULIYA","DUBAULIYA","3153014029/RC/958486255823737184","4118","https://mnregaweb4.nic.in/nregaarch/View_NMMS_atten_date_dtl_rpt.aspx?page=&short_name=UP&state_name=UTTAR%20PRADESH&state_code=31&district_name=BASTI&district_code=3153&block_name=DUBAULIYA&block_code=3153014&panchayat_name=DUBAULIYA&panchayat_code=3153014029&fin_year=2025-2026&source=&work_code=3153014029/RC/958486255823737184&msr_no=4118&AttendanceDate=21/03/2026&Digest=Or3hNYTCnevPRSk5I8pTqQ",2
"BASTI","DUBAULIYA","BHAKRAHI","3153014035/RC/958486255823750364","4235","https://mnregaweb4.nic.in/nregaarch/View_NMMS_atten_date_dtl_rpt.aspx?page=&short_name=UP&state_name=UTTAR%20PRADESH&state_code=31&district_name=BASTI&district_code=3153&block_name=DUBAULIYA&block_code=3153014&panchayat_name=BHAKRAHI&panchayat_code=3153014035&fin_year=2025-2026&source=&work_code=3153014035/RC/958486255823750364&msr_no=4235&AttendanceDate=21/03/2026&Digest=3z3Zvr9sTqAeCDg1OB/PTQ",6
"BASTI","DUBAULIYA","KEVARI MUSTAHKAM","3153014040/RC/958486255823615820","4115","https://mnregaweb4.nic.in/nregaarch/View_NMMS_atten_date_dtl_rpt.aspx?page=&short_name=UP&state_name=UTTAR%20PRADESH&state_code=31&district_name=BASTI&district_code=3153&block_name=DUBAULIYA&block_code=3153014&panchayat_name=KEVARI%20MUSTAHKAM&panchayat_code=3153014040&fin_year=2025-2026&source=&work_code=3153014040/RC/958486255823615820&msr_no=4115&AttendanceDate=21/03/2026&Digest=n0EqDDwGG5AQAOIhkVUumg",9
"BASTI","DUBAULIYA","SARAIYA BAKSI","3153014046/RC/958486255823727877","4197","https://mnregaweb4.nic.in/nregaarch/View_NMMS_atten_date_dtl_rpt.aspx?page=&short_name=UP&state_name=UTTAR%20PRADESH&state_code=31&district_name=BASTI&district_code=3153&block_name=DUBAULIYA&block_code=3153014&panchayat_name=SARAIYA%20BAKSI&panchayat_code=3153014046&fin_year=2025-2026&source=&work_code=3153014046/RC/958486255823727877&msr_no=4197&AttendanceDate=21/03/2026&Digest=SP534IzshPLQg70KZmKEFA",7
"BASTI","DUBAULIYA","SARAIYA BAKSI","3153014046/RC/958486255823727877","4200","https://mnregaweb4.nic.in/nregaarch/View_NMMS_atten_date_dtl_rpt.aspx?page=&short_name=UP&state_name=UTTAR%20PRADESH&state_code=31&district_name=BASTI&district_code=3153&block_name=DUBAULIYA&block_code=3153014&panchayat_name=SARAIYA%20BAKSI&panchayat_code=3153014046&fin_year=2025-2026&source=&work_code=3153014046/RC/958486255823727877&msr_no=4200&AttendanceDate=21/03/2026&Digest=Vda4inMFjv3x0S7YBaaCVA",2
"BASTI","DUBAULIYA","SARAIYA BAKSI","3153014046/RC/958486255823727878","4201","https://mnregaweb4.nic.in/nregaarch/View_NMMS_atten_date_dtl_rpt.aspx?page=&short_name=UP&state_name=UTTAR%20PRADESH&state_code=31&district_name=BASTI&district_code=3153&block_name=DUBAULIYA&block_code=3153014&panchayat_name=SARAIYA%20BAKSI&panchayat_code=3153014046&fin_year=2025-2026&source=&work_code=3153014046/RC/958486255823727878&msr_no=4201&AttendanceDate=21/03/2026&Digest=90g3/BiQIkbHzse7ohWKCA",10
"BASTI","DUBAULIYA","SARAIYA BAKSI","3153014046/RC/958486255823727881","4204","https://mnregaweb4.nic.in/nregaarch/View_NMMS_atten_date_dtl_rpt.aspx?page=&short_name=UP&state_name=UTTAR%20PRADESH&state_code=31&district_name=BASTI&district_code=3153&block_name=DUBAULIYA&block_code=3153014&panchayat_name=SARAIYA%20BAKSI&panchayat_code=3153014046&fin_year=2025-2026&source=&work_code=3153014046/RC/958486255823727881&msr_no=4204&AttendanceDate=21/03/2026&Digest=5z1wrNI/WBlYlmg7CYZNUg",3
"BASTI","DUBAULIYA","BARSAV","3153014055/WH/958486255823263333","4092","https://mnregaweb4.nic.in/nregaarch/View_NMMS_atten_date_dtl_rpt.aspx?page=&short_name=UP&state_name=UTTAR%20PRADESH&state_code=31&district_name=BASTI&district_code=3153&block_name=DUBAULIYA&block_code=3153014&panchayat_name=BARSAV&panchayat_code=3153014055&fin_year=2025-2026&source=&work_code=3153014055/WH/958486255823263333&msr_no=4092&AttendanceDate=21/03/2026&Digest=gH/zGism01cBKOWbIu4M5A",10
"BASTI","DUBAULIYA","BARSAV","3153014055/WH/958486255823263333","4095","https://mnregaweb4.nic.in/nregaarch/View_NMMS_atten_date_dtl_rpt.aspx?page=&short_name=UP&state_name=UTTAR%20PRADESH&state_code=31&district_name=BASTI&district_code=3153&block_name=DUBAULIYA&block_code=3153014&panchayat_name=BARSAV&panchayat_code=3153014055&fin_year=2025-2026&source=&work_code=3153014055/WH/958486255823263333&msr_no=4095&AttendanceDate=21/03/2026&Digest=5bjINeykYVYvkhlPu5qjqg",8
"BASTI","GAUR","AIALAKLA","3153002003/RC/958486255823748284","6534","https://mnregaweb4.nic.in/nregaarch/View_NMMS_atten_date_dtl_rpt.aspx?page=&short_name=UP&state_name=UTTAR%20PRADESH&state_code=31&district_name=BASTI&district_code=3153&block_name=GAUR&block_code=3153002&panchayat_name=AIALAKLA&panchayat_code=3153002003&fin_year=2025-2026&source=&work_code=3153002003/RC/958486255823748284&msr_no=6534&AttendanceDate=21/03/2026&Digest=S+Byu87B7pLA5ZcTiycWlQ",8
"BASTI","GAUR","BADHANI","3153002008/RC/958486255823745355","6430","https://mnregaweb4.nic.in/nregaarch/View_NMMS_atten_date_dtl_rpt.aspx?page=&short_name=UP&state_name=UTTAR%20PRADESH&state_code=31&district_name=BASTI&district_code=3153&block_name=GAUR&block_code=3153002&panchayat_name=BADHANI&panchayat_code=3153002008&fin_year=2025-2026&source=&work_code=3153002008/RC/958486255823745355&msr_no=6430&AttendanceDate=21/03/2026&Digest=mjJIy8mUrSkNE/+jQbGr9A",8
"BASTI","GAUR","BADYA","3153002009/IC/958486255823728560","6239","https://mnregaweb4.nic.in/nregaarch/View_NMMS_atten_date_dtl_rpt.aspx?page=&short_name=UP&state_name=UTTAR%20PRADESH&state_code=31&district_name=BASTI&district_code=3153&block_name=GAUR&block_code=3153002&panchayat_name=BADYA&panchayat_code=3153002009&fin_year=2025-2026&source=&work_code=3153002009/IC/958486255823728560&msr_no=6239&AttendanceDate=21/03/2026&Digest=/4UBvD7jYrXZOAEf/bg5rg",10
"BASTI","GAUR","BADYA","3153002009/RC/958486255823748436","6267","https://mnregaweb4.nic.in/nregaarch/View_NMMS_atten_date_dtl_rpt.aspx?page=&short_name=UP&state_name=UTTAR%20PRADESH&state_code=31&district_name=BASTI&district_code=3153&block_name=GAUR&block_code=3153002&panchayat_name=BADYA&panchayat_code=3153002009&fin_year=2025-2026&source=&work_code=3153002009/RC/958486255823748436&msr_no=6267&AttendanceDate=21/03/2026&Digest=8agtWjlPqnZAJuDk1Qz2xw",10
"BASTI","GAUR","BALUA CHAUBE","3153002013/RC/958486255823733175","6362","https://mnregaweb4.nic.in/nregaarch/View_NMMS_atten_date_dtl_rpt.aspx?page=&short_name=UP&state_name=UTTAR%20PRADESH&state_code=31&district_name=BASTI&district_code=3153&block_name=GAUR&block_code=3153002&panchayat_name=BALUA%20CHAUBE&panchayat_code=3153002013&fin_year=2025-2026&source=&work_code=3153002013/RC/958486255823733175&msr_no=6362&AttendanceDate=21/03/2026&Digest=8I6Y+KJH8WNnCkWtGGozIg",6
"BASTI","GAUR","BALUA CHAUBE","3153002013/RC/958486255823749569","6527","https://mnregaweb4.nic.in/nregaarch/View_NMMS_atten_date_dtl_rpt.aspx?page=&short_name=UP&state_name=UTTAR%20PRADESH&state_code=31&district_name=BASTI&district_code=3153&block_name=GAUR&block_code=3153002&panchayat_name=BALUA%20CHAUBE&panchayat_code=3153002013&fin_year=2025-2026&source=&work_code=3153002013/RC/958486255823749569&msr_no=6527&AttendanceDate=21/03/2026&Digest=XSSFa0jKYIBEc3lFKLto/g",9
"BASTI","GAUR","BABHANGAVA KHURD","3153002014/WH/958486255824013491","6510","https://mnregaweb4.nic.in/nregaarch/View_NMMS_atten_date_dtl_rpt.aspx?page=&short_name=UP&state_name=UTTAR%20PRADESH&state_code=31&district_name=BASTI&district_code=3153&block_name=GAUR&block_code=3153002&panchayat_name=BABHANGAVA%20KHURD&panchayat_code=3153002014&fin_year=2025-2026&source=&work_code=3153002014/WH/958486255824013491&msr_no=6510&AttendanceDate=21/03/2026&Digest=855YvoLr9ckYNKjGcCAcMg",2
"BASTI","GAUR","BUDAUWA","3153002028/RC/958486255823676187","6462","https://mnregaweb4.nic.in/nregaarch/View_NMMS_atten_date_dtl_rpt.aspx?page=&short_name=UP&state_name=UTTAR%20PRADESH&state_code=31&district_name=BASTI&district_code=3153&block_name=GAUR&block_code=3153002&panchayat_name=BUDAUWA&panchayat_code=3153002028&fin_year=2025-2026&source=&work_code=3153002028/RC/958486255823676187&msr_no=6462&AttendanceDate=21/03/2026&Digest=ZEZ+qY5Rjbt/PFnGxTQdFA",2
"BASTI","GAUR","KACHIYA","3153002046/LD/958486255824922222","6408","https://mnregaweb4.nic.in/nregaarch/View_NMMS_atten_date_dtl_rpt.aspx?page=&short_name=UP&state_name=UTTAR%20PRADESH&state_code=31&district_name=BASTI&district_code=3153&block_name=GAUR&block_code=3153002&panchayat_name=KACHIYA&panchayat_code=3153002046&fin_year=2025-2026&source=&work_code=3153002046/LD/958486255824922222&msr_no=6408&AttendanceDate=21/03/2026&Digest=MYZpMs0JHqaaLKoeOH03Vg",10
"BASTI","GAUR","KHUTAHANA","3153002053/RC/958486255823724598","6371","https://mnregaweb4.nic.in/nregaarch/View_NMMS_atten_date_dtl_rpt.aspx?page=&short_name=UP&state_name=UTTAR%20PRADESH&state_code=31&district_name=BASTI&district_code=3153&block_name=GAUR&block_code=3153002&panchayat_name=KHUTAHANA&panchayat_code=3153002053&fin_year=2025-2026&source=&work_code=3153002053/RC/958486255823724598&msr_no=6371&AttendanceDate=21/03/2026&Digest=NVuGW7daDETTlAIFICP2KA",4
"BASTI","GAUR","KISUNPUR","3153002054/AV/958486255824184192","6288","https://mnregaweb4.nic.in/nregaarch/View_NMMS_atten_date_dtl_rpt.aspx?page=&short_name=UP&state_name=UTTAR%20PRADESH&state_code=31&district_name=BASTI&district_code=3153&block_name=GAUR&block_code=3153002&panchayat_name=KISUNPUR&panchayat_code=3153002054&fin_year=2025-2026&source=&work_code=3153002054/AV/958486255824184192&msr_no=6288&AttendanceDate=21/03/2026&Digest=NX1JYKk/mtzm8J8te5bOCA",4
"BASTI","GAUR","KISUNPUR","3153002054/WC/958486255824244509","6221","https://mnregaweb4.nic.in/nregaarch/View_NMMS_atten_date_dtl_rpt.aspx?page=&short_name=UP&state_name=UTTAR%20PRADESH&state_code=31&district_name=BASTI&district_code=3153&block_name=GAUR&block_code=3153002&panchayat_name=KISUNPUR&panchayat_code=3153002054&fin_year=2025-2026&source=&work_code=3153002054/WC/958486255824244509&msr_no=6221&AttendanceDate=21/03/2026&Digest=dhfm5kVuu9Mf2w9eD8Lhng",9
"BASTI","GAUR","KUNGAI BUJURG","3153002056/RC/958486255823745703","6202","https://mnregaweb4.nic.in/nregaarch/View_NMMS_atten_date_dtl_rpt.aspx?page=&short_name=UP&state_name=UTTAR%20PRADESH&state_code=31&district_name=BASTI&district_code=3153&block_name=GAUR&block_code=3153002&panchayat_name=KUNGAI%20BUJURG&panchayat_code=3153002056&fin_year=2025-2026&source=&work_code=3153002056/RC/958486255823745703&msr_no=6202&AttendanceDate=21/03/2026&Digest=FGZVrYrTtgrEAsOhy/42jA",6
"BASTI","GAUR","MAJHAUVA CHAUBEY","3153002061/WC/958486255824213629","6522","https://mnregaweb4.nic.in/nregaarch/View_NMMS_atten_date_dtl_rpt.aspx?page=&short_name=UP&state_name=UTTAR%20PRADESH&state_code=31&district_name=BASTI&district_code=3153&block_name=GAUR&block_code=3153002&panchayat_name=MAJHAUVA%20CHAUBEY&panchayat_code=3153002061&fin_year=2025-2026&source=&work_code=3153002061/WC/958486255824213629&msr_no=6522&AttendanceDate=21/03/2026&Digest=rq2njxWSqzEvMmbhVGtFKw",7
"BASTI","GAUR","SUMAHI","3153002089/LD/YD/958486255825010403","6283","https://mnregaweb4.nic.in/nregaarch/View_NMMS_atten_date_dtl_rpt.aspx?page=&short_name=UP&state_name=UTTAR%20PRADESH&state_code=31&district_name=BASTI&district_code=3153&block_name=GAUR&block_code=3153002&panchayat_name=SUMAHI&panchayat_code=3153002089&fin_year=2025-2026&source=&work_code=3153002089/LD/YD/958486255825010403&msr_no=6283&AttendanceDate=21/03/2026&Digest=WuQ8cZHnuXKQjhJ57dq+qQ",5
"BASTI","GAUR","SAURAHA","3153002107/RC/958486255823749863","6289","https://mnregaweb4.nic.in/nregaarch/View_NMMS_atten_date_dtl_rpt.aspx?page=&short_name=UP&state_name=UTTAR%20PRADESH&state_code=31&district_name=BASTI&district_code=3153&block_name=GAUR&block_code=3153002&panchayat_name=SAURAHA&panchayat_code=3153002107&fin_year=2025-2026&source=&work_code=3153002107/RC/958486255823749863&msr_no=6289&AttendanceDate=21/03/2026&Digest=tUQcAq1GyZw14s6J73KgyA",4
"BASTI","GAUR","JAITAPUR","3153002110/RC/958486255823740274","6243","https://mnregaweb4.nic.in/nregaarch/View_NMMS_atten_date_dtl_rpt.aspx?page=&short_name=UP&state_name=UTTAR%20PRADESH&state_code=31&district_name=BASTI&district_code=3153&block_name=GAUR&block_code=3153002&panchayat_name=JAITAPUR&panchayat_code=3153002110&fin_year=2025-2026&source=&work_code=3153002110/RC/958486255823740274&msr_no=6243&AttendanceDate=21/03/2026&Digest=qtug5wnZQIl3d79L50dzvw",9
"BASTI","BANKATI","PARASI","3153011076/RC/958486255823749924","9558","https://mnregaweb4.nic.in/nregaarch/View_NMMS_atten_date_dtl_rpt.aspx?page=&short_name=UP&state_name=UTTAR%20PRADESH&state_code=31&district_name=BASTI&district_code=3153&block_name=BANKATI&block_code=3153011&panchayat_name=PARASI&panchayat_code=3153011076&fin_year=2025-2026&source=&work_code=3153011076/RC/958486255823749924&msr_no=9558&AttendanceDate=21/03/2026&Digest=JhofUqFZ0FEGsL+RaoEH4g",6
"BASTI","BANKATI","SAJAHRA","3153011081/RC/958486255823741804","9485","https://mnregaweb4.nic.in/nregaarch/View_NMMS_atten_date_dtl_rpt.aspx?page=&short_name=UP&state_name=UTTAR%20PRADESH&state_code=31&district_name=BASTI&district_code=3153&block_name=BANKATI&block_code=3153011&panchayat_name=SAJAHRA&panchayat_code=3153011081&fin_year=2025-2026&source=&work_code=3153011081/RC/958486255823741804&msr_no=9485&AttendanceDate=21/03/2026&Digest=nAYG5XcIAzJxUJyZsxe0RQ",9
"BASTI","BANKATI","SISWA PANDEY","3153011101/IC/958486255823741153","9302","https://mnregaweb4.nic.in/nregaarch/View_NMMS_atten_date_dtl_rpt.aspx?page=&short_name=UP&state_name=UTTAR%20PRADESH&state_code=31&district_name=BASTI&district_code=3153&block_name=BANKATI&block_code=3153011&panchayat_name=SISWA%20PANDEY&panchayat_code=3153011101&fin_year=2025-2026&source=&work_code=3153011101/IC/958486255823741153&msr_no=9302&AttendanceDate=21/03/2026&Digest=MD+Bdo9oNs3lxQA6ZEnamw",7
"BASTI","BANKATI","CHITRAKHOR","3153011104/IC/958486255823723379","9621","https://mnregaweb4.nic.in/nregaarch/View_NMMS_atten_date_dtl_rpt.aspx?page=&short_name=UP&state_name=UTTAR%20PRADESH&state_code=31&district_name=BASTI&district_code=3153&block_name=BANKATI&block_code=3153011&panchayat_name=CHITRAKHOR&panchayat_code=3153011104&fin_year=2025-2026&source=&work_code=3153011104/IC/958486255823723379&msr_no=9621&AttendanceDate=21/03/2026&Digest=NXPHKHvp0RFiAkQYyORwNQ",6
"BASTI","BANKATI","DUBAULI KHURD","3153011109/IC/958486255823741004","9278","https://mnregaweb4.nic.in/nregaarch/View_NMMS_atten_date_dtl_rpt.aspx?page=&short_name=UP&state_name=UTTAR%20PRADESH&state_code=31&district_name=BASTI&district_code=3153&block_name=BANKATI&block_code=3153011&panchayat_name=DUBAULI%20KHURD&panchayat_code=3153011109&fin_year=2025-2026&source=&work_code=3153011109/IC/958486255823741004&msr_no=9278&AttendanceDate=21/03/2026&Digest=29/wrTz+jW+fUEMtNtIKwQ",8
"BASTI","BANKATI","DUBAULI KHURD","3153011109/RC/958486255823749300","9396","https://mnregaweb4.nic.in/nregaarch/View_NMMS_atten_date_dtl_rpt.aspx?page=&short_name=UP&state_name=UTTAR%20PRADESH&state_code=31&district_name=BASTI&district_code=3153&block_name=BANKATI&block_code=3153011&panchayat_name=DUBAULI%20KHURD&panchayat_code=3153011109&fin_year=2025-2026&source=&work_code=3153011109/RC/958486255823749300&msr_no=9396&AttendanceDate=21/03/2026&Digest=vJog6+HUodF8yxQBFLWvug",8
"BASTI","BANKATI","CHOLKHARI","3153011110/AV/958486255824182493","9422","https://mnregaweb4.nic.in/nregaarch/View_NMMS_atten_date_dtl_rpt.aspx?page=&short_name=UP&state_name=UTTAR%20PRADESH&state_code=31&district_name=BASTI&district_code=3153&block_name=BANKATI&block_code=3153011&panchayat_name=CHOLKHARI&panchayat_code=3153011110&fin_year=2025-2026&source=&work_code=3153011110/AV/958486255824182493&msr_no=9422&AttendanceDate=21/03/2026&Digest=DPgteL1DNCB9GlPn+Xy8MA",9
"BASTI","BANKATI","CHOLKHARI","3153011110/AV/958486255824182493","9425","https://mnregaweb4.nic.in/nregaarch/View_NMMS_atten_date_dtl_rpt.aspx?page=&short_name=UP&state_name=UTTAR%20PRADESH&state_code=31&district_name=BASTI&district_code=3153&block_name=BANKATI&block_code=3153011&panchayat_name=CHOLKHARI&panchayat_code=3153011110&fin_year=2025-2026&source=&work_code=3153011110/AV/958486255824182493&msr_no=9425&AttendanceDate=21/03/2026&Digest=ifCfX6rJPJUBqtVoN6GrFA",6
"BASTI","BASTI","SAHUPAR","3153010075/AV/958486255824181797","4358","https://mnregaweb4.nic.in/nregaarch/View_NMMS_atten_date_dtl_rpt.aspx?page=&short_name=UP&state_name=UTTAR%20PRADESH&state_code=31&district_name=BASTI&district_code=3153&block_name=BASTI&block_code=3153010&panchayat_name=SAHUPAR&panchayat_code=3153010075&fin_year=2025-2026&source=&work_code=3153010075/AV/958486255824181797&msr_no=4358&AttendanceDate=21/03/2026&Digest=OzisT4X1dwc70VgGi9uUEQ",10
"BASTI","DUBAULIYA","CHILMAPARSAN","3153014004/LD/958486255824846423","4130","https://mnregaweb4.nic.in/nregaarch/View_NMMS_atten_date_dtl_rpt.aspx?page=&short_name=UP&state_name=UTTAR%20PRADESH&state_code=31&district_name=BASTI&district_code=3153&block_name=DUBAULIYA&block_code=3153014&panchayat_name=CHILMAPARSAN&panchayat_code=3153014004&fin_year=2025-2026&source=&work_code=3153014004/LD/958486255824846423&msr_no=4130&AttendanceDate=21/03/2026&Digest=GVMHGWjldqVZQ2mDHPmOeQ",1
"BASTI","DUBAULIYA","CHILMAPARSAN","3153014004/LD/958486255824919567","4127","https://mnregaweb4.nic.in/nregaarch/View_NMMS_atten_date_dtl_rpt.aspx?page=&short_name=UP&state_name=UTTAR%20PRADESH&state_code=31&district_name=BASTI&district_code=3153&block_name=DUBAULIYA&block_code=3153014&panchayat_name=CHILMAPARSAN&panchayat_code=3153014004&fin_year=2025-2026&source=&work_code=3153014004/LD/958486255824919567&msr_no=4127&AttendanceDate=21/03/2026&Digest=oQLpOP6KzO9zKzwF/J/93g",4
"BASTI","DUBAULIYA","PAKRI CHAUHAAN","3153014006/AV/958486255824187517","4310","https://mnregaweb4.nic.in/nregaarch/View_NMMS_atten_date_dtl_rpt.aspx?page=&short_name=UP&state_name=UTTAR%20PRADESH&state_code=31&district_name=BASTI&district_code=3153&block_name=DUBAULIYA&block_code=3153014&panchayat_name=PAKRI%20CHAUHAAN&panchayat_code=3153014006&fin_year=2025-2026&source=&work_code=3153014006/AV/958486255824187517&msr_no=4310&AttendanceDate=21/03/2026&Digest=nl4mpUV1zn+ASHGOkFSqKA",4
"BASTI","DUBAULIYA","GULAWARI","3153014014/RC/958486255823749921","4278","https://mnregaweb4.nic.in/nregaarch/View_NMMS_atten_date_dtl_rpt.aspx?page=&short_name=UP&state_name=UTTAR%20PRADESH&state_code=31&district_name=BASTI&district_code=3153&block_name=DUBAULIYA&block_code=3153014&panchayat_name=GULAWARI&panchayat_code=3153014014&fin_year=2025-2026&source=&work_code=3153014014/RC/958486255823749921&msr_no=4278&AttendanceDate=21/03/2026&Digest=4m7qvbLuFBcN3SGiaMMFlA",7
"BASTI","DUBAULIYA","RAM NAGAR","3153014020/RC/958486255823749961","4174","https://mnregaweb4.nic.in/nregaarch/View_NMMS_atten_date_dtl_rpt.aspx?page=&short_name=UP&state_name=UTTAR%20PRADESH&state_code=31&district_name=BASTI&district_code=3153&block_name=DUBAULIYA&block_code=3153014&panchayat_name=RAM%20NAGAR&panchayat_code=3153014020&fin_year=2025-2026&source=&work_code=3153014020/RC/958486255823749961&msr_no=4174&AttendanceDate=21/03/2026&Digest=bORsAlM+PmmcbOHOnctbCw",8
"BASTI","DUBAULIYA","PURE OARI RAI","3153014023/RC/958486255823749307","4142","https://mnregaweb4.nic.in/nregaarch/View_NMMS_atten_date_dtl_rpt.aspx?page=&short_name=UP&state_name=UTTAR%20PRADESH&state_code=31&district_name=BASTI&district_code=3153&block_name=DUBAULIYA&block_code=3153014&panchayat_name=PURE%20OARI%20RAI&panchayat_code=3153014023&fin_year=2025-2026&source=&work_code=3153014023/RC/958486255823749307&msr_no=4142&AttendanceDate=21/03/2026&Digest=ISIJcYH4Z9odqH4apuAFxw",6
"BASTI","DUBAULIYA","LAXMANPUR","3153014030/LD/958486255824889814","4109","https://mnregaweb4.nic.in/nregaarch/View_NMMS_atten_date_dtl_rpt.aspx?page=&short_name=UP&state_name=UTTAR%20PRADESH&state_code=31&district_name=BASTI&district_code=3153&block_name=DUBAULIYA&block_code=3153014&panchayat_name=LAXMANPUR&panchayat_code=3153014030&fin_year=2025-2026&source=&work_code=3153014030/LD/958486255824889814&msr_no=4109&AttendanceDate=21/03/2026&Digest=3V1k6mlmRZy6gh+l9qIcqw",6
"BASTI","DUBAULIYA","SARIYA ATIBAL","3153014031/RC/958486255823749920","4151","https://mnregaweb4.nic.in/nregaarch/View_NMMS_atten_date_dtl_rpt.aspx?page=&short_name=UP&state_name=UTTAR%20PRADESH&state_code=31&district_name=BASTI&district_code=3153&block_name=DUBAULIYA&block_code=3153014&panchayat_name=SARIYA%20ATIBAL&panchayat_code=3153014031&fin_year=2025-2026&source=&work_code=3153014031/RC/958486255823749920&msr_no=4151&AttendanceDate=21/03/2026&Digest=9JUX+TWHTi6E9sAt3jtkIw",10
"BASTI","DUBAULIYA","KEVARI MUSTAHKAM","3153014040/RC/958486255823615820","4143","https://mnregaweb4.nic.in/nregaarch/View_NMMS_atten_date_dtl_rpt.aspx?page=&short_name=UP&state_name=UTTAR%20PRADESH&state_code=31&district_name=BASTI&district_code=3153&block_name=DUBAULIYA&block_code=3153014&panchayat_name=KEVARI%20MUSTAHKAM&panchayat_code=3153014040&fin_year=2025-2026&source=&work_code=3153014040/RC/958486255823615820&msr_no=4143&AttendanceDate=21/03/2026&Digest=TaKvZXlclf/lQf7BhMFSiw",5
"BASTI","DUBAULIYA","TIGHRA","3153014041/RC/958486255823750592","4287","https://mnregaweb4.nic.in/nregaarch/View_NMMS_atten_date_dtl_rpt.aspx?page=&short_name=UP&state_name=UTTAR%20PRADESH&state_code=31&district_name=BASTI&district_code=3153&block_name=DUBAULIYA&block_code=3153014&panchayat_name=TIGHRA&panchayat_code=3153014041&fin_year=2025-2026&source=&work_code=3153014041/RC/958486255823750592&msr_no=4287&AttendanceDate=21/03/2026&Digest=+cuPRxlXGVevTRuHSBrJEQ",9
"BASTI","DUBAULIYA","KHUSHALGANJ","3153014052/RC/958486255823748523","4132","https://mnregaweb4.nic.in/nregaarch/View_NMMS_atten_date_dtl_rpt.aspx?page=&short_name=UP&state_name=UTTAR%20PRADESH&state_code=31&district_name=BASTI&district_code=3153&block_name=DUBAULIYA&block_code=3153014&panchayat_name=KHUSHALGANJ&panchayat_code=3153014052&fin_year=2025-2026&source=&work_code=3153014052/RC/958486255823748523&msr_no=4132&AttendanceDate=21/03/2026&Digest=M9a8QZ+GxyxF79+Hz6C/nQ",5
"BASTI","DUBAULIYA","BARSAV","3153014055/WH/958486255823263333","4097","https://mnregaweb4.nic.in/nregaarch/View_NMMS_atten_date_dtl_rpt.aspx?page=&short_name=UP&state_name=UTTAR%20PRADESH&state_code=31&district_name=BASTI&district_code=3153&block_name=DUBAULIYA&block_code=3153014&panchayat_name=BARSAV&panchayat_code=3153014055&fin_year=2025-2026&source=&work_code=3153014055/WH/958486255823263333&msr_no=4097&AttendanceDate=21/03/2026&Digest=RytKgroa4a952rI8iZa6AA",2
"BASTI","GAUR","BADYA","3153002009/IC/958486255823728562","6355","https://mnregaweb4.nic.in/nregaarch/View_NMMS_atten_date_dtl_rpt.aspx?page=&short_name=UP&state_name=UTTAR%20PRADESH&state_code=31&district_name=BASTI&district_code=3153&block_name=GAUR&block_code=3153002&panchayat_name=BADYA&panchayat_code=3153002009&fin_year=2025-2026&source=&work_code=3153002009/IC/958486255823728562&msr_no=6355&AttendanceDate=21/03/2026&Digest=/IgvYTL5TmTx8FeHcBWjZA",9
"BASTI","GAUR","BABHANGAVA KHURD","3153002014/RC/958486255823739716","6449","https://mnregaweb4.nic.in/nregaarch/View_NMMS_atten_date_dtl_rpt.aspx?page=&short_name=UP&state_name=UTTAR%20PRADESH&state_code=31&district_name=BASTI&district_code=3153&block_name=GAUR&block_code=3153002&panchayat_name=BABHANGAVA%20KHURD&panchayat_code=3153002014&fin_year=2025-2026&source=&work_code=3153002014/RC/958486255823739716&msr_no=6449&AttendanceDate=21/03/2026&Digest=Moyfd5IFxDTOQ2D1ozTFaQ",3
"BASTI","GAUR","BHARAVALIYA","3153002024/RC/958486255823705269","6329","https://mnregaweb4.nic.in/nregaarch/View_NMMS_atten_date_dtl_rpt.aspx?page=&short_name=UP&state_name=UTTAR%20PRADESH&state_code=31&district_name=BASTI&district_code=3153&block_name=GAUR&block_code=3153002&panchayat_name=BHARAVALIYA&panchayat_code=3153002024&fin_year=2025-2026&source=&work_code=3153002024/RC/958486255823705269&msr_no=6329&AttendanceDate=21/03/2026&Digest=c3yEjYuLE4PXQVBsRJRyAg",10
"BASTI","GAUR","CHAKCHAI","3153002029/RC/958486255823749445","6547","https://mnregaweb4.nic.in/nregaarch/View_NMMS_atten_date_dtl_rpt.aspx?page=&short_name=UP&state_name=UTTAR%20PRADESH&state_code=31&district_name=BASTI&district_code=3153&block_name=GAUR&block_code=3153002&panchayat_name=CHAKCHAI&panchayat_code=3153002029&fin_year=2025-2026&source=&work_code=3153002029/RC/958486255823749445&msr_no=6547&AttendanceDate=21/03/2026&Digest=5ozvr2zZZyrprE+OHybdIA",5
"BASTI","GAUR","DEGRAHA","3153002035/WC/958486255824252593","6276","https://mnregaweb4.nic.in/nregaarch/View_NMMS_atten_date_dtl_rpt.aspx?page=&short_name=UP&state_name=UTTAR%20PRADESH&state_code=31&district_name=BASTI&district_code=3153&block_name=GAUR&block_code=3153002&panchayat_name=DEGRAHA&panchayat_code=3153002035&fin_year=2025-2026&source=&work_code=3153002035/WC/958486255824252593&msr_no=6276&AttendanceDate=21/03/2026&Digest=8C6yO7Pavn3sq2l+DXFa3w",9
"BASTI","GAUR","DEGRAHA","3153002035/WC/958486255824252593","6279","https://mnregaweb4.nic.in/nregaarch/View_NMMS_atten_date_dtl_rpt.aspx?page=&short_name=UP&state_name=UTTAR%20PRADESH&state_code=31&district_name=BASTI&district_code=3153&block_name=GAUR&block_code=3153002&panchayat_name=DEGRAHA&panchayat_code=3153002035&fin_year=2025-2026&source=&work_code=3153002035/WC/958486255824252593&msr_no=6279&AttendanceDate=21/03/2026&Digest=X4QuXdbT9uicu1R+AKZUXQ",6
"BASTI","GAUR","DUHAWA","3153002038/RC/958486255823747057","6435","https://mnregaweb4.nic.in/nregaarch/View_NMMS_atten_date_dtl_rpt.aspx?page=&short_name=UP&state_name=UTTAR%20PRADESH&state_code=31&district_name=BASTI&district_code=3153&block_name=GAUR&block_code=3153002&panchayat_name=DUHAWA&panchayat_code=3153002038&fin_year=2025-2026&source=&work_code=3153002038/RC/958486255823747057&msr_no=6435&AttendanceDate=21/03/2026&Digest=ls3HFU3PoKlQYdeS18Og2A",5
"BASTI","GAUR","HARDI","3153002043/WC/958486255824252613","6403","https://mnregaweb4.nic.in/nregaarch/View_NMMS_atten_date_dtl_rpt.aspx?page=&short_name=UP&state_name=UTTAR%20PRADESH&state_code=31&district_name=BASTI&district_code=3153&block_name=GAUR&block_code=3153002&panchayat_name=HARDI&panchayat_code=3153002043&fin_year=2025-2026&source=&work_code=3153002043/WC/958486255824252613&msr_no=6403&AttendanceDate=21/03/2026&Digest=uUjTW6Z5rNbcpvgLiNJgSA",10
"BASTI","GAUR","KUNGAI BUJURG","3153002056/RC/958486255823745699","6199","https://mnregaweb4.nic.in/nregaarch/View_NMMS_atten_date_dtl_rpt.aspx?page=&short_name=UP&state_name=UTTAR%20PRADESH&state_code=31&district_name=BASTI&district_code=3153&block_name=GAUR&block_code=3153002&panchayat_name=KUNGAI%20BUJURG&panchayat_code=3153002056&fin_year=2025-2026&source=&work_code=3153002056/RC/958486255823745699&msr_no=6199&AttendanceDate=21/03/2026&Digest=e/S+scQ6dylIY1aRaYRzRA",2
"BASTI","GAUR","KUNGAI BUJURG","3153002056/RC/958486255823745703","6204","https://mnregaweb4.nic.in/nregaarch/View_NMMS_atten_date_dtl_rpt.aspx?page=&short_name=UP&state_name=UTTAR%20PRADESH&state_code=31&district_name=BASTI&district_code=3153&block_name=GAUR&block_code=3153002&panchayat_name=KUNGAI%20BUJURG&panchayat_code=3153002056&fin_year=2025-2026&source=&work_code=3153002056/RC/958486255823745703&msr_no=6204&AttendanceDate=21/03/2026&Digest=E7FSHZMyMnkDwM8DWRFkXA",1
"BASTI","GAUR","MAHUVADABR","3153002059/AV/958486255824185057","6256","https://mnregaweb4.nic.in/nregaarch/View_NMMS_atten_date_dtl_rpt.aspx?page=&short_name=UP&state_name=UTTAR%20PRADESH&state_code=31&district_name=BASTI&district_code=3153&block_name=GAUR&block_code=3153002&panchayat_name=MAHUVADABR&panchayat_code=3153002059&fin_year=2025-2026&source=&work_code=3153002059/AV/958486255824185057&msr_no=6256&AttendanceDate=21/03/2026&Digest=hzRsUWKLKknZ7edHpgiBfQ",10
"BASTI","GAUR","MAJHAMAANPUR","3153002060/RC/958486255823730632","6410","https://mnregaweb4.nic.in/nregaarch/View_NMMS_atten_date_dtl_rpt.aspx?page=&short_name=UP&state_name=UTTAR%20PRADESH&state_code=31&district_name=BASTI&district_code=3153&block_name=GAUR&block_code=3153002&panchayat_name=MAJHAMAANPUR&panchayat_code=3153002060&fin_year=2025-2026&source=&work_code=3153002060/RC/958486255823730632&msr_no=6410&AttendanceDate=21/03/2026&Digest=Gnoo9lLKhKafFBIJF+uJyA",6
"BASTI","GAUR","MAJHAUVA CHAUBEY","3153002061/IC/958486255823733391","6358","https://mnregaweb4.nic.in/nregaarch/View_NMMS_atten_date_dtl_rpt.aspx?page=&short_name=UP&state_name=UTTAR%20PRADESH&state_code=31&district_name=BASTI&district_code=3153&block_name=GAUR&block_code=3153002&panchayat_name=MAJHAUVA%20CHAUBEY&panchayat_code=3153002061&fin_year=2025-2026&source=&work_code=3153002061/IC/958486255823733391&msr_no=6358&AttendanceDate=21/03/2026&Digest=Oh6W3gdVeT9w9UASZTG4rw",6
"BASTI","GAUR","RAMAPUR","3153002078/RC/958486255823498773","6490","https://mnregaweb4.nic.in/nregaarch/View_NMMS_atten_date_dtl_rpt.aspx?page=&short_name=UP&state_name=UTTAR%20PRADESH&state_code=31&district_name=BASTI&district_code=3153&block_name=GAUR&block_code=3153002&panchayat_name=RAMAPUR&panchayat_code=3153002078&fin_year=2025-2026&source=&work_code=3153002078/RC/958486255823498773&msr_no=6490&AttendanceDate=21/03/2026&Digest=Kg8CKia+BppyAtKNmMxt8g",9
"BASTI","GAUR","SHEMRA","3153002086/LD/958486255825004508","6384","https://mnregaweb4.nic.in/nregaarch/View_NMMS_atten_date_dtl_rpt.aspx?page=&short_name=UP&state_name=UTTAR%20PRADESH&state_code=31&district_name=BASTI&district_code=3153&block_name=GAUR&block_code=3153002&panchayat_name=SHEMRA&panchayat_code=3153002086&fin_year=2025-2026&source=&work_code=3153002086/LD/958486255825004508&msr_no=6384&AttendanceDate=21/03/2026&Digest=I615dei0wR+d0oIHI0iXDA",10
"BASTI","GAUR","SHEMRA","3153002086/LD/958486255825004508","6387","https://mnregaweb4.nic.in/nregaarch/View_NMMS_atten_date_dtl_rpt.aspx?page=&short_name=UP&state_name=UTTAR%20PRADESH&state_code=31&district_name=BASTI&district_code=3153&block_name=GAUR&block_code=3153002&panchayat_name=SHEMRA&panchayat_code=3153002086&fin_year=2025-2026&source=&work_code=3153002086/LD/958486255825004508&msr_no=6387&AttendanceDate=21/03/2026&Digest=TMMWt5QYyMMmJEo0mDja3A",10
"BASTI","GAUR","SUMAHI","3153002089/LD/YD/958486255825010405","6284","https://mnregaweb4.nic.in/nregaarch/View_NMMS_atten_date_dtl_rpt.aspx?page=&short_name=UP&state_name=UTTAR%20PRADESH&state_code=31&district_name=BASTI&district_code=3153&block_name=GAUR&block_code=3153002&panchayat_name=SUMAHI&panchayat_code=3153002089&fin_year=2025-2026&source=&work_code=3153002089/LD/YD/958486255825010405&msr_no=6284&AttendanceDate=21/03/2026&Digest=6oRmQK8ldRRpiryTKZ+UcQ",9
"BASTI","GAUR","TENUI CHET SINGH","3153002092/IC/958486255823745285","6343","https://mnregaweb4.nic.in/nregaarch/View_NMMS_atten_date_dtl_rpt.aspx?page=&short_name=UP&state_name=UTTAR%20PRADESH&state_code=31&district_name=BASTI&district_code=3153&block_name=GAUR&block_code=3153002&panchayat_name=TENUI%20CHET%20SINGH&panchayat_code=3153002092&fin_year=2025-2026&source=&work_code=3153002092/IC/958486255823745285&msr_no=6343&AttendanceDate=21/03/2026&Digest=pNPlEAqwcFw+vFTW4lWr1A",8
"BASTI","GAUR","TENUI CHET SINGH","3153002092/IC/958486255823746518","6575","https://mnregaweb4.nic.in/nregaarch/View_NMMS_atten_date_dtl_rpt.aspx?page=&short_name=UP&state_name=UTTAR%20PRADESH&state_code=31&district_name=BASTI&district_code=3153&block_name=GAUR&block_code=3153002&panchayat_name=TENUI%20CHET%20SINGH&panchayat_code=3153002092&fin_year=2025-2026&source=&work_code=3153002092/IC/958486255823746518&msr_no=6575&AttendanceDate=21/03/2026&Digest=y7FwsigDBRPV/IFZAza6Eg",6
"BASTI","GAUR","MADANPURA","3153002100/RC/958486255823737298","6476","https://mnregaweb4.nic.in/nregaarch/View_NMMS_atten_date_dtl_rpt.aspx?page=&short_name=UP&state_name=UTTAR%20PRADESH&state_code=31&district_name=BASTI&district_code=3153&block_name=GAUR&block_code=3153002&panchayat_name=MADANPURA&panchayat_code=3153002100&fin_year=2025-2026&source=&work_code=3153002100/RC/958486255823737298&msr_no=6476&AttendanceDate=21/03/2026&Digest=7Z1ovuuPE/aiXnQ5btm0Og",7
"BASTI","DUBAULIYA","SARAIYA BAKSI","3153014046/RC/958486255823727877","4199","https://mnregaweb4.nic.in/nregaarch/View_NMMS_atten_date_dtl_rpt.aspx?page=&short_name=UP&state_name=UTTAR%20PRADESH&state_code=31&district_name=BASTI&district_code=3153&block_name=DUBAULIYA&block_code=3153014&panchayat_name=SARAIYA%20BAKSI&panchayat_code=3153014046&fin_year=2025-2026&source=&work_code=3153014046/RC/958486255823727877&msr_no=4199&AttendanceDate=21/03/2026&Digest=P1Hk3dkT5eWDDDmOl1Qg3Q",10
"BASTI","DUBAULIYA","SARAIYA BAKSI","3153014046/RC/958486255823727881","4203","https://mnregaweb4.nic.in/nregaarch/View_NMMS_atten_date_dtl_rpt.aspx?page=&short_name=UP&state_name=UTTAR%20PRADESH&state_code=31&district_name=BASTI&district_code=3153&block_name=DUBAULIYA&block_code=3153014&panchayat_name=SARAIYA%20BAKSI&panchayat_code=3153014046&fin_year=2025-2026&source=&work_code=3153014046/RC/958486255823727881&msr_no=4203&AttendanceDate=21/03/2026&Digest=AVlaQBHkYVzoGTzi2b0Dyg",9
"BASTI","DUBAULIYA","BARSAV","3153014055/RC/958486255823751326","4269","https://mnregaweb4.nic.in/nregaarch/View_NMMS_atten_date_dtl_rpt.aspx?page=&short_name=UP&state_name=UTTAR%20PRADESH&state_code=31&district_name=BASTI&district_code=3153&block_name=DUBAULIYA&block_code=3153014&panchayat_name=BARSAV&panchayat_code=3153014055&fin_year=2025-2026&source=&work_code=3153014055/RC/958486255823751326&msr_no=4269&AttendanceDate=21/03/2026&Digest=iE26jtVtJdBZNaOTJbmULQ",7
"BASTI","DUBAULIYA","BARSAV","3153014055/WH/958486255823263333","4091","https://mnregaweb4.nic.in/nregaarch/View_NMMS_atten_date_dtl_rpt.aspx?page=&short_name=UP&state_name=UTTAR%20PRADESH&state_code=31&district_name=BASTI&district_code=3153&block_name=DUBAULIYA&block_code=3153014&panchayat_name=BARSAV&panchayat_code=3153014055&fin_year=2025-2026&source=&work_code=3153014055/WH/958486255823263333&msr_no=4091&AttendanceDate=21/03/2026&Digest=X2a0d0vGzXnpBLNA8awVxA",9
"BASTI","DUBAULIYA","BARSAV","3153014055/WH/958486255823263333","4094","https://mnregaweb4.nic.in/nregaarch/View_NMMS_atten_date_dtl_rpt.aspx?page=&short_name=UP&state_name=UTTAR%20PRADESH&state_code=31&district_name=BASTI&district_code=3153&block_name=DUBAULIYA&block_code=3153014&panchayat_name=BARSAV&panchayat_code=3153014055&fin_year=2025-2026&source=&work_code=3153014055/WH/958486255823263333&msr_no=4094&AttendanceDate=21/03/2026&Digest=TRsNHT2pIvjZlpppw3T4vQ",8
"BASTI","DUBAULIYA","HARIPAL PUR","3153014060/RC/958486255823749903","4267","https://mnregaweb4.nic.in/nregaarch/View_NMMS_atten_date_dtl_rpt.aspx?page=&short_name=UP&state_name=UTTAR%20PRADESH&state_code=31&district_name=BASTI&district_code=3153&block_name=DUBAULIYA&block_code=3153014&panchayat_name=HARIPAL%20PUR&panchayat_code=3153014060&fin_year=2025-2026&source=&work_code=3153014060/RC/958486255823749903&msr_no=4267&AttendanceDate=21/03/2026&Digest=JciWpAODaS7v9rDUQZWliQ",6
"BASTI","GAUR","BADYA","3153002009/IC/958486255823728560","6240","https://mnregaweb4.nic.in/nregaarch/View_NMMS_atten_date_dtl_rpt.aspx?page=&short_name=UP&state_name=UTTAR%20PRADESH&state_code=31&district_name=BASTI&district_code=3153&block_name=GAUR&block_code=3153002&panchayat_name=BADYA&panchayat_code=3153002009&fin_year=2025-2026&source=&work_code=3153002009/IC/958486255823728560&msr_no=6240&AttendanceDate=21/03/2026&Digest=Ey+Y/sl5Xmso9lQI/ijbPA",10
"BASTI","GAUR","BALUA CHAUBE","3153002013/RC/958486255823749569","6528","https://mnregaweb4.nic.in/nregaarch/View_NMMS_atten_date_dtl_rpt.aspx?page=&short_name=UP&state_name=UTTAR%20PRADESH&state_code=31&district_name=BASTI&district_code=3153&block_name=GAUR&block_code=3153002&panchayat_name=BALUA%20CHAUBE&panchayat_code=3153002013&fin_year=2025-2026&source=&work_code=3153002013/RC/958486255823749569&msr_no=6528&AttendanceDate=21/03/2026&Digest=rswepQBrvaJH9a8SpUoofQ",6
"BASTI","GAUR","BABHANGAVA KHURD","3153002014/RC/958486255823686891","6453","https://mnregaweb4.nic.in/nregaarch/View_NMMS_atten_date_dtl_rpt.aspx?page=&short_name=UP&state_name=UTTAR%20PRADESH&state_code=31&district_name=BASTI&district_code=3153&block_name=GAUR&block_code=3153002&panchayat_name=BABHANGAVA%20KHURD&panchayat_code=3153002014&fin_year=2025-2026&source=&work_code=3153002014/RC/958486255823686891&msr_no=6453&AttendanceDate=21/03/2026&Digest=4SkHk0FOmTGhNqQ662416g",8
"BASTI","GAUR","DUHAWA","3153002038/LD/958486255824947013","6325","https://mnregaweb4.nic.in/nregaarch/View_NMMS_atten_date_dtl_rpt.aspx?page=&short_name=UP&state_name=UTTAR%20PRADESH&state_code=31&district_name=BASTI&district_code=3153&block_name=GAUR&block_code=3153002&panchayat_name=DUHAWA&panchayat_code=3153002038&fin_year=2025-2026&source=&work_code=3153002038/LD/958486255824947013&msr_no=6325&AttendanceDate=21/03/2026&Digest=+Ja1DuV32A6VhWW0gbD+NA",10
"BASTI","GAUR","DUHAWA","3153002038/LD/958486255824947013","6328","https://mnregaweb4.nic.in/nregaarch/View_NMMS_atten_date_dtl_rpt.aspx?page=&short_name=UP&state_name=UTTAR%20PRADESH&state_code=31&district_name=BASTI&district_code=3153&block_name=GAUR&block_code=3153002&panchayat_name=DUHAWA&panchayat_code=3153002038&fin_year=2025-2026&source=&work_code=3153002038/LD/958486255824947013&msr_no=6328&AttendanceDate=21/03/2026&Digest=XpQ22BEjtEYTQuwXYLcZFg",8
"BASTI","GAUR","HARDI","3153002043/RC/958486255823749501","6320","https://mnregaweb4.nic.in/nregaarch/View_NMMS_atten_date_dtl_rpt.aspx?page=&short_name=UP&state_name=UTTAR%20PRADESH&state_code=31&district_name=BASTI&district_code=3153&block_name=GAUR&block_code=3153002&panchayat_name=HARDI&panchayat_code=3153002043&fin_year=2025-2026&source=&work_code=3153002043/RC/958486255823749501&msr_no=6320&AttendanceDate=21/03/2026&Digest=5DYiEzTBL8NJSUB0ky5Ncg",5
"BASTI","GAUR","KHUTAHANA","3153002053/AV/958486255824177566","6339","https://mnregaweb4.nic.in/nregaarch/View_NMMS_atten_date_dtl_rpt.aspx?page=&short_name=UP&state_name=UTTAR%20PRADESH&state_code=31&district_name=BASTI&district_code=3153&block_name=GAUR&block_code=3153002&panchayat_name=KHUTAHANA&panchayat_code=3153002053&fin_year=2025-2026&source=&work_code=3153002053/AV/958486255824177566&msr_no=6339&AttendanceDate=21/03/2026&Digest=XJ1ZHwPU831614MDnkzZdQ",4
"BASTI","GAUR","KUCHURUPUR","3153002055/RC/958486255823691325","6235","https://mnregaweb4.nic.in/nregaarch/View_NMMS_atten_date_dtl_rpt.aspx?page=&short_name=UP&state_name=UTTAR%20PRADESH&state_code=31&district_name=BASTI&district_code=3153&block_name=GAUR&block_code=3153002&panchayat_name=KUCHURUPUR&panchayat_code=3153002055&fin_year=2025-2026&source=&work_code=3153002055/RC/958486255823691325&msr_no=6235&AttendanceDate=21/03/2026&Digest=LqPZICeHHzrVh+l78CPU6g",7
"BASTI","GAUR","MAJHAUVA CHAUBEY","3153002061/WC/958486255824213629","6525","https://mnregaweb4.nic.in/nregaarch/View_NMMS_atten_date_dtl_rpt.aspx?page=&short_name=UP&state_name=UTTAR%20PRADESH&state_code=31&district_name=BASTI&district_code=3153&block_name=GAUR&block_code=3153002&panchayat_name=MAJHAUVA%20CHAUBEY&panchayat_code=3153002061&fin_year=2025-2026&source=&work_code=3153002061/WC/958486255824213629&msr_no=6525&AttendanceDate=21/03/2026&Digest=vr1ULKSw58V1joADQVEtLQ",2
"BASTI","GAUR","MAJHAUVA DUDTHNATH","3153002062/RC/958486255823694908","6551","https://mnregaweb4.nic.in/nregaarch/View_NMMS_atten_date_dtl_rpt.aspx?page=&short_name=UP&state_name=UTTAR%20PRADESH&state_code=31&district_name=BASTI&district_code=3153&block_name=GAUR&block_code=3153002&panchayat_name=MAJHAUVA%20DUDTHNATH&panchayat_code=3153002062&fin_year=2025-2026&source=&work_code=3153002062/RC/958486255823694908&msr_no=6551&AttendanceDate=21/03/2026&Digest=vkx5V6QT3aYKYG0syXo8VA",6
"BASTI","GAUR","MAJHAUVA DUDTHNATH","3153002062/RC/958486255823748554","6498","https://mnregaweb4.nic.in/nregaarch/View_NMMS_atten_date_dtl_rpt.aspx?page=&short_name=UP&state_name=UTTAR%20PRADESH&state_code=31&district_name=BASTI&district_code=3153&block_name=GAUR&block_code=3153002&panchayat_name=MAJHAUVA%20DUDTHNATH&panchayat_code=3153002062&fin_year=2025-2026&source=&work_code=3153002062/RC/958486255823748554&msr_no=6498&AttendanceDate=21/03/2026&Digest=OH+yfi+UWtQgrKAJE+sUBw",9
"BASTI","GAUR","RANIPUR BABU","3153002080/IC/958486255823745018","6306","https://mnregaweb4.nic.in/nregaarch/View_NMMS_atten_date_dtl_rpt.aspx?page=&short_name=UP&state_name=UTTAR%20PRADESH&state_code=31&district_name=BASTI&district_code=3153&block_name=GAUR&block_code=3153002&panchayat_name=RANIPUR%20BABU&panchayat_code=3153002080&fin_year=2025-2026&source=&work_code=3153002080/IC/958486255823745018&msr_no=6306&AttendanceDate=21/03/2026&Digest=pY0229Pb3C83WAwH6bau7g",8
"BASTI","GAUR","RANIPUR BABU","3153002080/IC/958486255823745018","6309","https://mnregaweb4.nic.in/nregaarch/View_NMMS_atten_date_dtl_rpt.aspx?page=&short_name=UP&state_name=UTTAR%20PRADESH&state_code=31&district_name=BASTI&district_code=3153&block_name=GAUR&block_code=3153002&panchayat_name=RANIPUR%20BABU&panchayat_code=3153002080&fin_year=2025-2026&source=&work_code=3153002080/IC/958486255823745018&msr_no=6309&AttendanceDate=21/03/2026&Digest=g7PP0RVkEUP4Cy48lYFXpg",10
"BASTI","GAUR","RANIPUR BABU","3153002080/IC/958486255823745019","6580","https://mnregaweb4.nic.in/nregaarch/View_NMMS_atten_date_dtl_rpt.aspx?page=&short_name=UP&state_name=UTTAR%20PRADESH&state_code=31&district_name=BASTI&district_code=3153&block_name=GAUR&block_code=3153002&panchayat_name=RANIPUR%20BABU&panchayat_code=3153002080&fin_year=2025-2026&source=&work_code=3153002080/IC/958486255823745019&msr_no=6580&AttendanceDate=21/03/2026&Digest=FXdk0fFgRnIKEqxjqk+amA",9
"BASTI","GAUR","SUMAHI","3153002089/LD/YD/958486255825010403","6282","https://mnregaweb4.nic.in/nregaarch/View_NMMS_atten_date_dtl_rpt.aspx?page=&short_name=UP&state_name=UTTAR%20PRADESH&state_code=31&district_name=BASTI&district_code=3153&block_name=GAUR&block_code=3153002&panchayat_name=SUMAHI&panchayat_code=3153002089&fin_year=2025-2026&source=&work_code=3153002089/LD/YD/958486255825010403&msr_no=6282&AttendanceDate=21/03/2026&Digest=h+ZnmdyCI+26WpH413vTmw",9
"BASTI","GAUR","TENUI CHET SINGH","3153002092/WC/958486255824251198","6260","https://mnregaweb4.nic.in/nregaarch/View_NMMS_atten_date_dtl_rpt.aspx?page=&short_name=UP&state_name=UTTAR%20PRADESH&state_code=31&district_name=BASTI&district_code=3153&block_name=GAUR&block_code=3153002&panchayat_name=TENUI%20CHET%20SINGH&panchayat_code=3153002092&fin_year=2025-2026&source=&work_code=3153002092/WC/958486255824251198&msr_no=6260&AttendanceDate=21/03/2026&Digest=FTgymi3dfzJzVdguH7waKQ",10
"BASTI","GAUR","TENUI CHET SINGH","3153002092/WC/958486255824251198","6263","https://mnregaweb4.nic.in/nregaarch/View_NMMS_atten_date_dtl_rpt.aspx?page=&short_name=UP&state_name=UTTAR%20PRADESH&state_code=31&district_name=BASTI&district_code=3153&block_name=GAUR&block_code=3153002&panchayat_name=TENUI%20CHET%20SINGH&panchayat_code=3153002092&fin_year=2025-2026&source=&work_code=3153002092/WC/958486255824251198&msr_no=6263&AttendanceDate=21/03/2026&Digest=MqaSQDkyHikHRerwbFrwOA",10
"BASTI","GAUR","GHAGHARIYA","3153002094/RC/958486255823735160","6541","https://mnregaweb4.nic.in/nregaarch/View_NMMS_atten_date_dtl_rpt.aspx?page=&short_name=UP&state_name=UTTAR%20PRADESH&state_code=31&district_name=BASTI&district_code=3153&block_name=GAUR&block_code=3153002&panchayat_name=GHAGHARIYA&panchayat_code=3153002094&fin_year=2025-2026&source=&work_code=3153002094/RC/958486255823735160&msr_no=6541&AttendanceDate=21/03/2026&Digest=ythVxvFHBnxEPKgaSBviuQ",7
"BASTI","HARRAIYA","BHAIRO PUR","3153003027/RC/YD/958486255823736252","6943","https://mnregaweb4.nic.in/nregaarch/View_NMMS_atten_date_dtl_rpt.aspx?page=&short_name=UP&state_name=UTTAR%20PRADESH&state_code=31&district_name=BASTI&district_code=3153&block_name=HARRAIYA&block_code=3153003&panchayat_name=BHAIRO%20PUR&panchayat_code=3153003027&fin_year=2025-2026&source=&work_code=3153003027/RC/YD/958486255823736252&msr_no=6943&AttendanceDate=21/03/2026&Digest=4kyFr5OembBtwc1TsLfCCA",10
"BASTI","HARRAIYA","BANS GAW","3153003031/LD/958486255824940352","6901","https://mnregaweb4.nic.in/nregaarch/View_NMMS_atten_date_dtl_rpt.aspx?page=&short_name=UP&state_name=UTTAR%20PRADESH&state_code=31&district_name=BASTI&district_code=3153&block_name=HARRAIYA&block_code=3153003&panchayat_name=BANS%20GAW&panchayat_code=3153003031&fin_year=2025-2026&source=&work_code=3153003031/LD/958486255824940352&msr_no=6901&AttendanceDate=21/03/2026&Digest=koGAvaAUfoum+FC7CiANZw",6
"BASTI","HARRAIYA","SANGRAM PUR","3153003035/LD/958486255824958169","6824","https://mnregaweb4.nic.in/nregaarch/View_NMMS_atten_date_dtl_rpt.aspx?page=&short_name=UP&state_name=UTTAR%20PRADESH&state_code=31&district_name=BASTI&district_code=3153&block_name=HARRAIYA&block_code=3153003&panchayat_name=SANGRAM%20PUR&panchayat_code=3153003035&fin_year=2025-2026&source=&work_code=3153003035/LD/958486255824958169&msr_no=6824&AttendanceDate=21/03/2026&Digest=297OID373joY2vSYiAYElA",10
"BASTI","HARRAIYA","DUHWA MISHR","3153003037/LD/958486255824957650","6964","https://mnregaweb4.nic.in/nregaarch/View_NMMS_atten_date_dtl_rpt.aspx?page=&short_name=UP&state_name=UTTAR%20PRADESH&state_code=31&district_name=BASTI&district_code=3153&block_name=HARRAIYA&block_code=3153003&panchayat_name=DUHWA%20MISHR&panchayat_code=3153003037&fin_year=2025-2026&source=&work_code=3153003037/LD/958486255824957650&msr_no=6964&AttendanceDate=21/03/2026&Digest=5zPCYkxjrWZLFKCsynIkNw",9
"BASTI","HARRAIYA","MARWATIA BHAWAN","3153003039/AV/958486255824176086","6918","https://mnregaweb4.nic.in/nregaarch/View_NMMS_atten_date_dtl_rpt.aspx?page=&short_name=UP&state_name=UTTAR%20PRADESH&state_code=31&district_name=BASTI&district_code=3153&block_name=HARRAIYA&block_code=3153003&panchayat_name=MARWATIA%20BHAWAN&panchayat_code=3153003039&fin_year=2025-2026&source=&work_code=3153003039/AV/958486255824176086&msr_no=6918&AttendanceDate=21/03/2026&Digest=5bFlN5b78tCObLN/CDgEZQ",10
"BASTI","HARRAIYA","NADAYEN","3153003042/LD/958486255824955644","6905","https://mnregaweb4.nic.in/nregaarch/View_NMMS_atten_date_dtl_rpt.aspx?page=&short_name=UP&state_name=UTTAR%20PRADESH&state_code=31&district_name=BASTI&district_code=3153&block_name=HARRAIYA&block_code=3153003&panchayat_name=NADAYEN&panchayat_code=3153003042&fin_year=2025-2026&source=&work_code=3153003042/LD/958486255824955644&msr_no=6905&AttendanceDate=21/03/2026&Digest=4X91v75+uN9fItRgB1JIsA",10
"BASTI","HARRAIYA","NADAYEN","3153003042/LD/958486255824955644","6908","https://mnregaweb4.nic.in/nregaarch/View_NMMS_atten_date_dtl_rpt.aspx?page=&short_name=UP&state_name=UTTAR%20PRADESH&state_code=31&district_name=BASTI&district_code=3153&block_name=HARRAIYA&block_code=3153003&panchayat_name=NADAYEN&panchayat_code=3153003042&fin_year=2025-2026&source=&work_code=3153003042/LD/958486255824955644&msr_no=6908&AttendanceDate=21/03/2026&Digest=hVKCMyDzF+8nG6j7pvg0VQ",10
"BASTI","HARRAIYA","NADAYEN","3153003042/LD/958486255824955644","6911","https://mnregaweb4.nic.in/nregaarch/View_NMMS_atten_date_dtl_rpt.aspx?page=&short_name=UP&state_name=UTTAR%20PRADESH&state_code=31&district_name=BASTI&district_code=3153&block_name=HARRAIYA&block_code=3153003&panchayat_name=NADAYEN&panchayat_code=3153003042&fin_year=2025-2026&source=&work_code=3153003042/LD/958486255824955644&msr_no=6911&AttendanceDate=21/03/2026&Digest=TB3Qu0sFJ5BXyDQNw7vB6Q",3
"BASTI","HARRAIYA","REWARA DAS","3153003047/LD/958486255825004745","6782","https://mnregaweb4.nic.in/nregaarch/View_NMMS_atten_date_dtl_rpt.aspx?page=&short_name=UP&state_name=UTTAR%20PRADESH&state_code=31&district_name=BASTI&district_code=3153&block_name=HARRAIYA&block_code=3153003&panchayat_name=REWARA%20DAS&panchayat_code=3153003047&fin_year=2025-2026&source=&work_code=3153003047/LD/958486255825004745&msr_no=6782&AttendanceDate=21/03/2026&Digest=59L+A4djzoRGo2umySCpcQ",5
"BASTI","HARRAIYA","BHARGAWA","3153003058/LD/958486255824611296","6963","https://mnregaweb4.nic.in/nregaarch/View_NMMS_atten_date_dtl_rpt.aspx?page=&short_name=UP&state_name=UTTAR%20PRADESH&state_code=31&district_name=BASTI&district_code=3153&block_name=HARRAIYA&block_code=3153003&panchayat_name=BHARGAWA&panchayat_code=3153003058&fin_year=2025-2026&source=&work_code=3153003058/LD/958486255824611296&msr_no=6963&AttendanceDate=21/03/2026&Digest=BbzIVsolCQ8Z3n9p9yACvw",9
"BASTI","HARRAIYA","LAVDAHA","3153003060/LD/958486255824959021","6785","https://mnregaweb4.nic.in/nregaarch/View_NMMS_atten_date_dtl_rpt.aspx?page=&short_name=UP&state_name=UTTAR%20PRADESH&state_code=31&district_name=BASTI&district_code=3153&block_name=HARRAIYA&block_code=3153003&panchayat_name=LAVDAHA&panchayat_code=3153003060&fin_year=2025-2026&source=&work_code=3153003060/LD/958486255824959021&msr_no=6785&AttendanceDate=21/03/2026&Digest=eZVGftaLWK4QA2JjVfbR1w",10
"BASTI","HARRAIYA","LAVDAHA","3153003060/LD/958486255825004605","6787","https://mnregaweb4.nic.in/nregaarch/View_NMMS_atten_date_dtl_rpt.aspx?page=&short_name=UP&state_name=UTTAR%20PRADESH&state_code=31&district_name=BASTI&district_code=3153&block_name=HARRAIYA&block_code=3153003&panchayat_name=LAVDAHA&panchayat_code=3153003060&fin_year=2025-2026&source=&work_code=3153003060/LD/958486255825004605&msr_no=6787&AttendanceDate=21/03/2026&Digest=Hcq09BCgpsjI26/7N++Zkw",3
"BASTI","HARRAIYA","JOGAPUR","3153003071/LD/958486255825004701","6993","https://mnregaweb4.nic.in/nregaarch/View_NMMS_atten_date_dtl_rpt.aspx?page=&short_name=UP&state_name=UTTAR%20PRADESH&state_code=31&district_name=BASTI&district_code=3153&block_name=HARRAIYA&block_code=3153003&panchayat_name=JOGAPUR&panchayat_code=3153003071&fin_year=2025-2026&source=&work_code=3153003071/LD/958486255825004701&msr_no=6993&AttendanceDate=21/03/2026&Digest=DIetV4TcgmZVElt8Zcvp0A",10
"BASTI","HARRAIYA","BHADAWAL KALA","3153003074/LD/958486255825010527","6870","https://mnregaweb4.nic.in/nregaarch/View_NMMS_atten_date_dtl_rpt.aspx?page=&short_name=UP&state_name=UTTAR%20PRADESH&state_code=31&district_name=BASTI&district_code=3153&block_name=HARRAIYA&block_code=3153003&panchayat_name=BHADAWAL%20KALA&panchayat_code=3153003074&fin_year=2025-2026&source=&work_code=3153003074/LD/958486255825010527&msr_no=6870&AttendanceDate=21/03/2026&Digest=w4m2vI5KuIMCWTsR5mfpDw",7
"BASTI","HARRAIYA","KHAIRI OJHA","3153003075/RC/958486255823728315","6928","https://mnregaweb4.nic.in/nregaarch/View_NMMS_atten_date_dtl_rpt.aspx?page=&short_name=UP&state_name=UTTAR%20PRADESH&state_code=31&district_name=BASTI&district_code=3153&block_name=HARRAIYA&block_code=3153003&panchayat_name=KHAIRI%20OJHA&panchayat_code=3153003075&fin_year=2025-2026&source=&work_code=3153003075/RC/958486255823728315&msr_no=6928&AttendanceDate=21/03/2026&Digest=l61h5zMGkLoetkS13XxUyg",9
"BASTI","HARRAIYA","SHAMBHUPUR","3153003077/WC/958486255823257967","6841","https://mnregaweb4.nic.in/nregaarch/View_NMMS_atten_date_dtl_rpt.aspx?page=&short_name=UP&state_name=UTTAR%20PRADESH&state_code=31&district_name=BASTI&district_code=3153&block_name=HARRAIYA&block_code=3153003&panchayat_name=SHAMBHUPUR&panchayat_code=3153003077&fin_year=2025-2026&source=&work_code=3153003077/WC/958486255823257967&msr_no=6841&AttendanceDate=21/03/2026&Digest=DHBRLgWIJCuorwnCFvqm5A",10
"BASTI","HARRAIYA","SAKARDAHA","3153003082/WH/958486255824006881","6754","https://mnregaweb4.nic.in/nregaarch/View_NMMS_atten_date_dtl_rpt.aspx?page=&short_name=UP&state_name=UTTAR%20PRADESH&state_code=31&district_name=BASTI&district_code=3153&block_name=HARRAIYA&block_code=3153003&panchayat_name=SAKARDAHA&panchayat_code=3153003082&fin_year=2025-2026&source=&work_code=3153003082/WH/958486255824006881&msr_no=6754&AttendanceDate=21/03/2026&Digest=ypLHU7fyazkKNWMgvJ4yrg",10
"BASTI","BANKATI","SISWA PANDEY","3153011101/RC/958486255823732562","9426","https://mnregaweb4.nic.in/nregaarch/View_NMMS_atten_date_dtl_rpt.aspx?page=&short_name=UP&state_name=UTTAR%20PRADESH&state_code=31&district_name=BASTI&district_code=3153&block_name=BANKATI&block_code=3153011&panchayat_name=SISWA%20PANDEY&panchayat_code=3153011101&fin_year=2025-2026&source=&work_code=3153011101/RC/958486255823732562&msr_no=9426&AttendanceDate=21/03/2026&Digest=efHgGaLxWFDGmJ6ZH5+MoA",9
"BASTI","BANKATI","SISWA PANDEY","3153011101/RC/958486255823732562","9429","https://mnregaweb4.nic.in/nregaarch/View_NMMS_atten_date_dtl_rpt.aspx?page=&short_name=UP&state_name=UTTAR%20PRADESH&state_code=31&district_name=BASTI&district_code=3153&block_name=BANKATI&block_code=3153011&panchayat_name=SISWA%20PANDEY&panchayat_code=3153011101&fin_year=2025-2026&source=&work_code=3153011101/RC/958486255823732562&msr_no=9429&AttendanceDate=21/03/2026&Digest=9YBztptQRRARCojhimTcnA",7
"BASTI","BANKATI","DUBAULI KHURD","3153011109/IC/958486255823741004","9277","https://mnregaweb4.nic.in/nregaarch/View_NMMS_atten_date_dtl_rpt.aspx?page=&short_name=UP&state_name=UTTAR%20PRADESH&state_code=31&district_name=BASTI&district_code=3153&block_name=BANKATI&block_code=3153011&panchayat_name=DUBAULI%20KHURD&panchayat_code=3153011109&fin_year=2025-2026&source=&work_code=3153011109/IC/958486255823741004&msr_no=9277&AttendanceDate=21/03/2026&Digest=BKphEE+tA3FFpxUwpoY/Ag",10
"BASTI","BANKATI","DUBAULI KHURD","3153011109/RC/958486255823749300","9395","https://mnregaweb4.nic.in/nregaarch/View_NMMS_atten_date_dtl_rpt.aspx?page=&short_name=UP&state_name=UTTAR%20PRADESH&state_code=31&district_name=BASTI&district_code=3153&block_name=BANKATI&block_code=3153011&panchayat_name=DUBAULI%20KHURD&panchayat_code=3153011109&fin_year=2025-2026&source=&work_code=3153011109/RC/958486255823749300&msr_no=9395&AttendanceDate=21/03/2026&Digest=SoLgtWIHadckFdzev0aItQ",7
"BASTI","BANKATI","CHOLKHARI","3153011110/AV/958486255824182493","9421","https://mnregaweb4.nic.in/nregaarch/View_NMMS_atten_date_dtl_rpt.aspx?page=&short_name=UP&state_name=UTTAR%20PRADESH&state_code=31&district_name=BASTI&district_code=3153&block_name=BANKATI&block_code=3153011&panchayat_name=CHOLKHARI&panchayat_code=3153011110&fin_year=2025-2026&source=&work_code=3153011110/AV/958486255824182493&msr_no=9421&AttendanceDate=21/03/2026&Digest=PzpZWbKWyaYIh/TRr8dlwQ",10
"BASTI","BANKATI","CHOLKHARI","3153011110/AV/958486255824182493","9424","https://mnregaweb4.nic.in/nregaarch/View_NMMS_atten_date_dtl_rpt.aspx?page=&short_name=UP&state_name=UTTAR%20PRADESH&state_code=31&district_name=BASTI&district_code=3153&block_name=BANKATI&block_code=3153011&panchayat_name=CHOLKHARI&panchayat_code=3153011110&fin_year=2025-2026&source=&work_code=3153011110/AV/958486255824182493&msr_no=9424&AttendanceDate=21/03/2026&Digest=Dci2a+h6zeKFiFa+8IR5Yg",9
"BASTI","BASTI","MAHSO","3153010057/WH/958486255824012356","4366","https://mnregaweb4.nic.in/nregaarch/View_NMMS_atten_date_dtl_rpt.aspx?page=&short_name=UP&state_name=UTTAR%20PRADESH&state_code=31&district_name=BASTI&district_code=3153&block_name=BASTI&block_code=3153010&panchayat_name=MAHSO&panchayat_code=3153010057&fin_year=2025-2026&source=&work_code=3153010057/WH/958486255824012356&msr_no=4366&AttendanceDate=21/03/2026&Digest=yYmjA8zwizK0tSZieBRcXg",9
"BASTI","BASTI","ORAI","3153010065/WC/958486255824160997","4412","https://mnregaweb4.nic.in/nregaarch/View_NMMS_atten_date_dtl_rpt.aspx?page=&short_name=UP&state_name=UTTAR%20PRADESH&state_code=31&district_name=BASTI&district_code=3153&block_name=BASTI&block_code=3153010&panchayat_name=ORAI&panchayat_code=3153010065&fin_year=2025-2026&source=&work_code=3153010065/WC/958486255824160997&msr_no=4412&AttendanceDate=21/03/2026&Digest=0HKBEFWO8W9zytKE2nAiBA",2
"BASTI","BASTI","RAIKWAR","3153010070/RC/958486255823675819","4377","https://mnregaweb4.nic.in/nregaarch/View_NMMS_atten_date_dtl_rpt.aspx?page=&short_name=UP&state_name=UTTAR%20PRADESH&state_code=31&district_name=BASTI&district_code=3153&block_name=BASTI&block_code=3153010&panchayat_name=RAIKWAR&panchayat_code=3153010070&fin_year=2025-2026&source=&work_code=3153010070/RC/958486255823675819&msr_no=4377&AttendanceDate=21/03/2026&Digest=hw1Hujr36a0b1FvpOI9+Jw",9
"BASTI","BASTI","SAHUPAR","3153010075/AV/958486255824181797","4359","https://mnregaweb4.nic.in/nregaarch/View_NMMS_atten_date_dtl_rpt.aspx?page=&short_name=UP&state_name=UTTAR%20PRADESH&state_code=31&district_name=BASTI&district_code=3153&block_name=BASTI&block_code=3153010&panchayat_name=SAHUPAR&panchayat_code=3153010075&fin_year=2025-2026&source=&work_code=3153010075/AV/958486255824181797&msr_no=4359&AttendanceDate=21/03/2026&Digest=OL/xyRFyz+cYtcw/Pn5LEQ",8
"BASTI","BASTI","SAHUPAR","3153010075/RC/958486255823701271","4381","https://mnregaweb4.nic.in/nregaarch/View_NMMS_atten_date_dtl_rpt.aspx?page=&short_name=UP&state_name=UTTAR%20PRADESH&state_code=31&district_name=BASTI&district_code=3153&block_name=BASTI&block_code=3153010&panchayat_name=SAHUPAR&panchayat_code=3153010075&fin_year=2025-2026&source=&work_code=3153010075/RC/958486255823701271&msr_no=4381&AttendanceDate=21/03/2026&Digest=fpxA4jNcrj+gq+L+ri17Jg",7
"BASTI","DUBAULIYA","CHILMAPARSAN","3153014004/LD/958486255824846423","4129","https://mnregaweb4.nic.in/nregaarch/View_NMMS_atten_date_dtl_rpt.aspx?page=&short_name=UP&state_name=UTTAR%20PRADESH&state_code=31&district_name=BASTI&district_code=3153&block_name=DUBAULIYA&block_code=3153014&panchayat_name=CHILMAPARSAN&panchayat_code=3153014004&fin_year=2025-2026&source=&work_code=3153014004/LD/958486255824846423&msr_no=4129&AttendanceDate=21/03/2026&Digest=qieQFy4jaGyOzaBnLtJA2w",5
"BASTI","DUBAULIYA","DEHIDIHA BUJURG","3153014010/RC/958486255823750688","4224","https://mnregaweb4.nic.in/nregaarch/View_NMMS_atten_date_dtl_rpt.aspx?page=&short_name=UP&state_name=UTTAR%20PRADESH&state_code=31&district_name=BASTI&district_code=3153&block_name=DUBAULIYA&block_code=3153014&panchayat_name=DEHIDIHA%20BUJURG&panchayat_code=3153014010&fin_year=2025-2026&source=&work_code=3153014010/RC/958486255823750688&msr_no=4224&AttendanceDate=21/03/2026&Digest=QxwxVFyK3M9DB9tlfs170g",7
"BASTI","DUBAULIYA","DEHIDIHA BUJURG","3153014010/RC/958486255823750688","4227","https://mnregaweb4.nic.in/nregaarch/View_NMMS_atten_date_dtl_rpt.aspx?page=&short_name=UP&state_name=UTTAR%20PRADESH&state_code=31&district_name=BASTI&district_code=3153&block_name=DUBAULIYA&block_code=3153014&panchayat_name=DEHIDIHA%20BUJURG&panchayat_code=3153014010&fin_year=2025-2026&source=&work_code=3153014010/RC/958486255823750688&msr_no=4227&AttendanceDate=21/03/2026&Digest=vEsa07LpW2OMndjoTk6DRQ",1
"BASTI","DUBAULIYA","DEWRAGANGWAR","3153014015/RC/958486255823666018","4302","https://mnregaweb4.nic.in/nregaarch/View_NMMS_atten_date_dtl_rpt.aspx?page=&short_name=UP&state_name=UTTAR%20PRADESH&state_code=31&district_name=BASTI&district_code=3153&block_name=DUBAULIYA&block_code=3153014&panchayat_name=DEWRAGANGWAR&panchayat_code=3153014015&fin_year=2025-2026&source=&work_code=3153014015/RC/958486255823666018&msr_no=4302&AttendanceDate=21/03/2026&Digest=zwgXqCPtNeagsHubXnRTWg",6
"BASTI","DUBAULIYA","DEWRAGANGWAR","3153014015/RC/958486255823719614","4300","https://mnregaweb4.nic.in/nregaarch/View_NMMS_atten_date_dtl_rpt.aspx?page=&short_name=UP&state_name=UTTAR%20PRADESH&state_code=31&district_name=BASTI&district_code=3153&block_name=DUBAULIYA&block_code=3153014&panchayat_name=DEWRAGANGWAR&panchayat_code=3153014015&fin_year=2025-2026&source=&work_code=3153014015/RC/958486255823719614&msr_no=4300&AttendanceDate=21/03/2026&Digest=D0NbI4H/VFzrOObwc+01Tw",8
"BASTI","DUBAULIYA","PURE OARI RAI","3153014023/RC/958486255823749307","4141","https://mnregaweb4.nic.in/nregaarch/View_NMMS_atten_date_dtl_rpt.aspx?page=&short_name=UP&state_name=UTTAR%20PRADESH&state_code=31&district_name=BASTI&district_code=3153&block_name=DUBAULIYA&block_code=3153014&panchayat_name=PURE%20OARI%20RAI&panchayat_code=3153014023&fin_year=2025-2026&source=&work_code=3153014023/RC/958486255823749307&msr_no=4141&AttendanceDate=21/03/2026&Digest=N+a5uPC0Gbl2aTkSgNqewg",7
"BASTI","DUBAULIYA","PAYAK PUR","3153014025/RC/958486255823750947","4299","https://mnregaweb4.nic.in/nregaarch/View_NMMS_atten_date_dtl_rpt.aspx?page=&short_name=UP&state_name=UTTAR%20PRADESH&state_code=31&district_name=BASTI&district_code=3153&block_name=DUBAULIYA&block_code=3153014&panchayat_name=PAYAK%20PUR&panchayat_code=3153014025&fin_year=2025-2026&source=&work_code=3153014025/RC/958486255823750947&msr_no=4299&AttendanceDate=21/03/2026&Digest=VnMVNK02ITwDEVRCx0LSlw",1
"BASTI","DUBAULIYA","LAXMANPUR","3153014030/LD/958486255824889814","4108","https://mnregaweb4.nic.in/nregaarch/View_NMMS_atten_date_dtl_rpt.aspx?page=&short_name=UP&state_name=UTTAR%20PRADESH&state_code=31&district_name=BASTI&district_code=3153&block_name=DUBAULIYA&block_code=3153014&panchayat_name=LAXMANPUR&panchayat_code=3153014030&fin_year=2025-2026&source=&work_code=3153014030/LD/958486255824889814&msr_no=4108&AttendanceDate=21/03/2026&Digest=ZfZJeLhW9wQX1WtkkCK3mQ",9
"BASTI","DUBAULIYA","SARIYA ATIBAL","3153014031/RC/958486255823749920","4152","https://mnregaweb4.nic.in/nregaarch/View_NMMS_atten_date_dtl_rpt.aspx?page=&short_name=UP&state_name=UTTAR%20PRADESH&state_code=31&district_name=BASTI&district_code=3153&block_name=DUBAULIYA&block_code=3153014&panchayat_name=SARIYA%20ATIBAL&panchayat_code=3153014031&fin_year=2025-2026&source=&work_code=3153014031/RC/958486255823749920&msr_no=4152&AttendanceDate=21/03/2026&Digest=PRUhnzHZQd4hfDLmGKscmw",4
"BASTI","DUBAULIYA","KEVARI MUSTAHKAM","3153014040/RC/958486255823615820","4116","https://mnregaweb4.nic.in/nregaarch/View_NMMS_atten_date_dtl_rpt.aspx?page=&short_name=UP&state_name=UTTAR%20PRADESH&state_code=31&district_name=BASTI&district_code=3153&block_name=DUBAULIYA&block_code=3153014&panchayat_name=KEVARI%20MUSTAHKAM&panchayat_code=3153014040&fin_year=2025-2026&source=&work_code=3153014040/RC/958486255823615820&msr_no=4116&AttendanceDate=21/03/2026&Digest=g7AowMeNXPssYH1X6M+EVw",6
"BASTI","DUBAULIYA","TIGHRA","3153014041/RC/958486255823750592","4289","https://mnregaweb4.nic.in/nregaarch/View_NMMS_atten_date_dtl_rpt.aspx?page=&short_name=UP&state_name=UTTAR%20PRADESH&state_code=31&district_name=BASTI&district_code=3153&block_name=DUBAULIYA&block_code=3153014&panchayat_name=TIGHRA&panchayat_code=3153014041&fin_year=2025-2026&source=&work_code=3153014041/RC/958486255823750592&msr_no=4289&AttendanceDate=21/03/2026&Digest=gLr2SCPTTgQtMC1w2fBScg",7
"BASTI","DUBAULIYA","KHUSHALGANJ","3153014052/RC/958486255823748523","4131","https://mnregaweb4.nic.in/nregaarch/View_NMMS_atten_date_dtl_rpt.aspx?page=&short_name=UP&state_name=UTTAR%20PRADESH&state_code=31&district_name=BASTI&district_code=3153&block_name=DUBAULIYA&block_code=3153014&panchayat_name=KHUSHALGANJ&panchayat_code=3153014052&fin_year=2025-2026&source=&work_code=3153014052/RC/958486255823748523&msr_no=4131&AttendanceDate=21/03/2026&Digest=Jr4iYWT1OrHOfYhGs3Co7g",7
"BASTI","DUBAULIYA","BASANTPUR","3153014056/RC/958486255823751367","4281","https://mnregaweb4.nic.in/nregaarch/View_NMMS_atten_date_dtl_rpt.aspx?page=&short_name=UP&state_name=UTTAR%20PRADESH&state_code=31&district_name=BASTI&district_code=3153&block_name=DUBAULIYA&block_code=3153014&panchayat_name=BASANTPUR&panchayat_code=3153014056&fin_year=2025-2026&source=&work_code=3153014056/RC/958486255823751367&msr_no=4281&AttendanceDate=21/03/2026&Digest=oZh7yXUXfQZiWcXCPcWFwQ",1
"BASTI","DUBAULIYA","HARIPAL PUR","3153014060/RC/958486255823749903","4219","https://mnregaweb4.nic.in/nregaarch/View_NMMS_atten_date_dtl_rpt.aspx?page=&short_name=UP&state_name=UTTAR%20PRADESH&state_code=31&district_name=BASTI&district_code=3153&block_name=DUBAULIYA&block_code=3153014&panchayat_name=HARIPAL%20PUR&panchayat_code=3153014060&fin_year=2025-2026&source=&work_code=3153014060/RC/958486255823749903&msr_no=4219&AttendanceDate=21/03/2026&Digest=+cfOKp5DSNCElAf5o/5aog",5
"BASTI","GAUR","BADYA","3153002009/IC/958486255823728562","6357","https://mnregaweb4.nic.in/nregaarch/View_NMMS_atten_date_dtl_rpt.aspx?page=&short_name=UP&state_name=UTTAR%20PRADESH&state_code=31&district_name=BASTI&district_code=3153&block_name=GAUR&block_code=3153002&panchayat_name=BADYA&panchayat_code=3153002009&fin_year=2025-2026&source=&work_code=3153002009/IC/958486255823728562&msr_no=6357&AttendanceDate=21/03/2026&Digest=jkHlx2vP+YkQbHePgCIx5w",1
"BASTI","GAUR","BADYA","3153002009/RC/958486255823748436","6268","https://mnregaweb4.nic.in/nregaarch/View_NMMS_atten_date_dtl_rpt.aspx?page=&short_name=UP&state_name=UTTAR%20PRADESH&state_code=31&district_name=BASTI&district_code=3153&block_name=GAUR&block_code=3153002&panchayat_name=BADYA&panchayat_code=3153002009&fin_year=2025-2026&source=&work_code=3153002009/RC/958486255823748436&msr_no=6268&AttendanceDate=21/03/2026&Digest=4qCzg98SbHi/G3Jyj6WlUQ",5
"BASTI","GAUR","BALUA CHAUBE","3153002013/RC/958486255823733175","6361","https://mnregaweb4.nic.in/nregaarch/View_NMMS_atten_date_dtl_rpt.aspx?page=&short_name=UP&state_name=UTTAR%20PRADESH&state_code=31&district_name=BASTI&district_code=3153&block_name=GAUR&block_code=3153002&panchayat_name=BALUA%20CHAUBE&panchayat_code=3153002013&fin_year=2025-2026&source=&work_code=3153002013/RC/958486255823733175&msr_no=6361&AttendanceDate=21/03/2026&Digest=2T/+vcFYBgEXiwZfh6ELTw",7
"BASTI","GAUR","BUDAUWA","3153002028/RC/958486255823676187","6463","https://mnregaweb4.nic.in/nregaarch/View_NMMS_atten_date_dtl_rpt.aspx?page=&short_name=UP&state_name=UTTAR%20PRADESH&state_code=31&district_name=BASTI&district_code=3153&block_name=GAUR&block_code=3153002&panchayat_name=BUDAUWA&panchayat_code=3153002028&fin_year=2025-2026&source=&work_code=3153002028/RC/958486255823676187&msr_no=6463&AttendanceDate=21/03/2026&Digest=HkQWFuyL31VOQm0QxaEqNA",5
"BASTI","GAUR","CHAKCHAI","3153002029/RC/958486255823749445","6546","https://mnregaweb4.nic.in/nregaarch/View_NMMS_atten_date_dtl_rpt.aspx?page=&short_name=UP&state_name=UTTAR%20PRADESH&state_code=31&district_name=BASTI&district_code=3153&block_name=GAUR&block_code=3153002&panchayat_name=CHAKCHAI&panchayat_code=3153002029&fin_year=2025-2026&source=&work_code=3153002029/RC/958486255823749445&msr_no=6546&AttendanceDate=21/03/2026&Digest=eIrLLVhyIE9UT7IUHlLvqA",10
"BASTI","GAUR","DEGRAHA","3153002035/WC/958486255824252593","6274","https://mnregaweb4.nic.in/nregaarch/View_NMMS_atten_date_dtl_rpt.aspx?page=&short_name=UP&state_name=UTTAR%20PRADESH&state_code=31&district_name=BASTI&district_code=3153&block_name=GAUR&block_code=3153002&panchayat_name=DEGRAHA&panchayat_code=3153002035&fin_year=2025-2026&source=&work_code=3153002035/WC/958486255824252593&msr_no=6274&AttendanceDate=21/03/2026&Digest=8fZt00pAf02SQ43tCub5DQ",7
"BASTI","GAUR","DEGRAHA","3153002035/WC/958486255824252593","6277","https://mnregaweb4.nic.in/nregaarch/View_NMMS_atten_date_dtl_rpt.aspx?page=&short_name=UP&state_name=UTTAR%20PRADESH&state_code=31&district_name=BASTI&district_code=3153&block_name=GAUR&block_code=3153002&panchayat_name=DEGRAHA&panchayat_code=3153002035&fin_year=2025-2026&source=&work_code=3153002035/WC/958486255824252593&msr_no=6277&AttendanceDate=21/03/2026&Digest=Bgc/oIezA6scl+kJv6f/4Q",6
"BASTI","GAUR","DEGRAHA","3153002035/WC/958486255824252593","6280","https://mnregaweb4.nic.in/nregaarch/View_NMMS_atten_date_dtl_rpt.aspx?page=&short_name=UP&state_name=UTTAR%20PRADESH&state_code=31&district_name=BASTI&district_code=3153&block_name=GAUR&block_code=3153002&panchayat_name=DEGRAHA&panchayat_code=3153002035&fin_year=2025-2026&source=&work_code=3153002035/WC/958486255824252593&msr_no=6280&AttendanceDate=21/03/2026&Digest=K0H5xJYcTR8lefixc/Gl/w",8
"BASTI","GAUR","HARDI","3153002043/WC/958486255824252613","6404","https://mnregaweb4.nic.in/nregaarch/View_NMMS_atten_date_dtl_rpt.aspx?page=&short_name=UP&state_name=UTTAR%20PRADESH&state_code=31&district_name=BASTI&district_code=3153&block_name=GAUR&block_code=3153002&panchayat_name=HARDI&panchayat_code=3153002043&fin_year=2025-2026&source=&work_code=3153002043/WC/958486255824252613&msr_no=6404&AttendanceDate=21/03/2026&Digest=ZCxOK1lqzyx7HuZN2ewESA",9
"BASTI","GAUR","HARDI","3153002043/WC/958486255824252613","6407","https://mnregaweb4.nic.in/nregaarch/View_NMMS_atten_date_dtl_rpt.aspx?page=&short_name=UP&state_name=UTTAR%20PRADESH&state_code=31&district_name=BASTI&district_code=3153&block_name=GAUR&block_code=3153002&panchayat_name=HARDI&panchayat_code=3153002043&fin_year=2025-2026&source=&work_code=3153002043/WC/958486255824252613&msr_no=6407&AttendanceDate=21/03/2026&Digest=1gT3jiecNyZyuD7RSo8MJw",8
"BASTI","GAUR","KACHIYA","3153002046/LD/958486255824922222","6409","https://mnregaweb4.nic.in/nregaarch/View_NMMS_atten_date_dtl_rpt.aspx?page=&short_name=UP&state_name=UTTAR%20PRADESH&state_code=31&district_name=BASTI&district_code=3153&block_name=GAUR&block_code=3153002&panchayat_name=KACHIYA&panchayat_code=3153002046&fin_year=2025-2026&source=&work_code=3153002046/LD/958486255824922222&msr_no=6409&AttendanceDate=21/03/2026&Digest=xF2WOU8y1Gc464IlTU9YdA",4
"BASTI","GAUR","KHUTAHANA","3153002053/RC/958486255823724598","6372","https://mnregaweb4.nic.in/nregaarch/View_NMMS_atten_date_dtl_rpt.aspx?page=&short_name=UP&state_name=UTTAR%20PRADESH&state_code=31&district_name=BASTI&district_code=3153&block_name=GAUR&block_code=3153002&panchayat_name=KHUTAHANA&panchayat_code=3153002053&fin_year=2025-2026&source=&work_code=3153002053/RC/958486255823724598&msr_no=6372&AttendanceDate=21/03/2026&Digest=MC4y3yZObVX5DcrvekP2pg",1
"BASTI","GAUR","KISUNPUR","3153002054/WC/958486255824244509","6220","https://mnregaweb4.nic.in/nregaarch/View_NMMS_atten_date_dtl_rpt.aspx?page=&short_name=UP&state_name=UTTAR%20PRADESH&state_code=31&district_name=BASTI&district_code=3153&block_name=GAUR&block_code=3153002&panchayat_name=KISUNPUR&panchayat_code=3153002054&fin_year=2025-2026&source=&work_code=3153002054/WC/958486255824244509&msr_no=6220&AttendanceDate=21/03/2026&Digest=bm/K8eBgypjm4hKNxdQCRw",7
"BASTI","GAUR","KUNGAI BUJURG","3153002056/RC/958486255823745703","6203","https://mnregaweb4.nic.in/nregaarch/View_NMMS_atten_date_dtl_rpt.aspx?page=&short_name=UP&state_name=UTTAR%20PRADESH&state_code=31&district_name=BASTI&district_code=3153&block_name=GAUR&block_code=3153002&panchayat_name=KUNGAI%20BUJURG&panchayat_code=3153002056&fin_year=2025-2026&source=&work_code=3153002056/RC/958486255823745703&msr_no=6203&AttendanceDate=21/03/2026&Digest=5sZq44HL99tWeMNjo1F4nA",6
"BASTI","GAUR","MAJHAUVA CHAUBEY","3153002061/IC/958486255823707716","6234","https://mnregaweb4.nic.in/nregaarch/View_NMMS_atten_date_dtl_rpt.aspx?page=&short_name=UP&state_name=UTTAR%20PRADESH&state_code=31&district_name=BASTI&district_code=3153&block_name=GAUR&block_code=3153002&panchayat_name=MAJHAUVA%20CHAUBEY&panchayat_code=3153002061&fin_year=2025-2026&source=&work_code=3153002061/IC/958486255823707716&msr_no=6234&AttendanceDate=21/03/2026&Digest=hVWg790JiPL/FxNOf0+iHQ",4
"BASTI","GAUR","MAJHAUVA CHAUBEY","3153002061/LD/958486255824996195","6232","https://mnregaweb4.nic.in/nregaarch/View_NMMS_atten_date_dtl_rpt.aspx?page=&short_name=UP&state_name=UTTAR%20PRADESH&state_code=31&district_name=BASTI&district_code=3153&block_name=GAUR&block_code=3153002&panchayat_name=MAJHAUVA%20CHAUBEY&panchayat_code=3153002061&fin_year=2025-2026&source=&work_code=3153002061/LD/958486255824996195&msr_no=6232&AttendanceDate=21/03/2026&Digest=frvP1+TTn8kTbkyhjyEG7g",6
"BASTI","GAUR","SITKOHER","3153002104/RC/958486255823740262","6393","https://mnregaweb4.nic.in/nregaarch/View_NMMS_atten_date_dtl_rpt.aspx?page=&short_name=UP&state_name=UTTAR%20PRADESH&state_code=31&district_name=BASTI&district_code=3153&block_name=GAUR&block_code=3153002&panchayat_name=SITKOHER&panchayat_code=3153002104&fin_year=2025-2026&source=&work_code=3153002104/RC/958486255823740262&msr_no=6393&AttendanceDate=21/03/2026&Digest=ITBlecrybuTGa9RGnQ5ebQ",10
"BASTI","GAUR","SITKOHER","3153002104/RC/958486255823740266","6359","https://mnregaweb4.nic.in/nregaarch/View_NMMS_atten_date_dtl_rpt.aspx?page=&short_name=UP&state_name=UTTAR%20PRADESH&state_code=31&district_name=BASTI&district_code=3153&block_name=GAUR&block_code=3153002&panchayat_name=SITKOHER&panchayat_code=3153002104&fin_year=2025-2026&source=&work_code=3153002104/RC/958486255823740266&msr_no=6359&AttendanceDate=21/03/2026&Digest=El7k99UCD99Q9jSezdHH5A",7
"BASTI","GAUR","BHITA","3153002105/RC/958486255823662851","6583","https://mnregaweb4.nic.in/nregaarch/View_NMMS_atten_date_dtl_rpt.aspx?page=&short_name=UP&state_name=UTTAR%20PRADESH&state_code=31&district_name=BASTI&district_code=3153&block_name=GAUR&block_code=3153002&panchayat_name=BHITA&panchayat_code=3153002105&fin_year=2025-2026&source=&work_code=3153002105/RC/958486255823662851&msr_no=6583&AttendanceDate=21/03/2026&Digest=XNGzctIB/A07BLrzc1+WEQ",3
"BASTI","GAUR","SAURAHA","3153002107/WC/958486255824252674","6368","https://mnregaweb4.nic.in/nregaarch/View_NMMS_atten_date_dtl_rpt.aspx?page=&short_name=UP&state_name=UTTAR%20PRADESH&state_code=31&district_name=BASTI&district_code=3153&block_name=GAUR&block_code=3153002&panchayat_name=SAURAHA&panchayat_code=3153002107&fin_year=2025-2026&source=&work_code=3153002107/WC/958486255824252674&msr_no=6368&AttendanceDate=21/03/2026&Digest=hBn/oomYElxmbUFN6i0igA",8
"BASTI","HARRAIYA","MAHUAPAR","3153003018/LD/958486255824931758","6889","https://mnregaweb4.nic.in/nregaarch/View_NMMS_atten_date_dtl_rpt.aspx?page=&short_name=UP&state_name=UTTAR%20PRADESH&state_code=31&district_name=BASTI&district_code=3153&block_name=HARRAIYA&block_code=3153003&panchayat_name=MAHUAPAR&panchayat_code=3153003018&fin_year=2025-2026&source=&work_code=3153003018/LD/958486255824931758&msr_no=6889&AttendanceDate=21/03/2026&Digest=1yQIHrz9UVWXu4l4E1iWsQ",10
"BASTI","HARRAIYA","MAHUAPAR","3153003018/LD/958486255824931758","6892","https://mnregaweb4.nic.in/nregaarch/View_NMMS_atten_date_dtl_rpt.aspx?page=&short_name=UP&state_name=UTTAR%20PRADESH&state_code=31&district_name=BASTI&district_code=3153&block_name=HARRAIYA&block_code=3153003&panchayat_name=MAHUAPAR&panchayat_code=3153003018&fin_year=2025-2026&source=&work_code=3153003018/LD/958486255824931758&msr_no=6892&AttendanceDate=21/03/2026&Digest=L8Bbe+/zYacCW5Zwd8YkqA",10
"BASTI","HARRAIYA","RATANPUR RAI","3153003026/LD/958486255825004588","6779","https://mnregaweb4.nic.in/nregaarch/View_NMMS_atten_date_dtl_rpt.aspx?page=&short_name=UP&state_name=UTTAR%20PRADESH&state_code=31&district_name=BASTI&district_code=3153&block_name=HARRAIYA&block_code=3153003&panchayat_name=RATANPUR%20RAI&panchayat_code=3153003026&fin_year=2025-2026&source=&work_code=3153003026/LD/958486255825004588&msr_no=6779&AttendanceDate=21/03/2026&Digest=qD9mgoJQBxl0hkJyLNkn8A",10
"BASTI","HARRAIYA","BHAIRO PUR","3153003027/RC/YD/958486255823735828","6941","https://mnregaweb4.nic.in/nregaarch/View_NMMS_atten_date_dtl_rpt.aspx?page=&short_name=UP&state_name=UTTAR%20PRADESH&state_code=31&district_name=BASTI&district_code=3153&block_name=HARRAIYA&block_code=3153003&panchayat_name=BHAIRO%20PUR&panchayat_code=3153003027&fin_year=2025-2026&source=&work_code=3153003027/RC/YD/958486255823735828&msr_no=6941&AttendanceDate=21/03/2026&Digest=+IeEkSlRt3Qy3z6Vmpbe1g",10
"BASTI","HARRAIYA","BANS GAW","3153003031/LD/958486255824994674","6898","https://mnregaweb4.nic.in/nregaarch/View_NMMS_atten_date_dtl_rpt.aspx?page=&short_name=UP&state_name=UTTAR%20PRADESH&state_code=31&district_name=BASTI&district_code=3153&block_name=HARRAIYA&block_code=3153003&panchayat_name=BANS%20GAW&panchayat_code=3153003031&fin_year=2025-2026&source=&work_code=3153003031/LD/958486255824994674&msr_no=6898&AttendanceDate=21/03/2026&Digest=oEo8b33XCVxnP+u4850SOQ",10
"BASTI","HARRAIYA","LAVDAHA","3153003060/LD/958486255824959021","6783","https://mnregaweb4.nic.in/nregaarch/View_NMMS_atten_date_dtl_rpt.aspx?page=&short_name=UP&state_name=UTTAR%20PRADESH&state_code=31&district_name=BASTI&district_code=3153&block_name=HARRAIYA&block_code=3153003&panchayat_name=LAVDAHA&panchayat_code=3153003060&fin_year=2025-2026&source=&work_code=3153003060/LD/958486255824959021&msr_no=6783&AttendanceDate=21/03/2026&Digest=wm63tM6unDJIf5OJqI32LQ",10
"BASTI","HARRAIYA","LAVDAHA","3153003060/LD/958486255824959021","6812","https://mnregaweb4.nic.in/nregaarch/View_NMMS_atten_date_dtl_rpt.aspx?page=&short_name=UP&state_name=UTTAR%20PRADESH&state_code=31&district_name=BASTI&district_code=3153&block_name=HARRAIYA&block_code=3153003&panchayat_name=LAVDAHA&panchayat_code=3153003060&fin_year=2025-2026&source=&work_code=3153003060/LD/958486255824959021&msr_no=6812&AttendanceDate=21/03/2026&Digest=IDXggFljS3ZuAAtw6BiVUQ",4
"BASTI","HARRAIYA","KHAMAHRIA SUJAT","3153003072/LD/958486255825008862","6829","https://mnregaweb4.nic.in/nregaarch/View_NMMS_atten_date_dtl_rpt.aspx?page=&short_name=UP&state_name=UTTAR%20PRADESH&state_code=31&district_name=BASTI&district_code=3153&block_name=HARRAIYA&block_code=3153003&panchayat_name=KHAMAHRIA%20SUJAT&panchayat_code=3153003072&fin_year=2025-2026&source=&work_code=3153003072/LD/958486255825008862&msr_no=6829&AttendanceDate=21/03/2026&Digest=XuN5w8m52GC1toaCTnzMow",10
"BASTI","HARRAIYA","BHADAWAL KALA","3153003074/LD/958486255825010527","6868","https://mnregaweb4.nic.in/nregaarch/View_NMMS_atten_date_dtl_rpt.aspx?page=&short_name=UP&state_name=UTTAR%20PRADESH&state_code=31&district_name=BASTI&district_code=3153&block_name=HARRAIYA&block_code=3153003&panchayat_name=BHADAWAL%20KALA&panchayat_code=3153003074&fin_year=2025-2026&source=&work_code=3153003074/LD/958486255825010527&msr_no=6868&AttendanceDate=21/03/2026&Digest=b1vLrT2rsbO6TvvWvFRylA",8
"BASTI","HARRAIYA","BHADAWAL KALA","3153003074/WH/958486255823988938","6877","https://mnregaweb4.nic.in/nregaarch/View_NMMS_atten_date_dtl_rpt.aspx?page=&short_name=UP&state_name=UTTAR%20PRADESH&state_code=31&district_name=BASTI&district_code=3153&block_name=HARRAIYA&block_code=3153003&panchayat_name=BHADAWAL%20KALA&panchayat_code=3153003074&fin_year=2025-2026&source=&work_code=3153003074/WH/958486255823988938&msr_no=6877&AttendanceDate=21/03/2026&Digest=dI+Lc7zT84DlWWTClO0OIw",10
"BASTI","HARRAIYA","KISHUNPUR","3153003084/RC/958486255823542539","6946","https://mnregaweb4.nic.in/nregaarch/View_NMMS_atten_date_dtl_rpt.aspx?page=&short_name=UP&state_name=UTTAR%20PRADESH&state_code=31&district_name=BASTI&district_code=3153&block_name=HARRAIYA&block_code=3153003&panchayat_name=KISHUNPUR&panchayat_code=3153003084&fin_year=2025-2026&source=&work_code=3153003084/RC/958486255823542539&msr_no=6946&AttendanceDate=21/03/2026&Digest=0ERe/7WpqQsxzQ+iub2vLA",10
"BASTI","KAPTANGANJ","BAGHAUDA","3153005008/RC/958486255823700091","4845","https://mnregaweb4.nic.in/nregaarch/View_NMMS_atten_date_dtl_rpt.aspx?page=&short_name=UP&state_name=UTTAR%20PRADESH&state_code=31&district_name=BASTI&district_code=3153&block_name=KAPTANGANJ&block_code=3153005&panchayat_name=BAGHAUDA&panchayat_code=3153005008&fin_year=2025-2026&source=&work_code=3153005008/RC/958486255823700091&msr_no=4845&AttendanceDate=21/03/2026&Digest=KF1vw9wrn7Vj3sxQ+vkx0Q",9
"BASTI","KAPTANGANJ","BESAURA","3153005031/RC/958486255823680624","4860","https://mnregaweb4.nic.in/nregaarch/View_NMMS_atten_date_dtl_rpt.aspx?page=&short_name=UP&state_name=UTTAR%20PRADESH&state_code=31&district_name=BASTI&district_code=3153&block_name=KAPTANGANJ&block_code=3153005&panchayat_name=BESAURA&panchayat_code=3153005031&fin_year=2025-2026&source=&work_code=3153005031/RC/958486255823680624&msr_no=4860&AttendanceDate=21/03/2026&Digest=qd6nqgRH8C+pH3omfLnn+w",7
"BASTI","KAPTANGANJ","BARHNI","3153005046/RC/YD/958486255823698430","4812","https://mnregaweb4.nic.in/nregaarch/View_NMMS_atten_date_dtl_rpt.aspx?page=&short_name=UP&state_name=UTTAR%20PRADESH&state_code=31&district_name=BASTI&district_code=3153&block_name=KAPTANGANJ&block_code=3153005&panchayat_name=BARHNI&panchayat_code=3153005046&fin_year=2025-2026&source=&work_code=3153005046/RC/YD/958486255823698430&msr_no=4812&AttendanceDate=21/03/2026&Digest=D+p065hPVRnMrzgBfI5U8g",7
"BASTI","KAPTANGANJ","BIHRA","3153005050/RC/958486255823710747","4838","https://mnregaweb4.nic.in/nregaarch/View_NMMS_atten_date_dtl_rpt.aspx?page=&short_name=UP&state_name=UTTAR%20PRADESH&state_code=31&district_name=BASTI&district_code=3153&block_name=KAPTANGANJ&block_code=3153005&panchayat_name=BIHRA&panchayat_code=3153005050&fin_year=2025-2026&source=&work_code=3153005050/RC/958486255823710747&msr_no=4838&AttendanceDate=21/03/2026&Digest=7MBg1okmyzoLIIsyZR/oAw",10
"BASTI","KAPTANGANJ","NAIKAPAR","3153005057/LD/958486255824964925","4865","https://mnregaweb4.nic.in/nregaarch/View_NMMS_atten_date_dtl_rpt.aspx?page=&short_name=UP&state_name=UTTAR%20PRADESH&state_code=31&district_name=BASTI&district_code=3153&block_name=KAPTANGANJ&block_code=3153005&panchayat_name=NAIKAPAR&panchayat_code=3153005057&fin_year=2025-2026&source=&work_code=3153005057/LD/958486255824964925&msr_no=4865&AttendanceDate=21/03/2026&Digest=bnjk69zSIVBRappyH2Q4hA",3
"BASTI","KUDARAHA","PIPARPATI MUSTAHKAM","3153013004/RC/958486255823748170","8064","https://mnregaweb4.nic.in/nregaarch/View_NMMS_atten_date_dtl_rpt.aspx?page=&short_name=UP&state_name=UTTAR%20PRADESH&state_code=31&district_name=BASTI&district_code=3153&block_name=KUDARAHA&block_code=3153013&panchayat_name=PIPARPATI%20MUSTAHKAM&panchayat_code=3153013004&fin_year=2025-2026&source=&work_code=3153013004/RC/958486255823748170&msr_no=8064&AttendanceDate=21/03/2026&Digest=Biyu0uGmGyTPeUuAl3Gc7A",7
"BASTI","KUDARAHA","PIPARPATI MUSTAHKAM","3153013004/RC/958486255823749540","8068","https://mnregaweb4.nic.in/nregaarch/View_NMMS_atten_date_dtl_rpt.aspx?page=&short_name=UP&state_name=UTTAR%20PRADESH&state_code=31&district_name=BASTI&district_code=3153&block_name=KUDARAHA&block_code=3153013&panchayat_name=PIPARPATI%20MUSTAHKAM&panchayat_code=3153013004&fin_year=2025-2026&source=&work_code=3153013004/RC/958486255823749540&msr_no=8068&AttendanceDate=21/03/2026&Digest=2AKj19XV7KJi47kdTnHxsw",6
"BASTI","KUDARAHA","AKELA KUBERPUR","3153013008/RC/958486255823749188","7988","https://mnregaweb4.nic.in/nregaarch/View_NMMS_atten_date_dtl_rpt.aspx?page=&short_name=UP&state_name=UTTAR%20PRADESH&state_code=31&district_name=BASTI&district_code=3153&block_name=KUDARAHA&block_code=3153013&panchayat_name=AKELA%20KUBERPUR&panchayat_code=3153013008&fin_year=2025-2026&source=&work_code=3153013008/RC/958486255823749188&msr_no=7988&AttendanceDate=21/03/2026&Digest=8izlv5jd+LfM4vaGv8pJqQ",2
"BASTI","KUDARAHA","AKELA KUBERPUR","3153013008/RC/958486255823749188","7991","https://mnregaweb4.nic.in/nregaarch/View_NMMS_atten_date_dtl_rpt.aspx?page=&short_name=UP&state_name=UTTAR%20PRADESH&state_code=31&district_name=BASTI&district_code=3153&block_name=KUDARAHA&block_code=3153013&panchayat_name=AKELA%20KUBERPUR&panchayat_code=3153013008&fin_year=2025-2026&source=&work_code=3153013008/RC/958486255823749188&msr_no=7991&AttendanceDate=21/03/2026&Digest=1mkxe42w284LAR/d42kaOw",1
"BASTI","KUDARAHA","BHERWA","3153013009/RC/958486255823743141","7625","https://mnregaweb4.nic.in/nregaarch/View_NMMS_atten_date_dtl_rpt.aspx?page=&short_name=UP&state_name=UTTAR%20PRADESH&state_code=31&district_name=BASTI&district_code=3153&block_name=KUDARAHA&block_code=3153013&panchayat_name=BHERWA&panchayat_code=3153013009&fin_year=2025-2026&source=&work_code=3153013009/RC/958486255823743141&msr_no=7625&AttendanceDate=21/03/2026&Digest=LlsWVvlWL2Y5lEhfS3K8DA",6
"BASTI","KUDARAHA","RASOOLPUR","3153013020/RC/958486255823670232","7975","https://mnregaweb4.nic.in/nregaarch/View_NMMS_atten_date_dtl_rpt.aspx?page=&short_name=UP&state_name=UTTAR%20PRADESH&state_code=31&district_name=BASTI&district_code=3153&block_name=KUDARAHA&block_code=3153013&panchayat_name=RASOOLPUR&panchayat_code=3153013020&fin_year=2025-2026&source=&work_code=3153013020/RC/958486255823670232&msr_no=7975&AttendanceDate=21/03/2026&Digest=TZ6umtzQS/OJkZiJWQAdgQ",10
"BASTI","KUDARAHA","GAURA ROHARI","3153013024/LD/958486255824973367","7591","https://mnregaweb4.nic.in/nregaarch/View_NMMS_atten_date_dtl_rpt.aspx?page=&short_name=UP&state_name=UTTAR%20PRADESH&state_code=31&district_name=BASTI&district_code=3153&block_name=KUDARAHA&block_code=3153013&panchayat_name=GAURA%20ROHARI&panchayat_code=3153013024&fin_year=2025-2026&source=&work_code=3153013024/LD/958486255824973367&msr_no=7591&AttendanceDate=21/03/2026&Digest=z/BN2sSJZ3+2olQrZ/1ZNw",8
"BASTI","KUDARAHA","GAURA ROHARI","3153013024/LD/958486255824973367","7594","https://mnregaweb4.nic.in/nregaarch/View_NMMS_atten_date_dtl_rpt.aspx?page=&short_name=UP&state_name=UTTAR%20PRADESH&state_code=31&district_name=BASTI&district_code=3153&block_name=KUDARAHA&block_code=3153013&panchayat_name=GAURA%20ROHARI&panchayat_code=3153013024&fin_year=2025-2026&source=&work_code=3153013024/LD/958486255824973367&msr_no=7594&AttendanceDate=21/03/2026&Digest=D9BRz5RIfIHfkfNWEjLB2w",10
"BASTI","KUDARAHA","SUVRAHA","3153013026/WC/958486255824251727","8041","https://mnregaweb4.nic.in/nregaarch/View_NMMS_atten_date_dtl_rpt.aspx?page=&short_name=UP&state_name=UTTAR%20PRADESH&state_code=31&district_name=BASTI&district_code=3153&block_name=KUDARAHA&block_code=3153013&panchayat_name=SUVRAHA&panchayat_code=3153013026&fin_year=2025-2026&source=&work_code=3153013026/WC/958486255824251727&msr_no=8041&AttendanceDate=21/03/2026&Digest=cdmOK+Y2J2v+2bqS2EYuSQ",10
"BASTI","KUDARAHA","THANWA MUDYARI","3153013027/LD/958486255824954841","7820","https://mnregaweb4.nic.in/nregaarch/View_NMMS_atten_date_dtl_rpt.aspx?page=&short_name=UP&state_name=UTTAR%20PRADESH&state_code=31&district_name=BASTI&district_code=3153&block_name=KUDARAHA&block_code=3153013&panchayat_name=THANWA%20MUDYARI&panchayat_code=3153013027&fin_year=2025-2026&source=&work_code=3153013027/LD/958486255824954841&msr_no=7820&AttendanceDate=21/03/2026&Digest=BhOzbs33wzCt/Y2V44/SoQ",6
"BASTI","KUDARAHA","AMAIPAR","3153013032/RC/958486255823694994","7941","https://mnregaweb4.nic.in/nregaarch/View_NMMS_atten_date_dtl_rpt.aspx?page=&short_name=UP&state_name=UTTAR%20PRADESH&state_code=31&district_name=BASTI&district_code=3153&block_name=KUDARAHA&block_code=3153013&panchayat_name=AMAIPAR&panchayat_code=3153013032&fin_year=2025-2026&source=&work_code=3153013032/RC/958486255823694994&msr_no=7941&AttendanceDate=21/03/2026&Digest=GoyRzalkZEDfMDDIgVbiIQ",6
"BASTI","KUDARAHA","AMAIPAR","3153013032/RC/958486255823735251","7917","https://mnregaweb4.nic.in/nregaarch/View_NMMS_atten_date_dtl_rpt.aspx?page=&short_name=UP&state_name=UTTAR%20PRADESH&state_code=31&district_name=BASTI&district_code=3153&block_name=KUDARAHA&block_code=3153013&panchayat_name=AMAIPAR&panchayat_code=3153013032&fin_year=2025-2026&source=&work_code=3153013032/RC/958486255823735251&msr_no=7917&AttendanceDate=21/03/2026&Digest=eWdvDhk/kg4ZFV55PFCEwA",7
"BASTI","KUDARAHA","AMAIPAR","3153013032/RC/958486255823735251","7920","https://mnregaweb4.nic.in/nregaarch/View_NMMS_atten_date_dtl_rpt.aspx?page=&short_name=UP&state_name=UTTAR%20PRADESH&state_code=31&district_name=BASTI&district_code=3153&block_name=KUDARAHA&block_code=3153013&panchayat_name=AMAIPAR&panchayat_code=3153013032&fin_year=2025-2026&source=&work_code=3153013032/RC/958486255823735251&msr_no=7920&AttendanceDate=21/03/2026&Digest=lQz7cW0pBf/tSZH+ibsFvg",1
"BASTI","KUDARAHA","JAGANNATHPUR","3153013035/RC/958486255823748456","7738","https://mnregaweb4.nic.in/nregaarch/View_NMMS_atten_date_dtl_rpt.aspx?page=&short_name=UP&state_name=UTTAR%20PRADESH&state_code=31&district_name=BASTI&district_code=3153&block_name=KUDARAHA&block_code=3153013&panchayat_name=JAGANNATHPUR&panchayat_code=3153013035&fin_year=2025-2026&source=&work_code=3153013035/RC/958486255823748456&msr_no=7738&AttendanceDate=21/03/2026&Digest=AjM3WiA6shckMAslgjEszg",8
"BASTI","KUDARAHA","PARSAW","3153013036/LD/958486255824957716","7858","https://mnregaweb4.nic.in/nregaarch/View_NMMS_atten_date_dtl_rpt.aspx?page=&short_name=UP&state_name=UTTAR%20PRADESH&state_code=31&district_name=BASTI&district_code=3153&block_name=KUDARAHA&block_code=3153013&panchayat_name=PARSAW&panchayat_code=3153013036&fin_year=2025-2026&source=&work_code=3153013036/LD/958486255824957716&msr_no=7858&AttendanceDate=21/03/2026&Digest=5z4XQ7XOoUutH4qlZT7w9Q",10
"BASTI","KUDARAHA","DELHWA","3153013037/RC/958486255823745217","7884","https://mnregaweb4.nic.in/nregaarch/View_NMMS_atten_date_dtl_rpt.aspx?page=&short_name=UP&state_name=UTTAR%20PRADESH&state_code=31&district_name=BASTI&district_code=3153&block_name=KUDARAHA&block_code=3153013&panchayat_name=DELHWA&panchayat_code=3153013037&fin_year=2025-2026&source=&work_code=3153013037/RC/958486255823745217&msr_no=7884&AttendanceDate=21/03/2026&Digest=Sq3m2KDxFDCABtd/7EYIAQ",5
"BASTI","KUDARAHA","DELHWA","3153013037/RC/958486255823745217","7887","https://mnregaweb4.nic.in/nregaarch/View_NMMS_atten_date_dtl_rpt.aspx?page=&short_name=UP&state_name=UTTAR%20PRADESH&state_code=31&district_name=BASTI&district_code=3153&block_name=KUDARAHA&block_code=3153013&panchayat_name=DELHWA&panchayat_code=3153013037&fin_year=2025-2026&source=&work_code=3153013037/RC/958486255823745217&msr_no=7887&AttendanceDate=21/03/2026&Digest=woiT+oL8AeMGkWOsbweWTw",7
"BASTI","KUDARAHA","MADHOPUR","3153013038/RC/958486255823738295","7602","https://mnregaweb4.nic.in/nregaarch/View_NMMS_atten_date_dtl_rpt.aspx?page=&short_name=UP&state_name=UTTAR%20PRADESH&state_code=31&district_name=BASTI&district_code=3153&block_name=KUDARAHA&block_code=3153013&panchayat_name=MADHOPUR&panchayat_code=3153013038&fin_year=2025-2026&source=&work_code=3153013038/RC/958486255823738295&msr_no=7602&AttendanceDate=21/03/2026&Digest=WE+R5yLlezjvgb3CZP5vjg",6
"BASTI","KUDARAHA","BARTANIYA","3153013040/AV/958486255824155477","7958","https://mnregaweb4.nic.in/nregaarch/View_NMMS_atten_date_dtl_rpt.aspx?page=&short_name=UP&state_name=UTTAR%20PRADESH&state_code=31&district_name=BASTI&district_code=3153&block_name=KUDARAHA&block_code=3153013&panchayat_name=BARTANIYA&panchayat_code=3153013040&fin_year=2025-2026&source=&work_code=3153013040/AV/958486255824155477&msr_no=7958&AttendanceDate=21/03/2026&Digest=wLg3BFH3lxk5uYmhCVaYFQ",10
"BASTI","KUDARAHA","BARTANIYA","3153013040/LD/958486255824900453","7929","https://mnregaweb4.nic.in/nregaarch/View_NMMS_atten_date_dtl_rpt.aspx?page=&short_name=UP&state_name=UTTAR%20PRADESH&state_code=31&district_name=BASTI&district_code=3153&block_name=KUDARAHA&block_code=3153013&panchayat_name=BARTANIYA&panchayat_code=3153013040&fin_year=2025-2026&source=&work_code=3153013040/LD/958486255824900453&msr_no=7929&AttendanceDate=21/03/2026&Digest=GtUPQBy5HFogkUb/MptD5w",10
"BASTI","HARRAIYA","BHARGAWA","3153003058/RC/958486255823718541","6857","https://mnregaweb4.nic.in/nregaarch/View_NMMS_atten_date_dtl_rpt.aspx?page=&short_name=UP&state_name=UTTAR%20PRADESH&state_code=31&district_name=BASTI&district_code=3153&block_name=HARRAIYA&block_code=3153003&panchayat_name=BHARGAWA&panchayat_code=3153003058&fin_year=2025-2026&source=&work_code=3153003058/RC/958486255823718541&msr_no=6857&AttendanceDate=21/03/2026&Digest=JERCbiPctBr38/4pmSRgvg",4
"BASTI","HARRAIYA","KHAMHARIA GANGARAM","3153003061/LD/958486255824988270","6914","https://mnregaweb4.nic.in/nregaarch/View_NMMS_atten_date_dtl_rpt.aspx?page=&short_name=UP&state_name=UTTAR%20PRADESH&state_code=31&district_name=BASTI&district_code=3153&block_name=HARRAIYA&block_code=3153003&panchayat_name=KHAMHARIA%20GANGARAM&panchayat_code=3153003061&fin_year=2025-2026&source=&work_code=3153003061/LD/958486255824988270&msr_no=6914&AttendanceDate=21/03/2026&Digest=GuAQnaIY3sW96Ryz/am4vA",10
"BASTI","HARRAIYA","KHAMHARIA GANGARAM","3153003061/LD/958486255824988274","6924","https://mnregaweb4.nic.in/nregaarch/View_NMMS_atten_date_dtl_rpt.aspx?page=&short_name=UP&state_name=UTTAR%20PRADESH&state_code=31&district_name=BASTI&district_code=3153&block_name=HARRAIYA&block_code=3153003&panchayat_name=KHAMHARIA%20GANGARAM&panchayat_code=3153003061&fin_year=2025-2026&source=&work_code=3153003061/LD/958486255824988274&msr_no=6924&AttendanceDate=21/03/2026&Digest=DZ0DH173BNywgfhPH/P43Q",9
"BASTI","HARRAIYA","KHAMHARIA GANGARAM","3153003061/LD/958486255824988274","6927","https://mnregaweb4.nic.in/nregaarch/View_NMMS_atten_date_dtl_rpt.aspx?page=&short_name=UP&state_name=UTTAR%20PRADESH&state_code=31&district_name=BASTI&district_code=3153&block_name=HARRAIYA&block_code=3153003&panchayat_name=KHAMHARIA%20GANGARAM&panchayat_code=3153003061&fin_year=2025-2026&source=&work_code=3153003061/LD/958486255824988274&msr_no=6927&AttendanceDate=21/03/2026&Digest=mUq+DP/gcC0Bj5vnyzhpiA",2
"BASTI","HARRAIYA","PURAINA KHAS","3153003065/AV/958486255824184943","6988","https://mnregaweb4.nic.in/nregaarch/View_NMMS_atten_date_dtl_rpt.aspx?page=&short_name=UP&state_name=UTTAR%20PRADESH&state_code=31&district_name=BASTI&district_code=3153&block_name=HARRAIYA&block_code=3153003&panchayat_name=PURAINA%20KHAS&panchayat_code=3153003065&fin_year=2025-2026&source=&work_code=3153003065/AV/958486255824184943&msr_no=6988&AttendanceDate=21/03/2026&Digest=fhNb4iKttbDEOO4uvm0Z4w",10
"BASTI","HARRAIYA","KESHAWPUR","3153003079/LD/958486255824879264","6979","https://mnregaweb4.nic.in/nregaarch/View_NMMS_atten_date_dtl_rpt.aspx?page=&short_name=UP&state_name=UTTAR%20PRADESH&state_code=31&district_name=BASTI&district_code=3153&block_name=HARRAIYA&block_code=3153003&panchayat_name=KESHAWPUR&panchayat_code=3153003079&fin_year=2025-2026&source=&work_code=3153003079/LD/958486255824879264&msr_no=6979&AttendanceDate=21/03/2026&Digest=HWp7SyYMxGrwgMb6INJ18w",10
"BASTI","HARRAIYA","KESHAWPUR","3153003079/LD/958486255825004294","6974","https://mnregaweb4.nic.in/nregaarch/View_NMMS_atten_date_dtl_rpt.aspx?page=&short_name=UP&state_name=UTTAR%20PRADESH&state_code=31&district_name=BASTI&district_code=3153&block_name=HARRAIYA&block_code=3153003&panchayat_name=KESHAWPUR&panchayat_code=3153003079&fin_year=2025-2026&source=&work_code=3153003079/LD/958486255825004294&msr_no=6974&AttendanceDate=21/03/2026&Digest=jrSN5hCcfHYZUB9ILepJkw",10
"BASTI","HARRAIYA","BHAISA CHAUBEY","3153003080/RC/958486255823712256","6981","https://mnregaweb4.nic.in/nregaarch/View_NMMS_atten_date_dtl_rpt.aspx?page=&short_name=UP&state_name=UTTAR%20PRADESH&state_code=31&district_name=BASTI&district_code=3153&block_name=HARRAIYA&block_code=3153003&panchayat_name=BHAISA%20CHAUBEY&panchayat_code=3153003080&fin_year=2025-2026&source=&work_code=3153003080/RC/958486255823712256&msr_no=6981&AttendanceDate=21/03/2026&Digest=LEAyVAr5kXkzmLv3hdgXyQ",10
"BASTI","HARRAIYA","SAKARDAHA","3153003082/WH/958486255824006881","6756","https://mnregaweb4.nic.in/nregaarch/View_NMMS_atten_date_dtl_rpt.aspx?page=&short_name=UP&state_name=UTTAR%20PRADESH&state_code=31&district_name=BASTI&district_code=3153&block_name=HARRAIYA&block_code=3153003&panchayat_name=SAKARDAHA&panchayat_code=3153003082&fin_year=2025-2026&source=&work_code=3153003082/WH/958486255824006881&msr_no=6756&AttendanceDate=21/03/2026&Digest=tr7paJ+mN9YfO6VZ0Yl8Fw",10
"BASTI","HARRAIYA","MUDWARA","3153003091/RC/958486255823747721","6888","https://mnregaweb4.nic.in/nregaarch/View_NMMS_atten_date_dtl_rpt.aspx?page=&short_name=UP&state_name=UTTAR%20PRADESH&state_code=31&district_name=BASTI&district_code=3153&block_name=HARRAIYA&block_code=3153003&panchayat_name=MUDWARA&panchayat_code=3153003091&fin_year=2025-2026&source=&work_code=3153003091/RC/958486255823747721&msr_no=6888&AttendanceDate=21/03/2026&Digest=0fbRwYBVMTDI+Wgs02zwIQ",6
"BASTI","HARRAIYA","MIRJAPUR","3153003092/LD/958486255825008868","6833","https://mnregaweb4.nic.in/nregaarch/View_NMMS_atten_date_dtl_rpt.aspx?page=&short_name=UP&state_name=UTTAR%20PRADESH&state_code=31&district_name=BASTI&district_code=3153&block_name=HARRAIYA&block_code=3153003&panchayat_name=MIRJAPUR&panchayat_code=3153003092&fin_year=2025-2026&source=&work_code=3153003092/LD/958486255825008868&msr_no=6833&AttendanceDate=21/03/2026&Digest=+vsgW0a7InBqcMCt2J7Jdw",10
"BASTI","HARRAIYA","RAJAULI","3153003097/IC/958486255823741420","6884","https://mnregaweb4.nic.in/nregaarch/View_NMMS_atten_date_dtl_rpt.aspx?page=&short_name=UP&state_name=UTTAR%20PRADESH&state_code=31&district_name=BASTI&district_code=3153&block_name=HARRAIYA&block_code=3153003&panchayat_name=RAJAULI&panchayat_code=3153003097&fin_year=2025-2026&source=&work_code=3153003097/IC/958486255823741420&msr_no=6884&AttendanceDate=21/03/2026&Digest=ZypQ3ioeVgqfhU2nl2Lkqw",10
"BASTI","HARRAIYA","SUKRAULI CHAUDHARY","3153003098/LD/958486255824844875","6859","https://mnregaweb4.nic.in/nregaarch/View_NMMS_atten_date_dtl_rpt.aspx?page=&short_name=UP&state_name=UTTAR%20PRADESH&state_code=31&district_name=BASTI&district_code=3153&block_name=HARRAIYA&block_code=3153003&panchayat_name=SUKRAULI%20CHAUDHARY&panchayat_code=3153003098&fin_year=2025-2026&source=&work_code=3153003098/LD/958486255824844875&msr_no=6859&AttendanceDate=21/03/2026&Digest=f2aU0eGi3zjWlJll32IWIw",4
"BASTI","KAPTANGANJ","ACHHATPUR","3153005022/RC/958486255823697356","4848","https://mnregaweb4.nic.in/nregaarch/View_NMMS_atten_date_dtl_rpt.aspx?page=&short_name=UP&state_name=UTTAR%20PRADESH&state_code=31&district_name=BASTI&district_code=3153&block_name=KAPTANGANJ&block_code=3153005&panchayat_name=ACHHATPUR&panchayat_code=3153005022&fin_year=2025-2026&source=&work_code=3153005022/RC/958486255823697356&msr_no=4848&AttendanceDate=21/03/2026&Digest=Tb+i7q7nYd+iMxPrvBH8dA",7
"BASTI","KAPTANGANJ","BARHNI","3153005046/RC/YD/958486255823698425","4814","https://mnregaweb4.nic.in/nregaarch/View_NMMS_atten_date_dtl_rpt.aspx?page=&short_name=UP&state_name=UTTAR%20PRADESH&state_code=31&district_name=BASTI&district_code=3153&block_name=KAPTANGANJ&block_code=3153005&panchayat_name=BARHNI&panchayat_code=3153005046&fin_year=2025-2026&source=&work_code=3153005046/RC/YD/958486255823698425&msr_no=4814&AttendanceDate=21/03/2026&Digest=qjAXaqXD2HcqqZ0xYlvxPA",7
"BASTI","KAPTANGANJ","BIHRA","3153005050/RC/958486255823708855","4840","https://mnregaweb4.nic.in/nregaarch/View_NMMS_atten_date_dtl_rpt.aspx?page=&short_name=UP&state_name=UTTAR%20PRADESH&state_code=31&district_name=BASTI&district_code=3153&block_name=KAPTANGANJ&block_code=3153005&panchayat_name=BIHRA&panchayat_code=3153005050&fin_year=2025-2026&source=&work_code=3153005050/RC/958486255823708855&msr_no=4840&AttendanceDate=21/03/2026&Digest=6TWOysI/8HXVzpGsr6R9sw",10
"BASTI","KAPTANGANJ","BIHRA","3153005050/RC/958486255823733116","4836","https://mnregaweb4.nic.in/nregaarch/View_NMMS_atten_date_dtl_rpt.aspx?page=&short_name=UP&state_name=UTTAR%20PRADESH&state_code=31&district_name=BASTI&district_code=3153&block_name=KAPTANGANJ&block_code=3153005&panchayat_name=BIHRA&panchayat_code=3153005050&fin_year=2025-2026&source=&work_code=3153005050/RC/958486255823733116&msr_no=4836&AttendanceDate=21/03/2026&Digest=ncHaXU9wW3gvgqgBdYWIGA",10
"BASTI","KAPTANGANJ","POKHRA","3153005054/RC/958486255823735760","4854","https://mnregaweb4.nic.in/nregaarch/View_NMMS_atten_date_dtl_rpt.aspx?page=&short_name=UP&state_name=UTTAR%20PRADESH&state_code=31&district_name=BASTI&district_code=3153&block_name=KAPTANGANJ&block_code=3153005&panchayat_name=POKHRA&panchayat_code=3153005054&fin_year=2025-2026&source=&work_code=3153005054/RC/958486255823735760&msr_no=4854&AttendanceDate=21/03/2026&Digest=W8tSkZWBKRWghgLSMKL/jQ",4
"BASTI","KAPTANGANJ","POKHRA","3153005054/RC/958486255823736562","4852","https://mnregaweb4.nic.in/nregaarch/View_NMMS_atten_date_dtl_rpt.aspx?page=&short_name=UP&state_name=UTTAR%20PRADESH&state_code=31&district_name=BASTI&district_code=3153&block_name=KAPTANGANJ&block_code=3153005&panchayat_name=POKHRA&panchayat_code=3153005054&fin_year=2025-2026&source=&work_code=3153005054/RC/958486255823736562&msr_no=4852&AttendanceDate=21/03/2026&Digest=ML8+CohSalJiMaAww78lVw",1
"BASTI","KAPTANGANJ","PARIWARPUR","3153005058/RC/958486255823676758","4831","https://mnregaweb4.nic.in/nregaarch/View_NMMS_atten_date_dtl_rpt.aspx?page=&short_name=UP&state_name=UTTAR%20PRADESH&state_code=31&district_name=BASTI&district_code=3153&block_name=KAPTANGANJ&block_code=3153005&panchayat_name=PARIWARPUR&panchayat_code=3153005058&fin_year=2025-2026&source=&work_code=3153005058/RC/958486255823676758&msr_no=4831&AttendanceDate=21/03/2026&Digest=1zEN8kEyJA7viRNLrV2PYw",1
"BASTI","KUDARAHA","AKELA KUBERPUR","3153013008/RC/958486255823749187","7978","https://mnregaweb4.nic.in/nregaarch/View_NMMS_atten_date_dtl_rpt.aspx?page=&short_name=UP&state_name=UTTAR%20PRADESH&state_code=31&district_name=BASTI&district_code=3153&block_name=KUDARAHA&block_code=3153013&panchayat_name=AKELA%20KUBERPUR&panchayat_code=3153013008&fin_year=2025-2026&source=&work_code=3153013008/RC/958486255823749187&msr_no=7978&AttendanceDate=21/03/2026&Digest=8nmoFOWKl2/mLSQES8BRCw",3
"BASTI","KUDARAHA","BHERWA","3153013009/RC/958486255823743118","7622","https://mnregaweb4.nic.in/nregaarch/View_NMMS_atten_date_dtl_rpt.aspx?page=&short_name=UP&state_name=UTTAR%20PRADESH&state_code=31&district_name=BASTI&district_code=3153&block_name=KUDARAHA&block_code=3153013&panchayat_name=BHERWA&panchayat_code=3153013009&fin_year=2025-2026&source=&work_code=3153013009/RC/958486255823743118&msr_no=7622&AttendanceDate=21/03/2026&Digest=ajsHCrfeG69URmUaBkX5WA",6
"BASTI","KUDARAHA","KOP","3153013018/RC/958486255823711538","7894","https://mnregaweb4.nic.in/nregaarch/View_NMMS_atten_date_dtl_rpt.aspx?page=&short_name=UP&state_name=UTTAR%20PRADESH&state_code=31&district_name=BASTI&district_code=3153&block_name=KUDARAHA&block_code=3153013&panchayat_name=KOP&panchayat_code=3153013018&fin_year=2025-2026&source=&work_code=3153013018/RC/958486255823711538&msr_no=7894&AttendanceDate=21/03/2026&Digest=UM21xCtFhS8/wkPBZ24LOg",4
"BASTI","KUDARAHA","RASOOLPUR","3153013020/RC/958486255823670231","7971","https://mnregaweb4.nic.in/nregaarch/View_NMMS_atten_date_dtl_rpt.aspx?page=&short_name=UP&state_name=UTTAR%20PRADESH&state_code=31&district_name=BASTI&district_code=3153&block_name=KUDARAHA&block_code=3153013&panchayat_name=RASOOLPUR&panchayat_code=3153013020&fin_year=2025-2026&source=&work_code=3153013020/RC/958486255823670231&msr_no=7971&AttendanceDate=21/03/2026&Digest=Q5Or+ojeLVlyFoKkPzNxBQ",10
"BASTI","KUDARAHA","CHAKIYA","3153013021/LD/958486255825007259","7494","https://mnregaweb4.nic.in/nregaarch/View_NMMS_atten_date_dtl_rpt.aspx?page=&short_name=UP&state_name=UTTAR%20PRADESH&state_code=31&district_name=BASTI&district_code=3153&block_name=KUDARAHA&block_code=3153013&panchayat_name=CHAKIYA&panchayat_code=3153013021&fin_year=2025-2026&source=&work_code=3153013021/LD/958486255825007259&msr_no=7494&AttendanceDate=21/03/2026&Digest=9LSSc+lbWZrWu4pZFb0rHg",7
"BASTI","KUDARAHA","CHAKIYA","3153013021/LD/958486255825007259","7497","https://mnregaweb4.nic.in/nregaarch/View_NMMS_atten_date_dtl_rpt.aspx?page=&short_name=UP&state_name=UTTAR%20PRADESH&state_code=31&district_name=BASTI&district_code=3153&block_name=KUDARAHA&block_code=3153013&panchayat_name=CHAKIYA&panchayat_code=3153013021&fin_year=2025-2026&source=&work_code=3153013021/LD/958486255825007259&msr_no=7497&AttendanceDate=21/03/2026&Digest=voD6JypXOJd3DBejNuNiVA",3
"BASTI","KUDARAHA","GANGAPUR","3153013025/RC/958486255823679239","7779","https://mnregaweb4.nic.in/nregaarch/View_NMMS_atten_date_dtl_rpt.aspx?page=&short_name=UP&state_name=UTTAR%20PRADESH&state_code=31&district_name=BASTI&district_code=3153&block_name=KUDARAHA&block_code=3153013&panchayat_name=GANGAPUR&panchayat_code=3153013025&fin_year=2025-2026&source=&work_code=3153013025/RC/958486255823679239&msr_no=7779&AttendanceDate=21/03/2026&Digest=cjeQe3mbf3lDhC//0GPXQA",5
"BASTI","KUDARAHA","SUVRAHA","3153013026/RC/958486255823725224","8044","https://mnregaweb4.nic.in/nregaarch/View_NMMS_atten_date_dtl_rpt.aspx?page=&short_name=UP&state_name=UTTAR%20PRADESH&state_code=31&district_name=BASTI&district_code=3153&block_name=KUDARAHA&block_code=3153013&panchayat_name=SUVRAHA&panchayat_code=3153013026&fin_year=2025-2026&source=&work_code=3153013026/RC/958486255823725224&msr_no=8044&AttendanceDate=21/03/2026&Digest=yRViPSymfw6UG3XKLm4vIQ",10
"BASTI","KUDARAHA","KORMA","3153013029/LD/958486255824959030","7759","https://mnregaweb4.nic.in/nregaarch/View_NMMS_atten_date_dtl_rpt.aspx?page=&short_name=UP&state_name=UTTAR%20PRADESH&state_code=31&district_name=BASTI&district_code=3153&block_name=KUDARAHA&block_code=3153013&panchayat_name=KORMA&panchayat_code=3153013029&fin_year=2025-2026&source=&work_code=3153013029/LD/958486255824959030&msr_no=7759&AttendanceDate=21/03/2026&Digest=DKYcV8S+SOlz92ak77gvBQ",9
"BASTI","KUDARAHA","KORMA","3153013029/LD/958486255824959030","7762","https://mnregaweb4.nic.in/nregaarch/View_NMMS_atten_date_dtl_rpt.aspx?page=&short_name=UP&state_name=UTTAR%20PRADESH&state_code=31&district_name=BASTI&district_code=3153&block_name=KUDARAHA&block_code=3153013&panchayat_name=KORMA&panchayat_code=3153013029&fin_year=2025-2026&source=&work_code=3153013029/LD/958486255824959030&msr_no=7762&AttendanceDate=21/03/2026&Digest=D/Qq3Srsg+b+oQgtUMNfMQ",4
"BASTI","KUDARAHA","KORMA","3153013029/LD/958486255824959032","7764","https://mnregaweb4.nic.in/nregaarch/View_NMMS_atten_date_dtl_rpt.aspx?page=&short_name=UP&state_name=UTTAR%20PRADESH&state_code=31&district_name=BASTI&district_code=3153&block_name=KUDARAHA&block_code=3153013&panchayat_name=KORMA&panchayat_code=3153013029&fin_year=2025-2026&source=&work_code=3153013029/LD/958486255824959032&msr_no=7764&AttendanceDate=21/03/2026&Digest=dGO3UzYU2yjzCgbG9Og7UQ",4
"BASTI","KUDARAHA","AMAIPAR","3153013032/IC/958486255823726741","7834","https://mnregaweb4.nic.in/nregaarch/View_NMMS_atten_date_dtl_rpt.aspx?page=&short_name=UP&state_name=UTTAR%20PRADESH&state_code=31&district_name=BASTI&district_code=3153&block_name=KUDARAHA&block_code=3153013&panchayat_name=AMAIPAR&panchayat_code=3153013032&fin_year=2025-2026&source=&work_code=3153013032/IC/958486255823726741&msr_no=7834&AttendanceDate=21/03/2026&Digest=rtxNvjb4i0KELpoWDE8h4A",6
"BASTI","KUDARAHA","AMAIPAR","3153013032/IC/958486255823726741","7837","https://mnregaweb4.nic.in/nregaarch/View_NMMS_atten_date_dtl_rpt.aspx?page=&short_name=UP&state_name=UTTAR%20PRADESH&state_code=31&district_name=BASTI&district_code=3153&block_name=KUDARAHA&block_code=3153013&panchayat_name=AMAIPAR&panchayat_code=3153013032&fin_year=2025-2026&source=&work_code=3153013032/IC/958486255823726741&msr_no=7837&AttendanceDate=21/03/2026&Digest=YDi5sNEdRRj6g7/2B3x55Q",7
"BASTI","KUDARAHA","AMAIPAR","3153013032/RC/958486255823694991","7827","https://mnregaweb4.nic.in/nregaarch/View_NMMS_atten_date_dtl_rpt.aspx?page=&short_name=UP&state_name=UTTAR%20PRADESH&state_code=31&district_name=BASTI&district_code=3153&block_name=KUDARAHA&block_code=3153013&panchayat_name=AMAIPAR&panchayat_code=3153013032&fin_year=2025-2026&source=&work_code=3153013032/RC/958486255823694991&msr_no=7827&AttendanceDate=21/03/2026&Digest=yTeRNgVCXf6z46L84XXfgg",9
"BASTI","KUDARAHA","JAGANNATHPUR","3153013035/LD/958486255824982494","8006","https://mnregaweb4.nic.in/nregaarch/View_NMMS_atten_date_dtl_rpt.aspx?page=&short_name=UP&state_name=UTTAR%20PRADESH&state_code=31&district_name=BASTI&district_code=3153&block_name=KUDARAHA&block_code=3153013&panchayat_name=JAGANNATHPUR&panchayat_code=3153013035&fin_year=2025-2026&source=&work_code=3153013035/LD/958486255824982494&msr_no=8006&AttendanceDate=21/03/2026&Digest=NLG8zEx7RdHX9uAdURl4Pg",8
"BASTI","KUDARAHA","DELHWA","3153013037/LD/958486255824957055","7488","https://mnregaweb4.nic.in/nregaarch/View_NMMS_atten_date_dtl_rpt.aspx?page=&short_name=UP&state_name=UTTAR%20PRADESH&state_code=31&district_name=BASTI&district_code=3153&block_name=KUDARAHA&block_code=3153013&panchayat_name=DELHWA&panchayat_code=3153013037&fin_year=2025-2026&source=&work_code=3153013037/LD/958486255824957055&msr_no=7488&AttendanceDate=21/03/2026&Digest=W1+OfJg4By1wpt2bdepEnA",2
"BASTI","KUDARAHA","MUSARIHA","3153013041/RC/958486255823728278","7597","https://mnregaweb4.nic.in/nregaarch/View_NMMS_atten_date_dtl_rpt.aspx?page=&short_name=UP&state_name=UTTAR%20PRADESH&state_code=31&district_name=BASTI&district_code=3153&block_name=KUDARAHA&block_code=3153013&panchayat_name=MUSARIHA&panchayat_code=3153013041&fin_year=2025-2026&source=&work_code=3153013041/RC/958486255823728278&msr_no=7597&AttendanceDate=21/03/2026&Digest=OKThKwlbVofe9SBrCfR03A",7
"BASTI","KUDARAHA","MUSARIHA","3153013041/RC/958486255823728278","7600","https://mnregaweb4.nic.in/nregaarch/View_NMMS_atten_date_dtl_rpt.aspx?page=&short_name=UP&state_name=UTTAR%20PRADESH&state_code=31&district_name=BASTI&district_code=3153&block_name=KUDARAHA&block_code=3153013&panchayat_name=MUSARIHA&panchayat_code=3153013041&fin_year=2025-2026&source=&work_code=3153013041/RC/958486255823728278&msr_no=7600&AttendanceDate=21/03/2026&Digest=xGJLDN2umpuNhANr8cLGHw",7
"BASTI","KUDARAHA","KABRA KHAS","3153013043/RC/958486255823706794","7872","https://mnregaweb4.nic.in/nregaarch/View_NMMS_atten_date_dtl_rpt.aspx?page=&short_name=UP&state_name=UTTAR%20PRADESH&state_code=31&district_name=BASTI&district_code=3153&block_name=KUDARAHA&block_code=3153013&panchayat_name=KABRA%20KHAS&panchayat_code=3153013043&fin_year=2025-2026&source=&work_code=3153013043/RC/958486255823706794&msr_no=7872&AttendanceDate=21/03/2026&Digest=ekocbDYV6D7mZMdM3y8GQg",3
"BASTI","KUDARAHA","PASRA","3153013046/LD/958486255824692144","7668","https://mnregaweb4.nic.in/nregaarch/View_NMMS_atten_date_dtl_rpt.aspx?page=&short_name=UP&state_name=UTTAR%20PRADESH&state_code=31&district_name=BASTI&district_code=3153&block_name=KUDARAHA&block_code=3153013&panchayat_name=PASRA&panchayat_code=3153013046&fin_year=2025-2026&source=&work_code=3153013046/LD/958486255824692144&msr_no=7668&AttendanceDate=21/03/2026&Digest=s5cuxth4fZl//hnRTu3hBQ",10
"BASTI","GAUR","SITKOHER","3153002104/RC/958486255823740262","6395","https://mnregaweb4.nic.in/nregaarch/View_NMMS_atten_date_dtl_rpt.aspx?page=&short_name=UP&state_name=UTTAR%20PRADESH&state_code=31&district_name=BASTI&district_code=3153&block_name=GAUR&block_code=3153002&panchayat_name=SITKOHER&panchayat_code=3153002104&fin_year=2025-2026&source=&work_code=3153002104/RC/958486255823740262&msr_no=6395&AttendanceDate=21/03/2026&Digest=bSwQ7cHe5P4+AjUaP/UWkA",10
"BASTI","GAUR","BHITA","3153002105/RC/958486255823662851","6582","https://mnregaweb4.nic.in/nregaarch/View_NMMS_atten_date_dtl_rpt.aspx?page=&short_name=UP&state_name=UTTAR%20PRADESH&state_code=31&district_name=BASTI&district_code=3153&block_name=GAUR&block_code=3153002&panchayat_name=BHITA&panchayat_code=3153002105&fin_year=2025-2026&source=&work_code=3153002105/RC/958486255823662851&msr_no=6582&AttendanceDate=21/03/2026&Digest=w8GRmgQuTIZoc+5aUjYB9g",7
"BASTI","GAUR","SAURAHA","3153002107/WC/958486255824252674","6369","https://mnregaweb4.nic.in/nregaarch/View_NMMS_atten_date_dtl_rpt.aspx?page=&short_name=UP&state_name=UTTAR%20PRADESH&state_code=31&district_name=BASTI&district_code=3153&block_name=GAUR&block_code=3153002&panchayat_name=SAURAHA&panchayat_code=3153002107&fin_year=2025-2026&source=&work_code=3153002107/WC/958486255824252674&msr_no=6369&AttendanceDate=21/03/2026&Digest=bqqMh+20tt7YL5WSoJwLEg",9
"BASTI","HARRAIYA","BHITI MISHR","3153003010/LD/958486255824946085","6846","https://mnregaweb4.nic.in/nregaarch/View_NMMS_atten_date_dtl_rpt.aspx?page=&short_name=UP&state_name=UTTAR%20PRADESH&state_code=31&district_name=BASTI&district_code=3153&block_name=HARRAIYA&block_code=3153003&panchayat_name=BHITI%20MISHR&panchayat_code=3153003010&fin_year=2025-2026&source=&work_code=3153003010/LD/958486255824946085&msr_no=6846&AttendanceDate=21/03/2026&Digest=dyNqyFOSxrKyU74/cfsiFw",2
"BASTI","HARRAIYA","BELBHARIYA RAM GULAM","3153003017/IC/958486255823725610","6764","https://mnregaweb4.nic.in/nregaarch/View_NMMS_atten_date_dtl_rpt.aspx?page=&short_name=UP&state_name=UTTAR%20PRADESH&state_code=31&district_name=BASTI&district_code=3153&block_name=HARRAIYA&block_code=3153003&panchayat_name=BELBHARIYA%20RAM%20GULAM&panchayat_code=3153003017&fin_year=2025-2026&source=&work_code=3153003017/IC/958486255823725610&msr_no=6764&AttendanceDate=21/03/2026&Digest=FfeaTD3LDxuZAeXAT8fwKQ",3
"BASTI","HARRAIYA","RATANPUR RAI","3153003026/LD/958486255825004588","6777","https://mnregaweb4.nic.in/nregaarch/View_NMMS_atten_date_dtl_rpt.aspx?page=&short_name=UP&state_name=UTTAR%20PRADESH&state_code=31&district_name=BASTI&district_code=3153&block_name=HARRAIYA&block_code=3153003&panchayat_name=RATANPUR%20RAI&panchayat_code=3153003026&fin_year=2025-2026&source=&work_code=3153003026/LD/958486255825004588&msr_no=6777&AttendanceDate=21/03/2026&Digest=WCb7LT0mkweLD9UY9SZWYQ",10
"BASTI","HARRAIYA","RATANPUR RAI","3153003026/LD/958486255825004588","6780","https://mnregaweb4.nic.in/nregaarch/View_NMMS_atten_date_dtl_rpt.aspx?page=&short_name=UP&state_name=UTTAR%20PRADESH&state_code=31&district_name=BASTI&district_code=3153&block_name=HARRAIYA&block_code=3153003&panchayat_name=RATANPUR%20RAI&panchayat_code=3153003026&fin_year=2025-2026&source=&work_code=3153003026/LD/958486255825004588&msr_no=6780&AttendanceDate=21/03/2026&Digest=5O7UGubsnMcDXq49q+acyw",10
"BASTI","HARRAIYA","BHAIRO PUR","3153003027/RC/YD/958486255823736252","6952","https://mnregaweb4.nic.in/nregaarch/View_NMMS_atten_date_dtl_rpt.aspx?page=&short_name=UP&state_name=UTTAR%20PRADESH&state_code=31&district_name=BASTI&district_code=3153&block_name=HARRAIYA&block_code=3153003&panchayat_name=BHAIRO%20PUR&panchayat_code=3153003027&fin_year=2025-2026&source=&work_code=3153003027/RC/YD/958486255823736252&msr_no=6952&AttendanceDate=21/03/2026&Digest=eGEM0QId4i3lVXXVfKl3qA",3
"BASTI","HARRAIYA","BANS GAW","3153003031/LD/958486255824994674","6899","https://mnregaweb4.nic.in/nregaarch/View_NMMS_atten_date_dtl_rpt.aspx?page=&short_name=UP&state_name=UTTAR%20PRADESH&state_code=31&district_name=BASTI&district_code=3153&block_name=HARRAIYA&block_code=3153003&panchayat_name=BANS%20GAW&panchayat_code=3153003031&fin_year=2025-2026&source=&work_code=3153003031/LD/958486255824994674&msr_no=6899&AttendanceDate=21/03/2026&Digest=/hLEjZ0zhJ/UwTv8qxtCxg",10
"BASTI","HARRAIYA","BANS GAW","3153003031/LD/958486255824999778","6896","https://mnregaweb4.nic.in/nregaarch/View_NMMS_atten_date_dtl_rpt.aspx?page=&short_name=UP&state_name=UTTAR%20PRADESH&state_code=31&district_name=BASTI&district_code=3153&block_name=HARRAIYA&block_code=3153003&panchayat_name=BANS%20GAW&panchayat_code=3153003031&fin_year=2025-2026&source=&work_code=3153003031/LD/958486255824999778&msr_no=6896&AttendanceDate=21/03/2026&Digest=AO8ss+xK2AivUDqPjKUQjA",7
"BASTI","HARRAIYA","SANGRAM PUR","3153003035/LD/958486255824958172","6825","https://mnregaweb4.nic.in/nregaarch/View_NMMS_atten_date_dtl_rpt.aspx?page=&short_name=UP&state_name=UTTAR%20PRADESH&state_code=31&district_name=BASTI&district_code=3153&block_name=HARRAIYA&block_code=3153003&panchayat_name=SANGRAM%20PUR&panchayat_code=3153003035&fin_year=2025-2026&source=&work_code=3153003035/LD/958486255824958172&msr_no=6825&AttendanceDate=21/03/2026&Digest=m9j3ZO4pKh6kgWbMglfnqg",9
"BASTI","HARRAIYA","AMARI","3153003052/RC/958486255823726923","6969","https://mnregaweb4.nic.in/nregaarch/View_NMMS_atten_date_dtl_rpt.aspx?page=&short_name=UP&state_name=UTTAR%20PRADESH&state_code=31&district_name=BASTI&district_code=3153&block_name=HARRAIYA&block_code=3153003&panchayat_name=AMARI&panchayat_code=3153003052&fin_year=2025-2026&source=&work_code=3153003052/RC/958486255823726923&msr_no=6969&AttendanceDate=21/03/2026&Digest=cvzHBY/hr0sHALSASSvwaA",7
"BASTI","HARRAIYA","BHARGAWA","3153003058/AV/958486255824185671","6761","https://mnregaweb4.nic.in/nregaarch/View_NMMS_atten_date_dtl_rpt.aspx?page=&short_name=UP&state_name=UTTAR%20PRADESH&state_code=31&district_name=BASTI&district_code=3153&block_name=HARRAIYA&block_code=3153003&panchayat_name=BHARGAWA&panchayat_code=3153003058&fin_year=2025-2026&source=&work_code=3153003058/AV/958486255824185671&msr_no=6761&AttendanceDate=21/03/2026&Digest=kSMzSNvw8oA6YdROzw+8kA",1
"BASTI","HARRAIYA","BHARGAWA","3153003058/LD/958486255824949792","6853","https://mnregaweb4.nic.in/nregaarch/View_NMMS_atten_date_dtl_rpt.aspx?page=&short_name=UP&state_name=UTTAR%20PRADESH&state_code=31&district_name=BASTI&district_code=3153&block_name=HARRAIYA&block_code=3153003&panchayat_name=BHARGAWA&panchayat_code=3153003058&fin_year=2025-2026&source=&work_code=3153003058/LD/958486255824949792&msr_no=6853&AttendanceDate=21/03/2026&Digest=m2KJAlAWUoXyxlMTQYFFow",10
"BASTI","HARRAIYA","KHAMHARIA GANGARAM","3153003061/LD/958486255824988274","6921","https://mnregaweb4.nic.in/nregaarch/View_NMMS_atten_date_dtl_rpt.aspx?page=&short_name=UP&state_name=UTTAR%20PRADESH&state_code=31&district_name=BASTI&district_code=3153&block_name=HARRAIYA&block_code=3153003&panchayat_name=KHAMHARIA%20GANGARAM&panchayat_code=3153003061&fin_year=2025-2026&source=&work_code=3153003061/LD/958486255824988274&msr_no=6921&AttendanceDate=21/03/2026&Digest=PJSbS6fudM5tVU+Ox9zZ2w",10
"BASTI","HARRAIYA","PARSAUDA","3153003066/RC/958486255823621246","6836","https://mnregaweb4.nic.in/nregaarch/View_NMMS_atten_date_dtl_rpt.aspx?page=&short_name=UP&state_name=UTTAR%20PRADESH&state_code=31&district_name=BASTI&district_code=3153&block_name=HARRAIYA&block_code=3153003&panchayat_name=PARSAUDA&panchayat_code=3153003066&fin_year=2025-2026&source=&work_code=3153003066/RC/958486255823621246&msr_no=6836&AttendanceDate=21/03/2026&Digest=dpbDSgHQ8guwfQdxAfd5gg",10
"BASTI","HARRAIYA","KHAMAHRIA SUJAT","3153003072/LD/958486255825008862","6832","https://mnregaweb4.nic.in/nregaarch/View_NMMS_atten_date_dtl_rpt.aspx?page=&short_name=UP&state_name=UTTAR%20PRADESH&state_code=31&district_name=BASTI&district_code=3153&block_name=HARRAIYA&block_code=3153003&panchayat_name=KHAMAHRIA%20SUJAT&panchayat_code=3153003072&fin_year=2025-2026&source=&work_code=3153003072/LD/958486255825008862&msr_no=6832&AttendanceDate=21/03/2026&Digest=XhmsqIsdXaQCCvjQu4LMeg",7
"BASTI","HARRAIYA","BHADAWAL KALA","3153003074/WH/958486255823988938","6873","https://mnregaweb4.nic.in/nregaarch/View_NMMS_atten_date_dtl_rpt.aspx?page=&short_name=UP&state_name=UTTAR%20PRADESH&state_code=31&district_name=BASTI&district_code=3153&block_name=HARRAIYA&block_code=3153003&panchayat_name=BHADAWAL%20KALA&panchayat_code=3153003074&fin_year=2025-2026&source=&work_code=3153003074/WH/958486255823988938&msr_no=6873&AttendanceDate=21/03/2026&Digest=qz7+9TCo1DIL10GGoj4ARQ",10
"BASTI","HARRAIYA","BHADAWAL KALA","3153003074/WH/958486255823988938","6876","https://mnregaweb4.nic.in/nregaarch/View_NMMS_atten_date_dtl_rpt.aspx?page=&short_name=UP&state_name=UTTAR%20PRADESH&state_code=31&district_name=BASTI&district_code=3153&block_name=HARRAIYA&block_code=3153003&panchayat_name=BHADAWAL%20KALA&panchayat_code=3153003074&fin_year=2025-2026&source=&work_code=3153003074/WH/958486255823988938&msr_no=6876&AttendanceDate=21/03/2026&Digest=a5+8WF3Nm3EhZ4zJw9IfnA",9
"BASTI","HARRAIYA","BHAISA CHAUBEY","3153003080/RC/958486255823712256","6982","https://mnregaweb4.nic.in/nregaarch/View_NMMS_atten_date_dtl_rpt.aspx?page=&short_name=UP&state_name=UTTAR%20PRADESH&state_code=31&district_name=BASTI&district_code=3153&block_name=HARRAIYA&block_code=3153003&panchayat_name=BHAISA%20CHAUBEY&panchayat_code=3153003080&fin_year=2025-2026&source=&work_code=3153003080/RC/958486255823712256&msr_no=6982&AttendanceDate=21/03/2026&Digest=R3Rxvbt4HSNMnMRoGIf5Fg",1
"BASTI","HARRAIYA","MIRJAPUR","3153003092/LD/958486255825008868","6835","https://mnregaweb4.nic.in/nregaarch/View_NMMS_atten_date_dtl_rpt.aspx?page=&short_name=UP&state_name=UTTAR%20PRADESH&state_code=31&district_name=BASTI&district_code=3153&block_name=HARRAIYA&block_code=3153003&panchayat_name=MIRJAPUR&panchayat_code=3153003092&fin_year=2025-2026&source=&work_code=3153003092/LD/958486255825008868&msr_no=6835&AttendanceDate=21/03/2026&Digest=HEtFzoFOq6lHfYtmw/tKnQ",10
"BASTI","HARRAIYA","SUKRAULI CHAUDHARY","3153003098/LD/958486255824844875","6858","https://mnregaweb4.nic.in/nregaarch/View_NMMS_atten_date_dtl_rpt.aspx?page=&short_name=UP&state_name=UTTAR%20PRADESH&state_code=31&district_name=BASTI&district_code=3153&block_name=HARRAIYA&block_code=3153003&panchayat_name=SUKRAULI%20CHAUDHARY&panchayat_code=3153003098&fin_year=2025-2026&source=&work_code=3153003098/LD/958486255824844875&msr_no=6858&AttendanceDate=21/03/2026&Digest=iYxVqsAUTbRrdO9OaLr+eQ",10
"BASTI","KAPTANGANJ","BAGHAUDA","3153005008/RC/958486255823700091","4844","https://mnregaweb4.nic.in/nregaarch/View_NMMS_atten_date_dtl_rpt.aspx?page=&short_name=UP&state_name=UTTAR%20PRADESH&state_code=31&district_name=BASTI&district_code=3153&block_name=KAPTANGANJ&block_code=3153005&panchayat_name=BAGHAUDA&panchayat_code=3153005008&fin_year=2025-2026&source=&work_code=3153005008/RC/958486255823700091&msr_no=4844&AttendanceDate=21/03/2026&Digest=m6UxYGyg3XVz6ZThQxNVaw",8
"BASTI","KAPTANGANJ","BAGHAUDA","3153005008/RC/958486255823700091","4847","https://mnregaweb4.nic.in/nregaarch/View_NMMS_atten_date_dtl_rpt.aspx?page=&short_name=UP&state_name=UTTAR%20PRADESH&state_code=31&district_name=BASTI&district_code=3153&block_name=KAPTANGANJ&block_code=3153005&panchayat_name=BAGHAUDA&panchayat_code=3153005008&fin_year=2025-2026&source=&work_code=3153005008/RC/958486255823700091&msr_no=4847&AttendanceDate=21/03/2026&Digest=MwcMvJkWheYfLHFPNGeI8Q",1
"BASTI","KAPTANGANJ","SARWALIYA","3153005034/AV/958486255824178714","4822","https://mnregaweb4.nic.in/nregaarch/View_NMMS_atten_date_dtl_rpt.aspx?page=&short_name=UP&state_name=UTTAR%20PRADESH&state_code=31&district_name=BASTI&district_code=3153&block_name=KAPTANGANJ&block_code=3153005&panchayat_name=SARWALIYA&panchayat_code=3153005034&fin_year=2025-2026&source=&work_code=3153005034/AV/958486255824178714&msr_no=4822&AttendanceDate=21/03/2026&Digest=tlIjhanf9lKxVlmqsLaIFA",3
"BASTI","KAPTANGANJ","POKHRA","3153005054/RC/958486255823736563","4857","https://mnregaweb4.nic.in/nregaarch/View_NMMS_atten_date_dtl_rpt.aspx?page=&short_name=UP&state_name=UTTAR%20PRADESH&state_code=31&district_name=BASTI&district_code=3153&block_name=KAPTANGANJ&block_code=3153005&panchayat_name=POKHRA&panchayat_code=3153005054&fin_year=2025-2026&source=&work_code=3153005054/RC/958486255823736563&msr_no=4857&AttendanceDate=21/03/2026&Digest=efIpmMLaICpu08xKFP09wg",9
"BASTI","KUDARAHA","MURADPUR","3153013002/WH/958486255823990667","8034","https://mnregaweb4.nic.in/nregaarch/View_NMMS_atten_date_dtl_rpt.aspx?page=&short_name=UP&state_name=UTTAR%20PRADESH&state_code=31&district_name=BASTI&district_code=3153&block_name=KUDARAHA&block_code=3153013&panchayat_name=MURADPUR&panchayat_code=3153013002&fin_year=2025-2026&source=&work_code=3153013002/WH/958486255823990667&msr_no=8034&AttendanceDate=21/03/2026&Digest=s/GlSed8kftHMpE819hwfQ",10
"BASTI","KUDARAHA","MURADPUR","3153013002/WH/958486255823990667","8037","https://mnregaweb4.nic.in/nregaarch/View_NMMS_atten_date_dtl_rpt.aspx?page=&short_name=UP&state_name=UTTAR%20PRADESH&state_code=31&district_name=BASTI&district_code=3153&block_name=KUDARAHA&block_code=3153013&panchayat_name=MURADPUR&panchayat_code=3153013002&fin_year=2025-2026&source=&work_code=3153013002/WH/958486255823990667&msr_no=8037&AttendanceDate=21/03/2026&Digest=FANt6/Lk/juhEY0vKlirLQ",6
"BASTI","KUDARAHA","AKELA KUBERPUR","3153013008/RC/958486255823749187","7979","https://mnregaweb4.nic.in/nregaarch/View_NMMS_atten_date_dtl_rpt.aspx?page=&short_name=UP&state_name=UTTAR%20PRADESH&state_code=31&district_name=BASTI&district_code=3153&block_name=KUDARAHA&block_code=3153013&panchayat_name=AKELA%20KUBERPUR&panchayat_code=3153013008&fin_year=2025-2026&source=&work_code=3153013008/RC/958486255823749187&msr_no=7979&AttendanceDate=21/03/2026&Digest=tCBgLv9JIwCKywllO3OPIQ",6
"BASTI","KUDARAHA","AKELA KUBERPUR","3153013008/RC/958486255823749187","7982","https://mnregaweb4.nic.in/nregaarch/View_NMMS_atten_date_dtl_rpt.aspx?page=&short_name=UP&state_name=UTTAR%20PRADESH&state_code=31&district_name=BASTI&district_code=3153&block_name=KUDARAHA&block_code=3153013&panchayat_name=AKELA%20KUBERPUR&panchayat_code=3153013008&fin_year=2025-2026&source=&work_code=3153013008/RC/958486255823749187&msr_no=7982&AttendanceDate=21/03/2026&Digest=PfXoZ2kVnW0j9T1AYhgo0g",5
"BASTI","KUDARAHA","TURKWALIYA","3153013012/RC/958486255823686923","7683","https://mnregaweb4.nic.in/nregaarch/View_NMMS_atten_date_dtl_rpt.aspx?page=&short_name=UP&state_name=UTTAR%20PRADESH&state_code=31&district_name=BASTI&district_code=3153&block_name=KUDARAHA&block_code=3153013&panchayat_name=TURKWALIYA&panchayat_code=3153013012&fin_year=2025-2026&source=&work_code=3153013012/RC/958486255823686923&msr_no=7683&AttendanceDate=21/03/2026&Digest=7kQ27zbvtpBfZ4qoFdH+kg",3
"BASTI","KUDARAHA","KOP","3153013018/RC/958486255823711538","7893","https://mnregaweb4.nic.in/nregaarch/View_NMMS_atten_date_dtl_rpt.aspx?page=&short_name=UP&state_name=UTTAR%20PRADESH&state_code=31&district_name=BASTI&district_code=3153&block_name=KUDARAHA&block_code=3153013&panchayat_name=KOP&panchayat_code=3153013018&fin_year=2025-2026&source=&work_code=3153013018/RC/958486255823711538&msr_no=7893&AttendanceDate=21/03/2026&Digest=Q2d349IrORuKMeF0RMoocA",8
"BASTI","KUDARAHA","RASOOLPUR","3153013020/RC/958486255823670232","7974","https://mnregaweb4.nic.in/nregaarch/View_NMMS_atten_date_dtl_rpt.aspx?page=&short_name=UP&state_name=UTTAR%20PRADESH&state_code=31&district_name=BASTI&district_code=3153&block_name=KUDARAHA&block_code=3153013&panchayat_name=RASOOLPUR&panchayat_code=3153013020&fin_year=2025-2026&source=&work_code=3153013020/RC/958486255823670232&msr_no=7974&AttendanceDate=21/03/2026&Digest=aqoMQ1eT4fjpojqQzZGGlw",10
"BASTI","KUDARAHA","SUVRAHA","3153013026/RC/958486255823725224","8045","https://mnregaweb4.nic.in/nregaarch/View_NMMS_atten_date_dtl_rpt.aspx?page=&short_name=UP&state_name=UTTAR%20PRADESH&state_code=31&district_name=BASTI&district_code=3153&block_name=KUDARAHA&block_code=3153013&panchayat_name=SUVRAHA&panchayat_code=3153013026&fin_year=2025-2026&source=&work_code=3153013026/RC/958486255823725224&msr_no=8045&AttendanceDate=21/03/2026&Digest=3B9H+Efa0lckqM9DYXFDOw",10
"BASTI","KUDARAHA","SUVRAHA","3153013026/WC/958486255824251727","8043","https://mnregaweb4.nic.in/nregaarch/View_NMMS_atten_date_dtl_rpt.aspx?page=&short_name=UP&state_name=UTTAR%20PRADESH&state_code=31&district_name=BASTI&district_code=3153&block_name=KUDARAHA&block_code=3153013&panchayat_name=SUVRAHA&panchayat_code=3153013026&fin_year=2025-2026&source=&work_code=3153013026/WC/958486255824251727&msr_no=8043&AttendanceDate=21/03/2026&Digest=6q0jIyx6YdAuz50mxX/ahw",3
"BASTI","KUDARAHA","KORMA","3153013029/LD/958486255824959030","7758","https://mnregaweb4.nic.in/nregaarch/View_NMMS_atten_date_dtl_rpt.aspx?page=&short_name=UP&state_name=UTTAR%20PRADESH&state_code=31&district_name=BASTI&district_code=3153&block_name=KUDARAHA&block_code=3153013&panchayat_name=KORMA&panchayat_code=3153013029&fin_year=2025-2026&source=&work_code=3153013029/LD/958486255824959030&msr_no=7758&AttendanceDate=21/03/2026&Digest=Sri4GGYF+fZFq97B0t9GeA",8
"BASTI","KUDARAHA","KORMA","3153013029/LD/958486255824959030","7761","https://mnregaweb4.nic.in/nregaarch/View_NMMS_atten_date_dtl_rpt.aspx?page=&short_name=UP&state_name=UTTAR%20PRADESH&state_code=31&district_name=BASTI&district_code=3153&block_name=KUDARAHA&block_code=3153013&panchayat_name=KORMA&panchayat_code=3153013029&fin_year=2025-2026&source=&work_code=3153013029/LD/958486255824959030&msr_no=7761&AttendanceDate=21/03/2026&Digest=wQdVSucX06tZ/3V6HMxYqA",9
"BASTI","KUDARAHA","KORMA","3153013029/LD/958486255824959032","7763","https://mnregaweb4.nic.in/nregaarch/View_NMMS_atten_date_dtl_rpt.aspx?page=&short_name=UP&state_name=UTTAR%20PRADESH&state_code=31&district_name=BASTI&district_code=3153&block_name=KUDARAHA&block_code=3153013&panchayat_name=KORMA&panchayat_code=3153013029&fin_year=2025-2026&source=&work_code=3153013029/LD/958486255824959032&msr_no=7763&AttendanceDate=21/03/2026&Digest=4vOLX4tHF1htJWBMrDaOIw",7
"BASTI","KUDARAHA","AMAIPAR","3153013032/IC/958486255823726741","7838","https://mnregaweb4.nic.in/nregaarch/View_NMMS_atten_date_dtl_rpt.aspx?page=&short_name=UP&state_name=UTTAR%20PRADESH&state_code=31&district_name=BASTI&district_code=3153&block_name=KUDARAHA&block_code=3153013&panchayat_name=AMAIPAR&panchayat_code=3153013032&fin_year=2025-2026&source=&work_code=3153013032/IC/958486255823726741&msr_no=7838&AttendanceDate=21/03/2026&Digest=QGIqPkz8B9IFS7K3y5GAJQ",7
"BASTI","KUDARAHA","AMAIPAR","3153013032/RC/958486255823694991","7830","https://mnregaweb4.nic.in/nregaarch/View_NMMS_atten_date_dtl_rpt.aspx?page=&short_name=UP&state_name=UTTAR%20PRADESH&state_code=31&district_name=BASTI&district_code=3153&block_name=KUDARAHA&block_code=3153013&panchayat_name=AMAIPAR&panchayat_code=3153013032&fin_year=2025-2026&source=&work_code=3153013032/RC/958486255823694991&msr_no=7830&AttendanceDate=21/03/2026&Digest=ITAqtUl1/0g6DK77gJHPmw",6
"BASTI","GAUR","JAITAPUR","3153002110/RC/958486255823740280","6246","https://mnregaweb4.nic.in/nregaarch/View_NMMS_atten_date_dtl_rpt.aspx?page=&short_name=UP&state_name=UTTAR%20PRADESH&state_code=31&district_name=BASTI&district_code=3153&block_name=GAUR&block_code=3153002&panchayat_name=JAITAPUR&panchayat_code=3153002110&fin_year=2025-2026&source=&work_code=3153002110/RC/958486255823740280&msr_no=6246&AttendanceDate=21/03/2026&Digest=p9iyfj+zNdHB/A9pacepVQ",2
"BASTI","HARRAIYA","MAHUAPAR","3153003018/LD/958486255824931758","6890","https://mnregaweb4.nic.in/nregaarch/View_NMMS_atten_date_dtl_rpt.aspx?page=&short_name=UP&state_name=UTTAR%20PRADESH&state_code=31&district_name=BASTI&district_code=3153&block_name=HARRAIYA&block_code=3153003&panchayat_name=MAHUAPAR&panchayat_code=3153003018&fin_year=2025-2026&source=&work_code=3153003018/LD/958486255824931758&msr_no=6890&AttendanceDate=21/03/2026&Digest=mU5VViP7wDJOWeY0YAZ3UA",10
"BASTI","HARRAIYA","RATANPUR RAI","3153003026/LD/958486255825004588","6778","https://mnregaweb4.nic.in/nregaarch/View_NMMS_atten_date_dtl_rpt.aspx?page=&short_name=UP&state_name=UTTAR%20PRADESH&state_code=31&district_name=BASTI&district_code=3153&block_name=HARRAIYA&block_code=3153003&panchayat_name=RATANPUR%20RAI&panchayat_code=3153003026&fin_year=2025-2026&source=&work_code=3153003026/LD/958486255825004588&msr_no=6778&AttendanceDate=21/03/2026&Digest=tw2oSAsZc3XD/6NlJwOdhA",9
"BASTI","HARRAIYA","BANS GAW","3153003031/LD/958486255824994674","6897","https://mnregaweb4.nic.in/nregaarch/View_NMMS_atten_date_dtl_rpt.aspx?page=&short_name=UP&state_name=UTTAR%20PRADESH&state_code=31&district_name=BASTI&district_code=3153&block_name=HARRAIYA&block_code=3153003&panchayat_name=BANS%20GAW&panchayat_code=3153003031&fin_year=2025-2026&source=&work_code=3153003031/LD/958486255824994674&msr_no=6897&AttendanceDate=21/03/2026&Digest=FXzv/1WxAQZM0soFUpT6Wg",10
"BASTI","HARRAIYA","NADAYEN","3153003042/LD/958486255824955644","6909","https://mnregaweb4.nic.in/nregaarch/View_NMMS_atten_date_dtl_rpt.aspx?page=&short_name=UP&state_name=UTTAR%20PRADESH&state_code=31&district_name=BASTI&district_code=3153&block_name=HARRAIYA&block_code=3153003&panchayat_name=NADAYEN&panchayat_code=3153003042&fin_year=2025-2026&source=&work_code=3153003042/LD/958486255824955644&msr_no=6909&AttendanceDate=21/03/2026&Digest=qLylyElg++nuMrJSLbNG/w",10
"BASTI","HARRAIYA","AMARI","3153003052/IC/958486255823729369","6971","https://mnregaweb4.nic.in/nregaarch/View_NMMS_atten_date_dtl_rpt.aspx?page=&short_name=UP&state_name=UTTAR%20PRADESH&state_code=31&district_name=BASTI&district_code=3153&block_name=HARRAIYA&block_code=3153003&panchayat_name=AMARI&panchayat_code=3153003052&fin_year=2025-2026&source=&work_code=3153003052/IC/958486255823729369&msr_no=6971&AttendanceDate=21/03/2026&Digest=lnPd3oPvjk5gudUMNMmUvg",5
"BASTI","HARRAIYA","BHARGAWA","3153003058/LD/958486255824611296","6962","https://mnregaweb4.nic.in/nregaarch/View_NMMS_atten_date_dtl_rpt.aspx?page=&short_name=UP&state_name=UTTAR%20PRADESH&state_code=31&district_name=BASTI&district_code=3153&block_name=HARRAIYA&block_code=3153003&panchayat_name=BHARGAWA&panchayat_code=3153003058&fin_year=2025-2026&source=&work_code=3153003058/LD/958486255824611296&msr_no=6962&AttendanceDate=21/03/2026&Digest=1s/hjzCA22gj5gYZT3QQQg",10
"BASTI","HARRAIYA","BHARGAWA","3153003058/LD/958486255824949792","6852","https://mnregaweb4.nic.in/nregaarch/View_NMMS_atten_date_dtl_rpt.aspx?page=&short_name=UP&state_name=UTTAR%20PRADESH&state_code=31&district_name=BASTI&district_code=3153&block_name=HARRAIYA&block_code=3153003&panchayat_name=BHARGAWA&panchayat_code=3153003058&fin_year=2025-2026&source=&work_code=3153003058/LD/958486255824949792&msr_no=6852&AttendanceDate=21/03/2026&Digest=RXJ9jUCqGFbkruK0T+T/hQ",10
"BASTI","HARRAIYA","BHARGAWA","3153003058/LD/958486255824949792","6855","https://mnregaweb4.nic.in/nregaarch/View_NMMS_atten_date_dtl_rpt.aspx?page=&short_name=UP&state_name=UTTAR%20PRADESH&state_code=31&district_name=BASTI&district_code=3153&block_name=HARRAIYA&block_code=3153003&panchayat_name=BHARGAWA&panchayat_code=3153003058&fin_year=2025-2026&source=&work_code=3153003058/LD/958486255824949792&msr_no=6855&AttendanceDate=21/03/2026&Digest=/jolY7/nzKB64ihVv4y/Fg",6
"BASTI","HARRAIYA","LAVDAHA","3153003060/RC/958486255823749438","6990","https://mnregaweb4.nic.in/nregaarch/View_NMMS_atten_date_dtl_rpt.aspx?page=&short_name=UP&state_name=UTTAR%20PRADESH&state_code=31&district_name=BASTI&district_code=3153&block_name=HARRAIYA&block_code=3153003&panchayat_name=LAVDAHA&panchayat_code=3153003060&fin_year=2025-2026&source=&work_code=3153003060/RC/958486255823749438&msr_no=6990&AttendanceDate=21/03/2026&Digest=QszkxucLBY9idTbJjI62mA",7
"BASTI","HARRAIYA","JOGAPUR","3153003071/LD/958486255825004701","6992","https://mnregaweb4.nic.in/nregaarch/View_NMMS_atten_date_dtl_rpt.aspx?page=&short_name=UP&state_name=UTTAR%20PRADESH&state_code=31&district_name=BASTI&district_code=3153&block_name=HARRAIYA&block_code=3153003&panchayat_name=JOGAPUR&panchayat_code=3153003071&fin_year=2025-2026&source=&work_code=3153003071/LD/958486255825004701&msr_no=6992&AttendanceDate=21/03/2026&Digest=n7qEGKqSS/pfe22LLFzC4g",10
"BASTI","HARRAIYA","KHAMAHRIA SUJAT","3153003072/LD/958486255825008862","6827","https://mnregaweb4.nic.in/nregaarch/View_NMMS_atten_date_dtl_rpt.aspx?page=&short_name=UP&state_name=UTTAR%20PRADESH&state_code=31&district_name=BASTI&district_code=3153&block_name=HARRAIYA&block_code=3153003&panchayat_name=KHAMAHRIA%20SUJAT&panchayat_code=3153003072&fin_year=2025-2026&source=&work_code=3153003072/LD/958486255825008862&msr_no=6827&AttendanceDate=21/03/2026&Digest=KoMUJyi8gc1/rfTiTqXGSg",10
"BASTI","HARRAIYA","KHAMAHRIA SUJAT","3153003072/LD/958486255825008862","6830","https://mnregaweb4.nic.in/nregaarch/View_NMMS_atten_date_dtl_rpt.aspx?page=&short_name=UP&state_name=UTTAR%20PRADESH&state_code=31&district_name=BASTI&district_code=3153&block_name=HARRAIYA&block_code=3153003&panchayat_name=KHAMAHRIA%20SUJAT&panchayat_code=3153003072&fin_year=2025-2026&source=&work_code=3153003072/LD/958486255825008862&msr_no=6830&AttendanceDate=21/03/2026&Digest=/35979dD1G6PJ4KkRFbaAw",10
"BASTI","HARRAIYA","KHAIRI OJHA","3153003075/RC/958486255823728319","6930","https://mnregaweb4.nic.in/nregaarch/View_NMMS_atten_date_dtl_rpt.aspx?page=&short_name=UP&state_name=UTTAR%20PRADESH&state_code=31&district_name=BASTI&district_code=3153&block_name=HARRAIYA&block_code=3153003&panchayat_name=KHAIRI%20OJHA&panchayat_code=3153003075&fin_year=2025-2026&source=&work_code=3153003075/RC/958486255823728319&msr_no=6930&AttendanceDate=21/03/2026&Digest=hdke7CsEIIpCNg3G2IWXsA",7
"BASTI","HARRAIYA","SHAMBHUPUR","3153003077/RC/958486255823742783","6961","https://mnregaweb4.nic.in/nregaarch/View_NMMS_atten_date_dtl_rpt.aspx?page=&short_name=UP&state_name=UTTAR%20PRADESH&state_code=31&district_name=BASTI&district_code=3153&block_name=HARRAIYA&block_code=3153003&panchayat_name=SHAMBHUPUR&panchayat_code=3153003077&fin_year=2025-2026&source=&work_code=3153003077/RC/958486255823742783&msr_no=6961&AttendanceDate=21/03/2026&Digest=Uv3nZZM4eT6B2jXnc1S7xA",8
"BASTI","KAPTANGANJ","BAGHAUDA","3153005008/RC/958486255823700091","4846","https://mnregaweb4.nic.in/nregaarch/View_NMMS_atten_date_dtl_rpt.aspx?page=&short_name=UP&state_name=UTTAR%20PRADESH&state_code=31&district_name=BASTI&district_code=3153&block_name=KAPTANGANJ&block_code=3153005&panchayat_name=BAGHAUDA&panchayat_code=3153005008&fin_year=2025-2026&source=&work_code=3153005008/RC/958486255823700091&msr_no=4846&AttendanceDate=21/03/2026&Digest=y79Q5erBhl7uyYVrZh2YEA",2
"BASTI","KAPTANGANJ","BESAURA","3153005031/RC/958486255823680624","4861","https://mnregaweb4.nic.in/nregaarch/View_NMMS_atten_date_dtl_rpt.aspx?page=&short_name=UP&state_name=UTTAR%20PRADESH&state_code=31&district_name=BASTI&district_code=3153&block_name=KAPTANGANJ&block_code=3153005&panchayat_name=BESAURA&panchayat_code=3153005031&fin_year=2025-2026&source=&work_code=3153005031/RC/958486255823680624&msr_no=4861&AttendanceDate=21/03/2026&Digest=p+S7fHLmoV5JRFmyW39COA",7
"BASTI","KAPTANGANJ","NAIKAPAR","3153005057/LD/958486255824964924","4806","https://mnregaweb4.nic.in/nregaarch/View_NMMS_atten_date_dtl_rpt.aspx?page=&short_name=UP&state_name=UTTAR%20PRADESH&state_code=31&district_name=BASTI&district_code=3153&block_name=KAPTANGANJ&block_code=3153005&panchayat_name=NAIKAPAR&panchayat_code=3153005057&fin_year=2025-2026&source=&work_code=3153005057/LD/958486255824964924&msr_no=4806&AttendanceDate=21/03/2026&Digest=3WAyaTjQoq2D69WlZLcQEg",6
"BASTI","KAPTANGANJ","NAIKAPAR","3153005057/LD/958486255824964925","4863","https://mnregaweb4.nic.in/nregaarch/View_NMMS_atten_date_dtl_rpt.aspx?page=&short_name=UP&state_name=UTTAR%20PRADESH&state_code=31&district_name=BASTI&district_code=3153&block_name=KAPTANGANJ&block_code=3153005&panchayat_name=NAIKAPAR&panchayat_code=3153005057&fin_year=2025-2026&source=&work_code=3153005057/LD/958486255824964925&msr_no=4863&AttendanceDate=21/03/2026&Digest=7G245ntagvgoMFODYxX7Jw",7
"BASTI","KUDARAHA","MURADPUR","3153013002/WH/958486255823990667","8035","https://mnregaweb4.nic.in/nregaarch/View_NMMS_atten_date_dtl_rpt.aspx?page=&short_name=UP&state_name=UTTAR%20PRADESH&state_code=31&district_name=BASTI&district_code=3153&block_name=KUDARAHA&block_code=3153013&panchayat_name=MURADPUR&panchayat_code=3153013002&fin_year=2025-2026&source=&work_code=3153013002/WH/958486255823990667&msr_no=8035&AttendanceDate=21/03/2026&Digest=E7oVw4xaX9wKHSZrE9FflQ",10
"BASTI","KUDARAHA","PIPARPATI MUSTAHKAM","3153013004/RC/958486255823748170","8065","https://mnregaweb4.nic.in/nregaarch/View_NMMS_atten_date_dtl_rpt.aspx?page=&short_name=UP&state_name=UTTAR%20PRADESH&state_code=31&district_name=BASTI&district_code=3153&block_name=KUDARAHA&block_code=3153013&panchayat_name=PIPARPATI%20MUSTAHKAM&panchayat_code=3153013004&fin_year=2025-2026&source=&work_code=3153013004/RC/958486255823748170&msr_no=8065&AttendanceDate=21/03/2026&Digest=UC1k81LnaquMSWGGOFApGA",7
"BASTI","KUDARAHA","AKELA KUBERPUR","3153013008/RC/958486255823749187","7981","https://mnregaweb4.nic.in/nregaarch/View_NMMS_atten_date_dtl_rpt.aspx?page=&short_name=UP&state_name=UTTAR%20PRADESH&state_code=31&district_name=BASTI&district_code=3153&block_name=KUDARAHA&block_code=3153013&panchayat_name=AKELA%20KUBERPUR&panchayat_code=3153013008&fin_year=2025-2026&source=&work_code=3153013008/RC/958486255823749187&msr_no=7981&AttendanceDate=21/03/2026&Digest=LGe/6uMmJvT0yYwXisq+0w",3
"BASTI","KUDARAHA","AKELA KUBERPUR","3153013008/RC/958486255823749188","7987","https://mnregaweb4.nic.in/nregaarch/View_NMMS_atten_date_dtl_rpt.aspx?page=&short_name=UP&state_name=UTTAR%20PRADESH&state_code=31&district_name=BASTI&district_code=3153&block_name=KUDARAHA&block_code=3153013&panchayat_name=AKELA%20KUBERPUR&panchayat_code=3153013008&fin_year=2025-2026&source=&work_code=3153013008/RC/958486255823749188&msr_no=7987&AttendanceDate=21/03/2026&Digest=vqR+OOwt3OkPh5C96HAtzQ",2
"BASTI","KUDARAHA","AKELA KUBERPUR","3153013008/RC/958486255823749188","7990","https://mnregaweb4.nic.in/nregaarch/View_NMMS_atten_date_dtl_rpt.aspx?page=&short_name=UP&state_name=UTTAR%20PRADESH&state_code=31&district_name=BASTI&district_code=3153&block_name=KUDARAHA&block_code=3153013&panchayat_name=AKELA%20KUBERPUR&panchayat_code=3153013008&fin_year=2025-2026&source=&work_code=3153013008/RC/958486255823749188&msr_no=7990&AttendanceDate=21/03/2026&Digest=e1p9nrRG8Fj4/hun8lqTeQ",3
"BASTI","KUDARAHA","RASOOLPUR","3153013020/RC/958486255823670231","7968","https://mnregaweb4.nic.in/nregaarch/View_NMMS_atten_date_dtl_rpt.aspx?page=&short_name=UP&state_name=UTTAR%20PRADESH&state_code=31&district_name=BASTI&district_code=3153&block_name=KUDARAHA&block_code=3153013&panchayat_name=RASOOLPUR&panchayat_code=3153013020&fin_year=2025-2026&source=&work_code=3153013020/RC/958486255823670231&msr_no=7968&AttendanceDate=21/03/2026&Digest=HJWpkbQBYMJcxKkp9VQgGQ",10
"BASTI","KUDARAHA","RASOOLPUR","3153013020/RC/958486255823670232","7973","https://mnregaweb4.nic.in/nregaarch/View_NMMS_atten_date_dtl_rpt.aspx?page=&short_name=UP&state_name=UTTAR%20PRADESH&state_code=31&district_name=BASTI&district_code=3153&block_name=KUDARAHA&block_code=3153013&panchayat_name=RASOOLPUR&panchayat_code=3153013020&fin_year=2025-2026&source=&work_code=3153013020/RC/958486255823670232&msr_no=7973&AttendanceDate=21/03/2026&Digest=6RCgN2FjTvG5NXXlqUDKTw",10
"BASTI","KUDARAHA","RASOOLPUR","3153013020/RC/958486255823670232","7976","https://mnregaweb4.nic.in/nregaarch/View_NMMS_atten_date_dtl_rpt.aspx?page=&short_name=UP&state_name=UTTAR%20PRADESH&state_code=31&district_name=BASTI&district_code=3153&block_name=KUDARAHA&block_code=3153013&panchayat_name=RASOOLPUR&panchayat_code=3153013020&fin_year=2025-2026&source=&work_code=3153013020/RC/958486255823670232&msr_no=7976&AttendanceDate=21/03/2026&Digest=5e6fzAXWmG/rbAH2cct3jg",2
"BASTI","KUDARAHA","GAURA ROHARI","3153013024/LD/958486255824973367","7592","https://mnregaweb4.nic.in/nregaarch/View_NMMS_atten_date_dtl_rpt.aspx?page=&short_name=UP&state_name=UTTAR%20PRADESH&state_code=31&district_name=BASTI&district_code=3153&block_name=KUDARAHA&block_code=3153013&panchayat_name=GAURA%20ROHARI&panchayat_code=3153013024&fin_year=2025-2026&source=&work_code=3153013024/LD/958486255824973367&msr_no=7592&AttendanceDate=21/03/2026&Digest=sZOqr/n98kEUyS6QtZvdog",8
"BASTI","KUDARAHA","GAURA ROHARI","3153013024/LD/958486255824973367","7595","https://mnregaweb4.nic.in/nregaarch/View_NMMS_atten_date_dtl_rpt.aspx?page=&short_name=UP&state_name=UTTAR%20PRADESH&state_code=31&district_name=BASTI&district_code=3153&block_name=KUDARAHA&block_code=3153013&panchayat_name=GAURA%20ROHARI&panchayat_code=3153013024&fin_year=2025-2026&source=&work_code=3153013024/LD/958486255824973367&msr_no=7595&AttendanceDate=21/03/2026&Digest=iiOXCFfssmom7x19qFvayQ",10
"BASTI","KUDARAHA","SUVRAHA","3153013026/RC/958486255823725225","7657","https://mnregaweb4.nic.in/nregaarch/View_NMMS_atten_date_dtl_rpt.aspx?page=&short_name=UP&state_name=UTTAR%20PRADESH&state_code=31&district_name=BASTI&district_code=3153&block_name=KUDARAHA&block_code=3153013&panchayat_name=SUVRAHA&panchayat_code=3153013026&fin_year=2025-2026&source=&work_code=3153013026/RC/958486255823725225&msr_no=7657&AttendanceDate=21/03/2026&Digest=wdyYVcGXSiUVd2TGIRIGfA",6
"BASTI","KUDARAHA","SUVRAHA","3153013026/WC/958486255824251727","8042","https://mnregaweb4.nic.in/nregaarch/View_NMMS_atten_date_dtl_rpt.aspx?page=&short_name=UP&state_name=UTTAR%20PRADESH&state_code=31&district_name=BASTI&district_code=3153&block_name=KUDARAHA&block_code=3153013&panchayat_name=SUVRAHA&panchayat_code=3153013026&fin_year=2025-2026&source=&work_code=3153013026/WC/958486255824251727&msr_no=8042&AttendanceDate=21/03/2026&Digest=SlmPv2iVSk0P0DjmrEroVg",10
"BASTI","KUDARAHA","THANWA MUDYARI","3153013027/LD/958486255824954841","7821","https://mnregaweb4.nic.in/nregaarch/View_NMMS_atten_date_dtl_rpt.aspx?page=&short_name=UP&state_name=UTTAR%20PRADESH&state_code=31&district_name=BASTI&district_code=3153&block_name=KUDARAHA&block_code=3153013&panchayat_name=THANWA%20MUDYARI&panchayat_code=3153013027&fin_year=2025-2026&source=&work_code=3153013027/LD/958486255824954841&msr_no=7821&AttendanceDate=21/03/2026&Digest=04/NEIYi7Jr/3Y2FCQkaaQ",8
"BASTI","KUDARAHA","KORMA","3153013029/RC/958486255823748565","7912","https://mnregaweb4.nic.in/nregaarch/View_NMMS_atten_date_dtl_rpt.aspx?page=&short_name=UP&state_name=UTTAR%20PRADESH&state_code=31&district_name=BASTI&district_code=3153&block_name=KUDARAHA&block_code=3153013&panchayat_name=KORMA&panchayat_code=3153013029&fin_year=2025-2026&source=&work_code=3153013029/RC/958486255823748565&msr_no=7912&AttendanceDate=21/03/2026&Digest=bEulaK91YXWvqYCSQxJWIQ",8
"BASTI","KUDARAHA","AMAIPAR","3153013032/RC/958486255823694994","7942","https://mnregaweb4.nic.in/nregaarch/View_NMMS_atten_date_dtl_rpt.aspx?page=&short_name=UP&state_name=UTTAR%20PRADESH&state_code=31&district_name=BASTI&district_code=3153&block_name=KUDARAHA&block_code=3153013&panchayat_name=AMAIPAR&panchayat_code=3153013032&fin_year=2025-2026&source=&work_code=3153013032/RC/958486255823694994&msr_no=7942&AttendanceDate=21/03/2026&Digest=FLDCaB16nnskkE2AUCQcDg",6
"BASTI","KUDARAHA","AMAIPAR","3153013032/RC/958486255823735251","7913","https://mnregaweb4.nic.in/nregaarch/View_NMMS_atten_date_dtl_rpt.aspx?page=&short_name=UP&state_name=UTTAR%20PRADESH&state_code=31&district_name=BASTI&district_code=3153&block_name=KUDARAHA&block_code=3153013&panchayat_name=AMAIPAR&panchayat_code=3153013032&fin_year=2025-2026&source=&work_code=3153013032/RC/958486255823735251&msr_no=7913&AttendanceDate=21/03/2026&Digest=8ClsAIQ4LnpFabjyrAboHw",7
"BASTI","KUDARAHA","AMAIPAR","3153013032/RC/958486255823735251","7916","https://mnregaweb4.nic.in/nregaarch/View_NMMS_atten_date_dtl_rpt.aspx?page=&short_name=UP&state_name=UTTAR%20PRADESH&state_code=31&district_name=BASTI&district_code=3153&block_name=KUDARAHA&block_code=3153013&panchayat_name=AMAIPAR&panchayat_code=3153013032&fin_year=2025-2026&source=&work_code=3153013032/RC/958486255823735251&msr_no=7916&AttendanceDate=21/03/2026&Digest=OxgYuoY/ml7+vLhpsjuQuQ",3
"BASTI","KUDARAHA","AMAIPAR","3153013032/RC/958486255823735251","7919","https://mnregaweb4.nic.in/nregaarch/View_NMMS_atten_date_dtl_rpt.aspx?page=&short_name=UP&state_name=UTTAR%20PRADESH&state_code=31&district_name=BASTI&district_code=3153&block_name=KUDARAHA&block_code=3153013&panchayat_name=AMAIPAR&panchayat_code=3153013032&fin_year=2025-2026&source=&work_code=3153013032/RC/958486255823735251&msr_no=7919&AttendanceDate=21/03/2026&Digest=OdJ6rXrQ2VKTLL7oitCxLg",5
"BASTI","KUDARAHA","CHARKAILA","3153013033/RC/958486255823741596","7482","https://mnregaweb4.nic.in/nregaarch/View_NMMS_atten_date_dtl_rpt.aspx?page=&short_name=UP&state_name=UTTAR%20PRADESH&state_code=31&district_name=BASTI&district_code=3153&block_name=KUDARAHA&block_code=3153013&panchayat_name=CHARKAILA&panchayat_code=3153013033&fin_year=2025-2026&source=&work_code=3153013033/RC/958486255823741596&msr_no=7482&AttendanceDate=21/03/2026&Digest=ODH3GX5J3+p0HJv9VsOUIg",2
"BASTI","KUDARAHA","JAGANNATHPUR","3153013035/RC/958486255823748456","7737","https://mnregaweb4.nic.in/nregaarch/View_NMMS_atten_date_dtl_rpt.aspx?page=&short_name=UP&state_name=UTTAR%20PRADESH&state_code=31&district_name=BASTI&district_code=3153&block_name=KUDARAHA&block_code=3153013&panchayat_name=JAGANNATHPUR&panchayat_code=3153013035&fin_year=2025-2026&source=&work_code=3153013035/RC/958486255823748456&msr_no=7737&AttendanceDate=21/03/2026&Digest=/o6qWlSq6wiycdI19naBUg",8
"BASTI","KUDARAHA","PARSAW","3153013036/LD/958486255824957716","7857","https://mnregaweb4.nic.in/nregaarch/View_NMMS_atten_date_dtl_rpt.aspx?page=&short_name=UP&state_name=UTTAR%20PRADESH&state_code=31&district_name=BASTI&district_code=3153&block_name=KUDARAHA&block_code=3153013&panchayat_name=PARSAW&panchayat_code=3153013036&fin_year=2025-2026&source=&work_code=3153013036/LD/958486255824957716&msr_no=7857&AttendanceDate=21/03/2026&Digest=N5evMhasGsWjH9Tz+V8UtQ",10
"BASTI","BANKATI","MANIKAURAN KALA","3153011095/RC/958486255823744045","9519","https://mnregaweb4.nic.in/nregaarch/View_NMMS_atten_date_dtl_rpt.aspx?page=&short_name=UP&state_name=UTTAR%20PRADESH&state_code=31&district_name=BASTI&district_code=3153&block_name=BANKATI&block_code=3153011&panchayat_name=MANIKAURAN%20KALA&panchayat_code=3153011095&fin_year=2025-2026&source=&work_code=3153011095/RC/958486255823744045&msr_no=9519&AttendanceDate=21/03/2026&Digest=qEjvqua6E1fLWnYSTLrn3w",7
"BASTI","BANKATI","MAHTHA","3153011096/RC/958486255823749754","9542","https://mnregaweb4.nic.in/nregaarch/View_NMMS_atten_date_dtl_rpt.aspx?page=&short_name=UP&state_name=UTTAR%20PRADESH&state_code=31&district_name=BASTI&district_code=3153&block_name=BANKATI&block_code=3153011&panchayat_name=MAHTHA&panchayat_code=3153011096&fin_year=2025-2026&source=&work_code=3153011096/RC/958486255823749754&msr_no=9542&AttendanceDate=21/03/2026&Digest=0jfTMIkpKdxZ97gw3CL/kw",9
"BASTI","BANKATI","MAHTHA","3153011096/RC/958486255823749757","9535","https://mnregaweb4.nic.in/nregaarch/View_NMMS_atten_date_dtl_rpt.aspx?page=&short_name=UP&state_name=UTTAR%20PRADESH&state_code=31&district_name=BASTI&district_code=3153&block_name=BANKATI&block_code=3153011&panchayat_name=MAHTHA&panchayat_code=3153011096&fin_year=2025-2026&source=&work_code=3153011096/RC/958486255823749757&msr_no=9535&AttendanceDate=21/03/2026&Digest=KJPA4zvzoNDrUuaHXPyg3Q",7
"BASTI","BANKATI","PIPRA SUKRAULI","3153011099/RC/958486255823744508","9349","https://mnregaweb4.nic.in/nregaarch/View_NMMS_atten_date_dtl_rpt.aspx?page=&short_name=UP&state_name=UTTAR%20PRADESH&state_code=31&district_name=BASTI&district_code=3153&block_name=BANKATI&block_code=3153011&panchayat_name=PIPRA%20SUKRAULI&panchayat_code=3153011099&fin_year=2025-2026&source=&work_code=3153011099/RC/958486255823744508&msr_no=9349&AttendanceDate=21/03/2026&Digest=svWpSRG/Xrt+ymMPq1uq9Q",10
"BASTI","BANKATI","GUDI","3153011113/WC/958486255824167039","9471","https://mnregaweb4.nic.in/nregaarch/View_NMMS_atten_date_dtl_rpt.aspx?page=&short_name=UP&state_name=UTTAR%20PRADESH&state_code=31&district_name=BASTI&district_code=3153&block_name=BANKATI&block_code=3153011&panchayat_name=GUDI&panchayat_code=3153011113&fin_year=2025-2026&source=&work_code=3153011113/WC/958486255824167039&msr_no=9471&AttendanceDate=21/03/2026&Digest=/iJVJwoqi/k30ZOPDC8ZQA",6
"BASTI","BASTI","BHUWANI","3153010019/LD/958486255824991864","4370","https://mnregaweb4.nic.in/nregaarch/View_NMMS_atten_date_dtl_rpt.aspx?page=&short_name=UP&state_name=UTTAR%20PRADESH&state_code=31&district_name=BASTI&district_code=3153&block_name=BASTI&block_code=3153010&panchayat_name=BHUWANI&panchayat_code=3153010019&fin_year=2025-2026&source=&work_code=3153010019/LD/958486255824991864&msr_no=4370&AttendanceDate=21/03/2026&Digest=B1gt/Bhs5/fDbBvWlqxmaA",6
"BASTI","DUBAULIYA","DEWRAGANGWAR","3153014015/LD/958486255825001480","4187","https://mnregaweb4.nic.in/nregaarch/View_NMMS_atten_date_dtl_rpt.aspx?page=&short_name=UP&state_name=UTTAR%20PRADESH&state_code=31&district_name=BASTI&district_code=3153&block_name=DUBAULIYA&block_code=3153014&panchayat_name=DEWRAGANGWAR&panchayat_code=3153014015&fin_year=2025-2026&source=&work_code=3153014015/LD/958486255825001480&msr_no=4187&AttendanceDate=21/03/2026&Digest=bJRMUIgQYyyHfksDMCz5bw",10
"BASTI","DUBAULIYA","DEWRAGANGWAR","3153014015/LD/958486255825001487","4192","https://mnregaweb4.nic.in/nregaarch/View_NMMS_atten_date_dtl_rpt.aspx?page=&short_name=UP&state_name=UTTAR%20PRADESH&state_code=31&district_name=BASTI&district_code=3153&block_name=DUBAULIYA&block_code=3153014&panchayat_name=DEWRAGANGWAR&panchayat_code=3153014015&fin_year=2025-2026&source=&work_code=3153014015/LD/958486255825001487&msr_no=4192&AttendanceDate=21/03/2026&Digest=r/FoyAlv/Uncz/FDp7Sl0g",3
"BASTI","DUBAULIYA","RAM NAGAR","3153014020/RC/958486255823749962","4186","https://mnregaweb4.nic.in/nregaarch/View_NMMS_atten_date_dtl_rpt.aspx?page=&short_name=UP&state_name=UTTAR%20PRADESH&state_code=31&district_name=BASTI&district_code=3153&block_name=DUBAULIYA&block_code=3153014&panchayat_name=RAM%20NAGAR&panchayat_code=3153014020&fin_year=2025-2026&source=&work_code=3153014020/RC/958486255823749962&msr_no=4186&AttendanceDate=21/03/2026&Digest=dZUKYK3Mz4F4FZh5pD+gcg",2
"BASTI","DUBAULIYA","PAYAK PUR","3153014025/RC/958486255823750843","4307","https://mnregaweb4.nic.in/nregaarch/View_NMMS_atten_date_dtl_rpt.aspx?page=&short_name=UP&state_name=UTTAR%20PRADESH&state_code=31&district_name=BASTI&district_code=3153&block_name=DUBAULIYA&block_code=3153014&panchayat_name=PAYAK%20PUR&panchayat_code=3153014025&fin_year=2025-2026&source=&work_code=3153014025/RC/958486255823750843&msr_no=4307&AttendanceDate=21/03/2026&Digest=tEodNNeSJu5Ij4HfNvSS0w",1
"BASTI","DUBAULIYA","SARIYA ATIBAL","3153014031/LD/958486255824953898","4137","https://mnregaweb4.nic.in/nregaarch/View_NMMS_atten_date_dtl_rpt.aspx?page=&short_name=UP&state_name=UTTAR%20PRADESH&state_code=31&district_name=BASTI&district_code=3153&block_name=DUBAULIYA&block_code=3153014&panchayat_name=SARIYA%20ATIBAL&panchayat_code=3153014031&fin_year=2025-2026&source=&work_code=3153014031/LD/958486255824953898&msr_no=4137&AttendanceDate=21/03/2026&Digest=EVXX3ycwQLAzPmlMKpfxlg",8
"BASTI","DUBAULIYA","BHAKRAHI","3153014035/RC/958486255823750364","4233","https://mnregaweb4.nic.in/nregaarch/View_NMMS_atten_date_dtl_rpt.aspx?page=&short_name=UP&state_name=UTTAR%20PRADESH&state_code=31&district_name=BASTI&district_code=3153&block_name=DUBAULIYA&block_code=3153014&panchayat_name=BHAKRAHI&panchayat_code=3153014035&fin_year=2025-2026&source=&work_code=3153014035/RC/958486255823750364&msr_no=4233&AttendanceDate=21/03/2026&Digest=ichPVBhsvV5t5Xwg+rQ1+A",8
"BASTI","DUBAULIYA","BHAKRAHI","3153014035/RC/958486255823750365","4160","https://mnregaweb4.nic.in/nregaarch/View_NMMS_atten_date_dtl_rpt.aspx?page=&short_name=UP&state_name=UTTAR%20PRADESH&state_code=31&district_name=BASTI&district_code=3153&block_name=DUBAULIYA&block_code=3153014&panchayat_name=BHAKRAHI&panchayat_code=3153014035&fin_year=2025-2026&source=&work_code=3153014035/RC/958486255823750365&msr_no=4160&AttendanceDate=21/03/2026&Digest=HnZ3ps+mcUrqSIA0iAhx4A",10
"BASTI","DUBAULIYA","BHAKRAHI","3153014035/RC/958486255823751006","4237","https://mnregaweb4.nic.in/nregaarch/View_NMMS_atten_date_dtl_rpt.aspx?page=&short_name=UP&state_name=UTTAR%20PRADESH&state_code=31&district_name=BASTI&district_code=3153&block_name=DUBAULIYA&block_code=3153014&panchayat_name=BHAKRAHI&panchayat_code=3153014035&fin_year=2025-2026&source=&work_code=3153014035/RC/958486255823751006&msr_no=4237&AttendanceDate=21/03/2026&Digest=IrBtY38GsH1Q6z5cOpXXyw",10
"BASTI","DUBAULIYA","BHAKRAHI","3153014035/RC/958486255823751006","4240","https://mnregaweb4.nic.in/nregaarch/View_NMMS_atten_date_dtl_rpt.aspx?page=&short_name=UP&state_name=UTTAR%20PRADESH&state_code=31&district_name=BASTI&district_code=3153&block_name=DUBAULIYA&block_code=3153014&panchayat_name=BHAKRAHI&panchayat_code=3153014035&fin_year=2025-2026&source=&work_code=3153014035/RC/958486255823751006&msr_no=4240&AttendanceDate=21/03/2026&Digest=pTkhxdjfORSxECtZe4w/xA",8
"BASTI","DUBAULIYA","SHUKULPURA","3153014043/AV/958486255824178600","4120","https://mnregaweb4.nic.in/nregaarch/View_NMMS_atten_date_dtl_rpt.aspx?page=&short_name=UP&state_name=UTTAR%20PRADESH&state_code=31&district_name=BASTI&district_code=3153&block_name=DUBAULIYA&block_code=3153014&panchayat_name=SHUKULPURA&panchayat_code=3153014043&fin_year=2025-2026&source=&work_code=3153014043/AV/958486255824178600&msr_no=4120&AttendanceDate=21/03/2026&Digest=3Uu46JPTrcrnPWmMCb7Kug",3
"BASTI","DUBAULIYA","SARAIYA BAKSI","3153014046/RC/958486255823647641","4196","https://mnregaweb4.nic.in/nregaarch/View_NMMS_atten_date_dtl_rpt.aspx?page=&short_name=UP&state_name=UTTAR%20PRADESH&state_code=31&district_name=BASTI&district_code=3153&block_name=DUBAULIYA&block_code=3153014&panchayat_name=SARAIYA%20BAKSI&panchayat_code=3153014046&fin_year=2025-2026&source=&work_code=3153014046/RC/958486255823647641&msr_no=4196&AttendanceDate=21/03/2026&Digest=8FrlfXoop3iTL464g+cPQw",3
"BASTI","DUBAULIYA","SARAIYA BAKSI","3153014046/RC/958486255823727881","4205","https://mnregaweb4.nic.in/nregaarch/View_NMMS_atten_date_dtl_rpt.aspx?page=&short_name=UP&state_name=UTTAR%20PRADESH&state_code=31&district_name=BASTI&district_code=3153&block_name=DUBAULIYA&block_code=3153014&panchayat_name=SARAIYA%20BAKSI&panchayat_code=3153014046&fin_year=2025-2026&source=&work_code=3153014046/RC/958486255823727881&msr_no=4205&AttendanceDate=21/03/2026&Digest=fa1LSp2j1SY0Y9BOhbRnUw",3
"BASTI","DUBAULIYA","BARSAV","3153014055/RC/958486255823751326","4270","https://mnregaweb4.nic.in/nregaarch/View_NMMS_atten_date_dtl_rpt.aspx?page=&short_name=UP&state_name=UTTAR%20PRADESH&state_code=31&district_name=BASTI&district_code=3153&block_name=DUBAULIYA&block_code=3153014&panchayat_name=BARSAV&panchayat_code=3153014055&fin_year=2025-2026&source=&work_code=3153014055/RC/958486255823751326&msr_no=4270&AttendanceDate=21/03/2026&Digest=BGTYmEokBtdo6nIwGwFASA",8
"BASTI","GAUR","BADHANI","3153002008/RC/958486255823693692","6251","https://mnregaweb4.nic.in/nregaarch/View_NMMS_atten_date_dtl_rpt.aspx?page=&short_name=UP&state_name=UTTAR%20PRADESH&state_code=31&district_name=BASTI&district_code=3153&block_name=GAUR&block_code=3153002&panchayat_name=BADHANI&panchayat_code=3153002008&fin_year=2025-2026&source=&work_code=3153002008/RC/958486255823693692&msr_no=6251&AttendanceDate=21/03/2026&Digest=B9vvP6zzdrWf6Cml1ad+fQ",6
"BASTI","GAUR","BADYA","3153002009/IC/958486255823728560","6241","https://mnregaweb4.nic.in/nregaarch/View_NMMS_atten_date_dtl_rpt.aspx?page=&short_name=UP&state_name=UTTAR%20PRADESH&state_code=31&district_name=BASTI&district_code=3153&block_name=GAUR&block_code=3153002&panchayat_name=BADYA&panchayat_code=3153002009&fin_year=2025-2026&source=&work_code=3153002009/IC/958486255823728560&msr_no=6241&AttendanceDate=21/03/2026&Digest=tKG1Sk6AorI7wRykgXQHgw",5
"BASTI","GAUR","BAWAR PARA","3153002017/AV/958486255824164250","6507","https://mnregaweb4.nic.in/nregaarch/View_NMMS_atten_date_dtl_rpt.aspx?page=&short_name=UP&state_name=UTTAR%20PRADESH&state_code=31&district_name=BASTI&district_code=3153&block_name=GAUR&block_code=3153002&panchayat_name=BAWAR%20PARA&panchayat_code=3153002017&fin_year=2025-2026&source=&work_code=3153002017/AV/958486255824164250&msr_no=6507&AttendanceDate=21/03/2026&Digest=vnbABYJUl1ojbAQNeGKqAQ",5
"BASTI","GAUR","BHARAVALIYA","3153002024/RC/958486255823705276","6332","https://mnregaweb4.nic.in/nregaarch/View_NMMS_atten_date_dtl_rpt.aspx?page=&short_name=UP&state_name=UTTAR%20PRADESH&state_code=31&district_name=BASTI&district_code=3153&block_name=GAUR&block_code=3153002&panchayat_name=BHARAVALIYA&panchayat_code=3153002024&fin_year=2025-2026&source=&work_code=3153002024/RC/958486255823705276&msr_no=6332&AttendanceDate=21/03/2026&Digest=4HhBoshJBUaDrJhgl+3p6g",9
"BASTI","GAUR","DUHAWA","3153002038/LD/958486255824947013","6327","https://mnregaweb4.nic.in/nregaarch/View_NMMS_atten_date_dtl_rpt.aspx?page=&short_name=UP&state_name=UTTAR%20PRADESH&state_code=31&district_name=BASTI&district_code=3153&block_name=GAUR&block_code=3153002&panchayat_name=DUHAWA&panchayat_code=3153002038&fin_year=2025-2026&source=&work_code=3153002038/LD/958486255824947013&msr_no=6327&AttendanceDate=21/03/2026&Digest=TVVvOUv+33RZc7pXOpW7Mw",10
"BASTI","GAUR","KISUNPUR","3153002054/AV/958486255824184192","6287","https://mnregaweb4.nic.in/nregaarch/View_NMMS_atten_date_dtl_rpt.aspx?page=&short_name=UP&state_name=UTTAR%20PRADESH&state_code=31&district_name=BASTI&district_code=3153&block_name=GAUR&block_code=3153002&panchayat_name=KISUNPUR&panchayat_code=3153002054&fin_year=2025-2026&source=&work_code=3153002054/AV/958486255824184192&msr_no=6287&AttendanceDate=21/03/2026&Digest=be+0A5ps8y0oWseYqeAALw",7
"BASTI","GAUR","KUCHURUPUR","3153002055/RC/958486255823691325","6236","https://mnregaweb4.nic.in/nregaarch/View_NMMS_atten_date_dtl_rpt.aspx?page=&short_name=UP&state_name=UTTAR%20PRADESH&state_code=31&district_name=BASTI&district_code=3153&block_name=GAUR&block_code=3153002&panchayat_name=KUCHURUPUR&panchayat_code=3153002055&fin_year=2025-2026&source=&work_code=3153002055/RC/958486255823691325&msr_no=6236&AttendanceDate=21/03/2026&Digest=22Oc4rGXI6guK3b3/tgzCA",5
"BASTI","GAUR","MAJHAUVA CHAUBEY","3153002061/WC/958486255824213629","6521","https://mnregaweb4.nic.in/nregaarch/View_NMMS_atten_date_dtl_rpt.aspx?page=&short_name=UP&state_name=UTTAR%20PRADESH&state_code=31&district_name=BASTI&district_code=3153&block_name=GAUR&block_code=3153002&panchayat_name=MAJHAUVA%20CHAUBEY&panchayat_code=3153002061&fin_year=2025-2026&source=&work_code=3153002061/WC/958486255824213629&msr_no=6521&AttendanceDate=21/03/2026&Digest=FWDe5/rO6Iuc52j00HaqDQ",8
"BASTI","GAUR","MAJHAUVA CHAUBEY","3153002061/WC/958486255824213629","6524","https://mnregaweb4.nic.in/nregaarch/View_NMMS_atten_date_dtl_rpt.aspx?page=&short_name=UP&state_name=UTTAR%20PRADESH&state_code=31&district_name=BASTI&district_code=3153&block_name=GAUR&block_code=3153002&panchayat_name=MAJHAUVA%20CHAUBEY&panchayat_code=3153002061&fin_year=2025-2026&source=&work_code=3153002061/WC/958486255824213629&msr_no=6524&AttendanceDate=21/03/2026&Digest=kh4+L++QI/VwQS8CQen2Zw",5
"BASTI","GAUR","RAMVA PUR","3153002079/RC/958486255823749345","6471","https://mnregaweb4.nic.in/nregaarch/View_NMMS_atten_date_dtl_rpt.aspx?page=&short_name=UP&state_name=UTTAR%20PRADESH&state_code=31&district_name=BASTI&district_code=3153&block_name=GAUR&block_code=3153002&panchayat_name=RAMVA%20PUR&panchayat_code=3153002079&fin_year=2025-2026&source=&work_code=3153002079/RC/958486255823749345&msr_no=6471&AttendanceDate=21/03/2026&Digest=QBw3yn3a6itly+o21n9vqA",10
"BASTI","GAUR","SARNAGI.","3153002083/RC/958486255823738128","6300","https://mnregaweb4.nic.in/nregaarch/View_NMMS_atten_date_dtl_rpt.aspx?page=&short_name=UP&state_name=UTTAR%20PRADESH&state_code=31&district_name=BASTI&district_code=3153&block_name=GAUR&block_code=3153002&panchayat_name=SARNAGI.&panchayat_code=3153002083&fin_year=2025-2026&source=&work_code=3153002083/RC/958486255823738128&msr_no=6300&AttendanceDate=21/03/2026&Digest=e3lYf3leuweM9Gl2Gmx/qw",10
"BASTI","GAUR","TENUI CHET SINGH","3153002092/WC/958486255824251198","6262","https://mnregaweb4.nic.in/nregaarch/View_NMMS_atten_date_dtl_rpt.aspx?page=&short_name=UP&state_name=UTTAR%20PRADESH&state_code=31&district_name=BASTI&district_code=3153&block_name=GAUR&block_code=3153002&panchayat_name=TENUI%20CHET%20SINGH&panchayat_code=3153002092&fin_year=2025-2026&source=&work_code=3153002092/WC/958486255824251198&msr_no=6262&AttendanceDate=21/03/2026&Digest=ukm6oXVwIjeIGeuehvAdew",9
"BASTI","GAUR","GHAGHARIYA","3153002094/LD/958486255824988251","6392","https://mnregaweb4.nic.in/nregaarch/View_NMMS_atten_date_dtl_rpt.aspx?page=&short_name=UP&state_name=UTTAR%20PRADESH&state_code=31&district_name=BASTI&district_code=3153&block_name=GAUR&block_code=3153002&panchayat_name=GHAGHARIYA&panchayat_code=3153002094&fin_year=2025-2026&source=&work_code=3153002094/LD/958486255824988251&msr_no=6392&AttendanceDate=21/03/2026&Digest=P8dBNb5hhhnjQiC+teRSNA",4
"BASTI","GAUR","GHAGHARIYA","3153002094/RC/958486255823735160","6542","https://mnregaweb4.nic.in/nregaarch/View_NMMS_atten_date_dtl_rpt.aspx?page=&short_name=UP&state_name=UTTAR%20PRADESH&state_code=31&district_name=BASTI&district_code=3153&block_name=GAUR&block_code=3153002&panchayat_name=GHAGHARIYA&panchayat_code=3153002094&fin_year=2025-2026&source=&work_code=3153002094/RC/958486255823735160&msr_no=6542&AttendanceDate=21/03/2026&Digest=1SmyVnnXdnpUin5j4OffLQ",3
"BASTI","HARRAIYA","BHAIRO PUR","3153003027/RC/YD/958486255823736251","6951","https://mnregaweb4.nic.in/nregaarch/View_NMMS_atten_date_dtl_rpt.aspx?page=&short_name=UP&state_name=UTTAR%20PRADESH&state_code=31&district_name=BASTI&district_code=3153&block_name=HARRAIYA&block_code=3153003&panchayat_name=BHAIRO%20PUR&panchayat_code=3153003027&fin_year=2025-2026&source=&work_code=3153003027/RC/YD/958486255823736251&msr_no=6951&AttendanceDate=21/03/2026&Digest=e2a0yu3GJqt81pFBz34rGw",2
"BASTI","HARRAIYA","MARWATIA BHAWAN","3153003039/AV/958486255824176086","6917","https://mnregaweb4.nic.in/nregaarch/View_NMMS_atten_date_dtl_rpt.aspx?page=&short_name=UP&state_name=UTTAR%20PRADESH&state_code=31&district_name=BASTI&district_code=3153&block_name=HARRAIYA&block_code=3153003&panchayat_name=MARWATIA%20BHAWAN&panchayat_code=3153003039&fin_year=2025-2026&source=&work_code=3153003039/AV/958486255824176086&msr_no=6917&AttendanceDate=21/03/2026&Digest=Qie4fatycXHW7h8jxaSCRA",10
"BASTI","HARRAIYA","NADAYEN","3153003042/LD/958486255824955644","6904","https://mnregaweb4.nic.in/nregaarch/View_NMMS_atten_date_dtl_rpt.aspx?page=&short_name=UP&state_name=UTTAR%20PRADESH&state_code=31&district_name=BASTI&district_code=3153&block_name=HARRAIYA&block_code=3153003&panchayat_name=NADAYEN&panchayat_code=3153003042&fin_year=2025-2026&source=&work_code=3153003042/LD/958486255824955644&msr_no=6904&AttendanceDate=21/03/2026&Digest=22o+mGMQMu7KXUwl5aNBvg",10
"BASTI","HARRAIYA","NADAYEN","3153003042/LD/958486255824955644","6907","https://mnregaweb4.nic.in/nregaarch/View_NMMS_atten_date_dtl_rpt.aspx?page=&short_name=UP&state_name=UTTAR%20PRADESH&state_code=31&district_name=BASTI&district_code=3153&block_name=HARRAIYA&block_code=3153003&panchayat_name=NADAYEN&panchayat_code=3153003042&fin_year=2025-2026&source=&work_code=3153003042/LD/958486255824955644&msr_no=6907&AttendanceDate=21/03/2026&Digest=LhV1tkoa2oFwAva14eMVmg",10
"BASTI","HARRAIYA","NADAYEN","3153003042/LD/958486255824955644","6910","https://mnregaweb4.nic.in/nregaarch/View_NMMS_atten_date_dtl_rpt.aspx?page=&short_name=UP&state_name=UTTAR%20PRADESH&state_code=31&district_name=BASTI&district_code=3153&block_name=HARRAIYA&block_code=3153003&panchayat_name=NADAYEN&panchayat_code=3153003042&fin_year=2025-2026&source=&work_code=3153003042/LD/958486255824955644&msr_no=6910&AttendanceDate=21/03/2026&Digest=PssA3NDOgbR5W2HkeMPIKw",3
"BASTI","HARRAIYA","AMARI","3153003052/IC/958486255823729369","6970","https://mnregaweb4.nic.in/nregaarch/View_NMMS_atten_date_dtl_rpt.aspx?page=&short_name=UP&state_name=UTTAR%20PRADESH&state_code=31&district_name=BASTI&district_code=3153&block_name=HARRAIYA&block_code=3153003&panchayat_name=AMARI&panchayat_code=3153003052&fin_year=2025-2026&source=&work_code=3153003052/IC/958486255823729369&msr_no=6970&AttendanceDate=21/03/2026&Digest=5LMpUYeejFUk/FGDrpRfFA",10
"BASTI","HARRAIYA","AMARI","3153003052/RC/958486255823726912","6968","https://mnregaweb4.nic.in/nregaarch/View_NMMS_atten_date_dtl_rpt.aspx?page=&short_name=UP&state_name=UTTAR%20PRADESH&state_code=31&district_name=BASTI&district_code=3153&block_name=HARRAIYA&block_code=3153003&panchayat_name=AMARI&panchayat_code=3153003052&fin_year=2025-2026&source=&work_code=3153003052/RC/958486255823726912&msr_no=6968&AttendanceDate=21/03/2026&Digest=PiECau3l3w4+FoC1d9jZ+w",8
"BASTI","HARRAIYA","LAVDAHA","3153003060/LD/958486255824959021","6784","https://mnregaweb4.nic.in/nregaarch/View_NMMS_atten_date_dtl_rpt.aspx?page=&short_name=UP&state_name=UTTAR%20PRADESH&state_code=31&district_name=BASTI&district_code=3153&block_name=HARRAIYA&block_code=3153003&panchayat_name=LAVDAHA&panchayat_code=3153003060&fin_year=2025-2026&source=&work_code=3153003060/LD/958486255824959021&msr_no=6784&AttendanceDate=21/03/2026&Digest=PK688H+4wd7qKIoJCP/3pg",9
"BASTI","KUDARAHA","MUSARIHA","3153013041/RC/958486255823728282","7826","https://mnregaweb4.nic.in/nregaarch/View_NMMS_atten_date_dtl_rpt.aspx?page=&short_name=UP&state_name=UTTAR%20PRADESH&state_code=31&district_name=BASTI&district_code=3153&block_name=KUDARAHA&block_code=3153013&panchayat_name=MUSARIHA&panchayat_code=3153013041&fin_year=2025-2026&source=&work_code=3153013041/RC/958486255823728282&msr_no=7826&AttendanceDate=21/03/2026&Digest=68GG8plsNDsgEpeIxtxLRw",7
"BASTI","KUDARAHA","PASRA","3153013046/LD/958486255824682010","7716","https://mnregaweb4.nic.in/nregaarch/View_NMMS_atten_date_dtl_rpt.aspx?page=&short_name=UP&state_name=UTTAR%20PRADESH&state_code=31&district_name=BASTI&district_code=3153&block_name=KUDARAHA&block_code=3153013&panchayat_name=PASRA&panchayat_code=3153013046&fin_year=2025-2026&source=&work_code=3153013046/LD/958486255824682010&msr_no=7716&AttendanceDate=21/03/2026&Digest=hGxfi4w6gPe1vKrF9OfxEw",6
"BASTI","KUDARAHA","PASRA","3153013046/LD/958486255824692148","7663","https://mnregaweb4.nic.in/nregaarch/View_NMMS_atten_date_dtl_rpt.aspx?page=&short_name=UP&state_name=UTTAR%20PRADESH&state_code=31&district_name=BASTI&district_code=3153&block_name=KUDARAHA&block_code=3153013&panchayat_name=PASRA&panchayat_code=3153013046&fin_year=2025-2026&source=&work_code=3153013046/LD/958486255824692148&msr_no=7663&AttendanceDate=21/03/2026&Digest=x1aGCULwNiOOMmzYLIJ0bw",10
"BASTI","KUDARAHA","PASRA","3153013046/LD/958486255824692148","7666","https://mnregaweb4.nic.in/nregaarch/View_NMMS_atten_date_dtl_rpt.aspx?page=&short_name=UP&state_name=UTTAR%20PRADESH&state_code=31&district_name=BASTI&district_code=3153&block_name=KUDARAHA&block_code=3153013&panchayat_name=PASRA&panchayat_code=3153013046&fin_year=2025-2026&source=&work_code=3153013046/LD/958486255824692148&msr_no=7666&AttendanceDate=21/03/2026&Digest=TBIzvGpbPsOi1SeBRIyzhw",10
"BASTI","KUDARAHA","PASRA","3153013046/LD/958486255824692150","7721","https://mnregaweb4.nic.in/nregaarch/View_NMMS_atten_date_dtl_rpt.aspx?page=&short_name=UP&state_name=UTTAR%20PRADESH&state_code=31&district_name=BASTI&district_code=3153&block_name=KUDARAHA&block_code=3153013&panchayat_name=PASRA&panchayat_code=3153013046&fin_year=2025-2026&source=&work_code=3153013046/LD/958486255824692150&msr_no=7721&AttendanceDate=21/03/2026&Digest=0bijQI4flkQCuaX3Xpx0mA",1
"BASTI","KUDARAHA","GONAR","3153013049/DP/958486255824216040","7736","https://mnregaweb4.nic.in/nregaarch/View_NMMS_atten_date_dtl_rpt.aspx?page=&short_name=UP&state_name=UTTAR%20PRADESH&state_code=31&district_name=BASTI&district_code=3153&block_name=KUDARAHA&block_code=3153013&panchayat_name=GONAR&panchayat_code=3153013049&fin_year=2025-2026&source=&work_code=3153013049/DP/958486255824216040&msr_no=7736&AttendanceDate=21/03/2026&Digest=hE5uFSw1bjHMB7lBndoQaA",1
"BASTI","KUDARAHA","BAISIYA KALA","3153013050/LD/958486255824953603","7711","https://mnregaweb4.nic.in/nregaarch/View_NMMS_atten_date_dtl_rpt.aspx?page=&short_name=UP&state_name=UTTAR%20PRADESH&state_code=31&district_name=BASTI&district_code=3153&block_name=KUDARAHA&block_code=3153013&panchayat_name=BAISIYA%20KALA&panchayat_code=3153013050&fin_year=2025-2026&source=&work_code=3153013050/LD/958486255824953603&msr_no=7711&AttendanceDate=21/03/2026&Digest=VOHLQ4f324nK8+z91E+zGQ",10
"BASTI","KUDARAHA","BAISIYA KALA","3153013050/RC/958486255823747630","7864","https://mnregaweb4.nic.in/nregaarch/View_NMMS_atten_date_dtl_rpt.aspx?page=&short_name=UP&state_name=UTTAR%20PRADESH&state_code=31&district_name=BASTI&district_code=3153&block_name=KUDARAHA&block_code=3153013&panchayat_name=BAISIYA%20KALA&panchayat_code=3153013050&fin_year=2025-2026&source=&work_code=3153013050/RC/958486255823747630&msr_no=7864&AttendanceDate=21/03/2026&Digest=Z38xKD6txZYx/g7qTmBxMw",2
"BASTI","KUDARAHA","BAISIYA KALA","3153013050/RC/958486255823747634","7806","https://mnregaweb4.nic.in/nregaarch/View_NMMS_atten_date_dtl_rpt.aspx?page=&short_name=UP&state_name=UTTAR%20PRADESH&state_code=31&district_name=BASTI&district_code=3153&block_name=KUDARAHA&block_code=3153013&panchayat_name=BAISIYA%20KALA&panchayat_code=3153013050&fin_year=2025-2026&source=&work_code=3153013050/RC/958486255823747634&msr_no=7806&AttendanceDate=21/03/2026&Digest=h8W+nrHOG6c4eNsxK7YAjQ",6
"BASTI","KUDARAHA","BAISIYA KALA","3153013050/RC/958486255823747638","7997","https://mnregaweb4.nic.in/nregaarch/View_NMMS_atten_date_dtl_rpt.aspx?page=&short_name=UP&state_name=UTTAR%20PRADESH&state_code=31&district_name=BASTI&district_code=3153&block_name=KUDARAHA&block_code=3153013&panchayat_name=BAISIYA%20KALA&panchayat_code=3153013050&fin_year=2025-2026&source=&work_code=3153013050/RC/958486255823747638&msr_no=7997&AttendanceDate=21/03/2026&Digest=WiPoqdFv2SLxQvVyU29TMA",7
"BASTI","KUDARAHA","BAISIYA KALA","3153013050/RC/958486255823749599","8001","https://mnregaweb4.nic.in/nregaarch/View_NMMS_atten_date_dtl_rpt.aspx?page=&short_name=UP&state_name=UTTAR%20PRADESH&state_code=31&district_name=BASTI&district_code=3153&block_name=KUDARAHA&block_code=3153013&panchayat_name=BAISIYA%20KALA&panchayat_code=3153013050&fin_year=2025-2026&source=&work_code=3153013050/RC/958486255823749599&msr_no=8001&AttendanceDate=21/03/2026&Digest=aewAIka/DDl2m2DRXZTnFA",9
"BASTI","KUDARAHA","HATHIYAVKALA","3153013054/RC/958486255823672224","7766","https://mnregaweb4.nic.in/nregaarch/View_NMMS_atten_date_dtl_rpt.aspx?page=&short_name=UP&state_name=UTTAR%20PRADESH&state_code=31&district_name=BASTI&district_code=3153&block_name=KUDARAHA&block_code=3153013&panchayat_name=HATHIYAVKALA&panchayat_code=3153013054&fin_year=2025-2026&source=&work_code=3153013054/RC/958486255823672224&msr_no=7766&AttendanceDate=21/03/2026&Digest=M868ww6k4PjF1SSw+aYG5A",9
"BASTI","KUDARAHA","HATHIYAVKALA","3153013054/RC/958486255823672225","7529","https://mnregaweb4.nic.in/nregaarch/View_NMMS_atten_date_dtl_rpt.aspx?page=&short_name=UP&state_name=UTTAR%20PRADESH&state_code=31&district_name=BASTI&district_code=3153&block_name=KUDARAHA&block_code=3153013&panchayat_name=HATHIYAVKALA&panchayat_code=3153013054&fin_year=2025-2026&source=&work_code=3153013054/RC/958486255823672225&msr_no=7529&AttendanceDate=21/03/2026&Digest=JEVi4/E8xGg2MA/JMonoig",7
"BASTI","KUDARAHA","PAERMESHWARPUR","3153013056/AV/958486255824182484","8095","https://mnregaweb4.nic.in/nregaarch/View_NMMS_atten_date_dtl_rpt.aspx?page=&short_name=UP&state_name=UTTAR%20PRADESH&state_code=31&district_name=BASTI&district_code=3153&block_name=KUDARAHA&block_code=3153013&panchayat_name=PAERMESHWARPUR&panchayat_code=3153013056&fin_year=2025-2026&source=&work_code=3153013056/AV/958486255824182484&msr_no=8095&AttendanceDate=21/03/2026&Digest=fywwxRaiXckuUzSBR5WXVQ",10
"BASTI","KUDARAHA","PAERMESHWARPUR","3153013056/RC/958486255823748250","8100","https://mnregaweb4.nic.in/nregaarch/View_NMMS_atten_date_dtl_rpt.aspx?page=&short_name=UP&state_name=UTTAR%20PRADESH&state_code=31&district_name=BASTI&district_code=3153&block_name=KUDARAHA&block_code=3153013&panchayat_name=PAERMESHWARPUR&panchayat_code=3153013056&fin_year=2025-2026&source=&work_code=3153013056/RC/958486255823748250&msr_no=8100&AttendanceDate=21/03/2026&Digest=JQ8elcAuqjLqKa3mDoDIcw",5
"BASTI","KUDARAHA","MANJHARIYA","3153013057/LD/958486255824945664","7653","https://mnregaweb4.nic.in/nregaarch/View_NMMS_atten_date_dtl_rpt.aspx?page=&short_name=UP&state_name=UTTAR%20PRADESH&state_code=31&district_name=BASTI&district_code=3153&block_name=KUDARAHA&block_code=3153013&panchayat_name=MANJHARIYA&panchayat_code=3153013057&fin_year=2025-2026&source=&work_code=3153013057/LD/958486255824945664&msr_no=7653&AttendanceDate=21/03/2026&Digest=E8UBrjrclSyYdDi8+BT0jw",1
"BASTI","KUDARAHA","MANJHARIYA","3153013057/RC/958486255823656431","7550","https://mnregaweb4.nic.in/nregaarch/View_NMMS_atten_date_dtl_rpt.aspx?page=&short_name=UP&state_name=UTTAR%20PRADESH&state_code=31&district_name=BASTI&district_code=3153&block_name=KUDARAHA&block_code=3153013&panchayat_name=MANJHARIYA&panchayat_code=3153013057&fin_year=2025-2026&source=&work_code=3153013057/RC/958486255823656431&msr_no=7550&AttendanceDate=21/03/2026&Digest=IwPMRZ7lc8i3k5ep6z0jng",6
"BASTI","KUDARAHA","TENUA","3153013064/LD/958486255825009974","7568","https://mnregaweb4.nic.in/nregaarch/View_NMMS_atten_date_dtl_rpt.aspx?page=&short_name=UP&state_name=UTTAR%20PRADESH&state_code=31&district_name=BASTI&district_code=3153&block_name=KUDARAHA&block_code=3153013&panchayat_name=TENUA&panchayat_code=3153013064&fin_year=2025-2026&source=&work_code=3153013064/LD/958486255825009974&msr_no=7568&AttendanceDate=21/03/2026&Digest=6IaUFEOVdY/QG0Je0G1HzQ",10
"BASTI","KUDARAHA","TENUA","3153013064/LD/958486255825009974","7571","https://mnregaweb4.nic.in/nregaarch/View_NMMS_atten_date_dtl_rpt.aspx?page=&short_name=UP&state_name=UTTAR%20PRADESH&state_code=31&district_name=BASTI&district_code=3153&block_name=KUDARAHA&block_code=3153013&panchayat_name=TENUA&panchayat_code=3153013064&fin_year=2025-2026&source=&work_code=3153013064/LD/958486255825009974&msr_no=7571&AttendanceDate=21/03/2026&Digest=dwbCZ+R2iYZWJuXGAo+0MA",10
"BASTI","KUDARAHA","TENUA","3153013064/RC/958486255823577848","7503","https://mnregaweb4.nic.in/nregaarch/View_NMMS_atten_date_dtl_rpt.aspx?page=&short_name=UP&state_name=UTTAR%20PRADESH&state_code=31&district_name=BASTI&district_code=3153&block_name=KUDARAHA&block_code=3153013&panchayat_name=TENUA&panchayat_code=3153013064&fin_year=2025-2026&source=&work_code=3153013064/RC/958486255823577848&msr_no=7503&AttendanceDate=21/03/2026&Digest=qkNoyRxOMAieMSJgkHqLMQ",10
"BASTI","KUDARAHA","BAIRARA MUSTAHKAM","3153013065/RC/958486255823742474","7520","https://mnregaweb4.nic.in/nregaarch/View_NMMS_atten_date_dtl_rpt.aspx?page=&short_name=UP&state_name=UTTAR%20PRADESH&state_code=31&district_name=BASTI&district_code=3153&block_name=KUDARAHA&block_code=3153013&panchayat_name=BAIRARA%20MUSTAHKAM&panchayat_code=3153013065&fin_year=2025-2026&source=&work_code=3153013065/RC/958486255823742474&msr_no=7520&AttendanceDate=21/03/2026&Digest=g8JcwXbbmnW6dhcQuIXeUg",3
"BASTI","KUDARAHA","SISAI PANDIT","3153013068/IC/958486255823738393","7630","https://mnregaweb4.nic.in/nregaarch/View_NMMS_atten_date_dtl_rpt.aspx?page=&short_name=UP&state_name=UTTAR%20PRADESH&state_code=31&district_name=BASTI&district_code=3153&block_name=KUDARAHA&block_code=3153013&panchayat_name=SISAI%20PANDIT&panchayat_code=3153013068&fin_year=2025-2026&source=&work_code=3153013068/IC/958486255823738393&msr_no=7630&AttendanceDate=21/03/2026&Digest=IdTeXvL8GHdqAc0Jid3ZeA",8
"BASTI","KUDARAHA","PIPARPATI EHATMALI","3153013071/RC/958486255823700979","7933","https://mnregaweb4.nic.in/nregaarch/View_NMMS_atten_date_dtl_rpt.aspx?page=&short_name=UP&state_name=UTTAR%20PRADESH&state_code=31&district_name=BASTI&district_code=3153&block_name=KUDARAHA&block_code=3153013&panchayat_name=PIPARPATI%20EHATMALI&panchayat_code=3153013071&fin_year=2025-2026&source=&work_code=3153013071/RC/958486255823700979&msr_no=7933&AttendanceDate=21/03/2026&Digest=AuqqCH9iotWl49j2+OEPAQ",10
"BASTI","KUDARAHA","PIPARPATI EHATMALI","3153013071/RC/958486255823700979","8014","https://mnregaweb4.nic.in/nregaarch/View_NMMS_atten_date_dtl_rpt.aspx?page=&short_name=UP&state_name=UTTAR%20PRADESH&state_code=31&district_name=BASTI&district_code=3153&block_name=KUDARAHA&block_code=3153013&panchayat_name=PIPARPATI%20EHATMALI&panchayat_code=3153013071&fin_year=2025-2026&source=&work_code=3153013071/RC/958486255823700979&msr_no=8014&AttendanceDate=21/03/2026&Digest=EEnwB/plWL56XXsDitSYzQ",10
"BASTI","KUDARAHA","PIPARPATI EHATMALI","3153013071/RC/958486255823700979","8017","https://mnregaweb4.nic.in/nregaarch/View_NMMS_atten_date_dtl_rpt.aspx?page=&short_name=UP&state_name=UTTAR%20PRADESH&state_code=31&district_name=BASTI&district_code=3153&block_name=KUDARAHA&block_code=3153013&panchayat_name=PIPARPATI%20EHATMALI&panchayat_code=3153013071&fin_year=2025-2026&source=&work_code=3153013071/RC/958486255823700979&msr_no=8017&AttendanceDate=21/03/2026&Digest=2ZSv8nOwQP6gM2fJ0VMNuQ",6
"BASTI","KUDARAHA","PIPARPATI EHATMALI","3153013071/RC/958486255823746235","8024","https://mnregaweb4.nic.in/nregaarch/View_NMMS_atten_date_dtl_rpt.aspx?page=&short_name=UP&state_name=UTTAR%20PRADESH&state_code=31&district_name=BASTI&district_code=3153&block_name=KUDARAHA&block_code=3153013&panchayat_name=PIPARPATI%20EHATMALI&panchayat_code=3153013071&fin_year=2025-2026&source=&work_code=3153013071/RC/958486255823746235&msr_no=8024&AttendanceDate=21/03/2026&Digest=+gID2twuQ0kNojoF6kijNQ",10
"BASTI","KUDARAHA","VISHENPUR","3153013073/LD/958486255824854652","7909","https://mnregaweb4.nic.in/nregaarch/View_NMMS_atten_date_dtl_rpt.aspx?page=&short_name=UP&state_name=UTTAR%20PRADESH&state_code=31&district_name=BASTI&district_code=3153&block_name=KUDARAHA&block_code=3153013&panchayat_name=VISHENPUR&panchayat_code=3153013073&fin_year=2025-2026&source=&work_code=3153013073/LD/958486255824854652&msr_no=7909&AttendanceDate=21/03/2026&Digest=AVMJhXIjn2HFHxI2mSRyhg",6
"BASTI","KUDARAHA","RAINIYA","3153013076/RC/958486255823733771","7770","https://mnregaweb4.nic.in/nregaarch/View_NMMS_atten_date_dtl_rpt.aspx?page=&short_name=UP&state_name=UTTAR%20PRADESH&state_code=31&district_name=BASTI&district_code=3153&block_name=KUDARAHA&block_code=3153013&panchayat_name=RAINIYA&panchayat_code=3153013076&fin_year=2025-2026&source=&work_code=3153013076/RC/958486255823733771&msr_no=7770&AttendanceDate=21/03/2026&Digest=yMewj0RCM8KLuf1P8z1wuw",4
"BASTI","KUDARAHA","DAIJI","3153013078/LD/958486255824702897","8053","https://mnregaweb4.nic.in/nregaarch/View_NMMS_atten_date_dtl_rpt.aspx?page=&short_name=UP&state_name=UTTAR%20PRADESH&state_code=31&district_name=BASTI&district_code=3153&block_name=KUDARAHA&block_code=3153013&panchayat_name=DAIJI&panchayat_code=3153013078&fin_year=2025-2026&source=&work_code=3153013078/LD/958486255824702897&msr_no=8053&AttendanceDate=21/03/2026&Digest=i2jQHtcB3q3Wt0dz0MEk/g",7
"BASTI","KUDARAHA","DAIJI","3153013078/RC/958486255823742477","7785","https://mnregaweb4.nic.in/nregaarch/View_NMMS_atten_date_dtl_rpt.aspx?page=&short_name=UP&state_name=UTTAR%20PRADESH&state_code=31&district_name=BASTI&district_code=3153&block_name=KUDARAHA&block_code=3153013&panchayat_name=DAIJI&panchayat_code=3153013078&fin_year=2025-2026&source=&work_code=3153013078/RC/958486255823742477&msr_no=7785&AttendanceDate=21/03/2026&Digest=zLU07ZANdqLf07rwq/CEaw",8
"BASTI","KUDARAHA","DAIJI","3153013078/RC/958486255823750138","7781","https://mnregaweb4.nic.in/nregaarch/View_NMMS_atten_date_dtl_rpt.aspx?page=&short_name=UP&state_name=UTTAR%20PRADESH&state_code=31&district_name=BASTI&district_code=3153&block_name=KUDARAHA&block_code=3153013&panchayat_name=DAIJI&panchayat_code=3153013078&fin_year=2025-2026&source=&work_code=3153013078/RC/958486255823750138&msr_no=7781&AttendanceDate=21/03/2026&Digest=kjagivO55NQ24Wgk7qvorg",10
"BASTI","PARAS RAMPUR","KARANPUR","3153001008/WC/958486255824164398","9235","https://mnregaweb4.nic.in/nregaarch/View_NMMS_atten_date_dtl_rpt.aspx?page=&short_name=UP&state_name=UTTAR%20PRADESH&state_code=31&district_name=BASTI&district_code=3153&block_name=PARAS%20RAMPUR&block_code=3153001&panchayat_name=KARANPUR&panchayat_code=3153001008&fin_year=2025-2026&source=&work_code=3153001008/WC/958486255824164398&msr_no=9235&AttendanceDate=21/03/2026&Digest=1bsDdp7vNBwGsO6tv2MZ4Q",10
"BASTI","PARAS RAMPUR","BHAISAHAWA","3153001011/RC/958486255823728162","9379","https://mnregaweb4.nic.in/nregaarch/View_NMMS_atten_date_dtl_rpt.aspx?page=&short_name=UP&state_name=UTTAR%20PRADESH&state_code=31&district_name=BASTI&district_code=3153&block_name=PARAS%20RAMPUR&block_code=3153001&panchayat_name=BHAISAHAWA&panchayat_code=3153001011&fin_year=2025-2026&source=&work_code=3153001011/RC/958486255823728162&msr_no=9379&AttendanceDate=21/03/2026&Digest=GYVtBsYE29DxFKmcKL0GkQ",4
"BASTI","PARAS RAMPUR","BICHHIYA MISHRA","3153001013/RC/958486255823747237","9555","https://mnregaweb4.nic.in/nregaarch/View_NMMS_atten_date_dtl_rpt.aspx?page=&short_name=UP&state_name=UTTAR%20PRADESH&state_code=31&district_name=BASTI&district_code=3153&block_name=PARAS%20RAMPUR&block_code=3153001&panchayat_name=BICHHIYA%20MISHRA&panchayat_code=3153001013&fin_year=2025-2026&source=&work_code=3153001013/RC/958486255823747237&msr_no=9555&AttendanceDate=21/03/2026&Digest=+MGvdtPm0KkwVS0ZZQLuBg",2
"BASTI","PARAS RAMPUR","DHURDA JANGAL","3153001021/RC/958486255823641105","9305","https://mnregaweb4.nic.in/nregaarch/View_NMMS_atten_date_dtl_rpt.aspx?page=&short_name=UP&state_name=UTTAR%20PRADESH&state_code=31&district_name=BASTI&district_code=3153&block_name=PARAS%20RAMPUR&block_code=3153001&panchayat_name=DHURDA%20JANGAL&panchayat_code=3153001021&fin_year=2025-2026&source=&work_code=3153001021/RC/958486255823641105&msr_no=9305&AttendanceDate=21/03/2026&Digest=W6qeMEbY1TmpEgPQ6g+YHg",5
"BASTI","PARAS RAMPUR","DHURDA JANGAL","3153001021/RC/958486255823727458","9303","https://mnregaweb4.nic.in/nregaarch/View_NMMS_atten_date_dtl_rpt.aspx?page=&short_name=UP&state_name=UTTAR%20PRADESH&state_code=31&district_name=BASTI&district_code=3153&block_name=PARAS%20RAMPUR&block_code=3153001&panchayat_name=DHURDA%20JANGAL&panchayat_code=3153001021&fin_year=2025-2026&source=&work_code=3153001021/RC/958486255823727458&msr_no=9303&AttendanceDate=21/03/2026&Digest=2c2VoqnWX7hLvef7pjE/xA",8
"BASTI","PARAS RAMPUR","DHURDA JANGAL","3153001021/WC/958486255824219248","9352","https://mnregaweb4.nic.in/nregaarch/View_NMMS_atten_date_dtl_rpt.aspx?page=&short_name=UP&state_name=UTTAR%20PRADESH&state_code=31&district_name=BASTI&district_code=3153&block_name=PARAS%20RAMPUR&block_code=3153001&panchayat_name=DHURDA%20JANGAL&panchayat_code=3153001021&fin_year=2025-2026&source=&work_code=3153001021/WC/958486255824219248&msr_no=9352&AttendanceDate=21/03/2026&Digest=KnxLUvk+OBIkmNxWNYBN5Q",8
"BASTI","PARAS RAMPUR","ETAWA","3153001025/RC/958486255823743763","9649","https://mnregaweb4.nic.in/nregaarch/View_NMMS_atten_date_dtl_rpt.aspx?page=&short_name=UP&state_name=UTTAR%20PRADESH&state_code=31&district_name=BASTI&district_code=3153&block_name=PARAS%20RAMPUR&block_code=3153001&panchayat_name=ETAWA&panchayat_code=3153001025&fin_year=2025-2026&source=&work_code=3153001025/RC/958486255823743763&msr_no=9649&AttendanceDate=21/03/2026&Digest=OPRbux+BB10EnifsybJpMw",7
"BASTI","PARAS RAMPUR","GAURA PANDAY","3153001027/WC/958486255824209503","9403","https://mnregaweb4.nic.in/nregaarch/View_NMMS_atten_date_dtl_rpt.aspx?page=&short_name=UP&state_name=UTTAR%20PRADESH&state_code=31&district_name=BASTI&district_code=3153&block_name=PARAS%20RAMPUR&block_code=3153001&panchayat_name=GAURA%20PANDAY&panchayat_code=3153001027&fin_year=2025-2026&source=&work_code=3153001027/WC/958486255824209503&msr_no=9403&AttendanceDate=21/03/2026&Digest=7J2BKli8qBm++YSYL7DLgw",3
"BASTI","PARAS RAMPUR","KARIGHNA","3153001038/LD/958486255824982417","9199","https://mnregaweb4.nic.in/nregaarch/View_NMMS_atten_date_dtl_rpt.aspx?page=&short_name=UP&state_name=UTTAR%20PRADESH&state_code=31&district_name=BASTI&district_code=3153&block_name=PARAS%20RAMPUR&block_code=3153001&panchayat_name=KARIGHNA&panchayat_code=3153001038&fin_year=2025-2026&source=&work_code=3153001038/LD/958486255824982417&msr_no=9199&AttendanceDate=21/03/2026&Digest=txFN5tOXbIZpkSGTcsyY1Q",7
"BASTI","KUDARAHA","PASRA","3153013046/LD/958486255824692144","7671","https://mnregaweb4.nic.in/nregaarch/View_NMMS_atten_date_dtl_rpt.aspx?page=&short_name=UP&state_name=UTTAR%20PRADESH&state_code=31&district_name=BASTI&district_code=3153&block_name=KUDARAHA&block_code=3153013&panchayat_name=PASRA&panchayat_code=3153013046&fin_year=2025-2026&source=&work_code=3153013046/LD/958486255824692144&msr_no=7671&AttendanceDate=21/03/2026&Digest=rvOt/MR3ty3dsvc8vntkeg",8
"BASTI","KUDARAHA","PASRA","3153013046/RC/958486255823746514","7557","https://mnregaweb4.nic.in/nregaarch/View_NMMS_atten_date_dtl_rpt.aspx?page=&short_name=UP&state_name=UTTAR%20PRADESH&state_code=31&district_name=BASTI&district_code=3153&block_name=KUDARAHA&block_code=3153013&panchayat_name=PASRA&panchayat_code=3153013046&fin_year=2025-2026&source=&work_code=3153013046/RC/958486255823746514&msr_no=7557&AttendanceDate=21/03/2026&Digest=DySTuioDcV3Fw62WFJE4cw",10
"BASTI","KUDARAHA","BAISIYA KALA","3153013050/RC/958486255823747636","7865","https://mnregaweb4.nic.in/nregaarch/View_NMMS_atten_date_dtl_rpt.aspx?page=&short_name=UP&state_name=UTTAR%20PRADESH&state_code=31&district_name=BASTI&district_code=3153&block_name=KUDARAHA&block_code=3153013&panchayat_name=BAISIYA%20KALA&panchayat_code=3153013050&fin_year=2025-2026&source=&work_code=3153013050/RC/958486255823747636&msr_no=7865&AttendanceDate=21/03/2026&Digest=nTszbseDGyLUzoABPKjS7A",10
"BASTI","KUDARAHA","MANJHARIYA","3153013057/LD/958486255824935540","7746","https://mnregaweb4.nic.in/nregaarch/View_NMMS_atten_date_dtl_rpt.aspx?page=&short_name=UP&state_name=UTTAR%20PRADESH&state_code=31&district_name=BASTI&district_code=3153&block_name=KUDARAHA&block_code=3153013&panchayat_name=MANJHARIYA&panchayat_code=3153013057&fin_year=2025-2026&source=&work_code=3153013057/LD/958486255824935540&msr_no=7746&AttendanceDate=21/03/2026&Digest=8qQTAeeAyI+pVJ6mY21ABA",10
"BASTI","KUDARAHA","MANJHARIYA","3153013057/LD/958486255824935540","7749","https://mnregaweb4.nic.in/nregaarch/View_NMMS_atten_date_dtl_rpt.aspx?page=&short_name=UP&state_name=UTTAR%20PRADESH&state_code=31&district_name=BASTI&district_code=3153&block_name=KUDARAHA&block_code=3153013&panchayat_name=MANJHARIYA&panchayat_code=3153013057&fin_year=2025-2026&source=&work_code=3153013057/LD/958486255824935540&msr_no=7749&AttendanceDate=21/03/2026&Digest=aryoq02YB+bVaR92i798CA",10
"BASTI","KUDARAHA","BAANPUR","3153013059/RC/958486255823694008","7707","https://mnregaweb4.nic.in/nregaarch/View_NMMS_atten_date_dtl_rpt.aspx?page=&short_name=UP&state_name=UTTAR%20PRADESH&state_code=31&district_name=BASTI&district_code=3153&block_name=KUDARAHA&block_code=3153013&panchayat_name=BAANPUR&panchayat_code=3153013059&fin_year=2025-2026&source=&work_code=3153013059/RC/958486255823694008&msr_no=7707&AttendanceDate=21/03/2026&Digest=SRhUF0yJDmmYEAHZTfF5EQ",5
"BASTI","KUDARAHA","BAANPUR","3153013059/RC/958486255823694017","7701","https://mnregaweb4.nic.in/nregaarch/View_NMMS_atten_date_dtl_rpt.aspx?page=&short_name=UP&state_name=UTTAR%20PRADESH&state_code=31&district_name=BASTI&district_code=3153&block_name=KUDARAHA&block_code=3153013&panchayat_name=BAANPUR&panchayat_code=3153013059&fin_year=2025-2026&source=&work_code=3153013059/RC/958486255823694017&msr_no=7701&AttendanceDate=21/03/2026&Digest=1ZHM/NHD+K8gKz13grTGGA",10
"BASTI","KUDARAHA","TENUA","3153013064/LD/958486255825009970","7573","https://mnregaweb4.nic.in/nregaarch/View_NMMS_atten_date_dtl_rpt.aspx?page=&short_name=UP&state_name=UTTAR%20PRADESH&state_code=31&district_name=BASTI&district_code=3153&block_name=KUDARAHA&block_code=3153013&panchayat_name=TENUA&panchayat_code=3153013064&fin_year=2025-2026&source=&work_code=3153013064/LD/958486255825009970&msr_no=7573&AttendanceDate=21/03/2026&Digest=e75KSyxdiH6AofbZZVwryQ",10
"BASTI","KUDARAHA","TENUA","3153013064/LD/958486255825009970","7576","https://mnregaweb4.nic.in/nregaarch/View_NMMS_atten_date_dtl_rpt.aspx?page=&short_name=UP&state_name=UTTAR%20PRADESH&state_code=31&district_name=BASTI&district_code=3153&block_name=KUDARAHA&block_code=3153013&panchayat_name=TENUA&panchayat_code=3153013064&fin_year=2025-2026&source=&work_code=3153013064/LD/958486255825009970&msr_no=7576&AttendanceDate=21/03/2026&Digest=J9UDfvXMGifNpQuGoZHWYg",7
"BASTI","KUDARAHA","TENUA","3153013064/LD/958486255825009975","7564","https://mnregaweb4.nic.in/nregaarch/View_NMMS_atten_date_dtl_rpt.aspx?page=&short_name=UP&state_name=UTTAR%20PRADESH&state_code=31&district_name=BASTI&district_code=3153&block_name=KUDARAHA&block_code=3153013&panchayat_name=TENUA&panchayat_code=3153013064&fin_year=2025-2026&source=&work_code=3153013064/LD/958486255825009975&msr_no=7564&AttendanceDate=21/03/2026&Digest=VI3XYg5VHUEXLgr+fs061w",10
"BASTI","KUDARAHA","TENUA","3153013064/RC/958486255823716173","8047","https://mnregaweb4.nic.in/nregaarch/View_NMMS_atten_date_dtl_rpt.aspx?page=&short_name=UP&state_name=UTTAR%20PRADESH&state_code=31&district_name=BASTI&district_code=3153&block_name=KUDARAHA&block_code=3153013&panchayat_name=TENUA&panchayat_code=3153013064&fin_year=2025-2026&source=&work_code=3153013064/RC/958486255823716173&msr_no=8047&AttendanceDate=21/03/2026&Digest=dNqMf4uL2QtFgX5bWGaaiw",3
"BASTI","KUDARAHA","BAIRARA MUSTAHKAM","3153013065/RC/958486255823740362","7948","https://mnregaweb4.nic.in/nregaarch/View_NMMS_atten_date_dtl_rpt.aspx?page=&short_name=UP&state_name=UTTAR%20PRADESH&state_code=31&district_name=BASTI&district_code=3153&block_name=KUDARAHA&block_code=3153013&panchayat_name=BAIRARA%20MUSTAHKAM&panchayat_code=3153013065&fin_year=2025-2026&source=&work_code=3153013065/RC/958486255823740362&msr_no=7948&AttendanceDate=21/03/2026&Digest=0vfxM387MYFe8pvDo608TA",10
"BASTI","KUDARAHA","BAIRARA MUSTAHKAM","3153013065/RC/958486255823740362","7951","https://mnregaweb4.nic.in/nregaarch/View_NMMS_atten_date_dtl_rpt.aspx?page=&short_name=UP&state_name=UTTAR%20PRADESH&state_code=31&district_name=BASTI&district_code=3153&block_name=KUDARAHA&block_code=3153013&panchayat_name=BAIRARA%20MUSTAHKAM&panchayat_code=3153013065&fin_year=2025-2026&source=&work_code=3153013065/RC/958486255823740362&msr_no=7951&AttendanceDate=21/03/2026&Digest=Ml4u6rSWq1IicjA4lnxYdg",9
"BASTI","KUDARAHA","BAIRARA MUSTAHKAM","3153013065/RC/958486255823747327","7476","https://mnregaweb4.nic.in/nregaarch/View_NMMS_atten_date_dtl_rpt.aspx?page=&short_name=UP&state_name=UTTAR%20PRADESH&state_code=31&district_name=BASTI&district_code=3153&block_name=KUDARAHA&block_code=3153013&panchayat_name=BAIRARA%20MUSTAHKAM&panchayat_code=3153013065&fin_year=2025-2026&source=&work_code=3153013065/RC/958486255823747327&msr_no=7476&AttendanceDate=21/03/2026&Digest=DF6uazRssEd58ILJDzTzTw",1
"BASTI","KUDARAHA","HARKHAILIYA URF MATIYARIA","3153013074/RC/YD/958486255823746860","7876","https://mnregaweb4.nic.in/nregaarch/View_NMMS_atten_date_dtl_rpt.aspx?page=&short_name=UP&state_name=UTTAR%20PRADESH&state_code=31&district_name=BASTI&district_code=3153&block_name=KUDARAHA&block_code=3153013&panchayat_name=HARKHAILIYA%20URF%20MATIYARIA&panchayat_code=3153013074&fin_year=2025-2026&source=&work_code=3153013074/RC/YD/958486255823746860&msr_no=7876&AttendanceDate=21/03/2026&Digest=wdByJ18RJ/vU7oQkmuNJLQ",10
"BASTI","KUDARAHA","HARKHAILIYA URF MATIYARIA","3153013074/RC/YD/958486255823746860","7879","https://mnregaweb4.nic.in/nregaarch/View_NMMS_atten_date_dtl_rpt.aspx?page=&short_name=UP&state_name=UTTAR%20PRADESH&state_code=31&district_name=BASTI&district_code=3153&block_name=KUDARAHA&block_code=3153013&panchayat_name=HARKHAILIYA%20URF%20MATIYARIA&panchayat_code=3153013074&fin_year=2025-2026&source=&work_code=3153013074/RC/YD/958486255823746860&msr_no=7879&AttendanceDate=21/03/2026&Digest=JfP2u6Z2L48q7xd9hKkNhQ",10
"BASTI","KUDARAHA","HARKHAILIYA URF MATIYARIA","3153013074/RC/YD/958486255823751079","8070","https://mnregaweb4.nic.in/nregaarch/View_NMMS_atten_date_dtl_rpt.aspx?page=&short_name=UP&state_name=UTTAR%20PRADESH&state_code=31&district_name=BASTI&district_code=3153&block_name=KUDARAHA&block_code=3153013&panchayat_name=HARKHAILIYA%20URF%20MATIYARIA&panchayat_code=3153013074&fin_year=2025-2026&source=&work_code=3153013074/RC/YD/958486255823751079&msr_no=8070&AttendanceDate=21/03/2026&Digest=1xzoGshWjG2IVwLPkaMCLw",10
"BASTI","KUDARAHA","DAIJI","3153013078/RC/958486255823747071","7787","https://mnregaweb4.nic.in/nregaarch/View_NMMS_atten_date_dtl_rpt.aspx?page=&short_name=UP&state_name=UTTAR%20PRADESH&state_code=31&district_name=BASTI&district_code=3153&block_name=KUDARAHA&block_code=3153013&panchayat_name=DAIJI&panchayat_code=3153013078&fin_year=2025-2026&source=&work_code=3153013078/RC/958486255823747071&msr_no=7787&AttendanceDate=21/03/2026&Digest=ek0ee4exCa5HfVJtOuPObg",10
"BASTI","PARAS RAMPUR","AMAULI","3153001003/AV/958486255824175829","9239","https://mnregaweb4.nic.in/nregaarch/View_NMMS_atten_date_dtl_rpt.aspx?page=&short_name=UP&state_name=UTTAR%20PRADESH&state_code=31&district_name=BASTI&district_code=3153&block_name=PARAS%20RAMPUR&block_code=3153001&panchayat_name=AMAULI&panchayat_code=3153001003&fin_year=2025-2026&source=&work_code=3153001003/AV/958486255824175829&msr_no=9239&AttendanceDate=21/03/2026&Digest=+cZ678OrMCinM/dfXDkoww",10
"BASTI","PARAS RAMPUR","AMAULI","3153001003/RC/958486255823681344","9246","https://mnregaweb4.nic.in/nregaarch/View_NMMS_atten_date_dtl_rpt.aspx?page=&short_name=UP&state_name=UTTAR%20PRADESH&state_code=31&district_name=BASTI&district_code=3153&block_name=PARAS%20RAMPUR&block_code=3153001&panchayat_name=AMAULI&panchayat_code=3153001003&fin_year=2025-2026&source=&work_code=3153001003/RC/958486255823681344&msr_no=9246&AttendanceDate=21/03/2026&Digest=1qcQfOFBN/AkDruxw8f4HQ",10
"BASTI","PARAS RAMPUR","AMAULI","3153001003/RC/958486255823681357","9247","https://mnregaweb4.nic.in/nregaarch/View_NMMS_atten_date_dtl_rpt.aspx?page=&short_name=UP&state_name=UTTAR%20PRADESH&state_code=31&district_name=BASTI&district_code=3153&block_name=PARAS%20RAMPUR&block_code=3153001&panchayat_name=AMAULI&panchayat_code=3153001003&fin_year=2025-2026&source=&work_code=3153001003/RC/958486255823681357&msr_no=9247&AttendanceDate=21/03/2026&Digest=EZ7Abf/PJAI16crL0Y6KWA",3
"BASTI","PARAS RAMPUR","BICHHIYA MISHRA","3153001013/RC/958486255823737450","9361","https://mnregaweb4.nic.in/nregaarch/View_NMMS_atten_date_dtl_rpt.aspx?page=&short_name=UP&state_name=UTTAR%20PRADESH&state_code=31&district_name=BASTI&district_code=3153&block_name=PARAS%20RAMPUR&block_code=3153001&panchayat_name=BICHHIYA%20MISHRA&panchayat_code=3153001013&fin_year=2025-2026&source=&work_code=3153001013/RC/958486255823737450&msr_no=9361&AttendanceDate=21/03/2026&Digest=WdWv2+iOjFCLtQIwLqAF9w",6
"BASTI","PARAS RAMPUR","BICHNAIYA PANDEY","3153001014/RC/958486255823646065","9507","https://mnregaweb4.nic.in/nregaarch/View_NMMS_atten_date_dtl_rpt.aspx?page=&short_name=UP&state_name=UTTAR%20PRADESH&state_code=31&district_name=BASTI&district_code=3153&block_name=PARAS%20RAMPUR&block_code=3153001&panchayat_name=BICHNAIYA%20PANDEY&panchayat_code=3153001014&fin_year=2025-2026&source=&work_code=3153001014/RC/958486255823646065&msr_no=9507&AttendanceDate=21/03/2026&Digest=IgpIwYCFShK9vlkvb5Zl5g",4
"BASTI","PARAS RAMPUR","CHAORI","3153001015/LD/958486255825005262","9375","https://mnregaweb4.nic.in/nregaarch/View_NMMS_atten_date_dtl_rpt.aspx?page=&short_name=UP&state_name=UTTAR%20PRADESH&state_code=31&district_name=BASTI&district_code=3153&block_name=PARAS%20RAMPUR&block_code=3153001&panchayat_name=CHAORI&panchayat_code=3153001015&fin_year=2025-2026&source=&work_code=3153001015/LD/958486255825005262&msr_no=9375&AttendanceDate=21/03/2026&Digest=iCdnoBpH2RpEpzoxhCs3Rg",7
"BASTI","PARAS RAMPUR","KADSARA","3153001037/RC/958486255823696825","9279","https://mnregaweb4.nic.in/nregaarch/View_NMMS_atten_date_dtl_rpt.aspx?page=&short_name=UP&state_name=UTTAR%20PRADESH&state_code=31&district_name=BASTI&district_code=3153&block_name=PARAS%20RAMPUR&block_code=3153001&panchayat_name=KADSARA&panchayat_code=3153001037&fin_year=2025-2026&source=&work_code=3153001037/RC/958486255823696825&msr_no=9279&AttendanceDate=21/03/2026&Digest=5clTfvEoKOBoG49Z9vAvmg",1
"BASTI","PARAS RAMPUR","KARMEE PATTI","3153001039/RC/958486255823746260","9627","https://mnregaweb4.nic.in/nregaarch/View_NMMS_atten_date_dtl_rpt.aspx?page=&short_name=UP&state_name=UTTAR%20PRADESH&state_code=31&district_name=BASTI&district_code=3153&block_name=PARAS%20RAMPUR&block_code=3153001&panchayat_name=KARMEE%20PATTI&panchayat_code=3153001039&fin_year=2025-2026&source=&work_code=3153001039/RC/958486255823746260&msr_no=9627&AttendanceDate=21/03/2026&Digest=FNHzGSotpWl8/D11VnNU0A",2
"BASTI","PARAS RAMPUR","KISHUNPUR","3153001043/RC/958486255823728851","9561","https://mnregaweb4.nic.in/nregaarch/View_NMMS_atten_date_dtl_rpt.aspx?page=&short_name=UP&state_name=UTTAR%20PRADESH&state_code=31&district_name=BASTI&district_code=3153&block_name=PARAS%20RAMPUR&block_code=3153001&panchayat_name=KISHUNPUR&panchayat_code=3153001043&fin_year=2025-2026&source=&work_code=3153001043/RC/958486255823728851&msr_no=9561&AttendanceDate=21/03/2026&Digest=ZsG9Oa4W/PdMSz1LgtwJ5g",8
"BASTI","PARAS RAMPUR","KISHUNPUR","3153001043/RC/958486255823728851","9564","https://mnregaweb4.nic.in/nregaarch/View_NMMS_atten_date_dtl_rpt.aspx?page=&short_name=UP&state_name=UTTAR%20PRADESH&state_code=31&district_name=BASTI&district_code=3153&block_name=PARAS%20RAMPUR&block_code=3153001&panchayat_name=KISHUNPUR&panchayat_code=3153001043&fin_year=2025-2026&source=&work_code=3153001043/RC/958486255823728851&msr_no=9564&AttendanceDate=21/03/2026&Digest=J3hG6ZaEQJoCAFpabMZGJw",6
"BASTI","PARAS RAMPUR","MAJGAUWNA MAFI","3153001050/WC/958486255824250036","9191","https://mnregaweb4.nic.in/nregaarch/View_NMMS_atten_date_dtl_rpt.aspx?page=&short_name=UP&state_name=UTTAR%20PRADESH&state_code=31&district_name=BASTI&district_code=3153&block_name=PARAS%20RAMPUR&block_code=3153001&panchayat_name=MAJGAUWNA%20%20MAFI&panchayat_code=3153001050&fin_year=2025-2026&source=&work_code=3153001050/WC/958486255824250036&msr_no=9191&AttendanceDate=21/03/2026&Digest=m403X5/mBZH1FjFE40VwMA",7
"BASTI","PARAS RAMPUR","NAGPUR (KUVAR)","3153001054/LD/958486255824934307","9552","https://mnregaweb4.nic.in/nregaarch/View_NMMS_atten_date_dtl_rpt.aspx?page=&short_name=UP&state_name=UTTAR%20PRADESH&state_code=31&district_name=BASTI&district_code=3153&block_name=PARAS%20RAMPUR&block_code=3153001&panchayat_name=NAGPUR%20(KUVAR)&panchayat_code=3153001054&fin_year=2025-2026&source=&work_code=3153001054/LD/958486255824934307&msr_no=9552&AttendanceDate=21/03/2026&Digest=D33zCiVZiY/681O/2F3XoA",10
"BASTI","PARAS RAMPUR","NANADNAGAR","3153001056/LD/958486255824933008","9277","https://mnregaweb4.nic.in/nregaarch/View_NMMS_atten_date_dtl_rpt.aspx?page=&short_name=UP&state_name=UTTAR%20PRADESH&state_code=31&district_name=BASTI&district_code=3153&block_name=PARAS%20RAMPUR&block_code=3153001&panchayat_name=NANADNAGAR&panchayat_code=3153001056&fin_year=2025-2026&source=&work_code=3153001056/LD/958486255824933008&msr_no=9277&AttendanceDate=21/03/2026&Digest=zV1uIV2XEPXyUyA3NjIHbw",7
"BASTI","PARAS RAMPUR","NEWADA","3153001061/LD/958486255824968950","9540","https://mnregaweb4.nic.in/nregaarch/View_NMMS_atten_date_dtl_rpt.aspx?page=&short_name=UP&state_name=UTTAR%20PRADESH&state_code=31&district_name=BASTI&district_code=3153&block_name=PARAS%20RAMPUR&block_code=3153001&panchayat_name=NEWADA&panchayat_code=3153001061&fin_year=2025-2026&source=&work_code=3153001061/LD/958486255824968950&msr_no=9540&AttendanceDate=21/03/2026&Digest=U97YWP1WQK2IPZGbJbwK4A",5
"BASTI","PARAS RAMPUR","NEWADA","3153001061/LD/958486255824968950","9543","https://mnregaweb4.nic.in/nregaarch/View_NMMS_atten_date_dtl_rpt.aspx?page=&short_name=UP&state_name=UTTAR%20PRADESH&state_code=31&district_name=BASTI&district_code=3153&block_name=PARAS%20RAMPUR&block_code=3153001&panchayat_name=NEWADA&panchayat_code=3153001061&fin_year=2025-2026&source=&work_code=3153001061/LD/958486255824968950&msr_no=9543&AttendanceDate=21/03/2026&Digest=Tv+QcYs1AJqIEbGEmJ0adg",1
"BASTI","PARAS RAMPUR","PADARI BABU","3153001062/RC/958486255823721426","9393","https://mnregaweb4.nic.in/nregaarch/View_NMMS_atten_date_dtl_rpt.aspx?page=&short_name=UP&state_name=UTTAR%20PRADESH&state_code=31&district_name=BASTI&district_code=3153&block_name=PARAS%20RAMPUR&block_code=3153001&panchayat_name=PADARI%20BABU&panchayat_code=3153001062&fin_year=2025-2026&source=&work_code=3153001062/RC/958486255823721426&msr_no=9393&AttendanceDate=21/03/2026&Digest=hdaFccVhv8XFs7OWjwmIUQ",9
"BASTI","PARAS RAMPUR","PADARI BABU","3153001062/RC/958486255823743928","9395","https://mnregaweb4.nic.in/nregaarch/View_NMMS_atten_date_dtl_rpt.aspx?page=&short_name=UP&state_name=UTTAR%20PRADESH&state_code=31&district_name=BASTI&district_code=3153&block_name=PARAS%20RAMPUR&block_code=3153001&panchayat_name=PADARI%20BABU&panchayat_code=3153001062&fin_year=2025-2026&source=&work_code=3153001062/RC/958486255823743928&msr_no=9395&AttendanceDate=21/03/2026&Digest=2Ecyqp5dvYOCbFrj6OiSaw",9
"BASTI","PARAS RAMPUR","RAGHUPUR","3153001067/IC/958486255823741774","9273","https://mnregaweb4.nic.in/nregaarch/View_NMMS_atten_date_dtl_rpt.aspx?page=&short_name=UP&state_name=UTTAR%20PRADESH&state_code=31&district_name=BASTI&district_code=3153&block_name=PARAS%20RAMPUR&block_code=3153001&panchayat_name=RAGHUPUR&panchayat_code=3153001067&fin_year=2025-2026&source=&work_code=3153001067/IC/958486255823741774&msr_no=9273&AttendanceDate=21/03/2026&Digest=cVdd8YlAWa8sMBU5vl+tjQ",5
"BASTI","PARAS RAMPUR","RAGHVAPUR","3153001068/LD/958486255824935221","9266","https://mnregaweb4.nic.in/nregaarch/View_NMMS_atten_date_dtl_rpt.aspx?page=&short_name=UP&state_name=UTTAR%20PRADESH&state_code=31&district_name=BASTI&district_code=3153&block_name=PARAS%20RAMPUR&block_code=3153001&panchayat_name=RAGHVAPUR&panchayat_code=3153001068&fin_year=2025-2026&source=&work_code=3153001068/LD/958486255824935221&msr_no=9266&AttendanceDate=21/03/2026&Digest=hs00WhK9m/7recUZlQm7GQ",10
"BASTI","PARAS RAMPUR","SIRSAHAWA","3153001076/RC/958486255823745716","9534","https://mnregaweb4.nic.in/nregaarch/View_NMMS_atten_date_dtl_rpt.aspx?page=&short_name=UP&state_name=UTTAR%20PRADESH&state_code=31&district_name=BASTI&district_code=3153&block_name=PARAS%20RAMPUR&block_code=3153001&panchayat_name=SIRSAHAWA&panchayat_code=3153001076&fin_year=2025-2026&source=&work_code=3153001076/RC/958486255823745716&msr_no=9534&AttendanceDate=21/03/2026&Digest=t2jtEHleNvh0a2oEok9PYg",10
"BASTI","PARAS RAMPUR","UJJAINI","3153001081/RC/958486255823729710","9197","https://mnregaweb4.nic.in/nregaarch/View_NMMS_atten_date_dtl_rpt.aspx?page=&short_name=UP&state_name=UTTAR%20PRADESH&state_code=31&district_name=BASTI&district_code=3153&block_name=PARAS%20RAMPUR&block_code=3153001&panchayat_name=UJJAINI&panchayat_code=3153001081&fin_year=2025-2026&source=&work_code=3153001081/RC/958486255823729710&msr_no=9197&AttendanceDate=21/03/2026&Digest=ShKlm0Mju6SXAKv2k4F8Ug",9
"BASTI","KUDARAHA","AMAIPAR","3153013032/RC/958486255823694994","7940","https://mnregaweb4.nic.in/nregaarch/View_NMMS_atten_date_dtl_rpt.aspx?page=&short_name=UP&state_name=UTTAR%20PRADESH&state_code=31&district_name=BASTI&district_code=3153&block_name=KUDARAHA&block_code=3153013&panchayat_name=AMAIPAR&panchayat_code=3153013032&fin_year=2025-2026&source=&work_code=3153013032/RC/958486255823694994&msr_no=7940&AttendanceDate=21/03/2026&Digest=9mLJ3lFvvQZiCIR6k/B+1Q",2
"BASTI","KUDARAHA","AMAIPAR","3153013032/RC/958486255823694994","7943","https://mnregaweb4.nic.in/nregaarch/View_NMMS_atten_date_dtl_rpt.aspx?page=&short_name=UP&state_name=UTTAR%20PRADESH&state_code=31&district_name=BASTI&district_code=3153&block_name=KUDARAHA&block_code=3153013&panchayat_name=AMAIPAR&panchayat_code=3153013032&fin_year=2025-2026&source=&work_code=3153013032/RC/958486255823694994&msr_no=7943&AttendanceDate=21/03/2026&Digest=17Ca7C9D2vu6qrFs4GtLlw",1
"BASTI","KUDARAHA","AMAIPAR","3153013032/RC/958486255823695002","7841","https://mnregaweb4.nic.in/nregaarch/View_NMMS_atten_date_dtl_rpt.aspx?page=&short_name=UP&state_name=UTTAR%20PRADESH&state_code=31&district_name=BASTI&district_code=3153&block_name=KUDARAHA&block_code=3153013&panchayat_name=AMAIPAR&panchayat_code=3153013032&fin_year=2025-2026&source=&work_code=3153013032/RC/958486255823695002&msr_no=7841&AttendanceDate=21/03/2026&Digest=kV3OZ+ZAjt2WK4BP0W774g",5
"BASTI","KUDARAHA","AMAIPAR","3153013032/RC/958486255823735251","7914","https://mnregaweb4.nic.in/nregaarch/View_NMMS_atten_date_dtl_rpt.aspx?page=&short_name=UP&state_name=UTTAR%20PRADESH&state_code=31&district_name=BASTI&district_code=3153&block_name=KUDARAHA&block_code=3153013&panchayat_name=AMAIPAR&panchayat_code=3153013032&fin_year=2025-2026&source=&work_code=3153013032/RC/958486255823735251&msr_no=7914&AttendanceDate=21/03/2026&Digest=t9Pn618CtSHbdrPl5a7b1g",6
"BASTI","KUDARAHA","CHARKAILA","3153013033/RC/958486255823741596","7480","https://mnregaweb4.nic.in/nregaarch/View_NMMS_atten_date_dtl_rpt.aspx?page=&short_name=UP&state_name=UTTAR%20PRADESH&state_code=31&district_name=BASTI&district_code=3153&block_name=KUDARAHA&block_code=3153013&panchayat_name=CHARKAILA&panchayat_code=3153013033&fin_year=2025-2026&source=&work_code=3153013033/RC/958486255823741596&msr_no=7480&AttendanceDate=21/03/2026&Digest=rR0F55V1QQjySDwJ4SF+0A",5
"BASTI","KUDARAHA","JAGANNATHPUR","3153013035/LD/958486255824982494","8005","https://mnregaweb4.nic.in/nregaarch/View_NMMS_atten_date_dtl_rpt.aspx?page=&short_name=UP&state_name=UTTAR%20PRADESH&state_code=31&district_name=BASTI&district_code=3153&block_name=KUDARAHA&block_code=3153013&panchayat_name=JAGANNATHPUR&panchayat_code=3153013035&fin_year=2025-2026&source=&work_code=3153013035/LD/958486255824982494&msr_no=8005&AttendanceDate=21/03/2026&Digest=EPmGCNjZJo3aGitzjBPFiA",9
"BASTI","KUDARAHA","JAGANNATHPUR","3153013035/LD/958486255824982494","8008","https://mnregaweb4.nic.in/nregaarch/View_NMMS_atten_date_dtl_rpt.aspx?page=&short_name=UP&state_name=UTTAR%20PRADESH&state_code=31&district_name=BASTI&district_code=3153&block_name=KUDARAHA&block_code=3153013&panchayat_name=JAGANNATHPUR&panchayat_code=3153013035&fin_year=2025-2026&source=&work_code=3153013035/LD/958486255824982494&msr_no=8008&AttendanceDate=21/03/2026&Digest=22qnV05wpzHj3EtYEUwiGw",8
"BASTI","KUDARAHA","JAGANNATHPUR","3153013035/RC/958486255823748456","7739","https://mnregaweb4.nic.in/nregaarch/View_NMMS_atten_date_dtl_rpt.aspx?page=&short_name=UP&state_name=UTTAR%20PRADESH&state_code=31&district_name=BASTI&district_code=3153&block_name=KUDARAHA&block_code=3153013&panchayat_name=JAGANNATHPUR&panchayat_code=3153013035&fin_year=2025-2026&source=&work_code=3153013035/RC/958486255823748456&msr_no=7739&AttendanceDate=21/03/2026&Digest=p0V2V6Y9yTMJgyrdtV8FnQ",9
"BASTI","KUDARAHA","DELHWA","3153013037/RC/958486255823745217","7885","https://mnregaweb4.nic.in/nregaarch/View_NMMS_atten_date_dtl_rpt.aspx?page=&short_name=UP&state_name=UTTAR%20PRADESH&state_code=31&district_name=BASTI&district_code=3153&block_name=KUDARAHA&block_code=3153013&panchayat_name=DELHWA&panchayat_code=3153013037&fin_year=2025-2026&source=&work_code=3153013037/RC/958486255823745217&msr_no=7885&AttendanceDate=21/03/2026&Digest=+jWepX79MAjqFl+v6t7eQA",9
"BASTI","KUDARAHA","DELHWA","3153013037/RC/958486255823745217","7888","https://mnregaweb4.nic.in/nregaarch/View_NMMS_atten_date_dtl_rpt.aspx?page=&short_name=UP&state_name=UTTAR%20PRADESH&state_code=31&district_name=BASTI&district_code=3153&block_name=KUDARAHA&block_code=3153013&panchayat_name=DELHWA&panchayat_code=3153013037&fin_year=2025-2026&source=&work_code=3153013037/RC/958486255823745217&msr_no=7888&AttendanceDate=21/03/2026&Digest=5ko8kjD00Ts8WJP3XuYhtQ",5
"BASTI","KUDARAHA","MADHOPUR","3153013038/RC/958486255823735299","7579","https://mnregaweb4.nic.in/nregaarch/View_NMMS_atten_date_dtl_rpt.aspx?page=&short_name=UP&state_name=UTTAR%20PRADESH&state_code=31&district_name=BASTI&district_code=3153&block_name=KUDARAHA&block_code=3153013&panchayat_name=MADHOPUR&panchayat_code=3153013038&fin_year=2025-2026&source=&work_code=3153013038/RC/958486255823735299&msr_no=7579&AttendanceDate=21/03/2026&Digest=f2VHKk0vPujc5rsEkhnOcw",1
"BASTI","KUDARAHA","BARTANIYA","3153013040/AV/958486255824155477","7959","https://mnregaweb4.nic.in/nregaarch/View_NMMS_atten_date_dtl_rpt.aspx?page=&short_name=UP&state_name=UTTAR%20PRADESH&state_code=31&district_name=BASTI&district_code=3153&block_name=KUDARAHA&block_code=3153013&panchayat_name=BARTANIYA&panchayat_code=3153013040&fin_year=2025-2026&source=&work_code=3153013040/AV/958486255824155477&msr_no=7959&AttendanceDate=21/03/2026&Digest=rjHrS779/aAQKcWIFXqsCQ",10
"BASTI","KUDARAHA","BARTANIYA","3153013040/LD/958486255824900453","7926","https://mnregaweb4.nic.in/nregaarch/View_NMMS_atten_date_dtl_rpt.aspx?page=&short_name=UP&state_name=UTTAR%20PRADESH&state_code=31&district_name=BASTI&district_code=3153&block_name=KUDARAHA&block_code=3153013&panchayat_name=BARTANIYA&panchayat_code=3153013040&fin_year=2025-2026&source=&work_code=3153013040/LD/958486255824900453&msr_no=7926&AttendanceDate=21/03/2026&Digest=bJh/rROA7JHG7hMcCYfwVA",10
"BASTI","KUDARAHA","MUSARIHA","3153013041/RC/958486255823728278","7598","https://mnregaweb4.nic.in/nregaarch/View_NMMS_atten_date_dtl_rpt.aspx?page=&short_name=UP&state_name=UTTAR%20PRADESH&state_code=31&district_name=BASTI&district_code=3153&block_name=KUDARAHA&block_code=3153013&panchayat_name=MUSARIHA&panchayat_code=3153013041&fin_year=2025-2026&source=&work_code=3153013041/RC/958486255823728278&msr_no=7598&AttendanceDate=21/03/2026&Digest=wVzRXC6+VxMQ9EzWqJAyHw",9
"BASTI","KUDARAHA","MUSARIHA","3153013041/RC/958486255823728282","7823","https://mnregaweb4.nic.in/nregaarch/View_NMMS_atten_date_dtl_rpt.aspx?page=&short_name=UP&state_name=UTTAR%20PRADESH&state_code=31&district_name=BASTI&district_code=3153&block_name=KUDARAHA&block_code=3153013&panchayat_name=MUSARIHA&panchayat_code=3153013041&fin_year=2025-2026&source=&work_code=3153013041/RC/958486255823728282&msr_no=7823&AttendanceDate=21/03/2026&Digest=KI7J1bAtVXTK7wT7WtOZuw",7
"BASTI","KUDARAHA","KABRA KHAS","3153013043/RC/958486255823726579","7753","https://mnregaweb4.nic.in/nregaarch/View_NMMS_atten_date_dtl_rpt.aspx?page=&short_name=UP&state_name=UTTAR%20PRADESH&state_code=31&district_name=BASTI&district_code=3153&block_name=KUDARAHA&block_code=3153013&panchayat_name=KABRA%20KHAS&panchayat_code=3153013043&fin_year=2025-2026&source=&work_code=3153013043/RC/958486255823726579&msr_no=7753&AttendanceDate=21/03/2026&Digest=BklCU7ulSsHA0YJ/aj5/sQ",7
"BASTI","KUDARAHA","PASRA","3153013046/LD/958486255824692138","7717","https://mnregaweb4.nic.in/nregaarch/View_NMMS_atten_date_dtl_rpt.aspx?page=&short_name=UP&state_name=UTTAR%20PRADESH&state_code=31&district_name=BASTI&district_code=3153&block_name=KUDARAHA&block_code=3153013&panchayat_name=PASRA&panchayat_code=3153013046&fin_year=2025-2026&source=&work_code=3153013046/LD/958486255824692138&msr_no=7717&AttendanceDate=21/03/2026&Digest=TlLjogTscu7VeQ5xFCysiw",10
"BASTI","KUDARAHA","PASRA","3153013046/LD/958486255824692148","7667","https://mnregaweb4.nic.in/nregaarch/View_NMMS_atten_date_dtl_rpt.aspx?page=&short_name=UP&state_name=UTTAR%20PRADESH&state_code=31&district_name=BASTI&district_code=3153&block_name=KUDARAHA&block_code=3153013&panchayat_name=PASRA&panchayat_code=3153013046&fin_year=2025-2026&source=&work_code=3153013046/LD/958486255824692148&msr_no=7667&AttendanceDate=21/03/2026&Digest=Bxkw5h+aRbVbU3JKe9HPKA",9
"BASTI","KUDARAHA","PASRA","3153013046/LD/958486255824692150","7719","https://mnregaweb4.nic.in/nregaarch/View_NMMS_atten_date_dtl_rpt.aspx?page=&short_name=UP&state_name=UTTAR%20PRADESH&state_code=31&district_name=BASTI&district_code=3153&block_name=KUDARAHA&block_code=3153013&panchayat_name=PASRA&panchayat_code=3153013046&fin_year=2025-2026&source=&work_code=3153013046/LD/958486255824692150&msr_no=7719&AttendanceDate=21/03/2026&Digest=rk0xFcYsfkjUucvYSxN++Q",10
"BASTI","KUDARAHA","GONAR","3153013049/LD/958486255824621269","7656","https://mnregaweb4.nic.in/nregaarch/View_NMMS_atten_date_dtl_rpt.aspx?page=&short_name=UP&state_name=UTTAR%20PRADESH&state_code=31&district_name=BASTI&district_code=3153&block_name=KUDARAHA&block_code=3153013&panchayat_name=GONAR&panchayat_code=3153013049&fin_year=2025-2026&source=&work_code=3153013049/LD/958486255824621269&msr_no=7656&AttendanceDate=21/03/2026&Digest=nZL449tqKGnd31uDCiIVHQ",3
"BASTI","KUDARAHA","BAISIYA KALA","3153013050/LD/958486255824953603","7712","https://mnregaweb4.nic.in/nregaarch/View_NMMS_atten_date_dtl_rpt.aspx?page=&short_name=UP&state_name=UTTAR%20PRADESH&state_code=31&district_name=BASTI&district_code=3153&block_name=KUDARAHA&block_code=3153013&panchayat_name=BAISIYA%20KALA&panchayat_code=3153013050&fin_year=2025-2026&source=&work_code=3153013050/LD/958486255824953603&msr_no=7712&AttendanceDate=21/03/2026&Digest=6mIaA1up2tRp/YsceDw/hQ",10
"BASTI","KUDARAHA","BAISIYA KALA","3153013050/LD/958486255824953603","7715","https://mnregaweb4.nic.in/nregaarch/View_NMMS_atten_date_dtl_rpt.aspx?page=&short_name=UP&state_name=UTTAR%20PRADESH&state_code=31&district_name=BASTI&district_code=3153&block_name=KUDARAHA&block_code=3153013&panchayat_name=BAISIYA%20KALA&panchayat_code=3153013050&fin_year=2025-2026&source=&work_code=3153013050/LD/958486255824953603&msr_no=7715&AttendanceDate=21/03/2026&Digest=ZQ7VipB4afa/jcLlWAR55g",5
"BASTI","KUDARAHA","BAISIYA KALA","3153013050/RC/958486255823747630","7863","https://mnregaweb4.nic.in/nregaarch/View_NMMS_atten_date_dtl_rpt.aspx?page=&short_name=UP&state_name=UTTAR%20PRADESH&state_code=31&district_name=BASTI&district_code=3153&block_name=KUDARAHA&block_code=3153013&panchayat_name=BAISIYA%20KALA&panchayat_code=3153013050&fin_year=2025-2026&source=&work_code=3153013050/RC/958486255823747630&msr_no=7863&AttendanceDate=21/03/2026&Digest=B/xVZb9c1UqpZh38HHsGrQ",9
"BASTI","KUDARAHA","MANJHARIYA","3153013057/LD/958486255824935540","7655","https://mnregaweb4.nic.in/nregaarch/View_NMMS_atten_date_dtl_rpt.aspx?page=&short_name=UP&state_name=UTTAR%20PRADESH&state_code=31&district_name=BASTI&district_code=3153&block_name=KUDARAHA&block_code=3153013&panchayat_name=MANJHARIYA&panchayat_code=3153013057&fin_year=2025-2026&source=&work_code=3153013057/LD/958486255824935540&msr_no=7655&AttendanceDate=21/03/2026&Digest=T7c4rzmEJQV1jBE+T5mYcg",4
"BASTI","KUDARAHA","MANJHARIYA","3153013057/LD/958486255824935540","7748","https://mnregaweb4.nic.in/nregaarch/View_NMMS_atten_date_dtl_rpt.aspx?page=&short_name=UP&state_name=UTTAR%20PRADESH&state_code=31&district_name=BASTI&district_code=3153&block_name=KUDARAHA&block_code=3153013&panchayat_name=MANJHARIYA&panchayat_code=3153013057&fin_year=2025-2026&source=&work_code=3153013057/LD/958486255824935540&msr_no=7748&AttendanceDate=21/03/2026&Digest=nlmnOrP/CereVNDxDROMnw",7
"BASTI","KUDARAHA","MANJHARIYA","3153013057/RC/958486255823656442","7553","https://mnregaweb4.nic.in/nregaarch/View_NMMS_atten_date_dtl_rpt.aspx?page=&short_name=UP&state_name=UTTAR%20PRADESH&state_code=31&district_name=BASTI&district_code=3153&block_name=KUDARAHA&block_code=3153013&panchayat_name=MANJHARIYA&panchayat_code=3153013057&fin_year=2025-2026&source=&work_code=3153013057/RC/958486255823656442&msr_no=7553&AttendanceDate=21/03/2026&Digest=CI6XTA/1COekTb0YYrRC6g",10
"BASTI","KUDARAHA","MANJHARIYA","3153013057/RC/958486255823656495","7551","https://mnregaweb4.nic.in/nregaarch/View_NMMS_atten_date_dtl_rpt.aspx?page=&short_name=UP&state_name=UTTAR%20PRADESH&state_code=31&district_name=BASTI&district_code=3153&block_name=KUDARAHA&block_code=3153013&panchayat_name=MANJHARIYA&panchayat_code=3153013057&fin_year=2025-2026&source=&work_code=3153013057/RC/958486255823656495&msr_no=7551&AttendanceDate=21/03/2026&Digest=stGB6zG5Q5CXNMKou1CWrA",5
"BASTI","KUDARAHA","BAIRARA MUSTAHKAM","3153013065/RC/958486255823742474","7518","https://mnregaweb4.nic.in/nregaarch/View_NMMS_atten_date_dtl_rpt.aspx?page=&short_name=UP&state_name=UTTAR%20PRADESH&state_code=31&district_name=BASTI&district_code=3153&block_name=KUDARAHA&block_code=3153013&panchayat_name=BAIRARA%20MUSTAHKAM&panchayat_code=3153013065&fin_year=2025-2026&source=&work_code=3153013065/RC/958486255823742474&msr_no=7518&AttendanceDate=21/03/2026&Digest=R66FINXuk5y6RLVM3jKjGg",7
"BASTI","KUDARAHA","SISAI PANDIT","3153013068/IC/958486255823740607","7631","https://mnregaweb4.nic.in/nregaarch/View_NMMS_atten_date_dtl_rpt.aspx?page=&short_name=UP&state_name=UTTAR%20PRADESH&state_code=31&district_name=BASTI&district_code=3153&block_name=KUDARAHA&block_code=3153013&panchayat_name=SISAI%20PANDIT&panchayat_code=3153013068&fin_year=2025-2026&source=&work_code=3153013068/IC/958486255823740607&msr_no=7631&AttendanceDate=21/03/2026&Digest=wMFoKKNyap8VkpbvVKwOBg",8
"BASTI","KUDARAHA","PIPARPATI EHATMALI","3153013071/RC/958486255823746235","8020","https://mnregaweb4.nic.in/nregaarch/View_NMMS_atten_date_dtl_rpt.aspx?page=&short_name=UP&state_name=UTTAR%20PRADESH&state_code=31&district_name=BASTI&district_code=3153&block_name=KUDARAHA&block_code=3153013&panchayat_name=PIPARPATI%20EHATMALI&panchayat_code=3153013071&fin_year=2025-2026&source=&work_code=3153013071/RC/958486255823746235&msr_no=8020&AttendanceDate=21/03/2026&Digest=skjM61+oaC/nhtF2DMpHPQ",9
"BASTI","KUDARAHA","PIPARPATI EHATMALI","3153013071/RC/958486255823746235","8023","https://mnregaweb4.nic.in/nregaarch/View_NMMS_atten_date_dtl_rpt.aspx?page=&short_name=UP&state_name=UTTAR%20PRADESH&state_code=31&district_name=BASTI&district_code=3153&block_name=KUDARAHA&block_code=3153013&panchayat_name=PIPARPATI%20EHATMALI&panchayat_code=3153013071&fin_year=2025-2026&source=&work_code=3153013071/RC/958486255823746235&msr_no=8023&AttendanceDate=21/03/2026&Digest=IjFa1EXuGMgqHRNPyLNY2Q",10
"BASTI","KUDARAHA","VISHENPUR","3153013073/LD/958486255824854652","7910","https://mnregaweb4.nic.in/nregaarch/View_NMMS_atten_date_dtl_rpt.aspx?page=&short_name=UP&state_name=UTTAR%20PRADESH&state_code=31&district_name=BASTI&district_code=3153&block_name=KUDARAHA&block_code=3153013&panchayat_name=VISHENPUR&panchayat_code=3153013073&fin_year=2025-2026&source=&work_code=3153013073/LD/958486255824854652&msr_no=7910&AttendanceDate=21/03/2026&Digest=vk0BzvUXiDB6MnaSDyrdow",1
"BASTI","KUDARAHA","HARKHAILIYA URF MATIYARIA","3153013074/RC/YD/958486255823751079","8071","https://mnregaweb4.nic.in/nregaarch/View_NMMS_atten_date_dtl_rpt.aspx?page=&short_name=UP&state_name=UTTAR%20PRADESH&state_code=31&district_name=BASTI&district_code=3153&block_name=KUDARAHA&block_code=3153013&panchayat_name=HARKHAILIYA%20URF%20MATIYARIA&panchayat_code=3153013074&fin_year=2025-2026&source=&work_code=3153013074/RC/YD/958486255823751079&msr_no=8071&AttendanceDate=21/03/2026&Digest=aP8EAP1KhWwTPo+I0arpPg",9
"BASTI","KUDARAHA","DAIJI","3153013078/RC/958486255823742477","7783","https://mnregaweb4.nic.in/nregaarch/View_NMMS_atten_date_dtl_rpt.aspx?page=&short_name=UP&state_name=UTTAR%20PRADESH&state_code=31&district_name=BASTI&district_code=3153&block_name=KUDARAHA&block_code=3153013&panchayat_name=DAIJI&panchayat_code=3153013078&fin_year=2025-2026&source=&work_code=3153013078/RC/958486255823742477&msr_no=7783&AttendanceDate=21/03/2026&Digest=widFJGn9vxzJ7ZInCR2gig",10
"BASTI","KUDARAHA","DAIJI","3153013078/RC/958486255823750138","7782","https://mnregaweb4.nic.in/nregaarch/View_NMMS_atten_date_dtl_rpt.aspx?page=&short_name=UP&state_name=UTTAR%20PRADESH&state_code=31&district_name=BASTI&district_code=3153&block_name=KUDARAHA&block_code=3153013&panchayat_name=DAIJI&panchayat_code=3153013078&fin_year=2025-2026&source=&work_code=3153013078/RC/958486255823750138&msr_no=7782&AttendanceDate=21/03/2026&Digest=ANnQorndy4rKir1i3ZWsGw",1
"BASTI","PARAS RAMPUR","AMAULI","3153001003/RC/958486255823681344","9245","https://mnregaweb4.nic.in/nregaarch/View_NMMS_atten_date_dtl_rpt.aspx?page=&short_name=UP&state_name=UTTAR%20PRADESH&state_code=31&district_name=BASTI&district_code=3153&block_name=PARAS%20RAMPUR&block_code=3153001&panchayat_name=AMAULI&panchayat_code=3153001003&fin_year=2025-2026&source=&work_code=3153001003/RC/958486255823681344&msr_no=9245&AttendanceDate=21/03/2026&Digest=0zMr3dpzjHuvINvERx18vQ",9
"BASTI","PARAS RAMPUR","AMAULI","3153001003/RC/958486255823681464","9238","https://mnregaweb4.nic.in/nregaarch/View_NMMS_atten_date_dtl_rpt.aspx?page=&short_name=UP&state_name=UTTAR%20PRADESH&state_code=31&district_name=BASTI&district_code=3153&block_name=PARAS%20RAMPUR&block_code=3153001&panchayat_name=AMAULI&panchayat_code=3153001003&fin_year=2025-2026&source=&work_code=3153001003/RC/958486255823681464&msr_no=9238&AttendanceDate=21/03/2026&Digest=QlVbpLCIbaWbhnhn1koD4A",5
"BASTI","PARAS RAMPUR","BELBHARIYA","3153001010/RC/958486255823732335","9384","https://mnregaweb4.nic.in/nregaarch/View_NMMS_atten_date_dtl_rpt.aspx?page=&short_name=UP&state_name=UTTAR%20PRADESH&state_code=31&district_name=BASTI&district_code=3153&block_name=PARAS%20RAMPUR&block_code=3153001&panchayat_name=BELBHARIYA&panchayat_code=3153001010&fin_year=2025-2026&source=&work_code=3153001010/RC/958486255823732335&msr_no=9384&AttendanceDate=21/03/2026&Digest=cZGGp67SFLmAC0Y1EtnXeA",9
"BASTI","PARAS RAMPUR","BICHHIYA MISHRA","3153001013/RC/958486255823699322","9559","https://mnregaweb4.nic.in/nregaarch/View_NMMS_atten_date_dtl_rpt.aspx?page=&short_name=UP&state_name=UTTAR%20PRADESH&state_code=31&district_name=BASTI&district_code=3153&block_name=PARAS%20RAMPUR&block_code=3153001&panchayat_name=BICHHIYA%20MISHRA&panchayat_code=3153001013&fin_year=2025-2026&source=&work_code=3153001013/RC/958486255823699322&msr_no=9559&AttendanceDate=21/03/2026&Digest=kI5lEYb4mUGpiV/vph3D1A",4
"BASTI","PARAS RAMPUR","BICHHIYA MISHRA","3153001013/RC/958486255823747238","9556","https://mnregaweb4.nic.in/nregaarch/View_NMMS_atten_date_dtl_rpt.aspx?page=&short_name=UP&state_name=UTTAR%20PRADESH&state_code=31&district_name=BASTI&district_code=3153&block_name=PARAS%20RAMPUR&block_code=3153001&panchayat_name=BICHHIYA%20MISHRA&panchayat_code=3153001013&fin_year=2025-2026&source=&work_code=3153001013/RC/958486255823747238&msr_no=9556&AttendanceDate=21/03/2026&Digest=6tvxVCSVjuy/xcL7R3yT7A",5
"BASTI","KUDARAHA","DELHWA","3153013037/RC/958486255823745217","7883","https://mnregaweb4.nic.in/nregaarch/View_NMMS_atten_date_dtl_rpt.aspx?page=&short_name=UP&state_name=UTTAR%20PRADESH&state_code=31&district_name=BASTI&district_code=3153&block_name=KUDARAHA&block_code=3153013&panchayat_name=DELHWA&panchayat_code=3153013037&fin_year=2025-2026&source=&work_code=3153013037/RC/958486255823745217&msr_no=7883&AttendanceDate=21/03/2026&Digest=5yzG4t1lRz1UJwXCJzQLww",8
"BASTI","KUDARAHA","MADHOPUR","3153013038/IC/958486255823739075","7577","https://mnregaweb4.nic.in/nregaarch/View_NMMS_atten_date_dtl_rpt.aspx?page=&short_name=UP&state_name=UTTAR%20PRADESH&state_code=31&district_name=BASTI&district_code=3153&block_name=KUDARAHA&block_code=3153013&panchayat_name=MADHOPUR&panchayat_code=3153013038&fin_year=2025-2026&source=&work_code=3153013038/IC/958486255823739075&msr_no=7577&AttendanceDate=21/03/2026&Digest=2strGuFnbUqGCTeWgpOqAQ",1
"BASTI","KUDARAHA","MADHOPUR","3153013038/RC/958486255823738295","7601","https://mnregaweb4.nic.in/nregaarch/View_NMMS_atten_date_dtl_rpt.aspx?page=&short_name=UP&state_name=UTTAR%20PRADESH&state_code=31&district_name=BASTI&district_code=3153&block_name=KUDARAHA&block_code=3153013&panchayat_name=MADHOPUR&panchayat_code=3153013038&fin_year=2025-2026&source=&work_code=3153013038/RC/958486255823738295&msr_no=7601&AttendanceDate=21/03/2026&Digest=ldc72zHPH+5u5xYGiLI2wQ",8
"BASTI","KUDARAHA","BARTANIYA","3153013040/LD/958486255824900453","7928","https://mnregaweb4.nic.in/nregaarch/View_NMMS_atten_date_dtl_rpt.aspx?page=&short_name=UP&state_name=UTTAR%20PRADESH&state_code=31&district_name=BASTI&district_code=3153&block_name=KUDARAHA&block_code=3153013&panchayat_name=BARTANIYA&panchayat_code=3153013040&fin_year=2025-2026&source=&work_code=3153013040/LD/958486255824900453&msr_no=7928&AttendanceDate=21/03/2026&Digest=HZjf+HB820fzt6EvN5BzkQ",10
"BASTI","KUDARAHA","BARTANIYA","3153013040/LD/958486255824900453","7931","https://mnregaweb4.nic.in/nregaarch/View_NMMS_atten_date_dtl_rpt.aspx?page=&short_name=UP&state_name=UTTAR%20PRADESH&state_code=31&district_name=BASTI&district_code=3153&block_name=KUDARAHA&block_code=3153013&panchayat_name=BARTANIYA&panchayat_code=3153013040&fin_year=2025-2026&source=&work_code=3153013040/LD/958486255824900453&msr_no=7931&AttendanceDate=21/03/2026&Digest=7xZSIzniazJAaa4zNrndJg",9
"BASTI","KUDARAHA","MUSARIHA","3153013041/RC/958486255823728282","7825","https://mnregaweb4.nic.in/nregaarch/View_NMMS_atten_date_dtl_rpt.aspx?page=&short_name=UP&state_name=UTTAR%20PRADESH&state_code=31&district_name=BASTI&district_code=3153&block_name=KUDARAHA&block_code=3153013&panchayat_name=MUSARIHA&panchayat_code=3153013041&fin_year=2025-2026&source=&work_code=3153013041/RC/958486255823728282&msr_no=7825&AttendanceDate=21/03/2026&Digest=zH17RnVPRpXNyuk1a2eElw",10
"BASTI","KUDARAHA","KABRA KHAS","3153013043/RC/958486255823726579","7751","https://mnregaweb4.nic.in/nregaarch/View_NMMS_atten_date_dtl_rpt.aspx?page=&short_name=UP&state_name=UTTAR%20PRADESH&state_code=31&district_name=BASTI&district_code=3153&block_name=KUDARAHA&block_code=3153013&panchayat_name=KABRA%20KHAS&panchayat_code=3153013043&fin_year=2025-2026&source=&work_code=3153013043/RC/958486255823726579&msr_no=7751&AttendanceDate=21/03/2026&Digest=uempz8SLzIiQo0aAyGUkDw",3
"BASTI","KUDARAHA","KABRA KHAS","3153013043/RC/958486255823726579","7754","https://mnregaweb4.nic.in/nregaarch/View_NMMS_atten_date_dtl_rpt.aspx?page=&short_name=UP&state_name=UTTAR%20PRADESH&state_code=31&district_name=BASTI&district_code=3153&block_name=KUDARAHA&block_code=3153013&panchayat_name=KABRA%20KHAS&panchayat_code=3153013043&fin_year=2025-2026&source=&work_code=3153013043/RC/958486255823726579&msr_no=7754&AttendanceDate=21/03/2026&Digest=W/LgsfhM53DnwYxft8mRgg",4
"BASTI","KUDARAHA","PASRA","3153013046/LD/958486255824692138","7718","https://mnregaweb4.nic.in/nregaarch/View_NMMS_atten_date_dtl_rpt.aspx?page=&short_name=UP&state_name=UTTAR%20PRADESH&state_code=31&district_name=BASTI&district_code=3153&block_name=KUDARAHA&block_code=3153013&panchayat_name=PASRA&panchayat_code=3153013046&fin_year=2025-2026&source=&work_code=3153013046/LD/958486255824692138&msr_no=7718&AttendanceDate=21/03/2026&Digest=AzH4/zu5/C0RSzBkb5XW1Q",8
"BASTI","KUDARAHA","PASRA","3153013046/LD/958486255824692148","7665","https://mnregaweb4.nic.in/nregaarch/View_NMMS_atten_date_dtl_rpt.aspx?page=&short_name=UP&state_name=UTTAR%20PRADESH&state_code=31&district_name=BASTI&district_code=3153&block_name=KUDARAHA&block_code=3153013&panchayat_name=PASRA&panchayat_code=3153013046&fin_year=2025-2026&source=&work_code=3153013046/LD/958486255824692148&msr_no=7665&AttendanceDate=21/03/2026&Digest=uNYlUMbBRqQl9q2on7g7kA",10
"BASTI","KUDARAHA","PASRA","3153013046/LD/958486255824692150","7720","https://mnregaweb4.nic.in/nregaarch/View_NMMS_atten_date_dtl_rpt.aspx?page=&short_name=UP&state_name=UTTAR%20PRADESH&state_code=31&district_name=BASTI&district_code=3153&block_name=KUDARAHA&block_code=3153013&panchayat_name=PASRA&panchayat_code=3153013046&fin_year=2025-2026&source=&work_code=3153013046/LD/958486255824692150&msr_no=7720&AttendanceDate=21/03/2026&Digest=SW6X4LsghMuMVD3MjLikjA",10
"BASTI","KUDARAHA","GONAR","3153013049/DP/958486255824216040","7735","https://mnregaweb4.nic.in/nregaarch/View_NMMS_atten_date_dtl_rpt.aspx?page=&short_name=UP&state_name=UTTAR%20PRADESH&state_code=31&district_name=BASTI&district_code=3153&block_name=KUDARAHA&block_code=3153013&panchayat_name=GONAR&panchayat_code=3153013049&fin_year=2025-2026&source=&work_code=3153013049/DP/958486255824216040&msr_no=7735&AttendanceDate=21/03/2026&Digest=asEGXbyFgDi/w1x8QdG5fQ",3
"BASTI","KUDARAHA","GONAR","3153013049/LD/958486255824621295","8079","https://mnregaweb4.nic.in/nregaarch/View_NMMS_atten_date_dtl_rpt.aspx?page=&short_name=UP&state_name=UTTAR%20PRADESH&state_code=31&district_name=BASTI&district_code=3153&block_name=KUDARAHA&block_code=3153013&panchayat_name=GONAR&panchayat_code=3153013049&fin_year=2025-2026&source=&work_code=3153013049/LD/958486255824621295&msr_no=8079&AttendanceDate=21/03/2026&Digest=B61mWFO4Rm6RNG/Y07dAnA",2
"BASTI","KUDARAHA","BAISIYA KALA","3153013050/RC/958486255823747631","7813","https://mnregaweb4.nic.in/nregaarch/View_NMMS_atten_date_dtl_rpt.aspx?page=&short_name=UP&state_name=UTTAR%20PRADESH&state_code=31&district_name=BASTI&district_code=3153&block_name=KUDARAHA&block_code=3153013&panchayat_name=BAISIYA%20KALA&panchayat_code=3153013050&fin_year=2025-2026&source=&work_code=3153013050/RC/958486255823747631&msr_no=7813&AttendanceDate=21/03/2026&Digest=7pgNrKbjc+3jLTR/BkwkZg",9
"BASTI","KUDARAHA","PAERMESHWARPUR","3153013056/AV/958486255824182484","8096","https://mnregaweb4.nic.in/nregaarch/View_NMMS_atten_date_dtl_rpt.aspx?page=&short_name=UP&state_name=UTTAR%20PRADESH&state_code=31&district_name=BASTI&district_code=3153&block_name=KUDARAHA&block_code=3153013&panchayat_name=PAERMESHWARPUR&panchayat_code=3153013056&fin_year=2025-2026&source=&work_code=3153013056/AV/958486255824182484&msr_no=8096&AttendanceDate=21/03/2026&Digest=UelN6cS6kkKSl9ZwaxV8AA",10
"BASTI","KUDARAHA","PAERMESHWARPUR","3153013056/RC/958486255823748250","8099","https://mnregaweb4.nic.in/nregaarch/View_NMMS_atten_date_dtl_rpt.aspx?page=&short_name=UP&state_name=UTTAR%20PRADESH&state_code=31&district_name=BASTI&district_code=3153&block_name=KUDARAHA&block_code=3153013&panchayat_name=PAERMESHWARPUR&panchayat_code=3153013056&fin_year=2025-2026&source=&work_code=3153013056/RC/958486255823748250&msr_no=8099&AttendanceDate=21/03/2026&Digest=/KkyLy2Dk3cLBI+F1udsNA",10
"BASTI","KUDARAHA","MANJHARIYA","3153013057/IC/958486255823686218","7545","https://mnregaweb4.nic.in/nregaarch/View_NMMS_atten_date_dtl_rpt.aspx?page=&short_name=UP&state_name=UTTAR%20PRADESH&state_code=31&district_name=BASTI&district_code=3153&block_name=KUDARAHA&block_code=3153013&panchayat_name=MANJHARIYA&panchayat_code=3153013057&fin_year=2025-2026&source=&work_code=3153013057/IC/958486255823686218&msr_no=7545&AttendanceDate=21/03/2026&Digest=c0czjod3rQX8Y5KyH5REVg",7
"BASTI","KUDARAHA","MANJHARIYA","3153013057/LD/958486255824945664","7649","https://mnregaweb4.nic.in/nregaarch/View_NMMS_atten_date_dtl_rpt.aspx?page=&short_name=UP&state_name=UTTAR%20PRADESH&state_code=31&district_name=BASTI&district_code=3153&block_name=KUDARAHA&block_code=3153013&panchayat_name=MANJHARIYA&panchayat_code=3153013057&fin_year=2025-2026&source=&work_code=3153013057/LD/958486255824945664&msr_no=7649&AttendanceDate=21/03/2026&Digest=HjGCsxO+PtNeAjXMUbbFEA",10
"BASTI","KUDARAHA","MANJHARIYA","3153013057/LD/958486255824945664","7652","https://mnregaweb4.nic.in/nregaarch/View_NMMS_atten_date_dtl_rpt.aspx?page=&short_name=UP&state_name=UTTAR%20PRADESH&state_code=31&district_name=BASTI&district_code=3153&block_name=KUDARAHA&block_code=3153013&panchayat_name=MANJHARIYA&panchayat_code=3153013057&fin_year=2025-2026&source=&work_code=3153013057/LD/958486255824945664&msr_no=7652&AttendanceDate=21/03/2026&Digest=l4Iq46gecn0iDt37+HKhRQ",8
"BASTI","KUDARAHA","TENUA","3153013064/LD/958486255825009974","7567","https://mnregaweb4.nic.in/nregaarch/View_NMMS_atten_date_dtl_rpt.aspx?page=&short_name=UP&state_name=UTTAR%20PRADESH&state_code=31&district_name=BASTI&district_code=3153&block_name=KUDARAHA&block_code=3153013&panchayat_name=TENUA&panchayat_code=3153013064&fin_year=2025-2026&source=&work_code=3153013064/LD/958486255825009974&msr_no=7567&AttendanceDate=21/03/2026&Digest=SNMdejcRFxMHfIEdqHoq9g",10
"BASTI","KUDARAHA","TENUA","3153013064/LD/958486255825009974","7570","https://mnregaweb4.nic.in/nregaarch/View_NMMS_atten_date_dtl_rpt.aspx?page=&short_name=UP&state_name=UTTAR%20PRADESH&state_code=31&district_name=BASTI&district_code=3153&block_name=KUDARAHA&block_code=3153013&panchayat_name=TENUA&panchayat_code=3153013064&fin_year=2025-2026&source=&work_code=3153013064/LD/958486255825009974&msr_no=7570&AttendanceDate=21/03/2026&Digest=/1WdcufZIgpmO4Jf8kn9Lg",10
"BASTI","KUDARAHA","BAIRARA MUSTAHKAM","3153013065/RC/958486255823742474","7519","https://mnregaweb4.nic.in/nregaarch/View_NMMS_atten_date_dtl_rpt.aspx?page=&short_name=UP&state_name=UTTAR%20PRADESH&state_code=31&district_name=BASTI&district_code=3153&block_name=KUDARAHA&block_code=3153013&panchayat_name=BAIRARA%20MUSTAHKAM&panchayat_code=3153013065&fin_year=2025-2026&source=&work_code=3153013065/RC/958486255823742474&msr_no=7519&AttendanceDate=21/03/2026&Digest=v5lpP0C2b1g7di/Sg71ueg",5
"BASTI","KUDARAHA","PIPARPATI EHATMALI","3153013071/RC/958486255823700975","7673","https://mnregaweb4.nic.in/nregaarch/View_NMMS_atten_date_dtl_rpt.aspx?page=&short_name=UP&state_name=UTTAR%20PRADESH&state_code=31&district_name=BASTI&district_code=3153&block_name=KUDARAHA&block_code=3153013&panchayat_name=PIPARPATI%20EHATMALI&panchayat_code=3153013071&fin_year=2025-2026&source=&work_code=3153013071/RC/958486255823700975&msr_no=7673&AttendanceDate=21/03/2026&Digest=Xr95sYRj//MRkKLW7eSTEw",1
"BASTI","KUDARAHA","PIPARPATI EHATMALI","3153013071/RC/958486255823700979","8013","https://mnregaweb4.nic.in/nregaarch/View_NMMS_atten_date_dtl_rpt.aspx?page=&short_name=UP&state_name=UTTAR%20PRADESH&state_code=31&district_name=BASTI&district_code=3153&block_name=KUDARAHA&block_code=3153013&panchayat_name=PIPARPATI%20EHATMALI&panchayat_code=3153013071&fin_year=2025-2026&source=&work_code=3153013071/RC/958486255823700979&msr_no=8013&AttendanceDate=21/03/2026&Digest=iTE7iNt4OpBXEIRKxI4xlw",9
"BASTI","KUDARAHA","PIPARPATI EHATMALI","3153013071/RC/958486255823700979","8016","https://mnregaweb4.nic.in/nregaarch/View_NMMS_atten_date_dtl_rpt.aspx?page=&short_name=UP&state_name=UTTAR%20PRADESH&state_code=31&district_name=BASTI&district_code=3153&block_name=KUDARAHA&block_code=3153013&panchayat_name=PIPARPATI%20EHATMALI&panchayat_code=3153013071&fin_year=2025-2026&source=&work_code=3153013071/RC/958486255823700979&msr_no=8016&AttendanceDate=21/03/2026&Digest=djP4gqL6/y9LO7SPZQ/Zkg",10
"BASTI","KUDARAHA","PIPARPATI EHATMALI","3153013071/RC/958486255823746233","7796","https://mnregaweb4.nic.in/nregaarch/View_NMMS_atten_date_dtl_rpt.aspx?page=&short_name=UP&state_name=UTTAR%20PRADESH&state_code=31&district_name=BASTI&district_code=3153&block_name=KUDARAHA&block_code=3153013&panchayat_name=PIPARPATI%20EHATMALI&panchayat_code=3153013071&fin_year=2025-2026&source=&work_code=3153013071/RC/958486255823746233&msr_no=7796&AttendanceDate=21/03/2026&Digest=0Sl2ODXgiupqqVGh+HDjTQ",10
"BASTI","KUDARAHA","PIPARPATI EHATMALI","3153013071/RC/958486255823746235","8025","https://mnregaweb4.nic.in/nregaarch/View_NMMS_atten_date_dtl_rpt.aspx?page=&short_name=UP&state_name=UTTAR%20PRADESH&state_code=31&district_name=BASTI&district_code=3153&block_name=KUDARAHA&block_code=3153013&panchayat_name=PIPARPATI%20EHATMALI&panchayat_code=3153013071&fin_year=2025-2026&source=&work_code=3153013071/RC/958486255823746235&msr_no=8025&AttendanceDate=21/03/2026&Digest=bnuagK2hZeRd5f711YDbNg",5
"BASTI","KUDARAHA","VISHENPUR","3153013073/LD/958486255824854652","7908","https://mnregaweb4.nic.in/nregaarch/View_NMMS_atten_date_dtl_rpt.aspx?page=&short_name=UP&state_name=UTTAR%20PRADESH&state_code=31&district_name=BASTI&district_code=3153&block_name=KUDARAHA&block_code=3153013&panchayat_name=VISHENPUR&panchayat_code=3153013073&fin_year=2025-2026&source=&work_code=3153013073/LD/958486255824854652&msr_no=7908&AttendanceDate=21/03/2026&Digest=gF7CxGlKvm2epBg64mFAKQ",5
"BASTI","KUDARAHA","HARKHAILIYA URF MATIYARIA","3153013074/RC/YD/958486255823746860","7882","https://mnregaweb4.nic.in/nregaarch/View_NMMS_atten_date_dtl_rpt.aspx?page=&short_name=UP&state_name=UTTAR%20PRADESH&state_code=31&district_name=BASTI&district_code=3153&block_name=KUDARAHA&block_code=3153013&panchayat_name=HARKHAILIYA%20URF%20MATIYARIA&panchayat_code=3153013074&fin_year=2025-2026&source=&work_code=3153013074/RC/YD/958486255823746860&msr_no=7882&AttendanceDate=21/03/2026&Digest=zrm5TTha0QfPcq7IDo4Wbw",6
"BASTI","PARAS RAMPUR","KARANPUR","3153001008/WC/958486255824164398","9234","https://mnregaweb4.nic.in/nregaarch/View_NMMS_atten_date_dtl_rpt.aspx?page=&short_name=UP&state_name=UTTAR%20PRADESH&state_code=31&district_name=BASTI&district_code=3153&block_name=PARAS%20RAMPUR&block_code=3153001&panchayat_name=KARANPUR&panchayat_code=3153001008&fin_year=2025-2026&source=&work_code=3153001008/WC/958486255824164398&msr_no=9234&AttendanceDate=21/03/2026&Digest=0hT7du/JzcVfP0Z44b9A3A",10
"BASTI","PARAS RAMPUR","KARANPUR","3153001008/WC/958486255824164398","9237","https://mnregaweb4.nic.in/nregaarch/View_NMMS_atten_date_dtl_rpt.aspx?page=&short_name=UP&state_name=UTTAR%20PRADESH&state_code=31&district_name=BASTI&district_code=3153&block_name=PARAS%20RAMPUR&block_code=3153001&panchayat_name=KARANPUR&panchayat_code=3153001008&fin_year=2025-2026&source=&work_code=3153001008/WC/958486255824164398&msr_no=9237&AttendanceDate=21/03/2026&Digest=tLrZS/KAS/a53dvv1ukG/g",6
"BASTI","PARAS RAMPUR","BHAISAHAWA","3153001011/RC/958486255823728162","9378","https://mnregaweb4.nic.in/nregaarch/View_NMMS_atten_date_dtl_rpt.aspx?page=&short_name=UP&state_name=UTTAR%20PRADESH&state_code=31&district_name=BASTI&district_code=3153&block_name=PARAS%20RAMPUR&block_code=3153001&panchayat_name=BHAISAHAWA&panchayat_code=3153001011&fin_year=2025-2026&source=&work_code=3153001011/RC/958486255823728162&msr_no=9378&AttendanceDate=21/03/2026&Digest=X5h7UBjuI5IACBw87lPuKg",8
"BASTI","PARAS RAMPUR","DHURDA JANGAL","3153001021/WC/958486255824219248","9350","https://mnregaweb4.nic.in/nregaarch/View_NMMS_atten_date_dtl_rpt.aspx?page=&short_name=UP&state_name=UTTAR%20PRADESH&state_code=31&district_name=BASTI&district_code=3153&block_name=PARAS%20RAMPUR&block_code=3153001&panchayat_name=DHURDA%20JANGAL&panchayat_code=3153001021&fin_year=2025-2026&source=&work_code=3153001021/WC/958486255824219248&msr_no=9350&AttendanceDate=21/03/2026&Digest=wI51fF1qprgzMwNhq9ad+g",7
"BASTI","PARAS RAMPUR","DHURDA JANGAL","3153001021/WC/958486255824219248","9353","https://mnregaweb4.nic.in/nregaarch/View_NMMS_atten_date_dtl_rpt.aspx?page=&short_name=UP&state_name=UTTAR%20PRADESH&state_code=31&district_name=BASTI&district_code=3153&block_name=PARAS%20RAMPUR&block_code=3153001&panchayat_name=DHURDA%20JANGAL&panchayat_code=3153001021&fin_year=2025-2026&source=&work_code=3153001021/WC/958486255824219248&msr_no=9353&AttendanceDate=21/03/2026&Digest=yPE1TNH9LWpZl38QO2MmZg",6
"BASTI","PARAS RAMPUR","GAURA PANDAY","3153001027/WC/958486255824209503","9402","https://mnregaweb4.nic.in/nregaarch/View_NMMS_atten_date_dtl_rpt.aspx?page=&short_name=UP&state_name=UTTAR%20PRADESH&state_code=31&district_name=BASTI&district_code=3153&block_name=PARAS%20RAMPUR&block_code=3153001&panchayat_name=GAURA%20PANDAY&panchayat_code=3153001027&fin_year=2025-2026&source=&work_code=3153001027/WC/958486255824209503&msr_no=9402&AttendanceDate=21/03/2026&Digest=LqM0HvDhPCYuBu2e2L63qg",4
"BASTI","PARAS RAMPUR","KARIGHNA","3153001038/LD/958486255824982417","9198","https://mnregaweb4.nic.in/nregaarch/View_NMMS_atten_date_dtl_rpt.aspx?page=&short_name=UP&state_name=UTTAR%20PRADESH&state_code=31&district_name=BASTI&district_code=3153&block_name=PARAS%20RAMPUR&block_code=3153001&panchayat_name=KARIGHNA&panchayat_code=3153001038&fin_year=2025-2026&source=&work_code=3153001038/LD/958486255824982417&msr_no=9198&AttendanceDate=21/03/2026&Digest=IM7CQoDtqpR3LVtryjILOg",8
"BASTI","PARAS RAMPUR","KARIGHNA","3153001038/LD/958486255824982417","9201","https://mnregaweb4.nic.in/nregaarch/View_NMMS_atten_date_dtl_rpt.aspx?page=&short_name=UP&state_name=UTTAR%20PRADESH&state_code=31&district_name=BASTI&district_code=3153&block_name=PARAS%20RAMPUR&block_code=3153001&panchayat_name=KARIGHNA&panchayat_code=3153001038&fin_year=2025-2026&source=&work_code=3153001038/LD/958486255824982417&msr_no=9201&AttendanceDate=21/03/2026&Digest=GVqyKvvuKRDvf4XvPOQ+0A",8
"BASTI","PARAS RAMPUR","KHAMARIYA","3153001041/WC/958486255824229095","9440","https://mnregaweb4.nic.in/nregaarch/View_NMMS_atten_date_dtl_rpt.aspx?page=&short_name=UP&state_name=UTTAR%20PRADESH&state_code=31&district_name=BASTI&district_code=3153&block_name=PARAS%20RAMPUR&block_code=3153001&panchayat_name=KHAMARIYA&panchayat_code=3153001041&fin_year=2025-2026&source=&work_code=3153001041/WC/958486255824229095&msr_no=9440&AttendanceDate=21/03/2026&Digest=XX9YiBvfAuztAuSBLljHxQ",1
"BASTI","PARAS RAMPUR","KHAMARIYA","3153001041/WC/958486255824229095","9443","https://mnregaweb4.nic.in/nregaarch/View_NMMS_atten_date_dtl_rpt.aspx?page=&short_name=UP&state_name=UTTAR%20PRADESH&state_code=31&district_name=BASTI&district_code=3153&block_name=PARAS%20RAMPUR&block_code=3153001&panchayat_name=KHAMARIYA&panchayat_code=3153001041&fin_year=2025-2026&source=&work_code=3153001041/WC/958486255824229095&msr_no=9443&AttendanceDate=21/03/2026&Digest=oCudqb6g5IdBw0ZBA91waA",1
"BASTI","GAUR","SARNAGI.","3153002083/RC/958486255823738148","6302","https://mnregaweb4.nic.in/nregaarch/View_NMMS_atten_date_dtl_rpt.aspx?page=&short_name=UP&state_name=UTTAR%20PRADESH&state_code=31&district_name=BASTI&district_code=3153&block_name=GAUR&block_code=3153002&panchayat_name=SARNAGI.&panchayat_code=3153002083&fin_year=2025-2026&source=&work_code=3153002083/RC/958486255823738148&msr_no=6302&AttendanceDate=21/03/2026&Digest=dg/CrZxy5uQaHOvIS3PxFw",4
"BASTI","GAUR","SUMAHI","3153002089/LD/YD/958486255825010405","6285","https://mnregaweb4.nic.in/nregaarch/View_NMMS_atten_date_dtl_rpt.aspx?page=&short_name=UP&state_name=UTTAR%20PRADESH&state_code=31&district_name=BASTI&district_code=3153&block_name=GAUR&block_code=3153002&panchayat_name=SUMAHI&panchayat_code=3153002089&fin_year=2025-2026&source=&work_code=3153002089/LD/YD/958486255825010405&msr_no=6285&AttendanceDate=21/03/2026&Digest=gyi3710N12WDULOD13v9nQ",8
"BASTI","GAUR","TENUI CHET SINGH","3153002092/IC/958486255823745285","6344","https://mnregaweb4.nic.in/nregaarch/View_NMMS_atten_date_dtl_rpt.aspx?page=&short_name=UP&state_name=UTTAR%20PRADESH&state_code=31&district_name=BASTI&district_code=3153&block_name=GAUR&block_code=3153002&panchayat_name=TENUI%20CHET%20SINGH&panchayat_code=3153002092&fin_year=2025-2026&source=&work_code=3153002092/IC/958486255823745285&msr_no=6344&AttendanceDate=21/03/2026&Digest=ZArb2g9Ft4t/L27KfoOHQw",9
"BASTI","GAUR","MADANPURA","3153002100/RC/958486255823737292","6477","https://mnregaweb4.nic.in/nregaarch/View_NMMS_atten_date_dtl_rpt.aspx?page=&short_name=UP&state_name=UTTAR%20PRADESH&state_code=31&district_name=BASTI&district_code=3153&block_name=GAUR&block_code=3153002&panchayat_name=MADANPURA&panchayat_code=3153002100&fin_year=2025-2026&source=&work_code=3153002100/RC/958486255823737292&msr_no=6477&AttendanceDate=21/03/2026&Digest=CL4J8R5go1lXlhSNHzWvDg",6
"BASTI","GAUR","SITKOHER","3153002104/RC/958486255823740262","6394","https://mnregaweb4.nic.in/nregaarch/View_NMMS_atten_date_dtl_rpt.aspx?page=&short_name=UP&state_name=UTTAR%20PRADESH&state_code=31&district_name=BASTI&district_code=3153&block_name=GAUR&block_code=3153002&panchayat_name=SITKOHER&panchayat_code=3153002104&fin_year=2025-2026&source=&work_code=3153002104/RC/958486255823740262&msr_no=6394&AttendanceDate=21/03/2026&Digest=56H+H5CAU0L2+qko5pB6yg",10
"BASTI","GAUR","SAURAHA","3153002107/WC/958486255824252674","6370","https://mnregaweb4.nic.in/nregaarch/View_NMMS_atten_date_dtl_rpt.aspx?page=&short_name=UP&state_name=UTTAR%20PRADESH&state_code=31&district_name=BASTI&district_code=3153&block_name=GAUR&block_code=3153002&panchayat_name=SAURAHA&panchayat_code=3153002107&fin_year=2025-2026&source=&work_code=3153002107/WC/958486255824252674&msr_no=6370&AttendanceDate=21/03/2026&Digest=C+CK0qODHMRfUT3BtPRVGw",2
"BASTI","HARRAIYA","BHITI MISHR","3153003010/LD/958486255824946085","6844","https://mnregaweb4.nic.in/nregaarch/View_NMMS_atten_date_dtl_rpt.aspx?page=&short_name=UP&state_name=UTTAR%20PRADESH&state_code=31&district_name=BASTI&district_code=3153&block_name=HARRAIYA&block_code=3153003&panchayat_name=BHITI%20MISHR&panchayat_code=3153003010&fin_year=2025-2026&source=&work_code=3153003010/LD/958486255824946085&msr_no=6844&AttendanceDate=21/03/2026&Digest=5R2jHweXQZxSCYBruFLqvw",10
"BASTI","HARRAIYA","BELBHARIYA RAM GULAM","3153003017/IC/958486255823725610","6763","https://mnregaweb4.nic.in/nregaarch/View_NMMS_atten_date_dtl_rpt.aspx?page=&short_name=UP&state_name=UTTAR%20PRADESH&state_code=31&district_name=BASTI&district_code=3153&block_name=HARRAIYA&block_code=3153003&panchayat_name=BELBHARIYA%20RAM%20GULAM&panchayat_code=3153003017&fin_year=2025-2026&source=&work_code=3153003017/IC/958486255823725610&msr_no=6763&AttendanceDate=21/03/2026&Digest=63RzxRHnNFjgdvXjZx/QJg",10
"BASTI","HARRAIYA","MAHUAPAR","3153003018/LD/958486255824931758","6891","https://mnregaweb4.nic.in/nregaarch/View_NMMS_atten_date_dtl_rpt.aspx?page=&short_name=UP&state_name=UTTAR%20PRADESH&state_code=31&district_name=BASTI&district_code=3153&block_name=HARRAIYA&block_code=3153003&panchayat_name=MAHUAPAR&panchayat_code=3153003018&fin_year=2025-2026&source=&work_code=3153003018/LD/958486255824931758&msr_no=6891&AttendanceDate=21/03/2026&Digest=p4WMg5K8chs8f0rDXpjOOA",10
"BASTI","HARRAIYA","RATANPUR RAI","3153003026/LD/958486255825004588","6781","https://mnregaweb4.nic.in/nregaarch/View_NMMS_atten_date_dtl_rpt.aspx?page=&short_name=UP&state_name=UTTAR%20PRADESH&state_code=31&district_name=BASTI&district_code=3153&block_name=HARRAIYA&block_code=3153003&panchayat_name=RATANPUR%20RAI&panchayat_code=3153003026&fin_year=2025-2026&source=&work_code=3153003026/LD/958486255825004588&msr_no=6781&AttendanceDate=21/03/2026&Digest=Go/fN+JDkwpb/OQTZu7CJg",9
"BASTI","HARRAIYA","BHAIRO PUR","3153003027/RC/YD/958486255823735828","6942","https://mnregaweb4.nic.in/nregaarch/View_NMMS_atten_date_dtl_rpt.aspx?page=&short_name=UP&state_name=UTTAR%20PRADESH&state_code=31&district_name=BASTI&district_code=3153&block_name=HARRAIYA&block_code=3153003&panchayat_name=BHAIRO%20PUR&panchayat_code=3153003027&fin_year=2025-2026&source=&work_code=3153003027/RC/YD/958486255823735828&msr_no=6942&AttendanceDate=21/03/2026&Digest=o6SZ3zv6afSitoCNJcMc5A",1
"BASTI","HARRAIYA","BHAIRO PUR","3153003027/RC/YD/958486255823736251","6939","https://mnregaweb4.nic.in/nregaarch/View_NMMS_atten_date_dtl_rpt.aspx?page=&short_name=UP&state_name=UTTAR%20PRADESH&state_code=31&district_name=BASTI&district_code=3153&block_name=HARRAIYA&block_code=3153003&panchayat_name=BHAIRO%20PUR&panchayat_code=3153003027&fin_year=2025-2026&source=&work_code=3153003027/RC/YD/958486255823736251&msr_no=6939&AttendanceDate=21/03/2026&Digest=/8Vw7qn3A2nSWeW2Hwg5sg",10
"BASTI","HARRAIYA","BANS GAW","3153003031/LD/958486255824994674","6900","https://mnregaweb4.nic.in/nregaarch/View_NMMS_atten_date_dtl_rpt.aspx?page=&short_name=UP&state_name=UTTAR%20PRADESH&state_code=31&district_name=BASTI&district_code=3153&block_name=HARRAIYA&block_code=3153003&panchayat_name=BANS%20GAW&panchayat_code=3153003031&fin_year=2025-2026&source=&work_code=3153003031/LD/958486255824994674&msr_no=6900&AttendanceDate=21/03/2026&Digest=jKw3EjU9NhCANveLopYOMw",8
"BASTI","HARRAIYA","BANS GAW","3153003031/LD/958486255824999778","6895","https://mnregaweb4.nic.in/nregaarch/View_NMMS_atten_date_dtl_rpt.aspx?page=&short_name=UP&state_name=UTTAR%20PRADESH&state_code=31&district_name=BASTI&district_code=3153&block_name=HARRAIYA&block_code=3153003&panchayat_name=BANS%20GAW&panchayat_code=3153003031&fin_year=2025-2026&source=&work_code=3153003031/LD/958486255824999778&msr_no=6895&AttendanceDate=21/03/2026&Digest=4cxTTjK9srf7B8ch67xuYw",10
"BASTI","HARRAIYA","DUHWA MISHR","3153003037/LD/958486255824957648","6788","https://mnregaweb4.nic.in/nregaarch/View_NMMS_atten_date_dtl_rpt.aspx?page=&short_name=UP&state_name=UTTAR%20PRADESH&state_code=31&district_name=BASTI&district_code=3153&block_name=HARRAIYA&block_code=3153003&panchayat_name=DUHWA%20MISHR&panchayat_code=3153003037&fin_year=2025-2026&source=&work_code=3153003037/LD/958486255824957648&msr_no=6788&AttendanceDate=21/03/2026&Digest=v1fZeJbjt4W0CIb7bL4t7A",6
"BASTI","HARRAIYA","BHARGAWA","3153003058/AV/958486255824185671","6760","https://mnregaweb4.nic.in/nregaarch/View_NMMS_atten_date_dtl_rpt.aspx?page=&short_name=UP&state_name=UTTAR%20PRADESH&state_code=31&district_name=BASTI&district_code=3153&block_name=HARRAIYA&block_code=3153003&panchayat_name=BHARGAWA&panchayat_code=3153003058&fin_year=2025-2026&source=&work_code=3153003058/AV/958486255824185671&msr_no=6760&AttendanceDate=21/03/2026&Digest=YaTukOVnzNfSRigM2ai9aw",10
"BASTI","HARRAIYA","BHARGAWA","3153003058/LD/958486255824949792","6854","https://mnregaweb4.nic.in/nregaarch/View_NMMS_atten_date_dtl_rpt.aspx?page=&short_name=UP&state_name=UTTAR%20PRADESH&state_code=31&district_name=BASTI&district_code=3153&block_name=HARRAIYA&block_code=3153003&panchayat_name=BHARGAWA&panchayat_code=3153003058&fin_year=2025-2026&source=&work_code=3153003058/LD/958486255824949792&msr_no=6854&AttendanceDate=21/03/2026&Digest=zSF7bA9UZfmqHlygLkOduQ",10
"BASTI","HARRAIYA","LAVDAHA","3153003060/RC/958486255823725758","6786","https://mnregaweb4.nic.in/nregaarch/View_NMMS_atten_date_dtl_rpt.aspx?page=&short_name=UP&state_name=UTTAR%20PRADESH&state_code=31&district_name=BASTI&district_code=3153&block_name=HARRAIYA&block_code=3153003&panchayat_name=LAVDAHA&panchayat_code=3153003060&fin_year=2025-2026&source=&work_code=3153003060/RC/958486255823725758&msr_no=6786&AttendanceDate=21/03/2026&Digest=nJ5Au+skT2SeUzwZFY4rjw",3
"BASTI","HARRAIYA","KHAMHARIA GANGARAM","3153003061/LD/958486255824988270","6912","https://mnregaweb4.nic.in/nregaarch/View_NMMS_atten_date_dtl_rpt.aspx?page=&short_name=UP&state_name=UTTAR%20PRADESH&state_code=31&district_name=BASTI&district_code=3153&block_name=HARRAIYA&block_code=3153003&panchayat_name=KHAMHARIA%20GANGARAM&panchayat_code=3153003061&fin_year=2025-2026&source=&work_code=3153003061/LD/958486255824988270&msr_no=6912&AttendanceDate=21/03/2026&Digest=TzhHY+XyFPTIvlme2dtWLQ",10
"BASTI","HARRAIYA","KHAMHARIA GANGARAM","3153003061/LD/958486255824988274","6922","https://mnregaweb4.nic.in/nregaarch/View_NMMS_atten_date_dtl_rpt.aspx?page=&short_name=UP&state_name=UTTAR%20PRADESH&state_code=31&district_name=BASTI&district_code=3153&block_name=HARRAIYA&block_code=3153003&panchayat_name=KHAMHARIA%20GANGARAM&panchayat_code=3153003061&fin_year=2025-2026&source=&work_code=3153003061/LD/958486255824988274&msr_no=6922&AttendanceDate=21/03/2026&Digest=ryJ8CWA/9saC20xMEW8rHA",10
"BASTI","HARRAIYA","KHAMHARIA GANGARAM","3153003061/LD/958486255824988274","6925","https://mnregaweb4.nic.in/nregaarch/View_NMMS_atten_date_dtl_rpt.aspx?page=&short_name=UP&state_name=UTTAR%20PRADESH&state_code=31&district_name=BASTI&district_code=3153&block_name=HARRAIYA&block_code=3153003&panchayat_name=KHAMHARIA%20GANGARAM&panchayat_code=3153003061&fin_year=2025-2026&source=&work_code=3153003061/LD/958486255824988274&msr_no=6925&AttendanceDate=21/03/2026&Digest=YdcHPjlS9vVOqNkggi0XkQ",10
"BASTI","HARRAIYA","PARSAUDA","3153003066/RC/958486255823621246","6837","https://mnregaweb4.nic.in/nregaarch/View_NMMS_atten_date_dtl_rpt.aspx?page=&short_name=UP&state_name=UTTAR%20PRADESH&state_code=31&district_name=BASTI&district_code=3153&block_name=HARRAIYA&block_code=3153003&panchayat_name=PARSAUDA&panchayat_code=3153003066&fin_year=2025-2026&source=&work_code=3153003066/RC/958486255823621246&msr_no=6837&AttendanceDate=21/03/2026&Digest=LkeNYM5IMEA1gFBRyrZ7IA",7
"BASTI","HARRAIYA","KHAMAHRIA SUJAT","3153003072/LD/958486255825008862","6828","https://mnregaweb4.nic.in/nregaarch/View_NMMS_atten_date_dtl_rpt.aspx?page=&short_name=UP&state_name=UTTAR%20PRADESH&state_code=31&district_name=BASTI&district_code=3153&block_name=HARRAIYA&block_code=3153003&panchayat_name=KHAMAHRIA%20SUJAT&panchayat_code=3153003072&fin_year=2025-2026&source=&work_code=3153003072/LD/958486255825008862&msr_no=6828&AttendanceDate=21/03/2026&Digest=mW0RtayE/w+ujgWts9TPag",10
"BASTI","HARRAIYA","KHAMAHRIA SUJAT","3153003072/LD/958486255825008862","6831","https://mnregaweb4.nic.in/nregaarch/View_NMMS_atten_date_dtl_rpt.aspx?page=&short_name=UP&state_name=UTTAR%20PRADESH&state_code=31&district_name=BASTI&district_code=3153&block_name=HARRAIYA&block_code=3153003&panchayat_name=KHAMAHRIA%20SUJAT&panchayat_code=3153003072&fin_year=2025-2026&source=&work_code=3153003072/LD/958486255825008862&msr_no=6831&AttendanceDate=21/03/2026&Digest=/9gDJd0VWstwh3hywu6pRw",10
"BASTI","HARRAIYA","BHADAWAL KALA","3153003074/WH/958486255823988938","6872","https://mnregaweb4.nic.in/nregaarch/View_NMMS_atten_date_dtl_rpt.aspx?page=&short_name=UP&state_name=UTTAR%20PRADESH&state_code=31&district_name=BASTI&district_code=3153&block_name=HARRAIYA&block_code=3153003&panchayat_name=BHADAWAL%20KALA&panchayat_code=3153003074&fin_year=2025-2026&source=&work_code=3153003074/WH/958486255823988938&msr_no=6872&AttendanceDate=21/03/2026&Digest=VDGespTIwwsIkBXA5Seqjg",10
"BASTI","HARRAIYA","BHADAWAL KALA","3153003074/WH/958486255823988938","6875","https://mnregaweb4.nic.in/nregaarch/View_NMMS_atten_date_dtl_rpt.aspx?page=&short_name=UP&state_name=UTTAR%20PRADESH&state_code=31&district_name=BASTI&district_code=3153&block_name=HARRAIYA&block_code=3153003&panchayat_name=BHADAWAL%20KALA&panchayat_code=3153003074&fin_year=2025-2026&source=&work_code=3153003074/WH/958486255823988938&msr_no=6875&AttendanceDate=21/03/2026&Digest=2/9xuu8mmN2TNV1nSTU0mQ",9
"BASTI","HARRAIYA","BHADAWAL KALA","3153003074/WH/958486255823988938","6878","https://mnregaweb4.nic.in/nregaarch/View_NMMS_atten_date_dtl_rpt.aspx?page=&short_name=UP&state_name=UTTAR%20PRADESH&state_code=31&district_name=BASTI&district_code=3153&block_name=HARRAIYA&block_code=3153003&panchayat_name=BHADAWAL%20KALA&panchayat_code=3153003074&fin_year=2025-2026&source=&work_code=3153003074/WH/958486255823988938&msr_no=6878&AttendanceDate=21/03/2026&Digest=li6jtm/RFyZ5j/CMQNGsMQ",3
"BASTI","HARRAIYA","KESHAWPUR","3153003079/LD/958486255825004294","6972","https://mnregaweb4.nic.in/nregaarch/View_NMMS_atten_date_dtl_rpt.aspx?page=&short_name=UP&state_name=UTTAR%20PRADESH&state_code=31&district_name=BASTI&district_code=3153&block_name=HARRAIYA&block_code=3153003&panchayat_name=KESHAWPUR&panchayat_code=3153003079&fin_year=2025-2026&source=&work_code=3153003079/LD/958486255825004294&msr_no=6972&AttendanceDate=21/03/2026&Digest=byt7SdVDok4N1jZ6Y4/ggQ",10
"BASTI","HARRAIYA","KISHUNPUR","3153003084/RC/958486255823542539","6947","https://mnregaweb4.nic.in/nregaarch/View_NMMS_atten_date_dtl_rpt.aspx?page=&short_name=UP&state_name=UTTAR%20PRADESH&state_code=31&district_name=BASTI&district_code=3153&block_name=HARRAIYA&block_code=3153003&panchayat_name=KISHUNPUR&panchayat_code=3153003084&fin_year=2025-2026&source=&work_code=3153003084/RC/958486255823542539&msr_no=6947&AttendanceDate=21/03/2026&Digest=tNkHnuV3HL/NfQW9gMfT4Q",8
"BASTI","HARRAIYA","MIRJAPUR","3153003092/LD/958486255825008868","6834","https://mnregaweb4.nic.in/nregaarch/View_NMMS_atten_date_dtl_rpt.aspx?page=&short_name=UP&state_name=UTTAR%20PRADESH&state_code=31&district_name=BASTI&district_code=3153&block_name=HARRAIYA&block_code=3153003&panchayat_name=MIRJAPUR&panchayat_code=3153003092&fin_year=2025-2026&source=&work_code=3153003092/LD/958486255825008868&msr_no=6834&AttendanceDate=21/03/2026&Digest=HKAodJ4ETfNoblugaPaK6Q",10
"BASTI","KAPTANGANJ","BESAURA","3153005031/RC/958486255823680624","4862","https://mnregaweb4.nic.in/nregaarch/View_NMMS_atten_date_dtl_rpt.aspx?page=&short_name=UP&state_name=UTTAR%20PRADESH&state_code=31&district_name=BASTI&district_code=3153&block_name=KAPTANGANJ&block_code=3153005&panchayat_name=BESAURA&panchayat_code=3153005031&fin_year=2025-2026&source=&work_code=3153005031/RC/958486255823680624&msr_no=4862&AttendanceDate=21/03/2026&Digest=q+4w2y408gGezGhMdxlHXQ",1
"BASTI","KAPTANGANJ","SARWALIYA","3153005034/AV/958486255824178714","4823","https://mnregaweb4.nic.in/nregaarch/View_NMMS_atten_date_dtl_rpt.aspx?page=&short_name=UP&state_name=UTTAR%20PRADESH&state_code=31&district_name=BASTI&district_code=3153&block_name=KAPTANGANJ&block_code=3153005&panchayat_name=SARWALIYA&panchayat_code=3153005034&fin_year=2025-2026&source=&work_code=3153005034/AV/958486255824178714&msr_no=4823&AttendanceDate=21/03/2026&Digest=kyVOAMgwufMDQL/lgdN/fA",1
"BASTI","KAPTANGANJ","BIHRA","3153005050/RC/958486255823733116","4837","https://mnregaweb4.nic.in/nregaarch/View_NMMS_atten_date_dtl_rpt.aspx?page=&short_name=UP&state_name=UTTAR%20PRADESH&state_code=31&district_name=BASTI&district_code=3153&block_name=KAPTANGANJ&block_code=3153005&panchayat_name=BIHRA&panchayat_code=3153005050&fin_year=2025-2026&source=&work_code=3153005050/RC/958486255823733116&msr_no=4837&AttendanceDate=21/03/2026&Digest=4Itxz14xCO3/k2rQy5WRJg",1
"BASTI","KAPTANGANJ","NAIKAPAR","3153005057/LD/958486255824964925","4864","https://mnregaweb4.nic.in/nregaarch/View_NMMS_atten_date_dtl_rpt.aspx?page=&short_name=UP&state_name=UTTAR%20PRADESH&state_code=31&district_name=BASTI&district_code=3153&block_name=KAPTANGANJ&block_code=3153005&panchayat_name=NAIKAPAR&panchayat_code=3153005057&fin_year=2025-2026&source=&work_code=3153005057/LD/958486255824964925&msr_no=4864&AttendanceDate=21/03/2026&Digest=cslYKnZ9wloSoqEciH/88g",7
"BASTI","KAPTANGANJ","PARIWARPUR","3153005058/RC/958486255823676758","4830","https://mnregaweb4.nic.in/nregaarch/View_NMMS_atten_date_dtl_rpt.aspx?page=&short_name=UP&state_name=UTTAR%20PRADESH&state_code=31&district_name=BASTI&district_code=3153&block_name=KAPTANGANJ&block_code=3153005&panchayat_name=PARIWARPUR&panchayat_code=3153005058&fin_year=2025-2026&source=&work_code=3153005058/RC/958486255823676758&msr_no=4830&AttendanceDate=21/03/2026&Digest=cIL2tl0WFoAFkxfkBlE76Q",7
"BASTI","KAPTANGANJ","PARIWARPUR","3153005058/RC/958486255823693211","4819","https://mnregaweb4.nic.in/nregaarch/View_NMMS_atten_date_dtl_rpt.aspx?page=&short_name=UP&state_name=UTTAR%20PRADESH&state_code=31&district_name=BASTI&district_code=3153&block_name=KAPTANGANJ&block_code=3153005&panchayat_name=PARIWARPUR&panchayat_code=3153005058&fin_year=2025-2026&source=&work_code=3153005058/RC/958486255823693211&msr_no=4819&AttendanceDate=21/03/2026&Digest=k5Uti+NTDQVnJJ7CSwoM8w",3
"BASTI","KUDARAHA","MURADPUR","3153013002/WH/958486255823990667","8033","https://mnregaweb4.nic.in/nregaarch/View_NMMS_atten_date_dtl_rpt.aspx?page=&short_name=UP&state_name=UTTAR%20PRADESH&state_code=31&district_name=BASTI&district_code=3153&block_name=KUDARAHA&block_code=3153013&panchayat_name=MURADPUR&panchayat_code=3153013002&fin_year=2025-2026&source=&work_code=3153013002/WH/958486255823990667&msr_no=8033&AttendanceDate=21/03/2026&Digest=AwqlFySVxVvcHVoyDCa0/A",10
"BASTI","KUDARAHA","MURADPUR","3153013002/WH/958486255823990667","8036","https://mnregaweb4.nic.in/nregaarch/View_NMMS_atten_date_dtl_rpt.aspx?page=&short_name=UP&state_name=UTTAR%20PRADESH&state_code=31&district_name=BASTI&district_code=3153&block_name=KUDARAHA&block_code=3153013&panchayat_name=MURADPUR&panchayat_code=3153013002&fin_year=2025-2026&source=&work_code=3153013002/WH/958486255823990667&msr_no=8036&AttendanceDate=21/03/2026&Digest=rmnqnwe6mQCTZjjVTEJYTQ",10
"BASTI","KUDARAHA","PIPARPATI MUSTAHKAM","3153013004/RC/958486255823749540","8067","https://mnregaweb4.nic.in/nregaarch/View_NMMS_atten_date_dtl_rpt.aspx?page=&short_name=UP&state_name=UTTAR%20PRADESH&state_code=31&district_name=BASTI&district_code=3153&block_name=KUDARAHA&block_code=3153013&panchayat_name=PIPARPATI%20MUSTAHKAM&panchayat_code=3153013004&fin_year=2025-2026&source=&work_code=3153013004/RC/958486255823749540&msr_no=8067&AttendanceDate=21/03/2026&Digest=OyEQ0YX1ipHje9KDpLx7UQ",8
"BASTI","KUDARAHA","AKELA KUBERPUR","3153013008/RC/958486255823749187","7977","https://mnregaweb4.nic.in/nregaarch/View_NMMS_atten_date_dtl_rpt.aspx?page=&short_name=UP&state_name=UTTAR%20PRADESH&state_code=31&district_name=BASTI&district_code=3153&block_name=KUDARAHA&block_code=3153013&panchayat_name=AKELA%20KUBERPUR&panchayat_code=3153013008&fin_year=2025-2026&source=&work_code=3153013008/RC/958486255823749187&msr_no=7977&AttendanceDate=21/03/2026&Digest=kTSrMc7539jGWEnvp19oTg",2
"BASTI","HARRAIYA","KISHUNPUR","3153003084/RC/958486255823446020","6950","https://mnregaweb4.nic.in/nregaarch/View_NMMS_atten_date_dtl_rpt.aspx?page=&short_name=UP&state_name=UTTAR%20PRADESH&state_code=31&district_name=BASTI&district_code=3153&block_name=HARRAIYA&block_code=3153003&panchayat_name=KISHUNPUR&panchayat_code=3153003084&fin_year=2025-2026&source=&work_code=3153003084/RC/958486255823446020&msr_no=6950&AttendanceDate=21/03/2026&Digest=ANYMGdaxMHd/wXHQ2g0enw",2
"BASTI","HARRAIYA","RAJAULI","3153003097/IC/958486255823741420","6882","https://mnregaweb4.nic.in/nregaarch/View_NMMS_atten_date_dtl_rpt.aspx?page=&short_name=UP&state_name=UTTAR%20PRADESH&state_code=31&district_name=BASTI&district_code=3153&block_name=HARRAIYA&block_code=3153003&panchayat_name=RAJAULI&panchayat_code=3153003097&fin_year=2025-2026&source=&work_code=3153003097/IC/958486255823741420&msr_no=6882&AttendanceDate=21/03/2026&Digest=Pl7Y5ofLxcdXBJ/MUYKT+A",10
"BASTI","KAPTANGANJ","BARHNI","3153005046/RC/YD/958486255823699536","4817","https://mnregaweb4.nic.in/nregaarch/View_NMMS_atten_date_dtl_rpt.aspx?page=&short_name=UP&state_name=UTTAR%20PRADESH&state_code=31&district_name=BASTI&district_code=3153&block_name=KAPTANGANJ&block_code=3153005&panchayat_name=BARHNI&panchayat_code=3153005046&fin_year=2025-2026&source=&work_code=3153005046/RC/YD/958486255823699536&msr_no=4817&AttendanceDate=21/03/2026&Digest=lt7gyxZ09RrGFU9DLwfclw",7
"BASTI","KAPTANGANJ","RAMGARH URF KATHAR JANGAL","3153005053/RC/958486255823735481","4797","https://mnregaweb4.nic.in/nregaarch/View_NMMS_atten_date_dtl_rpt.aspx?page=&short_name=UP&state_name=UTTAR%20PRADESH&state_code=31&district_name=BASTI&district_code=3153&block_name=KAPTANGANJ&block_code=3153005&panchayat_name=RAMGARH%20URF%20KATHAR%20JANGAL&panchayat_code=3153005053&fin_year=2025-2026&source=&work_code=3153005053/RC/958486255823735481&msr_no=4797&AttendanceDate=21/03/2026&Digest=C84pce+Lbes7OajFVZNU6A",10
"BASTI","KAPTANGANJ","POKHRA","3153005054/RC/958486255823735764","4855","https://mnregaweb4.nic.in/nregaarch/View_NMMS_atten_date_dtl_rpt.aspx?page=&short_name=UP&state_name=UTTAR%20PRADESH&state_code=31&district_name=BASTI&district_code=3153&block_name=KAPTANGANJ&block_code=3153005&panchayat_name=POKHRA&panchayat_code=3153005054&fin_year=2025-2026&source=&work_code=3153005054/RC/958486255823735764&msr_no=4855&AttendanceDate=21/03/2026&Digest=fw8lY0UbEUQB/8UTN4pm8g",9
"BASTI","KAPTANGANJ","PARIWARPUR","3153005058/RC/958486255823693209","4820","https://mnregaweb4.nic.in/nregaarch/View_NMMS_atten_date_dtl_rpt.aspx?page=&short_name=UP&state_name=UTTAR%20PRADESH&state_code=31&district_name=BASTI&district_code=3153&block_name=KAPTANGANJ&block_code=3153005&panchayat_name=PARIWARPUR&panchayat_code=3153005058&fin_year=2025-2026&source=&work_code=3153005058/RC/958486255823693209&msr_no=4820&AttendanceDate=21/03/2026&Digest=Nf01BA7oNc2xBCnawF+o9w",7
"BASTI","KUDARAHA","BHERWA","3153013009/RC/958486255823743141","7624","https://mnregaweb4.nic.in/nregaarch/View_NMMS_atten_date_dtl_rpt.aspx?page=&short_name=UP&state_name=UTTAR%20PRADESH&state_code=31&district_name=BASTI&district_code=3153&block_name=KUDARAHA&block_code=3153013&panchayat_name=BHERWA&panchayat_code=3153013009&fin_year=2025-2026&source=&work_code=3153013009/RC/958486255823743141&msr_no=7624&AttendanceDate=21/03/2026&Digest=SWmy6ETa9w52rVDf34GIhg",4
"BASTI","KUDARAHA","SHIVPUR","3153013013/RC/958486255823677140","7898","https://mnregaweb4.nic.in/nregaarch/View_NMMS_atten_date_dtl_rpt.aspx?page=&short_name=UP&state_name=UTTAR%20PRADESH&state_code=31&district_name=BASTI&district_code=3153&block_name=KUDARAHA&block_code=3153013&panchayat_name=SHIVPUR&panchayat_code=3153013013&fin_year=2025-2026&source=&work_code=3153013013/RC/958486255823677140&msr_no=7898&AttendanceDate=21/03/2026&Digest=922vHWwDOid6C8vcjQBpqw",4
"BASTI","KUDARAHA","RASOOLPUR","3153013020/RC/958486255823670231","7966","https://mnregaweb4.nic.in/nregaarch/View_NMMS_atten_date_dtl_rpt.aspx?page=&short_name=UP&state_name=UTTAR%20PRADESH&state_code=31&district_name=BASTI&district_code=3153&block_name=KUDARAHA&block_code=3153013&panchayat_name=RASOOLPUR&panchayat_code=3153013020&fin_year=2025-2026&source=&work_code=3153013020/RC/958486255823670231&msr_no=7966&AttendanceDate=21/03/2026&Digest=VvbEtdtG7FWSTCGdDXTZ2g",10
"BASTI","KUDARAHA","RASOOLPUR","3153013020/RC/958486255823670231","7969","https://mnregaweb4.nic.in/nregaarch/View_NMMS_atten_date_dtl_rpt.aspx?page=&short_name=UP&state_name=UTTAR%20PRADESH&state_code=31&district_name=BASTI&district_code=3153&block_name=KUDARAHA&block_code=3153013&panchayat_name=RASOOLPUR&panchayat_code=3153013020&fin_year=2025-2026&source=&work_code=3153013020/RC/958486255823670231&msr_no=7969&AttendanceDate=21/03/2026&Digest=qIJtfo91cnB+h9/lxGhj0Q",10
"BASTI","KUDARAHA","RASOOLPUR","3153013020/RC/958486255823670231","7972","https://mnregaweb4.nic.in/nregaarch/View_NMMS_atten_date_dtl_rpt.aspx?page=&short_name=UP&state_name=UTTAR%20PRADESH&state_code=31&district_name=BASTI&district_code=3153&block_name=KUDARAHA&block_code=3153013&panchayat_name=RASOOLPUR&panchayat_code=3153013020&fin_year=2025-2026&source=&work_code=3153013020/RC/958486255823670231&msr_no=7972&AttendanceDate=21/03/2026&Digest=RHZmlIr1VugcMLFTHBCbqQ",9
"BASTI","KUDARAHA","CHAKIYA","3153013021/LD/958486255825007259","7495","https://mnregaweb4.nic.in/nregaarch/View_NMMS_atten_date_dtl_rpt.aspx?page=&short_name=UP&state_name=UTTAR%20PRADESH&state_code=31&district_name=BASTI&district_code=3153&block_name=KUDARAHA&block_code=3153013&panchayat_name=CHAKIYA&panchayat_code=3153013021&fin_year=2025-2026&source=&work_code=3153013021/LD/958486255825007259&msr_no=7495&AttendanceDate=21/03/2026&Digest=+5Hzh0tA+H6vrwl7Wh+f1g",9
"BASTI","KUDARAHA","CHHIBRA","3153013023/RC/958486255823701120","7730","https://mnregaweb4.nic.in/nregaarch/View_NMMS_atten_date_dtl_rpt.aspx?page=&short_name=UP&state_name=UTTAR%20PRADESH&state_code=31&district_name=BASTI&district_code=3153&block_name=KUDARAHA&block_code=3153013&panchayat_name=CHHIBRA&panchayat_code=3153013023&fin_year=2025-2026&source=&work_code=3153013023/RC/958486255823701120&msr_no=7730&AttendanceDate=21/03/2026&Digest=KSBWulU+yhnIds8JHD4B4A",2
"BASTI","KUDARAHA","CHHIBRA","3153013023/RC/958486255823701124","7731","https://mnregaweb4.nic.in/nregaarch/View_NMMS_atten_date_dtl_rpt.aspx?page=&short_name=UP&state_name=UTTAR%20PRADESH&state_code=31&district_name=BASTI&district_code=3153&block_name=KUDARAHA&block_code=3153013&panchayat_name=CHHIBRA&panchayat_code=3153013023&fin_year=2025-2026&source=&work_code=3153013023/RC/958486255823701124&msr_no=7731&AttendanceDate=21/03/2026&Digest=zNgP6t/kmh7gbsgwcIyYtA",7
"BASTI","KUDARAHA","GAURA ROHARI","3153013024/LD/958486255824973367","7593","https://mnregaweb4.nic.in/nregaarch/View_NMMS_atten_date_dtl_rpt.aspx?page=&short_name=UP&state_name=UTTAR%20PRADESH&state_code=31&district_name=BASTI&district_code=3153&block_name=KUDARAHA&block_code=3153013&panchayat_name=GAURA%20ROHARI&panchayat_code=3153013024&fin_year=2025-2026&source=&work_code=3153013024/LD/958486255824973367&msr_no=7593&AttendanceDate=21/03/2026&Digest=RL+HulD8njZqaUOBOAE5ug",10
"BASTI","KUDARAHA","GAURA ROHARI","3153013024/LD/958486255824973367","7596","https://mnregaweb4.nic.in/nregaarch/View_NMMS_atten_date_dtl_rpt.aspx?page=&short_name=UP&state_name=UTTAR%20PRADESH&state_code=31&district_name=BASTI&district_code=3153&block_name=KUDARAHA&block_code=3153013&panchayat_name=GAURA%20ROHARI&panchayat_code=3153013024&fin_year=2025-2026&source=&work_code=3153013024/LD/958486255824973367&msr_no=7596&AttendanceDate=21/03/2026&Digest=/i0gqTLRW4njCDHINX8FBg",4
"BASTI","KUDARAHA","GANGAPUR","3153013025/AV/958486255824174967","7776","https://mnregaweb4.nic.in/nregaarch/View_NMMS_atten_date_dtl_rpt.aspx?page=&short_name=UP&state_name=UTTAR%20PRADESH&state_code=31&district_name=BASTI&district_code=3153&block_name=KUDARAHA&block_code=3153013&panchayat_name=GANGAPUR&panchayat_code=3153013025&fin_year=2025-2026&source=&work_code=3153013025/AV/958486255824174967&msr_no=7776&AttendanceDate=21/03/2026&Digest=5H8aD2kopvPvoizZ3u0tIw",4
"BASTI","KUDARAHA","THANWA MUDYARI","3153013027/LD/958486255824954841","7822","https://mnregaweb4.nic.in/nregaarch/View_NMMS_atten_date_dtl_rpt.aspx?page=&short_name=UP&state_name=UTTAR%20PRADESH&state_code=31&district_name=BASTI&district_code=3153&block_name=KUDARAHA&block_code=3153013&panchayat_name=THANWA%20MUDYARI&panchayat_code=3153013027&fin_year=2025-2026&source=&work_code=3153013027/LD/958486255824954841&msr_no=7822&AttendanceDate=21/03/2026&Digest=MlKCc1RtamL/inbH3hS2Bg",1
"BASTI","KUDARAHA","KORMA","3153013029/RC/958486255823748565","7911","https://mnregaweb4.nic.in/nregaarch/View_NMMS_atten_date_dtl_rpt.aspx?page=&short_name=UP&state_name=UTTAR%20PRADESH&state_code=31&district_name=BASTI&district_code=3153&block_name=KUDARAHA&block_code=3153013&panchayat_name=KORMA&panchayat_code=3153013029&fin_year=2025-2026&source=&work_code=3153013029/RC/958486255823748565&msr_no=7911&AttendanceDate=21/03/2026&Digest=hD10yV4im1Z7YLYFRnR+lg",7
"BASTI","KUDARAHA","JAGANNATHPUR","3153013035/LD/958486255824982495","7659","https://mnregaweb4.nic.in/nregaarch/View_NMMS_atten_date_dtl_rpt.aspx?page=&short_name=UP&state_name=UTTAR%20PRADESH&state_code=31&district_name=BASTI&district_code=3153&block_name=KUDARAHA&block_code=3153013&panchayat_name=JAGANNATHPUR&panchayat_code=3153013035&fin_year=2025-2026&source=&work_code=3153013035/LD/958486255824982495&msr_no=7659&AttendanceDate=21/03/2026&Digest=ydJ7CVB8AUwq2yvqT6+/yg",9
"BASTI","KUDARAHA","DELHWA","3153013037/LD/958486255824957055","7487","https://mnregaweb4.nic.in/nregaarch/View_NMMS_atten_date_dtl_rpt.aspx?page=&short_name=UP&state_name=UTTAR%20PRADESH&state_code=31&district_name=BASTI&district_code=3153&block_name=KUDARAHA&block_code=3153013&panchayat_name=DELHWA&panchayat_code=3153013037&fin_year=2025-2026&source=&work_code=3153013037/LD/958486255824957055&msr_no=7487&AttendanceDate=21/03/2026&Digest=TYbe8GptsZ/sJ+akkE7/oQ",8
"BASTI","KUDARAHA","MADHOPUR","3153013038/RC/958486255823738295","7603","https://mnregaweb4.nic.in/nregaarch/View_NMMS_atten_date_dtl_rpt.aspx?page=&short_name=UP&state_name=UTTAR%20PRADESH&state_code=31&district_name=BASTI&district_code=3153&block_name=KUDARAHA&block_code=3153013&panchayat_name=MADHOPUR&panchayat_code=3153013038&fin_year=2025-2026&source=&work_code=3153013038/RC/958486255823738295&msr_no=7603&AttendanceDate=21/03/2026&Digest=BcKJdDBtCQPQOy3yaQxD1Q",4
"BASTI","KUDARAHA","KABRA KHAS","3153013043/RC/958486255823706794","7871","https://mnregaweb4.nic.in/nregaarch/View_NMMS_atten_date_dtl_rpt.aspx?page=&short_name=UP&state_name=UTTAR%20PRADESH&state_code=31&district_name=BASTI&district_code=3153&block_name=KUDARAHA&block_code=3153013&panchayat_name=KABRA%20KHAS&panchayat_code=3153013043&fin_year=2025-2026&source=&work_code=3153013043/RC/958486255823706794&msr_no=7871&AttendanceDate=21/03/2026&Digest=IpDbv9cpVq9NFPzGy89Ylw",9
"BASTI","KUDARAHA","PASRA","3153013046/LD/958486255824692148","7664","https://mnregaweb4.nic.in/nregaarch/View_NMMS_atten_date_dtl_rpt.aspx?page=&short_name=UP&state_name=UTTAR%20PRADESH&state_code=31&district_name=BASTI&district_code=3153&block_name=KUDARAHA&block_code=3153013&panchayat_name=PASRA&panchayat_code=3153013046&fin_year=2025-2026&source=&work_code=3153013046/LD/958486255824692148&msr_no=7664&AttendanceDate=21/03/2026&Digest=6SYJgzDE0Y9XKbRkb0hrbA",10
"BASTI","KUDARAHA","PASRA","3153013046/RC/958486255823746514","7555","https://mnregaweb4.nic.in/nregaarch/View_NMMS_atten_date_dtl_rpt.aspx?page=&short_name=UP&state_name=UTTAR%20PRADESH&state_code=31&district_name=BASTI&district_code=3153&block_name=KUDARAHA&block_code=3153013&panchayat_name=PASRA&panchayat_code=3153013046&fin_year=2025-2026&source=&work_code=3153013046/RC/958486255823746514&msr_no=7555&AttendanceDate=21/03/2026&Digest=jQOL8pWpMbjWRYbKCTPdVw",9
"BASTI","KUDARAHA","PASRA","3153013046/RC/958486255823746514","7558","https://mnregaweb4.nic.in/nregaarch/View_NMMS_atten_date_dtl_rpt.aspx?page=&short_name=UP&state_name=UTTAR%20PRADESH&state_code=31&district_name=BASTI&district_code=3153&block_name=KUDARAHA&block_code=3153013&panchayat_name=PASRA&panchayat_code=3153013046&fin_year=2025-2026&source=&work_code=3153013046/RC/958486255823746514&msr_no=7558&AttendanceDate=21/03/2026&Digest=ahleYuXfhSED4zvFxfJuzQ",9
"BASTI","KUDARAHA","BAISIYA KALA","3153013050/RC/958486255823747631","7814","https://mnregaweb4.nic.in/nregaarch/View_NMMS_atten_date_dtl_rpt.aspx?page=&short_name=UP&state_name=UTTAR%20PRADESH&state_code=31&district_name=BASTI&district_code=3153&block_name=KUDARAHA&block_code=3153013&panchayat_name=BAISIYA%20KALA&panchayat_code=3153013050&fin_year=2025-2026&source=&work_code=3153013050/RC/958486255823747631&msr_no=7814&AttendanceDate=21/03/2026&Digest=o+XZdP3bFARh57qV+NITOg",3
"BASTI","KUDARAHA","BAISIYA KALA","3153013050/RC/958486255823747632","7817","https://mnregaweb4.nic.in/nregaarch/View_NMMS_atten_date_dtl_rpt.aspx?page=&short_name=UP&state_name=UTTAR%20PRADESH&state_code=31&district_name=BASTI&district_code=3153&block_name=KUDARAHA&block_code=3153013&panchayat_name=BAISIYA%20KALA&panchayat_code=3153013050&fin_year=2025-2026&source=&work_code=3153013050/RC/958486255823747632&msr_no=7817&AttendanceDate=21/03/2026&Digest=YJ2Y1gfJv30TQFfX0PMTzg",7
"BASTI","KUDARAHA","HATHIYAVKALA","3153013054/RC/958486255823672224","7768","https://mnregaweb4.nic.in/nregaarch/View_NMMS_atten_date_dtl_rpt.aspx?page=&short_name=UP&state_name=UTTAR%20PRADESH&state_code=31&district_name=BASTI&district_code=3153&block_name=KUDARAHA&block_code=3153013&panchayat_name=HATHIYAVKALA&panchayat_code=3153013054&fin_year=2025-2026&source=&work_code=3153013054/RC/958486255823672224&msr_no=7768&AttendanceDate=21/03/2026&Digest=LfX5En5/2cbTn8GFGUusIQ",3
"BASTI","KUDARAHA","PAERMESHWARPUR","3153013056/RC/958486255823748250","8098","https://mnregaweb4.nic.in/nregaarch/View_NMMS_atten_date_dtl_rpt.aspx?page=&short_name=UP&state_name=UTTAR%20PRADESH&state_code=31&district_name=BASTI&district_code=3153&block_name=KUDARAHA&block_code=3153013&panchayat_name=PAERMESHWARPUR&panchayat_code=3153013056&fin_year=2025-2026&source=&work_code=3153013056/RC/958486255823748250&msr_no=8098&AttendanceDate=21/03/2026&Digest=bVln/0giv4iCOFTKoMBLsA",10
"BASTI","KUDARAHA","MANJHARIYA","3153013057/LD/958486255824945664","7648","https://mnregaweb4.nic.in/nregaarch/View_NMMS_atten_date_dtl_rpt.aspx?page=&short_name=UP&state_name=UTTAR%20PRADESH&state_code=31&district_name=BASTI&district_code=3153&block_name=KUDARAHA&block_code=3153013&panchayat_name=MANJHARIYA&panchayat_code=3153013057&fin_year=2025-2026&source=&work_code=3153013057/LD/958486255824945664&msr_no=7648&AttendanceDate=21/03/2026&Digest=JYfC8tWvNKZEyywR40Yqtg",10
"BASTI","KUDARAHA","MANJHARIYA","3153013057/LD/958486255824945664","7651","https://mnregaweb4.nic.in/nregaarch/View_NMMS_atten_date_dtl_rpt.aspx?page=&short_name=UP&state_name=UTTAR%20PRADESH&state_code=31&district_name=BASTI&district_code=3153&block_name=KUDARAHA&block_code=3153013&panchayat_name=MANJHARIYA&panchayat_code=3153013057&fin_year=2025-2026&source=&work_code=3153013057/LD/958486255824945664&msr_no=7651&AttendanceDate=21/03/2026&Digest=YcHaEKh/w/e3yM8XIGeqYQ",10
"BASTI","KUDARAHA","MANJHARIYA","3153013057/RC/958486255823656451","7547","https://mnregaweb4.nic.in/nregaarch/View_NMMS_atten_date_dtl_rpt.aspx?page=&short_name=UP&state_name=UTTAR%20PRADESH&state_code=31&district_name=BASTI&district_code=3153&block_name=KUDARAHA&block_code=3153013&panchayat_name=MANJHARIYA&panchayat_code=3153013057&fin_year=2025-2026&source=&work_code=3153013057/RC/958486255823656451&msr_no=7547&AttendanceDate=21/03/2026&Digest=D7eMU3xP3Zqqt4MOm8VDFg",10
"BASTI","KUDARAHA","BAANPUR","3153013059/RC/958486255823694008","7706","https://mnregaweb4.nic.in/nregaarch/View_NMMS_atten_date_dtl_rpt.aspx?page=&short_name=UP&state_name=UTTAR%20PRADESH&state_code=31&district_name=BASTI&district_code=3153&block_name=KUDARAHA&block_code=3153013&panchayat_name=BAANPUR&panchayat_code=3153013059&fin_year=2025-2026&source=&work_code=3153013059/RC/958486255823694008&msr_no=7706&AttendanceDate=21/03/2026&Digest=tnEnJHtr0zboC3qvoTPXeg",10
"BASTI","KUDARAHA","TENUA","3153013064/LD/958486255825009974","7569","https://mnregaweb4.nic.in/nregaarch/View_NMMS_atten_date_dtl_rpt.aspx?page=&short_name=UP&state_name=UTTAR%20PRADESH&state_code=31&district_name=BASTI&district_code=3153&block_name=KUDARAHA&block_code=3153013&panchayat_name=TENUA&panchayat_code=3153013064&fin_year=2025-2026&source=&work_code=3153013064/LD/958486255825009974&msr_no=7569&AttendanceDate=21/03/2026&Digest=j9eqsPFfvJC8zEuPjdQMiQ",9
"BASTI","KUDARAHA","TENUA","3153013064/LD/958486255825009975","7563","https://mnregaweb4.nic.in/nregaarch/View_NMMS_atten_date_dtl_rpt.aspx?page=&short_name=UP&state_name=UTTAR%20PRADESH&state_code=31&district_name=BASTI&district_code=3153&block_name=KUDARAHA&block_code=3153013&panchayat_name=TENUA&panchayat_code=3153013064&fin_year=2025-2026&source=&work_code=3153013064/LD/958486255825009975&msr_no=7563&AttendanceDate=21/03/2026&Digest=/F0k14VUdzLFj8pT2zIWkA",10
"BASTI","KUDARAHA","TENUA","3153013064/LD/958486255825009975","7566","https://mnregaweb4.nic.in/nregaarch/View_NMMS_atten_date_dtl_rpt.aspx?page=&short_name=UP&state_name=UTTAR%20PRADESH&state_code=31&district_name=BASTI&district_code=3153&block_name=KUDARAHA&block_code=3153013&panchayat_name=TENUA&panchayat_code=3153013064&fin_year=2025-2026&source=&work_code=3153013064/LD/958486255825009975&msr_no=7566&AttendanceDate=21/03/2026&Digest=JeO60Tj7kqeEkSviiJmBFQ",10
"BASTI","KUDARAHA","BAIRARA MUSTAHKAM","3153013065/RC/958486255823747327","7474","https://mnregaweb4.nic.in/nregaarch/View_NMMS_atten_date_dtl_rpt.aspx?page=&short_name=UP&state_name=UTTAR%20PRADESH&state_code=31&district_name=BASTI&district_code=3153&block_name=KUDARAHA&block_code=3153013&panchayat_name=BAIRARA%20MUSTAHKAM&panchayat_code=3153013065&fin_year=2025-2026&source=&work_code=3153013065/RC/958486255823747327&msr_no=7474&AttendanceDate=21/03/2026&Digest=JYU38ThnxF86eDD9bdC8JQ",8
"BASTI","KUDARAHA","PIPARPATI EHATMALI","3153013071/RC/958486255823700979","7932","https://mnregaweb4.nic.in/nregaarch/View_NMMS_atten_date_dtl_rpt.aspx?page=&short_name=UP&state_name=UTTAR%20PRADESH&state_code=31&district_name=BASTI&district_code=3153&block_name=KUDARAHA&block_code=3153013&panchayat_name=PIPARPATI%20EHATMALI&panchayat_code=3153013071&fin_year=2025-2026&source=&work_code=3153013071/RC/958486255823700979&msr_no=7932&AttendanceDate=21/03/2026&Digest=sZccQPWnGMUNGHCw/vUHLQ",10
"BASTI","KUDARAHA","PIPARPATI EHATMALI","3153013071/RC/958486255823700979","7935","https://mnregaweb4.nic.in/nregaarch/View_NMMS_atten_date_dtl_rpt.aspx?page=&short_name=UP&state_name=UTTAR%20PRADESH&state_code=31&district_name=BASTI&district_code=3153&block_name=KUDARAHA&block_code=3153013&panchayat_name=PIPARPATI%20EHATMALI&panchayat_code=3153013071&fin_year=2025-2026&source=&work_code=3153013071/RC/958486255823700979&msr_no=7935&AttendanceDate=21/03/2026&Digest=dUeDa99X05goB4Ui2OKSDw",9
"BASTI","PARAS RAMPUR","DHOSHAR MISHRA","3153001085/LD/958486255824966588","9452","https://mnregaweb4.nic.in/nregaarch/View_NMMS_atten_date_dtl_rpt.aspx?page=&short_name=UP&state_name=UTTAR%20PRADESH&state_code=31&district_name=BASTI&district_code=3153&block_name=PARAS%20RAMPUR&block_code=3153001&panchayat_name=DHOSHAR%20MISHRA&panchayat_code=3153001085&fin_year=2025-2026&source=&work_code=3153001085/LD/958486255824966588&msr_no=9452&AttendanceDate=21/03/2026&Digest=bvo3VE1nRHFDRLJQrQ5YIg",10
"BASTI","PARAS RAMPUR","DHOSHAR MISHRA","3153001085/LD/958486255824966588","9455","https://mnregaweb4.nic.in/nregaarch/View_NMMS_atten_date_dtl_rpt.aspx?page=&short_name=UP&state_name=UTTAR%20PRADESH&state_code=31&district_name=BASTI&district_code=3153&block_name=PARAS%20RAMPUR&block_code=3153001&panchayat_name=DHOSHAR%20MISHRA&panchayat_code=3153001085&fin_year=2025-2026&source=&work_code=3153001085/LD/958486255824966588&msr_no=9455&AttendanceDate=21/03/2026&Digest=1uZ9on7E8wXgE54xqK14AQ",8
"BASTI","PARAS RAMPUR","BILARI BHITI","3153001092/LD/958486255824949574","9195","https://mnregaweb4.nic.in/nregaarch/View_NMMS_atten_date_dtl_rpt.aspx?page=&short_name=UP&state_name=UTTAR%20PRADESH&state_code=31&district_name=BASTI&district_code=3153&block_name=PARAS%20RAMPUR&block_code=3153001&panchayat_name=BILARI%20BHITI&panchayat_code=3153001092&fin_year=2025-2026&source=&work_code=3153001092/LD/958486255824949574&msr_no=9195&AttendanceDate=21/03/2026&Digest=VMR1ww960SPoOqaEho8Ilw",7
"BASTI","PARAS RAMPUR","PITUDA","3153001093/LD/958486255824888940","9306","https://mnregaweb4.nic.in/nregaarch/View_NMMS_atten_date_dtl_rpt.aspx?page=&short_name=UP&state_name=UTTAR%20PRADESH&state_code=31&district_name=BASTI&district_code=3153&block_name=PARAS%20RAMPUR&block_code=3153001&panchayat_name=PITUDA&panchayat_code=3153001093&fin_year=2025-2026&source=&work_code=3153001093/LD/958486255824888940&msr_no=9306&AttendanceDate=21/03/2026&Digest=+1faXdXHYaDrEsmtE8psfQ",7
"BASTI","PARAS RAMPUR","RAMPUR NAV NIDHI RAI","3153001096/LD/958486255824671641","9618","https://mnregaweb4.nic.in/nregaarch/View_NMMS_atten_date_dtl_rpt.aspx?page=&short_name=UP&state_name=UTTAR%20PRADESH&state_code=31&district_name=BASTI&district_code=3153&block_name=PARAS%20RAMPUR&block_code=3153001&panchayat_name=RAMPUR%20NAV%20NIDHI%20RAI&panchayat_code=3153001096&fin_year=2025-2026&source=&work_code=3153001096/LD/958486255824671641&msr_no=9618&AttendanceDate=21/03/2026&Digest=n6Th31ufP3NfcqpAJYFjlg",10
"BASTI","PARAS RAMPUR","JAMOLIYA PANDEY","3153001102/RC/958486255823726351","9528","https://mnregaweb4.nic.in/nregaarch/View_NMMS_atten_date_dtl_rpt.aspx?page=&short_name=UP&state_name=UTTAR%20PRADESH&state_code=31&district_name=BASTI&district_code=3153&block_name=PARAS%20RAMPUR&block_code=3153001&panchayat_name=JAMOLIYA%20PANDEY&panchayat_code=3153001102&fin_year=2025-2026&source=&work_code=3153001102/RC/958486255823726351&msr_no=9528&AttendanceDate=21/03/2026&Digest=qEMr0VwuOC3IcGi91K/UPQ",10
"BASTI","PARAS RAMPUR","LACHHIPUR","3153001106/LD/958486255824900960","9290","https://mnregaweb4.nic.in/nregaarch/View_NMMS_atten_date_dtl_rpt.aspx?page=&short_name=UP&state_name=UTTAR%20PRADESH&state_code=31&district_name=BASTI&district_code=3153&block_name=PARAS%20RAMPUR&block_code=3153001&panchayat_name=LACHHIPUR&panchayat_code=3153001106&fin_year=2025-2026&source=&work_code=3153001106/LD/958486255824900960&msr_no=9290&AttendanceDate=21/03/2026&Digest=w0sWp5R8yOqnRd5jezamuA",9
"BASTI","PARAS RAMPUR","LACHHIPUR","3153001106/LD/958486255824901004","9294","https://mnregaweb4.nic.in/nregaarch/View_NMMS_atten_date_dtl_rpt.aspx?page=&short_name=UP&state_name=UTTAR%20PRADESH&state_code=31&district_name=BASTI&district_code=3153&block_name=PARAS%20RAMPUR&block_code=3153001&panchayat_name=LACHHIPUR&panchayat_code=3153001106&fin_year=2025-2026&source=&work_code=3153001106/LD/958486255824901004&msr_no=9294&AttendanceDate=21/03/2026&Digest=yEZI5Ome4nVVbHUNMb63lQ",7
"BASTI","PARAS RAMPUR","LACHHIPUR","3153001106/WC/958486255824214723","9516","https://mnregaweb4.nic.in/nregaarch/View_NMMS_atten_date_dtl_rpt.aspx?page=&short_name=UP&state_name=UTTAR%20PRADESH&state_code=31&district_name=BASTI&district_code=3153&block_name=PARAS%20RAMPUR&block_code=3153001&panchayat_name=LACHHIPUR&panchayat_code=3153001106&fin_year=2025-2026&source=&work_code=3153001106/WC/958486255824214723&msr_no=9516&AttendanceDate=21/03/2026&Digest=u+dwUYVEC46VSNSaUXvFFQ",10
"BASTI","RAMNAGAR","AHIRAULA","3153006002/RC/958486255823713516","6145","https://mnregaweb4.nic.in/nregaarch/View_NMMS_atten_date_dtl_rpt.aspx?page=&short_name=UP&state_name=UTTAR%20PRADESH&state_code=31&district_name=BASTI&district_code=3153&block_name=RAMNAGAR&block_code=3153006&panchayat_name=AHIRAULA&panchayat_code=3153006002&fin_year=2025-2026&source=&work_code=3153006002/RC/958486255823713516&msr_no=6145&AttendanceDate=21/03/2026&Digest=Y+3fsFDshqeMHyvJ941CRA",5
"BASTI","RAMNAGAR","BEILI","3153006014/RC/958486255823749832","6112","https://mnregaweb4.nic.in/nregaarch/View_NMMS_atten_date_dtl_rpt.aspx?page=&short_name=UP&state_name=UTTAR%20PRADESH&state_code=31&district_name=BASTI&district_code=3153&block_name=RAMNAGAR&block_code=3153006&panchayat_name=BEILI&panchayat_code=3153006014&fin_year=2025-2026&source=&work_code=3153006014/RC/958486255823749832&msr_no=6112&AttendanceDate=21/03/2026&Digest=3Kp41PmQ/DhqXv/95AWWgA",3
"BASTI","RAMNAGAR","MAJHARI BAZAR","3153006042/RC/958486255823749133","5995","https://mnregaweb4.nic.in/nregaarch/View_NMMS_atten_date_dtl_rpt.aspx?page=&short_name=UP&state_name=UTTAR%20PRADESH&state_code=31&district_name=BASTI&district_code=3153&block_name=RAMNAGAR&block_code=3153006&panchayat_name=MAJHARI%20BAZAR&panchayat_code=3153006042&fin_year=2025-2026&source=&work_code=3153006042/RC/958486255823749133&msr_no=5995&AttendanceDate=21/03/2026&Digest=cagE3g3vT3RO7Ag3WBKN2g",4
"BASTI","RAMNAGAR","MANJHARI","3153006052/AV/958486255824157779","6027","https://mnregaweb4.nic.in/nregaarch/View_NMMS_atten_date_dtl_rpt.aspx?page=&short_name=UP&state_name=UTTAR%20PRADESH&state_code=31&district_name=BASTI&district_code=3153&block_name=RAMNAGAR&block_code=3153006&panchayat_name=MANJHARI&panchayat_code=3153006045&fin_year=2025-2026&source=&work_code=3153006052/AV/958486255824157779&msr_no=6027&AttendanceDate=21/03/2026&Digest=cUWCZF39fZKVqHiusum9Hw",4
"BASTI","RAMNAGAR","IBRAHIMCHAK SEKHAPUR","3153006071/RC/958486255823721459","6072","https://mnregaweb4.nic.in/nregaarch/View_NMMS_atten_date_dtl_rpt.aspx?page=&short_name=UP&state_name=UTTAR%20PRADESH&state_code=31&district_name=BASTI&district_code=3153&block_name=RAMNAGAR&block_code=3153006&panchayat_name=IBRAHIMCHAK%20SEKHAPUR&panchayat_code=3153006071&fin_year=2025-2026&source=&work_code=3153006071/RC/958486255823721459&msr_no=6072&AttendanceDate=21/03/2026&Digest=fEa4YoGz5IdmMfbloe2anA",4
"BASTI","RAMNAGAR","KOLHUIEE","3153006076/RC/958486255823750755","6106","https://mnregaweb4.nic.in/nregaarch/View_NMMS_atten_date_dtl_rpt.aspx?page=&short_name=UP&state_name=UTTAR%20PRADESH&state_code=31&district_name=BASTI&district_code=3153&block_name=RAMNAGAR&block_code=3153006&panchayat_name=KOLHUIEE&panchayat_code=3153006076&fin_year=2025-2026&source=&work_code=3153006076/RC/958486255823750755&msr_no=6106&AttendanceDate=21/03/2026&Digest=IImgpfOTbVNskFni2gSAgQ",8
"BASTI","RAMNAGAR","MAILANI URF HINDU NAGAR","3153006079/RC/958486255823731816","6074","https://mnregaweb4.nic.in/nregaarch/View_NMMS_atten_date_dtl_rpt.aspx?page=&short_name=UP&state_name=UTTAR%20PRADESH&state_code=31&district_name=BASTI&district_code=3153&block_name=RAMNAGAR&block_code=3153006&panchayat_name=MAILANI%20URF%20HINDU%20NAGAR&panchayat_code=3153006079&fin_year=2025-2026&source=&work_code=3153006079/RC/958486255823731816&msr_no=6074&AttendanceDate=21/03/2026&Digest=GfX43dOAtnekX81G4PDpOw",4
"BASTI","RAMNAGAR","TURKAULIYA RAI","3153006087/AV/958486255824148448","6116","https://mnregaweb4.nic.in/nregaarch/View_NMMS_atten_date_dtl_rpt.aspx?page=&short_name=UP&state_name=UTTAR%20PRADESH&state_code=31&district_name=BASTI&district_code=3153&block_name=RAMNAGAR&block_code=3153006&panchayat_name=TURKAULIYA%20RAI&panchayat_code=3153006087&fin_year=2025-2026&source=&work_code=3153006087/AV/958486255824148448&msr_no=6116&AttendanceDate=21/03/2026&Digest=2G3iha0S4THfGKgADRHZOg",4
"BASTI","RUDAULI","AAMWARI","3153008001/WH/958486255824013295","5891","https://mnregaweb4.nic.in/nregaarch/View_NMMS_atten_date_dtl_rpt.aspx?page=&short_name=UP&state_name=UTTAR%20PRADESH&state_code=31&district_name=BASTI&district_code=3153&block_name=RUDAULI&block_code=3153008&panchayat_name=AAMWARI&panchayat_code=3153008001&fin_year=2025-2026&source=&work_code=3153008001/WH/958486255824013295&msr_no=5891&AttendanceDate=21/03/2026&Digest=tlO/6ssJiuNHPVoD4ThdSQ",7
"BASTI","RUDAULI","BABHANI MISHR","3153008005/RC/958486255823749295","6131","https://mnregaweb4.nic.in/nregaarch/View_NMMS_atten_date_dtl_rpt.aspx?page=&short_name=UP&state_name=UTTAR%20PRADESH&state_code=31&district_name=BASTI&district_code=3153&block_name=RUDAULI&block_code=3153008&panchayat_name=BABHANI%20MISHR&panchayat_code=3153008005&fin_year=2025-2026&source=&work_code=3153008005/RC/958486255823749295&msr_no=6131&AttendanceDate=21/03/2026&Digest=pTbh93iHEDpjpwgLpQjZEQ",2
"BASTI","RUDAULI","BHARAULI","3153008012/WH/958486255824013123","6030","https://mnregaweb4.nic.in/nregaarch/View_NMMS_atten_date_dtl_rpt.aspx?page=&short_name=UP&state_name=UTTAR%20PRADESH&state_code=31&district_name=BASTI&district_code=3153&block_name=RUDAULI&block_code=3153008&panchayat_name=BHARAULI&panchayat_code=3153008012&fin_year=2025-2026&source=&work_code=3153008012/WH/958486255824013123&msr_no=6030&AttendanceDate=21/03/2026&Digest=OHA3zKE22EvZvLun9He4Aw",6
"BASTI","RUDAULI","BHITEHARA","3153008013/RC/958486255823702975","6001","https://mnregaweb4.nic.in/nregaarch/View_NMMS_atten_date_dtl_rpt.aspx?page=&short_name=UP&state_name=UTTAR%20PRADESH&state_code=31&district_name=BASTI&district_code=3153&block_name=RUDAULI&block_code=3153008&panchayat_name=BHITEHARA&panchayat_code=3153008013&fin_year=2025-2026&source=&work_code=3153008013/RC/958486255823702975&msr_no=6001&AttendanceDate=21/03/2026&Digest=CQPQBjfBp3t2M+Ro/AjM5A",8
"BASTI","RUDAULI","BHITEHARA","3153008013/RC/958486255823743223","6106","https://mnregaweb4.nic.in/nregaarch/View_NMMS_atten_date_dtl_rpt.aspx?page=&short_name=UP&state_name=UTTAR%20PRADESH&state_code=31&district_name=BASTI&district_code=3153&block_name=RUDAULI&block_code=3153008&panchayat_name=BHITEHARA&panchayat_code=3153008013&fin_year=2025-2026&source=&work_code=3153008013/RC/958486255823743223&msr_no=6106&AttendanceDate=21/03/2026&Digest=ZhCTobqw9BdUY/TA8TcHRQ",6
"BASTI","RUDAULI","BIJALPUR","3153008016/WH/958486255824013324","5991","https://mnregaweb4.nic.in/nregaarch/View_NMMS_atten_date_dtl_rpt.aspx?page=&short_name=UP&state_name=UTTAR%20PRADESH&state_code=31&district_name=BASTI&district_code=3153&block_name=RUDAULI&block_code=3153008&panchayat_name=BIJALPUR&panchayat_code=3153008016&fin_year=2025-2026&source=&work_code=3153008016/WH/958486255824013324&msr_no=5991&AttendanceDate=21/03/2026&Digest=ZzsZhpsV+tIxqtSmGbr11w",6
"BASTI","RUDAULI","DADWA TIWARI","3153008020/RC/958486255823740212","6181","https://mnregaweb4.nic.in/nregaarch/View_NMMS_atten_date_dtl_rpt.aspx?page=&short_name=UP&state_name=UTTAR%20PRADESH&state_code=31&district_name=BASTI&district_code=3153&block_name=RUDAULI&block_code=3153008&panchayat_name=DADWA%20TIWARI&panchayat_code=3153008020&fin_year=2025-2026&source=&work_code=3153008020/RC/958486255823740212&msr_no=6181&AttendanceDate=21/03/2026&Digest=PS5vNh4nVsh6PH2q06pCjg",1
"BASTI","RUDAULI","DEURA","3153008021/RC/958486255823748367","6112","https://mnregaweb4.nic.in/nregaarch/View_NMMS_atten_date_dtl_rpt.aspx?page=&short_name=UP&state_name=UTTAR%20PRADESH&state_code=31&district_name=BASTI&district_code=3153&block_name=RUDAULI&block_code=3153008&panchayat_name=DEURA&panchayat_code=3153008021&fin_year=2025-2026&source=&work_code=3153008021/RC/958486255823748367&msr_no=6112&AttendanceDate=21/03/2026&Digest=U7CS3Lg45uqLsHH01p/k0w",9
"BASTI","RUDAULI","DEURA","3153008021/WC/958486255824248021","6048","https://mnregaweb4.nic.in/nregaarch/View_NMMS_atten_date_dtl_rpt.aspx?page=&short_name=UP&state_name=UTTAR%20PRADESH&state_code=31&district_name=BASTI&district_code=3153&block_name=RUDAULI&block_code=3153008&panchayat_name=DEURA&panchayat_code=3153008021&fin_year=2025-2026&source=&work_code=3153008021/WC/958486255824248021&msr_no=6048&AttendanceDate=21/03/2026&Digest=btbL1u6tQfqLIWLiTeiXnQ",5
"BASTI","RUDAULI","DUMARI","3153008024/WC/958486255824220837","6143","https://mnregaweb4.nic.in/nregaarch/View_NMMS_atten_date_dtl_rpt.aspx?page=&short_name=UP&state_name=UTTAR%20PRADESH&state_code=31&district_name=BASTI&district_code=3153&block_name=RUDAULI&block_code=3153008&panchayat_name=DUMARI&panchayat_code=3153008024&fin_year=2025-2026&source=&work_code=3153008024/WC/958486255824220837&msr_no=6143&AttendanceDate=21/03/2026&Digest=knDi4CDN+CCJAvxCPENOkQ",1
"BASTI","RUDAULI","HANUMAN GANG","3153008029/RC/958486255823732922","5913","https://mnregaweb4.nic.in/nregaarch/View_NMMS_atten_date_dtl_rpt.aspx?page=&short_name=UP&state_name=UTTAR%20PRADESH&state_code=31&district_name=BASTI&district_code=3153&block_name=RUDAULI&block_code=3153008&panchayat_name=HANUMAN%20GANG&panchayat_code=3153008029&fin_year=2025-2026&source=&work_code=3153008029/RC/958486255823732922&msr_no=5913&AttendanceDate=21/03/2026&Digest=cX6LeNBUuttpFmLtHCXRNQ",5
"BASTI","RUDAULI","HASANI","3153008031/WH/958486255824010640","5856","https://mnregaweb4.nic.in/nregaarch/View_NMMS_atten_date_dtl_rpt.aspx?page=&short_name=UP&state_name=UTTAR%20PRADESH&state_code=31&district_name=BASTI&district_code=3153&block_name=RUDAULI&block_code=3153008&panchayat_name=HASANI&panchayat_code=3153008031&fin_year=2025-2026&source=&work_code=3153008031/WH/958486255824010640&msr_no=5856&AttendanceDate=21/03/2026&Digest=xE9A+LiRaiD3/AqQdgiWAQ",4
"BASTI","RUDAULI","KHAMBHA","3153008037/RC/958486255823736388","6032","https://mnregaweb4.nic.in/nregaarch/View_NMMS_atten_date_dtl_rpt.aspx?page=&short_name=UP&state_name=UTTAR%20PRADESH&state_code=31&district_name=BASTI&district_code=3153&block_name=RUDAULI&block_code=3153008&panchayat_name=KHAMBHA&panchayat_code=3153008037&fin_year=2025-2026&source=&work_code=3153008037/RC/958486255823736388&msr_no=6032&AttendanceDate=21/03/2026&Digest=xGdq1y0YmPYrmnR3lr4T2w",6
"BASTI","RUDAULI","MAGHAUWA KALA II","3153008040/LD/YD/958486255825004545","6034","https://mnregaweb4.nic.in/nregaarch/View_NMMS_atten_date_dtl_rpt.aspx?page=&short_name=UP&state_name=UTTAR%20PRADESH&state_code=31&district_name=BASTI&district_code=3153&block_name=RUDAULI&block_code=3153008&panchayat_name=MAGHAUWA%20KALA%20II&panchayat_code=3153008040&fin_year=2025-2026&source=&work_code=3153008040/LD/YD/958486255825004545&msr_no=6034&AttendanceDate=21/03/2026&Digest=WkGOauaJN/mWFkrhNWi8gg",8
"BASTI","RUDAULI","MAHUAA PAAR","3153008041/RC/958486255823735731","6172","https://mnregaweb4.nic.in/nregaarch/View_NMMS_atten_date_dtl_rpt.aspx?page=&short_name=UP&state_name=UTTAR%20PRADESH&state_code=31&district_name=BASTI&district_code=3153&block_name=RUDAULI&block_code=3153008&panchayat_name=MAHUAA%20PAAR&panchayat_code=3153008041&fin_year=2025-2026&source=&work_code=3153008041/RC/958486255823735731&msr_no=6172&AttendanceDate=21/03/2026&Digest=x+4OOVcSv5Qs9yo2xoZgFw",5
"BASTI","RUDAULI","SEHUDA KALA","3153008064/AV/958486255824174633","6129","https://mnregaweb4.nic.in/nregaarch/View_NMMS_atten_date_dtl_rpt.aspx?page=&short_name=UP&state_name=UTTAR%20PRADESH&state_code=31&district_name=BASTI&district_code=3153&block_name=RUDAULI&block_code=3153008&panchayat_name=SEHUDA%20KALA&panchayat_code=3153008064&fin_year=2025-2026&source=&work_code=3153008064/AV/958486255824174633&msr_no=6129&AttendanceDate=21/03/2026&Digest=IMCj9AysCSRsygWmwwUbCA",2
"BASTI","RUDAULI","SEHUDA KALA","3153008064/WC/958486255824246148","5897","https://mnregaweb4.nic.in/nregaarch/View_NMMS_atten_date_dtl_rpt.aspx?page=&short_name=UP&state_name=UTTAR%20PRADESH&state_code=31&district_name=BASTI&district_code=3153&block_name=RUDAULI&block_code=3153008&panchayat_name=SEHUDA%20KALA&panchayat_code=3153008064&fin_year=2025-2026&source=&work_code=3153008064/WC/958486255824246148&msr_no=5897&AttendanceDate=21/03/2026&Digest=PO2aUh7WexpDGHr5WryBdQ",7
"BASTI","RUDAULI","SURVAR KALA","3153008067/RC/958486255823717196","6194","https://mnregaweb4.nic.in/nregaarch/View_NMMS_atten_date_dtl_rpt.aspx?page=&short_name=UP&state_name=UTTAR%20PRADESH&state_code=31&district_name=BASTI&district_code=3153&block_name=RUDAULI&block_code=3153008&panchayat_name=SURVAR%20KALA&panchayat_code=3153008067&fin_year=2025-2026&source=&work_code=3153008067/RC/958486255823717196&msr_no=6194&AttendanceDate=21/03/2026&Digest=PUbhtMPnnusLv3jeDkY0fg",2
"BASTI","SALTAUA GOPAL PUR","AJGAIWA JUNGAL","3153007004/AV/958486255824155126","5371","https://mnregaweb4.nic.in/nregaarch/View_NMMS_atten_date_dtl_rpt.aspx?page=&short_name=UP&state_name=UTTAR%20PRADESH&state_code=31&district_name=BASTI&district_code=3153&block_name=SALTAUA%20GOPAL%20PUR&block_code=3153007&panchayat_name=AJGAIWA%20JUNGAL&panchayat_code=3153007004&fin_year=2025-2026&source=&work_code=3153007004/AV/958486255824155126&msr_no=5371&AttendanceDate=21/03/2026&Digest=E6qCKlDvW3IqgVahIV4bmA",3
"BASTI","SALTAUA GOPAL PUR","JOGIA JUDI KUAIYA","3153007034/WH/958486255824010482","5385","https://mnregaweb4.nic.in/nregaarch/View_NMMS_atten_date_dtl_rpt.aspx?page=&short_name=UP&state_name=UTTAR%20PRADESH&state_code=31&district_name=BASTI&district_code=3153&block_name=SALTAUA%20GOPAL%20PUR&block_code=3153007&panchayat_name=JOGIA%20JUDI%20KUAIYA&panchayat_code=3153007034&fin_year=2025-2026&source=&work_code=3153007034/WH/958486255824010482&msr_no=5385&AttendanceDate=21/03/2026&Digest=dk4rW+aSejGyClEZ5JG0Sw",2
"BASTI","SALTAUA GOPAL PUR","SUBHAI","3153007078/RC/958486255823677087","5500","https://mnregaweb4.nic.in/nregaarch/View_NMMS_atten_date_dtl_rpt.aspx?page=&short_name=UP&state_name=UTTAR%20PRADESH&state_code=31&district_name=BASTI&district_code=3153&block_name=SALTAUA%20GOPAL%20PUR&block_code=3153007&panchayat_name=SUBHAI&panchayat_code=3153007078&fin_year=2025-2026&source=&work_code=3153007078/RC/958486255823677087&msr_no=5500&AttendanceDate=21/03/2026&Digest=H+XDZeu3xj7yu0qqpGVmng",10
"BASTI","SAU GHAT","BANAK SAHI","3153009006/RC/958486255823654240","3335","https://mnregaweb4.nic.in/nregaarch/View_NMMS_atten_date_dtl_rpt.aspx?page=&short_name=UP&state_name=UTTAR%20PRADESH&state_code=31&district_name=BASTI&district_code=3153&block_name=SAU%20GHAT&block_code=3153009&panchayat_name=BANAK%20SAHI&panchayat_code=3153009006&fin_year=2025-2026&source=&work_code=3153009006/RC/958486255823654240&msr_no=3335&AttendanceDate=21/03/2026&Digest=mmj61oseV9/J2CX9+aSFmg",7
"BASTI","HARRAIYA","KHAMHARIA GANGARAM","3153003061/LD/958486255824988270","6915","https://mnregaweb4.nic.in/nregaarch/View_NMMS_atten_date_dtl_rpt.aspx?page=&short_name=UP&state_name=UTTAR%20PRADESH&state_code=31&district_name=BASTI&district_code=3153&block_name=HARRAIYA&block_code=3153003&panchayat_name=KHAMHARIA%20GANGARAM&panchayat_code=3153003061&fin_year=2025-2026&source=&work_code=3153003061/LD/958486255824988270&msr_no=6915&AttendanceDate=21/03/2026&Digest=IHxW78TT+55+fWz+a596nA",10
"BASTI","HARRAIYA","BHADAWAL KALA","3153003074/LD/958486255825010527","6869","https://mnregaweb4.nic.in/nregaarch/View_NMMS_atten_date_dtl_rpt.aspx?page=&short_name=UP&state_name=UTTAR%20PRADESH&state_code=31&district_name=BASTI&district_code=3153&block_name=HARRAIYA&block_code=3153003&panchayat_name=BHADAWAL%20KALA&panchayat_code=3153003074&fin_year=2025-2026&source=&work_code=3153003074/LD/958486255825010527&msr_no=6869&AttendanceDate=21/03/2026&Digest=nI8sAC+ZjUP0rkzUzVarhQ",10
"BASTI","HARRAIYA","SHAMBHUPUR","3153003077/WC/958486255823257967","6840","https://mnregaweb4.nic.in/nregaarch/View_NMMS_atten_date_dtl_rpt.aspx?page=&short_name=UP&state_name=UTTAR%20PRADESH&state_code=31&district_name=BASTI&district_code=3153&block_name=HARRAIYA&block_code=3153003&panchayat_name=SHAMBHUPUR&panchayat_code=3153003077&fin_year=2025-2026&source=&work_code=3153003077/WC/958486255823257967&msr_no=6840&AttendanceDate=21/03/2026&Digest=ZB/Ar+DtCzG7ZkwLdzLKAA",10
"BASTI","HARRAIYA","SHAMBHUPUR","3153003077/WC/958486255823257967","6843","https://mnregaweb4.nic.in/nregaarch/View_NMMS_atten_date_dtl_rpt.aspx?page=&short_name=UP&state_name=UTTAR%20PRADESH&state_code=31&district_name=BASTI&district_code=3153&block_name=HARRAIYA&block_code=3153003&panchayat_name=SHAMBHUPUR&panchayat_code=3153003077&fin_year=2025-2026&source=&work_code=3153003077/WC/958486255823257967&msr_no=6843&AttendanceDate=21/03/2026&Digest=aQvGPpnY8fDOduUfbAd2sA",9
"BASTI","HARRAIYA","KESHAWPUR","3153003079/LD/958486255824879264","6978","https://mnregaweb4.nic.in/nregaarch/View_NMMS_atten_date_dtl_rpt.aspx?page=&short_name=UP&state_name=UTTAR%20PRADESH&state_code=31&district_name=BASTI&district_code=3153&block_name=HARRAIYA&block_code=3153003&panchayat_name=KESHAWPUR&panchayat_code=3153003079&fin_year=2025-2026&source=&work_code=3153003079/LD/958486255824879264&msr_no=6978&AttendanceDate=21/03/2026&Digest=25YbveZkaSiJuudRaIWlpw",10
"BASTI","HARRAIYA","KESHAWPUR","3153003079/LD/958486255825004294","6975","https://mnregaweb4.nic.in/nregaarch/View_NMMS_atten_date_dtl_rpt.aspx?page=&short_name=UP&state_name=UTTAR%20PRADESH&state_code=31&district_name=BASTI&district_code=3153&block_name=HARRAIYA&block_code=3153003&panchayat_name=KESHAWPUR&panchayat_code=3153003079&fin_year=2025-2026&source=&work_code=3153003079/LD/958486255825004294&msr_no=6975&AttendanceDate=21/03/2026&Digest=FOmNv+2hvXVqQ7c0GxzNcQ",10
"BASTI","HARRAIYA","SAKARDAHA","3153003082/WH/958486255824006881","6755","https://mnregaweb4.nic.in/nregaarch/View_NMMS_atten_date_dtl_rpt.aspx?page=&short_name=UP&state_name=UTTAR%20PRADESH&state_code=31&district_name=BASTI&district_code=3153&block_name=HARRAIYA&block_code=3153003&panchayat_name=SAKARDAHA&panchayat_code=3153003082&fin_year=2025-2026&source=&work_code=3153003082/WH/958486255824006881&msr_no=6755&AttendanceDate=21/03/2026&Digest=oyPBqTdmjhBq6cxoPQv7kQ",10
"BASTI","HARRAIYA","MUDWARA","3153003091/RC/958486255823747721","6886","https://mnregaweb4.nic.in/nregaarch/View_NMMS_atten_date_dtl_rpt.aspx?page=&short_name=UP&state_name=UTTAR%20PRADESH&state_code=31&district_name=BASTI&district_code=3153&block_name=HARRAIYA&block_code=3153003&panchayat_name=MUDWARA&panchayat_code=3153003091&fin_year=2025-2026&source=&work_code=3153003091/RC/958486255823747721&msr_no=6886&AttendanceDate=21/03/2026&Digest=Az0xcJ6lwB8V9iC8EzTzaw",10
"BASTI","HARRAIYA","RAJAULI","3153003097/IC/958486255823741420","6883","https://mnregaweb4.nic.in/nregaarch/View_NMMS_atten_date_dtl_rpt.aspx?page=&short_name=UP&state_name=UTTAR%20PRADESH&state_code=31&district_name=BASTI&district_code=3153&block_name=HARRAIYA&block_code=3153003&panchayat_name=RAJAULI&panchayat_code=3153003097&fin_year=2025-2026&source=&work_code=3153003097/IC/958486255823741420&msr_no=6883&AttendanceDate=21/03/2026&Digest=meIEWPjcYhPbWAr3fmN2QA",10
"BASTI","KAPTANGANJ","PINESAR","3153005021/RC/958486255823731307","4802","https://mnregaweb4.nic.in/nregaarch/View_NMMS_atten_date_dtl_rpt.aspx?page=&short_name=UP&state_name=UTTAR%20PRADESH&state_code=31&district_name=BASTI&district_code=3153&block_name=KAPTANGANJ&block_code=3153005&panchayat_name=PINESAR&panchayat_code=3153005021&fin_year=2025-2026&source=&work_code=3153005021/RC/958486255823731307&msr_no=4802&AttendanceDate=21/03/2026&Digest=U4sej7MfIQoKldO3fZBv+Q",3
"BASTI","KAPTANGANJ","BARHNI","3153005046/RC/YD/958486255823698430","4808","https://mnregaweb4.nic.in/nregaarch/View_NMMS_atten_date_dtl_rpt.aspx?page=&short_name=UP&state_name=UTTAR%20PRADESH&state_code=31&district_name=BASTI&district_code=3153&block_name=KAPTANGANJ&block_code=3153005&panchayat_name=BARHNI&panchayat_code=3153005046&fin_year=2025-2026&source=&work_code=3153005046/RC/YD/958486255823698430&msr_no=4808&AttendanceDate=21/03/2026&Digest=Unywj812rx94gbb0C/Iorw",9
"BASTI","KAPTANGANJ","BARHNI","3153005046/RC/YD/958486255823699536","4818","https://mnregaweb4.nic.in/nregaarch/View_NMMS_atten_date_dtl_rpt.aspx?page=&short_name=UP&state_name=UTTAR%20PRADESH&state_code=31&district_name=BASTI&district_code=3153&block_name=KAPTANGANJ&block_code=3153005&panchayat_name=BARHNI&panchayat_code=3153005046&fin_year=2025-2026&source=&work_code=3153005046/RC/YD/958486255823699536&msr_no=4818&AttendanceDate=21/03/2026&Digest=3B71qPj8xrNUils1mR+Lww",8
"BASTI","KAPTANGANJ","POKHRA","3153005054/RC/958486255823735760","4853","https://mnregaweb4.nic.in/nregaarch/View_NMMS_atten_date_dtl_rpt.aspx?page=&short_name=UP&state_name=UTTAR%20PRADESH&state_code=31&district_name=BASTI&district_code=3153&block_name=KAPTANGANJ&block_code=3153005&panchayat_name=POKHRA&panchayat_code=3153005054&fin_year=2025-2026&source=&work_code=3153005054/RC/958486255823735760&msr_no=4853&AttendanceDate=21/03/2026&Digest=aRLIhtyGdSIU6CavGGStUw",8
"BASTI","KAPTANGANJ","POKHRA","3153005054/RC/958486255823735764","4856","https://mnregaweb4.nic.in/nregaarch/View_NMMS_atten_date_dtl_rpt.aspx?page=&short_name=UP&state_name=UTTAR%20PRADESH&state_code=31&district_name=BASTI&district_code=3153&block_name=KAPTANGANJ&block_code=3153005&panchayat_name=POKHRA&panchayat_code=3153005054&fin_year=2025-2026&source=&work_code=3153005054/RC/958486255823735764&msr_no=4856&AttendanceDate=21/03/2026&Digest=Ij9mSeqLkyWma3W/Rkke+Q",2
"BASTI","KAPTANGANJ","PARIWARPUR","3153005058/RC/958486255823693209","4821","https://mnregaweb4.nic.in/nregaarch/View_NMMS_atten_date_dtl_rpt.aspx?page=&short_name=UP&state_name=UTTAR%20PRADESH&state_code=31&district_name=BASTI&district_code=3153&block_name=KAPTANGANJ&block_code=3153005&panchayat_name=PARIWARPUR&panchayat_code=3153005058&fin_year=2025-2026&source=&work_code=3153005058/RC/958486255823693209&msr_no=4821&AttendanceDate=21/03/2026&Digest=f4hcu/KKD1L4fnGEKpi5tw",2
"BASTI","KUDARAHA","MURADPUR","3153013002/RC/958486255823589710","8030","https://mnregaweb4.nic.in/nregaarch/View_NMMS_atten_date_dtl_rpt.aspx?page=&short_name=UP&state_name=UTTAR%20PRADESH&state_code=31&district_name=BASTI&district_code=3153&block_name=KUDARAHA&block_code=3153013&panchayat_name=MURADPUR&panchayat_code=3153013002&fin_year=2025-2026&source=&work_code=3153013002/RC/958486255823589710&msr_no=8030&AttendanceDate=21/03/2026&Digest=EUgdDQkdwMXYpAb9nQH4Jg",6
"BASTI","KUDARAHA","PIPARPATI MUSTAHKAM","3153013004/RC/958486255823748170","8063","https://mnregaweb4.nic.in/nregaarch/View_NMMS_atten_date_dtl_rpt.aspx?page=&short_name=UP&state_name=UTTAR%20PRADESH&state_code=31&district_name=BASTI&district_code=3153&block_name=KUDARAHA&block_code=3153013&panchayat_name=PIPARPATI%20MUSTAHKAM&panchayat_code=3153013004&fin_year=2025-2026&source=&work_code=3153013004/RC/958486255823748170&msr_no=8063&AttendanceDate=21/03/2026&Digest=TZIB591L6zhUBkpl9cQieg",6
"BASTI","KUDARAHA","AKELA KUBERPUR","3153013008/RC/958486255823749188","7992","https://mnregaweb4.nic.in/nregaarch/View_NMMS_atten_date_dtl_rpt.aspx?page=&short_name=UP&state_name=UTTAR%20PRADESH&state_code=31&district_name=BASTI&district_code=3153&block_name=KUDARAHA&block_code=3153013&panchayat_name=AKELA%20KUBERPUR&panchayat_code=3153013008&fin_year=2025-2026&source=&work_code=3153013008/RC/958486255823749188&msr_no=7992&AttendanceDate=21/03/2026&Digest=T8mrqkozGtsA1RfFDKjPPw",1
"BASTI","KUDARAHA","TURKWALIYA","3153013012/RC/958486255823686925","7690","https://mnregaweb4.nic.in/nregaarch/View_NMMS_atten_date_dtl_rpt.aspx?page=&short_name=UP&state_name=UTTAR%20PRADESH&state_code=31&district_name=BASTI&district_code=3153&block_name=KUDARAHA&block_code=3153013&panchayat_name=TURKWALIYA&panchayat_code=3153013012&fin_year=2025-2026&source=&work_code=3153013012/RC/958486255823686925&msr_no=7690&AttendanceDate=21/03/2026&Digest=wi/CsbiUfCG7CfUH1rjnUg",3
"BASTI","KUDARAHA","TURKWALIYA","3153013012/RC/958486255823686929","7680","https://mnregaweb4.nic.in/nregaarch/View_NMMS_atten_date_dtl_rpt.aspx?page=&short_name=UP&state_name=UTTAR%20PRADESH&state_code=31&district_name=BASTI&district_code=3153&block_name=KUDARAHA&block_code=3153013&panchayat_name=TURKWALIYA&panchayat_code=3153013012&fin_year=2025-2026&source=&work_code=3153013012/RC/958486255823686929&msr_no=7680&AttendanceDate=21/03/2026&Digest=MKgYBwSR5MIRRxGWHUwN3A",1
"BASTI","KUDARAHA","SHIVPUR","3153013013/RC/958486255823617792","7535","https://mnregaweb4.nic.in/nregaarch/View_NMMS_atten_date_dtl_rpt.aspx?page=&short_name=UP&state_name=UTTAR%20PRADESH&state_code=31&district_name=BASTI&district_code=3153&block_name=KUDARAHA&block_code=3153013&panchayat_name=SHIVPUR&panchayat_code=3153013013&fin_year=2025-2026&source=&work_code=3153013013/RC/958486255823617792&msr_no=7535&AttendanceDate=21/03/2026&Digest=TrNVvBdRHBAAGIBjeNuBYw",5
"BASTI","KUDARAHA","RASOOLPUR","3153013020/RC/958486255823670231","7967","https://mnregaweb4.nic.in/nregaarch/View_NMMS_atten_date_dtl_rpt.aspx?page=&short_name=UP&state_name=UTTAR%20PRADESH&state_code=31&district_name=BASTI&district_code=3153&block_name=KUDARAHA&block_code=3153013&panchayat_name=RASOOLPUR&panchayat_code=3153013020&fin_year=2025-2026&source=&work_code=3153013020/RC/958486255823670231&msr_no=7967&AttendanceDate=21/03/2026&Digest=OVbZJTvIXernaCY18vTxFg",10
"BASTI","KUDARAHA","RASOOLPUR","3153013020/RC/958486255823670231","7970","https://mnregaweb4.nic.in/nregaarch/View_NMMS_atten_date_dtl_rpt.aspx?page=&short_name=UP&state_name=UTTAR%20PRADESH&state_code=31&district_name=BASTI&district_code=3153&block_name=KUDARAHA&block_code=3153013&panchayat_name=RASOOLPUR&panchayat_code=3153013020&fin_year=2025-2026&source=&work_code=3153013020/RC/958486255823670231&msr_no=7970&AttendanceDate=21/03/2026&Digest=taJLgx6Fmslf3yIZFb7KVA",10
"BASTI","KUDARAHA","CHHIBRA","3153013023/RC/958486255823701124","7732","https://mnregaweb4.nic.in/nregaarch/View_NMMS_atten_date_dtl_rpt.aspx?page=&short_name=UP&state_name=UTTAR%20PRADESH&state_code=31&district_name=BASTI&district_code=3153&block_name=KUDARAHA&block_code=3153013&panchayat_name=CHHIBRA&panchayat_code=3153013023&fin_year=2025-2026&source=&work_code=3153013023/RC/958486255823701124&msr_no=7732&AttendanceDate=21/03/2026&Digest=OjlKd0FRYgvBdnQrfnkGvA",2
"BASTI","KUDARAHA","GANGAPUR","3153013025/RC/958486255823679237","7780","https://mnregaweb4.nic.in/nregaarch/View_NMMS_atten_date_dtl_rpt.aspx?page=&short_name=UP&state_name=UTTAR%20PRADESH&state_code=31&district_name=BASTI&district_code=3153&block_name=KUDARAHA&block_code=3153013&panchayat_name=GANGAPUR&panchayat_code=3153013025&fin_year=2025-2026&source=&work_code=3153013025/RC/958486255823679237&msr_no=7780&AttendanceDate=21/03/2026&Digest=NwU0O4Ulft5dGkJYz7VrLw",8
"BASTI","KUDARAHA","DELHWA","3153013037/LD/958486255824957055","7486","https://mnregaweb4.nic.in/nregaarch/View_NMMS_atten_date_dtl_rpt.aspx?page=&short_name=UP&state_name=UTTAR%20PRADESH&state_code=31&district_name=BASTI&district_code=3153&block_name=KUDARAHA&block_code=3153013&panchayat_name=DELHWA&panchayat_code=3153013037&fin_year=2025-2026&source=&work_code=3153013037/LD/958486255824957055&msr_no=7486&AttendanceDate=21/03/2026&Digest=8xpsehvkLCPHuZu575XMHw",6
"BASTI","KUDARAHA","DELHWA","3153013037/LD/958486255824957055","7489","https://mnregaweb4.nic.in/nregaarch/View_NMMS_atten_date_dtl_rpt.aspx?page=&short_name=UP&state_name=UTTAR%20PRADESH&state_code=31&district_name=BASTI&district_code=3153&block_name=KUDARAHA&block_code=3153013&panchayat_name=DELHWA&panchayat_code=3153013037&fin_year=2025-2026&source=&work_code=3153013037/LD/958486255824957055&msr_no=7489&AttendanceDate=21/03/2026&Digest=tTwO3ygDGoHuE+cTwNR+9Q",2
"BASTI","KUDARAHA","MADHOPUR","3153013038/RC/958486255823728643","7578","https://mnregaweb4.nic.in/nregaarch/View_NMMS_atten_date_dtl_rpt.aspx?page=&short_name=UP&state_name=UTTAR%20PRADESH&state_code=31&district_name=BASTI&district_code=3153&block_name=KUDARAHA&block_code=3153013&panchayat_name=MADHOPUR&panchayat_code=3153013038&fin_year=2025-2026&source=&work_code=3153013038/RC/958486255823728643&msr_no=7578&AttendanceDate=21/03/2026&Digest=cMG+lfWoEHfhA6+5ge+jKQ",1
"BASTI","KUDARAHA","PASRA","3153013046/LD/958486255824692144","7669","https://mnregaweb4.nic.in/nregaarch/View_NMMS_atten_date_dtl_rpt.aspx?page=&short_name=UP&state_name=UTTAR%20PRADESH&state_code=31&district_name=BASTI&district_code=3153&block_name=KUDARAHA&block_code=3153013&panchayat_name=PASRA&panchayat_code=3153013046&fin_year=2025-2026&source=&work_code=3153013046/LD/958486255824692144&msr_no=7669&AttendanceDate=21/03/2026&Digest=xkVlFJ/Nz0ejgJ5cd8OSqQ",9
"BASTI","KUDARAHA","PASRA","3153013046/RC/958486255823746514","7556","https://mnregaweb4.nic.in/nregaarch/View_NMMS_atten_date_dtl_rpt.aspx?page=&short_name=UP&state_name=UTTAR%20PRADESH&state_code=31&district_name=BASTI&district_code=3153&block_name=KUDARAHA&block_code=3153013&panchayat_name=PASRA&panchayat_code=3153013046&fin_year=2025-2026&source=&work_code=3153013046/RC/958486255823746514&msr_no=7556&AttendanceDate=21/03/2026&Digest=8MTShIhE1MZQGQ1ePFDH7w",9
"BASTI","KUDARAHA","PASRA","3153013046/RC/958486255823746514","7559","https://mnregaweb4.nic.in/nregaarch/View_NMMS_atten_date_dtl_rpt.aspx?page=&short_name=UP&state_name=UTTAR%20PRADESH&state_code=31&district_name=BASTI&district_code=3153&block_name=KUDARAHA&block_code=3153013&panchayat_name=PASRA&panchayat_code=3153013046&fin_year=2025-2026&source=&work_code=3153013046/RC/958486255823746514&msr_no=7559&AttendanceDate=21/03/2026&Digest=uD7cGqVLnsGkHInOfXYjBw",6
"BASTI","KUDARAHA","BAISIYA KALA","3153013050/RC/958486255823749599","8002","https://mnregaweb4.nic.in/nregaarch/View_NMMS_atten_date_dtl_rpt.aspx?page=&short_name=UP&state_name=UTTAR%20PRADESH&state_code=31&district_name=BASTI&district_code=3153&block_name=KUDARAHA&block_code=3153013&panchayat_name=BAISIYA%20KALA&panchayat_code=3153013050&fin_year=2025-2026&source=&work_code=3153013050/RC/958486255823749599&msr_no=8002&AttendanceDate=21/03/2026&Digest=dyKTbF5L3Kfij/Bv3jQYNw",4
"BASTI","KUDARAHA","HATHIYAVKALA","3153013054/RC/958486255823672224","7767","https://mnregaweb4.nic.in/nregaarch/View_NMMS_atten_date_dtl_rpt.aspx?page=&short_name=UP&state_name=UTTAR%20PRADESH&state_code=31&district_name=BASTI&district_code=3153&block_name=KUDARAHA&block_code=3153013&panchayat_name=HATHIYAVKALA&panchayat_code=3153013054&fin_year=2025-2026&source=&work_code=3153013054/RC/958486255823672224&msr_no=7767&AttendanceDate=21/03/2026&Digest=AwEu5O/Xmdt7aJysNV/9BA",9
"BASTI","KUDARAHA","HATHIYAVKALA","3153013054/RC/958486255823672225","7530","https://mnregaweb4.nic.in/nregaarch/View_NMMS_atten_date_dtl_rpt.aspx?page=&short_name=UP&state_name=UTTAR%20PRADESH&state_code=31&district_name=BASTI&district_code=3153&block_name=KUDARAHA&block_code=3153013&panchayat_name=HATHIYAVKALA&panchayat_code=3153013054&fin_year=2025-2026&source=&work_code=3153013054/RC/958486255823672225&msr_no=7530&AttendanceDate=21/03/2026&Digest=3cEdu/bNYZQYwa3+nIMm6g",1
"BASTI","KUDARAHA","HATHIYAVKALA","3153013054/RC/958486255823672226","7661","https://mnregaweb4.nic.in/nregaarch/View_NMMS_atten_date_dtl_rpt.aspx?page=&short_name=UP&state_name=UTTAR%20PRADESH&state_code=31&district_name=BASTI&district_code=3153&block_name=KUDARAHA&block_code=3153013&panchayat_name=HATHIYAVKALA&panchayat_code=3153013054&fin_year=2025-2026&source=&work_code=3153013054/RC/958486255823672226&msr_no=7661&AttendanceDate=21/03/2026&Digest=9X0uuZKCxljF1QpScb3t+w",5
"BASTI","KUDARAHA","PAERMESHWARPUR","3153013056/AV/958486255824182484","8097","https://mnregaweb4.nic.in/nregaarch/View_NMMS_atten_date_dtl_rpt.aspx?page=&short_name=UP&state_name=UTTAR%20PRADESH&state_code=31&district_name=BASTI&district_code=3153&block_name=KUDARAHA&block_code=3153013&panchayat_name=PAERMESHWARPUR&panchayat_code=3153013056&fin_year=2025-2026&source=&work_code=3153013056/AV/958486255824182484&msr_no=8097&AttendanceDate=21/03/2026&Digest=n2GHToPPjvtR43Cu7CvDRw",2
"BASTI","KUDARAHA","MANJHARIYA","3153013057/LD/958486255824945664","7650","https://mnregaweb4.nic.in/nregaarch/View_NMMS_atten_date_dtl_rpt.aspx?page=&short_name=UP&state_name=UTTAR%20PRADESH&state_code=31&district_name=BASTI&district_code=3153&block_name=KUDARAHA&block_code=3153013&panchayat_name=MANJHARIYA&panchayat_code=3153013057&fin_year=2025-2026&source=&work_code=3153013057/LD/958486255824945664&msr_no=7650&AttendanceDate=21/03/2026&Digest=xhUgT1s/XOAXAs1EGl0NOg",10
"BASTI","KUDARAHA","MANJHARIYA","3153013057/RC/958486255823656431","7549","https://mnregaweb4.nic.in/nregaarch/View_NMMS_atten_date_dtl_rpt.aspx?page=&short_name=UP&state_name=UTTAR%20PRADESH&state_code=31&district_name=BASTI&district_code=3153&block_name=KUDARAHA&block_code=3153013&panchayat_name=MANJHARIYA&panchayat_code=3153013057&fin_year=2025-2026&source=&work_code=3153013057/RC/958486255823656431&msr_no=7549&AttendanceDate=21/03/2026&Digest=ZwTujewnaNQQ9ug8RKsdeA",10
"BASTI","KUDARAHA","MANJHARIYA","3153013057/RC/958486255823656451","7548","https://mnregaweb4.nic.in/nregaarch/View_NMMS_atten_date_dtl_rpt.aspx?page=&short_name=UP&state_name=UTTAR%20PRADESH&state_code=31&district_name=BASTI&district_code=3153&block_name=KUDARAHA&block_code=3153013&panchayat_name=MANJHARIYA&panchayat_code=3153013057&fin_year=2025-2026&source=&work_code=3153013057/RC/958486255823656451&msr_no=7548&AttendanceDate=21/03/2026&Digest=26KAIyRgbAUCEDSKqEhuKw",5
"BASTI","KUDARAHA","TENUA","3153013064/LD/958486255825009970","7574","https://mnregaweb4.nic.in/nregaarch/View_NMMS_atten_date_dtl_rpt.aspx?page=&short_name=UP&state_name=UTTAR%20PRADESH&state_code=31&district_name=BASTI&district_code=3153&block_name=KUDARAHA&block_code=3153013&panchayat_name=TENUA&panchayat_code=3153013064&fin_year=2025-2026&source=&work_code=3153013064/LD/958486255825009970&msr_no=7574&AttendanceDate=21/03/2026&Digest=wqHgDS0C8qK3+MQyfpaT3g",10
"BASTI","PARAS RAMPUR","KARIGHNA","3153001038/RC/958486255823697763","9203","https://mnregaweb4.nic.in/nregaarch/View_NMMS_atten_date_dtl_rpt.aspx?page=&short_name=UP&state_name=UTTAR%20PRADESH&state_code=31&district_name=BASTI&district_code=3153&block_name=PARAS%20RAMPUR&block_code=3153001&panchayat_name=KARIGHNA&panchayat_code=3153001038&fin_year=2025-2026&source=&work_code=3153001038/RC/958486255823697763&msr_no=9203&AttendanceDate=21/03/2026&Digest=PULXoMAE364kHbCjY/0SYA",5
"BASTI","PARAS RAMPUR","NATHPUR PANDE","3153001058/RC/958486255823725158","9421","https://mnregaweb4.nic.in/nregaarch/View_NMMS_atten_date_dtl_rpt.aspx?page=&short_name=UP&state_name=UTTAR%20PRADESH&state_code=31&district_name=BASTI&district_code=3153&block_name=PARAS%20RAMPUR&block_code=3153001&panchayat_name=NATHPUR%20PANDE&panchayat_code=3153001058&fin_year=2025-2026&source=&work_code=3153001058/RC/958486255823725158&msr_no=9421&AttendanceDate=21/03/2026&Digest=gr707IaSz0Ku+MlqJ19naQ",9
"BASTI","PARAS RAMPUR","NEVRIRAM BAKSH","3153001060/AV/958486255824160584","9566","https://mnregaweb4.nic.in/nregaarch/View_NMMS_atten_date_dtl_rpt.aspx?page=&short_name=UP&state_name=UTTAR%20PRADESH&state_code=31&district_name=BASTI&district_code=3153&block_name=PARAS%20RAMPUR&block_code=3153001&panchayat_name=NEVRIRAM%20BAKSH&panchayat_code=3153001060&fin_year=2025-2026&source=&work_code=3153001060/AV/958486255824160584&msr_no=9566&AttendanceDate=21/03/2026&Digest=/G25gsqz5vv8eM/2TQsJJg",4
"BASTI","PARAS RAMPUR","NEWADA","3153001061/LD/958486255824859950","9537","https://mnregaweb4.nic.in/nregaarch/View_NMMS_atten_date_dtl_rpt.aspx?page=&short_name=UP&state_name=UTTAR%20PRADESH&state_code=31&district_name=BASTI&district_code=3153&block_name=PARAS%20RAMPUR&block_code=3153001&panchayat_name=NEWADA&panchayat_code=3153001061&fin_year=2025-2026&source=&work_code=3153001061/LD/958486255824859950&msr_no=9537&AttendanceDate=21/03/2026&Digest=RWOkfwAv15gY7DALO/RZNA",4
"BASTI","PARAS RAMPUR","PADARI BABU","3153001062/LD/958486255824958230","9428","https://mnregaweb4.nic.in/nregaarch/View_NMMS_atten_date_dtl_rpt.aspx?page=&short_name=UP&state_name=UTTAR%20PRADESH&state_code=31&district_name=BASTI&district_code=3153&block_name=PARAS%20RAMPUR&block_code=3153001&panchayat_name=PADARI%20BABU&panchayat_code=3153001062&fin_year=2025-2026&source=&work_code=3153001062/LD/958486255824958230&msr_no=9428&AttendanceDate=21/03/2026&Digest=pVQqf6CFaQ6JKAF4gyx0Eg",8
"BASTI","PARAS RAMPUR","DHOBAHI","3153001063/WC/958486255824234655","9654","https://mnregaweb4.nic.in/nregaarch/View_NMMS_atten_date_dtl_rpt.aspx?page=&short_name=UP&state_name=UTTAR%20PRADESH&state_code=31&district_name=BASTI&district_code=3153&block_name=PARAS%20RAMPUR&block_code=3153001&panchayat_name=DHOBAHI&panchayat_code=3153001063&fin_year=2025-2026&source=&work_code=3153001063/WC/958486255824234655&msr_no=9654&AttendanceDate=21/03/2026&Digest=HbtRkeM09UbvkErGEZvr7A",9
"BASTI","PARAS RAMPUR","PARSURAMPUR","3153001064/RC/958486255823732685","9645","https://mnregaweb4.nic.in/nregaarch/View_NMMS_atten_date_dtl_rpt.aspx?page=&short_name=UP&state_name=UTTAR%20PRADESH&state_code=31&district_name=BASTI&district_code=3153&block_name=PARAS%20RAMPUR&block_code=3153001&panchayat_name=PARSURAMPUR&panchayat_code=3153001064&fin_year=2025-2026&source=&work_code=3153001064/RC/958486255823732685&msr_no=9645&AttendanceDate=21/03/2026&Digest=KhfNHQWoypkHVz1yik1JiQ",5
"BASTI","PARAS RAMPUR","RAGHUPUR","3153001067/WC/958486255824249956","9410","https://mnregaweb4.nic.in/nregaarch/View_NMMS_atten_date_dtl_rpt.aspx?page=&short_name=UP&state_name=UTTAR%20PRADESH&state_code=31&district_name=BASTI&district_code=3153&block_name=PARAS%20RAMPUR&block_code=3153001&panchayat_name=RAGHUPUR&panchayat_code=3153001067&fin_year=2025-2026&source=&work_code=3153001067/WC/958486255824249956&msr_no=9410&AttendanceDate=21/03/2026&Digest=/VrGqZTWCApTq5bcXv0Cxg",10
"BASTI","PARAS RAMPUR","RAGHUPUR","3153001067/WC/958486255824249956","9413","https://mnregaweb4.nic.in/nregaarch/View_NMMS_atten_date_dtl_rpt.aspx?page=&short_name=UP&state_name=UTTAR%20PRADESH&state_code=31&district_name=BASTI&district_code=3153&block_name=PARAS%20RAMPUR&block_code=3153001&panchayat_name=RAGHUPUR&panchayat_code=3153001067&fin_year=2025-2026&source=&work_code=3153001067/WC/958486255824249956&msr_no=9413&AttendanceDate=21/03/2026&Digest=aFOf0vqu6xBgIlCUvgTPpQ",7
"BASTI","PARAS RAMPUR","ROHDA","3153001073/LD/958486255825001938","9417","https://mnregaweb4.nic.in/nregaarch/View_NMMS_atten_date_dtl_rpt.aspx?page=&short_name=UP&state_name=UTTAR%20PRADESH&state_code=31&district_name=BASTI&district_code=3153&block_name=PARAS%20RAMPUR&block_code=3153001&panchayat_name=ROHDA&panchayat_code=3153001073&fin_year=2025-2026&source=&work_code=3153001073/LD/958486255825001938&msr_no=9417&AttendanceDate=21/03/2026&Digest=fCgTrdqmX1UZ+4k2JVtPxA",10
"BASTI","PARAS RAMPUR","UJJAINI","3153001081/LD/958486255824971580","9347","https://mnregaweb4.nic.in/nregaarch/View_NMMS_atten_date_dtl_rpt.aspx?page=&short_name=UP&state_name=UTTAR%20PRADESH&state_code=31&district_name=BASTI&district_code=3153&block_name=PARAS%20RAMPUR&block_code=3153001&panchayat_name=UJJAINI&panchayat_code=3153001081&fin_year=2025-2026&source=&work_code=3153001081/LD/958486255824971580&msr_no=9347&AttendanceDate=21/03/2026&Digest=mWnSepB+Y6nsqAUfaADUFg",10
"BASTI","PARAS RAMPUR","UJJAINI","3153001081/LD/958486255824971582","9229","https://mnregaweb4.nic.in/nregaarch/View_NMMS_atten_date_dtl_rpt.aspx?page=&short_name=UP&state_name=UTTAR%20PRADESH&state_code=31&district_name=BASTI&district_code=3153&block_name=PARAS%20RAMPUR&block_code=3153001&panchayat_name=UJJAINI&panchayat_code=3153001081&fin_year=2025-2026&source=&work_code=3153001081/LD/958486255824971582&msr_no=9229&AttendanceDate=21/03/2026&Digest=XKmuod/isXlSUEwGrgwsZQ",8
"BASTI","PARAS RAMPUR","DHOSHAR MISHRA","3153001085/RC/958486255823726378","9451","https://mnregaweb4.nic.in/nregaarch/View_NMMS_atten_date_dtl_rpt.aspx?page=&short_name=UP&state_name=UTTAR%20PRADESH&state_code=31&district_name=BASTI&district_code=3153&block_name=PARAS%20RAMPUR&block_code=3153001&panchayat_name=DHOSHAR%20MISHRA&panchayat_code=3153001085&fin_year=2025-2026&source=&work_code=3153001085/RC/958486255823726378&msr_no=9451&AttendanceDate=21/03/2026&Digest=eBK6vT1hxrJo0GTcZGVt6A",6
"BASTI","PARAS RAMPUR","DHOSHAR MISHRA","3153001085/RC/958486255823726380","9661","https://mnregaweb4.nic.in/nregaarch/View_NMMS_atten_date_dtl_rpt.aspx?page=&short_name=UP&state_name=UTTAR%20PRADESH&state_code=31&district_name=BASTI&district_code=3153&block_name=PARAS%20RAMPUR&block_code=3153001&panchayat_name=DHOSHAR%20MISHRA&panchayat_code=3153001085&fin_year=2025-2026&source=&work_code=3153001085/RC/958486255823726380&msr_no=9661&AttendanceDate=21/03/2026&Digest=4MhjWx3PDOdcuylemKZhTA",10
"BASTI","PARAS RAMPUR","DHOSHAR MISHRA","3153001085/WC/958486255824211496","9445","https://mnregaweb4.nic.in/nregaarch/View_NMMS_atten_date_dtl_rpt.aspx?page=&short_name=UP&state_name=UTTAR%20PRADESH&state_code=31&district_name=BASTI&district_code=3153&block_name=PARAS%20RAMPUR&block_code=3153001&panchayat_name=DHOSHAR%20MISHRA&panchayat_code=3153001085&fin_year=2025-2026&source=&work_code=3153001085/WC/958486255824211496&msr_no=9445&AttendanceDate=21/03/2026&Digest=PnXH8+IOuSz0gRQ9vKXFXQ",10
"BASTI","PARAS RAMPUR","DHOSHAR MISHRA","3153001085/WC/958486255824211496","9448","https://mnregaweb4.nic.in/nregaarch/View_NMMS_atten_date_dtl_rpt.aspx?page=&short_name=UP&state_name=UTTAR%20PRADESH&state_code=31&district_name=BASTI&district_code=3153&block_name=PARAS%20RAMPUR&block_code=3153001&panchayat_name=DHOSHAR%20MISHRA&panchayat_code=3153001085&fin_year=2025-2026&source=&work_code=3153001085/WC/958486255824211496&msr_no=9448&AttendanceDate=21/03/2026&Digest=FYR/PsVZpExeqmU3CIowSw",8
"BASTI","PARAS RAMPUR","MUKUND PUR","3153001091/WC/958486255824209000","9598","https://mnregaweb4.nic.in/nregaarch/View_NMMS_atten_date_dtl_rpt.aspx?page=&short_name=UP&state_name=UTTAR%20PRADESH&state_code=31&district_name=BASTI&district_code=3153&block_name=PARAS%20RAMPUR&block_code=3153001&panchayat_name=MUKUND%20PUR&panchayat_code=3153001091&fin_year=2025-2026&source=&work_code=3153001091/WC/958486255824209000&msr_no=9598&AttendanceDate=21/03/2026&Digest=/Xgl2EllKW+O5XpMavQPsw",9
"BASTI","PARAS RAMPUR","BILARI BHITI","3153001092/WC/958486255823409958","9301","https://mnregaweb4.nic.in/nregaarch/View_NMMS_atten_date_dtl_rpt.aspx?page=&short_name=UP&state_name=UTTAR%20PRADESH&state_code=31&district_name=BASTI&district_code=3153&block_name=PARAS%20RAMPUR&block_code=3153001&panchayat_name=BILARI%20BHITI&panchayat_code=3153001092&fin_year=2025-2026&source=&work_code=3153001092/WC/958486255823409958&msr_no=9301&AttendanceDate=21/03/2026&Digest=dOUR4yDQAPnCubBgN9eqTA",9
"BASTI","PARAS RAMPUR","SEHARIYA MADHUKARPUR","3153001097/LD/958486255824741358","9609","https://mnregaweb4.nic.in/nregaarch/View_NMMS_atten_date_dtl_rpt.aspx?page=&short_name=UP&state_name=UTTAR%20PRADESH&state_code=31&district_name=BASTI&district_code=3153&block_name=PARAS%20RAMPUR&block_code=3153001&panchayat_name=SEHARIYA%20MADHUKARPUR&panchayat_code=3153001097&fin_year=2025-2026&source=&work_code=3153001097/LD/958486255824741358&msr_no=9609&AttendanceDate=21/03/2026&Digest=+GW90C6jZ/feawB9JfdReg",8
"BASTI","PARAS RAMPUR","LACHHIPUR","3153001106/LD/958486255824828632","9519","https://mnregaweb4.nic.in/nregaarch/View_NMMS_atten_date_dtl_rpt.aspx?page=&short_name=UP&state_name=UTTAR%20PRADESH&state_code=31&district_name=BASTI&district_code=3153&block_name=PARAS%20RAMPUR&block_code=3153001&panchayat_name=LACHHIPUR&panchayat_code=3153001106&fin_year=2025-2026&source=&work_code=3153001106/LD/958486255824828632&msr_no=9519&AttendanceDate=21/03/2026&Digest=F/7dvR9DJ6uQxqxYF3VSxQ",10
"BASTI","RAMNAGAR","AHIRAULA","3153006002/RC/958486255823589990","6127","https://mnregaweb4.nic.in/nregaarch/View_NMMS_atten_date_dtl_rpt.aspx?page=&short_name=UP&state_name=UTTAR%20PRADESH&state_code=31&district_name=BASTI&district_code=3153&block_name=RAMNAGAR&block_code=3153006&panchayat_name=AHIRAULA&panchayat_code=3153006002&fin_year=2025-2026&source=&work_code=3153006002/RC/958486255823589990&msr_no=6127&AttendanceDate=21/03/2026&Digest=lAI3dNMODL5xcqVXgM1aSg",3
"BASTI","RAMNAGAR","GADAPUR CHAK","3153006026/RC/958486255823750649","6150","https://mnregaweb4.nic.in/nregaarch/View_NMMS_atten_date_dtl_rpt.aspx?page=&short_name=UP&state_name=UTTAR%20PRADESH&state_code=31&district_name=BASTI&district_code=3153&block_name=RAMNAGAR&block_code=3153006&panchayat_name=GADAPUR%20CHAK&panchayat_code=3153006026&fin_year=2025-2026&source=&work_code=3153006026/RC/958486255823750649&msr_no=6150&AttendanceDate=21/03/2026&Digest=qgL17ww2P5rc6FOmiUI2bA",4
"BASTI","RAMNAGAR","GADAPUR CHAK","3153006026/RC/958486255823750649","6153","https://mnregaweb4.nic.in/nregaarch/View_NMMS_atten_date_dtl_rpt.aspx?page=&short_name=UP&state_name=UTTAR%20PRADESH&state_code=31&district_name=BASTI&district_code=3153&block_name=RAMNAGAR&block_code=3153006&panchayat_name=GADAPUR%20CHAK&panchayat_code=3153006026&fin_year=2025-2026&source=&work_code=3153006026/RC/958486255823750649&msr_no=6153&AttendanceDate=21/03/2026&Digest=QfPzEa0zQXbSswoOa7gcSg",1
"BASTI","RAMNAGAR","IBRAHIMCHAK SEKHAPUR","3153006071/RC/958486255823750522","6156","https://mnregaweb4.nic.in/nregaarch/View_NMMS_atten_date_dtl_rpt.aspx?page=&short_name=UP&state_name=UTTAR%20PRADESH&state_code=31&district_name=BASTI&district_code=3153&block_name=RAMNAGAR&block_code=3153006&panchayat_name=IBRAHIMCHAK%20SEKHAPUR&panchayat_code=3153006071&fin_year=2025-2026&source=&work_code=3153006071/RC/958486255823750522&msr_no=6156&AttendanceDate=21/03/2026&Digest=Q7DPVwydauksfa5+A8BdNw",9
"BASTI","RUDAULI","ARADA","3153008003/LD/958486255824982208","6015","https://mnregaweb4.nic.in/nregaarch/View_NMMS_atten_date_dtl_rpt.aspx?page=&short_name=UP&state_name=UTTAR%20PRADESH&state_code=31&district_name=BASTI&district_code=3153&block_name=RUDAULI&block_code=3153008&panchayat_name=ARADA&panchayat_code=3153008003&fin_year=2025-2026&source=&work_code=3153008003/LD/958486255824982208&msr_no=6015&AttendanceDate=21/03/2026&Digest=083oU0RQAKxK3qCEp8eCmA",1
"BASTI","RUDAULI","BAKHARIAYA","3153008008/RC/958486255823693454","6010","https://mnregaweb4.nic.in/nregaarch/View_NMMS_atten_date_dtl_rpt.aspx?page=&short_name=UP&state_name=UTTAR%20PRADESH&state_code=31&district_name=BASTI&district_code=3153&block_name=RUDAULI&block_code=3153008&panchayat_name=BAKHARIAYA&panchayat_code=3153008008&fin_year=2025-2026&source=&work_code=3153008008/RC/958486255823693454&msr_no=6010&AttendanceDate=21/03/2026&Digest=caVkrot/6QqMWWKdjoTAMQ",2
"BASTI","RUDAULI","DUMARI","3153008024/RC/958486255823749822","6088","https://mnregaweb4.nic.in/nregaarch/View_NMMS_atten_date_dtl_rpt.aspx?page=&short_name=UP&state_name=UTTAR%20PRADESH&state_code=31&district_name=BASTI&district_code=3153&block_name=RUDAULI&block_code=3153008&panchayat_name=DUMARI&panchayat_code=3153008024&fin_year=2025-2026&source=&work_code=3153008024/RC/958486255823749822&msr_no=6088&AttendanceDate=21/03/2026&Digest=keNsfbAW97/RYYpv6zFGPQ",9
"BASTI","RUDAULI","DUMARI","3153008024/WH/958486255824013017","6200","https://mnregaweb4.nic.in/nregaarch/View_NMMS_atten_date_dtl_rpt.aspx?page=&short_name=UP&state_name=UTTAR%20PRADESH&state_code=31&district_name=BASTI&district_code=3153&block_name=RUDAULI&block_code=3153008&panchayat_name=DUMARI&panchayat_code=3153008024&fin_year=2025-2026&source=&work_code=3153008024/WH/958486255824013017&msr_no=6200&AttendanceDate=21/03/2026&Digest=DtshtWwEAEWZTCsbl/kfvQ",10
"BASTI","RUDAULI","MAHUAA PAAR","3153008041/RC/958486255823735731","6040","https://mnregaweb4.nic.in/nregaarch/View_NMMS_atten_date_dtl_rpt.aspx?page=&short_name=UP&state_name=UTTAR%20PRADESH&state_code=31&district_name=BASTI&district_code=3153&block_name=RUDAULI&block_code=3153008&panchayat_name=MAHUAA%20PAAR&panchayat_code=3153008041&fin_year=2025-2026&source=&work_code=3153008041/RC/958486255823735731&msr_no=6040&AttendanceDate=21/03/2026&Digest=R0Z6fEcSgQ1RA+TNRosC/A",5
"BASTI","RUDAULI","PAIDA","3153008053/RC/958486255823749013","6063","https://mnregaweb4.nic.in/nregaarch/View_NMMS_atten_date_dtl_rpt.aspx?page=&short_name=UP&state_name=UTTAR%20PRADESH&state_code=31&district_name=BASTI&district_code=3153&block_name=RUDAULI&block_code=3153008&panchayat_name=PAIDA&panchayat_code=3153008053&fin_year=2025-2026&source=&work_code=3153008053/RC/958486255823749013&msr_no=6063&AttendanceDate=21/03/2026&Digest=SIFS77yKBe1K6wK4Qq4Gxw",7
"BASTI","RUDAULI","PAIDA","3153008053/WH/958486255824013349","5976","https://mnregaweb4.nic.in/nregaarch/View_NMMS_atten_date_dtl_rpt.aspx?page=&short_name=UP&state_name=UTTAR%20PRADESH&state_code=31&district_name=BASTI&district_code=3153&block_name=RUDAULI&block_code=3153008&panchayat_name=PAIDA&panchayat_code=3153008053&fin_year=2025-2026&source=&work_code=3153008053/WH/958486255824013349&msr_no=5976&AttendanceDate=21/03/2026&Digest=jhi5CKugirpekH0N5XeafQ",7
"BASTI","RUDAULI","SURVAR KALA","3153008067/RC/958486255823717194","6198","https://mnregaweb4.nic.in/nregaarch/View_NMMS_atten_date_dtl_rpt.aspx?page=&short_name=UP&state_name=UTTAR%20PRADESH&state_code=31&district_name=BASTI&district_code=3153&block_name=RUDAULI&block_code=3153008&panchayat_name=SURVAR%20KALA&panchayat_code=3153008067&fin_year=2025-2026&source=&work_code=3153008067/RC/958486255823717194&msr_no=6198&AttendanceDate=21/03/2026&Digest=NQSOaPnZEvWEIM6U2Eaz5Q",2
"BASTI","RUDAULI","SURVAR KALA","3153008067/RC/958486255823717644","6196","https://mnregaweb4.nic.in/nregaarch/View_NMMS_atten_date_dtl_rpt.aspx?page=&short_name=UP&state_name=UTTAR%20PRADESH&state_code=31&district_name=BASTI&district_code=3153&block_name=RUDAULI&block_code=3153008&panchayat_name=SURVAR%20KALA&panchayat_code=3153008067&fin_year=2025-2026&source=&work_code=3153008067/RC/958486255823717644&msr_no=6196&AttendanceDate=21/03/2026&Digest=AGJYqdxLCzQJSDV5weGRFg",2
"BASTI","SALTAUA GOPAL PUR","AMRAULI SHUMALI","3153007006/DP/958486255824204315","5505","https://mnregaweb4.nic.in/nregaarch/View_NMMS_atten_date_dtl_rpt.aspx?page=&short_name=UP&state_name=UTTAR%20PRADESH&state_code=31&district_name=BASTI&district_code=3153&block_name=SALTAUA%20GOPAL%20PUR&block_code=3153007&panchayat_name=AMRAULI%20SHUMALI&panchayat_code=3153007006&fin_year=2025-2026&source=&work_code=3153007006/DP/958486255824204315&msr_no=5505&AttendanceDate=21/03/2026&Digest=CAJOquKfGtNLNuxHilcJyA",5
"BASTI","SALTAUA GOPAL PUR","JOTA","3153007035/WH/958486255824013074","5421","https://mnregaweb4.nic.in/nregaarch/View_NMMS_atten_date_dtl_rpt.aspx?page=&short_name=UP&state_name=UTTAR%20PRADESH&state_code=31&district_name=BASTI&district_code=3153&block_name=SALTAUA%20GOPAL%20PUR&block_code=3153007&panchayat_name=JOTA&panchayat_code=3153007035&fin_year=2025-2026&source=&work_code=3153007035/WH/958486255824013074&msr_no=5421&AttendanceDate=21/03/2026&Digest=1DDk9LcmI7ToFVIbFPurQg",8
"BASTI","SALTAUA GOPAL PUR","JOTA","3153007035/WH/958486255824013074","5424","https://mnregaweb4.nic.in/nregaarch/View_NMMS_atten_date_dtl_rpt.aspx?page=&short_name=UP&state_name=UTTAR%20PRADESH&state_code=31&district_name=BASTI&district_code=3153&block_name=SALTAUA%20GOPAL%20PUR&block_code=3153007&panchayat_name=JOTA&panchayat_code=3153007035&fin_year=2025-2026&source=&work_code=3153007035/WH/958486255824013074&msr_no=5424&AttendanceDate=21/03/2026&Digest=JDUXwIEz6TXM/f0nA1YxEw",10
"BASTI","SALTAUA GOPAL PUR","JOTA","3153007035/WH/958486255824013074","5427","https://mnregaweb4.nic.in/nregaarch/View_NMMS_atten_date_dtl_rpt.aspx?page=&short_name=UP&state_name=UTTAR%20PRADESH&state_code=31&district_name=BASTI&district_code=3153&block_name=SALTAUA%20GOPAL%20PUR&block_code=3153007&panchayat_name=JOTA&panchayat_code=3153007035&fin_year=2025-2026&source=&work_code=3153007035/WH/958486255824013074&msr_no=5427&AttendanceDate=21/03/2026&Digest=2++n60T4cnd1miKBArOjTw",6
"BASTI","SALTAUA GOPAL PUR","PARSA KHAL","3153007057/RC/958486255823652950","5406","https://mnregaweb4.nic.in/nregaarch/View_NMMS_atten_date_dtl_rpt.aspx?page=&short_name=UP&state_name=UTTAR%20PRADESH&state_code=31&district_name=BASTI&district_code=3153&block_name=SALTAUA%20GOPAL%20PUR&block_code=3153007&panchayat_name=PARSA%20KHAL&panchayat_code=3153007057&fin_year=2025-2026&source=&work_code=3153007057/RC/958486255823652950&msr_no=5406&AttendanceDate=21/03/2026&Digest=B5D+vHBRbi8PpElIH/i2Ng",8
"BASTI","SALTAUA GOPAL PUR","PARSA KHAL","3153007057/RC/958486255823652950","5409","https://mnregaweb4.nic.in/nregaarch/View_NMMS_atten_date_dtl_rpt.aspx?page=&short_name=UP&state_name=UTTAR%20PRADESH&state_code=31&district_name=BASTI&district_code=3153&block_name=SALTAUA%20GOPAL%20PUR&block_code=3153007&panchayat_name=PARSA%20KHAL&panchayat_code=3153007057&fin_year=2025-2026&source=&work_code=3153007057/RC/958486255823652950&msr_no=5409&AttendanceDate=21/03/2026&Digest=fP9fadNd2DA8YK1x77RUtw",4
"BASTI","PARAS RAMPUR","ETAWA","3153001025/RC/958486255823743765","9360","https://mnregaweb4.nic.in/nregaarch/View_NMMS_atten_date_dtl_rpt.aspx?page=&short_name=UP&state_name=UTTAR%20PRADESH&state_code=31&district_name=BASTI&district_code=3153&block_name=PARAS%20RAMPUR&block_code=3153001&panchayat_name=ETAWA&panchayat_code=3153001025&fin_year=2025-2026&source=&work_code=3153001025/RC/958486255823743765&msr_no=9360&AttendanceDate=21/03/2026&Digest=Iy0t522dpFL9/GGcHDColQ",9
"BASTI","PARAS RAMPUR","KARIGHNA","3153001038/RC/958486255823697763","9202","https://mnregaweb4.nic.in/nregaarch/View_NMMS_atten_date_dtl_rpt.aspx?page=&short_name=UP&state_name=UTTAR%20PRADESH&state_code=31&district_name=BASTI&district_code=3153&block_name=PARAS%20RAMPUR&block_code=3153001&panchayat_name=KARIGHNA&panchayat_code=3153001038&fin_year=2025-2026&source=&work_code=3153001038/RC/958486255823697763&msr_no=9202&AttendanceDate=21/03/2026&Digest=3HnYTjpln5WgPukSAWJm6g",8
"BASTI","PARAS RAMPUR","LAKSHIMANPUR KUNWAR","3153001042/RC/958486255823724120","9282","https://mnregaweb4.nic.in/nregaarch/View_NMMS_atten_date_dtl_rpt.aspx?page=&short_name=UP&state_name=UTTAR%20PRADESH&state_code=31&district_name=BASTI&district_code=3153&block_name=PARAS%20RAMPUR&block_code=3153001&panchayat_name=LAKSHIMANPUR%20KUNWAR&panchayat_code=3153001042&fin_year=2025-2026&source=&work_code=3153001042/RC/958486255823724120&msr_no=9282&AttendanceDate=21/03/2026&Digest=ux+6dkGjbTqbVEKWsH8juw",8
"BASTI","PARAS RAMPUR","NATHPUR PANDE","3153001058/RC/958486255823725158","9422","https://mnregaweb4.nic.in/nregaarch/View_NMMS_atten_date_dtl_rpt.aspx?page=&short_name=UP&state_name=UTTAR%20PRADESH&state_code=31&district_name=BASTI&district_code=3153&block_name=PARAS%20RAMPUR&block_code=3153001&panchayat_name=NATHPUR%20PANDE&panchayat_code=3153001058&fin_year=2025-2026&source=&work_code=3153001058/RC/958486255823725158&msr_no=9422&AttendanceDate=21/03/2026&Digest=IigYLayxX9Ec8L7W7o8Ppg",8
"BASTI","PARAS RAMPUR","NEWADA","3153001061/LD/958486255824859956","9546","https://mnregaweb4.nic.in/nregaarch/View_NMMS_atten_date_dtl_rpt.aspx?page=&short_name=UP&state_name=UTTAR%20PRADESH&state_code=31&district_name=BASTI&district_code=3153&block_name=PARAS%20RAMPUR&block_code=3153001&panchayat_name=NEWADA&panchayat_code=3153001061&fin_year=2025-2026&source=&work_code=3153001061/LD/958486255824859956&msr_no=9546&AttendanceDate=21/03/2026&Digest=NQgzFCoY4PVi5tg7v+CogA",7
"BASTI","PARAS RAMPUR","PADARI BABU","3153001062/RC/958486255823721426","9394","https://mnregaweb4.nic.in/nregaarch/View_NMMS_atten_date_dtl_rpt.aspx?page=&short_name=UP&state_name=UTTAR%20PRADESH&state_code=31&district_name=BASTI&district_code=3153&block_name=PARAS%20RAMPUR&block_code=3153001&panchayat_name=PADARI%20BABU&panchayat_code=3153001062&fin_year=2025-2026&source=&work_code=3153001062/RC/958486255823721426&msr_no=9394&AttendanceDate=21/03/2026&Digest=BUsj4GMnXrB4n5WgEAGJdQ",4
"BASTI","PARAS RAMPUR","DHOBAHI","3153001063/WC/958486255824234655","9653","https://mnregaweb4.nic.in/nregaarch/View_NMMS_atten_date_dtl_rpt.aspx?page=&short_name=UP&state_name=UTTAR%20PRADESH&state_code=31&district_name=BASTI&district_code=3153&block_name=PARAS%20RAMPUR&block_code=3153001&panchayat_name=DHOBAHI&panchayat_code=3153001063&fin_year=2025-2026&source=&work_code=3153001063/WC/958486255824234655&msr_no=9653&AttendanceDate=21/03/2026&Digest=7ErVAmXiEY2vYDQgdPLwVQ",6
"BASTI","PARAS RAMPUR","DHOBAHI","3153001063/WC/958486255824234655","9656","https://mnregaweb4.nic.in/nregaarch/View_NMMS_atten_date_dtl_rpt.aspx?page=&short_name=UP&state_name=UTTAR%20PRADESH&state_code=31&district_name=BASTI&district_code=3153&block_name=PARAS%20RAMPUR&block_code=3153001&panchayat_name=DHOBAHI&panchayat_code=3153001063&fin_year=2025-2026&source=&work_code=3153001063/WC/958486255824234655&msr_no=9656&AttendanceDate=21/03/2026&Digest=SmS4GxLDZ2vDlEoOnWUPLg",9
"BASTI","PARAS RAMPUR","PARSURAMPUR","3153001064/RC/958486255823732685","9644","https://mnregaweb4.nic.in/nregaarch/View_NMMS_atten_date_dtl_rpt.aspx?page=&short_name=UP&state_name=UTTAR%20PRADESH&state_code=31&district_name=BASTI&district_code=3153&block_name=PARAS%20RAMPUR&block_code=3153001&panchayat_name=PARSURAMPUR&panchayat_code=3153001064&fin_year=2025-2026&source=&work_code=3153001064/RC/958486255823732685&msr_no=9644&AttendanceDate=21/03/2026&Digest=+V5Bpstyns2aGTwOGC2sWg",10
"BASTI","PARAS RAMPUR","RAGHVAPUR","3153001068/LD/958486255824935221","9267","https://mnregaweb4.nic.in/nregaarch/View_NMMS_atten_date_dtl_rpt.aspx?page=&short_name=UP&state_name=UTTAR%20PRADESH&state_code=31&district_name=BASTI&district_code=3153&block_name=PARAS%20RAMPUR&block_code=3153001&panchayat_name=RAGHVAPUR&panchayat_code=3153001068&fin_year=2025-2026&source=&work_code=3153001068/LD/958486255824935221&msr_no=9267&AttendanceDate=21/03/2026&Digest=sR9JLy06Y1lFgjiPVX6tmg",9
"BASTI","PARAS RAMPUR","SUKRAULI KUWAR","3153001078/RC/958486255823632392","9601","https://mnregaweb4.nic.in/nregaarch/View_NMMS_atten_date_dtl_rpt.aspx?page=&short_name=UP&state_name=UTTAR%20PRADESH&state_code=31&district_name=BASTI&district_code=3153&block_name=PARAS%20RAMPUR&block_code=3153001&panchayat_name=SUKRAULI%20KUWAR&panchayat_code=3153001078&fin_year=2025-2026&source=&work_code=3153001078/RC/958486255823632392&msr_no=9601&AttendanceDate=21/03/2026&Digest=H9p0lv5w1U41Z1P2hmZXPQ",8
"BASTI","PARAS RAMPUR","DHOSHAR MISHRA","3153001085/RC/958486255823726380","9662","https://mnregaweb4.nic.in/nregaarch/View_NMMS_atten_date_dtl_rpt.aspx?page=&short_name=UP&state_name=UTTAR%20PRADESH&state_code=31&district_name=BASTI&district_code=3153&block_name=PARAS%20RAMPUR&block_code=3153001&panchayat_name=DHOSHAR%20MISHRA&panchayat_code=3153001085&fin_year=2025-2026&source=&work_code=3153001085/RC/958486255823726380&msr_no=9662&AttendanceDate=21/03/2026&Digest=l0iAWoC6wvAL7GsrTfF8Bg",9
"BASTI","PARAS RAMPUR","MADARIYA BABU","3153001090/RC/958486255823692886","9207","https://mnregaweb4.nic.in/nregaarch/View_NMMS_atten_date_dtl_rpt.aspx?page=&short_name=UP&state_name=UTTAR%20PRADESH&state_code=31&district_name=BASTI&district_code=3153&block_name=PARAS%20RAMPUR&block_code=3153001&panchayat_name=MADARIYA%20BABU	&panchayat_code=3153001090&fin_year=2025-2026&source=&work_code=3153001090/RC/958486255823692886&msr_no=9207&AttendanceDate=21/03/2026&Digest=z6KHmCHdY93dVX1Sz9YN1Q",5
"BASTI","PARAS RAMPUR","PITUDA","3153001093/LD/958486255824888940","9222","https://mnregaweb4.nic.in/nregaarch/View_NMMS_atten_date_dtl_rpt.aspx?page=&short_name=UP&state_name=UTTAR%20PRADESH&state_code=31&district_name=BASTI&district_code=3153&block_name=PARAS%20RAMPUR&block_code=3153001&panchayat_name=PITUDA&panchayat_code=3153001093&fin_year=2025-2026&source=&work_code=3153001093/LD/958486255824888940&msr_no=9222&AttendanceDate=21/03/2026&Digest=s38JWor3V3lFSllzTUmzeA",10
"BASTI","PARAS RAMPUR","RAMPUR NAV NIDHI RAI","3153001096/LD/958486255824671641","9617","https://mnregaweb4.nic.in/nregaarch/View_NMMS_atten_date_dtl_rpt.aspx?page=&short_name=UP&state_name=UTTAR%20PRADESH&state_code=31&district_name=BASTI&district_code=3153&block_name=PARAS%20RAMPUR&block_code=3153001&panchayat_name=RAMPUR%20NAV%20NIDHI%20RAI&panchayat_code=3153001096&fin_year=2025-2026&source=&work_code=3153001096/LD/958486255824671641&msr_no=9617&AttendanceDate=21/03/2026&Digest=lGn5dKC1WCexWgB+muYlyQ",10
"BASTI","PARAS RAMPUR","SEHARIYA MAGNAPUR","3153001098/RC/958486255823746338","9355","https://mnregaweb4.nic.in/nregaarch/View_NMMS_atten_date_dtl_rpt.aspx?page=&short_name=UP&state_name=UTTAR%20PRADESH&state_code=31&district_name=BASTI&district_code=3153&block_name=PARAS%20RAMPUR&block_code=3153001&panchayat_name=SEHARIYA%20MAGNAPUR&panchayat_code=3153001098&fin_year=2025-2026&source=&work_code=3153001098/RC/958486255823746338&msr_no=9355&AttendanceDate=21/03/2026&Digest=NSYel4vbmkRtsbzk8AxNQw",1
"BASTI","PARAS RAMPUR","LACHHIPUR","3153001106/RC/958486255823730898","9296","https://mnregaweb4.nic.in/nregaarch/View_NMMS_atten_date_dtl_rpt.aspx?page=&short_name=UP&state_name=UTTAR%20PRADESH&state_code=31&district_name=BASTI&district_code=3153&block_name=PARAS%20RAMPUR&block_code=3153001&panchayat_name=LACHHIPUR&panchayat_code=3153001106&fin_year=2025-2026&source=&work_code=3153001106/RC/958486255823730898&msr_no=9296&AttendanceDate=21/03/2026&Digest=FcNaXYUTcKf9B1+57faJqQ",10
"BASTI","PARAS RAMPUR","LACHHIPUR","3153001106/WC/958486255824214723","9515","https://mnregaweb4.nic.in/nregaarch/View_NMMS_atten_date_dtl_rpt.aspx?page=&short_name=UP&state_name=UTTAR%20PRADESH&state_code=31&district_name=BASTI&district_code=3153&block_name=PARAS%20RAMPUR&block_code=3153001&panchayat_name=LACHHIPUR&panchayat_code=3153001106&fin_year=2025-2026&source=&work_code=3153001106/WC/958486255824214723&msr_no=9515&AttendanceDate=21/03/2026&Digest=e+K4F5mFvwAONi1NoLQfBg",10
"BASTI","PARAS RAMPUR","LACHHIPUR","3153001106/WC/958486255824214723","9518","https://mnregaweb4.nic.in/nregaarch/View_NMMS_atten_date_dtl_rpt.aspx?page=&short_name=UP&state_name=UTTAR%20PRADESH&state_code=31&district_name=BASTI&district_code=3153&block_name=PARAS%20RAMPUR&block_code=3153001&panchayat_name=LACHHIPUR&panchayat_code=3153001106&fin_year=2025-2026&source=&work_code=3153001106/WC/958486255824214723&msr_no=9518&AttendanceDate=21/03/2026&Digest=s9BNpIxSN1MoZ44u/gOxWg",9
"BASTI","RAMNAGAR","BEILI","3153006014/LD/958486255824622751","5988","https://mnregaweb4.nic.in/nregaarch/View_NMMS_atten_date_dtl_rpt.aspx?page=&short_name=UP&state_name=UTTAR%20PRADESH&state_code=31&district_name=BASTI&district_code=3153&block_name=RAMNAGAR&block_code=3153006&panchayat_name=BEILI&panchayat_code=3153006014&fin_year=2025-2026&source=&work_code=3153006014/LD/958486255824622751&msr_no=5988&AttendanceDate=21/03/2026&Digest=esGXd2Or2YNH3l1RZqw/ww",2
"BASTI","RAMNAGAR","CHAISAR","3153006020/WC/958486255824226707","5985","https://mnregaweb4.nic.in/nregaarch/View_NMMS_atten_date_dtl_rpt.aspx?page=&short_name=UP&state_name=UTTAR%20PRADESH&state_code=31&district_name=BASTI&district_code=3153&block_name=RAMNAGAR&block_code=3153006&panchayat_name=CHAISAR&panchayat_code=3153006020&fin_year=2025-2026&source=&work_code=3153006020/WC/958486255824226707&msr_no=5985&AttendanceDate=21/03/2026&Digest=ZPeHZHSaJfxtB37BdgFIZw",6
"BASTI","RAMNAGAR","CHAISAR","3153006020/WC/958486255824226728","5983","https://mnregaweb4.nic.in/nregaarch/View_NMMS_atten_date_dtl_rpt.aspx?page=&short_name=UP&state_name=UTTAR%20PRADESH&state_code=31&district_name=BASTI&district_code=3153&block_name=RAMNAGAR&block_code=3153006&panchayat_name=CHAISAR&panchayat_code=3153006020&fin_year=2025-2026&source=&work_code=3153006020/WC/958486255824226728&msr_no=5983&AttendanceDate=21/03/2026&Digest=flfn7ipLRQ/tBvEovl8h5A",8
"BASTI","RAMNAGAR","GADAPUR CHAK","3153006026/RC/958486255823750649","6152","https://mnregaweb4.nic.in/nregaarch/View_NMMS_atten_date_dtl_rpt.aspx?page=&short_name=UP&state_name=UTTAR%20PRADESH&state_code=31&district_name=BASTI&district_code=3153&block_name=RAMNAGAR&block_code=3153006&panchayat_name=GADAPUR%20CHAK&panchayat_code=3153006026&fin_year=2025-2026&source=&work_code=3153006026/RC/958486255823750649&msr_no=6152&AttendanceDate=21/03/2026&Digest=BFvhqLHcNrX/T4iZb9gIuA",4
"BASTI","RAMNAGAR","LODHAVA","3153006040/AV/958486255824177707","6028","https://mnregaweb4.nic.in/nregaarch/View_NMMS_atten_date_dtl_rpt.aspx?page=&short_name=UP&state_name=UTTAR%20PRADESH&state_code=31&district_name=BASTI&district_code=3153&block_name=RAMNAGAR&block_code=3153006&panchayat_name=LODHAVA&panchayat_code=3153006040&fin_year=2025-2026&source=&work_code=3153006040/AV/958486255824177707&msr_no=6028&AttendanceDate=21/03/2026&Digest=9S7UMAZPcjYPiwDpW+qjCw",6
"BASTI","RAMNAGAR","PARSA KUTUB","3153006051/RC/958486255823741598","6168","https://mnregaweb4.nic.in/nregaarch/View_NMMS_atten_date_dtl_rpt.aspx?page=&short_name=UP&state_name=UTTAR%20PRADESH&state_code=31&district_name=BASTI&district_code=3153&block_name=RAMNAGAR&block_code=3153006&panchayat_name=PARSA%20KUTUB&panchayat_code=3153006051&fin_year=2025-2026&source=&work_code=3153006051/RC/958486255823741598&msr_no=6168&AttendanceDate=21/03/2026&Digest=597rj7kvUhs2rp3d2QZy8A",9
"BASTI","RAMNAGAR","VAIDOLI URF DUBAULI","3153006069/LD/958486255824984130","6071","https://mnregaweb4.nic.in/nregaarch/View_NMMS_atten_date_dtl_rpt.aspx?page=&short_name=UP&state_name=UTTAR%20PRADESH&state_code=31&district_name=BASTI&district_code=3153&block_name=RAMNAGAR&block_code=3153006&panchayat_name=VAIDOLI%20URF%20DUBAULI&panchayat_code=3153006069&fin_year=2025-2026&source=&work_code=3153006069/LD/958486255824984130&msr_no=6071&AttendanceDate=21/03/2026&Digest=Z3/ghTJvIJHdSYbGt8xPrg",3
"BASTI","RAMNAGAR","IBRAHIMCHAK SEKHAPUR","3153006071/RC/958486255823751189","6157","https://mnregaweb4.nic.in/nregaarch/View_NMMS_atten_date_dtl_rpt.aspx?page=&short_name=UP&state_name=UTTAR%20PRADESH&state_code=31&district_name=BASTI&district_code=3153&block_name=RAMNAGAR&block_code=3153006&panchayat_name=IBRAHIMCHAK%20SEKHAPUR&panchayat_code=3153006071&fin_year=2025-2026&source=&work_code=3153006071/RC/958486255823751189&msr_no=6157&AttendanceDate=21/03/2026&Digest=37ETaKjIS9AVl6t+twxEIw",10
"BASTI","RAMNAGAR","MAILANI URF HINDU NAGAR","3153006079/RC/958486255823699542","6076","https://mnregaweb4.nic.in/nregaarch/View_NMMS_atten_date_dtl_rpt.aspx?page=&short_name=UP&state_name=UTTAR%20PRADESH&state_code=31&district_name=BASTI&district_code=3153&block_name=RAMNAGAR&block_code=3153006&panchayat_name=MAILANI%20URF%20HINDU%20NAGAR&panchayat_code=3153006079&fin_year=2025-2026&source=&work_code=3153006079/RC/958486255823699542&msr_no=6076&AttendanceDate=21/03/2026&Digest=o+6H2QRerUNLhx+N7klMJw",9
"BASTI","RUDAULI","BAKHARIAYA","3153008008/RC/958486255823693454","6009","https://mnregaweb4.nic.in/nregaarch/View_NMMS_atten_date_dtl_rpt.aspx?page=&short_name=UP&state_name=UTTAR%20PRADESH&state_code=31&district_name=BASTI&district_code=3153&block_name=RUDAULI&block_code=3153008&panchayat_name=BAKHARIAYA&panchayat_code=3153008008&fin_year=2025-2026&source=&work_code=3153008008/RC/958486255823693454&msr_no=6009&AttendanceDate=21/03/2026&Digest=SHUDlTyILmBjgX2tCFQdfQ",6
"BASTI","RUDAULI","BHARAULI","3153008012/WH/958486255824013123","6029","https://mnregaweb4.nic.in/nregaarch/View_NMMS_atten_date_dtl_rpt.aspx?page=&short_name=UP&state_name=UTTAR%20PRADESH&state_code=31&district_name=BASTI&district_code=3153&block_name=RUDAULI&block_code=3153008&panchayat_name=BHARAULI&panchayat_code=3153008012&fin_year=2025-2026&source=&work_code=3153008012/WH/958486255824013123&msr_no=6029&AttendanceDate=21/03/2026&Digest=hr5RLLUgEmlMrPzWemG4Tw",6
"BASTI","RUDAULI","BIJALPUR","3153008016/RC/958486255823745795","5885","https://mnregaweb4.nic.in/nregaarch/View_NMMS_atten_date_dtl_rpt.aspx?page=&short_name=UP&state_name=UTTAR%20PRADESH&state_code=31&district_name=BASTI&district_code=3153&block_name=RUDAULI&block_code=3153008&panchayat_name=BIJALPUR&panchayat_code=3153008016&fin_year=2025-2026&source=&work_code=3153008016/RC/958486255823745795&msr_no=5885&AttendanceDate=21/03/2026&Digest=o47Q3bczM7qqJpdw6x8I2g",9
"BASTI","RUDAULI","BIJALPUR","3153008016/WH/958486255824013324","5990","https://mnregaweb4.nic.in/nregaarch/View_NMMS_atten_date_dtl_rpt.aspx?page=&short_name=UP&state_name=UTTAR%20PRADESH&state_code=31&district_name=BASTI&district_code=3153&block_name=RUDAULI&block_code=3153008&panchayat_name=BIJALPUR&panchayat_code=3153008016&fin_year=2025-2026&source=&work_code=3153008016/WH/958486255824013324&msr_no=5990&AttendanceDate=21/03/2026&Digest=QxUVhbtlyWnnpRjpBM2qgQ",5
"BASTI","RUDAULI","BIJALPUR","3153008016/WH/958486255824013324","5993","https://mnregaweb4.nic.in/nregaarch/View_NMMS_atten_date_dtl_rpt.aspx?page=&short_name=UP&state_name=UTTAR%20PRADESH&state_code=31&district_name=BASTI&district_code=3153&block_name=RUDAULI&block_code=3153008&panchayat_name=BIJALPUR&panchayat_code=3153008016&fin_year=2025-2026&source=&work_code=3153008016/WH/958486255824013324&msr_no=5993&AttendanceDate=21/03/2026&Digest=5rDb2amUQ/niwRIGvE15oQ",5
"BASTI","RUDAULI","GANWARIYA KALA","3153008026/RC/958486255823730757","6058","https://mnregaweb4.nic.in/nregaarch/View_NMMS_atten_date_dtl_rpt.aspx?page=&short_name=UP&state_name=UTTAR%20PRADESH&state_code=31&district_name=BASTI&district_code=3153&block_name=RUDAULI&block_code=3153008&panchayat_name=GANWARIYA%20KALA&panchayat_code=3153008026&fin_year=2025-2026&source=&work_code=3153008026/RC/958486255823730757&msr_no=6058&AttendanceDate=21/03/2026&Digest=TFs0AfFFZyXdWDjt8Xfn7A",4
"BASTI","RUDAULI","KUDAHI","3153008039/RC/958486255823735732","6077","https://mnregaweb4.nic.in/nregaarch/View_NMMS_atten_date_dtl_rpt.aspx?page=&short_name=UP&state_name=UTTAR%20PRADESH&state_code=31&district_name=BASTI&district_code=3153&block_name=RUDAULI&block_code=3153008&panchayat_name=KUDAHI&panchayat_code=3153008039&fin_year=2025-2026&source=&work_code=3153008039/RC/958486255823735732&msr_no=6077&AttendanceDate=21/03/2026&Digest=Z0MIP2Yx3ofgwjCjlAHFRA",8
"BASTI","RUDAULI","PAIDA","3153008053/WH/958486255824013349","5975","https://mnregaweb4.nic.in/nregaarch/View_NMMS_atten_date_dtl_rpt.aspx?page=&short_name=UP&state_name=UTTAR%20PRADESH&state_code=31&district_name=BASTI&district_code=3153&block_name=RUDAULI&block_code=3153008&panchayat_name=PAIDA&panchayat_code=3153008053&fin_year=2025-2026&source=&work_code=3153008053/WH/958486255824013349&msr_no=5975&AttendanceDate=21/03/2026&Digest=WZoPgqtJNt/kYXVnHrk97A",3
"BASTI","RUDAULI","PAIDA","3153008053/WH/958486255824013349","5978","https://mnregaweb4.nic.in/nregaarch/View_NMMS_atten_date_dtl_rpt.aspx?page=&short_name=UP&state_name=UTTAR%20PRADESH&state_code=31&district_name=BASTI&district_code=3153&block_name=RUDAULI&block_code=3153008&panchayat_name=PAIDA&panchayat_code=3153008053&fin_year=2025-2026&source=&work_code=3153008053/WH/958486255824013349&msr_no=5978&AttendanceDate=21/03/2026&Digest=GQbsHb0hx6D2+/k9fUCrJw",9
"BASTI","RUDAULI","CHAND CHAUR","3153008077/RC/958486255823749524","6125","https://mnregaweb4.nic.in/nregaarch/View_NMMS_atten_date_dtl_rpt.aspx?page=&short_name=UP&state_name=UTTAR%20PRADESH&state_code=31&district_name=BASTI&district_code=3153&block_name=RUDAULI&block_code=3153008&panchayat_name=CHAND%20CHAUR&panchayat_code=3153008077&fin_year=2025-2026&source=&work_code=3153008077/RC/958486255823749524&msr_no=6125&AttendanceDate=21/03/2026&Digest=MvGOCcFdynBvC9BBH9QdeA",3
"BASTI","SALTAUA GOPAL PUR","JOTA","3153007035/WH/958486255824013074","5420","https://mnregaweb4.nic.in/nregaarch/View_NMMS_atten_date_dtl_rpt.aspx?page=&short_name=UP&state_name=UTTAR%20PRADESH&state_code=31&district_name=BASTI&district_code=3153&block_name=SALTAUA%20GOPAL%20PUR&block_code=3153007&panchayat_name=JOTA&panchayat_code=3153007035&fin_year=2025-2026&source=&work_code=3153007035/WH/958486255824013074&msr_no=5420&AttendanceDate=21/03/2026&Digest=ZHBVEEiC+i1g3C6aWKGfAw",9
"BASTI","PARAS RAMPUR","NEWADA","3153001061/LD/958486255824859950","9536","https://mnregaweb4.nic.in/nregaarch/View_NMMS_atten_date_dtl_rpt.aspx?page=&short_name=UP&state_name=UTTAR%20PRADESH&state_code=31&district_name=BASTI&district_code=3153&block_name=PARAS%20RAMPUR&block_code=3153001&panchayat_name=NEWADA&panchayat_code=3153001061&fin_year=2025-2026&source=&work_code=3153001061/LD/958486255824859950&msr_no=9536&AttendanceDate=21/03/2026&Digest=7FVnsEDUSqGGPnd/DRckog",4
"BASTI","PARAS RAMPUR","PADARI BABU","3153001062/RC/958486255823743924","9396","https://mnregaweb4.nic.in/nregaarch/View_NMMS_atten_date_dtl_rpt.aspx?page=&short_name=UP&state_name=UTTAR%20PRADESH&state_code=31&district_name=BASTI&district_code=3153&block_name=PARAS%20RAMPUR&block_code=3153001&panchayat_name=PADARI%20BABU&panchayat_code=3153001062&fin_year=2025-2026&source=&work_code=3153001062/RC/958486255823743924&msr_no=9396&AttendanceDate=21/03/2026&Digest=EtqaPNNZ++3W+q+nW48XOw",9
"BASTI","PARAS RAMPUR","DHOBAHI","3153001063/WC/958486255824234655","9655","https://mnregaweb4.nic.in/nregaarch/View_NMMS_atten_date_dtl_rpt.aspx?page=&short_name=UP&state_name=UTTAR%20PRADESH&state_code=31&district_name=BASTI&district_code=3153&block_name=PARAS%20RAMPUR&block_code=3153001&panchayat_name=DHOBAHI&panchayat_code=3153001063&fin_year=2025-2026&source=&work_code=3153001063/WC/958486255824234655&msr_no=9655&AttendanceDate=21/03/2026&Digest=4qL/5dC2fdMPLbGgYrmqCQ",10
"BASTI","PARAS RAMPUR","RAGHUPUR","3153001067/WC/958486255824249956","9412","https://mnregaweb4.nic.in/nregaarch/View_NMMS_atten_date_dtl_rpt.aspx?page=&short_name=UP&state_name=UTTAR%20PRADESH&state_code=31&district_name=BASTI&district_code=3153&block_name=PARAS%20RAMPUR&block_code=3153001&panchayat_name=RAGHUPUR&panchayat_code=3153001067&fin_year=2025-2026&source=&work_code=3153001067/WC/958486255824249956&msr_no=9412&AttendanceDate=21/03/2026&Digest=OyAAbtkE3HYYu7yye/ceqg",6
"BASTI","PARAS RAMPUR","RAGHVAPUR","3153001068/AV/958486255824184571","9416","https://mnregaweb4.nic.in/nregaarch/View_NMMS_atten_date_dtl_rpt.aspx?page=&short_name=UP&state_name=UTTAR%20PRADESH&state_code=31&district_name=BASTI&district_code=3153&block_name=PARAS%20RAMPUR&block_code=3153001&panchayat_name=RAGHVAPUR&panchayat_code=3153001068&fin_year=2025-2026&source=&work_code=3153001068/AV/958486255824184571&msr_no=9416&AttendanceDate=21/03/2026&Digest=Q8UKzwvObFows4jU9rjkTA",8
"BASTI","PARAS RAMPUR","RAGHVAPUR","3153001068/WC/958486255824229110","9363","https://mnregaweb4.nic.in/nregaarch/View_NMMS_atten_date_dtl_rpt.aspx?page=&short_name=UP&state_name=UTTAR%20PRADESH&state_code=31&district_name=BASTI&district_code=3153&block_name=PARAS%20RAMPUR&block_code=3153001&panchayat_name=RAGHVAPUR&panchayat_code=3153001068&fin_year=2025-2026&source=&work_code=3153001068/WC/958486255824229110&msr_no=9363&AttendanceDate=21/03/2026&Digest=VUBbF5XIq9gh7X8e7TsA2A",9
"BASTI","PARAS RAMPUR","UJJAINI","3153001081/LD/958486255824971580","9346","https://mnregaweb4.nic.in/nregaarch/View_NMMS_atten_date_dtl_rpt.aspx?page=&short_name=UP&state_name=UTTAR%20PRADESH&state_code=31&district_name=BASTI&district_code=3153&block_name=PARAS%20RAMPUR&block_code=3153001&panchayat_name=UJJAINI&panchayat_code=3153001081&fin_year=2025-2026&source=&work_code=3153001081/LD/958486255824971580&msr_no=9346&AttendanceDate=21/03/2026&Digest=8+EKNrSMnrsQ7TgtOyxEdA",9
"BASTI","PARAS RAMPUR","UJJAINI","3153001081/LD/958486255824971580","9349","https://mnregaweb4.nic.in/nregaarch/View_NMMS_atten_date_dtl_rpt.aspx?page=&short_name=UP&state_name=UTTAR%20PRADESH&state_code=31&district_name=BASTI&district_code=3153&block_name=PARAS%20RAMPUR&block_code=3153001&panchayat_name=UJJAINI&panchayat_code=3153001081&fin_year=2025-2026&source=&work_code=3153001081/LD/958486255824971580&msr_no=9349&AttendanceDate=21/03/2026&Digest=lXaMNctdcsCkiAtQj/8DOA",9
"BASTI","PARAS RAMPUR","DHOSHAR MISHRA","3153001085/RC/958486255823726378","9450","https://mnregaweb4.nic.in/nregaarch/View_NMMS_atten_date_dtl_rpt.aspx?page=&short_name=UP&state_name=UTTAR%20PRADESH&state_code=31&district_name=BASTI&district_code=3153&block_name=PARAS%20RAMPUR&block_code=3153001&panchayat_name=DHOSHAR%20MISHRA&panchayat_code=3153001085&fin_year=2025-2026&source=&work_code=3153001085/RC/958486255823726378&msr_no=9450&AttendanceDate=21/03/2026&Digest=ydNbDD70PO5+4VoPGiI6Sg",10
"BASTI","PARAS RAMPUR","DHOSHAR MISHRA","3153001085/RC/958486255823726380","9660","https://mnregaweb4.nic.in/nregaarch/View_NMMS_atten_date_dtl_rpt.aspx?page=&short_name=UP&state_name=UTTAR%20PRADESH&state_code=31&district_name=BASTI&district_code=3153&block_name=PARAS%20RAMPUR&block_code=3153001&panchayat_name=DHOSHAR%20MISHRA&panchayat_code=3153001085&fin_year=2025-2026&source=&work_code=3153001085/RC/958486255823726380&msr_no=9660&AttendanceDate=21/03/2026&Digest=GP5gRfartJHEdFyyRg+Jig",10
"BASTI","PARAS RAMPUR","DHOSHAR MISHRA","3153001085/RC/958486255823726405","9665","https://mnregaweb4.nic.in/nregaarch/View_NMMS_atten_date_dtl_rpt.aspx?page=&short_name=UP&state_name=UTTAR%20PRADESH&state_code=31&district_name=BASTI&district_code=3153&block_name=PARAS%20RAMPUR&block_code=3153001&panchayat_name=DHOSHAR%20MISHRA&panchayat_code=3153001085&fin_year=2025-2026&source=&work_code=3153001085/RC/958486255823726405&msr_no=9665&AttendanceDate=21/03/2026&Digest=no31UmiIYaik/TP9Kp3RPw",10
"BASTI","PARAS RAMPUR","DHOSHAR MISHRA","3153001085/WC/958486255824211496","9446","https://mnregaweb4.nic.in/nregaarch/View_NMMS_atten_date_dtl_rpt.aspx?page=&short_name=UP&state_name=UTTAR%20PRADESH&state_code=31&district_name=BASTI&district_code=3153&block_name=PARAS%20RAMPUR&block_code=3153001&panchayat_name=DHOSHAR%20MISHRA&panchayat_code=3153001085&fin_year=2025-2026&source=&work_code=3153001085/WC/958486255824211496&msr_no=9446&AttendanceDate=21/03/2026&Digest=GtRuFXCnacnsfQrcWI5+Qw",10
"BASTI","PARAS RAMPUR","MADARIYA BABU","3153001090/RC/958486255823692886","9206","https://mnregaweb4.nic.in/nregaarch/View_NMMS_atten_date_dtl_rpt.aspx?page=&short_name=UP&state_name=UTTAR%20PRADESH&state_code=31&district_name=BASTI&district_code=3153&block_name=PARAS%20RAMPUR&block_code=3153001&panchayat_name=MADARIYA%20BABU	&panchayat_code=3153001090&fin_year=2025-2026&source=&work_code=3153001090/RC/958486255823692886&msr_no=9206&AttendanceDate=21/03/2026&Digest=HzdEz1wvuBZucXRJtBq38w",9
"BASTI","PARAS RAMPUR","BILARI BHITI","3153001092/WC/958486255823409958","9300","https://mnregaweb4.nic.in/nregaarch/View_NMMS_atten_date_dtl_rpt.aspx?page=&short_name=UP&state_name=UTTAR%20PRADESH&state_code=31&district_name=BASTI&district_code=3153&block_name=PARAS%20RAMPUR&block_code=3153001&panchayat_name=BILARI%20BHITI&panchayat_code=3153001092&fin_year=2025-2026&source=&work_code=3153001092/WC/958486255823409958&msr_no=9300&AttendanceDate=21/03/2026&Digest=q7Z31cNrZ8kToy1ij3nfgQ",10
"BASTI","PARAS RAMPUR","SEHARIYA MADHUKARPUR","3153001097/LD/958486255824741358","9610","https://mnregaweb4.nic.in/nregaarch/View_NMMS_atten_date_dtl_rpt.aspx?page=&short_name=UP&state_name=UTTAR%20PRADESH&state_code=31&district_name=BASTI&district_code=3153&block_name=PARAS%20RAMPUR&block_code=3153001&panchayat_name=SEHARIYA%20MADHUKARPUR&panchayat_code=3153001097&fin_year=2025-2026&source=&work_code=3153001097/LD/958486255824741358&msr_no=9610&AttendanceDate=21/03/2026&Digest=cHJsQsylncqz1rQkW082ww",6
"BASTI","PARAS RAMPUR","TALHVAPUR","3153001101/RC/958486255823741271","9549","https://mnregaweb4.nic.in/nregaarch/View_NMMS_atten_date_dtl_rpt.aspx?page=&short_name=UP&state_name=UTTAR%20PRADESH&state_code=31&district_name=BASTI&district_code=3153&block_name=PARAS%20RAMPUR&block_code=3153001&panchayat_name=TALHVAPUR&panchayat_code=3153001101&fin_year=2025-2026&source=&work_code=3153001101/RC/958486255823741271&msr_no=9549&AttendanceDate=21/03/2026&Digest=Lj2qEGrQ/NU8F1v6G52mcQ",5
"BASTI","PARAS RAMPUR","NAGAR BAHERA","3153001103/WH/958486255823989494","9573","https://mnregaweb4.nic.in/nregaarch/View_NMMS_atten_date_dtl_rpt.aspx?page=&short_name=UP&state_name=UTTAR%20PRADESH&state_code=31&district_name=BASTI&district_code=3153&block_name=PARAS%20RAMPUR&block_code=3153001&panchayat_name=NAGAR%20BAHERA&panchayat_code=3153001103&fin_year=2025-2026&source=&work_code=3153001103/WH/958486255823989494&msr_no=9573&AttendanceDate=21/03/2026&Digest=zES2Mbcto32aVnmgjigJTQ",10
"BASTI","PARAS RAMPUR","NAGAR BAHERA","3153001103/WH/958486255823989494","9576","https://mnregaweb4.nic.in/nregaarch/View_NMMS_atten_date_dtl_rpt.aspx?page=&short_name=UP&state_name=UTTAR%20PRADESH&state_code=31&district_name=BASTI&district_code=3153&block_name=PARAS%20RAMPUR&block_code=3153001&panchayat_name=NAGAR%20BAHERA&panchayat_code=3153001103&fin_year=2025-2026&source=&work_code=3153001103/WH/958486255823989494&msr_no=9576&AttendanceDate=21/03/2026&Digest=D+VqwXcYtWURUdWGqgKgOw",8
"BASTI","PARAS RAMPUR","LACHHIPUR","3153001106/RC/958486255823730898","9295","https://mnregaweb4.nic.in/nregaarch/View_NMMS_atten_date_dtl_rpt.aspx?page=&short_name=UP&state_name=UTTAR%20PRADESH&state_code=31&district_name=BASTI&district_code=3153&block_name=PARAS%20RAMPUR&block_code=3153001&panchayat_name=LACHHIPUR&panchayat_code=3153001106&fin_year=2025-2026&source=&work_code=3153001106/RC/958486255823730898&msr_no=9295&AttendanceDate=21/03/2026&Digest=YqZDbzLED7CSplKGSIJZCg",10
"BASTI","PARAS RAMPUR","LACHHIPUR","3153001106/RC/958486255823730898","9298","https://mnregaweb4.nic.in/nregaarch/View_NMMS_atten_date_dtl_rpt.aspx?page=&short_name=UP&state_name=UTTAR%20PRADESH&state_code=31&district_name=BASTI&district_code=3153&block_name=PARAS%20RAMPUR&block_code=3153001&panchayat_name=LACHHIPUR&panchayat_code=3153001106&fin_year=2025-2026&source=&work_code=3153001106/RC/958486255823730898&msr_no=9298&AttendanceDate=21/03/2026&Digest=BIFVlUJEIkpFPAMlMXTxZA",9
"BASTI","RAMNAGAR","AHIRAULA","3153006002/RC/958486255823599222","6128","https://mnregaweb4.nic.in/nregaarch/View_NMMS_atten_date_dtl_rpt.aspx?page=&short_name=UP&state_name=UTTAR%20PRADESH&state_code=31&district_name=BASTI&district_code=3153&block_name=RAMNAGAR&block_code=3153006&panchayat_name=AHIRAULA&panchayat_code=3153006002&fin_year=2025-2026&source=&work_code=3153006002/RC/958486255823599222&msr_no=6128&AttendanceDate=21/03/2026&Digest=kdchzp5N5bs7Y97dYspMZg",7
"BASTI","RAMNAGAR","CHAISAR","3153006020/WC/958486255824226728","5984","https://mnregaweb4.nic.in/nregaarch/View_NMMS_atten_date_dtl_rpt.aspx?page=&short_name=UP&state_name=UTTAR%20PRADESH&state_code=31&district_name=BASTI&district_code=3153&block_name=RAMNAGAR&block_code=3153006&panchayat_name=CHAISAR&panchayat_code=3153006020&fin_year=2025-2026&source=&work_code=3153006020/WC/958486255824226728&msr_no=5984&AttendanceDate=21/03/2026&Digest=R9yOfOg3Zk7qtrP/vjc7ow",7
"BASTI","RAMNAGAR","PATKHAULI","3153006054/RC/958486255823732784","6026","https://mnregaweb4.nic.in/nregaarch/View_NMMS_atten_date_dtl_rpt.aspx?page=&short_name=UP&state_name=UTTAR%20PRADESH&state_code=31&district_name=BASTI&district_code=3153&block_name=RAMNAGAR&block_code=3153006&panchayat_name=PATKHAULI&panchayat_code=3153006054&fin_year=2025-2026&source=&work_code=3153006054/RC/958486255823732784&msr_no=6026&AttendanceDate=21/03/2026&Digest=aomHm/BGa0MXY9t/pwTaYw",5
"BASTI","RAMNAGAR","TAKIYA CHAK","3153006086/RC/958486255823749003","6059","https://mnregaweb4.nic.in/nregaarch/View_NMMS_atten_date_dtl_rpt.aspx?page=&short_name=UP&state_name=UTTAR%20PRADESH&state_code=31&district_name=BASTI&district_code=3153&block_name=RAMNAGAR&block_code=3153006&panchayat_name=TAKIYA%20CHAK&panchayat_code=3153006086&fin_year=2025-2026&source=&work_code=3153006086/RC/958486255823749003&msr_no=6059&AttendanceDate=21/03/2026&Digest=rWXLvamHqmOe8Qht+b0oWw",4
"BASTI","RUDAULI","ARADA","3153008003/LD/958486255824982208","6016","https://mnregaweb4.nic.in/nregaarch/View_NMMS_atten_date_dtl_rpt.aspx?page=&short_name=UP&state_name=UTTAR%20PRADESH&state_code=31&district_name=BASTI&district_code=3153&block_name=RUDAULI&block_code=3153008&panchayat_name=ARADA&panchayat_code=3153008003&fin_year=2025-2026&source=&work_code=3153008003/LD/958486255824982208&msr_no=6016&AttendanceDate=21/03/2026&Digest=m73H9GAzn64nJH8MRFs3Gg",2
"BASTI","RUDAULI","BAHADURPUR","3153008007/RC/958486255823749825","6044","https://mnregaweb4.nic.in/nregaarch/View_NMMS_atten_date_dtl_rpt.aspx?page=&short_name=UP&state_name=UTTAR%20PRADESH&state_code=31&district_name=BASTI&district_code=3153&block_name=RUDAULI&block_code=3153008&panchayat_name=BAHADURPUR&panchayat_code=3153008007&fin_year=2025-2026&source=&work_code=3153008007/RC/958486255823749825&msr_no=6044&AttendanceDate=21/03/2026&Digest=C3cEScupU8bI1l7zCeElhw",9
"BASTI","RUDAULI","DADWA TIWARI","3153008020/RC/958486255823744882","5964","https://mnregaweb4.nic.in/nregaarch/View_NMMS_atten_date_dtl_rpt.aspx?page=&short_name=UP&state_name=UTTAR%20PRADESH&state_code=31&district_name=BASTI&district_code=3153&block_name=RUDAULI&block_code=3153008&panchayat_name=DADWA%20TIWARI&panchayat_code=3153008020&fin_year=2025-2026&source=&work_code=3153008020/RC/958486255823744882&msr_no=5964&AttendanceDate=21/03/2026&Digest=ETkf47FiMxbEbeK80uOIrw",5
"BASTI","RUDAULI","DUMARI","3153008024/WH/958486255824013017","6202","https://mnregaweb4.nic.in/nregaarch/View_NMMS_atten_date_dtl_rpt.aspx?page=&short_name=UP&state_name=UTTAR%20PRADESH&state_code=31&district_name=BASTI&district_code=3153&block_name=RUDAULI&block_code=3153008&panchayat_name=DUMARI&panchayat_code=3153008024&fin_year=2025-2026&source=&work_code=3153008024/WH/958486255824013017&msr_no=6202&AttendanceDate=21/03/2026&Digest=Q5KSCS1llC4iMCNurfkbHw",10
"BASTI","RUDAULI","GANWARIYA KALA","3153008026/RC/958486255823750525","6108","https://mnregaweb4.nic.in/nregaarch/View_NMMS_atten_date_dtl_rpt.aspx?page=&short_name=UP&state_name=UTTAR%20PRADESH&state_code=31&district_name=BASTI&district_code=3153&block_name=RUDAULI&block_code=3153008&panchayat_name=GANWARIYA%20KALA&panchayat_code=3153008026&fin_year=2025-2026&source=&work_code=3153008026/RC/958486255823750525&msr_no=6108&AttendanceDate=21/03/2026&Digest=ibige5MCbL4AVGirGHzEfg",3
"BASTI","RUDAULI","GANWARIYA KALA","3153008026/RC/958486255823750526","6110","https://mnregaweb4.nic.in/nregaarch/View_NMMS_atten_date_dtl_rpt.aspx?page=&short_name=UP&state_name=UTTAR%20PRADESH&state_code=31&district_name=BASTI&district_code=3153&block_name=RUDAULI&block_code=3153008&panchayat_name=GANWARIYA%20KALA&panchayat_code=3153008026&fin_year=2025-2026&source=&work_code=3153008026/RC/958486255823750526&msr_no=6110&AttendanceDate=21/03/2026&Digest=Y2XYGNVMMtCc4vbf2YXv0A",4
"BASTI","RUDAULI","HANUMAN GANG","3153008029/RC/958486255823732919","5915","https://mnregaweb4.nic.in/nregaarch/View_NMMS_atten_date_dtl_rpt.aspx?page=&short_name=UP&state_name=UTTAR%20PRADESH&state_code=31&district_name=BASTI&district_code=3153&block_name=RUDAULI&block_code=3153008&panchayat_name=HANUMAN%20GANG&panchayat_code=3153008029&fin_year=2025-2026&source=&work_code=3153008029/RC/958486255823732919&msr_no=5915&AttendanceDate=21/03/2026&Digest=HIE0zrc4mvHdGboawuzgow",7
"BASTI","RUDAULI","HASANI","3153008031/RC/958486255823750097","6072","https://mnregaweb4.nic.in/nregaarch/View_NMMS_atten_date_dtl_rpt.aspx?page=&short_name=UP&state_name=UTTAR%20PRADESH&state_code=31&district_name=BASTI&district_code=3153&block_name=RUDAULI&block_code=3153008&panchayat_name=HASANI&panchayat_code=3153008031&fin_year=2025-2026&source=&work_code=3153008031/RC/958486255823750097&msr_no=6072&AttendanceDate=21/03/2026&Digest=j6L1mqHMWNxo5t6Eu3jOKg",3
"BASTI","RUDAULI","MAHUAA PAAR","3153008041/RC/958486255823714154","6167","https://mnregaweb4.nic.in/nregaarch/View_NMMS_atten_date_dtl_rpt.aspx?page=&short_name=UP&state_name=UTTAR%20PRADESH&state_code=31&district_name=BASTI&district_code=3153&block_name=RUDAULI&block_code=3153008&panchayat_name=MAHUAA%20PAAR&panchayat_code=3153008041&fin_year=2025-2026&source=&work_code=3153008041/RC/958486255823714154&msr_no=6167&AttendanceDate=21/03/2026&Digest=Ogk8PoiCWt4QyQedhTZmfQ",10
"BASTI","RUDAULI","MAHUAA PAAR","3153008041/RC/958486255823714155","6177","https://mnregaweb4.nic.in/nregaarch/View_NMMS_atten_date_dtl_rpt.aspx?page=&short_name=UP&state_name=UTTAR%20PRADESH&state_code=31&district_name=BASTI&district_code=3153&block_name=RUDAULI&block_code=3153008&panchayat_name=MAHUAA%20PAAR&panchayat_code=3153008041&fin_year=2025-2026&source=&work_code=3153008041/RC/958486255823714155&msr_no=6177&AttendanceDate=21/03/2026&Digest=WaRIPgj4bIUbSWWC3m/hWQ",1
"BASTI","RUDAULI","PAIDA","3153008053/WH/958486255824013349","5977","https://mnregaweb4.nic.in/nregaarch/View_NMMS_atten_date_dtl_rpt.aspx?page=&short_name=UP&state_name=UTTAR%20PRADESH&state_code=31&district_name=BASTI&district_code=3153&block_name=RUDAULI&block_code=3153008&panchayat_name=PAIDA&panchayat_code=3153008053&fin_year=2025-2026&source=&work_code=3153008053/WH/958486255824013349&msr_no=5977&AttendanceDate=21/03/2026&Digest=wI9NExqo8+ms6eVjHHXiTA",4
"BASTI","RUDAULI","RAUNHIYA","3153008061/RC/958486255823693458","5969","https://mnregaweb4.nic.in/nregaarch/View_NMMS_atten_date_dtl_rpt.aspx?page=&short_name=UP&state_name=UTTAR%20PRADESH&state_code=31&district_name=BASTI&district_code=3153&block_name=RUDAULI&block_code=3153008&panchayat_name=RAUNHIYA&panchayat_code=3153008061&fin_year=2025-2026&source=&work_code=3153008061/RC/958486255823693458&msr_no=5969&AttendanceDate=21/03/2026&Digest=6l8Gr1oj1UBwRd/+3oAyrg",7
"BASTI","RUDAULI","SEHUDA KALA","3153008064/RC/958486255823751703","6144","https://mnregaweb4.nic.in/nregaarch/View_NMMS_atten_date_dtl_rpt.aspx?page=&short_name=UP&state_name=UTTAR%20PRADESH&state_code=31&district_name=BASTI&district_code=3153&block_name=RUDAULI&block_code=3153008&panchayat_name=SEHUDA%20KALA&panchayat_code=3153008064&fin_year=2025-2026&source=&work_code=3153008064/RC/958486255823751703&msr_no=6144&AttendanceDate=21/03/2026&Digest=80C0xJMgCqVVeU6JapesjA",2
"BASTI","RUDAULI","CHAND CHAUR","3153008077/RC/958486255823733596","5874","https://mnregaweb4.nic.in/nregaarch/View_NMMS_atten_date_dtl_rpt.aspx?page=&short_name=UP&state_name=UTTAR%20PRADESH&state_code=31&district_name=BASTI&district_code=3153&block_name=RUDAULI&block_code=3153008&panchayat_name=CHAND%20CHAUR&panchayat_code=3153008077&fin_year=2025-2026&source=&work_code=3153008077/RC/958486255823733596&msr_no=5874&AttendanceDate=21/03/2026&Digest=6OV7SEdOZBKEuvwTHPJf2A",2
"BASTI","SALTAUA GOPAL PUR","JOTA","3153007035/WH/958486255824013074","5425","https://mnregaweb4.nic.in/nregaarch/View_NMMS_atten_date_dtl_rpt.aspx?page=&short_name=UP&state_name=UTTAR%20PRADESH&state_code=31&district_name=BASTI&district_code=3153&block_name=SALTAUA%20GOPAL%20PUR&block_code=3153007&panchayat_name=JOTA&panchayat_code=3153007035&fin_year=2025-2026&source=&work_code=3153007035/WH/958486255824013074&msr_no=5425&AttendanceDate=21/03/2026&Digest=zp1Te1AyO+G+T/9FJJvGPA",9
"BASTI","KUDARAHA","PIPARPATI EHATMALI","3153013071/RC/958486255823746233","7797","https://mnregaweb4.nic.in/nregaarch/View_NMMS_atten_date_dtl_rpt.aspx?page=&short_name=UP&state_name=UTTAR%20PRADESH&state_code=31&district_name=BASTI&district_code=3153&block_name=KUDARAHA&block_code=3153013&panchayat_name=PIPARPATI%20EHATMALI&panchayat_code=3153013071&fin_year=2025-2026&source=&work_code=3153013071/RC/958486255823746233&msr_no=7797&AttendanceDate=21/03/2026&Digest=1OLzuylD37uqq0Ck+R0jlg",5
"BASTI","KUDARAHA","VISHENPUR","3153013073/LD/958486255824854652","7907","https://mnregaweb4.nic.in/nregaarch/View_NMMS_atten_date_dtl_rpt.aspx?page=&short_name=UP&state_name=UTTAR%20PRADESH&state_code=31&district_name=BASTI&district_code=3153&block_name=KUDARAHA&block_code=3153013&panchayat_name=VISHENPUR&panchayat_code=3153013073&fin_year=2025-2026&source=&work_code=3153013073/LD/958486255824854652&msr_no=7907&AttendanceDate=21/03/2026&Digest=u57O3o821qQgTO1DaskACg",4
"BASTI","KUDARAHA","HARKHAILIYA URF MATIYARIA","3153013074/RC/YD/958486255823746860","7878","https://mnregaweb4.nic.in/nregaarch/View_NMMS_atten_date_dtl_rpt.aspx?page=&short_name=UP&state_name=UTTAR%20PRADESH&state_code=31&district_name=BASTI&district_code=3153&block_name=KUDARAHA&block_code=3153013&panchayat_name=HARKHAILIYA%20URF%20MATIYARIA&panchayat_code=3153013074&fin_year=2025-2026&source=&work_code=3153013074/RC/YD/958486255823746860&msr_no=7878&AttendanceDate=21/03/2026&Digest=Y+WgzBkxwn8FdSgEMtpWqw",10
"BASTI","KUDARAHA","HARKHAILIYA URF MATIYARIA","3153013074/RC/YD/958486255823746860","7881","https://mnregaweb4.nic.in/nregaarch/View_NMMS_atten_date_dtl_rpt.aspx?page=&short_name=UP&state_name=UTTAR%20PRADESH&state_code=31&district_name=BASTI&district_code=3153&block_name=KUDARAHA&block_code=3153013&panchayat_name=HARKHAILIYA%20URF%20MATIYARIA&panchayat_code=3153013074&fin_year=2025-2026&source=&work_code=3153013074/RC/YD/958486255823746860&msr_no=7881&AttendanceDate=21/03/2026&Digest=rvOYyzkZk7GC6F/uNQ0etA",10
"BASTI","KUDARAHA","HARKHAILIYA URF MATIYARIA","3153013074/RC/YD/958486255823746903","7640","https://mnregaweb4.nic.in/nregaarch/View_NMMS_atten_date_dtl_rpt.aspx?page=&short_name=UP&state_name=UTTAR%20PRADESH&state_code=31&district_name=BASTI&district_code=3153&block_name=KUDARAHA&block_code=3153013&panchayat_name=HARKHAILIYA%20URF%20MATIYARIA&panchayat_code=3153013074&fin_year=2025-2026&source=&work_code=3153013074/RC/YD/958486255823746903&msr_no=7640&AttendanceDate=21/03/2026&Digest=/yocZjYIF5mCRPbPCzzJRA",10
"BASTI","KUDARAHA","DAIJI","3153013078/LD/958486255824702897","8051","https://mnregaweb4.nic.in/nregaarch/View_NMMS_atten_date_dtl_rpt.aspx?page=&short_name=UP&state_name=UTTAR%20PRADESH&state_code=31&district_name=BASTI&district_code=3153&block_name=KUDARAHA&block_code=3153013&panchayat_name=DAIJI&panchayat_code=3153013078&fin_year=2025-2026&source=&work_code=3153013078/LD/958486255824702897&msr_no=8051&AttendanceDate=21/03/2026&Digest=Lj0lgA9UKD//u4qaYSbPQQ",10
"BASTI","PARAS RAMPUR","AMAULI","3153001003/RC/958486255823709358","9243","https://mnregaweb4.nic.in/nregaarch/View_NMMS_atten_date_dtl_rpt.aspx?page=&short_name=UP&state_name=UTTAR%20PRADESH&state_code=31&district_name=BASTI&district_code=3153&block_name=PARAS%20RAMPUR&block_code=3153001&panchayat_name=AMAULI&panchayat_code=3153001003&fin_year=2025-2026&source=&work_code=3153001003/RC/958486255823709358&msr_no=9243&AttendanceDate=21/03/2026&Digest=QEmfnxIQf/mkkbCGUonFyQ",5
"BASTI","PARAS RAMPUR","AMAULI","3153001003/RC/958486255823709361","9242","https://mnregaweb4.nic.in/nregaarch/View_NMMS_atten_date_dtl_rpt.aspx?page=&short_name=UP&state_name=UTTAR%20PRADESH&state_code=31&district_name=BASTI&district_code=3153&block_name=PARAS%20RAMPUR&block_code=3153001&panchayat_name=AMAULI&panchayat_code=3153001003&fin_year=2025-2026&source=&work_code=3153001003/RC/958486255823709361&msr_no=9242&AttendanceDate=21/03/2026&Digest=+x8/4Kz2oz8m6pm13fIWNA",1
"BASTI","PARAS RAMPUR","BHAISAHAWA","3153001011/RC/958486255823728168","9380","https://mnregaweb4.nic.in/nregaarch/View_NMMS_atten_date_dtl_rpt.aspx?page=&short_name=UP&state_name=UTTAR%20PRADESH&state_code=31&district_name=BASTI&district_code=3153&block_name=PARAS%20RAMPUR&block_code=3153001&panchayat_name=BHAISAHAWA&panchayat_code=3153001011&fin_year=2025-2026&source=&work_code=3153001011/RC/958486255823728168&msr_no=9380&AttendanceDate=21/03/2026&Digest=2RfeswmIDk13oz3Ue3npOQ",9
"BASTI","PARAS RAMPUR","BICHHIYA MISHRA","3153001013/RC/958486255823699327","9557","https://mnregaweb4.nic.in/nregaarch/View_NMMS_atten_date_dtl_rpt.aspx?page=&short_name=UP&state_name=UTTAR%20PRADESH&state_code=31&district_name=BASTI&district_code=3153&block_name=PARAS%20RAMPUR&block_code=3153001&panchayat_name=BICHHIYA%20MISHRA&panchayat_code=3153001013&fin_year=2025-2026&source=&work_code=3153001013/RC/958486255823699327&msr_no=9557&AttendanceDate=21/03/2026&Digest=rSPTkL4LgvH/QyHpu8ePHw",2
"BASTI","PARAS RAMPUR","CHAORI","3153001015/LD/958486255825005262","9373","https://mnregaweb4.nic.in/nregaarch/View_NMMS_atten_date_dtl_rpt.aspx?page=&short_name=UP&state_name=UTTAR%20PRADESH&state_code=31&district_name=BASTI&district_code=3153&block_name=PARAS%20RAMPUR&block_code=3153001&panchayat_name=CHAORI&panchayat_code=3153001015&fin_year=2025-2026&source=&work_code=3153001015/LD/958486255825005262&msr_no=9373&AttendanceDate=21/03/2026&Digest=jwI9EOhRsWTnyEor4q2Xww",10
"BASTI","PARAS RAMPUR","CHHEDIYAPARA","3153001016/LD/958486255824986999","9583","https://mnregaweb4.nic.in/nregaarch/View_NMMS_atten_date_dtl_rpt.aspx?page=&short_name=UP&state_name=UTTAR%20PRADESH&state_code=31&district_name=BASTI&district_code=3153&block_name=PARAS%20RAMPUR&block_code=3153001&panchayat_name=CHHEDIYAPARA&panchayat_code=3153001016&fin_year=2025-2026&source=&work_code=3153001016/LD/958486255824986999&msr_no=9583&AttendanceDate=21/03/2026&Digest=yL+JO3Fy+TbuY1Oy7mxeIg",7
"BASTI","PARAS RAMPUR","DHURDA JANGAL","3153001021/WC/958486255824219248","9351","https://mnregaweb4.nic.in/nregaarch/View_NMMS_atten_date_dtl_rpt.aspx?page=&short_name=UP&state_name=UTTAR%20PRADESH&state_code=31&district_name=BASTI&district_code=3153&block_name=PARAS%20RAMPUR&block_code=3153001&panchayat_name=DHURDA%20JANGAL&panchayat_code=3153001021&fin_year=2025-2026&source=&work_code=3153001021/WC/958486255824219248&msr_no=9351&AttendanceDate=21/03/2026&Digest=xX96writ0UXPV4BvJJ7ebA",6
"BASTI","PARAS RAMPUR","KADSARA","3153001037/RC/958486255823701846","9383","https://mnregaweb4.nic.in/nregaarch/View_NMMS_atten_date_dtl_rpt.aspx?page=&short_name=UP&state_name=UTTAR%20PRADESH&state_code=31&district_name=BASTI&district_code=3153&block_name=PARAS%20RAMPUR&block_code=3153001&panchayat_name=KADSARA&panchayat_code=3153001037&fin_year=2025-2026&source=&work_code=3153001037/RC/958486255823701846&msr_no=9383&AttendanceDate=21/03/2026&Digest=77bY+UZOab5C1ed7w4utZg",1
"BASTI","PARAS RAMPUR","KHAMARIYA","3153001041/WC/958486255824229095","9442","https://mnregaweb4.nic.in/nregaarch/View_NMMS_atten_date_dtl_rpt.aspx?page=&short_name=UP&state_name=UTTAR%20PRADESH&state_code=31&district_name=BASTI&district_code=3153&block_name=PARAS%20RAMPUR&block_code=3153001&panchayat_name=KHAMARIYA&panchayat_code=3153001041&fin_year=2025-2026&source=&work_code=3153001041/WC/958486255824229095&msr_no=9442&AttendanceDate=21/03/2026&Digest=AVbMsJ1shL7RrAKmBAoqwg",1
"BASTI","PARAS RAMPUR","KISHUNPUR","3153001043/RC/958486255823728851","9563","https://mnregaweb4.nic.in/nregaarch/View_NMMS_atten_date_dtl_rpt.aspx?page=&short_name=UP&state_name=UTTAR%20PRADESH&state_code=31&district_name=BASTI&district_code=3153&block_name=PARAS%20RAMPUR&block_code=3153001&panchayat_name=KISHUNPUR&panchayat_code=3153001043&fin_year=2025-2026&source=&work_code=3153001043/RC/958486255823728851&msr_no=9563&AttendanceDate=21/03/2026&Digest=fr7Q0AUi1tqmZaZEAri/XA",10
"BASTI","PARAS RAMPUR","NAGPUR (KUVAR)","3153001054/LD/958486255824934307","9551","https://mnregaweb4.nic.in/nregaarch/View_NMMS_atten_date_dtl_rpt.aspx?page=&short_name=UP&state_name=UTTAR%20PRADESH&state_code=31&district_name=BASTI&district_code=3153&block_name=PARAS%20RAMPUR&block_code=3153001&panchayat_name=NAGPUR%20(KUVAR)&panchayat_code=3153001054&fin_year=2025-2026&source=&work_code=3153001054/LD/958486255824934307&msr_no=9551&AttendanceDate=21/03/2026&Digest=P91Ir0MGqHxBe8OzOMMOHg",10
"BASTI","PARAS RAMPUR","NAGPUR (KUVAR)","3153001054/LD/958486255824934307","9554","https://mnregaweb4.nic.in/nregaarch/View_NMMS_atten_date_dtl_rpt.aspx?page=&short_name=UP&state_name=UTTAR%20PRADESH&state_code=31&district_name=BASTI&district_code=3153&block_name=PARAS%20RAMPUR&block_code=3153001&panchayat_name=NAGPUR%20(KUVAR)&panchayat_code=3153001054&fin_year=2025-2026&source=&work_code=3153001054/LD/958486255824934307&msr_no=9554&AttendanceDate=21/03/2026&Digest=JZKOpK6ZeZQameIyWJYyfA",9
"BASTI","PARAS RAMPUR","NANADNAGAR","3153001056/LD/958486255824933008","9276","https://mnregaweb4.nic.in/nregaarch/View_NMMS_atten_date_dtl_rpt.aspx?page=&short_name=UP&state_name=UTTAR%20PRADESH&state_code=31&district_name=BASTI&district_code=3153&block_name=PARAS%20RAMPUR&block_code=3153001&panchayat_name=NANADNAGAR&panchayat_code=3153001056&fin_year=2025-2026&source=&work_code=3153001056/LD/958486255824933008&msr_no=9276&AttendanceDate=21/03/2026&Digest=gBv5GCJP5LdPwu/sSKkKaA",10
"BASTI","PARAS RAMPUR","NANADNAGAR","3153001056/WH/958486255823988945","9524","https://mnregaweb4.nic.in/nregaarch/View_NMMS_atten_date_dtl_rpt.aspx?page=&short_name=UP&state_name=UTTAR%20PRADESH&state_code=31&district_name=BASTI&district_code=3153&block_name=PARAS%20RAMPUR&block_code=3153001&panchayat_name=NANADNAGAR&panchayat_code=3153001056&fin_year=2025-2026&source=&work_code=3153001056/WH/958486255823988945&msr_no=9524&AttendanceDate=21/03/2026&Digest=JoHFqs560rhJ3IAv98SRNA",8
"BASTI","PARAS RAMPUR","PADARI BABU","3153001062/LD/958486255824958230","9426","https://mnregaweb4.nic.in/nregaarch/View_NMMS_atten_date_dtl_rpt.aspx?page=&short_name=UP&state_name=UTTAR%20PRADESH&state_code=31&district_name=BASTI&district_code=3153&block_name=PARAS%20RAMPUR&block_code=3153001&panchayat_name=PADARI%20BABU&panchayat_code=3153001062&fin_year=2025-2026&source=&work_code=3153001062/LD/958486255824958230&msr_no=9426&AttendanceDate=21/03/2026&Digest=CrOzBRdjcWzalbOyESGmmA",10
"BASTI","PARAS RAMPUR","PADARI BABU","3153001062/LD/958486255824958230","9429","https://mnregaweb4.nic.in/nregaarch/View_NMMS_atten_date_dtl_rpt.aspx?page=&short_name=UP&state_name=UTTAR%20PRADESH&state_code=31&district_name=BASTI&district_code=3153&block_name=PARAS%20RAMPUR&block_code=3153001&panchayat_name=PADARI%20BABU&panchayat_code=3153001062&fin_year=2025-2026&source=&work_code=3153001062/LD/958486255824958230&msr_no=9429&AttendanceDate=21/03/2026&Digest=14s+MmKp29akflAiNrsMHw",4
"BASTI","PARAS RAMPUR","RAGHUPUR","3153001067/IC/958486255823741774","9271","https://mnregaweb4.nic.in/nregaarch/View_NMMS_atten_date_dtl_rpt.aspx?page=&short_name=UP&state_name=UTTAR%20PRADESH&state_code=31&district_name=BASTI&district_code=3153&block_name=PARAS%20RAMPUR&block_code=3153001&panchayat_name=RAGHUPUR&panchayat_code=3153001067&fin_year=2025-2026&source=&work_code=3153001067/IC/958486255823741774&msr_no=9271&AttendanceDate=21/03/2026&Digest=rKe33ulR/wz1SIazNWgXEw",8
"BASTI","PARAS RAMPUR","RAGHVAPUR","3153001068/AV/958486255824184571","9415","https://mnregaweb4.nic.in/nregaarch/View_NMMS_atten_date_dtl_rpt.aspx?page=&short_name=UP&state_name=UTTAR%20PRADESH&state_code=31&district_name=BASTI&district_code=3153&block_name=PARAS%20RAMPUR&block_code=3153001&panchayat_name=RAGHVAPUR&panchayat_code=3153001068&fin_year=2025-2026&source=&work_code=3153001068/AV/958486255824184571&msr_no=9415&AttendanceDate=21/03/2026&Digest=VDwqZFDJ48O6XC37RSd2+w",10
"BASTI","PARAS RAMPUR","RIDHAURA","3153001072/AV/958486255824186487","9388","https://mnregaweb4.nic.in/nregaarch/View_NMMS_atten_date_dtl_rpt.aspx?page=&short_name=UP&state_name=UTTAR%20PRADESH&state_code=31&district_name=BASTI&district_code=3153&block_name=PARAS%20RAMPUR&block_code=3153001&panchayat_name=RIDHAURA&panchayat_code=3153001072&fin_year=2025-2026&source=&work_code=3153001072/AV/958486255824186487&msr_no=9388&AttendanceDate=21/03/2026&Digest=VlLLCsdrO/jmMCuu9lmTTg",8
"BASTI","PARAS RAMPUR","ROHDA","3153001073/LD/958486255825001938","9418","https://mnregaweb4.nic.in/nregaarch/View_NMMS_atten_date_dtl_rpt.aspx?page=&short_name=UP&state_name=UTTAR%20PRADESH&state_code=31&district_name=BASTI&district_code=3153&block_name=PARAS%20RAMPUR&block_code=3153001&panchayat_name=ROHDA&panchayat_code=3153001073&fin_year=2025-2026&source=&work_code=3153001073/LD/958486255825001938&msr_no=9418&AttendanceDate=21/03/2026&Digest=03VdUDDnIlPxNvBtRAWviA",5
"BASTI","PARAS RAMPUR","ROHDA","3153001073/RC/958486255823744276","9500","https://mnregaweb4.nic.in/nregaarch/View_NMMS_atten_date_dtl_rpt.aspx?page=&short_name=UP&state_name=UTTAR%20PRADESH&state_code=31&district_name=BASTI&district_code=3153&block_name=PARAS%20RAMPUR&block_code=3153001&panchayat_name=ROHDA&panchayat_code=3153001073&fin_year=2025-2026&source=&work_code=3153001073/RC/958486255823744276&msr_no=9500&AttendanceDate=21/03/2026&Digest=yT4NSqJ4oB4TbfGCSxMJrw",9
"BASTI","PARAS RAMPUR","SUKRAULI KUWAR","3153001078/RC/958486255823584108","9602","https://mnregaweb4.nic.in/nregaarch/View_NMMS_atten_date_dtl_rpt.aspx?page=&short_name=UP&state_name=UTTAR%20PRADESH&state_code=31&district_name=BASTI&district_code=3153&block_name=PARAS%20RAMPUR&block_code=3153001&panchayat_name=SUKRAULI%20KUWAR&panchayat_code=3153001078&fin_year=2025-2026&source=&work_code=3153001078/RC/958486255823584108&msr_no=9602&AttendanceDate=21/03/2026&Digest=/N8myOQjbCSkYxWW4++1pw",6
"BASTI","PARAS RAMPUR","UJJAINI","3153001081/LD/958486255824971582","9228","https://mnregaweb4.nic.in/nregaarch/View_NMMS_atten_date_dtl_rpt.aspx?page=&short_name=UP&state_name=UTTAR%20PRADESH&state_code=31&district_name=BASTI&district_code=3153&block_name=PARAS%20RAMPUR&block_code=3153001&panchayat_name=UJJAINI&panchayat_code=3153001081&fin_year=2025-2026&source=&work_code=3153001081/LD/958486255824971582&msr_no=9228&AttendanceDate=21/03/2026&Digest=xXnKG2C8ymJnJeTscr2FGw",9
"BASTI","PARAS RAMPUR","DHOSHAR MISHRA","3153001085/LD/958486255824966588","9453","https://mnregaweb4.nic.in/nregaarch/View_NMMS_atten_date_dtl_rpt.aspx?page=&short_name=UP&state_name=UTTAR%20PRADESH&state_code=31&district_name=BASTI&district_code=3153&block_name=PARAS%20RAMPUR&block_code=3153001&panchayat_name=DHOSHAR%20MISHRA&panchayat_code=3153001085&fin_year=2025-2026&source=&work_code=3153001085/LD/958486255824966588&msr_no=9453&AttendanceDate=21/03/2026&Digest=XDfZ59090vRqclwBoVgd0Q",10
"BASTI","PARAS RAMPUR","DHOSHAR MISHRA","3153001085/RC/958486255823726378","9449","https://mnregaweb4.nic.in/nregaarch/View_NMMS_atten_date_dtl_rpt.aspx?page=&short_name=UP&state_name=UTTAR%20PRADESH&state_code=31&district_name=BASTI&district_code=3153&block_name=PARAS%20RAMPUR&block_code=3153001&panchayat_name=DHOSHAR%20MISHRA&panchayat_code=3153001085&fin_year=2025-2026&source=&work_code=3153001085/RC/958486255823726378&msr_no=9449&AttendanceDate=21/03/2026&Digest=TnbvroZCTu9s39IYrVmSdw",10
"BASTI","PARAS RAMPUR","DHOSHAR MISHRA","3153001085/RC/958486255823726380","9659","https://mnregaweb4.nic.in/nregaarch/View_NMMS_atten_date_dtl_rpt.aspx?page=&short_name=UP&state_name=UTTAR%20PRADESH&state_code=31&district_name=BASTI&district_code=3153&block_name=PARAS%20RAMPUR&block_code=3153001&panchayat_name=DHOSHAR%20MISHRA&panchayat_code=3153001085&fin_year=2025-2026&source=&work_code=3153001085/RC/958486255823726380&msr_no=9659&AttendanceDate=21/03/2026&Digest=dvQpvVYHN03qk7Oodute4A",10
"BASTI","PARAS RAMPUR","DHOSHAR MISHRA","3153001085/RC/958486255823726405","9663","https://mnregaweb4.nic.in/nregaarch/View_NMMS_atten_date_dtl_rpt.aspx?page=&short_name=UP&state_name=UTTAR%20PRADESH&state_code=31&district_name=BASTI&district_code=3153&block_name=PARAS%20RAMPUR&block_code=3153001&panchayat_name=DHOSHAR%20MISHRA&panchayat_code=3153001085&fin_year=2025-2026&source=&work_code=3153001085/RC/958486255823726405&msr_no=9663&AttendanceDate=21/03/2026&Digest=CIur4nhqcSVlBn3p7uTZUQ",10
"BASTI","PARAS RAMPUR","DHOSHAR MISHRA","3153001085/RC/958486255823726405","9666","https://mnregaweb4.nic.in/nregaarch/View_NMMS_atten_date_dtl_rpt.aspx?page=&short_name=UP&state_name=UTTAR%20PRADESH&state_code=31&district_name=BASTI&district_code=3153&block_name=PARAS%20RAMPUR&block_code=3153001&panchayat_name=DHOSHAR%20MISHRA&panchayat_code=3153001085&fin_year=2025-2026&source=&work_code=3153001085/RC/958486255823726405&msr_no=9666&AttendanceDate=21/03/2026&Digest=ZSRR9FHvbxfrv7kkmUjxQQ",9
"BASTI","PARAS RAMPUR","DHOSHAR MISHRA","3153001085/WC/958486255824211496","9447","https://mnregaweb4.nic.in/nregaarch/View_NMMS_atten_date_dtl_rpt.aspx?page=&short_name=UP&state_name=UTTAR%20PRADESH&state_code=31&district_name=BASTI&district_code=3153&block_name=PARAS%20RAMPUR&block_code=3153001&panchayat_name=DHOSHAR%20MISHRA&panchayat_code=3153001085&fin_year=2025-2026&source=&work_code=3153001085/WC/958486255824211496&msr_no=9447&AttendanceDate=21/03/2026&Digest=30nzgEZGzEL87q63Mh79fg",10
"BASTI","PARAS RAMPUR","MUKUND PUR","3153001091/WC/958486255824209000","9596","https://mnregaweb4.nic.in/nregaarch/View_NMMS_atten_date_dtl_rpt.aspx?page=&short_name=UP&state_name=UTTAR%20PRADESH&state_code=31&district_name=BASTI&district_code=3153&block_name=PARAS%20RAMPUR&block_code=3153001&panchayat_name=MUKUND%20PUR&panchayat_code=3153001091&fin_year=2025-2026&source=&work_code=3153001091/WC/958486255824209000&msr_no=9596&AttendanceDate=21/03/2026&Digest=l8TJ1Kin887ZudBlOvdi7A",10
"BASTI","PARAS RAMPUR","NAGAR BAHERA","3153001103/WH/958486255823989494","9572","https://mnregaweb4.nic.in/nregaarch/View_NMMS_atten_date_dtl_rpt.aspx?page=&short_name=UP&state_name=UTTAR%20PRADESH&state_code=31&district_name=BASTI&district_code=3153&block_name=PARAS%20RAMPUR&block_code=3153001&panchayat_name=NAGAR%20BAHERA&panchayat_code=3153001103&fin_year=2025-2026&source=&work_code=3153001103/WH/958486255823989494&msr_no=9572&AttendanceDate=21/03/2026&Digest=mu+8k7rsw2hfuNqq06cnlw",10
"BASTI","PARAS RAMPUR","LACHHIPUR","3153001106/LD/958486255824828632","9521","https://mnregaweb4.nic.in/nregaarch/View_NMMS_atten_date_dtl_rpt.aspx?page=&short_name=UP&state_name=UTTAR%20PRADESH&state_code=31&district_name=BASTI&district_code=3153&block_name=PARAS%20RAMPUR&block_code=3153001&panchayat_name=LACHHIPUR&panchayat_code=3153001106&fin_year=2025-2026&source=&work_code=3153001106/LD/958486255824828632&msr_no=9521&AttendanceDate=21/03/2026&Digest=Jmm18ehXSZCVDG6RhSP2mw",2
"BASTI","SALTAUA GOPAL PUR","SANSAR PUR","3153007070/IC/958486255823704747","5355","https://mnregaweb4.nic.in/nregaarch/View_NMMS_atten_date_dtl_rpt.aspx?page=&short_name=UP&state_name=UTTAR%20PRADESH&state_code=31&district_name=BASTI&district_code=3153&block_name=SALTAUA%20GOPAL%20PUR&block_code=3153007&panchayat_name=SANSAR%20PUR&panchayat_code=3153007070&fin_year=2025-2026&source=&work_code=3153007070/IC/958486255823704747&msr_no=5355&AttendanceDate=21/03/2026&Digest=zgLvwCyDwPBiOgWES2XPzQ",9
"BASTI","SALTAUA GOPAL PUR","UMRA KHAS","3153007081/WH/958486255824000437","5345","https://mnregaweb4.nic.in/nregaarch/View_NMMS_atten_date_dtl_rpt.aspx?page=&short_name=UP&state_name=UTTAR%20PRADESH&state_code=31&district_name=BASTI&district_code=3153&block_name=SALTAUA%20GOPAL%20PUR&block_code=3153007&panchayat_name=UMRA%20KHAS&panchayat_code=3153007081&fin_year=2025-2026&source=&work_code=3153007081/WH/958486255824000437&msr_no=5345&AttendanceDate=21/03/2026&Digest=q8tqN9gkTPUSJGZ8c9ZvhQ",5
"BASTI","SALTAUA GOPAL PUR","UMRA KHAS","3153007081/WH/958486255824000438","5497","https://mnregaweb4.nic.in/nregaarch/View_NMMS_atten_date_dtl_rpt.aspx?page=&short_name=UP&state_name=UTTAR%20PRADESH&state_code=31&district_name=BASTI&district_code=3153&block_name=SALTAUA%20GOPAL%20PUR&block_code=3153007&panchayat_name=UMRA%20KHAS&panchayat_code=3153007081&fin_year=2025-2026&source=&work_code=3153007081/WH/958486255824000438&msr_no=5497&AttendanceDate=21/03/2026&Digest=XFSyUgq4/2kvc5tmTc2tlA",1
"BASTI","SALTAUA GOPAL PUR","MAJHAUWAN BAIKUNTH","3153007089/RC/958486255823682911","5402","https://mnregaweb4.nic.in/nregaarch/View_NMMS_atten_date_dtl_rpt.aspx?page=&short_name=UP&state_name=UTTAR%20PRADESH&state_code=31&district_name=BASTI&district_code=3153&block_name=SALTAUA%20GOPAL%20PUR&block_code=3153007&panchayat_name=MAJHAUWAN%20BAIKUNTH&panchayat_code=3153007089&fin_year=2025-2026&source=&work_code=3153007089/RC/958486255823682911&msr_no=5402&AttendanceDate=21/03/2026&Digest=P87bGQ5CJvMeJjajzeTjKg",7
"BASTI","SALTAUA GOPAL PUR","BHIURA","3153007091/RC/958486255823594409","5340","https://mnregaweb4.nic.in/nregaarch/View_NMMS_atten_date_dtl_rpt.aspx?page=&short_name=UP&state_name=UTTAR%20PRADESH&state_code=31&district_name=BASTI&district_code=3153&block_name=SALTAUA%20GOPAL%20PUR&block_code=3153007&panchayat_name=BHIURA&panchayat_code=3153007091&fin_year=2025-2026&source=&work_code=3153007091/RC/958486255823594409&msr_no=5340&AttendanceDate=21/03/2026&Digest=WGQZrAEVPKFgB1ab2dxK2A",1
"BASTI","SAU GHAT","ANDA","3153009002/RC/958486255823626058","3348","https://mnregaweb4.nic.in/nregaarch/View_NMMS_atten_date_dtl_rpt.aspx?page=&short_name=UP&state_name=UTTAR%20PRADESH&state_code=31&district_name=BASTI&district_code=3153&block_name=SAU%20GHAT&block_code=3153009&panchayat_name=ANDA&panchayat_code=3153009002&fin_year=2025-2026&source=&work_code=3153009002/RC/958486255823626058&msr_no=3348&AttendanceDate=21/03/2026&Digest=jI7pXQ87YdBxF38ITL+rSw",3
"BASTI","SAU GHAT","BEHRA","3153009010/RC/958486255823638980","3326","https://mnregaweb4.nic.in/nregaarch/View_NMMS_atten_date_dtl_rpt.aspx?page=&short_name=UP&state_name=UTTAR%20PRADESH&state_code=31&district_name=BASTI&district_code=3153&block_name=SAU%20GHAT&block_code=3153009&panchayat_name=BEHRA&panchayat_code=3153009010&fin_year=2025-2026&source=&work_code=3153009010/RC/958486255823638980&msr_no=3326&AttendanceDate=21/03/2026&Digest=uqqVyf5a4nHuXhAYKEEn8Q",9
"BASTI","SAU GHAT","MAHSIN","3153009043/RC/958486255823687996","3330","https://mnregaweb4.nic.in/nregaarch/View_NMMS_atten_date_dtl_rpt.aspx?page=&short_name=UP&state_name=UTTAR%20PRADESH&state_code=31&district_name=BASTI&district_code=3153&block_name=SAU%20GHAT&block_code=3153009&panchayat_name=MAHSIN&panchayat_code=3153009043&fin_year=2025-2026&source=&work_code=3153009043/RC/958486255823687996&msr_no=3330&AttendanceDate=21/03/2026&Digest=STLit+KvIiVKqx62cAhSLw",8
"BASTI","SAU GHAT","MAHSIN","3153009043/RC/958486255823688003","3361","https://mnregaweb4.nic.in/nregaarch/View_NMMS_atten_date_dtl_rpt.aspx?page=&short_name=UP&state_name=UTTAR%20PRADESH&state_code=31&district_name=BASTI&district_code=3153&block_name=SAU%20GHAT&block_code=3153009&panchayat_name=MAHSIN&panchayat_code=3153009043&fin_year=2025-2026&source=&work_code=3153009043/RC/958486255823688003&msr_no=3361&AttendanceDate=21/03/2026&Digest=SP04TRdLeHu3UdxRH9K46w",5
"BASTI","VIKRAM JOT","BATAULI","3153004009/RC/958486255823729776","5844","https://mnregaweb4.nic.in/nregaarch/View_NMMS_atten_date_dtl_rpt.aspx?page=&short_name=UP&state_name=UTTAR%20PRADESH&state_code=31&district_name=BASTI&district_code=3153&block_name=VIKRAM%20JOT&block_code=3153004&panchayat_name=BATAULI&panchayat_code=3153004009&fin_year=2025-2026&source=&work_code=3153004009/RC/958486255823729776&msr_no=5844&AttendanceDate=21/03/2026&Digest=Fv/LFPBuI2dmz4+/pP3U1g",7
"BASTI","VIKRAM JOT","KHATAMSARAY","3153004034/LD/958486255825003179","5806","https://mnregaweb4.nic.in/nregaarch/View_NMMS_atten_date_dtl_rpt.aspx?page=&short_name=UP&state_name=UTTAR%20PRADESH&state_code=31&district_name=BASTI&district_code=3153&block_name=VIKRAM%20JOT&block_code=3153004&panchayat_name=KHATAMSARAY&panchayat_code=3153004034&fin_year=2025-2026&source=&work_code=3153004034/LD/958486255825003179&msr_no=5806&AttendanceDate=21/03/2026&Digest=715QE/LngQBLcP+WJ6FO8g",3
"BASTI","VIKRAM JOT","NETWARPATTI","3153004078/LD/958486255824967920","5776","https://mnregaweb4.nic.in/nregaarch/View_NMMS_atten_date_dtl_rpt.aspx?page=&short_name=UP&state_name=UTTAR%20PRADESH&state_code=31&district_name=BASTI&district_code=3153&block_name=VIKRAM%20JOT&block_code=3153004&panchayat_name=NETWARPATTI&panchayat_code=3153004078&fin_year=2025-2026&source=&work_code=3153004078/LD/958486255824967920&msr_no=5776&AttendanceDate=21/03/2026&Digest=d6kKu/hh0FVM2nN8j2ewAw",9
"BASTI","SALTAUA GOPAL PUR","JOTA","3153007035/WH/958486255824013074","5423","https://mnregaweb4.nic.in/nregaarch/View_NMMS_atten_date_dtl_rpt.aspx?page=&short_name=UP&state_name=UTTAR%20PRADESH&state_code=31&district_name=BASTI&district_code=3153&block_name=SALTAUA%20GOPAL%20PUR&block_code=3153007&panchayat_name=JOTA&panchayat_code=3153007035&fin_year=2025-2026&source=&work_code=3153007035/WH/958486255824013074&msr_no=5423&AttendanceDate=21/03/2026&Digest=0bHsmVy3hMlwx1SDaCRkdA",7
"BASTI","SALTAUA GOPAL PUR","JOTA","3153007035/WH/958486255824013074","5426","https://mnregaweb4.nic.in/nregaarch/View_NMMS_atten_date_dtl_rpt.aspx?page=&short_name=UP&state_name=UTTAR%20PRADESH&state_code=31&district_name=BASTI&district_code=3153&block_name=SALTAUA%20GOPAL%20PUR&block_code=3153007&panchayat_name=JOTA&panchayat_code=3153007035&fin_year=2025-2026&source=&work_code=3153007035/WH/958486255824013074&msr_no=5426&AttendanceDate=21/03/2026&Digest=D64hw2Qy3ZdlY4WUSr/SAg",5
"BASTI","SALTAUA GOPAL PUR","BANGARIYA","3153007045/RC/958486255823697174","5448","https://mnregaweb4.nic.in/nregaarch/View_NMMS_atten_date_dtl_rpt.aspx?page=&short_name=UP&state_name=UTTAR%20PRADESH&state_code=31&district_name=BASTI&district_code=3153&block_name=SALTAUA%20GOPAL%20PUR&block_code=3153007&panchayat_name=BANGARIYA&panchayat_code=3153007045&fin_year=2025-2026&source=&work_code=3153007045/RC/958486255823697174&msr_no=5448&AttendanceDate=21/03/2026&Digest=fOAGTc9s8PgiFZOPM1X5pw",7
"BASTI","SALTAUA GOPAL PUR","PARSA KHAL","3153007057/WH/958486255824013365","5414","https://mnregaweb4.nic.in/nregaarch/View_NMMS_atten_date_dtl_rpt.aspx?page=&short_name=UP&state_name=UTTAR%20PRADESH&state_code=31&district_name=BASTI&district_code=3153&block_name=SALTAUA%20GOPAL%20PUR&block_code=3153007&panchayat_name=PARSA%20KHAL&panchayat_code=3153007057&fin_year=2025-2026&source=&work_code=3153007057/WH/958486255824013365&msr_no=5414&AttendanceDate=21/03/2026&Digest=g6+IZUc7X6nqaF5qGFx/2w",9
"BASTI","SALTAUA GOPAL PUR","SALTAUA","3153007069/LD/958486255824937021","5474","https://mnregaweb4.nic.in/nregaarch/View_NMMS_atten_date_dtl_rpt.aspx?page=&short_name=UP&state_name=UTTAR%20PRADESH&state_code=31&district_name=BASTI&district_code=3153&block_name=SALTAUA%20GOPAL%20PUR&block_code=3153007&panchayat_name=SALTAUA&panchayat_code=3153007069&fin_year=2025-2026&source=&work_code=3153007069/LD/958486255824937021&msr_no=5474&AttendanceDate=21/03/2026&Digest=P2KalDcOKYwdznG4FCldww",9
"BASTI","SALTAUA GOPAL PUR","SANSAR PUR","3153007070/RC/958486255823631335","5357","https://mnregaweb4.nic.in/nregaarch/View_NMMS_atten_date_dtl_rpt.aspx?page=&short_name=UP&state_name=UTTAR%20PRADESH&state_code=31&district_name=BASTI&district_code=3153&block_name=SALTAUA%20GOPAL%20PUR&block_code=3153007&panchayat_name=SANSAR%20PUR&panchayat_code=3153007070&fin_year=2025-2026&source=&work_code=3153007070/RC/958486255823631335&msr_no=5357&AttendanceDate=21/03/2026&Digest=9YLRzlQ5yFXMtcVBe8NEEA",3
"BASTI","SAU GHAT","BEHRA","3153009010/RC/958486255823638980","3327","https://mnregaweb4.nic.in/nregaarch/View_NMMS_atten_date_dtl_rpt.aspx?page=&short_name=UP&state_name=UTTAR%20PRADESH&state_code=31&district_name=BASTI&district_code=3153&block_name=SAU%20GHAT&block_code=3153009&panchayat_name=BEHRA&panchayat_code=3153009010&fin_year=2025-2026&source=&work_code=3153009010/RC/958486255823638980&msr_no=3327&AttendanceDate=21/03/2026&Digest=/KGV7uavBmj1uVbzxg5iqQ",2
"BASTI","VIKRAM JOT","KUANGAON","3153004037/FP/958486255823617398","5789","https://mnregaweb4.nic.in/nregaarch/View_NMMS_atten_date_dtl_rpt.aspx?page=&short_name=UP&state_name=UTTAR%20PRADESH&state_code=31&district_name=BASTI&district_code=3153&block_name=VIKRAM%20JOT&block_code=3153004&panchayat_name=KUANGAON&panchayat_code=3153004037&fin_year=2025-2026&source=&work_code=3153004037/FP/958486255823617398&msr_no=5789&AttendanceDate=21/03/2026&Digest=BYHLenuD0NRMtQownvHn9Q",7
"BASTI","VIKRAM JOT","EKMA HIRANIYA","3153004043/WC/958486255824231525","5858","https://mnregaweb4.nic.in/nregaarch/View_NMMS_atten_date_dtl_rpt.aspx?page=&short_name=UP&state_name=UTTAR%20PRADESH&state_code=31&district_name=BASTI&district_code=3153&block_name=VIKRAM%20JOT&block_code=3153004&panchayat_name=EKMA%20HIRANIYA&panchayat_code=3153004043&fin_year=2025-2026&source=&work_code=3153004043/WC/958486255824231525&msr_no=5858&AttendanceDate=21/03/2026&Digest=ZqPCybgbYz9OxggSjReWSg",7
"BASTI","VIKRAM JOT","EKMA HIRANIYA","3153004043/WC/958486255824231525","5861","https://mnregaweb4.nic.in/nregaarch/View_NMMS_atten_date_dtl_rpt.aspx?page=&short_name=UP&state_name=UTTAR%20PRADESH&state_code=31&district_name=BASTI&district_code=3153&block_name=VIKRAM%20JOT&block_code=3153004&panchayat_name=EKMA%20HIRANIYA&panchayat_code=3153004043&fin_year=2025-2026&source=&work_code=3153004043/WC/958486255824231525&msr_no=5861&AttendanceDate=21/03/2026&Digest=uWxir2/rC/yePc3BsfUOpg",5
"BASTI","VIKRAM JOT","PURE CHETAN","3153004053/RC/958486255823731821","5899","https://mnregaweb4.nic.in/nregaarch/View_NMMS_atten_date_dtl_rpt.aspx?page=&short_name=UP&state_name=UTTAR%20PRADESH&state_code=31&district_name=BASTI&district_code=3153&block_name=VIKRAM%20JOT&block_code=3153004&panchayat_name=PURE%20CHETAN&panchayat_code=3153004053&fin_year=2025-2026&source=&work_code=3153004053/RC/958486255823731821&msr_no=5899&AttendanceDate=21/03/2026&Digest=vwcl8jextH27HmNIj7y/rQ",10
"BASTI","VIKRAM JOT","DUBAULI DUBE","3153004075/RC/958486255823740715","5864","https://mnregaweb4.nic.in/nregaarch/View_NMMS_atten_date_dtl_rpt.aspx?page=&short_name=UP&state_name=UTTAR%20PRADESH&state_code=31&district_name=BASTI&district_code=3153&block_name=VIKRAM%20JOT&block_code=3153004&panchayat_name=DUBAULI%20DUBE&panchayat_code=3153004075&fin_year=2025-2026&source=&work_code=3153004075/RC/958486255823740715&msr_no=5864&AttendanceDate=21/03/2026&Digest=maeyrvNEnDLn8mAF0tZMng",5
"BASTI","VIKRAM JOT","NETWARPATTI","3153004078/LD/958486255824967920","5778","https://mnregaweb4.nic.in/nregaarch/View_NMMS_atten_date_dtl_rpt.aspx?page=&short_name=UP&state_name=UTTAR%20PRADESH&state_code=31&district_name=BASTI&district_code=3153&block_name=VIKRAM%20JOT&block_code=3153004&panchayat_name=NETWARPATTI&panchayat_code=3153004078&fin_year=2025-2026&source=&work_code=3153004078/LD/958486255824967920&msr_no=5778&AttendanceDate=21/03/2026&Digest=BYnwEjU6sGfd/J15MdI/HQ",9
"BASTI","SAU GHAT","BYOTHRA","3153009015/RC/958486255823587028","3367","https://mnregaweb4.nic.in/nregaarch/View_NMMS_atten_date_dtl_rpt.aspx?page=&short_name=UP&state_name=UTTAR%20PRADESH&state_code=31&district_name=BASTI&district_code=3153&block_name=SAU%20GHAT&block_code=3153009&panchayat_name=BYOTHRA&panchayat_code=3153009015&fin_year=2025-2026&source=&work_code=3153009015/RC/958486255823587028&msr_no=3367&AttendanceDate=21/03/2026&Digest=12AoD7U6Fi3m2WfapE7Yag",2
"BASTI","VIKRAM JOT","ATRAURA JHAM","3153004004/RC/958486255823725256","5850","https://mnregaweb4.nic.in/nregaarch/View_NMMS_atten_date_dtl_rpt.aspx?page=&short_name=UP&state_name=UTTAR%20PRADESH&state_code=31&district_name=BASTI&district_code=3153&block_name=VIKRAM%20JOT&block_code=3153004&panchayat_name=ATRAURA%20JHAM&panchayat_code=3153004004&fin_year=2025-2026&source=&work_code=3153004004/RC/958486255823725256&msr_no=5850&AttendanceDate=21/03/2026&Digest=Z44CmyRyIIc4pOOUr3MA/w",1
"BASTI","VIKRAM JOT","AURANGABAD","3153004005/LD/958486255824919627","5799","https://mnregaweb4.nic.in/nregaarch/View_NMMS_atten_date_dtl_rpt.aspx?page=&short_name=UP&state_name=UTTAR%20PRADESH&state_code=31&district_name=BASTI&district_code=3153&block_name=VIKRAM%20JOT&block_code=3153004&panchayat_name=AURANGABAD&panchayat_code=3153004005&fin_year=2025-2026&source=&work_code=3153004005/LD/958486255824919627&msr_no=5799&AttendanceDate=21/03/2026&Digest=HTd3jzn0ztE3oRNlijvDeQ",5
"BASTI","VIKRAM JOT","DAHDA MISHRA","3153004015/LD/958486255824958089","5808","https://mnregaweb4.nic.in/nregaarch/View_NMMS_atten_date_dtl_rpt.aspx?page=&short_name=UP&state_name=UTTAR%20PRADESH&state_code=31&district_name=BASTI&district_code=3153&block_name=VIKRAM%20JOT&block_code=3153004&panchayat_name=DAHDA%20MISHRA&panchayat_code=3153004015&fin_year=2025-2026&source=&work_code=3153004015/LD/958486255824958089&msr_no=5808&AttendanceDate=21/03/2026&Digest=smPtMLjMkad7lRHfTXqEzw",8
"BASTI","VIKRAM JOT","DHAURAHRA CHAUHAN","3153004018/LD/958486255824989950","5956","https://mnregaweb4.nic.in/nregaarch/View_NMMS_atten_date_dtl_rpt.aspx?page=&short_name=UP&state_name=UTTAR%20PRADESH&state_code=31&district_name=BASTI&district_code=3153&block_name=VIKRAM%20JOT&block_code=3153004&panchayat_name=DHAURAHRA%20CHAUHAN&panchayat_code=3153004018&fin_year=2025-2026&source=&work_code=3153004018/LD/958486255824989950&msr_no=5956&AttendanceDate=21/03/2026&Digest=o6XGruatPZfNg4CiyWLpZA",9
"BASTI","VIKRAM JOT","DHAURAHRA CHAUHAN","3153004018/LD/958486255824989950","5959","https://mnregaweb4.nic.in/nregaarch/View_NMMS_atten_date_dtl_rpt.aspx?page=&short_name=UP&state_name=UTTAR%20PRADESH&state_code=31&district_name=BASTI&district_code=3153&block_name=VIKRAM%20JOT&block_code=3153004&panchayat_name=DHAURAHRA%20CHAUHAN&panchayat_code=3153004018&fin_year=2025-2026&source=&work_code=3153004018/LD/958486255824989950&msr_no=5959&AttendanceDate=21/03/2026&Digest=IRuCqWRae0ShOdxlYKfuKQ",8
"BASTI","VIKRAM JOT","DHIRAULI BABU","3153004019/RC/958486255823745150","5729","https://mnregaweb4.nic.in/nregaarch/View_NMMS_atten_date_dtl_rpt.aspx?page=&short_name=UP&state_name=UTTAR%20PRADESH&state_code=31&district_name=BASTI&district_code=3153&block_name=VIKRAM%20JOT&block_code=3153004&panchayat_name=DHIRAULI%20BABU&panchayat_code=3153004019&fin_year=2025-2026&source=&work_code=3153004019/RC/958486255823745150&msr_no=5729&AttendanceDate=21/03/2026&Digest=7+AqCY2sS9/1SUjiyrAlXw",6
"BASTI","VIKRAM JOT","DHIRAULI PANDEY","3153004023/RC/958486255823724628","5819","https://mnregaweb4.nic.in/nregaarch/View_NMMS_atten_date_dtl_rpt.aspx?page=&short_name=UP&state_name=UTTAR%20PRADESH&state_code=31&district_name=BASTI&district_code=3153&block_name=VIKRAM%20JOT&block_code=3153004&panchayat_name=DHIRAULI%20PANDEY&panchayat_code=3153004023&fin_year=2025-2026&source=&work_code=3153004023/RC/958486255823724628&msr_no=5819&AttendanceDate=21/03/2026&Digest=QtA77I/aj9eZK9YxJBb+nw",2
"BASTI","VIKRAM JOT","HAREVA SHUKLA","3153004025/RC/958486255823745135","5763","https://mnregaweb4.nic.in/nregaarch/View_NMMS_atten_date_dtl_rpt.aspx?page=&short_name=UP&state_name=UTTAR%20PRADESH&state_code=31&district_name=BASTI&district_code=3153&block_name=VIKRAM%20JOT&block_code=3153004&panchayat_name=HAREVA%20SHUKLA&panchayat_code=3153004025&fin_year=2025-2026&source=&work_code=3153004025/RC/958486255823745135&msr_no=5763&AttendanceDate=21/03/2026&Digest=ACu12xY+4VvZROjexV/YIQ",1
"BASTI","VIKRAM JOT","KHATAMSARAY","3153004034/LD/958486255824995840","5784","https://mnregaweb4.nic.in/nregaarch/View_NMMS_atten_date_dtl_rpt.aspx?page=&short_name=UP&state_name=UTTAR%20PRADESH&state_code=31&district_name=BASTI&district_code=3153&block_name=VIKRAM%20JOT&block_code=3153004&panchayat_name=KHATAMSARAY&panchayat_code=3153004034&fin_year=2025-2026&source=&work_code=3153004034/LD/958486255824995840&msr_no=5784&AttendanceDate=21/03/2026&Digest=tfr+kN6DJdbp6PTl45VzOQ",5
"BASTI","VIKRAM JOT","KHATAMSARAY","3153004034/LD/958486255825003179","5825","https://mnregaweb4.nic.in/nregaarch/View_NMMS_atten_date_dtl_rpt.aspx?page=&short_name=UP&state_name=UTTAR%20PRADESH&state_code=31&district_name=BASTI&district_code=3153&block_name=VIKRAM%20JOT&block_code=3153004&panchayat_name=KHATAMSARAY&panchayat_code=3153004034&fin_year=2025-2026&source=&work_code=3153004034/LD/958486255825003179&msr_no=5825&AttendanceDate=21/03/2026&Digest=l7fJLX80EdD9vK7BqRvM5Q",10
"BASTI","VIKRAM JOT","KUANGAON","3153004037/FP/958486255823617398","5790","https://mnregaweb4.nic.in/nregaarch/View_NMMS_atten_date_dtl_rpt.aspx?page=&short_name=UP&state_name=UTTAR%20PRADESH&state_code=31&district_name=BASTI&district_code=3153&block_name=VIKRAM%20JOT&block_code=3153004&panchayat_name=KUANGAON&panchayat_code=3153004037&fin_year=2025-2026&source=&work_code=3153004037/FP/958486255823617398&msr_no=5790&AttendanceDate=21/03/2026&Digest=QaAXFFcUPrUo4FfNz3Tysw",6
"BASTI","VIKRAM JOT","LAJGHATA","3153004038/LD/958486255824829955","5841","https://mnregaweb4.nic.in/nregaarch/View_NMMS_atten_date_dtl_rpt.aspx?page=&short_name=UP&state_name=UTTAR%20PRADESH&state_code=31&district_name=BASTI&district_code=3153&block_name=VIKRAM%20JOT&block_code=3153004&panchayat_name=LAJGHATA&panchayat_code=3153004038&fin_year=2025-2026&source=&work_code=3153004038/LD/958486255824829955&msr_no=5841&AttendanceDate=21/03/2026&Digest=6KbF9NVIKWIUjn4Kh8j/SQ",2
"BASTI","VIKRAM JOT","MADNA MAJHA","3153004040/LD/958486255824916796","5814","https://mnregaweb4.nic.in/nregaarch/View_NMMS_atten_date_dtl_rpt.aspx?page=&short_name=UP&state_name=UTTAR%20PRADESH&state_code=31&district_name=BASTI&district_code=3153&block_name=VIKRAM%20JOT&block_code=3153004&panchayat_name=MADNA%20MAJHA&panchayat_code=3153004040&fin_year=2025-2026&source=&work_code=3153004040/LD/958486255824916796&msr_no=5814&AttendanceDate=21/03/2026&Digest=sLDISomSNCPeGSuxViTfGA",7
"BASTI","VIKRAM JOT","MAJHILGAON","3153004041/WH/958486255823985133","5772","https://mnregaweb4.nic.in/nregaarch/View_NMMS_atten_date_dtl_rpt.aspx?page=&short_name=UP&state_name=UTTAR%20PRADESH&state_code=31&district_name=BASTI&district_code=3153&block_name=VIKRAM%20JOT&block_code=3153004&panchayat_name=MAJHILGAON&panchayat_code=3153004041&fin_year=2025-2026&source=&work_code=3153004041/WH/958486255823985133&msr_no=5772&AttendanceDate=21/03/2026&Digest=yMWcoqWLvUr3dkVTUea/Bg",5
"BASTI","VIKRAM JOT","MALHNI","3153004042/WC/958486255824216389","5870","https://mnregaweb4.nic.in/nregaarch/View_NMMS_atten_date_dtl_rpt.aspx?page=&short_name=UP&state_name=UTTAR%20PRADESH&state_code=31&district_name=BASTI&district_code=3153&block_name=VIKRAM%20JOT&block_code=3153004&panchayat_name=MALHNI&panchayat_code=3153004042&fin_year=2025-2026&source=&work_code=3153004042/WC/958486255824216389&msr_no=5870&AttendanceDate=21/03/2026&Digest=+4mjFr+jxjkk6x1Ca8ZRDg",8
"BASTI","VIKRAM JOT","EKMA HIRANIYA","3153004043/RC/958486255823725143","5960","https://mnregaweb4.nic.in/nregaarch/View_NMMS_atten_date_dtl_rpt.aspx?page=&short_name=UP&state_name=UTTAR%20PRADESH&state_code=31&district_name=BASTI&district_code=3153&block_name=VIKRAM%20JOT&block_code=3153004&panchayat_name=EKMA%20HIRANIYA&panchayat_code=3153004043&fin_year=2025-2026&source=&work_code=3153004043/RC/958486255823725143&msr_no=5960&AttendanceDate=21/03/2026&Digest=trUvyZ4Rhab/uJotMMQiMA",9
"BASTI","VIKRAM JOT","EKMA HIRANIYA","3153004043/WC/958486255824231525","5854","https://mnregaweb4.nic.in/nregaarch/View_NMMS_atten_date_dtl_rpt.aspx?page=&short_name=UP&state_name=UTTAR%20PRADESH&state_code=31&district_name=BASTI&district_code=3153&block_name=VIKRAM%20JOT&block_code=3153004&panchayat_name=EKMA%20HIRANIYA&panchayat_code=3153004043&fin_year=2025-2026&source=&work_code=3153004043/WC/958486255824231525&msr_no=5854&AttendanceDate=21/03/2026&Digest=ulOoSwDi3ShA0c+j+U3/2A",3
"BASTI","VIKRAM JOT","EKMA HIRANIYA","3153004043/WC/958486255824231525","5857","https://mnregaweb4.nic.in/nregaarch/View_NMMS_atten_date_dtl_rpt.aspx?page=&short_name=UP&state_name=UTTAR%20PRADESH&state_code=31&district_name=BASTI&district_code=3153&block_name=VIKRAM%20JOT&block_code=3153004&panchayat_name=EKMA%20HIRANIYA&panchayat_code=3153004043&fin_year=2025-2026&source=&work_code=3153004043/WC/958486255824231525&msr_no=5857&AttendanceDate=21/03/2026&Digest=10dD1ZgIjWcEn3LWwYpT6Q",9
"BASTI","VIKRAM JOT","EKMA HIRANIYA","3153004043/WC/958486255824231525","5860","https://mnregaweb4.nic.in/nregaarch/View_NMMS_atten_date_dtl_rpt.aspx?page=&short_name=UP&state_name=UTTAR%20PRADESH&state_code=31&district_name=BASTI&district_code=3153&block_name=VIKRAM%20JOT&block_code=3153004&panchayat_name=EKMA%20HIRANIYA&panchayat_code=3153004043&fin_year=2025-2026&source=&work_code=3153004043/WC/958486255824231525&msr_no=5860&AttendanceDate=21/03/2026&Digest=ydETSaMk48K9JoOBUG87eA",7
"BASTI","VIKRAM JOT","NIYAMATPUR","3153004049/LD/958486255824929913","5739","https://mnregaweb4.nic.in/nregaarch/View_NMMS_atten_date_dtl_rpt.aspx?page=&short_name=UP&state_name=UTTAR%20PRADESH&state_code=31&district_name=BASTI&district_code=3153&block_name=VIKRAM%20JOT&block_code=3153004&panchayat_name=NIYAMATPUR&panchayat_code=3153004049&fin_year=2025-2026&source=&work_code=3153004049/LD/958486255824929913&msr_no=5739&AttendanceDate=21/03/2026&Digest=T0njkqEohIIHPu1Z5ANNoA",8
"BASTI","VIKRAM JOT","PURE CHETAN","3153004053/RC/958486255823731820","5754","https://mnregaweb4.nic.in/nregaarch/View_NMMS_atten_date_dtl_rpt.aspx?page=&short_name=UP&state_name=UTTAR%20PRADESH&state_code=31&district_name=BASTI&district_code=3153&block_name=VIKRAM%20JOT&block_code=3153004&panchayat_name=PURE%20CHETAN&panchayat_code=3153004053&fin_year=2025-2026&source=&work_code=3153004053/RC/958486255823731820&msr_no=5754&AttendanceDate=21/03/2026&Digest=9pmem5ez46SVk6EllY5HbA",10
"BASTI","VIKRAM JOT","PURE CHETAN","3153004053/RC/958486255823731821","5911","https://mnregaweb4.nic.in/nregaarch/View_NMMS_atten_date_dtl_rpt.aspx?page=&short_name=UP&state_name=UTTAR%20PRADESH&state_code=31&district_name=BASTI&district_code=3153&block_name=VIKRAM%20JOT&block_code=3153004&panchayat_name=PURE%20CHETAN&panchayat_code=3153004053&fin_year=2025-2026&source=&work_code=3153004053/RC/958486255823731821&msr_no=5911&AttendanceDate=21/03/2026&Digest=CkZw5Qvssi9t1XiQYitcmA",7
"BASTI","VIKRAM JOT","SHANKARPUR","3153004061/RC/958486255823741079","5824","https://mnregaweb4.nic.in/nregaarch/View_NMMS_atten_date_dtl_rpt.aspx?page=&short_name=UP&state_name=UTTAR%20PRADESH&state_code=31&district_name=BASTI&district_code=3153&block_name=VIKRAM%20JOT&block_code=3153004&panchayat_name=SHANKARPUR&panchayat_code=3153004061&fin_year=2025-2026&source=&work_code=3153004061/RC/958486255823741079&msr_no=5824&AttendanceDate=21/03/2026&Digest=20BiRcMmhodCq6qfNGlh0w",10
"BASTI","KUDARAHA","AKELA KUBERPUR","3153013008/RC/958486255823749187","7980","https://mnregaweb4.nic.in/nregaarch/View_NMMS_atten_date_dtl_rpt.aspx?page=&short_name=UP&state_name=UTTAR%20PRADESH&state_code=31&district_name=BASTI&district_code=3153&block_name=KUDARAHA&block_code=3153013&panchayat_name=AKELA%20KUBERPUR&panchayat_code=3153013008&fin_year=2025-2026&source=&work_code=3153013008/RC/958486255823749187&msr_no=7980&AttendanceDate=21/03/2026&Digest=bVOdVV+eb3bXU7GEZIzxgQ",3
"BASTI","KUDARAHA","AKELA KUBERPUR","3153013008/RC/958486255823749188","7989","https://mnregaweb4.nic.in/nregaarch/View_NMMS_atten_date_dtl_rpt.aspx?page=&short_name=UP&state_name=UTTAR%20PRADESH&state_code=31&district_name=BASTI&district_code=3153&block_name=KUDARAHA&block_code=3153013&panchayat_name=AKELA%20KUBERPUR&panchayat_code=3153013008&fin_year=2025-2026&source=&work_code=3153013008/RC/958486255823749188&msr_no=7989&AttendanceDate=21/03/2026&Digest=5eWxful3NmRMCrAP+jSmsA",2
"BASTI","KUDARAHA","TURKWALIYA","3153013012/RC/958486255823686923","7682","https://mnregaweb4.nic.in/nregaarch/View_NMMS_atten_date_dtl_rpt.aspx?page=&short_name=UP&state_name=UTTAR%20PRADESH&state_code=31&district_name=BASTI&district_code=3153&block_name=KUDARAHA&block_code=3153013&panchayat_name=TURKWALIYA&panchayat_code=3153013012&fin_year=2025-2026&source=&work_code=3153013012/RC/958486255823686923&msr_no=7682&AttendanceDate=21/03/2026&Digest=0bJJzqiM1I7mJkle6609Eg",10
"BASTI","KUDARAHA","KORMA","3153013029/LD/958486255824959030","7757","https://mnregaweb4.nic.in/nregaarch/View_NMMS_atten_date_dtl_rpt.aspx?page=&short_name=UP&state_name=UTTAR%20PRADESH&state_code=31&district_name=BASTI&district_code=3153&block_name=KUDARAHA&block_code=3153013&panchayat_name=KORMA&panchayat_code=3153013029&fin_year=2025-2026&source=&work_code=3153013029/LD/958486255824959030&msr_no=7757&AttendanceDate=21/03/2026&Digest=Z7MNMqZpC4zduhr3FiM82w",10
"BASTI","KUDARAHA","AMAIPAR","3153013032/IC/958486255823726741","7836","https://mnregaweb4.nic.in/nregaarch/View_NMMS_atten_date_dtl_rpt.aspx?page=&short_name=UP&state_name=UTTAR%20PRADESH&state_code=31&district_name=BASTI&district_code=3153&block_name=KUDARAHA&block_code=3153013&panchayat_name=AMAIPAR&panchayat_code=3153013032&fin_year=2025-2026&source=&work_code=3153013032/IC/958486255823726741&msr_no=7836&AttendanceDate=21/03/2026&Digest=VddANkNhLkHLQyxlF+P6zQ",7
"BASTI","KUDARAHA","AMAIPAR","3153013032/IC/958486255823726741","7839","https://mnregaweb4.nic.in/nregaarch/View_NMMS_atten_date_dtl_rpt.aspx?page=&short_name=UP&state_name=UTTAR%20PRADESH&state_code=31&district_name=BASTI&district_code=3153&block_name=KUDARAHA&block_code=3153013&panchayat_name=AMAIPAR&panchayat_code=3153013032&fin_year=2025-2026&source=&work_code=3153013032/IC/958486255823726741&msr_no=7839&AttendanceDate=21/03/2026&Digest=Jt7lV1sLye60QlBFNn3f3A",3
"BASTI","KUDARAHA","AMAIPAR","3153013032/RC/958486255823694991","7829","https://mnregaweb4.nic.in/nregaarch/View_NMMS_atten_date_dtl_rpt.aspx?page=&short_name=UP&state_name=UTTAR%20PRADESH&state_code=31&district_name=BASTI&district_code=3153&block_name=KUDARAHA&block_code=3153013&panchayat_name=AMAIPAR&panchayat_code=3153013032&fin_year=2025-2026&source=&work_code=3153013032/RC/958486255823694991&msr_no=7829&AttendanceDate=21/03/2026&Digest=Pm5KH5I3woTDQ264b9TF8A",10
"BASTI","KUDARAHA","AMAIPAR","3153013032/RC/958486255823695002","7840","https://mnregaweb4.nic.in/nregaarch/View_NMMS_atten_date_dtl_rpt.aspx?page=&short_name=UP&state_name=UTTAR%20PRADESH&state_code=31&district_name=BASTI&district_code=3153&block_name=KUDARAHA&block_code=3153013&panchayat_name=AMAIPAR&panchayat_code=3153013032&fin_year=2025-2026&source=&work_code=3153013032/RC/958486255823695002&msr_no=7840&AttendanceDate=21/03/2026&Digest=bTr0S6mVY9R2Q1y+umPoLA",10
"BASTI","KUDARAHA","AMAIPAR","3153013032/RC/958486255823735251","7915","https://mnregaweb4.nic.in/nregaarch/View_NMMS_atten_date_dtl_rpt.aspx?page=&short_name=UP&state_name=UTTAR%20PRADESH&state_code=31&district_name=BASTI&district_code=3153&block_name=KUDARAHA&block_code=3153013&panchayat_name=AMAIPAR&panchayat_code=3153013032&fin_year=2025-2026&source=&work_code=3153013032/RC/958486255823735251&msr_no=7915&AttendanceDate=21/03/2026&Digest=qvxRsNUpCfh0WSJqYdI2LQ",4
"BASTI","KUDARAHA","AMAIPAR","3153013032/RC/958486255823735251","7918","https://mnregaweb4.nic.in/nregaarch/View_NMMS_atten_date_dtl_rpt.aspx?page=&short_name=UP&state_name=UTTAR%20PRADESH&state_code=31&district_name=BASTI&district_code=3153&block_name=KUDARAHA&block_code=3153013&panchayat_name=AMAIPAR&panchayat_code=3153013032&fin_year=2025-2026&source=&work_code=3153013032/RC/958486255823735251&msr_no=7918&AttendanceDate=21/03/2026&Digest=RCM11DrmTnDm//FKjHq+9A",3
"BASTI","KUDARAHA","JAGANNATHPUR","3153013035/RC/958486255823748456","7740","https://mnregaweb4.nic.in/nregaarch/View_NMMS_atten_date_dtl_rpt.aspx?page=&short_name=UP&state_name=UTTAR%20PRADESH&state_code=31&district_name=BASTI&district_code=3153&block_name=KUDARAHA&block_code=3153013&panchayat_name=JAGANNATHPUR&panchayat_code=3153013035&fin_year=2025-2026&source=&work_code=3153013035/RC/958486255823748456&msr_no=7740&AttendanceDate=21/03/2026&Digest=NDW94PjNUHls8il+wWBkSQ",3
"BASTI","KUDARAHA","PARSAW","3153013036/LD/958486255824957716","7856","https://mnregaweb4.nic.in/nregaarch/View_NMMS_atten_date_dtl_rpt.aspx?page=&short_name=UP&state_name=UTTAR%20PRADESH&state_code=31&district_name=BASTI&district_code=3153&block_name=KUDARAHA&block_code=3153013&panchayat_name=PARSAW&panchayat_code=3153013036&fin_year=2025-2026&source=&work_code=3153013036/LD/958486255824957716&msr_no=7856&AttendanceDate=21/03/2026&Digest=HEMrZzRlgAR90kmClgQuOQ",10
"BASTI","KUDARAHA","DELHWA","3153013037/RC/958486255823745217","7886","https://mnregaweb4.nic.in/nregaarch/View_NMMS_atten_date_dtl_rpt.aspx?page=&short_name=UP&state_name=UTTAR%20PRADESH&state_code=31&district_name=BASTI&district_code=3153&block_name=KUDARAHA&block_code=3153013&panchayat_name=DELHWA&panchayat_code=3153013037&fin_year=2025-2026&source=&work_code=3153013037/RC/958486255823745217&msr_no=7886&AttendanceDate=21/03/2026&Digest=pV4Zr3F9+a7mDGuDZthvsQ",7
"BASTI","KUDARAHA","BARTANIYA","3153013040/AV/958486255824155477","7960","https://mnregaweb4.nic.in/nregaarch/View_NMMS_atten_date_dtl_rpt.aspx?page=&short_name=UP&state_name=UTTAR%20PRADESH&state_code=31&district_name=BASTI&district_code=3153&block_name=KUDARAHA&block_code=3153013&panchayat_name=BARTANIYA&panchayat_code=3153013040&fin_year=2025-2026&source=&work_code=3153013040/AV/958486255824155477&msr_no=7960&AttendanceDate=21/03/2026&Digest=OUwVIS7tamsGzn7XNQYP/w",9
"BASTI","KUDARAHA","BARTANIYA","3153013040/LD/958486255824900453","7927","https://mnregaweb4.nic.in/nregaarch/View_NMMS_atten_date_dtl_rpt.aspx?page=&short_name=UP&state_name=UTTAR%20PRADESH&state_code=31&district_name=BASTI&district_code=3153&block_name=KUDARAHA&block_code=3153013&panchayat_name=BARTANIYA&panchayat_code=3153013040&fin_year=2025-2026&source=&work_code=3153013040/LD/958486255824900453&msr_no=7927&AttendanceDate=21/03/2026&Digest=O+R9PygEx7WIhG2mG7co8w",10
"BASTI","KUDARAHA","BARTANIYA","3153013040/LD/958486255824900453","7930","https://mnregaweb4.nic.in/nregaarch/View_NMMS_atten_date_dtl_rpt.aspx?page=&short_name=UP&state_name=UTTAR%20PRADESH&state_code=31&district_name=BASTI&district_code=3153&block_name=KUDARAHA&block_code=3153013&panchayat_name=BARTANIYA&panchayat_code=3153013040&fin_year=2025-2026&source=&work_code=3153013040/LD/958486255824900453&msr_no=7930&AttendanceDate=21/03/2026&Digest=v3dLUNF+Rf2d3NrSnlmP4Q",10
"BASTI","KUDARAHA","MUSARIHA","3153013041/RC/958486255823728282","7824","https://mnregaweb4.nic.in/nregaarch/View_NMMS_atten_date_dtl_rpt.aspx?page=&short_name=UP&state_name=UTTAR%20PRADESH&state_code=31&district_name=BASTI&district_code=3153&block_name=KUDARAHA&block_code=3153013&panchayat_name=MUSARIHA&panchayat_code=3153013041&fin_year=2025-2026&source=&work_code=3153013041/RC/958486255823728282&msr_no=7824&AttendanceDate=21/03/2026&Digest=ViOK2i7TmveNQfYxCzu5Pw",9
"BASTI","KUDARAHA","KABRA KHAS","3153013043/RC/958486255823726579","7752","https://mnregaweb4.nic.in/nregaarch/View_NMMS_atten_date_dtl_rpt.aspx?page=&short_name=UP&state_name=UTTAR%20PRADESH&state_code=31&district_name=BASTI&district_code=3153&block_name=KUDARAHA&block_code=3153013&panchayat_name=KABRA%20KHAS&panchayat_code=3153013043&fin_year=2025-2026&source=&work_code=3153013043/RC/958486255823726579&msr_no=7752&AttendanceDate=21/03/2026&Digest=Cf8BIXlywmtPpY8P/6NT2w",5
"BASTI","KUDARAHA","BAISIYA KALA","3153013050/LD/958486255824953603","7713","https://mnregaweb4.nic.in/nregaarch/View_NMMS_atten_date_dtl_rpt.aspx?page=&short_name=UP&state_name=UTTAR%20PRADESH&state_code=31&district_name=BASTI&district_code=3153&block_name=KUDARAHA&block_code=3153013&panchayat_name=BAISIYA%20KALA&panchayat_code=3153013050&fin_year=2025-2026&source=&work_code=3153013050/LD/958486255824953603&msr_no=7713&AttendanceDate=21/03/2026&Digest=klgRaAlbrj6sqGkHetzBgA",9
"BASTI","KUDARAHA","BAISIYA KALA","3153013050/RC/958486255823747638","7998","https://mnregaweb4.nic.in/nregaarch/View_NMMS_atten_date_dtl_rpt.aspx?page=&short_name=UP&state_name=UTTAR%20PRADESH&state_code=31&district_name=BASTI&district_code=3153&block_name=KUDARAHA&block_code=3153013&panchayat_name=BAISIYA%20KALA&panchayat_code=3153013050&fin_year=2025-2026&source=&work_code=3153013050/RC/958486255823747638&msr_no=7998&AttendanceDate=21/03/2026&Digest=5lqDSQ81oSr2E4x+0mG1Lg",1
"BASTI","KUDARAHA","MANJHARIYA","3153013057/LD/958486255824935540","7654","https://mnregaweb4.nic.in/nregaarch/View_NMMS_atten_date_dtl_rpt.aspx?page=&short_name=UP&state_name=UTTAR%20PRADESH&state_code=31&district_name=BASTI&district_code=3153&block_name=KUDARAHA&block_code=3153013&panchayat_name=MANJHARIYA&panchayat_code=3153013057&fin_year=2025-2026&source=&work_code=3153013057/LD/958486255824935540&msr_no=7654&AttendanceDate=21/03/2026&Digest=HOmJONytF79AcaE/7zykFg",9
"BASTI","KUDARAHA","MANJHARIYA","3153013057/RC/958486255823656442","7552","https://mnregaweb4.nic.in/nregaarch/View_NMMS_atten_date_dtl_rpt.aspx?page=&short_name=UP&state_name=UTTAR%20PRADESH&state_code=31&district_name=BASTI&district_code=3153&block_name=KUDARAHA&block_code=3153013&panchayat_name=MANJHARIYA&panchayat_code=3153013057&fin_year=2025-2026&source=&work_code=3153013057/RC/958486255823656442&msr_no=7552&AttendanceDate=21/03/2026&Digest=K51sVnFgRLLX5Xf8b5lgKA",10
"BASTI","KUDARAHA","BAANPUR","3153013059/RC/958486255823694013","7704","https://mnregaweb4.nic.in/nregaarch/View_NMMS_atten_date_dtl_rpt.aspx?page=&short_name=UP&state_name=UTTAR%20PRADESH&state_code=31&district_name=BASTI&district_code=3153&block_name=KUDARAHA&block_code=3153013&panchayat_name=BAANPUR&panchayat_code=3153013059&fin_year=2025-2026&source=&work_code=3153013059/RC/958486255823694013&msr_no=7704&AttendanceDate=21/03/2026&Digest=/3ve3BWauAt2Od0zJ3k+sA",10
"BASTI","KUDARAHA","BAANPUR","3153013059/RC/958486255823694017","7702","https://mnregaweb4.nic.in/nregaarch/View_NMMS_atten_date_dtl_rpt.aspx?page=&short_name=UP&state_name=UTTAR%20PRADESH&state_code=31&district_name=BASTI&district_code=3153&block_name=KUDARAHA&block_code=3153013&panchayat_name=BAANPUR&panchayat_code=3153013059&fin_year=2025-2026&source=&work_code=3153013059/RC/958486255823694017&msr_no=7702&AttendanceDate=21/03/2026&Digest=iiiVY2XRjApG8FyT2ukGgA",10
"BASTI","KUDARAHA","SISAI PANDIT","3153013068/RC/958486255823672603","7632","https://mnregaweb4.nic.in/nregaarch/View_NMMS_atten_date_dtl_rpt.aspx?page=&short_name=UP&state_name=UTTAR%20PRADESH&state_code=31&district_name=BASTI&district_code=3153&block_name=KUDARAHA&block_code=3153013&panchayat_name=SISAI%20PANDIT&panchayat_code=3153013068&fin_year=2025-2026&source=&work_code=3153013068/RC/958486255823672603&msr_no=7632&AttendanceDate=21/03/2026&Digest=kAxgI5XUFOwSEp61eVlAzw",9
"BASTI","KUDARAHA","PIPARPATI EHATMALI","3153013071/RC/958486255823700979","8015","https://mnregaweb4.nic.in/nregaarch/View_NMMS_atten_date_dtl_rpt.aspx?page=&short_name=UP&state_name=UTTAR%20PRADESH&state_code=31&district_name=BASTI&district_code=3153&block_name=KUDARAHA&block_code=3153013&panchayat_name=PIPARPATI%20EHATMALI&panchayat_code=3153013071&fin_year=2025-2026&source=&work_code=3153013071/RC/958486255823700979&msr_no=8015&AttendanceDate=21/03/2026&Digest=BYzH2uGEuYVxZ4y3VDfmAQ",10
"BASTI","KUDARAHA","PIPARPATI EHATMALI","3153013071/RC/958486255823746235","8019","https://mnregaweb4.nic.in/nregaarch/View_NMMS_atten_date_dtl_rpt.aspx?page=&short_name=UP&state_name=UTTAR%20PRADESH&state_code=31&district_name=BASTI&district_code=3153&block_name=KUDARAHA&block_code=3153013&panchayat_name=PIPARPATI%20EHATMALI&panchayat_code=3153013071&fin_year=2025-2026&source=&work_code=3153013071/RC/958486255823746235&msr_no=8019&AttendanceDate=21/03/2026&Digest=oVMj2voGFL2vs7cDgeF+pg",10
"BASTI","KUDARAHA","PIPARPATI EHATMALI","3153013071/RC/958486255823746235","8022","https://mnregaweb4.nic.in/nregaarch/View_NMMS_atten_date_dtl_rpt.aspx?page=&short_name=UP&state_name=UTTAR%20PRADESH&state_code=31&district_name=BASTI&district_code=3153&block_name=KUDARAHA&block_code=3153013&panchayat_name=PIPARPATI%20EHATMALI&panchayat_code=3153013071&fin_year=2025-2026&source=&work_code=3153013071/RC/958486255823746235&msr_no=8022&AttendanceDate=21/03/2026&Digest=nqFWJtsledD0X7u6IlhN3w",10
"BASTI","KUDARAHA","PIPARPATI EHATMALI","3153013071/RC/958486255823746235","8080","https://mnregaweb4.nic.in/nregaarch/View_NMMS_atten_date_dtl_rpt.aspx?page=&short_name=UP&state_name=UTTAR%20PRADESH&state_code=31&district_name=BASTI&district_code=3153&block_name=KUDARAHA&block_code=3153013&panchayat_name=PIPARPATI%20EHATMALI&panchayat_code=3153013071&fin_year=2025-2026&source=&work_code=3153013071/RC/958486255823746235&msr_no=8080&AttendanceDate=21/03/2026&Digest=MNEgkXq5PHUwFAsV/rEthQ",7
"BASTI","KUDARAHA","HARKHAILIYA URF MATIYARIA","3153013074/RC/YD/958486255823751079","8069","https://mnregaweb4.nic.in/nregaarch/View_NMMS_atten_date_dtl_rpt.aspx?page=&short_name=UP&state_name=UTTAR%20PRADESH&state_code=31&district_name=BASTI&district_code=3153&block_name=KUDARAHA&block_code=3153013&panchayat_name=HARKHAILIYA%20URF%20MATIYARIA&panchayat_code=3153013074&fin_year=2025-2026&source=&work_code=3153013074/RC/YD/958486255823751079&msr_no=8069&AttendanceDate=21/03/2026&Digest=i/oI4JT7MjlePUzs9IPRcg",10
"BASTI","KUDARAHA","DAIJI","3153013078/RC/958486255823742477","7784","https://mnregaweb4.nic.in/nregaarch/View_NMMS_atten_date_dtl_rpt.aspx?page=&short_name=UP&state_name=UTTAR%20PRADESH&state_code=31&district_name=BASTI&district_code=3153&block_name=KUDARAHA&block_code=3153013&panchayat_name=DAIJI&panchayat_code=3153013078&fin_year=2025-2026&source=&work_code=3153013078/RC/958486255823742477&msr_no=7784&AttendanceDate=21/03/2026&Digest=3FlzrF2mxelJ2C8Ramo6XA",8
"BASTI","PARAS RAMPUR","KARANPUR","3153001008/WC/958486255824164398","9236","https://mnregaweb4.nic.in/nregaarch/View_NMMS_atten_date_dtl_rpt.aspx?page=&short_name=UP&state_name=UTTAR%20PRADESH&state_code=31&district_name=BASTI&district_code=3153&block_name=PARAS%20RAMPUR&block_code=3153001&panchayat_name=KARANPUR&panchayat_code=3153001008&fin_year=2025-2026&source=&work_code=3153001008/WC/958486255824164398&msr_no=9236&AttendanceDate=21/03/2026&Digest=mbQEvhlvs3IKoylZ00z3vA",10
"BASTI","PARAS RAMPUR","BELBHARIYA","3153001010/RC/958486255823732335","9385","https://mnregaweb4.nic.in/nregaarch/View_NMMS_atten_date_dtl_rpt.aspx?page=&short_name=UP&state_name=UTTAR%20PRADESH&state_code=31&district_name=BASTI&district_code=3153&block_name=PARAS%20RAMPUR&block_code=3153001&panchayat_name=BELBHARIYA&panchayat_code=3153001010&fin_year=2025-2026&source=&work_code=3153001010/RC/958486255823732335&msr_no=9385&AttendanceDate=21/03/2026&Digest=b5D8ylKRgsVO5CTlUirOkw",2
"BASTI","PARAS RAMPUR","BHAISAHAWA","3153001011/RC/958486255823728162","9377","https://mnregaweb4.nic.in/nregaarch/View_NMMS_atten_date_dtl_rpt.aspx?page=&short_name=UP&state_name=UTTAR%20PRADESH&state_code=31&district_name=BASTI&district_code=3153&block_name=PARAS%20RAMPUR&block_code=3153001&panchayat_name=BHAISAHAWA&panchayat_code=3153001011&fin_year=2025-2026&source=&work_code=3153001011/RC/958486255823728162&msr_no=9377&AttendanceDate=21/03/2026&Digest=PUO4hYiyziy+RwNR0HjYPg",7
"BASTI","PARAS RAMPUR","BICHHIYA MISHRA","3153001013/RC/958486255823737450","9362","https://mnregaweb4.nic.in/nregaarch/View_NMMS_atten_date_dtl_rpt.aspx?page=&short_name=UP&state_name=UTTAR%20PRADESH&state_code=31&district_name=BASTI&district_code=3153&block_name=PARAS%20RAMPUR&block_code=3153001&panchayat_name=BICHHIYA%20MISHRA&panchayat_code=3153001013&fin_year=2025-2026&source=&work_code=3153001013/RC/958486255823737450&msr_no=9362&AttendanceDate=21/03/2026&Digest=TUCGyNT4b5Ub1W1gq10HAg",7
"BASTI","PARAS RAMPUR","BICHNAIYA PANDEY","3153001014/RC/958486255823701145","9531","https://mnregaweb4.nic.in/nregaarch/View_NMMS_atten_date_dtl_rpt.aspx?page=&short_name=UP&state_name=UTTAR%20PRADESH&state_code=31&district_name=BASTI&district_code=3153&block_name=PARAS%20RAMPUR&block_code=3153001&panchayat_name=BICHNAIYA%20PANDEY&panchayat_code=3153001014&fin_year=2025-2026&source=&work_code=3153001014/RC/958486255823701145&msr_no=9531&AttendanceDate=21/03/2026&Digest=fe4CjfMCphJlATUX2WLqSg",7
"BASTI","PARAS RAMPUR","DHURDA JANGAL","3153001021/RC/958486255823727458","9304","https://mnregaweb4.nic.in/nregaarch/View_NMMS_atten_date_dtl_rpt.aspx?page=&short_name=UP&state_name=UTTAR%20PRADESH&state_code=31&district_name=BASTI&district_code=3153&block_name=PARAS%20RAMPUR&block_code=3153001&panchayat_name=DHURDA%20JANGAL&panchayat_code=3153001021&fin_year=2025-2026&source=&work_code=3153001021/RC/958486255823727458&msr_no=9304&AttendanceDate=21/03/2026&Digest=imohB9mOMT0JIIDuPqwyUA",3
"BASTI","PARAS RAMPUR","KARIGHNA","3153001038/RC/958486255823697763","9204","https://mnregaweb4.nic.in/nregaarch/View_NMMS_atten_date_dtl_rpt.aspx?page=&short_name=UP&state_name=UTTAR%20PRADESH&state_code=31&district_name=BASTI&district_code=3153&block_name=PARAS%20RAMPUR&block_code=3153001&panchayat_name=KARIGHNA&panchayat_code=3153001038&fin_year=2025-2026&source=&work_code=3153001038/RC/958486255823697763&msr_no=9204&AttendanceDate=21/03/2026&Digest=ZE5omjTpPsle80EKHBSWKg",5
"BASTI","PARAS RAMPUR","LAKSHIMANPUR KUNWAR","3153001042/RC/958486255823724120","9283","https://mnregaweb4.nic.in/nregaarch/View_NMMS_atten_date_dtl_rpt.aspx?page=&short_name=UP&state_name=UTTAR%20PRADESH&state_code=31&district_name=BASTI&district_code=3153&block_name=PARAS%20RAMPUR&block_code=3153001&panchayat_name=LAKSHIMANPUR%20KUNWAR&panchayat_code=3153001042&fin_year=2025-2026&source=&work_code=3153001042/RC/958486255823724120&msr_no=9283&AttendanceDate=21/03/2026&Digest=mR/1Yz6o21GcMyYu7FLtVQ",3
"BASTI","SALTAUA GOPAL PUR","PARSA KHAL","3153007057/RC/958486255823652950","5407","https://mnregaweb4.nic.in/nregaarch/View_NMMS_atten_date_dtl_rpt.aspx?page=&short_name=UP&state_name=UTTAR%20PRADESH&state_code=31&district_name=BASTI&district_code=3153&block_name=SALTAUA%20GOPAL%20PUR&block_code=3153007&panchayat_name=PARSA%20KHAL&panchayat_code=3153007057&fin_year=2025-2026&source=&work_code=3153007057/RC/958486255823652950&msr_no=5407&AttendanceDate=21/03/2026&Digest=f6fpNHvQSzyQMpHfZjyVkg",7
"BASTI","SALTAUA GOPAL PUR","PARSA KHAL","3153007057/WH/958486255824013365","5413","https://mnregaweb4.nic.in/nregaarch/View_NMMS_atten_date_dtl_rpt.aspx?page=&short_name=UP&state_name=UTTAR%20PRADESH&state_code=31&district_name=BASTI&district_code=3153&block_name=SALTAUA%20GOPAL%20PUR&block_code=3153007&panchayat_name=PARSA%20KHAL&panchayat_code=3153007057&fin_year=2025-2026&source=&work_code=3153007057/WH/958486255824013365&msr_no=5413&AttendanceDate=21/03/2026&Digest=gA4pKjJ7qWu7cedvqIKRtA",7
"BASTI","SALTAUA GOPAL PUR","SANSAR PUR","3153007070/IC/958486255823704747","5353","https://mnregaweb4.nic.in/nregaarch/View_NMMS_atten_date_dtl_rpt.aspx?page=&short_name=UP&state_name=UTTAR%20PRADESH&state_code=31&district_name=BASTI&district_code=3153&block_name=SALTAUA%20GOPAL%20PUR&block_code=3153007&panchayat_name=SANSAR%20PUR&panchayat_code=3153007070&fin_year=2025-2026&source=&work_code=3153007070/IC/958486255823704747&msr_no=5353&AttendanceDate=21/03/2026&Digest=hhgm8SowALwJHRT3IrfiZg",10
"BASTI","SALTAUA GOPAL PUR","SANSAR PUR","3153007070/IC/958486255823704747","5356","https://mnregaweb4.nic.in/nregaarch/View_NMMS_atten_date_dtl_rpt.aspx?page=&short_name=UP&state_name=UTTAR%20PRADESH&state_code=31&district_name=BASTI&district_code=3153&block_name=SALTAUA%20GOPAL%20PUR&block_code=3153007&panchayat_name=SANSAR%20PUR&panchayat_code=3153007070&fin_year=2025-2026&source=&work_code=3153007070/IC/958486255823704747&msr_no=5356&AttendanceDate=21/03/2026&Digest=6urm1iparIh9e8OQMGO11g",8
"BASTI","SAU GHAT","ANDA","3153009002/RC/958486255823626058","3347","https://mnregaweb4.nic.in/nregaarch/View_NMMS_atten_date_dtl_rpt.aspx?page=&short_name=UP&state_name=UTTAR%20PRADESH&state_code=31&district_name=BASTI&district_code=3153&block_name=SAU%20GHAT&block_code=3153009&panchayat_name=ANDA&panchayat_code=3153009002&fin_year=2025-2026&source=&work_code=3153009002/RC/958486255823626058&msr_no=3347&AttendanceDate=21/03/2026&Digest=tAeBDjWG6Jmz4Gv2d54vHw",8
"BASTI","SAU GHAT","BANAK SAHI","3153009006/RC/958486255823654249","3332","https://mnregaweb4.nic.in/nregaarch/View_NMMS_atten_date_dtl_rpt.aspx?page=&short_name=UP&state_name=UTTAR%20PRADESH&state_code=31&district_name=BASTI&district_code=3153&block_name=SAU%20GHAT&block_code=3153009&panchayat_name=BANAK%20SAHI&panchayat_code=3153009006&fin_year=2025-2026&source=&work_code=3153009006/RC/958486255823654249&msr_no=3332&AttendanceDate=21/03/2026&Digest=Nv84RRmOjRvpuz2ehXTrcQ",10
"BASTI","SAU GHAT","MAHSIN","3153009043/RC/958486255823687996","3331","https://mnregaweb4.nic.in/nregaarch/View_NMMS_atten_date_dtl_rpt.aspx?page=&short_name=UP&state_name=UTTAR%20PRADESH&state_code=31&district_name=BASTI&district_code=3153&block_name=SAU%20GHAT&block_code=3153009&panchayat_name=MAHSIN&panchayat_code=3153009043&fin_year=2025-2026&source=&work_code=3153009043/RC/958486255823687996&msr_no=3331&AttendanceDate=21/03/2026&Digest=74MZMiuXG2lU8Zv1ULduCQ",6
"BASTI","SAU GHAT","PARASA HAJJAM","3153009056/RC/958486255823649500","3370","https://mnregaweb4.nic.in/nregaarch/View_NMMS_atten_date_dtl_rpt.aspx?page=&short_name=UP&state_name=UTTAR%20PRADESH&state_code=31&district_name=BASTI&district_code=3153&block_name=SAU%20GHAT&block_code=3153009&panchayat_name=PARASA%20HAJJAM&panchayat_code=3153009056&fin_year=2025-2026&source=&work_code=3153009056/RC/958486255823649500&msr_no=3370&AttendanceDate=21/03/2026&Digest=qU9atd5EalUBT4bCZlQ1eQ",7
"BASTI","VIKRAM JOT","AKLA","3153004001/RC/958486255823748722","5873","https://mnregaweb4.nic.in/nregaarch/View_NMMS_atten_date_dtl_rpt.aspx?page=&short_name=UP&state_name=UTTAR%20PRADESH&state_code=31&district_name=BASTI&district_code=3153&block_name=VIKRAM%20JOT&block_code=3153004&panchayat_name=AKLA&panchayat_code=3153004001&fin_year=2025-2026&source=&work_code=3153004001/RC/958486255823748722&msr_no=5873&AttendanceDate=21/03/2026&Digest=Z7C2ERvXkwadPO8hXkiuBw",8
"BASTI","VIKRAM JOT","DHIRAULI BABU","3153004019/RC/958486255823745146","5723","https://mnregaweb4.nic.in/nregaarch/View_NMMS_atten_date_dtl_rpt.aspx?page=&short_name=UP&state_name=UTTAR%20PRADESH&state_code=31&district_name=BASTI&district_code=3153&block_name=VIKRAM%20JOT&block_code=3153004&panchayat_name=DHIRAULI%20BABU&panchayat_code=3153004019&fin_year=2025-2026&source=&work_code=3153004019/RC/958486255823745146&msr_no=5723&AttendanceDate=21/03/2026&Digest=95o1h4+YsIfczIPaBbs3yg",9
"BASTI","VIKRAM JOT","KHATAMSARAY","3153004034/LD/958486255825003166","5817","https://mnregaweb4.nic.in/nregaarch/View_NMMS_atten_date_dtl_rpt.aspx?page=&short_name=UP&state_name=UTTAR%20PRADESH&state_code=31&district_name=BASTI&district_code=3153&block_name=VIKRAM%20JOT&block_code=3153004&panchayat_name=KHATAMSARAY&panchayat_code=3153004034&fin_year=2025-2026&source=&work_code=3153004034/LD/958486255825003166&msr_no=5817&AttendanceDate=21/03/2026&Digest=Y6WCFRELj3GYD7ICtjPBZQ",2
"BASTI","VIKRAM JOT","KHATAMSARAY","3153004034/RC/958486255823737757","5920","https://mnregaweb4.nic.in/nregaarch/View_NMMS_atten_date_dtl_rpt.aspx?page=&short_name=UP&state_name=UTTAR%20PRADESH&state_code=31&district_name=BASTI&district_code=3153&block_name=VIKRAM%20JOT&block_code=3153004&panchayat_name=KHATAMSARAY&panchayat_code=3153004034&fin_year=2025-2026&source=&work_code=3153004034/RC/958486255823737757&msr_no=5920&AttendanceDate=21/03/2026&Digest=TUcqUBALc7SdjrpghfMYiQ",4
"BASTI","VIKRAM JOT","KHATAMSARAY","3153004034/RC/958486255823743157","5919","https://mnregaweb4.nic.in/nregaarch/View_NMMS_atten_date_dtl_rpt.aspx?page=&short_name=UP&state_name=UTTAR%20PRADESH&state_code=31&district_name=BASTI&district_code=3153&block_name=VIKRAM%20JOT&block_code=3153004&panchayat_name=KHATAMSARAY&panchayat_code=3153004034&fin_year=2025-2026&source=&work_code=3153004034/RC/958486255823743157&msr_no=5919&AttendanceDate=21/03/2026&Digest=SuaZ3GBpGsnFrj6A9DPrrw",5
"BASTI","VIKRAM JOT","KHATAMSARAY","3153004034/RC/958486255823743309","5918","https://mnregaweb4.nic.in/nregaarch/View_NMMS_atten_date_dtl_rpt.aspx?page=&short_name=UP&state_name=UTTAR%20PRADESH&state_code=31&district_name=BASTI&district_code=3153&block_name=VIKRAM%20JOT&block_code=3153004&panchayat_name=KHATAMSARAY&panchayat_code=3153004034&fin_year=2025-2026&source=&work_code=3153004034/RC/958486255823743309&msr_no=5918&AttendanceDate=21/03/2026&Digest=hR3DUCRp9CJzqaGdZqDPoQ",5
"BASTI","VIKRAM JOT","MALHNI","3153004042/WH/958486255823260020","5867","https://mnregaweb4.nic.in/nregaarch/View_NMMS_atten_date_dtl_rpt.aspx?page=&short_name=UP&state_name=UTTAR%20PRADESH&state_code=31&district_name=BASTI&district_code=3153&block_name=VIKRAM%20JOT&block_code=3153004&panchayat_name=MALHNI&panchayat_code=3153004042&fin_year=2025-2026&source=&work_code=3153004042/WH/958486255823260020&msr_no=5867&AttendanceDate=21/03/2026&Digest=JUxmGhdDxkGwVr6dwm0h/w",9
"BASTI","VIKRAM JOT","NAGRABALI","3153004047/RC/958486255823732598","5934","https://mnregaweb4.nic.in/nregaarch/View_NMMS_atten_date_dtl_rpt.aspx?page=&short_name=UP&state_name=UTTAR%20PRADESH&state_code=31&district_name=BASTI&district_code=3153&block_name=VIKRAM%20JOT&block_code=3153004&panchayat_name=NAGRABALI&panchayat_code=3153004047&fin_year=2025-2026&source=&work_code=3153004047/RC/958486255823732598&msr_no=5934&AttendanceDate=21/03/2026&Digest=KHkPeUt57GHfWb/SF+dLbw",6
"BASTI","VIKRAM JOT","PURE CHETAN","3153004053/RC/958486255823731818","5898","https://mnregaweb4.nic.in/nregaarch/View_NMMS_atten_date_dtl_rpt.aspx?page=&short_name=UP&state_name=UTTAR%20PRADESH&state_code=31&district_name=BASTI&district_code=3153&block_name=VIKRAM%20JOT&block_code=3153004&panchayat_name=PURE%20CHETAN&panchayat_code=3153004053&fin_year=2025-2026&source=&work_code=3153004053/RC/958486255823731818&msr_no=5898&AttendanceDate=21/03/2026&Digest=6JZzu/M7/P2NNRiZGkFkdw",5
"BASTI","KUDARAHA","TENUA","3153013064/LD/958486255825009975","7562","https://mnregaweb4.nic.in/nregaarch/View_NMMS_atten_date_dtl_rpt.aspx?page=&short_name=UP&state_name=UTTAR%20PRADESH&state_code=31&district_name=BASTI&district_code=3153&block_name=KUDARAHA&block_code=3153013&panchayat_name=TENUA&panchayat_code=3153013064&fin_year=2025-2026&source=&work_code=3153013064/LD/958486255825009975&msr_no=7562&AttendanceDate=21/03/2026&Digest=3XM+Mg6GH2oDfBEfpjbnVw",10
"BASTI","KUDARAHA","TENUA","3153013064/LD/958486255825009975","7565","https://mnregaweb4.nic.in/nregaarch/View_NMMS_atten_date_dtl_rpt.aspx?page=&short_name=UP&state_name=UTTAR%20PRADESH&state_code=31&district_name=BASTI&district_code=3153&block_name=KUDARAHA&block_code=3153013&panchayat_name=TENUA&panchayat_code=3153013064&fin_year=2025-2026&source=&work_code=3153013064/LD/958486255825009975&msr_no=7565&AttendanceDate=21/03/2026&Digest=Fj+qeZqbJFGAqMQ/k+JxkA",10
"BASTI","KUDARAHA","TENUA","3153013064/RC/958486255823577848","7504","https://mnregaweb4.nic.in/nregaarch/View_NMMS_atten_date_dtl_rpt.aspx?page=&short_name=UP&state_name=UTTAR%20PRADESH&state_code=31&district_name=BASTI&district_code=3153&block_name=KUDARAHA&block_code=3153013&panchayat_name=TENUA&panchayat_code=3153013064&fin_year=2025-2026&source=&work_code=3153013064/RC/958486255823577848&msr_no=7504&AttendanceDate=21/03/2026&Digest=3TEJ5xNTljvxU+XRlC3C3A",3
"BASTI","KUDARAHA","BAIRARA MUSTAHKAM","3153013065/RC/958486255823740362","7950","https://mnregaweb4.nic.in/nregaarch/View_NMMS_atten_date_dtl_rpt.aspx?page=&short_name=UP&state_name=UTTAR%20PRADESH&state_code=31&district_name=BASTI&district_code=3153&block_name=KUDARAHA&block_code=3153013&panchayat_name=BAIRARA%20MUSTAHKAM&panchayat_code=3153013065&fin_year=2025-2026&source=&work_code=3153013065/RC/958486255823740362&msr_no=7950&AttendanceDate=21/03/2026&Digest=aHKVmhkhTl9mJr4LSEbSRw",10
"BASTI","KUDARAHA","BAIRARA MUSTAHKAM","3153013065/RC/958486255823747327","7475","https://mnregaweb4.nic.in/nregaarch/View_NMMS_atten_date_dtl_rpt.aspx?page=&short_name=UP&state_name=UTTAR%20PRADESH&state_code=31&district_name=BASTI&district_code=3153&block_name=KUDARAHA&block_code=3153013&panchayat_name=BAIRARA%20MUSTAHKAM&panchayat_code=3153013065&fin_year=2025-2026&source=&work_code=3153013065/RC/958486255823747327&msr_no=7475&AttendanceDate=21/03/2026&Digest=9vmoD2xYY+8KlQxq8bytDw",6
"BASTI","KUDARAHA","PIPARPATI EHATMALI","3153013071/RC/958486255823700975","7672","https://mnregaweb4.nic.in/nregaarch/View_NMMS_atten_date_dtl_rpt.aspx?page=&short_name=UP&state_name=UTTAR%20PRADESH&state_code=31&district_name=BASTI&district_code=3153&block_name=KUDARAHA&block_code=3153013&panchayat_name=PIPARPATI%20EHATMALI&panchayat_code=3153013071&fin_year=2025-2026&source=&work_code=3153013071/RC/958486255823700975&msr_no=7672&AttendanceDate=21/03/2026&Digest=6wYEhjazIQxyaFAniEzYtA",8
"BASTI","KUDARAHA","PIPARPATI EHATMALI","3153013071/RC/958486255823700979","7934","https://mnregaweb4.nic.in/nregaarch/View_NMMS_atten_date_dtl_rpt.aspx?page=&short_name=UP&state_name=UTTAR%20PRADESH&state_code=31&district_name=BASTI&district_code=3153&block_name=KUDARAHA&block_code=3153013&panchayat_name=PIPARPATI%20EHATMALI&panchayat_code=3153013071&fin_year=2025-2026&source=&work_code=3153013071/RC/958486255823700979&msr_no=7934&AttendanceDate=21/03/2026&Digest=2t7osZOOzCet6O+mGAjeUg",10
"BASTI","KUDARAHA","HARKHAILIYA URF MATIYARIA","3153013074/RC/YD/958486255823746860","7877","https://mnregaweb4.nic.in/nregaarch/View_NMMS_atten_date_dtl_rpt.aspx?page=&short_name=UP&state_name=UTTAR%20PRADESH&state_code=31&district_name=BASTI&district_code=3153&block_name=KUDARAHA&block_code=3153013&panchayat_name=HARKHAILIYA%20URF%20MATIYARIA&panchayat_code=3153013074&fin_year=2025-2026&source=&work_code=3153013074/RC/YD/958486255823746860&msr_no=7877&AttendanceDate=21/03/2026&Digest=94FB06LneaHTaA0TygfkiQ",10
"BASTI","KUDARAHA","HARKHAILIYA URF MATIYARIA","3153013074/RC/YD/958486255823746860","7880","https://mnregaweb4.nic.in/nregaarch/View_NMMS_atten_date_dtl_rpt.aspx?page=&short_name=UP&state_name=UTTAR%20PRADESH&state_code=31&district_name=BASTI&district_code=3153&block_name=KUDARAHA&block_code=3153013&panchayat_name=HARKHAILIYA%20URF%20MATIYARIA&panchayat_code=3153013074&fin_year=2025-2026&source=&work_code=3153013074/RC/YD/958486255823746860&msr_no=7880&AttendanceDate=21/03/2026&Digest=ZAmUUjHa1T/gQNl3hYCFmQ",10
"BASTI","KUDARAHA","HARKHAILIYA URF MATIYARIA","3153013074/RC/YD/958486255823746903","7639","https://mnregaweb4.nic.in/nregaarch/View_NMMS_atten_date_dtl_rpt.aspx?page=&short_name=UP&state_name=UTTAR%20PRADESH&state_code=31&district_name=BASTI&district_code=3153&block_name=KUDARAHA&block_code=3153013&panchayat_name=HARKHAILIYA%20URF%20MATIYARIA&panchayat_code=3153013074&fin_year=2025-2026&source=&work_code=3153013074/RC/YD/958486255823746903&msr_no=7639&AttendanceDate=21/03/2026&Digest=+GOcPACgA96Y6rXDVj7kUw",10
"BASTI","KUDARAHA","HARKHAILIYA URF MATIYARIA","3153013074/RC/YD/958486255823746903","7642","https://mnregaweb4.nic.in/nregaarch/View_NMMS_atten_date_dtl_rpt.aspx?page=&short_name=UP&state_name=UTTAR%20PRADESH&state_code=31&district_name=BASTI&district_code=3153&block_name=KUDARAHA&block_code=3153013&panchayat_name=HARKHAILIYA%20URF%20MATIYARIA&panchayat_code=3153013074&fin_year=2025-2026&source=&work_code=3153013074/RC/YD/958486255823746903&msr_no=7642&AttendanceDate=21/03/2026&Digest=CwAZ61JygyhAdLcybcTcag",5
"BASTI","KUDARAHA","DAIJI","3153013078/LD/958486255824702897","8052","https://mnregaweb4.nic.in/nregaarch/View_NMMS_atten_date_dtl_rpt.aspx?page=&short_name=UP&state_name=UTTAR%20PRADESH&state_code=31&district_name=BASTI&district_code=3153&block_name=KUDARAHA&block_code=3153013&panchayat_name=DAIJI&panchayat_code=3153013078&fin_year=2025-2026&source=&work_code=3153013078/LD/958486255824702897&msr_no=8052&AttendanceDate=21/03/2026&Digest=ART+Dld5fx0ahGJWURPs4g",6
"BASTI","KUDARAHA","DAIJI","3153013078/RC/958486255823747071","7788","https://mnregaweb4.nic.in/nregaarch/View_NMMS_atten_date_dtl_rpt.aspx?page=&short_name=UP&state_name=UTTAR%20PRADESH&state_code=31&district_name=BASTI&district_code=3153&block_name=KUDARAHA&block_code=3153013&panchayat_name=DAIJI&panchayat_code=3153013078&fin_year=2025-2026&source=&work_code=3153013078/RC/958486255823747071&msr_no=7788&AttendanceDate=21/03/2026&Digest=yEWGH6Z6DMdF6X5NXUJtGA",8
"BASTI","PARAS RAMPUR","AMAULI","3153001003/RC/958486255823709358","9244","https://mnregaweb4.nic.in/nregaarch/View_NMMS_atten_date_dtl_rpt.aspx?page=&short_name=UP&state_name=UTTAR%20PRADESH&state_code=31&district_name=BASTI&district_code=3153&block_name=PARAS%20RAMPUR&block_code=3153001&panchayat_name=AMAULI&panchayat_code=3153001003&fin_year=2025-2026&source=&work_code=3153001003/RC/958486255823709358&msr_no=9244&AttendanceDate=21/03/2026&Digest=91U07esU64iwWsrlIwdNqA",3
"BASTI","PARAS RAMPUR","AMAULI","3153001003/RC/958486255823709361","9241","https://mnregaweb4.nic.in/nregaarch/View_NMMS_atten_date_dtl_rpt.aspx?page=&short_name=UP&state_name=UTTAR%20PRADESH&state_code=31&district_name=BASTI&district_code=3153&block_name=PARAS%20RAMPUR&block_code=3153001&panchayat_name=AMAULI&panchayat_code=3153001003&fin_year=2025-2026&source=&work_code=3153001003/RC/958486255823709361&msr_no=9241&AttendanceDate=21/03/2026&Digest=hbMtlHnuOtjyfLmBdcNrbQ",9
"BASTI","PARAS RAMPUR","ARJANIPUR","3153001004/RC/958486255823734626","9459","https://mnregaweb4.nic.in/nregaarch/View_NMMS_atten_date_dtl_rpt.aspx?page=&short_name=UP&state_name=UTTAR%20PRADESH&state_code=31&district_name=BASTI&district_code=3153&block_name=PARAS%20RAMPUR&block_code=3153001&panchayat_name=ARJANIPUR&panchayat_code=3153001004&fin_year=2025-2026&source=&work_code=3153001004/RC/958486255823734626&msr_no=9459&AttendanceDate=21/03/2026&Digest=OijQHljrHyf8muZerGNHTg",10
"BASTI","PARAS RAMPUR","CHAORI","3153001015/LD/958486255825005262","9374","https://mnregaweb4.nic.in/nregaarch/View_NMMS_atten_date_dtl_rpt.aspx?page=&short_name=UP&state_name=UTTAR%20PRADESH&state_code=31&district_name=BASTI&district_code=3153&block_name=PARAS%20RAMPUR&block_code=3153001&panchayat_name=CHAORI&panchayat_code=3153001015&fin_year=2025-2026&source=&work_code=3153001015/LD/958486255825005262&msr_no=9374&AttendanceDate=21/03/2026&Digest=jVwJvR/uOD8d+Wne8Cs2MA",9
"BASTI","PARAS RAMPUR","CHHEDIYAPARA","3153001016/LD/958486255824986999","9584","https://mnregaweb4.nic.in/nregaarch/View_NMMS_atten_date_dtl_rpt.aspx?page=&short_name=UP&state_name=UTTAR%20PRADESH&state_code=31&district_name=BASTI&district_code=3153&block_name=PARAS%20RAMPUR&block_code=3153001&panchayat_name=CHHEDIYAPARA&panchayat_code=3153001016&fin_year=2025-2026&source=&work_code=3153001016/LD/958486255824986999&msr_no=9584&AttendanceDate=21/03/2026&Digest=fUyfGStM6Mk9PZ7iB1LpNw",4
"BASTI","PARAS RAMPUR","CHHEDIYAPARA","3153001016/LD/958486255824986999","9590","https://mnregaweb4.nic.in/nregaarch/View_NMMS_atten_date_dtl_rpt.aspx?page=&short_name=UP&state_name=UTTAR%20PRADESH&state_code=31&district_name=BASTI&district_code=3153&block_name=PARAS%20RAMPUR&block_code=3153001&panchayat_name=CHHEDIYAPARA&panchayat_code=3153001016&fin_year=2025-2026&source=&work_code=3153001016/LD/958486255824986999&msr_no=9590&AttendanceDate=21/03/2026&Digest=3KquXNkwm6hfX+4juFTuSg",9
"BASTI","PARAS RAMPUR","ETAWA","3153001025/RC/958486255823689942","9224","https://mnregaweb4.nic.in/nregaarch/View_NMMS_atten_date_dtl_rpt.aspx?page=&short_name=UP&state_name=UTTAR%20PRADESH&state_code=31&district_name=BASTI&district_code=3153&block_name=PARAS%20RAMPUR&block_code=3153001&panchayat_name=ETAWA&panchayat_code=3153001025&fin_year=2025-2026&source=&work_code=3153001025/RC/958486255823689942&msr_no=9224&AttendanceDate=21/03/2026&Digest=sNe6H77ghkHpCwYpCp0dCw",3
"BASTI","PARAS RAMPUR","GAURA PANDAY","3153001027/WC/958486255824209503","9401","https://mnregaweb4.nic.in/nregaarch/View_NMMS_atten_date_dtl_rpt.aspx?page=&short_name=UP&state_name=UTTAR%20PRADESH&state_code=31&district_name=BASTI&district_code=3153&block_name=PARAS%20RAMPUR&block_code=3153001&panchayat_name=GAURA%20PANDAY&panchayat_code=3153001027&fin_year=2025-2026&source=&work_code=3153001027/WC/958486255824209503&msr_no=9401&AttendanceDate=21/03/2026&Digest=xW05dcg2B0n2ZRGbFL8xLw",5
"BASTI","PARAS RAMPUR","GAURA PANDAY","3153001027/WC/958486255824209503","9404","https://mnregaweb4.nic.in/nregaarch/View_NMMS_atten_date_dtl_rpt.aspx?page=&short_name=UP&state_name=UTTAR%20PRADESH&state_code=31&district_name=BASTI&district_code=3153&block_name=PARAS%20RAMPUR&block_code=3153001&panchayat_name=GAURA%20PANDAY&panchayat_code=3153001027&fin_year=2025-2026&source=&work_code=3153001027/WC/958486255824209503&msr_no=9404&AttendanceDate=21/03/2026&Digest=Xd/r+PueWaRr2F8yEcR0mg",7
"BASTI","PARAS RAMPUR","KADSARA","3153001037/RC/958486255823696825","9278","https://mnregaweb4.nic.in/nregaarch/View_NMMS_atten_date_dtl_rpt.aspx?page=&short_name=UP&state_name=UTTAR%20PRADESH&state_code=31&district_name=BASTI&district_code=3153&block_name=PARAS%20RAMPUR&block_code=3153001&panchayat_name=KADSARA&panchayat_code=3153001037&fin_year=2025-2026&source=&work_code=3153001037/RC/958486255823696825&msr_no=9278&AttendanceDate=21/03/2026&Digest=gsBbS12P69R5uNItUvtpqA",8
"BASTI","PARAS RAMPUR","KADSARA","3153001037/RC/958486255823701846","9382","https://mnregaweb4.nic.in/nregaarch/View_NMMS_atten_date_dtl_rpt.aspx?page=&short_name=UP&state_name=UTTAR%20PRADESH&state_code=31&district_name=BASTI&district_code=3153&block_name=PARAS%20RAMPUR&block_code=3153001&panchayat_name=KADSARA&panchayat_code=3153001037&fin_year=2025-2026&source=&work_code=3153001037/RC/958486255823701846&msr_no=9382&AttendanceDate=21/03/2026&Digest=3Kp5075BRMpuNu4sF26JeA",7
"BASTI","PARAS RAMPUR","KARIGHNA","3153001038/LD/958486255824982417","9200","https://mnregaweb4.nic.in/nregaarch/View_NMMS_atten_date_dtl_rpt.aspx?page=&short_name=UP&state_name=UTTAR%20PRADESH&state_code=31&district_name=BASTI&district_code=3153&block_name=PARAS%20RAMPUR&block_code=3153001&panchayat_name=KARIGHNA&panchayat_code=3153001038&fin_year=2025-2026&source=&work_code=3153001038/LD/958486255824982417&msr_no=9200&AttendanceDate=21/03/2026&Digest=nhs95y0dmRqB/cNL+MGb4g",9
"BASTI","PARAS RAMPUR","LOHRAULI","3153001046/RC/958486255823686639","9560","https://mnregaweb4.nic.in/nregaarch/View_NMMS_atten_date_dtl_rpt.aspx?page=&short_name=UP&state_name=UTTAR%20PRADESH&state_code=31&district_name=BASTI&district_code=3153&block_name=PARAS%20RAMPUR&block_code=3153001&panchayat_name=LOHRAULI&panchayat_code=3153001046&fin_year=2025-2026&source=&work_code=3153001046/RC/958486255823686639&msr_no=9560&AttendanceDate=21/03/2026&Digest=+SF9rEQkgWW2VJyrLVV25A",7
"BASTI","PARAS RAMPUR","NANADNAGAR","3153001056/WH/958486255823988945","9522","https://mnregaweb4.nic.in/nregaarch/View_NMMS_atten_date_dtl_rpt.aspx?page=&short_name=UP&state_name=UTTAR%20PRADESH&state_code=31&district_name=BASTI&district_code=3153&block_name=PARAS%20RAMPUR&block_code=3153001&panchayat_name=NANADNAGAR&panchayat_code=3153001056&fin_year=2025-2026&source=&work_code=3153001056/WH/958486255823988945&msr_no=9522&AttendanceDate=21/03/2026&Digest=gfdn9hC7FryY2Ld+1bk7kA",10
"BASTI","PARAS RAMPUR","NANADNAGAR","3153001056/WH/958486255823988945","9525","https://mnregaweb4.nic.in/nregaarch/View_NMMS_atten_date_dtl_rpt.aspx?page=&short_name=UP&state_name=UTTAR%20PRADESH&state_code=31&district_name=BASTI&district_code=3153&block_name=PARAS%20RAMPUR&block_code=3153001&panchayat_name=NANADNAGAR&panchayat_code=3153001056&fin_year=2025-2026&source=&work_code=3153001056/WH/958486255823988945&msr_no=9525&AttendanceDate=21/03/2026&Digest=ZtvAWDx46c7SJXxIFhKJ0g",9
"BASTI","PARAS RAMPUR","NEWADA","3153001061/LD/958486255824968950","9541","https://mnregaweb4.nic.in/nregaarch/View_NMMS_atten_date_dtl_rpt.aspx?page=&short_name=UP&state_name=UTTAR%20PRADESH&state_code=31&district_name=BASTI&district_code=3153&block_name=PARAS%20RAMPUR&block_code=3153001&panchayat_name=NEWADA&panchayat_code=3153001061&fin_year=2025-2026&source=&work_code=3153001061/LD/958486255824968950&msr_no=9541&AttendanceDate=21/03/2026&Digest=Mo0ZPG+K1H1eB8fX1eyAcw",7
"BASTI","PARAS RAMPUR","PADARI BABU","3153001062/LD/958486255824958230","9427","https://mnregaweb4.nic.in/nregaarch/View_NMMS_atten_date_dtl_rpt.aspx?page=&short_name=UP&state_name=UTTAR%20PRADESH&state_code=31&district_name=BASTI&district_code=3153&block_name=PARAS%20RAMPUR&block_code=3153001&panchayat_name=PADARI%20BABU&panchayat_code=3153001062&fin_year=2025-2026&source=&work_code=3153001062/LD/958486255824958230&msr_no=9427&AttendanceDate=21/03/2026&Digest=YUJ8r328l6AtWWc8RAKE4Q",10
"BASTI","PARAS RAMPUR","PADARI BABU","3153001062/RC/958486255823743924","9397","https://mnregaweb4.nic.in/nregaarch/View_NMMS_atten_date_dtl_rpt.aspx?page=&short_name=UP&state_name=UTTAR%20PRADESH&state_code=31&district_name=BASTI&district_code=3153&block_name=PARAS%20RAMPUR&block_code=3153001&panchayat_name=PADARI%20BABU&panchayat_code=3153001062&fin_year=2025-2026&source=&work_code=3153001062/RC/958486255823743924&msr_no=9397&AttendanceDate=21/03/2026&Digest=P7mcJvB9Ufv2+VYo09C5FA",2
"BASTI","PARAS RAMPUR","RAGHUPUR","3153001067/IC/958486255823741774","9270","https://mnregaweb4.nic.in/nregaarch/View_NMMS_atten_date_dtl_rpt.aspx?page=&short_name=UP&state_name=UTTAR%20PRADESH&state_code=31&district_name=BASTI&district_code=3153&block_name=PARAS%20RAMPUR&block_code=3153001&panchayat_name=RAGHUPUR&panchayat_code=3153001067&fin_year=2025-2026&source=&work_code=3153001067/IC/958486255823741774&msr_no=9270&AttendanceDate=21/03/2026&Digest=kVdWfqtUTP8BheXqBVCiVQ",7
"BASTI","PARAS RAMPUR","RAGHUPUR","3153001067/WC/958486255824249956","9411","https://mnregaweb4.nic.in/nregaarch/View_NMMS_atten_date_dtl_rpt.aspx?page=&short_name=UP&state_name=UTTAR%20PRADESH&state_code=31&district_name=BASTI&district_code=3153&block_name=PARAS%20RAMPUR&block_code=3153001&panchayat_name=RAGHUPUR&panchayat_code=3153001067&fin_year=2025-2026&source=&work_code=3153001067/WC/958486255824249956&msr_no=9411&AttendanceDate=21/03/2026&Digest=EOUWshKx5uqQuee0fAM2BA",9
"BASTI","PARAS RAMPUR","RAGHVAPUR","3153001068/AV/958486255824184571","9414","https://mnregaweb4.nic.in/nregaarch/View_NMMS_atten_date_dtl_rpt.aspx?page=&short_name=UP&state_name=UTTAR%20PRADESH&state_code=31&district_name=BASTI&district_code=3153&block_name=PARAS%20RAMPUR&block_code=3153001&panchayat_name=RAGHVAPUR&panchayat_code=3153001068&fin_year=2025-2026&source=&work_code=3153001068/AV/958486255824184571&msr_no=9414&AttendanceDate=21/03/2026&Digest=qq0vP7hpXdmWbbjbvdXRBg",8
"BASTI","PARAS RAMPUR","RAGHVAPUR","3153001068/IC/958486255823698240","9589","https://mnregaweb4.nic.in/nregaarch/View_NMMS_atten_date_dtl_rpt.aspx?page=&short_name=UP&state_name=UTTAR%20PRADESH&state_code=31&district_name=BASTI&district_code=3153&block_name=PARAS%20RAMPUR&block_code=3153001&panchayat_name=RAGHVAPUR&panchayat_code=3153001068&fin_year=2025-2026&source=&work_code=3153001068/IC/958486255823698240&msr_no=9589&AttendanceDate=21/03/2026&Digest=FWvbVRLVJjw1CQ976KP6BQ",6
"BASTI","PARAS RAMPUR","ROHDA","3153001073/RC/958486255823744276","9501","https://mnregaweb4.nic.in/nregaarch/View_NMMS_atten_date_dtl_rpt.aspx?page=&short_name=UP&state_name=UTTAR%20PRADESH&state_code=31&district_name=BASTI&district_code=3153&block_name=PARAS%20RAMPUR&block_code=3153001&panchayat_name=ROHDA&panchayat_code=3153001073&fin_year=2025-2026&source=&work_code=3153001073/RC/958486255823744276&msr_no=9501&AttendanceDate=21/03/2026&Digest=OqecOt2CdJ8wW6OR4PSp6w",6
"BASTI","PARAS RAMPUR","SIRSAHAWA","3153001076/RC/958486255823745716","9533","https://mnregaweb4.nic.in/nregaarch/View_NMMS_atten_date_dtl_rpt.aspx?page=&short_name=UP&state_name=UTTAR%20PRADESH&state_code=31&district_name=BASTI&district_code=3153&block_name=PARAS%20RAMPUR&block_code=3153001&panchayat_name=SIRSAHAWA&panchayat_code=3153001076&fin_year=2025-2026&source=&work_code=3153001076/RC/958486255823745716&msr_no=9533&AttendanceDate=21/03/2026&Digest=7X9LUO0TMaNpCa8dJ6SE4Q",10
"BASTI","PARAS RAMPUR","UJJAINI","3153001081/LD/958486255824971582","9227","https://mnregaweb4.nic.in/nregaarch/View_NMMS_atten_date_dtl_rpt.aspx?page=&short_name=UP&state_name=UTTAR%20PRADESH&state_code=31&district_name=BASTI&district_code=3153&block_name=PARAS%20RAMPUR&block_code=3153001&panchayat_name=UJJAINI&panchayat_code=3153001081&fin_year=2025-2026&source=&work_code=3153001081/LD/958486255824971582&msr_no=9227&AttendanceDate=21/03/2026&Digest=17q5REPsO48AFmkTXN43tQ",7
"BASTI","PARAS RAMPUR","UJJAINI","3153001081/LD/958486255824971582","9230","https://mnregaweb4.nic.in/nregaarch/View_NMMS_atten_date_dtl_rpt.aspx?page=&short_name=UP&state_name=UTTAR%20PRADESH&state_code=31&district_name=BASTI&district_code=3153&block_name=PARAS%20RAMPUR&block_code=3153001&panchayat_name=UJJAINI&panchayat_code=3153001081&fin_year=2025-2026&source=&work_code=3153001081/LD/958486255824971582&msr_no=9230&AttendanceDate=21/03/2026&Digest=cv646HWlYKGbLAkKOWvzlw",7
"BASTI","PARAS RAMPUR","LACHHIPUR","3153001106/LD/958486255824901004","9292","https://mnregaweb4.nic.in/nregaarch/View_NMMS_atten_date_dtl_rpt.aspx?page=&short_name=UP&state_name=UTTAR%20PRADESH&state_code=31&district_name=BASTI&district_code=3153&block_name=PARAS%20RAMPUR&block_code=3153001&panchayat_name=LACHHIPUR&panchayat_code=3153001106&fin_year=2025-2026&source=&work_code=3153001106/LD/958486255824901004&msr_no=9292&AttendanceDate=21/03/2026&Digest=K05JfnPba+UUPszuddhl8Q",10
"BASTI","RAMNAGAR","AHIRAULA","3153006002/RC/958486255823594264","6130","https://mnregaweb4.nic.in/nregaarch/View_NMMS_atten_date_dtl_rpt.aspx?page=&short_name=UP&state_name=UTTAR%20PRADESH&state_code=31&district_name=BASTI&district_code=3153&block_name=RAMNAGAR&block_code=3153006&panchayat_name=AHIRAULA&panchayat_code=3153006002&fin_year=2025-2026&source=&work_code=3153006002/RC/958486255823594264&msr_no=6130&AttendanceDate=21/03/2026&Digest=WCVYgDyexuaI8vqfBVMTwA",9
"BASTI","RAMNAGAR","LODHAVA","3153006040/LD/958486255824981630","6138","https://mnregaweb4.nic.in/nregaarch/View_NMMS_atten_date_dtl_rpt.aspx?page=&short_name=UP&state_name=UTTAR%20PRADESH&state_code=31&district_name=BASTI&district_code=3153&block_name=RAMNAGAR&block_code=3153006&panchayat_name=LODHAVA&panchayat_code=3153006040&fin_year=2025-2026&source=&work_code=3153006040/LD/958486255824981630&msr_no=6138&AttendanceDate=21/03/2026&Digest=7bz9So673OX1M/L+8G3YCw",3
"BASTI","RAMNAGAR","SAGRA","3153006060/RC/958486255823734707","6120","https://mnregaweb4.nic.in/nregaarch/View_NMMS_atten_date_dtl_rpt.aspx?page=&short_name=UP&state_name=UTTAR%20PRADESH&state_code=31&district_name=BASTI&district_code=3153&block_name=RAMNAGAR&block_code=3153006&panchayat_name=SAGRA&panchayat_code=3153006060&fin_year=2025-2026&source=&work_code=3153006060/RC/958486255823734707&msr_no=6120&AttendanceDate=21/03/2026&Digest=WTcXVLw2FjafoCqg+9+RqA",6
"BASTI","RAMNAGAR","KOLHUIEE","3153006076/RC/958486255823750755","6108","https://mnregaweb4.nic.in/nregaarch/View_NMMS_atten_date_dtl_rpt.aspx?page=&short_name=UP&state_name=UTTAR%20PRADESH&state_code=31&district_name=BASTI&district_code=3153&block_name=RAMNAGAR&block_code=3153006&panchayat_name=KOLHUIEE&panchayat_code=3153006076&fin_year=2025-2026&source=&work_code=3153006076/RC/958486255823750755&msr_no=6108&AttendanceDate=21/03/2026&Digest=iwy0A0kzuKI+fdu/L0OpMQ",1
"BASTI","RUDAULI","AAMWARI","3153008001/WH/958486255824013295","5889","https://mnregaweb4.nic.in/nregaarch/View_NMMS_atten_date_dtl_rpt.aspx?page=&short_name=UP&state_name=UTTAR%20PRADESH&state_code=31&district_name=BASTI&district_code=3153&block_name=RUDAULI&block_code=3153008&panchayat_name=AAMWARI&panchayat_code=3153008001&fin_year=2025-2026&source=&work_code=3153008001/WH/958486255824013295&msr_no=5889&AttendanceDate=21/03/2026&Digest=cgNFna1oWNgQ4Srwp90CMg",1
"BASTI","RUDAULI","ARADA","3153008003/LD/958486255824982208","6013","https://mnregaweb4.nic.in/nregaarch/View_NMMS_atten_date_dtl_rpt.aspx?page=&short_name=UP&state_name=UTTAR%20PRADESH&state_code=31&district_name=BASTI&district_code=3153&block_name=RUDAULI&block_code=3153008&panchayat_name=ARADA&panchayat_code=3153008003&fin_year=2025-2026&source=&work_code=3153008003/LD/958486255824982208&msr_no=6013&AttendanceDate=21/03/2026&Digest=cjx91o39Wi5cjnnuh8pvXQ",6
"BASTI","RUDAULI","BHITEHARA","3153008013/RC/958486255823743222","6005","https://mnregaweb4.nic.in/nregaarch/View_NMMS_atten_date_dtl_rpt.aspx?page=&short_name=UP&state_name=UTTAR%20PRADESH&state_code=31&district_name=BASTI&district_code=3153&block_name=RUDAULI&block_code=3153008&panchayat_name=BHITEHARA&panchayat_code=3153008013&fin_year=2025-2026&source=&work_code=3153008013/RC/958486255823743222&msr_no=6005&AttendanceDate=21/03/2026&Digest=IKqhgf9ED4LLDj18ET31zA",3
"BASTI","RUDAULI","DADWA TIWARI","3153008020/RC/958486255823740211","6186","https://mnregaweb4.nic.in/nregaarch/View_NMMS_atten_date_dtl_rpt.aspx?page=&short_name=UP&state_name=UTTAR%20PRADESH&state_code=31&district_name=BASTI&district_code=3153&block_name=RUDAULI&block_code=3153008&panchayat_name=DADWA%20TIWARI&panchayat_code=3153008020&fin_year=2025-2026&source=&work_code=3153008020/RC/958486255823740211&msr_no=6186&AttendanceDate=21/03/2026&Digest=UzfbKyp9lNAZQLHlnj+Icg",9
"BASTI","RUDAULI","DUMARI","3153008024/WC/958486255824220837","6138","https://mnregaweb4.nic.in/nregaarch/View_NMMS_atten_date_dtl_rpt.aspx?page=&short_name=UP&state_name=UTTAR%20PRADESH&state_code=31&district_name=BASTI&district_code=3153&block_name=RUDAULI&block_code=3153008&panchayat_name=DUMARI&panchayat_code=3153008024&fin_year=2025-2026&source=&work_code=3153008024/WC/958486255824220837&msr_no=6138&AttendanceDate=21/03/2026&Digest=TpMxmCQfJsmVgaKQ0PDj7A",6
"BASTI","RUDAULI","DUMARI","3153008024/WC/958486255824220837","6141","https://mnregaweb4.nic.in/nregaarch/View_NMMS_atten_date_dtl_rpt.aspx?page=&short_name=UP&state_name=UTTAR%20PRADESH&state_code=31&district_name=BASTI&district_code=3153&block_name=RUDAULI&block_code=3153008&panchayat_name=DUMARI&panchayat_code=3153008024&fin_year=2025-2026&source=&work_code=3153008024/WC/958486255824220837&msr_no=6141&AttendanceDate=21/03/2026&Digest=aR1o3zJ+/eKJFLGBXc59Ig",10
"BASTI","RUDAULI","DUMARI","3153008024/WH/958486255824013017","6201","https://mnregaweb4.nic.in/nregaarch/View_NMMS_atten_date_dtl_rpt.aspx?page=&short_name=UP&state_name=UTTAR%20PRADESH&state_code=31&district_name=BASTI&district_code=3153&block_name=RUDAULI&block_code=3153008&panchayat_name=DUMARI&panchayat_code=3153008024&fin_year=2025-2026&source=&work_code=3153008024/WH/958486255824013017&msr_no=6201&AttendanceDate=21/03/2026&Digest=691ay3n6ojUItgqlQTkOBw",10
"BASTI","RUDAULI","HASANI","3153008031/RC/958486255823750097","6073","https://mnregaweb4.nic.in/nregaarch/View_NMMS_atten_date_dtl_rpt.aspx?page=&short_name=UP&state_name=UTTAR%20PRADESH&state_code=31&district_name=BASTI&district_code=3153&block_name=RUDAULI&block_code=3153008&panchayat_name=HASANI&panchayat_code=3153008031&fin_year=2025-2026&source=&work_code=3153008031/RC/958486255823750097&msr_no=6073&AttendanceDate=21/03/2026&Digest=CP5UxXB0Re9HHZPYfqR9+Q",1
"BASTI","RUDAULI","HASANI","3153008031/WH/958486255824010640","5857","https://mnregaweb4.nic.in/nregaarch/View_NMMS_atten_date_dtl_rpt.aspx?page=&short_name=UP&state_name=UTTAR%20PRADESH&state_code=31&district_name=BASTI&district_code=3153&block_name=RUDAULI&block_code=3153008&panchayat_name=HASANI&panchayat_code=3153008031&fin_year=2025-2026&source=&work_code=3153008031/WH/958486255824010640&msr_no=5857&AttendanceDate=21/03/2026&Digest=15NNWKhxPniDZZxEfLSm+w",8
"BASTI","RUDAULI","KUDAHI","3153008039/RC/958486255823698713","6102","https://mnregaweb4.nic.in/nregaarch/View_NMMS_atten_date_dtl_rpt.aspx?page=&short_name=UP&state_name=UTTAR%20PRADESH&state_code=31&district_name=BASTI&district_code=3153&block_name=RUDAULI&block_code=3153008&panchayat_name=KUDAHI&panchayat_code=3153008039&fin_year=2025-2026&source=&work_code=3153008039/RC/958486255823698713&msr_no=6102&AttendanceDate=21/03/2026&Digest=HMiH1eJ5lPSTppLuI8bZbA",10
"BASTI","RUDAULI","MAHUAA PAAR","3153008041/RC/958486255823714154","6038","https://mnregaweb4.nic.in/nregaarch/View_NMMS_atten_date_dtl_rpt.aspx?page=&short_name=UP&state_name=UTTAR%20PRADESH&state_code=31&district_name=BASTI&district_code=3153&block_name=RUDAULI&block_code=3153008&panchayat_name=MAHUAA%20PAAR&panchayat_code=3153008041&fin_year=2025-2026&source=&work_code=3153008041/RC/958486255823714154&msr_no=6038&AttendanceDate=21/03/2026&Digest=6Vp5c0s25006CviFP3/1IA",6
"BASTI","RUDAULI","MAHUAA PAAR","3153008041/RC/958486255823714154","6166","https://mnregaweb4.nic.in/nregaarch/View_NMMS_atten_date_dtl_rpt.aspx?page=&short_name=UP&state_name=UTTAR%20PRADESH&state_code=31&district_name=BASTI&district_code=3153&block_name=RUDAULI&block_code=3153008&panchayat_name=MAHUAA%20PAAR&panchayat_code=3153008041&fin_year=2025-2026&source=&work_code=3153008041/RC/958486255823714154&msr_no=6166&AttendanceDate=21/03/2026&Digest=ckrweMZTpNMjCJgh7cIMcw",9
"BASTI","RUDAULI","MAHUAA PAAR","3153008041/RC/958486255823714155","6176","https://mnregaweb4.nic.in/nregaarch/View_NMMS_atten_date_dtl_rpt.aspx?page=&short_name=UP&state_name=UTTAR%20PRADESH&state_code=31&district_name=BASTI&district_code=3153&block_name=RUDAULI&block_code=3153008&panchayat_name=MAHUAA%20PAAR&panchayat_code=3153008041&fin_year=2025-2026&source=&work_code=3153008041/RC/958486255823714155&msr_no=6176&AttendanceDate=21/03/2026&Digest=IF5Z1WqDxIY8B+jJ3JcGsA",9
"BASTI","RUDAULI","PADARI","3153008052/RC/958486255823713423","6121","https://mnregaweb4.nic.in/nregaarch/View_NMMS_atten_date_dtl_rpt.aspx?page=&short_name=UP&state_name=UTTAR%20PRADESH&state_code=31&district_name=BASTI&district_code=3153&block_name=RUDAULI&block_code=3153008&panchayat_name=PADARI&panchayat_code=3153008052&fin_year=2025-2026&source=&work_code=3153008052/RC/958486255823713423&msr_no=6121&AttendanceDate=21/03/2026&Digest=4ZpOzuo8Xqas6RS4Fm1uhg",2
"BASTI","RUDAULI","PADARI","3153008052/RC/958486255823713425","6115","https://mnregaweb4.nic.in/nregaarch/View_NMMS_atten_date_dtl_rpt.aspx?page=&short_name=UP&state_name=UTTAR%20PRADESH&state_code=31&district_name=BASTI&district_code=3153&block_name=RUDAULI&block_code=3153008&panchayat_name=PADARI&panchayat_code=3153008052&fin_year=2025-2026&source=&work_code=3153008052/RC/958486255823713425&msr_no=6115&AttendanceDate=21/03/2026&Digest=7Fxm+r71wDWThzbusm2BhQ",5
"BASTI","RUDAULI","PADARI","3153008052/RC/958486255823716448","6117","https://mnregaweb4.nic.in/nregaarch/View_NMMS_atten_date_dtl_rpt.aspx?page=&short_name=UP&state_name=UTTAR%20PRADESH&state_code=31&district_name=BASTI&district_code=3153&block_name=RUDAULI&block_code=3153008&panchayat_name=PADARI&panchayat_code=3153008052&fin_year=2025-2026&source=&work_code=3153008052/RC/958486255823716448&msr_no=6117&AttendanceDate=21/03/2026&Digest=o30YwBQ+Vwp835M2vx+K4g",3
"BASTI","RUDAULI","SEHUDA KALA","3153008064/WC/958486255824246148","5895","https://mnregaweb4.nic.in/nregaarch/View_NMMS_atten_date_dtl_rpt.aspx?page=&short_name=UP&state_name=UTTAR%20PRADESH&state_code=31&district_name=BASTI&district_code=3153&block_name=RUDAULI&block_code=3153008&panchayat_name=SEHUDA%20KALA&panchayat_code=3153008064&fin_year=2025-2026&source=&work_code=3153008064/WC/958486255824246148&msr_no=5895&AttendanceDate=21/03/2026&Digest=lEjdT23Yh1m7kGyFW5tC2w",9
"BASTI","RUDAULI","SURVAR KHURD","3153008066/RC/958486255823631346","6047","https://mnregaweb4.nic.in/nregaarch/View_NMMS_atten_date_dtl_rpt.aspx?page=&short_name=UP&state_name=UTTAR%20PRADESH&state_code=31&district_name=BASTI&district_code=3153&block_name=RUDAULI&block_code=3153008&panchayat_name=SURVAR%20KHURD&panchayat_code=3153008066&fin_year=2025-2026&source=&work_code=3153008066/RC/958486255823631346&msr_no=6047&AttendanceDate=21/03/2026&Digest=5ScPsvDtmGm0+luBHF+GMg",6
"BASTI","RUDAULI","CHAND CHAUR","3153008077/RC/958486255823748092","6127","https://mnregaweb4.nic.in/nregaarch/View_NMMS_atten_date_dtl_rpt.aspx?page=&short_name=UP&state_name=UTTAR%20PRADESH&state_code=31&district_name=BASTI&district_code=3153&block_name=RUDAULI&block_code=3153008&panchayat_name=CHAND%20CHAUR&panchayat_code=3153008077&fin_year=2025-2026&source=&work_code=3153008077/RC/958486255823748092&msr_no=6127&AttendanceDate=21/03/2026&Digest=yE+nBTAIirV4HmOEKDhzcA",3
"BASTI","SALTAUA GOPAL PUR","AJGAIWA JUNGAL","3153007004/AV/958486255824153968","5447","https://mnregaweb4.nic.in/nregaarch/View_NMMS_atten_date_dtl_rpt.aspx?page=&short_name=UP&state_name=UTTAR%20PRADESH&state_code=31&district_name=BASTI&district_code=3153&block_name=SALTAUA%20GOPAL%20PUR&block_code=3153007&panchayat_name=AJGAIWA%20JUNGAL&panchayat_code=3153007004&fin_year=2025-2026&source=&work_code=3153007004/AV/958486255824153968&msr_no=5447&AttendanceDate=21/03/2026&Digest=GPZYDTc9YWIWglqjae5laQ",3
"BASTI","SALTAUA GOPAL PUR","AMRAULI SHUMALI","3153007006/DP/958486255824204315","5504","https://mnregaweb4.nic.in/nregaarch/View_NMMS_atten_date_dtl_rpt.aspx?page=&short_name=UP&state_name=UTTAR%20PRADESH&state_code=31&district_name=BASTI&district_code=3153&block_name=SALTAUA%20GOPAL%20PUR&block_code=3153007&panchayat_name=AMRAULI%20SHUMALI&panchayat_code=3153007006&fin_year=2025-2026&source=&work_code=3153007006/DP/958486255824204315&msr_no=5504&AttendanceDate=21/03/2026&Digest=IOPKqcgYtijpBOPRza6M3Q",3
"BASTI","SALTAUA GOPAL PUR","BANJARIYA","3153007010/RC/958486255823740667","5441","https://mnregaweb4.nic.in/nregaarch/View_NMMS_atten_date_dtl_rpt.aspx?page=&short_name=UP&state_name=UTTAR%20PRADESH&state_code=31&district_name=BASTI&district_code=3153&block_name=SALTAUA%20GOPAL%20PUR&block_code=3153007&panchayat_name=BANJARIYA&panchayat_code=3153007010&fin_year=2025-2026&source=&work_code=3153007010/RC/958486255823740667&msr_no=5441&AttendanceDate=21/03/2026&Digest=xaQgx8jgmTykTwpzz4G3DA",4
"BASTI","SALTAUA GOPAL PUR","JOGIA JUDI KUAIYA","3153007034/WH/958486255824010482","5384","https://mnregaweb4.nic.in/nregaarch/View_NMMS_atten_date_dtl_rpt.aspx?page=&short_name=UP&state_name=UTTAR%20PRADESH&state_code=31&district_name=BASTI&district_code=3153&block_name=SALTAUA%20GOPAL%20PUR&block_code=3153007&panchayat_name=JOGIA%20JUDI%20KUAIYA&panchayat_code=3153007034&fin_year=2025-2026&source=&work_code=3153007034/WH/958486255824010482&msr_no=5384&AttendanceDate=21/03/2026&Digest=67GfyRCQ4TuTIt6CNk0qvw",4
"BASTI","SALTAUA GOPAL PUR","SANSAR PUR","3153007070/IC/958486255823704747","5354","https://mnregaweb4.nic.in/nregaarch/View_NMMS_atten_date_dtl_rpt.aspx?page=&short_name=UP&state_name=UTTAR%20PRADESH&state_code=31&district_name=BASTI&district_code=3153&block_name=SALTAUA%20GOPAL%20PUR&block_code=3153007&panchayat_name=SANSAR%20PUR&panchayat_code=3153007070&fin_year=2025-2026&source=&work_code=3153007070/IC/958486255823704747&msr_no=5354&AttendanceDate=21/03/2026&Digest=xSEQrbGhilB7tuZTwtXNpQ",10
"BASTI","SALTAUA GOPAL PUR","SUBHAI","3153007078/RC/958486255823677087","5499","https://mnregaweb4.nic.in/nregaarch/View_NMMS_atten_date_dtl_rpt.aspx?page=&short_name=UP&state_name=UTTAR%20PRADESH&state_code=31&district_name=BASTI&district_code=3153&block_name=SALTAUA%20GOPAL%20PUR&block_code=3153007&panchayat_name=SUBHAI&panchayat_code=3153007078&fin_year=2025-2026&source=&work_code=3153007078/RC/958486255823677087&msr_no=5499&AttendanceDate=21/03/2026&Digest=vteFhaURz/4QF1JYs23+4w",9
"BASTI","SAU GHAT","MAHSIN","3153009043/RC/958486255823688003","3360","https://mnregaweb4.nic.in/nregaarch/View_NMMS_atten_date_dtl_rpt.aspx?page=&short_name=UP&state_name=UTTAR%20PRADESH&state_code=31&district_name=BASTI&district_code=3153&block_name=SAU%20GHAT&block_code=3153009&panchayat_name=MAHSIN&panchayat_code=3153009043&fin_year=2025-2026&source=&work_code=3153009043/RC/958486255823688003&msr_no=3360&AttendanceDate=21/03/2026&Digest=cmrM4H8AIZ8VIknGxw3Ohg",9
"BASTI","VIKRAM JOT","BATAULI","3153004009/RC/958486255823729774","5752","https://mnregaweb4.nic.in/nregaarch/View_NMMS_atten_date_dtl_rpt.aspx?page=&short_name=UP&state_name=UTTAR%20PRADESH&state_code=31&district_name=BASTI&district_code=3153&block_name=VIKRAM%20JOT&block_code=3153004&panchayat_name=BATAULI&panchayat_code=3153004009&fin_year=2025-2026&source=&work_code=3153004009/RC/958486255823729774&msr_no=5752&AttendanceDate=21/03/2026&Digest=UWtB+6ya6agg6O98Aa39Cg",6
"BASTI","VIKRAM JOT","BATAULI","3153004009/RC/958486255823729776","5845","https://mnregaweb4.nic.in/nregaarch/View_NMMS_atten_date_dtl_rpt.aspx?page=&short_name=UP&state_name=UTTAR%20PRADESH&state_code=31&district_name=BASTI&district_code=3153&block_name=VIKRAM%20JOT&block_code=3153004&panchayat_name=BATAULI&panchayat_code=3153004009&fin_year=2025-2026&source=&work_code=3153004009/RC/958486255823729776&msr_no=5845&AttendanceDate=21/03/2026&Digest=KsMv0V0eX9pXI2t5ck/Wbg",6
"BASTI","VIKRAM JOT","DEVKHAL","3153004017/RC/958486255823727064","5732","https://mnregaweb4.nic.in/nregaarch/View_NMMS_atten_date_dtl_rpt.aspx?page=&short_name=UP&state_name=UTTAR%20PRADESH&state_code=31&district_name=BASTI&district_code=3153&block_name=VIKRAM%20JOT&block_code=3153004&panchayat_name=DEVKHAL&panchayat_code=3153004017&fin_year=2025-2026&source=&work_code=3153004017/RC/958486255823727064&msr_no=5732&AttendanceDate=21/03/2026&Digest=z0mhPPOsKhp6sV4MD2Hpbw",5
"BASTI","VIKRAM JOT","DHAURAHRA CHAUHAN","3153004018/LD/958486255824989950","5958","https://mnregaweb4.nic.in/nregaarch/View_NMMS_atten_date_dtl_rpt.aspx?page=&short_name=UP&state_name=UTTAR%20PRADESH&state_code=31&district_name=BASTI&district_code=3153&block_name=VIKRAM%20JOT&block_code=3153004&panchayat_name=DHAURAHRA%20CHAUHAN&panchayat_code=3153004018&fin_year=2025-2026&source=&work_code=3153004018/LD/958486255824989950&msr_no=5958&AttendanceDate=21/03/2026&Digest=UNr0TpusFv+VavOPzealjQ",9
"BASTI","VIKRAM JOT","DHIRAULI BABU","3153004019/RC/958486255823745146","5724","https://mnregaweb4.nic.in/nregaarch/View_NMMS_atten_date_dtl_rpt.aspx?page=&short_name=UP&state_name=UTTAR%20PRADESH&state_code=31&district_name=BASTI&district_code=3153&block_name=VIKRAM%20JOT&block_code=3153004&panchayat_name=DHIRAULI%20BABU&panchayat_code=3153004019&fin_year=2025-2026&source=&work_code=3153004019/RC/958486255823745146&msr_no=5724&AttendanceDate=21/03/2026&Digest=hUR6QJ/7ka54RkCU007I8w",6
"BASTI","VIKRAM JOT","DEVKHAR","3153004026/RC/958486255823706201","5892","https://mnregaweb4.nic.in/nregaarch/View_NMMS_atten_date_dtl_rpt.aspx?page=&short_name=UP&state_name=UTTAR%20PRADESH&state_code=31&district_name=BASTI&district_code=3153&block_name=VIKRAM%20JOT&block_code=3153004&panchayat_name=DEVKHAR&panchayat_code=3153004026&fin_year=2025-2026&source=&work_code=3153004026/RC/958486255823706201&msr_no=5892&AttendanceDate=21/03/2026&Digest=5EgD3MIr/iOjyTduQ0/sGg",3
"BASTI","VIKRAM JOT","KHATAMSARAY","3153004034/LD/958486255824995840","5783","https://mnregaweb4.nic.in/nregaarch/View_NMMS_atten_date_dtl_rpt.aspx?page=&short_name=UP&state_name=UTTAR%20PRADESH&state_code=31&district_name=BASTI&district_code=3153&block_name=VIKRAM%20JOT&block_code=3153004&panchayat_name=KHATAMSARAY&panchayat_code=3153004034&fin_year=2025-2026&source=&work_code=3153004034/LD/958486255824995840&msr_no=5783&AttendanceDate=21/03/2026&Digest=tyoNLVlGYjyGOG++oKMyoA",9
"BASTI","VIKRAM JOT","MAJHILGAON","3153004041/WH/958486255823985133","5773","https://mnregaweb4.nic.in/nregaarch/View_NMMS_atten_date_dtl_rpt.aspx?page=&short_name=UP&state_name=UTTAR%20PRADESH&state_code=31&district_name=BASTI&district_code=3153&block_name=VIKRAM%20JOT&block_code=3153004&panchayat_name=MAJHILGAON&panchayat_code=3153004041&fin_year=2025-2026&source=&work_code=3153004041/WH/958486255823985133&msr_no=5773&AttendanceDate=21/03/2026&Digest=laWaTt2nK4OHVqCoaR/4Gg",2
"BASTI","VIKRAM JOT","MALHNI","3153004042/RC/958486255823737150","5872","https://mnregaweb4.nic.in/nregaarch/View_NMMS_atten_date_dtl_rpt.aspx?page=&short_name=UP&state_name=UTTAR%20PRADESH&state_code=31&district_name=BASTI&district_code=3153&block_name=VIKRAM%20JOT&block_code=3153004&panchayat_name=MALHNI&panchayat_code=3153004042&fin_year=2025-2026&source=&work_code=3153004042/RC/958486255823737150&msr_no=5872&AttendanceDate=21/03/2026&Digest=D3EqViss2XXyWmqzB3YqgQ",8
"BASTI","PARAS RAMPUR","MAJGAUWNA MAFI","3153001050/WC/958486255824250036","9192","https://mnregaweb4.nic.in/nregaarch/View_NMMS_atten_date_dtl_rpt.aspx?page=&short_name=UP&state_name=UTTAR%20PRADESH&state_code=31&district_name=BASTI&district_code=3153&block_name=PARAS%20RAMPUR&block_code=3153001&panchayat_name=MAJGAUWNA%20%20MAFI&panchayat_code=3153001050&fin_year=2025-2026&source=&work_code=3153001050/WC/958486255824250036&msr_no=9192&AttendanceDate=21/03/2026&Digest=TSC+PwgNRtzHwCqD3Ji6jw",3
"BASTI","PARAS RAMPUR","NEVRIRAM BAKSH","3153001060/AV/958486255824160584","9565","https://mnregaweb4.nic.in/nregaarch/View_NMMS_atten_date_dtl_rpt.aspx?page=&short_name=UP&state_name=UTTAR%20PRADESH&state_code=31&district_name=BASTI&district_code=3153&block_name=PARAS%20RAMPUR&block_code=3153001&panchayat_name=NEVRIRAM%20BAKSH&panchayat_code=3153001060&fin_year=2025-2026&source=&work_code=3153001060/AV/958486255824160584&msr_no=9565&AttendanceDate=21/03/2026&Digest=RC7Yo1HopTEXflcKXyslCg",9
"BASTI","PARAS RAMPUR","NEWADA","3153001061/LD/958486255824859956","9544","https://mnregaweb4.nic.in/nregaarch/View_NMMS_atten_date_dtl_rpt.aspx?page=&short_name=UP&state_name=UTTAR%20PRADESH&state_code=31&district_name=BASTI&district_code=3153&block_name=PARAS%20RAMPUR&block_code=3153001&panchayat_name=NEWADA&panchayat_code=3153001061&fin_year=2025-2026&source=&work_code=3153001061/LD/958486255824859956&msr_no=9544&AttendanceDate=21/03/2026&Digest=m2vbmcJn4UK/VQW2CFdQaQ",7
"BASTI","PARAS RAMPUR","PARSURAMPUR","3153001064/RC/958486255823732685","9643","https://mnregaweb4.nic.in/nregaarch/View_NMMS_atten_date_dtl_rpt.aspx?page=&short_name=UP&state_name=UTTAR%20PRADESH&state_code=31&district_name=BASTI&district_code=3153&block_name=PARAS%20RAMPUR&block_code=3153001&panchayat_name=PARSURAMPUR&panchayat_code=3153001064&fin_year=2025-2026&source=&work_code=3153001064/RC/958486255823732685&msr_no=9643&AttendanceDate=21/03/2026&Digest=7SzmjF+tIdoPsm+8fkGDhA",8
"BASTI","PARAS RAMPUR","RAGHVAPUR","3153001068/LD/958486255824935221","9268","https://mnregaweb4.nic.in/nregaarch/View_NMMS_atten_date_dtl_rpt.aspx?page=&short_name=UP&state_name=UTTAR%20PRADESH&state_code=31&district_name=BASTI&district_code=3153&block_name=PARAS%20RAMPUR&block_code=3153001&panchayat_name=RAGHVAPUR&panchayat_code=3153001068&fin_year=2025-2026&source=&work_code=3153001068/LD/958486255824935221&msr_no=9268&AttendanceDate=21/03/2026&Digest=KBosFH2XbrjcmJCvSzUKMw",5
"BASTI","PARAS RAMPUR","UJJAINI","3153001081/LD/958486255824971580","9348","https://mnregaweb4.nic.in/nregaarch/View_NMMS_atten_date_dtl_rpt.aspx?page=&short_name=UP&state_name=UTTAR%20PRADESH&state_code=31&district_name=BASTI&district_code=3153&block_name=PARAS%20RAMPUR&block_code=3153001&panchayat_name=UJJAINI&panchayat_code=3153001081&fin_year=2025-2026&source=&work_code=3153001081/LD/958486255824971580&msr_no=9348&AttendanceDate=21/03/2026&Digest=nNMz0FD7arFojZmn/N5g+w",9
"BASTI","PARAS RAMPUR","BILARI BHITI","3153001092/WC/958486255823409958","9299","https://mnregaweb4.nic.in/nregaarch/View_NMMS_atten_date_dtl_rpt.aspx?page=&short_name=UP&state_name=UTTAR%20PRADESH&state_code=31&district_name=BASTI&district_code=3153&block_name=PARAS%20RAMPUR&block_code=3153001&panchayat_name=BILARI%20BHITI&panchayat_code=3153001092&fin_year=2025-2026&source=&work_code=3153001092/WC/958486255823409958&msr_no=9299&AttendanceDate=21/03/2026&Digest=seSJkl1mjg6sLBaV/fn/OA",10
"BASTI","PARAS RAMPUR","BILARI BHITI","3153001092/WC/958486255823409958","9302","https://mnregaweb4.nic.in/nregaarch/View_NMMS_atten_date_dtl_rpt.aspx?page=&short_name=UP&state_name=UTTAR%20PRADESH&state_code=31&district_name=BASTI&district_code=3153&block_name=PARAS%20RAMPUR&block_code=3153001&panchayat_name=BILARI%20BHITI&panchayat_code=3153001092&fin_year=2025-2026&source=&work_code=3153001092/WC/958486255823409958&msr_no=9302&AttendanceDate=21/03/2026&Digest=sbLj1pUA4Fx20A4xqx7y6g",4
"BASTI","PARAS RAMPUR","PITUDA","3153001093/LD/958486255824888940","9221","https://mnregaweb4.nic.in/nregaarch/View_NMMS_atten_date_dtl_rpt.aspx?page=&short_name=UP&state_name=UTTAR%20PRADESH&state_code=31&district_name=BASTI&district_code=3153&block_name=PARAS%20RAMPUR&block_code=3153001&panchayat_name=PITUDA&panchayat_code=3153001093&fin_year=2025-2026&source=&work_code=3153001093/LD/958486255824888940&msr_no=9221&AttendanceDate=21/03/2026&Digest=1SlX/polL38bMwtvCjYW/A",9
"BASTI","PARAS RAMPUR","PITUDA","3153001093/RC/958486255823643998","9650","https://mnregaweb4.nic.in/nregaarch/View_NMMS_atten_date_dtl_rpt.aspx?page=&short_name=UP&state_name=UTTAR%20PRADESH&state_code=31&district_name=BASTI&district_code=3153&block_name=PARAS%20RAMPUR&block_code=3153001&panchayat_name=PITUDA&panchayat_code=3153001093&fin_year=2025-2026&source=&work_code=3153001093/RC/958486255823643998&msr_no=9650&AttendanceDate=21/03/2026&Digest=qXkLQhGGMclA4jhw1uHoog",7
"BASTI","PARAS RAMPUR","RAMPUR NAV NIDHI RAI","3153001096/LD/958486255824671641","9616","https://mnregaweb4.nic.in/nregaarch/View_NMMS_atten_date_dtl_rpt.aspx?page=&short_name=UP&state_name=UTTAR%20PRADESH&state_code=31&district_name=BASTI&district_code=3153&block_name=PARAS%20RAMPUR&block_code=3153001&panchayat_name=RAMPUR%20NAV%20NIDHI%20RAI&panchayat_code=3153001096&fin_year=2025-2026&source=&work_code=3153001096/LD/958486255824671641&msr_no=9616&AttendanceDate=21/03/2026&Digest=dvUHTcAY8jaFwyBtWHDL3A",10
"BASTI","PARAS RAMPUR","SEHARIYA MADHUKARPUR","3153001097/LD/958486255824741358","9611","https://mnregaweb4.nic.in/nregaarch/View_NMMS_atten_date_dtl_rpt.aspx?page=&short_name=UP&state_name=UTTAR%20PRADESH&state_code=31&district_name=BASTI&district_code=3153&block_name=PARAS%20RAMPUR&block_code=3153001&panchayat_name=SEHARIYA%20MADHUKARPUR&panchayat_code=3153001097&fin_year=2025-2026&source=&work_code=3153001097/LD/958486255824741358&msr_no=9611&AttendanceDate=21/03/2026&Digest=gRhOM1c71bEDA7ZJlCtkeg",2
"BASTI","PARAS RAMPUR","TALHVAPUR","3153001101/RC/958486255823741272","9550","https://mnregaweb4.nic.in/nregaarch/View_NMMS_atten_date_dtl_rpt.aspx?page=&short_name=UP&state_name=UTTAR%20PRADESH&state_code=31&district_name=BASTI&district_code=3153&block_name=PARAS%20RAMPUR&block_code=3153001&panchayat_name=TALHVAPUR&panchayat_code=3153001101&fin_year=2025-2026&source=&work_code=3153001101/RC/958486255823741272&msr_no=9550&AttendanceDate=21/03/2026&Digest=K5avP9Vu+De0XzVbo477sw",7
"BASTI","PARAS RAMPUR","JAMOLIYA PANDEY","3153001102/RC/958486255823726351","9526","https://mnregaweb4.nic.in/nregaarch/View_NMMS_atten_date_dtl_rpt.aspx?page=&short_name=UP&state_name=UTTAR%20PRADESH&state_code=31&district_name=BASTI&district_code=3153&block_name=PARAS%20RAMPUR&block_code=3153001&panchayat_name=JAMOLIYA%20PANDEY&panchayat_code=3153001102&fin_year=2025-2026&source=&work_code=3153001102/RC/958486255823726351&msr_no=9526&AttendanceDate=21/03/2026&Digest=41VNM1F9469b9Vx6nVf5gA",1
"BASTI","PARAS RAMPUR","JAMOLIYA PANDEY","3153001102/RC/958486255823726351","9529","https://mnregaweb4.nic.in/nregaarch/View_NMMS_atten_date_dtl_rpt.aspx?page=&short_name=UP&state_name=UTTAR%20PRADESH&state_code=31&district_name=BASTI&district_code=3153&block_name=PARAS%20RAMPUR&block_code=3153001&panchayat_name=JAMOLIYA%20PANDEY&panchayat_code=3153001102&fin_year=2025-2026&source=&work_code=3153001102/RC/958486255823726351&msr_no=9529&AttendanceDate=21/03/2026&Digest=i450HPM57gk/fFzdX5Qn8A",9
"BASTI","PARAS RAMPUR","LACHHIPUR","3153001106/LD/958486255824900960","9288","https://mnregaweb4.nic.in/nregaarch/View_NMMS_atten_date_dtl_rpt.aspx?page=&short_name=UP&state_name=UTTAR%20PRADESH&state_code=31&district_name=BASTI&district_code=3153&block_name=PARAS%20RAMPUR&block_code=3153001&panchayat_name=LACHHIPUR&panchayat_code=3153001106&fin_year=2025-2026&source=&work_code=3153001106/LD/958486255824900960&msr_no=9288&AttendanceDate=21/03/2026&Digest=akRxORM5B05s0ySnkBN0iQ",9
"BASTI","PARAS RAMPUR","LACHHIPUR","3153001106/RC/958486255823730898","9297","https://mnregaweb4.nic.in/nregaarch/View_NMMS_atten_date_dtl_rpt.aspx?page=&short_name=UP&state_name=UTTAR%20PRADESH&state_code=31&district_name=BASTI&district_code=3153&block_name=PARAS%20RAMPUR&block_code=3153001&panchayat_name=LACHHIPUR&panchayat_code=3153001106&fin_year=2025-2026&source=&work_code=3153001106/RC/958486255823730898&msr_no=9297&AttendanceDate=21/03/2026&Digest=2yJOyUeDLsbtFIoDJGNEIQ",10
"BASTI","RAMNAGAR","AHIRAULA","3153006002/RC/958486255823566756","6125","https://mnregaweb4.nic.in/nregaarch/View_NMMS_atten_date_dtl_rpt.aspx?page=&short_name=UP&state_name=UTTAR%20PRADESH&state_code=31&district_name=BASTI&district_code=3153&block_name=RAMNAGAR&block_code=3153006&panchayat_name=AHIRAULA&panchayat_code=3153006002&fin_year=2025-2026&source=&work_code=3153006002/RC/958486255823566756&msr_no=6125&AttendanceDate=21/03/2026&Digest=t69f15i/Y6L98Zvwtj/+aw",9
"BASTI","RAMNAGAR","AHIRAULA","3153006002/RC/958486255823713516","6144","https://mnregaweb4.nic.in/nregaarch/View_NMMS_atten_date_dtl_rpt.aspx?page=&short_name=UP&state_name=UTTAR%20PRADESH&state_code=31&district_name=BASTI&district_code=3153&block_name=RAMNAGAR&block_code=3153006&panchayat_name=AHIRAULA&panchayat_code=3153006002&fin_year=2025-2026&source=&work_code=3153006002/RC/958486255823713516&msr_no=6144&AttendanceDate=21/03/2026&Digest=Snzb3ZPW8ZlL4jym9twjxg",9
"BASTI","RAMNAGAR","CHAISAR","3153006020/WC/958486255824226707","5986","https://mnregaweb4.nic.in/nregaarch/View_NMMS_atten_date_dtl_rpt.aspx?page=&short_name=UP&state_name=UTTAR%20PRADESH&state_code=31&district_name=BASTI&district_code=3153&block_name=RAMNAGAR&block_code=3153006&panchayat_name=CHAISAR&panchayat_code=3153006020&fin_year=2025-2026&source=&work_code=3153006020/WC/958486255824226707&msr_no=5986&AttendanceDate=21/03/2026&Digest=0pRwHM9nVflg1qRIoesY4g",7
"BASTI","RAMNAGAR","GADAPUR CHAK","3153006026/RC/958486255823750649","6151","https://mnregaweb4.nic.in/nregaarch/View_NMMS_atten_date_dtl_rpt.aspx?page=&short_name=UP&state_name=UTTAR%20PRADESH&state_code=31&district_name=BASTI&district_code=3153&block_name=RAMNAGAR&block_code=3153006&panchayat_name=GADAPUR%20CHAK&panchayat_code=3153006026&fin_year=2025-2026&source=&work_code=3153006026/RC/958486255823750649&msr_no=6151&AttendanceDate=21/03/2026&Digest=TbJ0rpkFVewfsDCcu0Sqpg",4
"BASTI","RAMNAGAR","PARSA KUTUB","3153006051/RC/958486255823741598","6169","https://mnregaweb4.nic.in/nregaarch/View_NMMS_atten_date_dtl_rpt.aspx?page=&short_name=UP&state_name=UTTAR%20PRADESH&state_code=31&district_name=BASTI&district_code=3153&block_name=RAMNAGAR&block_code=3153006&panchayat_name=PARSA%20KUTUB&panchayat_code=3153006051&fin_year=2025-2026&source=&work_code=3153006051/RC/958486255823741598&msr_no=6169&AttendanceDate=21/03/2026&Digest=X3MqXqlod4QBAYaB9eMkfg",7
"BASTI","RAMNAGAR","IBRAHIMCHAK SEKHAPUR","3153006071/RC/958486255823751189","6158","https://mnregaweb4.nic.in/nregaarch/View_NMMS_atten_date_dtl_rpt.aspx?page=&short_name=UP&state_name=UTTAR%20PRADESH&state_code=31&district_name=BASTI&district_code=3153&block_name=RAMNAGAR&block_code=3153006&panchayat_name=IBRAHIMCHAK%20SEKHAPUR&panchayat_code=3153006071&fin_year=2025-2026&source=&work_code=3153006071/RC/958486255823751189&msr_no=6158&AttendanceDate=21/03/2026&Digest=sq2y4Z/5mQeMqeXXRDGNdg",1
"BASTI","RAMNAGAR","TAKIYA CHAK","3153006086/RC/958486255823748809","6060","https://mnregaweb4.nic.in/nregaarch/View_NMMS_atten_date_dtl_rpt.aspx?page=&short_name=UP&state_name=UTTAR%20PRADESH&state_code=31&district_name=BASTI&district_code=3153&block_name=RAMNAGAR&block_code=3153006&panchayat_name=TAKIYA%20CHAK&panchayat_code=3153006086&fin_year=2025-2026&source=&work_code=3153006086/RC/958486255823748809&msr_no=6060&AttendanceDate=21/03/2026&Digest=+8A43ktDLaSbMGxyQ+ge+w",8
"BASTI","RAMNAGAR","ATARDIHA","3153006091/RC/958486255823744182","6091","https://mnregaweb4.nic.in/nregaarch/View_NMMS_atten_date_dtl_rpt.aspx?page=&short_name=UP&state_name=UTTAR%20PRADESH&state_code=31&district_name=BASTI&district_code=3153&block_name=RAMNAGAR&block_code=3153006&panchayat_name=ATARDIHA&panchayat_code=3153006091&fin_year=2025-2026&source=&work_code=3153006091/RC/958486255823744182&msr_no=6091&AttendanceDate=21/03/2026&Digest=4ObbSmInlxvBQU4o5qUi+Q",7
"BASTI","RUDAULI","BAHADURPUR","3153008007/RC/958486255823749825","6045","https://mnregaweb4.nic.in/nregaarch/View_NMMS_atten_date_dtl_rpt.aspx?page=&short_name=UP&state_name=UTTAR%20PRADESH&state_code=31&district_name=BASTI&district_code=3153&block_name=RUDAULI&block_code=3153008&panchayat_name=BAHADURPUR&panchayat_code=3153008007&fin_year=2025-2026&source=&work_code=3153008007/RC/958486255823749825&msr_no=6045&AttendanceDate=21/03/2026&Digest=bFnHsbGwfPHEf6J36f2zhA",1
"BASTI","RUDAULI","BHARAULI","3153008012/RC/958486255823749823","6084","https://mnregaweb4.nic.in/nregaarch/View_NMMS_atten_date_dtl_rpt.aspx?page=&short_name=UP&state_name=UTTAR%20PRADESH&state_code=31&district_name=BASTI&district_code=3153&block_name=RUDAULI&block_code=3153008&panchayat_name=BHARAULI&panchayat_code=3153008012&fin_year=2025-2026&source=&work_code=3153008012/RC/958486255823749823&msr_no=6084&AttendanceDate=21/03/2026&Digest=GMhzcxtuHgik0AcvESw4ag",8
"BASTI","RUDAULI","BIJALPUR","3153008016/WH/958486255824013324","5992","https://mnregaweb4.nic.in/nregaarch/View_NMMS_atten_date_dtl_rpt.aspx?page=&short_name=UP&state_name=UTTAR%20PRADESH&state_code=31&district_name=BASTI&district_code=3153&block_name=RUDAULI&block_code=3153008&panchayat_name=BIJALPUR&panchayat_code=3153008016&fin_year=2025-2026&source=&work_code=3153008016/WH/958486255824013324&msr_no=5992&AttendanceDate=21/03/2026&Digest=kqIRMu3cgyHK12KtiztqUw",6
"BASTI","RUDAULI","GANWARIYA KALA","3153008026/RC/958486255823730688","6056","https://mnregaweb4.nic.in/nregaarch/View_NMMS_atten_date_dtl_rpt.aspx?page=&short_name=UP&state_name=UTTAR%20PRADESH&state_code=31&district_name=BASTI&district_code=3153&block_name=RUDAULI&block_code=3153008&panchayat_name=GANWARIYA%20KALA&panchayat_code=3153008026&fin_year=2025-2026&source=&work_code=3153008026/RC/958486255823730688&msr_no=6056&AttendanceDate=21/03/2026&Digest=tAkkcghomA6w0/PPKhKp/w",4
"BASTI","RUDAULI","MAGHAUWA KALA II","3153008040/LD/YD/958486255825004545","6035","https://mnregaweb4.nic.in/nregaarch/View_NMMS_atten_date_dtl_rpt.aspx?page=&short_name=UP&state_name=UTTAR%20PRADESH&state_code=31&district_name=BASTI&district_code=3153&block_name=RUDAULI&block_code=3153008&panchayat_name=MAGHAUWA%20KALA%20II&panchayat_code=3153008040&fin_year=2025-2026&source=&work_code=3153008040/LD/YD/958486255825004545&msr_no=6035&AttendanceDate=21/03/2026&Digest=202oK53pMaRbIXqsoAorRg",8
"BASTI","RUDAULI","PAIDA","3153008053/WH/958486255824013349","5974","https://mnregaweb4.nic.in/nregaarch/View_NMMS_atten_date_dtl_rpt.aspx?page=&short_name=UP&state_name=UTTAR%20PRADESH&state_code=31&district_name=BASTI&district_code=3153&block_name=RUDAULI&block_code=3153008&panchayat_name=PAIDA&panchayat_code=3153008053&fin_year=2025-2026&source=&work_code=3153008053/WH/958486255824013349&msr_no=5974&AttendanceDate=21/03/2026&Digest=x6mlvMYF9qN5wWZBmQiipA",6
"BASTI","RUDAULI","PIPRAKALA","3153008074/WC/958486255824214759","5938","https://mnregaweb4.nic.in/nregaarch/View_NMMS_atten_date_dtl_rpt.aspx?page=&short_name=UP&state_name=UTTAR%20PRADESH&state_code=31&district_name=BASTI&district_code=3153&block_name=RUDAULI&block_code=3153008&panchayat_name=PIPRAKALA&panchayat_code=3153008074&fin_year=2025-2026&source=&work_code=3153008074/WC/958486255824214759&msr_no=5938&AttendanceDate=21/03/2026&Digest=zYR+g/oxY+rlXK6Kqi50sw",8
"BASTI","RUDAULI","CHAND CHAUR","3153008077/RC/958486255823704370","5878","https://mnregaweb4.nic.in/nregaarch/View_NMMS_atten_date_dtl_rpt.aspx?page=&short_name=UP&state_name=UTTAR%20PRADESH&state_code=31&district_name=BASTI&district_code=3153&block_name=RUDAULI&block_code=3153008&panchayat_name=CHAND%20CHAUR&panchayat_code=3153008077&fin_year=2025-2026&source=&work_code=3153008077/RC/958486255823704370&msr_no=5878&AttendanceDate=21/03/2026&Digest=RfPhy6N3TIAv/iREq7qNWg",6
"BASTI","SALTAUA GOPAL PUR","JOTA","3153007035/WH/958486255824013074","5419","https://mnregaweb4.nic.in/nregaarch/View_NMMS_atten_date_dtl_rpt.aspx?page=&short_name=UP&state_name=UTTAR%20PRADESH&state_code=31&district_name=BASTI&district_code=3153&block_name=SALTAUA%20GOPAL%20PUR&block_code=3153007&panchayat_name=JOTA&panchayat_code=3153007035&fin_year=2025-2026&source=&work_code=3153007035/WH/958486255824013074&msr_no=5419&AttendanceDate=21/03/2026&Digest=Ec610PJVD7ejjybxYId+Bg",7
"BASTI","SALTAUA GOPAL PUR","JOTA","3153007035/WH/958486255824013074","5422","https://mnregaweb4.nic.in/nregaarch/View_NMMS_atten_date_dtl_rpt.aspx?page=&short_name=UP&state_name=UTTAR%20PRADESH&state_code=31&district_name=BASTI&district_code=3153&block_name=SALTAUA%20GOPAL%20PUR&block_code=3153007&panchayat_name=JOTA&panchayat_code=3153007035&fin_year=2025-2026&source=&work_code=3153007035/WH/958486255824013074&msr_no=5422&AttendanceDate=21/03/2026&Digest=bVc/3pqUN6oO1u0oXrkPYQ",7
"BASTI","SALTAUA GOPAL PUR","PARSA KHAL","3153007057/WH/958486255824013365","5412","https://mnregaweb4.nic.in/nregaarch/View_NMMS_atten_date_dtl_rpt.aspx?page=&short_name=UP&state_name=UTTAR%20PRADESH&state_code=31&district_name=BASTI&district_code=3153&block_name=SALTAUA%20GOPAL%20PUR&block_code=3153007&panchayat_name=PARSA%20KHAL&panchayat_code=3153007057&fin_year=2025-2026&source=&work_code=3153007057/WH/958486255824013365&msr_no=5412&AttendanceDate=21/03/2026&Digest=ftlE0mMhc13dfE/qKXsuww",8
"BASTI","SALTAUA GOPAL PUR","PARSA KHAL","3153007057/WH/958486255824013365","5415","https://mnregaweb4.nic.in/nregaarch/View_NMMS_atten_date_dtl_rpt.aspx?page=&short_name=UP&state_name=UTTAR%20PRADESH&state_code=31&district_name=BASTI&district_code=3153&block_name=SALTAUA%20GOPAL%20PUR&block_code=3153007&panchayat_name=PARSA%20KHAL&panchayat_code=3153007057&fin_year=2025-2026&source=&work_code=3153007057/WH/958486255824013365&msr_no=5415&AttendanceDate=21/03/2026&Digest=lg9QO2/Yp5m8SomJC73M6Q",9
"BASTI","SALTAUA GOPAL PUR","SALTAUA","3153007069/LD/958486255824937021","5475","https://mnregaweb4.nic.in/nregaarch/View_NMMS_atten_date_dtl_rpt.aspx?page=&short_name=UP&state_name=UTTAR%20PRADESH&state_code=31&district_name=BASTI&district_code=3153&block_name=SALTAUA%20GOPAL%20PUR&block_code=3153007&panchayat_name=SALTAUA&panchayat_code=3153007069&fin_year=2025-2026&source=&work_code=3153007069/LD/958486255824937021&msr_no=5475&AttendanceDate=21/03/2026&Digest=nLU0ow0O+Q6KwtsZbXTfLg",5
"BASTI","SALTAUA GOPAL PUR","MAJHAUWAN BAIKUNTH","3153007089/RC/958486255823743502","5467","https://mnregaweb4.nic.in/nregaarch/View_NMMS_atten_date_dtl_rpt.aspx?page=&short_name=UP&state_name=UTTAR%20PRADESH&state_code=31&district_name=BASTI&district_code=3153&block_name=SALTAUA%20GOPAL%20PUR&block_code=3153007&panchayat_name=MAJHAUWAN%20BAIKUNTH&panchayat_code=3153007089&fin_year=2025-2026&source=&work_code=3153007089/RC/958486255823743502&msr_no=5467&AttendanceDate=21/03/2026&Digest=loIILa7C8x9vD0/WtthUSw",6
"BASTI","PARAS RAMPUR","DHOSHAR MISHRA","3153001085/RC/958486255823726405","9664","https://mnregaweb4.nic.in/nregaarch/View_NMMS_atten_date_dtl_rpt.aspx?page=&short_name=UP&state_name=UTTAR%20PRADESH&state_code=31&district_name=BASTI&district_code=3153&block_name=PARAS%20RAMPUR&block_code=3153001&panchayat_name=DHOSHAR%20MISHRA&panchayat_code=3153001085&fin_year=2025-2026&source=&work_code=3153001085/RC/958486255823726405&msr_no=9664&AttendanceDate=21/03/2026&Digest=TO5UZ0PNPXXMP/o6AzGWAg",10
"BASTI","PARAS RAMPUR","MUKUND PUR","3153001091/WC/958486255824209000","9597","https://mnregaweb4.nic.in/nregaarch/View_NMMS_atten_date_dtl_rpt.aspx?page=&short_name=UP&state_name=UTTAR%20PRADESH&state_code=31&district_name=BASTI&district_code=3153&block_name=PARAS%20RAMPUR&block_code=3153001&panchayat_name=MUKUND%20PUR&panchayat_code=3153001091&fin_year=2025-2026&source=&work_code=3153001091/WC/958486255824209000&msr_no=9597&AttendanceDate=21/03/2026&Digest=UmP/9fG9tq5MhVumNlfs9w",10
"BASTI","PARAS RAMPUR","BILARI BHITI","3153001092/LD/958486255824949574","9193","https://mnregaweb4.nic.in/nregaarch/View_NMMS_atten_date_dtl_rpt.aspx?page=&short_name=UP&state_name=UTTAR%20PRADESH&state_code=31&district_name=BASTI&district_code=3153&block_name=PARAS%20RAMPUR&block_code=3153001&panchayat_name=BILARI%20BHITI&panchayat_code=3153001092&fin_year=2025-2026&source=&work_code=3153001092/LD/958486255824949574&msr_no=9193&AttendanceDate=21/03/2026&Digest=VCf3xi6YU82j6rmCYSrJhg",7
"BASTI","PARAS RAMPUR","BILARI BHITI","3153001092/LD/958486255824949574","9196","https://mnregaweb4.nic.in/nregaarch/View_NMMS_atten_date_dtl_rpt.aspx?page=&short_name=UP&state_name=UTTAR%20PRADESH&state_code=31&district_name=BASTI&district_code=3153&block_name=PARAS%20RAMPUR&block_code=3153001&panchayat_name=BILARI%20BHITI&panchayat_code=3153001092&fin_year=2025-2026&source=&work_code=3153001092/LD/958486255824949574&msr_no=9196&AttendanceDate=21/03/2026&Digest=a5nfAxZUtS502j/zAeiecg",3
"BASTI","PARAS RAMPUR","SEHARIYA MAGNAPUR","3153001098/AV/958486255824186902","9358","https://mnregaweb4.nic.in/nregaarch/View_NMMS_atten_date_dtl_rpt.aspx?page=&short_name=UP&state_name=UTTAR%20PRADESH&state_code=31&district_name=BASTI&district_code=3153&block_name=PARAS%20RAMPUR&block_code=3153001&panchayat_name=SEHARIYA%20MAGNAPUR&panchayat_code=3153001098&fin_year=2025-2026&source=&work_code=3153001098/AV/958486255824186902&msr_no=9358&AttendanceDate=21/03/2026&Digest=b6xpr2ypThQfH1YbivHShQ",5
"BASTI","PARAS RAMPUR","NAGAR BAHERA","3153001103/WH/958486255823989494","9574","https://mnregaweb4.nic.in/nregaarch/View_NMMS_atten_date_dtl_rpt.aspx?page=&short_name=UP&state_name=UTTAR%20PRADESH&state_code=31&district_name=BASTI&district_code=3153&block_name=PARAS%20RAMPUR&block_code=3153001&panchayat_name=NAGAR%20BAHERA&panchayat_code=3153001103&fin_year=2025-2026&source=&work_code=3153001103/WH/958486255823989494&msr_no=9574&AttendanceDate=21/03/2026&Digest=zFUGLb0U3UPVwjJJ2vr7ag",10
"BASTI","PARAS RAMPUR","NAGAR BAHERA","3153001103/WH/958486255823989494","9600","https://mnregaweb4.nic.in/nregaarch/View_NMMS_atten_date_dtl_rpt.aspx?page=&short_name=UP&state_name=UTTAR%20PRADESH&state_code=31&district_name=BASTI&district_code=3153&block_name=PARAS%20RAMPUR&block_code=3153001&panchayat_name=NAGAR%20BAHERA&panchayat_code=3153001103&fin_year=2025-2026&source=&work_code=3153001103/WH/958486255823989494&msr_no=9600&AttendanceDate=21/03/2026&Digest=GL/tM1y1PTXLkP8ei1QUAg",1
"BASTI","PARAS RAMPUR","LACHHIPUR","3153001106/LD/958486255824828632","9520","https://mnregaweb4.nic.in/nregaarch/View_NMMS_atten_date_dtl_rpt.aspx?page=&short_name=UP&state_name=UTTAR%20PRADESH&state_code=31&district_name=BASTI&district_code=3153&block_name=PARAS%20RAMPUR&block_code=3153001&panchayat_name=LACHHIPUR&panchayat_code=3153001106&fin_year=2025-2026&source=&work_code=3153001106/LD/958486255824828632&msr_no=9520&AttendanceDate=21/03/2026&Digest=+qg5aVOYH0m8CCj0JN/x1Q",10
"BASTI","PARAS RAMPUR","LACHHIPUR","3153001106/LD/958486255824900960","9291","https://mnregaweb4.nic.in/nregaarch/View_NMMS_atten_date_dtl_rpt.aspx?page=&short_name=UP&state_name=UTTAR%20PRADESH&state_code=31&district_name=BASTI&district_code=3153&block_name=PARAS%20RAMPUR&block_code=3153001&panchayat_name=LACHHIPUR&panchayat_code=3153001106&fin_year=2025-2026&source=&work_code=3153001106/LD/958486255824900960&msr_no=9291&AttendanceDate=21/03/2026&Digest=fnhfrWViqa/IKCwZ8QlVEQ",7
"BASTI","RAMNAGAR","AHIRAULA","3153006002/RC/958486255823594264","6131","https://mnregaweb4.nic.in/nregaarch/View_NMMS_atten_date_dtl_rpt.aspx?page=&short_name=UP&state_name=UTTAR%20PRADESH&state_code=31&district_name=BASTI&district_code=3153&block_name=RAMNAGAR&block_code=3153006&panchayat_name=AHIRAULA&panchayat_code=3153006002&fin_year=2025-2026&source=&work_code=3153006002/RC/958486255823594264&msr_no=6131&AttendanceDate=21/03/2026&Digest=zHMG86aywkSPpGOq9j4mxQ",3
"BASTI","RAMNAGAR","AHIRAULA","3153006002/RC/958486255823599222","6129","https://mnregaweb4.nic.in/nregaarch/View_NMMS_atten_date_dtl_rpt.aspx?page=&short_name=UP&state_name=UTTAR%20PRADESH&state_code=31&district_name=BASTI&district_code=3153&block_name=RAMNAGAR&block_code=3153006&panchayat_name=AHIRAULA&panchayat_code=3153006002&fin_year=2025-2026&source=&work_code=3153006002/RC/958486255823599222&msr_no=6129&AttendanceDate=21/03/2026&Digest=4etTWBEAyRv3RkKcBftPJA",2
"BASTI","RAMNAGAR","BEILI","3153006014/RC/958486255823749832","6111","https://mnregaweb4.nic.in/nregaarch/View_NMMS_atten_date_dtl_rpt.aspx?page=&short_name=UP&state_name=UTTAR%20PRADESH&state_code=31&district_name=BASTI&district_code=3153&block_name=RAMNAGAR&block_code=3153006&panchayat_name=BEILI&panchayat_code=3153006014&fin_year=2025-2026&source=&work_code=3153006014/RC/958486255823749832&msr_no=6111&AttendanceDate=21/03/2026&Digest=XkhfLLUmhhbM9ffwNX+usg",7
"BASTI","RAMNAGAR","CHAISAR","3153006020/RC/958486255823746238","6017","https://mnregaweb4.nic.in/nregaarch/View_NMMS_atten_date_dtl_rpt.aspx?page=&short_name=UP&state_name=UTTAR%20PRADESH&state_code=31&district_name=BASTI&district_code=3153&block_name=RAMNAGAR&block_code=3153006&panchayat_name=CHAISAR&panchayat_code=3153006020&fin_year=2025-2026&source=&work_code=3153006020/RC/958486255823746238&msr_no=6017&AttendanceDate=21/03/2026&Digest=ekG+O643qs/JiS6p0U+LkQ",7
"BASTI","RAMNAGAR","MAJHARI BAZAR","3153006042/RC/958486255823749133","5997","https://mnregaweb4.nic.in/nregaarch/View_NMMS_atten_date_dtl_rpt.aspx?page=&short_name=UP&state_name=UTTAR%20PRADESH&state_code=31&district_name=BASTI&district_code=3153&block_name=RAMNAGAR&block_code=3153006&panchayat_name=MAJHARI%20BAZAR&panchayat_code=3153006042&fin_year=2025-2026&source=&work_code=3153006042/RC/958486255823749133&msr_no=5997&AttendanceDate=21/03/2026&Digest=YpfPRkQ8x5i/j51rEVikIg",4
"BASTI","RAMNAGAR","KOLHUIEE","3153006076/RC/958486255823750755","6107","https://mnregaweb4.nic.in/nregaarch/View_NMMS_atten_date_dtl_rpt.aspx?page=&short_name=UP&state_name=UTTAR%20PRADESH&state_code=31&district_name=BASTI&district_code=3153&block_name=RAMNAGAR&block_code=3153006&panchayat_name=KOLHUIEE&panchayat_code=3153006076&fin_year=2025-2026&source=&work_code=3153006076/RC/958486255823750755&msr_no=6107&AttendanceDate=21/03/2026&Digest=+7Qc1YHV43EqwZnCiFgWmw",5
"BASTI","RAMNAGAR","TAKIYA CHAK","3153006086/RC/958486255823749003","6058","https://mnregaweb4.nic.in/nregaarch/View_NMMS_atten_date_dtl_rpt.aspx?page=&short_name=UP&state_name=UTTAR%20PRADESH&state_code=31&district_name=BASTI&district_code=3153&block_name=RAMNAGAR&block_code=3153006&panchayat_name=TAKIYA%20CHAK&panchayat_code=3153006086&fin_year=2025-2026&source=&work_code=3153006086/RC/958486255823749003&msr_no=6058&AttendanceDate=21/03/2026&Digest=Nbh5u7oHE560T7os+RO77A",4
"BASTI","RAMNAGAR","TAKIYA CHAK","3153006086/WH/958486255824013516","6057","https://mnregaweb4.nic.in/nregaarch/View_NMMS_atten_date_dtl_rpt.aspx?page=&short_name=UP&state_name=UTTAR%20PRADESH&state_code=31&district_name=BASTI&district_code=3153&block_name=RAMNAGAR&block_code=3153006&panchayat_name=TAKIYA%20CHAK&panchayat_code=3153006086&fin_year=2025-2026&source=&work_code=3153006086/WH/958486255824013516&msr_no=6057&AttendanceDate=21/03/2026&Digest=ptdgPep1Lb78H3itnRGPmg",9
"BASTI","RUDAULI","AAMWARI","3153008001/WH/958486255824013295","5890","https://mnregaweb4.nic.in/nregaarch/View_NMMS_atten_date_dtl_rpt.aspx?page=&short_name=UP&state_name=UTTAR%20PRADESH&state_code=31&district_name=BASTI&district_code=3153&block_name=RUDAULI&block_code=3153008&panchayat_name=AAMWARI&panchayat_code=3153008001&fin_year=2025-2026&source=&work_code=3153008001/WH/958486255824013295&msr_no=5890&AttendanceDate=21/03/2026&Digest=uWvkq9rcUq98IaOtiYZJsg",8
"BASTI","RUDAULI","ARADA","3153008003/LD/958486255824982208","6014","https://mnregaweb4.nic.in/nregaarch/View_NMMS_atten_date_dtl_rpt.aspx?page=&short_name=UP&state_name=UTTAR%20PRADESH&state_code=31&district_name=BASTI&district_code=3153&block_name=RUDAULI&block_code=3153008&panchayat_name=ARADA&panchayat_code=3153008003&fin_year=2025-2026&source=&work_code=3153008003/LD/958486255824982208&msr_no=6014&AttendanceDate=21/03/2026&Digest=QTwncREQH+YYVEsHTrmL8A",6
"BASTI","RUDAULI","BHITEHARA","3153008013/RC/958486255823702975","6002","https://mnregaweb4.nic.in/nregaarch/View_NMMS_atten_date_dtl_rpt.aspx?page=&short_name=UP&state_name=UTTAR%20PRADESH&state_code=31&district_name=BASTI&district_code=3153&block_name=RUDAULI&block_code=3153008&panchayat_name=BHITEHARA&panchayat_code=3153008013&fin_year=2025-2026&source=&work_code=3153008013/RC/958486255823702975&msr_no=6002&AttendanceDate=21/03/2026&Digest=LoxMGCd5bQ5aA1wa+lwaEg",6
"BASTI","RUDAULI","BHITIYA KALA","3153008014/RC/958486255823735759","6150","https://mnregaweb4.nic.in/nregaarch/View_NMMS_atten_date_dtl_rpt.aspx?page=&short_name=UP&state_name=UTTAR%20PRADESH&state_code=31&district_name=BASTI&district_code=3153&block_name=RUDAULI&block_code=3153008&panchayat_name=BHITIYA%20KALA&panchayat_code=3153008014&fin_year=2025-2026&source=&work_code=3153008014/RC/958486255823735759&msr_no=6150&AttendanceDate=21/03/2026&Digest=nsxM+gXqJPn9kStQLCmmlQ",5
"BASTI","RUDAULI","DADWA PANDEY","3153008019/AV/958486255824174634","5911","https://mnregaweb4.nic.in/nregaarch/View_NMMS_atten_date_dtl_rpt.aspx?page=&short_name=UP&state_name=UTTAR%20PRADESH&state_code=31&district_name=BASTI&district_code=3153&block_name=RUDAULI&block_code=3153008&panchayat_name=DADWA%20PANDEY&panchayat_code=3153008019&fin_year=2025-2026&source=&work_code=3153008019/AV/958486255824174634&msr_no=5911&AttendanceDate=21/03/2026&Digest=U6/wJl1OEmE1jZ+ayTVYqA",2
"BASTI","RUDAULI","DADWA TIWARI","3153008020/RC/958486255823740212","6180","https://mnregaweb4.nic.in/nregaarch/View_NMMS_atten_date_dtl_rpt.aspx?page=&short_name=UP&state_name=UTTAR%20PRADESH&state_code=31&district_name=BASTI&district_code=3153&block_name=RUDAULI&block_code=3153008&panchayat_name=DADWA%20TIWARI&panchayat_code=3153008020&fin_year=2025-2026&source=&work_code=3153008020/RC/958486255823740212&msr_no=6180&AttendanceDate=21/03/2026&Digest=OHNBqwPT9VNaO41JeNT8QA",8
"BASTI","RUDAULI","DADWA TIWARI","3153008020/RC/958486255823749017","6189","https://mnregaweb4.nic.in/nregaarch/View_NMMS_atten_date_dtl_rpt.aspx?page=&short_name=UP&state_name=UTTAR%20PRADESH&state_code=31&district_name=BASTI&district_code=3153&block_name=RUDAULI&block_code=3153008&panchayat_name=DADWA%20TIWARI&panchayat_code=3153008020&fin_year=2025-2026&source=&work_code=3153008020/RC/958486255823749017&msr_no=6189&AttendanceDate=21/03/2026&Digest=vbK0e49r7X2wmtQEAlcRJw",3
"BASTI","RUDAULI","DUMARI","3153008024/WC/958486255824220837","6140","https://mnregaweb4.nic.in/nregaarch/View_NMMS_atten_date_dtl_rpt.aspx?page=&short_name=UP&state_name=UTTAR%20PRADESH&state_code=31&district_name=BASTI&district_code=3153&block_name=RUDAULI&block_code=3153008&panchayat_name=DUMARI&panchayat_code=3153008024&fin_year=2025-2026&source=&work_code=3153008024/WC/958486255824220837&msr_no=6140&AttendanceDate=21/03/2026&Digest=HSn6O3D+/0w7dXEMQzNM2Q",10
"BASTI","RUDAULI","GANWARIYA KALA","3153008026/AV/958486255824184758","6054","https://mnregaweb4.nic.in/nregaarch/View_NMMS_atten_date_dtl_rpt.aspx?page=&short_name=UP&state_name=UTTAR%20PRADESH&state_code=31&district_name=BASTI&district_code=3153&block_name=RUDAULI&block_code=3153008&panchayat_name=GANWARIYA%20KALA&panchayat_code=3153008026&fin_year=2025-2026&source=&work_code=3153008026/AV/958486255824184758&msr_no=6054&AttendanceDate=21/03/2026&Digest=YVIcPC+tl5lYwTWjiMyn6A",7
"BASTI","RUDAULI","PADARI","3153008052/RC/958486255823713421","6123","https://mnregaweb4.nic.in/nregaarch/View_NMMS_atten_date_dtl_rpt.aspx?page=&short_name=UP&state_name=UTTAR%20PRADESH&state_code=31&district_name=BASTI&district_code=3153&block_name=RUDAULI&block_code=3153008&panchayat_name=PADARI&panchayat_code=3153008052&fin_year=2025-2026&source=&work_code=3153008052/RC/958486255823713421&msr_no=6123&AttendanceDate=21/03/2026&Digest=mwxl7SAWxhtNFhJYsogrjw",3
"BASTI","RUDAULI","SEHUDA KALA","3153008064/WC/958486255824246148","5896","https://mnregaweb4.nic.in/nregaarch/View_NMMS_atten_date_dtl_rpt.aspx?page=&short_name=UP&state_name=UTTAR%20PRADESH&state_code=31&district_name=BASTI&district_code=3153&block_name=RUDAULI&block_code=3153008&panchayat_name=SEHUDA%20KALA&panchayat_code=3153008064&fin_year=2025-2026&source=&work_code=3153008064/WC/958486255824246148&msr_no=5896&AttendanceDate=21/03/2026&Digest=E1VAR9UmGoLp+eeikTPQHQ",8
"BASTI","SALTAUA GOPAL PUR","AMRAULI SHUMALI","3153007006/DP/958486255824204315","5506","https://mnregaweb4.nic.in/nregaarch/View_NMMS_atten_date_dtl_rpt.aspx?page=&short_name=UP&state_name=UTTAR%20PRADESH&state_code=31&district_name=BASTI&district_code=3153&block_name=SALTAUA%20GOPAL%20PUR&block_code=3153007&panchayat_name=AMRAULI%20SHUMALI&panchayat_code=3153007006&fin_year=2025-2026&source=&work_code=3153007006/DP/958486255824204315&msr_no=5506&AttendanceDate=21/03/2026&Digest=tlF89ApGXv20TDfCV1A77g",1
"BASTI","SALTAUA GOPAL PUR","JOGIA JUDI KUAIYA","3153007034/WH/958486255824010482","5383","https://mnregaweb4.nic.in/nregaarch/View_NMMS_atten_date_dtl_rpt.aspx?page=&short_name=UP&state_name=UTTAR%20PRADESH&state_code=31&district_name=BASTI&district_code=3153&block_name=SALTAUA%20GOPAL%20PUR&block_code=3153007&panchayat_name=JOGIA%20JUDI%20KUAIYA&panchayat_code=3153007034&fin_year=2025-2026&source=&work_code=3153007034/WH/958486255824010482&msr_no=5383&AttendanceDate=21/03/2026&Digest=V/5Wpkh0pQ2dJinq14Gc/A",9
"BASTI","SALTAUA GOPAL PUR","JOGIA JUDI KUAIYA","3153007034/WH/958486255824010482","5386","https://mnregaweb4.nic.in/nregaarch/View_NMMS_atten_date_dtl_rpt.aspx?page=&short_name=UP&state_name=UTTAR%20PRADESH&state_code=31&district_name=BASTI&district_code=3153&block_name=SALTAUA%20GOPAL%20PUR&block_code=3153007&panchayat_name=JOGIA%20JUDI%20KUAIYA&panchayat_code=3153007034&fin_year=2025-2026&source=&work_code=3153007034/WH/958486255824010482&msr_no=5386&AttendanceDate=21/03/2026&Digest=OfWn9PmVXFhxzqO62Wy1VA",3
"BASTI","SALTAUA GOPAL PUR","PARSA KHAL","3153007057/RC/958486255823652950","5408","https://mnregaweb4.nic.in/nregaarch/View_NMMS_atten_date_dtl_rpt.aspx?page=&short_name=UP&state_name=UTTAR%20PRADESH&state_code=31&district_name=BASTI&district_code=3153&block_name=SALTAUA%20GOPAL%20PUR&block_code=3153007&panchayat_name=PARSA%20KHAL&panchayat_code=3153007057&fin_year=2025-2026&source=&work_code=3153007057/RC/958486255823652950&msr_no=5408&AttendanceDate=21/03/2026&Digest=OLXeLg5OXyFT8uPcvuDKMA",8
"BASTI","SAU GHAT","ANDA","3153009002/RC/958486255823626058","3358","https://mnregaweb4.nic.in/nregaarch/View_NMMS_atten_date_dtl_rpt.aspx?page=&short_name=UP&state_name=UTTAR%20PRADESH&state_code=31&district_name=BASTI&district_code=3153&block_name=SAU%20GHAT&block_code=3153009&panchayat_name=ANDA&panchayat_code=3153009002&fin_year=2025-2026&source=&work_code=3153009002/RC/958486255823626058&msr_no=3358&AttendanceDate=21/03/2026&Digest=9P9NEPfZ4MBV2j4zogv/6g",1
"BASTI","VIKRAM JOT","BATAULI","3153004009/RC/958486255823729774","5753","https://mnregaweb4.nic.in/nregaarch/View_NMMS_atten_date_dtl_rpt.aspx?page=&short_name=UP&state_name=UTTAR%20PRADESH&state_code=31&district_name=BASTI&district_code=3153&block_name=VIKRAM%20JOT&block_code=3153004&panchayat_name=BATAULI&panchayat_code=3153004009&fin_year=2025-2026&source=&work_code=3153004009/RC/958486255823729774&msr_no=5753&AttendanceDate=21/03/2026&Digest=T/Mg4HaAeQy/VfAlZHIobg",7
"BASTI","VIKRAM JOT","BATAULI","3153004009/RC/958486255823729776","5846","https://mnregaweb4.nic.in/nregaarch/View_NMMS_atten_date_dtl_rpt.aspx?page=&short_name=UP&state_name=UTTAR%20PRADESH&state_code=31&district_name=BASTI&district_code=3153&block_name=VIKRAM%20JOT&block_code=3153004&panchayat_name=BATAULI&panchayat_code=3153004009&fin_year=2025-2026&source=&work_code=3153004009/RC/958486255823729776&msr_no=5846&AttendanceDate=21/03/2026&Digest=/n49L/+BaR55Sgex69lP2Q",5
"BASTI","VIKRAM JOT","DAHDA MISHRA","3153004015/LD/958486255824958089","5807","https://mnregaweb4.nic.in/nregaarch/View_NMMS_atten_date_dtl_rpt.aspx?page=&short_name=UP&state_name=UTTAR%20PRADESH&state_code=31&district_name=BASTI&district_code=3153&block_name=VIKRAM%20JOT&block_code=3153004&panchayat_name=DAHDA%20MISHRA&panchayat_code=3153004015&fin_year=2025-2026&source=&work_code=3153004015/LD/958486255824958089&msr_no=5807&AttendanceDate=21/03/2026&Digest=D15vu5WF+t1YSwOdeK8JeQ",6
"BASTI","VIKRAM JOT","DHIRAULI BABU","3153004019/RC/958486255823745146","5725","https://mnregaweb4.nic.in/nregaarch/View_NMMS_atten_date_dtl_rpt.aspx?page=&short_name=UP&state_name=UTTAR%20PRADESH&state_code=31&district_name=BASTI&district_code=3153&block_name=VIKRAM%20JOT&block_code=3153004&panchayat_name=DHIRAULI%20BABU&panchayat_code=3153004019&fin_year=2025-2026&source=&work_code=3153004019/RC/958486255823745146&msr_no=5725&AttendanceDate=21/03/2026&Digest=1cy+ItxSCtPSw17x8CsR2w",4
"BASTI","VIKRAM JOT","KALANI KALA","3153004028/RC/958486255823732378","5759","https://mnregaweb4.nic.in/nregaarch/View_NMMS_atten_date_dtl_rpt.aspx?page=&short_name=UP&state_name=UTTAR%20PRADESH&state_code=31&district_name=BASTI&district_code=3153&block_name=VIKRAM%20JOT&block_code=3153004&panchayat_name=KALANI%20KALA&panchayat_code=3153004028&fin_year=2025-2026&source=&work_code=3153004028/RC/958486255823732378&msr_no=5759&AttendanceDate=21/03/2026&Digest=j+WdMuTWHPRGbE0uw/lYTw",5
"BASTI","VIKRAM JOT","EKMA HIRANIYA","3153004043/RC/958486255823725143","5961","https://mnregaweb4.nic.in/nregaarch/View_NMMS_atten_date_dtl_rpt.aspx?page=&short_name=UP&state_name=UTTAR%20PRADESH&state_code=31&district_name=BASTI&district_code=3153&block_name=VIKRAM%20JOT&block_code=3153004&panchayat_name=EKMA%20HIRANIYA&panchayat_code=3153004043&fin_year=2025-2026&source=&work_code=3153004043/RC/958486255823725143&msr_no=5961&AttendanceDate=21/03/2026&Digest=wJwo1EQxvi7QvrgXtu6wng",10
"BASTI","VIKRAM JOT","MALHNI","3153004042/WC/958486255824216389","5869","https://mnregaweb4.nic.in/nregaarch/View_NMMS_atten_date_dtl_rpt.aspx?page=&short_name=UP&state_name=UTTAR%20PRADESH&state_code=31&district_name=BASTI&district_code=3153&block_name=VIKRAM%20JOT&block_code=3153004&panchayat_name=MALHNI&panchayat_code=3153004042&fin_year=2025-2026&source=&work_code=3153004042/WC/958486255824216389&msr_no=5869&AttendanceDate=21/03/2026&Digest=93VJmKSp9dp3anS/yVBxFg",9
"BASTI","VIKRAM JOT","EKMA HIRANIYA","3153004043/RC/958486255823725143","5962","https://mnregaweb4.nic.in/nregaarch/View_NMMS_atten_date_dtl_rpt.aspx?page=&short_name=UP&state_name=UTTAR%20PRADESH&state_code=31&district_name=BASTI&district_code=3153&block_name=VIKRAM%20JOT&block_code=3153004&panchayat_name=EKMA%20HIRANIYA&panchayat_code=3153004043&fin_year=2025-2026&source=&work_code=3153004043/RC/958486255823725143&msr_no=5962&AttendanceDate=21/03/2026&Digest=Kso+xURkH5qDzrp+MN1fJw",3
"BASTI","VIKRAM JOT","EKMA HIRANIYA","3153004043/WC/958486255824231525","5855","https://mnregaweb4.nic.in/nregaarch/View_NMMS_atten_date_dtl_rpt.aspx?page=&short_name=UP&state_name=UTTAR%20PRADESH&state_code=31&district_name=BASTI&district_code=3153&block_name=VIKRAM%20JOT&block_code=3153004&panchayat_name=EKMA%20HIRANIYA&panchayat_code=3153004043&fin_year=2025-2026&source=&work_code=3153004043/WC/958486255824231525&msr_no=5855&AttendanceDate=21/03/2026&Digest=e7KWOt2clTP9CcOe78Ti9Q",9
"BASTI","VIKRAM JOT","NAGRABALI","3153004047/RC/958486255823732602","5932","https://mnregaweb4.nic.in/nregaarch/View_NMMS_atten_date_dtl_rpt.aspx?page=&short_name=UP&state_name=UTTAR%20PRADESH&state_code=31&district_name=BASTI&district_code=3153&block_name=VIKRAM%20JOT&block_code=3153004&panchayat_name=NAGRABALI&panchayat_code=3153004047&fin_year=2025-2026&source=&work_code=3153004047/RC/958486255823732602&msr_no=5932&AttendanceDate=21/03/2026&Digest=lmuJE9ZHp0MUf1is830AoA",4
"BASTI","VIKRAM JOT","NIYAMATPUR","3153004049/LD/958486255824929913","5738","https://mnregaweb4.nic.in/nregaarch/View_NMMS_atten_date_dtl_rpt.aspx?page=&short_name=UP&state_name=UTTAR%20PRADESH&state_code=31&district_name=BASTI&district_code=3153&block_name=VIKRAM%20JOT&block_code=3153004&panchayat_name=NIYAMATPUR&panchayat_code=3153004049&fin_year=2025-2026&source=&work_code=3153004049/LD/958486255824929913&msr_no=5738&AttendanceDate=21/03/2026&Digest=KJFuQ/NdmXQksAa94Wppfw",7
"BASTI","VIKRAM JOT","NIYAMATPUR","3153004049/LD/958486255824929913","5741","https://mnregaweb4.nic.in/nregaarch/View_NMMS_atten_date_dtl_rpt.aspx?page=&short_name=UP&state_name=UTTAR%20PRADESH&state_code=31&district_name=BASTI&district_code=3153&block_name=VIKRAM%20JOT&block_code=3153004&panchayat_name=NIYAMATPUR&panchayat_code=3153004049&fin_year=2025-2026&source=&work_code=3153004049/LD/958486255824929913&msr_no=5741&AttendanceDate=21/03/2026&Digest=ZYF11ZfTx2V74v+Cxyivyg",2
"BASTI","VIKRAM JOT","PURE CHETAN","3153004053/RC/958486255823731818","5897","https://mnregaweb4.nic.in/nregaarch/View_NMMS_atten_date_dtl_rpt.aspx?page=&short_name=UP&state_name=UTTAR%20PRADESH&state_code=31&district_name=BASTI&district_code=3153&block_name=VIKRAM%20JOT&block_code=3153004&panchayat_name=PURE%20CHETAN&panchayat_code=3153004053&fin_year=2025-2026&source=&work_code=3153004053/RC/958486255823731818&msr_no=5897&AttendanceDate=21/03/2026&Digest=8bgu3QdOGDYHyWTlSQ6ppA",10
"BASTI","VIKRAM JOT","JAMAULIYA MAFI","3153004077/RC/958486255823518295","5793","https://mnregaweb4.nic.in/nregaarch/View_NMMS_atten_date_dtl_rpt.aspx?page=&short_name=UP&state_name=UTTAR%20PRADESH&state_code=31&district_name=BASTI&district_code=3153&block_name=VIKRAM%20JOT&block_code=3153004&panchayat_name=JAMAULIYA%20MAFI&panchayat_code=3153004077&fin_year=2025-2026&source=&work_code=3153004077/RC/958486255823518295&msr_no=5793&AttendanceDate=21/03/2026&Digest=R3GbDf//ooTk4hivrZlIxA",8
"BASTI","VIKRAM JOT","NETWARPATTI","3153004078/RC/958486255823728519","5802","https://mnregaweb4.nic.in/nregaarch/View_NMMS_atten_date_dtl_rpt.aspx?page=&short_name=UP&state_name=UTTAR%20PRADESH&state_code=31&district_name=BASTI&district_code=3153&block_name=VIKRAM%20JOT&block_code=3153004&panchayat_name=NETWARPATTI&panchayat_code=3153004078&fin_year=2025-2026&source=&work_code=3153004078/RC/958486255823728519&msr_no=5802&AttendanceDate=21/03/2026&Digest=mooWLGXS7rpfYO6NHCR/EQ",9
"BASTI","VIKRAM JOT","NIYAMATPUR","3153004049/LD/958486255824929913","5740","https://mnregaweb4.nic.in/nregaarch/View_NMMS_atten_date_dtl_rpt.aspx?page=&short_name=UP&state_name=UTTAR%20PRADESH&state_code=31&district_name=BASTI&district_code=3153&block_name=VIKRAM%20JOT&block_code=3153004&panchayat_name=NIYAMATPUR&panchayat_code=3153004049&fin_year=2025-2026&source=&work_code=3153004049/LD/958486255824929913&msr_no=5740&AttendanceDate=21/03/2026&Digest=IdU0h1BTxt1yh/Q0QLt8JA",8
"BASTI","VIKRAM JOT","PURE CHETAN","3153004053/RC/958486255823731818","5896","https://mnregaweb4.nic.in/nregaarch/View_NMMS_atten_date_dtl_rpt.aspx?page=&short_name=UP&state_name=UTTAR%20PRADESH&state_code=31&district_name=BASTI&district_code=3153&block_name=VIKRAM%20JOT&block_code=3153004&panchayat_name=PURE%20CHETAN&panchayat_code=3153004053&fin_year=2025-2026&source=&work_code=3153004053/RC/958486255823731818&msr_no=5896&AttendanceDate=21/03/2026&Digest=UjxC2d6rEsgxE8+q3EbSPw",9
"BASTI","VIKRAM JOT","PURE CHETAN","3153004053/RC/958486255823731820","5755","https://mnregaweb4.nic.in/nregaarch/View_NMMS_atten_date_dtl_rpt.aspx?page=&short_name=UP&state_name=UTTAR%20PRADESH&state_code=31&district_name=BASTI&district_code=3153&block_name=VIKRAM%20JOT&block_code=3153004&panchayat_name=PURE%20CHETAN&panchayat_code=3153004053&fin_year=2025-2026&source=&work_code=3153004053/RC/958486255823731820&msr_no=5755&AttendanceDate=21/03/2026&Digest=POQ+3BV6J5B2bRYiAU/zpQ",10
"BASTI","VIKRAM JOT","JAMAULIYA MAFI","3153004077/RC/958486255823518295","5794","https://mnregaweb4.nic.in/nregaarch/View_NMMS_atten_date_dtl_rpt.aspx?page=&short_name=UP&state_name=UTTAR%20PRADESH&state_code=31&district_name=BASTI&district_code=3153&block_name=VIKRAM%20JOT&block_code=3153004&panchayat_name=JAMAULIYA%20MAFI&panchayat_code=3153004077&fin_year=2025-2026&source=&work_code=3153004077/RC/958486255823518295&msr_no=5794&AttendanceDate=21/03/2026&Digest=2pcvXq5FVXRpydzdArCS4A",1
"BASTI","VIKRAM JOT","NETWARPATTI","3153004078/RC/958486255823728519","5801","https://mnregaweb4.nic.in/nregaarch/View_NMMS_atten_date_dtl_rpt.aspx?page=&short_name=UP&state_name=UTTAR%20PRADESH&state_code=31&district_name=BASTI&district_code=3153&block_name=VIKRAM%20JOT&block_code=3153004&panchayat_name=NETWARPATTI&panchayat_code=3153004078&fin_year=2025-2026&source=&work_code=3153004078/RC/958486255823728519&msr_no=5801&AttendanceDate=21/03/2026&Digest=XCDwSFPEZypkJRgJceGLkg",10
"BASTI","SAU GHAT","BANAK SAHI","3153009006/RC/958486255823654240","3336","https://mnregaweb4.nic.in/nregaarch/View_NMMS_atten_date_dtl_rpt.aspx?page=&short_name=UP&state_name=UTTAR%20PRADESH&state_code=31&district_name=BASTI&district_code=3153&block_name=SAU%20GHAT&block_code=3153009&panchayat_name=BANAK%20SAHI&panchayat_code=3153009006&fin_year=2025-2026&source=&work_code=3153009006/RC/958486255823654240&msr_no=3336&AttendanceDate=21/03/2026&Digest=fsx+vQHtztVb5MMKcq2vyQ",1
"BASTI","SAU GHAT","HADIYA","3153009024/RC/958486255823746573","3353","https://mnregaweb4.nic.in/nregaarch/View_NMMS_atten_date_dtl_rpt.aspx?page=&short_name=UP&state_name=UTTAR%20PRADESH&state_code=31&district_name=BASTI&district_code=3153&block_name=SAU%20GHAT&block_code=3153009&panchayat_name=HADIYA&panchayat_code=3153009024&fin_year=2025-2026&source=&work_code=3153009024/RC/958486255823746573&msr_no=3353&AttendanceDate=21/03/2026&Digest=xlWx8kiboSUor3FlKAnYkQ",7
"BASTI","VIKRAM JOT","ATRAURA JHAM","3153004004/RC/958486255823725246","5847","https://mnregaweb4.nic.in/nregaarch/View_NMMS_atten_date_dtl_rpt.aspx?page=&short_name=UP&state_name=UTTAR%20PRADESH&state_code=31&district_name=BASTI&district_code=3153&block_name=VIKRAM%20JOT&block_code=3153004&panchayat_name=ATRAURA%20JHAM&panchayat_code=3153004004&fin_year=2025-2026&source=&work_code=3153004004/RC/958486255823725246&msr_no=5847&AttendanceDate=21/03/2026&Digest=0aoY7doKVayUhlwR1jflYA",6
"BASTI","VIKRAM JOT","ATRAURA JHAM","3153004004/RC/958486255823725256","5848","https://mnregaweb4.nic.in/nregaarch/View_NMMS_atten_date_dtl_rpt.aspx?page=&short_name=UP&state_name=UTTAR%20PRADESH&state_code=31&district_name=BASTI&district_code=3153&block_name=VIKRAM%20JOT&block_code=3153004&panchayat_name=ATRAURA%20JHAM&panchayat_code=3153004004&fin_year=2025-2026&source=&work_code=3153004004/RC/958486255823725256&msr_no=5848&AttendanceDate=21/03/2026&Digest=RmjhhukkNdKTcAlbruYVgQ",9
"BASTI","VIKRAM JOT","AURANGABAD","3153004005/LD/958486255824919627","5798","https://mnregaweb4.nic.in/nregaarch/View_NMMS_atten_date_dtl_rpt.aspx?page=&short_name=UP&state_name=UTTAR%20PRADESH&state_code=31&district_name=BASTI&district_code=3153&block_name=VIKRAM%20JOT&block_code=3153004&panchayat_name=AURANGABAD&panchayat_code=3153004005&fin_year=2025-2026&source=&work_code=3153004005/LD/958486255824919627&msr_no=5798&AttendanceDate=21/03/2026&Digest=2jdu8s43UfiR830fnnG9pQ",9
"BASTI","VIKRAM JOT","KHATAMSARAY","3153004034/LD/958486255825003166","5816","https://mnregaweb4.nic.in/nregaarch/View_NMMS_atten_date_dtl_rpt.aspx?page=&short_name=UP&state_name=UTTAR%20PRADESH&state_code=31&district_name=BASTI&district_code=3153&block_name=VIKRAM%20JOT&block_code=3153004&panchayat_name=KHATAMSARAY&panchayat_code=3153004034&fin_year=2025-2026&source=&work_code=3153004034/LD/958486255825003166&msr_no=5816&AttendanceDate=21/03/2026&Digest=ETqphmLiJCnUnBMIyUS/eg",10
"BASTI","VIKRAM JOT","KHATAMSARAY","3153004034/LD/958486255825003179","5785","https://mnregaweb4.nic.in/nregaarch/View_NMMS_atten_date_dtl_rpt.aspx?page=&short_name=UP&state_name=UTTAR%20PRADESH&state_code=31&district_name=BASTI&district_code=3153&block_name=VIKRAM%20JOT&block_code=3153004&panchayat_name=KHATAMSARAY&panchayat_code=3153004034&fin_year=2025-2026&source=&work_code=3153004034/LD/958486255825003179&msr_no=5785&AttendanceDate=21/03/2026&Digest=62FkINaPZZ2XRy779PZnzw",10
"BASTI","VIKRAM JOT","MALHNI","3153004042/WH/958486255823260020","5866","https://mnregaweb4.nic.in/nregaarch/View_NMMS_atten_date_dtl_rpt.aspx?page=&short_name=UP&state_name=UTTAR%20PRADESH&state_code=31&district_name=BASTI&district_code=3153&block_name=VIKRAM%20JOT&block_code=3153004&panchayat_name=MALHNI&panchayat_code=3153004042&fin_year=2025-2026&source=&work_code=3153004042/WH/958486255823260020&msr_no=5866&AttendanceDate=21/03/2026&Digest=RoLzNXBFW787BWevPZ8qZg",7
"BASTI","VIKRAM JOT","EKMA HIRANIYA","3153004043/WC/958486255824231525","5862","https://mnregaweb4.nic.in/nregaarch/View_NMMS_atten_date_dtl_rpt.aspx?page=&short_name=UP&state_name=UTTAR%20PRADESH&state_code=31&district_name=BASTI&district_code=3153&block_name=VIKRAM%20JOT&block_code=3153004&panchayat_name=EKMA%20HIRANIYA&panchayat_code=3153004043&fin_year=2025-2026&source=&work_code=3153004043/WC/958486255824231525&msr_no=5862&AttendanceDate=21/03/2026&Digest=wkQWzRIHBM42RvIQ0lP2rQ",8
"BASTI","VIKRAM JOT","PURE CHETAN","3153004053/RC/958486255823731821","5900","https://mnregaweb4.nic.in/nregaarch/View_NMMS_atten_date_dtl_rpt.aspx?page=&short_name=UP&state_name=UTTAR%20PRADESH&state_code=31&district_name=BASTI&district_code=3153&block_name=VIKRAM%20JOT&block_code=3153004&panchayat_name=PURE%20CHETAN&panchayat_code=3153004053&fin_year=2025-2026&source=&work_code=3153004053/RC/958486255823731821&msr_no=5900&AttendanceDate=21/03/2026&Digest=3nRKNPAMmnpONeCClnyqxw",10
"BASTI","VIKRAM JOT","ROOPGARH","3153004058/LD/958486255824961730","5787","https://mnregaweb4.nic.in/nregaarch/View_NMMS_atten_date_dtl_rpt.aspx?page=&short_name=UP&state_name=UTTAR%20PRADESH&state_code=31&district_name=BASTI&district_code=3153&block_name=VIKRAM%20JOT&block_code=3153004&panchayat_name=ROOPGARH&panchayat_code=3153004058&fin_year=2025-2026&source=&work_code=3153004058/LD/958486255824961730&msr_no=5787&AttendanceDate=21/03/2026&Digest=0KlDCatjiw3V2A82XYx2Ww",8
"BASTI","VIKRAM JOT","ROOPGARH","3153004058/RC/958486255823726687","5788","https://mnregaweb4.nic.in/nregaarch/View_NMMS_atten_date_dtl_rpt.aspx?page=&short_name=UP&state_name=UTTAR%20PRADESH&state_code=31&district_name=BASTI&district_code=3153&block_name=VIKRAM%20JOT&block_code=3153004&panchayat_name=ROOPGARH&panchayat_code=3153004058&fin_year=2025-2026&source=&work_code=3153004058/RC/958486255823726687&msr_no=5788&AttendanceDate=21/03/2026&Digest=mHWIDO+anOS7HdMNpd/wVA",8
"BASTI","VIKRAM JOT","NETWARPATTI","3153004078/LD/958486255824967920","5777","https://mnregaweb4.nic.in/nregaarch/View_NMMS_atten_date_dtl_rpt.aspx?page=&short_name=UP&state_name=UTTAR%20PRADESH&state_code=31&district_name=BASTI&district_code=3153&block_name=VIKRAM%20JOT&block_code=3153004&panchayat_name=NETWARPATTI&panchayat_code=3153004078&fin_year=2025-2026&source=&work_code=3153004078/LD/958486255824967920&msr_no=5777&AttendanceDate=21/03/2026&Digest=El16t7HReP4xPy2due5wPA",8
"BASTI","BAHADURPUR","BAHADURPUR","3153012007/WH/958486255823987468","9644","https://mnregaweb4.nic.in/nregaarch/View_NMMS_atten_date_dtl_rpt.aspx?page=&short_name=UP&state_name=UTTAR%20PRADESH&state_code=31&district_name=BASTI&district_code=3153&block_name=BAHADURPUR&block_code=3153012&panchayat_name=BAHADURPUR&panchayat_code=3153012007&fin_year=2025-2026&source=&work_code=3153012007/WH/958486255823987468&msr_no=9644&AttendanceDate=21/03/2026&Digest=hTKfdSVd+Y8b1UggBdNA7A",8
"BASTI","BAHADURPUR","BHERIHA","3153012011/LD/958486255824954104","9561","https://mnregaweb4.nic.in/nregaarch/View_NMMS_atten_date_dtl_rpt.aspx?page=&short_name=UP&state_name=UTTAR%20PRADESH&state_code=31&district_name=BASTI&district_code=3153&block_name=BAHADURPUR&block_code=3153012&panchayat_name=BHERIHA&panchayat_code=3153012011&fin_year=2025-2026&source=&work_code=3153012011/LD/958486255824954104&msr_no=9561&AttendanceDate=21/03/2026&Digest=09hWf4sFDlS7I6Mo6ppl8Q",7
"BASTI","BAHADURPUR","BHERIHA","3153012011/LD/958486255824954104","9564","https://mnregaweb4.nic.in/nregaarch/View_NMMS_atten_date_dtl_rpt.aspx?page=&short_name=UP&state_name=UTTAR%20PRADESH&state_code=31&district_name=BASTI&district_code=3153&block_name=BAHADURPUR&block_code=3153012&panchayat_name=BHERIHA&panchayat_code=3153012011&fin_year=2025-2026&source=&work_code=3153012011/LD/958486255824954104&msr_no=9564&AttendanceDate=21/03/2026&Digest=n4CaLyRi7y46B78sej1xvQ",2
"BASTI","BAHADURPUR","DEV DEEHA","3153012019/RC/958486255823667987","9815","https://mnregaweb4.nic.in/nregaarch/View_NMMS_atten_date_dtl_rpt.aspx?page=&short_name=UP&state_name=UTTAR%20PRADESH&state_code=31&district_name=BASTI&district_code=3153&block_name=BAHADURPUR&block_code=3153012&panchayat_name=DEV%20DEEHA&panchayat_code=3153012019&fin_year=2025-2026&source=&work_code=3153012019/RC/958486255823667987&msr_no=9815&AttendanceDate=21/03/2026&Digest=0BT7MC3ML9Jd11mk2SuhmA",5
"BASTI","BAHADURPUR","DEV DEEHA","3153012019/RC/958486255823667988","9804","https://mnregaweb4.nic.in/nregaarch/View_NMMS_atten_date_dtl_rpt.aspx?page=&short_name=UP&state_name=UTTAR%20PRADESH&state_code=31&district_name=BASTI&district_code=3153&block_name=BAHADURPUR&block_code=3153012&panchayat_name=DEV%20DEEHA&panchayat_code=3153012019&fin_year=2025-2026&source=&work_code=3153012019/RC/958486255823667988&msr_no=9804&AttendanceDate=21/03/2026&Digest=rRLnuz8CNPNgy9V4SVEcFg",9
"BASTI","BAHADURPUR","GOVINDPUR (Bahadurpur)","3153012023/RC/958486255823669277","9626","https://mnregaweb4.nic.in/nregaarch/View_NMMS_atten_date_dtl_rpt.aspx?page=&short_name=UP&state_name=UTTAR%20PRADESH&state_code=31&district_name=BASTI&district_code=3153&block_name=BAHADURPUR&block_code=3153012&panchayat_name=GOVINDPUR%20%20(Bahadurpur)&panchayat_code=3153012023&fin_year=2025-2026&source=&work_code=3153012023/RC/958486255823669277&msr_no=9626&AttendanceDate=21/03/2026&Digest=hOa7VE4/3fadnFlS2IzqTw",3
"BASTI","BAHADURPUR","KALWARI MUSTAKHAM","3153012030/RC/958486255823585693","9776","https://mnregaweb4.nic.in/nregaarch/View_NMMS_atten_date_dtl_rpt.aspx?page=&short_name=UP&state_name=UTTAR%20PRADESH&state_code=31&district_name=BASTI&district_code=3153&block_name=BAHADURPUR&block_code=3153012&panchayat_name=KALWARI%20MUSTAKHAM&panchayat_code=3153012030&fin_year=2025-2026&source=&work_code=3153012030/RC/958486255823585693&msr_no=9776&AttendanceDate=21/03/2026&Digest=HLwJy82wBAAzEo+TLAOOKQ",8
"BASTI","BAHADURPUR","KAMRIHA","3153012031/RC/958486255823682095","9786","https://mnregaweb4.nic.in/nregaarch/View_NMMS_atten_date_dtl_rpt.aspx?page=&short_name=UP&state_name=UTTAR%20PRADESH&state_code=31&district_name=BASTI&district_code=3153&block_name=BAHADURPUR&block_code=3153012&panchayat_name=KAMRIHA&panchayat_code=3153012031&fin_year=2025-2026&source=&work_code=3153012031/RC/958486255823682095&msr_no=9786&AttendanceDate=21/03/2026&Digest=NtOx0l/tg5X7LfHM/XsXcw",3
"BASTI","BAHADURPUR","NIRANJAN PUR","3153012055/LD/958486255824955431","9567","https://mnregaweb4.nic.in/nregaarch/View_NMMS_atten_date_dtl_rpt.aspx?page=&short_name=UP&state_name=UTTAR%20PRADESH&state_code=31&district_name=BASTI&district_code=3153&block_name=BAHADURPUR&block_code=3153012&panchayat_name=NIRANJAN%20PUR&panchayat_code=3153012055&fin_year=2025-2026&source=&work_code=3153012055/LD/958486255824955431&msr_no=9567&AttendanceDate=21/03/2026&Digest=GMFEjIYpm35ZJJxmdUYZvw",2
"BASTI","BAHADURPUR","NRAYANPUR","3153012056/RC/958486255823747685","9820","https://mnregaweb4.nic.in/nregaarch/View_NMMS_atten_date_dtl_rpt.aspx?page=&short_name=UP&state_name=UTTAR%20PRADESH&state_code=31&district_name=BASTI&district_code=3153&block_name=BAHADURPUR&block_code=3153012&panchayat_name=NRAYANPUR&panchayat_code=3153012056&fin_year=2025-2026&source=&work_code=3153012056/RC/958486255823747685&msr_no=9820&AttendanceDate=21/03/2026&Digest=KcvDIt/qdcynYEg1f02ISw",10
"BASTI","BAHADURPUR","PHOOLPUR","3153012061/LD/958486255825008303","9861","https://mnregaweb4.nic.in/nregaarch/View_NMMS_atten_date_dtl_rpt.aspx?page=&short_name=UP&state_name=UTTAR%20PRADESH&state_code=31&district_name=BASTI&district_code=3153&block_name=BAHADURPUR&block_code=3153012&panchayat_name=PHOOLPUR&panchayat_code=3153012061&fin_year=2025-2026&source=&work_code=3153012061/LD/958486255825008303&msr_no=9861&AttendanceDate=21/03/2026&Digest=BempLedj80CAzzUXuTkzOQ",3
"BASTI","BAHADURPUR","PRATAPPUR","3153012064/LD/958486255824991226","9697","https://mnregaweb4.nic.in/nregaarch/View_NMMS_atten_date_dtl_rpt.aspx?page=&short_name=UP&state_name=UTTAR%20PRADESH&state_code=31&district_name=BASTI&district_code=3153&block_name=BAHADURPUR&block_code=3153012&panchayat_name=PRATAPPUR&panchayat_code=3153012064&fin_year=2025-2026&source=&work_code=3153012064/LD/958486255824991226&msr_no=9697&AttendanceDate=21/03/2026&Digest=lmofWthqpQVtGRhpbFIvdQ",1
"BASTI","BAHADURPUR","RAKHAUNA","3153012066/LD/958486255824953329","9793","https://mnregaweb4.nic.in/nregaarch/View_NMMS_atten_date_dtl_rpt.aspx?page=&short_name=UP&state_name=UTTAR%20PRADESH&state_code=31&district_name=BASTI&district_code=3153&block_name=BAHADURPUR&block_code=3153012&panchayat_name=RAKHAUNA&panchayat_code=3153012066&fin_year=2025-2026&source=&work_code=3153012066/LD/958486255824953329&msr_no=9793&AttendanceDate=21/03/2026&Digest=Kg7aiN4REUu120IX8q8SeA",8
"BASTI","BAHADURPUR","ROJIYA","3153012068/LD/958486255824998099","9542","https://mnregaweb4.nic.in/nregaarch/View_NMMS_atten_date_dtl_rpt.aspx?page=&short_name=UP&state_name=UTTAR%20PRADESH&state_code=31&district_name=BASTI&district_code=3153&block_name=BAHADURPUR&block_code=3153012&panchayat_name=ROJIYA&panchayat_code=3153012068&fin_year=2025-2026&source=&work_code=3153012068/LD/958486255824998099&msr_no=9542&AttendanceDate=21/03/2026&Digest=inwGfA6verfAW1VSUiCxug",6
"BASTI","BAHADURPUR","SAIFABAD","3153012069/RC/958486255823597406","9684","https://mnregaweb4.nic.in/nregaarch/View_NMMS_atten_date_dtl_rpt.aspx?page=&short_name=UP&state_name=UTTAR%20PRADESH&state_code=31&district_name=BASTI&district_code=3153&block_name=BAHADURPUR&block_code=3153012&panchayat_name=SAIFABAD&panchayat_code=3153012069&fin_year=2025-2026&source=&work_code=3153012069/RC/958486255823597406&msr_no=9684&AttendanceDate=21/03/2026&Digest=0rORXv7hoF6Hr/pfHNy3Zw",1
"BASTI","BAHADURPUR","SEMRA URF GALWA","3153012087/AV/958486255824174667","9765","https://mnregaweb4.nic.in/nregaarch/View_NMMS_atten_date_dtl_rpt.aspx?page=&short_name=UP&state_name=UTTAR%20PRADESH&state_code=31&district_name=BASTI&district_code=3153&block_name=BAHADURPUR&block_code=3153012&panchayat_name=SEMRA%20URF%20GALWA&panchayat_code=3153012087&fin_year=2025-2026&source=&work_code=3153012087/AV/958486255824174667&msr_no=9765&AttendanceDate=21/03/2026&Digest=X9MDVmOQGTJcyM2NgLxM2Q",9
"BASTI","BANKATI","ARAILADIGAR PATTI","3153011003/IC/958486255823726104","9368","https://mnregaweb4.nic.in/nregaarch/View_NMMS_atten_date_dtl_rpt.aspx?page=&short_name=UP&state_name=UTTAR%20PRADESH&state_code=31&district_name=BASTI&district_code=3153&block_name=BANKATI&block_code=3153011&panchayat_name=ARAILADIGAR%20PATTI&panchayat_code=3153011003&fin_year=2025-2026&source=&work_code=3153011003/IC/958486255823726104&msr_no=9368&AttendanceDate=21/03/2026&Digest=sAeUv6hszLHE9O33dck/vA",8
"BASTI","BANKATI","BARAHUA","3153011009/RC/958486255823741970","9317","https://mnregaweb4.nic.in/nregaarch/View_NMMS_atten_date_dtl_rpt.aspx?page=&short_name=UP&state_name=UTTAR%20PRADESH&state_code=31&district_name=BASTI&district_code=3153&block_name=BANKATI&block_code=3153011&panchayat_name=BARAHUA&panchayat_code=3153011009&fin_year=2025-2026&source=&work_code=3153011009/RC/958486255823741970&msr_no=9317&AttendanceDate=21/03/2026&Digest=UsmA4SNtV6ootlkRHGYaGg",4
"BASTI","BANKATI","DEWAMI","3153011027/FP/958486255823613996","9292","https://mnregaweb4.nic.in/nregaarch/View_NMMS_atten_date_dtl_rpt.aspx?page=&short_name=UP&state_name=UTTAR%20PRADESH&state_code=31&district_name=BASTI&district_code=3153&block_name=BANKATI&block_code=3153011&panchayat_name=DEWAMI&panchayat_code=3153011027&fin_year=2025-2026&source=&work_code=3153011027/FP/958486255823613996&msr_no=9292&AttendanceDate=21/03/2026&Digest=kGnloJPII00D6CABL/SXTQ",8
"BASTI","BANKATI","GANGORI","3153011035/RC/958486255823750421","9583","https://mnregaweb4.nic.in/nregaarch/View_NMMS_atten_date_dtl_rpt.aspx?page=&short_name=UP&state_name=UTTAR%20PRADESH&state_code=31&district_name=BASTI&district_code=3153&block_name=BANKATI&block_code=3153011&panchayat_name=GANGORI&panchayat_code=3153011035&fin_year=2025-2026&source=&work_code=3153011035/RC/958486255823750421&msr_no=9583&AttendanceDate=21/03/2026&Digest=MMUpCAHsEtEPFx/T1XsQKw",10
"BASTI","BANKATI","GANGORI","3153011035/RC/958486255823750665","9587","https://mnregaweb4.nic.in/nregaarch/View_NMMS_atten_date_dtl_rpt.aspx?page=&short_name=UP&state_name=UTTAR%20PRADESH&state_code=31&district_name=BASTI&district_code=3153&block_name=BANKATI&block_code=3153011&panchayat_name=GANGORI&panchayat_code=3153011035&fin_year=2025-2026&source=&work_code=3153011035/RC/958486255823750665&msr_no=9587&AttendanceDate=21/03/2026&Digest=TYxms+UMfLeTUjfnJcMrAQ",2
"BASTI","BANKATI","HINAUTA","3153011041/IC/958486255823739648","9192","https://mnregaweb4.nic.in/nregaarch/View_NMMS_atten_date_dtl_rpt.aspx?page=&short_name=UP&state_name=UTTAR%20PRADESH&state_code=31&district_name=BASTI&district_code=3153&block_name=BANKATI&block_code=3153011&panchayat_name=HINAUTA&panchayat_code=3153011041&fin_year=2025-2026&source=&work_code=3153011041/IC/958486255823739648&msr_no=9192&AttendanceDate=21/03/2026&Digest=Rd32kj5rynRY/gHcP4BpTw",7
"BASTI","BANKATI","HINAUTA","3153011041/RC/958486255823750743","9645","https://mnregaweb4.nic.in/nregaarch/View_NMMS_atten_date_dtl_rpt.aspx?page=&short_name=UP&state_name=UTTAR%20PRADESH&state_code=31&district_name=BASTI&district_code=3153&block_name=BANKATI&block_code=3153011&panchayat_name=HINAUTA&panchayat_code=3153011041&fin_year=2025-2026&source=&work_code=3153011041/RC/958486255823750743&msr_no=9645&AttendanceDate=21/03/2026&Digest=SFdF5AAL7ViQm2qK41AJ5g",10
"BASTI","BANKATI","KHAMOKHAR","3153011049/FP/958486255823594955","9223","https://mnregaweb4.nic.in/nregaarch/View_NMMS_atten_date_dtl_rpt.aspx?page=&short_name=UP&state_name=UTTAR%20PRADESH&state_code=31&district_name=BASTI&district_code=3153&block_name=BANKATI&block_code=3153011&panchayat_name=KHAMOKHAR&panchayat_code=3153011049&fin_year=2025-2026&source=&work_code=3153011049/FP/958486255823594955&msr_no=9223&AttendanceDate=21/03/2026&Digest=+qr2hRVWGbjp/4On1r4ujQ",5
"BASTI","BANKATI","KHAROHA","3153011053/RC/958486255823653981","9600","https://mnregaweb4.nic.in/nregaarch/View_NMMS_atten_date_dtl_rpt.aspx?page=&short_name=UP&state_name=UTTAR%20PRADESH&state_code=31&district_name=BASTI&district_code=3153&block_name=BANKATI&block_code=3153011&panchayat_name=KHAROHA&panchayat_code=3153011053&fin_year=2025-2026&source=&work_code=3153011053/RC/958486255823653981&msr_no=9600&AttendanceDate=21/03/2026&Digest=H5QkuFydGcq0f3bliW/eRw",2
"BASTI","BANKATI","KHARWANIA","3153011054/FP/958486255823613677","9308","https://mnregaweb4.nic.in/nregaarch/View_NMMS_atten_date_dtl_rpt.aspx?page=&short_name=UP&state_name=UTTAR%20PRADESH&state_code=31&district_name=BASTI&district_code=3153&block_name=BANKATI&block_code=3153011&panchayat_name=KHARWANIA&panchayat_code=3153011054&fin_year=2025-2026&source=&work_code=3153011054/FP/958486255823613677&msr_no=9308&AttendanceDate=21/03/2026&Digest=FPkFHtY3RwZnVULb4on6ow",10
"BASTI","BANKATI","KHORIA","3153011056/IC/YD/958486255823722220","9636","https://mnregaweb4.nic.in/nregaarch/View_NMMS_atten_date_dtl_rpt.aspx?page=&short_name=UP&state_name=UTTAR%20PRADESH&state_code=31&district_name=BASTI&district_code=3153&block_name=BANKATI&block_code=3153011&panchayat_name=KHORIA&panchayat_code=3153011056&fin_year=2025-2026&source=&work_code=3153011056/IC/YD/958486255823722220&msr_no=9636&AttendanceDate=21/03/2026&Digest=D+ffWywRREi/WnCJojhiPQ",5
"BASTI","BANKATI","KHORIA","3153011056/LD/YD/958486255824966387","9304","https://mnregaweb4.nic.in/nregaarch/View_NMMS_atten_date_dtl_rpt.aspx?page=&short_name=UP&state_name=UTTAR%20PRADESH&state_code=31&district_name=BASTI&district_code=3153&block_name=BANKATI&block_code=3153011&panchayat_name=KHORIA&panchayat_code=3153011056&fin_year=2025-2026&source=&work_code=3153011056/LD/YD/958486255824966387&msr_no=9304&AttendanceDate=21/03/2026&Digest=uV1gjkU5hKt/qw2ulRuPNA",7
"BASTI","BANKATI","KHORIA","3153011056/LD/YD/958486255824966393","9247","https://mnregaweb4.nic.in/nregaarch/View_NMMS_atten_date_dtl_rpt.aspx?page=&short_name=UP&state_name=UTTAR%20PRADESH&state_code=31&district_name=BASTI&district_code=3153&block_name=BANKATI&block_code=3153011&panchayat_name=KHORIA&panchayat_code=3153011056&fin_year=2025-2026&source=&work_code=3153011056/LD/YD/958486255824966393&msr_no=9247&AttendanceDate=21/03/2026&Digest=tnov8cYGKMaoPup22JcjCg",6
"BASTI","BANKATI","KHORIA","3153011056/RC/YD/958486255823681577","9629","https://mnregaweb4.nic.in/nregaarch/View_NMMS_atten_date_dtl_rpt.aspx?page=&short_name=UP&state_name=UTTAR%20PRADESH&state_code=31&district_name=BASTI&district_code=3153&block_name=BANKATI&block_code=3153011&panchayat_name=KHORIA&panchayat_code=3153011056&fin_year=2025-2026&source=&work_code=3153011056/RC/YD/958486255823681577&msr_no=9629&AttendanceDate=21/03/2026&Digest=za0HjK5lN3mE/Zm8izhRhQ",8
"BASTI","BANKATI","KOHARAWA","3153011058/IC/958486255823741840","9555","https://mnregaweb4.nic.in/nregaarch/View_NMMS_atten_date_dtl_rpt.aspx?page=&short_name=UP&state_name=UTTAR%20PRADESH&state_code=31&district_name=BASTI&district_code=3153&block_name=BANKATI&block_code=3153011&panchayat_name=KOHARAWA&panchayat_code=3153011058&fin_year=2025-2026&source=&work_code=3153011058/IC/958486255823741840&msr_no=9555&AttendanceDate=21/03/2026&Digest=BZe+P1cQ6bI1YE4g+V2K9A",3
"BASTI","BANKATI","KURIYAR","3153011060/IC/958486255823712455","9364","https://mnregaweb4.nic.in/nregaarch/View_NMMS_atten_date_dtl_rpt.aspx?page=&short_name=UP&state_name=UTTAR%20PRADESH&state_code=31&district_name=BASTI&district_code=3153&block_name=BANKATI&block_code=3153011&panchayat_name=KURIYAR&panchayat_code=3153011060&fin_year=2025-2026&source=&work_code=3153011060/IC/958486255823712455&msr_no=9364&AttendanceDate=21/03/2026&Digest=QGBEbuxrypH5b5c3VBbzcw",10
"BASTI","BANKATI","KURIYAR","3153011060/IC/958486255823712455","9367","https://mnregaweb4.nic.in/nregaarch/View_NMMS_atten_date_dtl_rpt.aspx?page=&short_name=UP&state_name=UTTAR%20PRADESH&state_code=31&district_name=BASTI&district_code=3153&block_name=BANKATI&block_code=3153011&panchayat_name=KURIYAR&panchayat_code=3153011060&fin_year=2025-2026&source=&work_code=3153011060/IC/958486255823712455&msr_no=9367&AttendanceDate=21/03/2026&Digest=LhNxqBtnCm2Qz5+k89TATA",3
"BASTI","BANKATI","MANIKAURA KHURD","3153011063/LD/958486255824950146","9332","https://mnregaweb4.nic.in/nregaarch/View_NMMS_atten_date_dtl_rpt.aspx?page=&short_name=UP&state_name=UTTAR%20PRADESH&state_code=31&district_name=BASTI&district_code=3153&block_name=BANKATI&block_code=3153011&panchayat_name=MANIKAURA%20KHURD&panchayat_code=3153011063&fin_year=2025-2026&source=&work_code=3153011063/LD/958486255824950146&msr_no=9332&AttendanceDate=21/03/2026&Digest=hfLBxDp8ls36vaZml8R5Sg",10
"BASTI","BANKATI","MANIKAURA KHURD","3153011063/LD/958486255824950146","9335","https://mnregaweb4.nic.in/nregaarch/View_NMMS_atten_date_dtl_rpt.aspx?page=&short_name=UP&state_name=UTTAR%20PRADESH&state_code=31&district_name=BASTI&district_code=3153&block_name=BANKATI&block_code=3153011&panchayat_name=MANIKAURA%20KHURD&panchayat_code=3153011063&fin_year=2025-2026&source=&work_code=3153011063/LD/958486255824950146&msr_no=9335&AttendanceDate=21/03/2026&Digest=g+sY96iyHbZD1kavwIE6iw",10
"BASTI","BANKATI","PIKAWARA SHUKLA","3153011078/RC/958486255823744117","9232","https://mnregaweb4.nic.in/nregaarch/View_NMMS_atten_date_dtl_rpt.aspx?page=&short_name=UP&state_name=UTTAR%20PRADESH&state_code=31&district_name=BASTI&district_code=3153&block_name=BANKATI&block_code=3153011&panchayat_name=PIKAWARA%20SHUKLA&panchayat_code=3153011078&fin_year=2025-2026&source=&work_code=3153011078/RC/958486255823744117&msr_no=9232&AttendanceDate=21/03/2026&Digest=4ul/Bu6peIRUel1+/OXlvQ",8
"BASTI","BANKATI","PIKAWARA SHUKLA","3153011078/RC/958486255823744117","9235","https://mnregaweb4.nic.in/nregaarch/View_NMMS_atten_date_dtl_rpt.aspx?page=&short_name=UP&state_name=UTTAR%20PRADESH&state_code=31&district_name=BASTI&district_code=3153&block_name=BANKATI&block_code=3153011&panchayat_name=PIKAWARA%20SHUKLA&panchayat_code=3153011078&fin_year=2025-2026&source=&work_code=3153011078/RC/958486255823744117&msr_no=9235&AttendanceDate=21/03/2026&Digest=odrCx5xewDVC35WdqV2R5Q",5
"BASTI","BANKATI","SAJAHRA","3153011081/RC/958486255823741804","9486","https://mnregaweb4.nic.in/nregaarch/View_NMMS_atten_date_dtl_rpt.aspx?page=&short_name=UP&state_name=UTTAR%20PRADESH&state_code=31&district_name=BASTI&district_code=3153&block_name=BANKATI&block_code=3153011&panchayat_name=SAJAHRA&panchayat_code=3153011081&fin_year=2025-2026&source=&work_code=3153011081/RC/958486255823741804&msr_no=9486&AttendanceDate=21/03/2026&Digest=/a77Y0cHFDas35RzjtIGRg",1
"BASTI","BANKATI","SOBHAN PAR","3153011087/RC/958486255823735147","9273","https://mnregaweb4.nic.in/nregaarch/View_NMMS_atten_date_dtl_rpt.aspx?page=&short_name=UP&state_name=UTTAR%20PRADESH&state_code=31&district_name=BASTI&district_code=3153&block_name=BANKATI&block_code=3153011&panchayat_name=SOBHAN%20PAR&panchayat_code=3153011087&fin_year=2025-2026&source=&work_code=3153011087/RC/958486255823735147&msr_no=9273&AttendanceDate=21/03/2026&Digest=ZAfN/6Rjhl+1dQ/QdwJ1JA",1
"BASTI","BANKATI","MAHTHA","3153011096/RC/958486255823749757","9536","https://mnregaweb4.nic.in/nregaarch/View_NMMS_atten_date_dtl_rpt.aspx?page=&short_name=UP&state_name=UTTAR%20PRADESH&state_code=31&district_name=BASTI&district_code=3153&block_name=BANKATI&block_code=3153011&panchayat_name=MAHTHA&panchayat_code=3153011096&fin_year=2025-2026&source=&work_code=3153011096/RC/958486255823749757&msr_no=9536&AttendanceDate=21/03/2026&Digest=39QoC8ApTtLiYOxIzYK6DA",5
"BASTI","BANKATI","SISWA PANDEY","3153011101/RC/958486255823732562","9428","https://mnregaweb4.nic.in/nregaarch/View_NMMS_atten_date_dtl_rpt.aspx?page=&short_name=UP&state_name=UTTAR%20PRADESH&state_code=31&district_name=BASTI&district_code=3153&block_name=BANKATI&block_code=3153011&panchayat_name=SISWA%20PANDEY&panchayat_code=3153011101&fin_year=2025-2026&source=&work_code=3153011101/RC/958486255823732562&msr_no=9428&AttendanceDate=21/03/2026&Digest=WhuaqBrmWIt8ydw/fsjIZA",9
"BASTI","BANKATI","CHITRAKHOR","3153011104/IC/958486255823723378","9615","https://mnregaweb4.nic.in/nregaarch/View_NMMS_atten_date_dtl_rpt.aspx?page=&short_name=UP&state_name=UTTAR%20PRADESH&state_code=31&district_name=BASTI&district_code=3153&block_name=BANKATI&block_code=3153011&panchayat_name=CHITRAKHOR&panchayat_code=3153011104&fin_year=2025-2026&source=&work_code=3153011104/IC/958486255823723378&msr_no=9615&AttendanceDate=21/03/2026&Digest=EICH4y4vsBdtRW8Clyercg",7
"BASTI","BASTI","AVASHTAIPUR","3153010001/AV/958486255824150950","4346","https://mnregaweb4.nic.in/nregaarch/View_NMMS_atten_date_dtl_rpt.aspx?page=&short_name=UP&state_name=UTTAR%20PRADESH&state_code=31&district_name=BASTI&district_code=3153&block_name=BASTI&block_code=3153010&panchayat_name=AVASHTAIPUR&panchayat_code=3153010001&fin_year=2025-2026&source=&work_code=3153010001/AV/958486255824150950&msr_no=4346&AttendanceDate=21/03/2026&Digest=mRSStn++juAJiI/0wpvWKg",8
"BASTI","BASTI","ORAI","3153010065/WC/958486255824160997","4410","https://mnregaweb4.nic.in/nregaarch/View_NMMS_atten_date_dtl_rpt.aspx?page=&short_name=UP&state_name=UTTAR%20PRADESH&state_code=31&district_name=BASTI&district_code=3153&block_name=BASTI&block_code=3153010&panchayat_name=ORAI&panchayat_code=3153010065&fin_year=2025-2026&source=&work_code=3153010065/WC/958486255824160997&msr_no=4410&AttendanceDate=21/03/2026&Digest=H3EmrLUq/cIlQOsX/Jjtcw",8
"BASTI","DUBAULIYA","CHILMAPARSAN","3153014004/LD/958486255824919567","4125","https://mnregaweb4.nic.in/nregaarch/View_NMMS_atten_date_dtl_rpt.aspx?page=&short_name=UP&state_name=UTTAR%20PRADESH&state_code=31&district_name=BASTI&district_code=3153&block_name=DUBAULIYA&block_code=3153014&panchayat_name=CHILMAPARSAN&panchayat_code=3153014004&fin_year=2025-2026&source=&work_code=3153014004/LD/958486255824919567&msr_no=4125&AttendanceDate=21/03/2026&Digest=EwcKB0Lf5jkVwNqIoTRlwQ",9
"BASTI","DUBAULIYA","DEHIDIHA BUJURG","3153014010/RC/958486255823750688","4223","https://mnregaweb4.nic.in/nregaarch/View_NMMS_atten_date_dtl_rpt.aspx?page=&short_name=UP&state_name=UTTAR%20PRADESH&state_code=31&district_name=BASTI&district_code=3153&block_name=DUBAULIYA&block_code=3153014&panchayat_name=DEHIDIHA%20BUJURG&panchayat_code=3153014010&fin_year=2025-2026&source=&work_code=3153014010/RC/958486255823750688&msr_no=4223&AttendanceDate=21/03/2026&Digest=J2UPxw8C06EifduUZFl/Pw",10
"BASTI","DUBAULIYA","DEWRAGANGWAR","3153014015/LD/958486255825001483","4190","https://mnregaweb4.nic.in/nregaarch/View_NMMS_atten_date_dtl_rpt.aspx?page=&short_name=UP&state_name=UTTAR%20PRADESH&state_code=31&district_name=BASTI&district_code=3153&block_name=DUBAULIYA&block_code=3153014&panchayat_name=DEWRAGANGWAR&panchayat_code=3153014015&fin_year=2025-2026&source=&work_code=3153014015/LD/958486255825001483&msr_no=4190&AttendanceDate=21/03/2026&Digest=9SAVd/3ZKrqwiS2/lB2URw",1
"BASTI","DUBAULIYA","RAM NAGAR","3153014020/RC/958486255823749961","4175","https://mnregaweb4.nic.in/nregaarch/View_NMMS_atten_date_dtl_rpt.aspx?page=&short_name=UP&state_name=UTTAR%20PRADESH&state_code=31&district_name=BASTI&district_code=3153&block_name=DUBAULIYA&block_code=3153014&panchayat_name=RAM%20NAGAR&panchayat_code=3153014020&fin_year=2025-2026&source=&work_code=3153014020/RC/958486255823749961&msr_no=4175&AttendanceDate=21/03/2026&Digest=Zx1HeBdLNDVNWurReH/2JA",6
"BASTI","DUBAULIYA","RAM NAGAR","3153014020/RC/958486255823749962","4171","https://mnregaweb4.nic.in/nregaarch/View_NMMS_atten_date_dtl_rpt.aspx?page=&short_name=UP&state_name=UTTAR%20PRADESH&state_code=31&district_name=BASTI&district_code=3153&block_name=DUBAULIYA&block_code=3153014&panchayat_name=RAM%20NAGAR&panchayat_code=3153014020&fin_year=2025-2026&source=&work_code=3153014020/RC/958486255823749962&msr_no=4171&AttendanceDate=21/03/2026&Digest=n0mNk0qPWYBowpyHp3uYlQ",7
"BASTI","DUBAULIYA","PURE OARI RAI","3153014023/RC/958486255823749308","4139","https://mnregaweb4.nic.in/nregaarch/View_NMMS_atten_date_dtl_rpt.aspx?page=&short_name=UP&state_name=UTTAR%20PRADESH&state_code=31&district_name=BASTI&district_code=3153&block_name=DUBAULIYA&block_code=3153014&panchayat_name=PURE%20OARI%20RAI&panchayat_code=3153014023&fin_year=2025-2026&source=&work_code=3153014023/RC/958486255823749308&msr_no=4139&AttendanceDate=21/03/2026&Digest=CG6HKi1kRh6Gxf+z00BV9A",8
"BASTI","DUBAULIYA","PAYAK PUR","3153014025/RC/958486255823750843","4296","https://mnregaweb4.nic.in/nregaarch/View_NMMS_atten_date_dtl_rpt.aspx?page=&short_name=UP&state_name=UTTAR%20PRADESH&state_code=31&district_name=BASTI&district_code=3153&block_name=DUBAULIYA&block_code=3153014&panchayat_name=PAYAK%20PUR&panchayat_code=3153014025&fin_year=2025-2026&source=&work_code=3153014025/RC/958486255823750843&msr_no=4296&AttendanceDate=21/03/2026&Digest=13Ui5EeWQlkj6Yzz2nHFnQ",10
"BASTI","DUBAULIYA","LAXMANPUR","3153014030/LD/958486255824889814","4107","https://mnregaweb4.nic.in/nregaarch/View_NMMS_atten_date_dtl_rpt.aspx?page=&short_name=UP&state_name=UTTAR%20PRADESH&state_code=31&district_name=BASTI&district_code=3153&block_name=DUBAULIYA&block_code=3153014&panchayat_name=LAXMANPUR&panchayat_code=3153014030&fin_year=2025-2026&source=&work_code=3153014030/LD/958486255824889814&msr_no=4107&AttendanceDate=21/03/2026&Digest=7mLG15Z3dd+wPOIc8ePL9w",10
"BASTI","DUBAULIYA","LAXMANPUR","3153014030/LD/958486255824889814","4110","https://mnregaweb4.nic.in/nregaarch/View_NMMS_atten_date_dtl_rpt.aspx?page=&short_name=UP&state_name=UTTAR%20PRADESH&state_code=31&district_name=BASTI&district_code=3153&block_name=DUBAULIYA&block_code=3153014&panchayat_name=LAXMANPUR&panchayat_code=3153014030&fin_year=2025-2026&source=&work_code=3153014030/LD/958486255824889814&msr_no=4110&AttendanceDate=21/03/2026&Digest=7nZcMUicqaeqlh0M27CERQ",1
"BASTI","DUBAULIYA","LAXMANPUR","3153014030/LD/958486255824889814","4252","https://mnregaweb4.nic.in/nregaarch/View_NMMS_atten_date_dtl_rpt.aspx?page=&short_name=UP&state_name=UTTAR%20PRADESH&state_code=31&district_name=BASTI&district_code=3153&block_name=DUBAULIYA&block_code=3153014&panchayat_name=LAXMANPUR&panchayat_code=3153014030&fin_year=2025-2026&source=&work_code=3153014030/LD/958486255824889814&msr_no=4252&AttendanceDate=21/03/2026&Digest=9sDuQicQM4Zs2LdhIN9yKw",7
"BASTI","DUBAULIYA","LAXMANPUR","3153014030/LD/958486255824889824","4254","https://mnregaweb4.nic.in/nregaarch/View_NMMS_atten_date_dtl_rpt.aspx?page=&short_name=UP&state_name=UTTAR%20PRADESH&state_code=31&district_name=BASTI&district_code=3153&block_name=DUBAULIYA&block_code=3153014&panchayat_name=LAXMANPUR&panchayat_code=3153014030&fin_year=2025-2026&source=&work_code=3153014030/LD/958486255824889824&msr_no=4254&AttendanceDate=21/03/2026&Digest=iHAJmh5QyfWqg+0ZyVY2IA",3
"BASTI","DUBAULIYA","BHAKRAHI","3153014035/RC/958486255823750365","4161","https://mnregaweb4.nic.in/nregaarch/View_NMMS_atten_date_dtl_rpt.aspx?page=&short_name=UP&state_name=UTTAR%20PRADESH&state_code=31&district_name=BASTI&district_code=3153&block_name=DUBAULIYA&block_code=3153014&panchayat_name=BHAKRAHI&panchayat_code=3153014035&fin_year=2025-2026&source=&work_code=3153014035/RC/958486255823750365&msr_no=4161&AttendanceDate=21/03/2026&Digest=0j7IAvLlQdWGu729k1dllA",10
"BASTI","DUBAULIYA","TIGHRA","3153014041/RC/958486255823694419","4291","https://mnregaweb4.nic.in/nregaarch/View_NMMS_atten_date_dtl_rpt.aspx?page=&short_name=UP&state_name=UTTAR%20PRADESH&state_code=31&district_name=BASTI&district_code=3153&block_name=DUBAULIYA&block_code=3153014&panchayat_name=TIGHRA&panchayat_code=3153014041&fin_year=2025-2026&source=&work_code=3153014041/RC/958486255823694419&msr_no=4291&AttendanceDate=21/03/2026&Digest=ncr+SVQuFVeig+pYSympYg",1
"BASTI","DUBAULIYA","BARSAV","3153014055/RC/958486255823751326","4272","https://mnregaweb4.nic.in/nregaarch/View_NMMS_atten_date_dtl_rpt.aspx?page=&short_name=UP&state_name=UTTAR%20PRADESH&state_code=31&district_name=BASTI&district_code=3153&block_name=DUBAULIYA&block_code=3153014&panchayat_name=BARSAV&panchayat_code=3153014055&fin_year=2025-2026&source=&work_code=3153014055/RC/958486255823751326&msr_no=4272&AttendanceDate=21/03/2026&Digest=yfo9gBN4BNkBUpQhLtJQiA",4
"BASTI","DUBAULIYA","BASANTPUR","3153014056/RC/958486255823751367","4282","https://mnregaweb4.nic.in/nregaarch/View_NMMS_atten_date_dtl_rpt.aspx?page=&short_name=UP&state_name=UTTAR%20PRADESH&state_code=31&district_name=BASTI&district_code=3153&block_name=DUBAULIYA&block_code=3153014&panchayat_name=BASANTPUR&panchayat_code=3153014056&fin_year=2025-2026&source=&work_code=3153014056/RC/958486255823751367&msr_no=4282&AttendanceDate=21/03/2026&Digest=J43q6w6i35kST58g0Uijyg",3
"BASTI","GAUR","ASANHARA","3153002006/RC/958486255823746228","6487","https://mnregaweb4.nic.in/nregaarch/View_NMMS_atten_date_dtl_rpt.aspx?page=&short_name=UP&state_name=UTTAR%20PRADESH&state_code=31&district_name=BASTI&district_code=3153&block_name=GAUR&block_code=3153002&panchayat_name=ASANHARA&panchayat_code=3153002006&fin_year=2025-2026&source=&work_code=3153002006/RC/958486255823746228&msr_no=6487&AttendanceDate=21/03/2026&Digest=N2A16R4WyoILRg1n7GJKdQ",8
"BASTI","GAUR","BADYA","3153002009/IC/958486255823728562","6356","https://mnregaweb4.nic.in/nregaarch/View_NMMS_atten_date_dtl_rpt.aspx?page=&short_name=UP&state_name=UTTAR%20PRADESH&state_code=31&district_name=BASTI&district_code=3153&block_name=GAUR&block_code=3153002&panchayat_name=BADYA&panchayat_code=3153002009&fin_year=2025-2026&source=&work_code=3153002009/IC/958486255823728562&msr_no=6356&AttendanceDate=21/03/2026&Digest=2it6OQ7QnMB2WLA//vAc0Q",10
"BASTI","GAUR","BABHANGAVA KHURD","3153002014/AV/958486255824173587","6351","https://mnregaweb4.nic.in/nregaarch/View_NMMS_atten_date_dtl_rpt.aspx?page=&short_name=UP&state_name=UTTAR%20PRADESH&state_code=31&district_name=BASTI&district_code=3153&block_name=GAUR&block_code=3153002&panchayat_name=BABHANGAVA%20KHURD&panchayat_code=3153002014&fin_year=2025-2026&source=&work_code=3153002014/AV/958486255824173587&msr_no=6351&AttendanceDate=21/03/2026&Digest=laE4c+WkhDcllWfWLosabQ",10
"BASTI","GAUR","DEGRAHA","3153002035/WC/958486255824252593","6278","https://mnregaweb4.nic.in/nregaarch/View_NMMS_atten_date_dtl_rpt.aspx?page=&short_name=UP&state_name=UTTAR%20PRADESH&state_code=31&district_name=BASTI&district_code=3153&block_name=GAUR&block_code=3153002&panchayat_name=DEGRAHA&panchayat_code=3153002035&fin_year=2025-2026&source=&work_code=3153002035/WC/958486255824252593&msr_no=6278&AttendanceDate=21/03/2026&Digest=3wEiNmGTUTK2btAe/AaYHg",6
"BASTI","GAUR","DEGRAHA","3153002035/WC/958486255824252593","6281","https://mnregaweb4.nic.in/nregaarch/View_NMMS_atten_date_dtl_rpt.aspx?page=&short_name=UP&state_name=UTTAR%20PRADESH&state_code=31&district_name=BASTI&district_code=3153&block_name=GAUR&block_code=3153002&panchayat_name=DEGRAHA&panchayat_code=3153002035&fin_year=2025-2026&source=&work_code=3153002035/WC/958486255824252593&msr_no=6281&AttendanceDate=21/03/2026&Digest=2MZKetB2lokCJ9peG3dPpg",3
"BASTI","GAUR","HARDI","3153002043/IC/958486255823744557","6402","https://mnregaweb4.nic.in/nregaarch/View_NMMS_atten_date_dtl_rpt.aspx?page=&short_name=UP&state_name=UTTAR%20PRADESH&state_code=31&district_name=BASTI&district_code=3153&block_name=GAUR&block_code=3153002&panchayat_name=HARDI&panchayat_code=3153002043&fin_year=2025-2026&source=&work_code=3153002043/IC/958486255823744557&msr_no=6402&AttendanceDate=21/03/2026&Digest=cobK/OWHVvF8P7BIj7Th/w",4
"BASTI","GAUR","HARDI","3153002043/WC/958486255824252613","6405","https://mnregaweb4.nic.in/nregaarch/View_NMMS_atten_date_dtl_rpt.aspx?page=&short_name=UP&state_name=UTTAR%20PRADESH&state_code=31&district_name=BASTI&district_code=3153&block_name=GAUR&block_code=3153002&panchayat_name=HARDI&panchayat_code=3153002043&fin_year=2025-2026&source=&work_code=3153002043/WC/958486255824252613&msr_no=6405&AttendanceDate=21/03/2026&Digest=bKPZX+i6fXIDVi3xnmQZcw",6
"BASTI","GAUR","KUCHURUPUR","3153002055/RC/958486255823691325","6237","https://mnregaweb4.nic.in/nregaarch/View_NMMS_atten_date_dtl_rpt.aspx?page=&short_name=UP&state_name=UTTAR%20PRADESH&state_code=31&district_name=BASTI&district_code=3153&block_name=GAUR&block_code=3153002&panchayat_name=KUCHURUPUR&panchayat_code=3153002055&fin_year=2025-2026&source=&work_code=3153002055/RC/958486255823691325&msr_no=6237&AttendanceDate=21/03/2026&Digest=vvX7j2Gut0MF5UvgWyFjGg",6
"BASTI","GAUR","KUNGAI BUJURG","3153002056/RC/958486255823745699","6197","https://mnregaweb4.nic.in/nregaarch/View_NMMS_atten_date_dtl_rpt.aspx?page=&short_name=UP&state_name=UTTAR%20PRADESH&state_code=31&district_name=BASTI&district_code=3153&block_name=GAUR&block_code=3153002&panchayat_name=KUNGAI%20BUJURG&panchayat_code=3153002056&fin_year=2025-2026&source=&work_code=3153002056/RC/958486255823745699&msr_no=6197&AttendanceDate=21/03/2026&Digest=n+Zh+rGYAfzQbuOZbLfs1w",6
"BASTI","GAUR","MAHUVADABR","3153002059/AV/958486255824185057","6255","https://mnregaweb4.nic.in/nregaarch/View_NMMS_atten_date_dtl_rpt.aspx?page=&short_name=UP&state_name=UTTAR%20PRADESH&state_code=31&district_name=BASTI&district_code=3153&block_name=GAUR&block_code=3153002&panchayat_name=MAHUVADABR&panchayat_code=3153002059&fin_year=2025-2026&source=&work_code=3153002059/AV/958486255824185057&msr_no=6255&AttendanceDate=21/03/2026&Digest=Tcp/pAwL+iUiLzMHy/2z/Q",10
"BASTI","GAUR","MAJHAMAANPUR","3153002060/LD/958486255824945073","6242","https://mnregaweb4.nic.in/nregaarch/View_NMMS_atten_date_dtl_rpt.aspx?page=&short_name=UP&state_name=UTTAR%20PRADESH&state_code=31&district_name=BASTI&district_code=3153&block_name=GAUR&block_code=3153002&panchayat_name=MAJHAMAANPUR&panchayat_code=3153002060&fin_year=2025-2026&source=&work_code=3153002060/LD/958486255824945073&msr_no=6242&AttendanceDate=21/03/2026&Digest=j2pvpVMRJHaU+WXBpXs/nQ",10
"BASTI","GAUR","MAJHAUVA CHAUBEY","3153002061/LD/958486255824996187","6226","https://mnregaweb4.nic.in/nregaarch/View_NMMS_atten_date_dtl_rpt.aspx?page=&short_name=UP&state_name=UTTAR%20PRADESH&state_code=31&district_name=BASTI&district_code=3153&block_name=GAUR&block_code=3153002&panchayat_name=MAJHAUVA%20CHAUBEY&panchayat_code=3153002061&fin_year=2025-2026&source=&work_code=3153002061/LD/958486255824996187&msr_no=6226&AttendanceDate=21/03/2026&Digest=siGp4OvrNlMUmwOxuC431A",5
"BASTI","GAUR","MUDSARA","3153002065/AV/958486255824169622","6512","https://mnregaweb4.nic.in/nregaarch/View_NMMS_atten_date_dtl_rpt.aspx?page=&short_name=UP&state_name=UTTAR%20PRADESH&state_code=31&district_name=BASTI&district_code=3153&block_name=GAUR&block_code=3153002&panchayat_name=MUDSARA&panchayat_code=3153002065&fin_year=2025-2026&source=&work_code=3153002065/AV/958486255824169622&msr_no=6512&AttendanceDate=21/03/2026&Digest=QGHktmxdUwHi5Zl726w0Bg",4
"BASTI","GAUR","RAMVA PUR","3153002079/RC/958486255823749322","6482","https://mnregaweb4.nic.in/nregaarch/View_NMMS_atten_date_dtl_rpt.aspx?page=&short_name=UP&state_name=UTTAR%20PRADESH&state_code=31&district_name=BASTI&district_code=3153&block_name=GAUR&block_code=3153002&panchayat_name=RAMVA%20PUR&panchayat_code=3153002079&fin_year=2025-2026&source=&work_code=3153002079/RC/958486255823749322&msr_no=6482&AttendanceDate=21/03/2026&Digest=6QkOgp0THdtfLTu/oECGKQ",4
"BASTI","GAUR","RAMVA PUR","3153002079/RC/958486255823749333","6478","https://mnregaweb4.nic.in/nregaarch/View_NMMS_atten_date_dtl_rpt.aspx?page=&short_name=UP&state_name=UTTAR%20PRADESH&state_code=31&district_name=BASTI&district_code=3153&block_name=GAUR&block_code=3153002&panchayat_name=RAMVA%20PUR&panchayat_code=3153002079&fin_year=2025-2026&source=&work_code=3153002079/RC/958486255823749333&msr_no=6478&AttendanceDate=21/03/2026&Digest=SWomErEkJHc15bfjZHyQmA",9
"BASTI","GAUR","RANIPUR BABU","3153002080/IC/958486255823745018","6307","https://mnregaweb4.nic.in/nregaarch/View_NMMS_atten_date_dtl_rpt.aspx?page=&short_name=UP&state_name=UTTAR%20PRADESH&state_code=31&district_name=BASTI&district_code=3153&block_name=GAUR&block_code=3153002&panchayat_name=RANIPUR%20BABU&panchayat_code=3153002080&fin_year=2025-2026&source=&work_code=3153002080/IC/958486255823745018&msr_no=6307&AttendanceDate=21/03/2026&Digest=E1sAtselNGkc5y4yd2t1Ew",9
"BASTI","GAUR","RANIPUR BABU","3153002080/IC/958486255823745018","6310","https://mnregaweb4.nic.in/nregaarch/View_NMMS_atten_date_dtl_rpt.aspx?page=&short_name=UP&state_name=UTTAR%20PRADESH&state_code=31&district_name=BASTI&district_code=3153&block_name=GAUR&block_code=3153002&panchayat_name=RANIPUR%20BABU&panchayat_code=3153002080&fin_year=2025-2026&source=&work_code=3153002080/IC/958486255823745018&msr_no=6310&AttendanceDate=21/03/2026&Digest=Kr+3J90uH4bBBjxY20Zo0A",10
"BASTI","GAUR","RANIPUR BABU","3153002080/IC/958486255823745019","6578","https://mnregaweb4.nic.in/nregaarch/View_NMMS_atten_date_dtl_rpt.aspx?page=&short_name=UP&state_name=UTTAR%20PRADESH&state_code=31&district_name=BASTI&district_code=3153&block_name=GAUR&block_code=3153002&panchayat_name=RANIPUR%20BABU&panchayat_code=3153002080&fin_year=2025-2026&source=&work_code=3153002080/IC/958486255823745019&msr_no=6578&AttendanceDate=21/03/2026&Digest=tBkzLRk+klI5ukZS9dZ5OA",9
"BASTI","GAUR","RANIPUR BABU","3153002080/IC/958486255823745019","6581","https://mnregaweb4.nic.in/nregaarch/View_NMMS_atten_date_dtl_rpt.aspx?page=&short_name=UP&state_name=UTTAR%20PRADESH&state_code=31&district_name=BASTI&district_code=3153&block_name=GAUR&block_code=3153002&panchayat_name=RANIPUR%20BABU&panchayat_code=3153002080&fin_year=2025-2026&source=&work_code=3153002080/IC/958486255823745019&msr_no=6581&AttendanceDate=21/03/2026&Digest=fSoJo2lztB+55QmoEtiMnw",4
"BASTI","GAUR","SARNAGI.","3153002083/RC/958486255823738128","6301","https://mnregaweb4.nic.in/nregaarch/View_NMMS_atten_date_dtl_rpt.aspx?page=&short_name=UP&state_name=UTTAR%20PRADESH&state_code=31&district_name=BASTI&district_code=3153&block_name=GAUR&block_code=3153002&panchayat_name=SARNAGI.&panchayat_code=3153002083&fin_year=2025-2026&source=&work_code=3153002083/RC/958486255823738128&msr_no=6301&AttendanceDate=21/03/2026&Digest=C5kWnPi46puHUbK1r2G05A",10
"BASTI","GAUR","SHEMRA","3153002086/LD/958486255825004508","6386","https://mnregaweb4.nic.in/nregaarch/View_NMMS_atten_date_dtl_rpt.aspx?page=&short_name=UP&state_name=UTTAR%20PRADESH&state_code=31&district_name=BASTI&district_code=3153&block_name=GAUR&block_code=3153002&panchayat_name=SHEMRA&panchayat_code=3153002086&fin_year=2025-2026&source=&work_code=3153002086/LD/958486255825004508&msr_no=6386&AttendanceDate=21/03/2026&Digest=Nr+Yjxln43Y/DurCBlkC8Q",10
"BASTI","GAUR","TENUI CHET SINGH","3153002092/IC/958486255823745285","6345","https://mnregaweb4.nic.in/nregaarch/View_NMMS_atten_date_dtl_rpt.aspx?page=&short_name=UP&state_name=UTTAR%20PRADESH&state_code=31&district_name=BASTI&district_code=3153&block_name=GAUR&block_code=3153002&panchayat_name=TENUI%20CHET%20SINGH&panchayat_code=3153002092&fin_year=2025-2026&source=&work_code=3153002092/IC/958486255823745285&msr_no=6345&AttendanceDate=21/03/2026&Digest=+Ea8YI4MS+dBYPRhYPhfKg",2
"BASTI","GAUR","TENUI CHET SINGH","3153002092/IC/958486255823746518","6574","https://mnregaweb4.nic.in/nregaarch/View_NMMS_atten_date_dtl_rpt.aspx?page=&short_name=UP&state_name=UTTAR%20PRADESH&state_code=31&district_name=BASTI&district_code=3153&block_name=GAUR&block_code=3153002&panchayat_name=TENUI%20CHET%20SINGH&panchayat_code=3153002092&fin_year=2025-2026&source=&work_code=3153002092/IC/958486255823746518&msr_no=6574&AttendanceDate=21/03/2026&Digest=B506TjNXzOUnxY8umjGz2w",6
"BASTI","GAUR","TENUI CHET SINGH","3153002092/IC/958486255823746518","6577","https://mnregaweb4.nic.in/nregaarch/View_NMMS_atten_date_dtl_rpt.aspx?page=&short_name=UP&state_name=UTTAR%20PRADESH&state_code=31&district_name=BASTI&district_code=3153&block_name=GAUR&block_code=3153002&panchayat_name=TENUI%20CHET%20SINGH&panchayat_code=3153002092&fin_year=2025-2026&source=&work_code=3153002092/IC/958486255823746518&msr_no=6577&AttendanceDate=21/03/2026&Digest=xGus+JrghbW+sUykjoC/1g",4
"BASTI","GAUR","TENUI CHET SINGH","3153002092/WC/958486255824251198","6261","https://mnregaweb4.nic.in/nregaarch/View_NMMS_atten_date_dtl_rpt.aspx?page=&short_name=UP&state_name=UTTAR%20PRADESH&state_code=31&district_name=BASTI&district_code=3153&block_name=GAUR&block_code=3153002&panchayat_name=TENUI%20CHET%20SINGH&panchayat_code=3153002092&fin_year=2025-2026&source=&work_code=3153002092/WC/958486255824251198&msr_no=6261&AttendanceDate=21/03/2026&Digest=WZ0hrT0oHMyXhi6pZZNfUw",9
"BASTI","GAUR","TENUI CHET SINGH","3153002092/WC/958486255824251198","6264","https://mnregaweb4.nic.in/nregaarch/View_NMMS_atten_date_dtl_rpt.aspx?page=&short_name=UP&state_name=UTTAR%20PRADESH&state_code=31&district_name=BASTI&district_code=3153&block_name=GAUR&block_code=3153002&panchayat_name=TENUI%20CHET%20SINGH&panchayat_code=3153002092&fin_year=2025-2026&source=&work_code=3153002092/WC/958486255824251198&msr_no=6264&AttendanceDate=21/03/2026&Digest=2OJkqZ0o5nEyMhWc53VAKw",9
"BASTI","GAUR","GHAGHARIYA","3153002094/LD/958486255824988251","6391","https://mnregaweb4.nic.in/nregaarch/View_NMMS_atten_date_dtl_rpt.aspx?page=&short_name=UP&state_name=UTTAR%20PRADESH&state_code=31&district_name=BASTI&district_code=3153&block_name=GAUR&block_code=3153002&panchayat_name=GHAGHARIYA&panchayat_code=3153002094&fin_year=2025-2026&source=&work_code=3153002094/LD/958486255824988251&msr_no=6391&AttendanceDate=21/03/2026&Digest=QPFCDmBHZcpg9/mZsJQLLg",9
"BASTI","GAUR","SAURAHA","3153002107/LD/958486255824938807","6291","https://mnregaweb4.nic.in/nregaarch/View_NMMS_atten_date_dtl_rpt.aspx?page=&short_name=UP&state_name=UTTAR%20PRADESH&state_code=31&district_name=BASTI&district_code=3153&block_name=GAUR&block_code=3153002&panchayat_name=SAURAHA&panchayat_code=3153002107&fin_year=2025-2026&source=&work_code=3153002107/LD/958486255824938807&msr_no=6291&AttendanceDate=21/03/2026&Digest=wtc7qPKjeU/yR2WlC+kr8w",2
"BASTI","HARRAIYA","BHITI MISHR","3153003010/LD/958486255824946085","6845","https://mnregaweb4.nic.in/nregaarch/View_NMMS_atten_date_dtl_rpt.aspx?page=&short_name=UP&state_name=UTTAR%20PRADESH&state_code=31&district_name=BASTI&district_code=3153&block_name=HARRAIYA&block_code=3153003&panchayat_name=BHITI%20MISHR&panchayat_code=3153003010&fin_year=2025-2026&source=&work_code=3153003010/LD/958486255824946085&msr_no=6845&AttendanceDate=21/03/2026&Digest=ohAFqXLZQGHK+aspqkrXTQ",10
"BASTI","HARRAIYA","BHAIRO PUR","3153003027/RC/YD/958486255823736251","6940","https://mnregaweb4.nic.in/nregaarch/View_NMMS_atten_date_dtl_rpt.aspx?page=&short_name=UP&state_name=UTTAR%20PRADESH&state_code=31&district_name=BASTI&district_code=3153&block_name=HARRAIYA&block_code=3153003&panchayat_name=BHAIRO%20PUR&panchayat_code=3153003027&fin_year=2025-2026&source=&work_code=3153003027/RC/YD/958486255823736251&msr_no=6940&AttendanceDate=21/03/2026&Digest=QN+ZY4QhPstgW268KidZ+w",9
"BASTI","HARRAIYA","BANS GAW","3153003031/LD/958486255824999778","6894","https://mnregaweb4.nic.in/nregaarch/View_NMMS_atten_date_dtl_rpt.aspx?page=&short_name=UP&state_name=UTTAR%20PRADESH&state_code=31&district_name=BASTI&district_code=3153&block_name=HARRAIYA&block_code=3153003&panchayat_name=BANS%20GAW&panchayat_code=3153003031&fin_year=2025-2026&source=&work_code=3153003031/LD/958486255824999778&msr_no=6894&AttendanceDate=21/03/2026&Digest=PbjVVg0nKYW9XFtwybAHqw",10
"BASTI","HARRAIYA","MARWATIA BHAWAN","3153003039/AV/958486255824176086","6919","https://mnregaweb4.nic.in/nregaarch/View_NMMS_atten_date_dtl_rpt.aspx?page=&short_name=UP&state_name=UTTAR%20PRADESH&state_code=31&district_name=BASTI&district_code=3153&block_name=HARRAIYA&block_code=3153003&panchayat_name=MARWATIA%20BHAWAN&panchayat_code=3153003039&fin_year=2025-2026&source=&work_code=3153003039/AV/958486255824176086&msr_no=6919&AttendanceDate=21/03/2026&Digest=wLN8RwOlGSee1x8T5jLZjw",10
"BASTI","HARRAIYA","BHARGAWA","3153003058/AV/958486255824185671","6759","https://mnregaweb4.nic.in/nregaarch/View_NMMS_atten_date_dtl_rpt.aspx?page=&short_name=UP&state_name=UTTAR%20PRADESH&state_code=31&district_name=BASTI&district_code=3153&block_name=HARRAIYA&block_code=3153003&panchayat_name=BHARGAWA&panchayat_code=3153003058&fin_year=2025-2026&source=&work_code=3153003058/AV/958486255824185671&msr_no=6759&AttendanceDate=21/03/2026&Digest=36Mn9qQ2ge0qi1tfybXGnA",10
"BASTI","HARRAIYA","BHARGAWA","3153003058/RC/958486255823718541","6856","https://mnregaweb4.nic.in/nregaarch/View_NMMS_atten_date_dtl_rpt.aspx?page=&short_name=UP&state_name=UTTAR%20PRADESH&state_code=31&district_name=BASTI&district_code=3153&block_name=HARRAIYA&block_code=3153003&panchayat_name=BHARGAWA&panchayat_code=3153003058&fin_year=2025-2026&source=&work_code=3153003058/RC/958486255823718541&msr_no=6856&AttendanceDate=21/03/2026&Digest=FmptTYvyLFmgWfEvB65UVw",10
"BASTI","HARRAIYA","KHAMHARIA GANGARAM","3153003061/LD/958486255824988270","6913","https://mnregaweb4.nic.in/nregaarch/View_NMMS_atten_date_dtl_rpt.aspx?page=&short_name=UP&state_name=UTTAR%20PRADESH&state_code=31&district_name=BASTI&district_code=3153&block_name=HARRAIYA&block_code=3153003&panchayat_name=KHAMHARIA%20GANGARAM&panchayat_code=3153003061&fin_year=2025-2026&source=&work_code=3153003061/LD/958486255824988270&msr_no=6913&AttendanceDate=21/03/2026&Digest=7EDPkM/hPLSQ65yrEKvM1w",10
"BASTI","HARRAIYA","KHAMHARIA GANGARAM","3153003061/LD/958486255824988270","6916","https://mnregaweb4.nic.in/nregaarch/View_NMMS_atten_date_dtl_rpt.aspx?page=&short_name=UP&state_name=UTTAR%20PRADESH&state_code=31&district_name=BASTI&district_code=3153&block_name=HARRAIYA&block_code=3153003&panchayat_name=KHAMHARIA%20GANGARAM&panchayat_code=3153003061&fin_year=2025-2026&source=&work_code=3153003061/LD/958486255824988270&msr_no=6916&AttendanceDate=21/03/2026&Digest=Q0TJrg1Wfke//mkwl6K6Lw",5
"BASTI","HARRAIYA","KHAMHARIA GANGARAM","3153003061/LD/958486255824988274","6923","https://mnregaweb4.nic.in/nregaarch/View_NMMS_atten_date_dtl_rpt.aspx?page=&short_name=UP&state_name=UTTAR%20PRADESH&state_code=31&district_name=BASTI&district_code=3153&block_name=HARRAIYA&block_code=3153003&panchayat_name=KHAMHARIA%20GANGARAM&panchayat_code=3153003061&fin_year=2025-2026&source=&work_code=3153003061/LD/958486255824988274&msr_no=6923&AttendanceDate=21/03/2026&Digest=oN386LyVsr6T47/+Aed4ZA",10
"BASTI","HARRAIYA","KHAMHARIA GANGARAM","3153003061/LD/958486255824988274","6926","https://mnregaweb4.nic.in/nregaarch/View_NMMS_atten_date_dtl_rpt.aspx?page=&short_name=UP&state_name=UTTAR%20PRADESH&state_code=31&district_name=BASTI&district_code=3153&block_name=HARRAIYA&block_code=3153003&panchayat_name=KHAMHARIA%20GANGARAM&panchayat_code=3153003061&fin_year=2025-2026&source=&work_code=3153003061/LD/958486255824988274&msr_no=6926&AttendanceDate=21/03/2026&Digest=gwZHTLmSSKklw9WTyRVhuw",10
"BASTI","HARRAIYA","PURAINA KHAS","3153003065/AV/958486255824184943","6989","https://mnregaweb4.nic.in/nregaarch/View_NMMS_atten_date_dtl_rpt.aspx?page=&short_name=UP&state_name=UTTAR%20PRADESH&state_code=31&district_name=BASTI&district_code=3153&block_name=HARRAIYA&block_code=3153003&panchayat_name=PURAINA%20KHAS&panchayat_code=3153003065&fin_year=2025-2026&source=&work_code=3153003065/AV/958486255824184943&msr_no=6989&AttendanceDate=21/03/2026&Digest=wR4CRDiAwzFe7zdf1hffkw",6
"BASTI","HARRAIYA","BHADAWAL KALA","3153003074/WH/958486255823988938","6871","https://mnregaweb4.nic.in/nregaarch/View_NMMS_atten_date_dtl_rpt.aspx?page=&short_name=UP&state_name=UTTAR%20PRADESH&state_code=31&district_name=BASTI&district_code=3153&block_name=HARRAIYA&block_code=3153003&panchayat_name=BHADAWAL%20KALA&panchayat_code=3153003074&fin_year=2025-2026&source=&work_code=3153003074/WH/958486255823988938&msr_no=6871&AttendanceDate=21/03/2026&Digest=RCP2l+sZAjaoQRnR8Qu3KQ",10
"BASTI","HARRAIYA","BHADAWAL KALA","3153003074/WH/958486255823988938","6874","https://mnregaweb4.nic.in/nregaarch/View_NMMS_atten_date_dtl_rpt.aspx?page=&short_name=UP&state_name=UTTAR%20PRADESH&state_code=31&district_name=BASTI&district_code=3153&block_name=HARRAIYA&block_code=3153003&panchayat_name=BHADAWAL%20KALA&panchayat_code=3153003074&fin_year=2025-2026&source=&work_code=3153003074/WH/958486255823988938&msr_no=6874&AttendanceDate=21/03/2026&Digest=UnV3LxOQwTQKQsq0fyHmMw",10
"BASTI","HARRAIYA","SHAMBHUPUR","3153003077/WC/958486255823257967","6842","https://mnregaweb4.nic.in/nregaarch/View_NMMS_atten_date_dtl_rpt.aspx?page=&short_name=UP&state_name=UTTAR%20PRADESH&state_code=31&district_name=BASTI&district_code=3153&block_name=HARRAIYA&block_code=3153003&panchayat_name=SHAMBHUPUR&panchayat_code=3153003077&fin_year=2025-2026&source=&work_code=3153003077/WC/958486255823257967&msr_no=6842&AttendanceDate=21/03/2026&Digest=G4SatvwYXykCTuKskAnuwg",10
"BASTI","HARRAIYA","KESHAWPUR","3153003079/LD/958486255824879264","6977","https://mnregaweb4.nic.in/nregaarch/View_NMMS_atten_date_dtl_rpt.aspx?page=&short_name=UP&state_name=UTTAR%20PRADESH&state_code=31&district_name=BASTI&district_code=3153&block_name=HARRAIYA&block_code=3153003&panchayat_name=KESHAWPUR&panchayat_code=3153003079&fin_year=2025-2026&source=&work_code=3153003079/LD/958486255824879264&msr_no=6977&AttendanceDate=21/03/2026&Digest=NnpmpdCSQ85YaOda4dZsxg",10
"BASTI","HARRAIYA","KESHAWPUR","3153003079/LD/958486255824879264","6980","https://mnregaweb4.nic.in/nregaarch/View_NMMS_atten_date_dtl_rpt.aspx?page=&short_name=UP&state_name=UTTAR%20PRADESH&state_code=31&district_name=BASTI&district_code=3153&block_name=HARRAIYA&block_code=3153003&panchayat_name=KESHAWPUR&panchayat_code=3153003079&fin_year=2025-2026&source=&work_code=3153003079/LD/958486255824879264&msr_no=6980&AttendanceDate=21/03/2026&Digest=ykZo5M7BnbaJYnjWa446cw",6
"BASTI","HARRAIYA","KESHAWPUR","3153003079/LD/958486255825004294","6973","https://mnregaweb4.nic.in/nregaarch/View_NMMS_atten_date_dtl_rpt.aspx?page=&short_name=UP&state_name=UTTAR%20PRADESH&state_code=31&district_name=BASTI&district_code=3153&block_name=HARRAIYA&block_code=3153003&panchayat_name=KESHAWPUR&panchayat_code=3153003079&fin_year=2025-2026&source=&work_code=3153003079/LD/958486255825004294&msr_no=6973&AttendanceDate=21/03/2026&Digest=b3HgS96ocA/o2fZ3QG11sg",10
"BASTI","HARRAIYA","KESHAWPUR","3153003079/LD/958486255825004294","6976","https://mnregaweb4.nic.in/nregaarch/View_NMMS_atten_date_dtl_rpt.aspx?page=&short_name=UP&state_name=UTTAR%20PRADESH&state_code=31&district_name=BASTI&district_code=3153&block_name=HARRAIYA&block_code=3153003&panchayat_name=KESHAWPUR&panchayat_code=3153003079&fin_year=2025-2026&source=&work_code=3153003079/LD/958486255825004294&msr_no=6976&AttendanceDate=21/03/2026&Digest=DQTmKLNzpiS1NjVmcTcsEg",2
"BASTI","HARRAIYA","SAKARDAHA","3153003082/WH/958486255824006881","6757","https://mnregaweb4.nic.in/nregaarch/View_NMMS_atten_date_dtl_rpt.aspx?page=&short_name=UP&state_name=UTTAR%20PRADESH&state_code=31&district_name=BASTI&district_code=3153&block_name=HARRAIYA&block_code=3153003&panchayat_name=SAKARDAHA&panchayat_code=3153003082&fin_year=2025-2026&source=&work_code=3153003082/WH/958486255824006881&msr_no=6757&AttendanceDate=21/03/2026&Digest=ARe0ctd9rotZdjTZpNTIwA",9
"BASTI","HARRAIYA","KISHUNPUR","3153003084/RC/958486255823446020","6949","https://mnregaweb4.nic.in/nregaarch/View_NMMS_atten_date_dtl_rpt.aspx?page=&short_name=UP&state_name=UTTAR%20PRADESH&state_code=31&district_name=BASTI&district_code=3153&block_name=HARRAIYA&block_code=3153003&panchayat_name=KISHUNPUR&panchayat_code=3153003084&fin_year=2025-2026&source=&work_code=3153003084/RC/958486255823446020&msr_no=6949&AttendanceDate=21/03/2026&Digest=C6uG+/9Igssf3jYFf9HMiA",10
"BASTI","HARRAIYA","KISHUNPUR","3153003084/RC/958486255823446033","6948","https://mnregaweb4.nic.in/nregaarch/View_NMMS_atten_date_dtl_rpt.aspx?page=&short_name=UP&state_name=UTTAR%20PRADESH&state_code=31&district_name=BASTI&district_code=3153&block_name=HARRAIYA&block_code=3153003&panchayat_name=KISHUNPUR&panchayat_code=3153003084&fin_year=2025-2026&source=&work_code=3153003084/RC/958486255823446033&msr_no=6948&AttendanceDate=21/03/2026&Digest=s+wF1TSEribDs2llymFOCw",7
"BASTI","HARRAIYA","MUDWARA","3153003091/RC/958486255823747721","6887","https://mnregaweb4.nic.in/nregaarch/View_NMMS_atten_date_dtl_rpt.aspx?page=&short_name=UP&state_name=UTTAR%20PRADESH&state_code=31&district_name=BASTI&district_code=3153&block_name=HARRAIYA&block_code=3153003&panchayat_name=MUDWARA&panchayat_code=3153003091&fin_year=2025-2026&source=&work_code=3153003091/RC/958486255823747721&msr_no=6887&AttendanceDate=21/03/2026&Digest=DRUB7NOXMQ5n8m+sEqlM6A",10
"BASTI","HARRAIYA","RAJAULI","3153003097/IC/958486255823741420","6885","https://mnregaweb4.nic.in/nregaarch/View_NMMS_atten_date_dtl_rpt.aspx?page=&short_name=UP&state_name=UTTAR%20PRADESH&state_code=31&district_name=BASTI&district_code=3153&block_name=HARRAIYA&block_code=3153003&panchayat_name=RAJAULI&panchayat_code=3153003097&fin_year=2025-2026&source=&work_code=3153003097/IC/958486255823741420&msr_no=6885&AttendanceDate=21/03/2026&Digest=edLd94BkUPzWirey0eQ8mQ",5
"BASTI","KAPTANGANJ","PINESAR","3153005021/RC/958486255823733126","4804","https://mnregaweb4.nic.in/nregaarch/View_NMMS_atten_date_dtl_rpt.aspx?page=&short_name=UP&state_name=UTTAR%20PRADESH&state_code=31&district_name=BASTI&district_code=3153&block_name=KAPTANGANJ&block_code=3153005&panchayat_name=PINESAR&panchayat_code=3153005021&fin_year=2025-2026&source=&work_code=3153005021/RC/958486255823733126&msr_no=4804&AttendanceDate=21/03/2026&Digest=6H/BlEeVDoriQgQuV3mIAQ",5
"BASTI","KAPTANGANJ","BARHNI","3153005046/RC/YD/958486255823698430","4809","https://mnregaweb4.nic.in/nregaarch/View_NMMS_atten_date_dtl_rpt.aspx?page=&short_name=UP&state_name=UTTAR%20PRADESH&state_code=31&district_name=BASTI&district_code=3153&block_name=KAPTANGANJ&block_code=3153005&panchayat_name=BARHNI&panchayat_code=3153005046&fin_year=2025-2026&source=&work_code=3153005046/RC/YD/958486255823698430&msr_no=4809&AttendanceDate=21/03/2026&Digest=2XvhnkyEZESshKdCwAWqQg",9
"BASTI","KAPTANGANJ","POKHRA","3153005054/RC/958486255823736562","4851","https://mnregaweb4.nic.in/nregaarch/View_NMMS_atten_date_dtl_rpt.aspx?page=&short_name=UP&state_name=UTTAR%20PRADESH&state_code=31&district_name=BASTI&district_code=3153&block_name=KAPTANGANJ&block_code=3153005&panchayat_name=POKHRA&panchayat_code=3153005054&fin_year=2025-2026&source=&work_code=3153005054/RC/958486255823736562&msr_no=4851&AttendanceDate=21/03/2026&Digest=3wTw9bQW6iCY0kKzARC7JA",10
"BASTI","KUDARAHA","BHERWA","3153013009/RC/958486255823743118","7623","https://mnregaweb4.nic.in/nregaarch/View_NMMS_atten_date_dtl_rpt.aspx?page=&short_name=UP&state_name=UTTAR%20PRADESH&state_code=31&district_name=BASTI&district_code=3153&block_name=KUDARAHA&block_code=3153013&panchayat_name=BHERWA&panchayat_code=3153013009&fin_year=2025-2026&source=&work_code=3153013009/RC/958486255823743118&msr_no=7623&AttendanceDate=21/03/2026&Digest=1s9zX29Q7PhIPKVFfJFXVg",4
"BASTI","KUDARAHA","KOP","3153013018/RC/958486255823711538","7892","https://mnregaweb4.nic.in/nregaarch/View_NMMS_atten_date_dtl_rpt.aspx?page=&short_name=UP&state_name=UTTAR%20PRADESH&state_code=31&district_name=BASTI&district_code=3153&block_name=KUDARAHA&block_code=3153013&panchayat_name=KOP&panchayat_code=3153013018&fin_year=2025-2026&source=&work_code=3153013018/RC/958486255823711538&msr_no=7892&AttendanceDate=21/03/2026&Digest=JlHshqwahB9HDKZipjv3ww",7
"BASTI","KUDARAHA","CHAKIYA","3153013021/LD/958486255825007259","7493","https://mnregaweb4.nic.in/nregaarch/View_NMMS_atten_date_dtl_rpt.aspx?page=&short_name=UP&state_name=UTTAR%20PRADESH&state_code=31&district_name=BASTI&district_code=3153&block_name=KUDARAHA&block_code=3153013&panchayat_name=CHAKIYA&panchayat_code=3153013021&fin_year=2025-2026&source=&work_code=3153013021/LD/958486255825007259&msr_no=7493&AttendanceDate=21/03/2026&Digest=fQX/2O4CV2COiw6pGosTWw",7
"BASTI","KUDARAHA","CHAKIYA","3153013021/LD/958486255825007259","7496","https://mnregaweb4.nic.in/nregaarch/View_NMMS_atten_date_dtl_rpt.aspx?page=&short_name=UP&state_name=UTTAR%20PRADESH&state_code=31&district_name=BASTI&district_code=3153&block_name=KUDARAHA&block_code=3153013&panchayat_name=CHAKIYA&panchayat_code=3153013021&fin_year=2025-2026&source=&work_code=3153013021/LD/958486255825007259&msr_no=7496&AttendanceDate=21/03/2026&Digest=ir1W/wE/pG3u2wofvjeq0w",7
"BASTI","KUDARAHA","CHHIBRA","3153013023/RC/958486255823701120","7729","https://mnregaweb4.nic.in/nregaarch/View_NMMS_atten_date_dtl_rpt.aspx?page=&short_name=UP&state_name=UTTAR%20PRADESH&state_code=31&district_name=BASTI&district_code=3153&block_name=KUDARAHA&block_code=3153013&panchayat_name=CHHIBRA&panchayat_code=3153013023&fin_year=2025-2026&source=&work_code=3153013023/RC/958486255823701120&msr_no=7729&AttendanceDate=21/03/2026&Digest=mhmvFv8oj1mg1GVZiBtkCQ",9
"BASTI","KUDARAHA","GANGAPUR","3153013025/RC/958486255823679231","7778","https://mnregaweb4.nic.in/nregaarch/View_NMMS_atten_date_dtl_rpt.aspx?page=&short_name=UP&state_name=UTTAR%20PRADESH&state_code=31&district_name=BASTI&district_code=3153&block_name=KUDARAHA&block_code=3153013&panchayat_name=GANGAPUR&panchayat_code=3153013025&fin_year=2025-2026&source=&work_code=3153013025/RC/958486255823679231&msr_no=7778&AttendanceDate=21/03/2026&Digest=OE/C+YVL4JUjmkeGfPF5Gg",2
"BASTI","KUDARAHA","SUVRAHA","3153013026/RC/958486255823725224","8046","https://mnregaweb4.nic.in/nregaarch/View_NMMS_atten_date_dtl_rpt.aspx?page=&short_name=UP&state_name=UTTAR%20PRADESH&state_code=31&district_name=BASTI&district_code=3153&block_name=KUDARAHA&block_code=3153013&panchayat_name=SUVRAHA&panchayat_code=3153013026&fin_year=2025-2026&source=&work_code=3153013026/RC/958486255823725224&msr_no=8046&AttendanceDate=21/03/2026&Digest=tHVsPOHOajiVqfXRP6zP9Q",10
"BASTI","KUDARAHA","KORMA","3153013029/LD/958486255824959030","7760","https://mnregaweb4.nic.in/nregaarch/View_NMMS_atten_date_dtl_rpt.aspx?page=&short_name=UP&state_name=UTTAR%20PRADESH&state_code=31&district_name=BASTI&district_code=3153&block_name=KUDARAHA&block_code=3153013&panchayat_name=KORMA&panchayat_code=3153013029&fin_year=2025-2026&source=&work_code=3153013029/LD/958486255824959030&msr_no=7760&AttendanceDate=21/03/2026&Digest=WtgJJ5TSkW6MgjF/JFCYsw",9
"BASTI","KUDARAHA","AMAIPAR","3153013032/RC/958486255823694991","7828","https://mnregaweb4.nic.in/nregaarch/View_NMMS_atten_date_dtl_rpt.aspx?page=&short_name=UP&state_name=UTTAR%20PRADESH&state_code=31&district_name=BASTI&district_code=3153&block_name=KUDARAHA&block_code=3153013&panchayat_name=AMAIPAR&panchayat_code=3153013032&fin_year=2025-2026&source=&work_code=3153013032/RC/958486255823694991&msr_no=7828&AttendanceDate=21/03/2026&Digest=DUxE3GF8SP46Rt3EayryOQ",10
"BASTI","KUDARAHA","JAGANNATHPUR","3153013035/LD/958486255824982494","8007","https://mnregaweb4.nic.in/nregaarch/View_NMMS_atten_date_dtl_rpt.aspx?page=&short_name=UP&state_name=UTTAR%20PRADESH&state_code=31&district_name=BASTI&district_code=3153&block_name=KUDARAHA&block_code=3153013&panchayat_name=JAGANNATHPUR&panchayat_code=3153013035&fin_year=2025-2026&source=&work_code=3153013035/LD/958486255824982494&msr_no=8007&AttendanceDate=21/03/2026&Digest=7rD1vDVN/ltoYSSDaWzDpg",7
"BASTI","KUDARAHA","MUSARIHA","3153013041/RC/958486255823728278","7599","https://mnregaweb4.nic.in/nregaarch/View_NMMS_atten_date_dtl_rpt.aspx?page=&short_name=UP&state_name=UTTAR%20PRADESH&state_code=31&district_name=BASTI&district_code=3153&block_name=KUDARAHA&block_code=3153013&panchayat_name=MUSARIHA&panchayat_code=3153013041&fin_year=2025-2026&source=&work_code=3153013041/RC/958486255823728278&msr_no=7599&AttendanceDate=21/03/2026&Digest=VjMwnlx5LJywbcnZoTZs4Q",10
"BASTI","KUDARAHA","PASRA","3153013046/LD/958486255824692144","7670","https://mnregaweb4.nic.in/nregaarch/View_NMMS_atten_date_dtl_rpt.aspx?page=&short_name=UP&state_name=UTTAR%20PRADESH&state_code=31&district_name=BASTI&district_code=3153&block_name=KUDARAHA&block_code=3153013&panchayat_name=PASRA&panchayat_code=3153013046&fin_year=2025-2026&source=&work_code=3153013046/LD/958486255824692144&msr_no=7670&AttendanceDate=21/03/2026&Digest=PSjIIBqgmhXZlSxdw7NBMQ",10
"BASTI","KUDARAHA","BAISIYA KALA","3153013050/LD/958486255824953603","7714","https://mnregaweb4.nic.in/nregaarch/View_NMMS_atten_date_dtl_rpt.aspx?page=&short_name=UP&state_name=UTTAR%20PRADESH&state_code=31&district_name=BASTI&district_code=3153&block_name=KUDARAHA&block_code=3153013&panchayat_name=BAISIYA%20KALA&panchayat_code=3153013050&fin_year=2025-2026&source=&work_code=3153013050/LD/958486255824953603&msr_no=7714&AttendanceDate=21/03/2026&Digest=DVjaiqQ5vnCVr1yaBVkm7g",7
"BASTI","KUDARAHA","MANJHARIYA","3153013057/LD/958486255824935540","7747","https://mnregaweb4.nic.in/nregaarch/View_NMMS_atten_date_dtl_rpt.aspx?page=&short_name=UP&state_name=UTTAR%20PRADESH&state_code=31&district_name=BASTI&district_code=3153&block_name=KUDARAHA&block_code=3153013&panchayat_name=MANJHARIYA&panchayat_code=3153013057&fin_year=2025-2026&source=&work_code=3153013057/LD/958486255824935540&msr_no=7747&AttendanceDate=21/03/2026&Digest=SWDiHFi25ATKNi8Z05Z8SQ",10
"BASTI","KUDARAHA","MANJHARIYA","3153013057/LD/958486255824935540","7750","https://mnregaweb4.nic.in/nregaarch/View_NMMS_atten_date_dtl_rpt.aspx?page=&short_name=UP&state_name=UTTAR%20PRADESH&state_code=31&district_name=BASTI&district_code=3153&block_name=KUDARAHA&block_code=3153013&panchayat_name=MANJHARIYA&panchayat_code=3153013057&fin_year=2025-2026&source=&work_code=3153013057/LD/958486255824935540&msr_no=7750&AttendanceDate=21/03/2026&Digest=vte1650VOXFtU7XQQCA/4A",1
"BASTI","KUDARAHA","MANJHARIYA","3153013057/RC/958486255823656451","7546","https://mnregaweb4.nic.in/nregaarch/View_NMMS_atten_date_dtl_rpt.aspx?page=&short_name=UP&state_name=UTTAR%20PRADESH&state_code=31&district_name=BASTI&district_code=3153&block_name=KUDARAHA&block_code=3153013&panchayat_name=MANJHARIYA&panchayat_code=3153013057&fin_year=2025-2026&source=&work_code=3153013057/RC/958486255823656451&msr_no=7546&AttendanceDate=21/03/2026&Digest=gjfXcdTedDQhQkugds7F4g",10
"BASTI","KUDARAHA","BAANPUR","3153013059/RC/958486255823694013","7705","https://mnregaweb4.nic.in/nregaarch/View_NMMS_atten_date_dtl_rpt.aspx?page=&short_name=UP&state_name=UTTAR%20PRADESH&state_code=31&district_name=BASTI&district_code=3153&block_name=KUDARAHA&block_code=3153013&panchayat_name=BAANPUR&panchayat_code=3153013059&fin_year=2025-2026&source=&work_code=3153013059/RC/958486255823694013&msr_no=7705&AttendanceDate=21/03/2026&Digest=KpNoUi7PVyMQTQlAQ8Asog",3
"BASTI","KUDARAHA","BAANPUR","3153013059/RC/958486255823694017","7703","https://mnregaweb4.nic.in/nregaarch/View_NMMS_atten_date_dtl_rpt.aspx?page=&short_name=UP&state_name=UTTAR%20PRADESH&state_code=31&district_name=BASTI&district_code=3153&block_name=KUDARAHA&block_code=3153013&panchayat_name=BAANPUR&panchayat_code=3153013059&fin_year=2025-2026&source=&work_code=3153013059/RC/958486255823694017&msr_no=7703&AttendanceDate=21/03/2026&Digest=qKwtE0i+/b0buoRxB0RAPQ",3
"BASTI","KUDARAHA","TENUA","3153013064/LD/958486255825009970","7572","https://mnregaweb4.nic.in/nregaarch/View_NMMS_atten_date_dtl_rpt.aspx?page=&short_name=UP&state_name=UTTAR%20PRADESH&state_code=31&district_name=BASTI&district_code=3153&block_name=KUDARAHA&block_code=3153013&panchayat_name=TENUA&panchayat_code=3153013064&fin_year=2025-2026&source=&work_code=3153013064/LD/958486255825009970&msr_no=7572&AttendanceDate=21/03/2026&Digest=rcKO3ZgDXY2bQmVyJXA74Q",10
"BASTI","KUDARAHA","TENUA","3153013064/LD/958486255825009970","7575","https://mnregaweb4.nic.in/nregaarch/View_NMMS_atten_date_dtl_rpt.aspx?page=&short_name=UP&state_name=UTTAR%20PRADESH&state_code=31&district_name=BASTI&district_code=3153&block_name=KUDARAHA&block_code=3153013&panchayat_name=TENUA&panchayat_code=3153013064&fin_year=2025-2026&source=&work_code=3153013064/LD/958486255825009970&msr_no=7575&AttendanceDate=21/03/2026&Digest=wu5a+TYFDLc0+NimTsjf5Q",10
"BASTI","KUDARAHA","BAIRARA MUSTAHKAM","3153013065/RC/958486255823740362","7949","https://mnregaweb4.nic.in/nregaarch/View_NMMS_atten_date_dtl_rpt.aspx?page=&short_name=UP&state_name=UTTAR%20PRADESH&state_code=31&district_name=BASTI&district_code=3153&block_name=KUDARAHA&block_code=3153013&panchayat_name=BAIRARA%20MUSTAHKAM&panchayat_code=3153013065&fin_year=2025-2026&source=&work_code=3153013065/RC/958486255823740362&msr_no=7949&AttendanceDate=21/03/2026&Digest=/hLCgqt13fuzLz6fo72I/Q",10
"BASTI","KUDARAHA","PIPARPATI EHATMALI","3153013071/RC/958486255823746235","8018","https://mnregaweb4.nic.in/nregaarch/View_NMMS_atten_date_dtl_rpt.aspx?page=&short_name=UP&state_name=UTTAR%20PRADESH&state_code=31&district_name=BASTI&district_code=3153&block_name=KUDARAHA&block_code=3153013&panchayat_name=PIPARPATI%20EHATMALI&panchayat_code=3153013071&fin_year=2025-2026&source=&work_code=3153013071/RC/958486255823746235&msr_no=8018&AttendanceDate=21/03/2026&Digest=G9UBMWeNgRVhmjsL7ukd2g",10
"BASTI","KUDARAHA","PIPARPATI EHATMALI","3153013071/RC/958486255823746235","8021","https://mnregaweb4.nic.in/nregaarch/View_NMMS_atten_date_dtl_rpt.aspx?page=&short_name=UP&state_name=UTTAR%20PRADESH&state_code=31&district_name=BASTI&district_code=3153&block_name=KUDARAHA&block_code=3153013&panchayat_name=PIPARPATI%20EHATMALI&panchayat_code=3153013071&fin_year=2025-2026&source=&work_code=3153013071/RC/958486255823746235&msr_no=8021&AttendanceDate=21/03/2026&Digest=ZlhZg+bCxB3ZmcUnXaNmRw",10
"BASTI","KUDARAHA","HARKHAILIYA URF MATIYARIA","3153013074/RC/YD/958486255823746903","7641","https://mnregaweb4.nic.in/nregaarch/View_NMMS_atten_date_dtl_rpt.aspx?page=&short_name=UP&state_name=UTTAR%20PRADESH&state_code=31&district_name=BASTI&district_code=3153&block_name=KUDARAHA&block_code=3153013&panchayat_name=HARKHAILIYA%20URF%20MATIYARIA&panchayat_code=3153013074&fin_year=2025-2026&source=&work_code=3153013074/RC/YD/958486255823746903&msr_no=7641&AttendanceDate=21/03/2026&Digest=pR165G3qA9dNnHvt9Yy7Sw",10
"BASTI","KUDARAHA","DAIJI","3153013078/LD/958486255824702897","8050","https://mnregaweb4.nic.in/nregaarch/View_NMMS_atten_date_dtl_rpt.aspx?page=&short_name=UP&state_name=UTTAR%20PRADESH&state_code=31&district_name=BASTI&district_code=3153&block_name=KUDARAHA&block_code=3153013&panchayat_name=DAIJI&panchayat_code=3153013078&fin_year=2025-2026&source=&work_code=3153013078/LD/958486255824702897&msr_no=8050&AttendanceDate=21/03/2026&Digest=ZOoHYtIYlZPt2GsoiF03Qg",6
"BASTI","KUDARAHA","DAIJI","3153013078/RC/958486255823747071","7786","https://mnregaweb4.nic.in/nregaarch/View_NMMS_atten_date_dtl_rpt.aspx?page=&short_name=UP&state_name=UTTAR%20PRADESH&state_code=31&district_name=BASTI&district_code=3153&block_name=KUDARAHA&block_code=3153013&panchayat_name=DAIJI&panchayat_code=3153013078&fin_year=2025-2026&source=&work_code=3153013078/RC/958486255823747071&msr_no=7786&AttendanceDate=21/03/2026&Digest=OydieNVxM0ya6sTRCewCjw",10
"BASTI","PARAS RAMPUR","BELBHARIYA","3153001010/RC/958486255823732335","9386","https://mnregaweb4.nic.in/nregaarch/View_NMMS_atten_date_dtl_rpt.aspx?page=&short_name=UP&state_name=UTTAR%20PRADESH&state_code=31&district_name=BASTI&district_code=3153&block_name=PARAS%20RAMPUR&block_code=3153001&panchayat_name=BELBHARIYA&panchayat_code=3153001010&fin_year=2025-2026&source=&work_code=3153001010/RC/958486255823732335&msr_no=9386&AttendanceDate=21/03/2026&Digest=iWxNoJDxYSq/mIBtLlaeDw",2
"BASTI","PARAS RAMPUR","BHAISAHAWA","3153001011/RC/958486255823728168","9381","https://mnregaweb4.nic.in/nregaarch/View_NMMS_atten_date_dtl_rpt.aspx?page=&short_name=UP&state_name=UTTAR%20PRADESH&state_code=31&district_name=BASTI&district_code=3153&block_name=PARAS%20RAMPUR&block_code=3153001&panchayat_name=BHAISAHAWA&panchayat_code=3153001011&fin_year=2025-2026&source=&work_code=3153001011/RC/958486255823728168&msr_no=9381&AttendanceDate=21/03/2026&Digest=xBKe3+cfqip+ZDawhuQ4eA",4
"BASTI","PARAS RAMPUR","BICHHIYA MISHRA","3153001013/RC/958486255823699322","9558","https://mnregaweb4.nic.in/nregaarch/View_NMMS_atten_date_dtl_rpt.aspx?page=&short_name=UP&state_name=UTTAR%20PRADESH&state_code=31&district_name=BASTI&district_code=3153&block_name=PARAS%20RAMPUR&block_code=3153001&panchayat_name=BICHHIYA%20MISHRA&panchayat_code=3153001013&fin_year=2025-2026&source=&work_code=3153001013/RC/958486255823699322&msr_no=9558&AttendanceDate=21/03/2026&Digest=EL0VOXkKTAC1Dy+WE56VFw",6
"BASTI","PARAS RAMPUR","BICHNAIYA PANDEY","3153001014/RC/958486255823646074","9509","https://mnregaweb4.nic.in/nregaarch/View_NMMS_atten_date_dtl_rpt.aspx?page=&short_name=UP&state_name=UTTAR%20PRADESH&state_code=31&district_name=BASTI&district_code=3153&block_name=PARAS%20RAMPUR&block_code=3153001&panchayat_name=BICHNAIYA%20PANDEY&panchayat_code=3153001014&fin_year=2025-2026&source=&work_code=3153001014/RC/958486255823646074&msr_no=9509&AttendanceDate=21/03/2026&Digest=jNtHxJFLgEO8+0KYvHxFnA",4
"BASTI","PARAS RAMPUR","BICHNAIYA PANDEY","3153001014/RC/958486255823701145","9532","https://mnregaweb4.nic.in/nregaarch/View_NMMS_atten_date_dtl_rpt.aspx?page=&short_name=UP&state_name=UTTAR%20PRADESH&state_code=31&district_name=BASTI&district_code=3153&block_name=PARAS%20RAMPUR&block_code=3153001&panchayat_name=BICHNAIYA%20PANDEY&panchayat_code=3153001014&fin_year=2025-2026&source=&work_code=3153001014/RC/958486255823701145&msr_no=9532&AttendanceDate=21/03/2026&Digest=QQW6aVNsop23lnHH41xNQw",1
"BASTI","PARAS RAMPUR","CHAORI","3153001015/LD/958486255825005262","9376","https://mnregaweb4.nic.in/nregaarch/View_NMMS_atten_date_dtl_rpt.aspx?page=&short_name=UP&state_name=UTTAR%20PRADESH&state_code=31&district_name=BASTI&district_code=3153&block_name=PARAS%20RAMPUR&block_code=3153001&panchayat_name=CHAORI&panchayat_code=3153001015&fin_year=2025-2026&source=&work_code=3153001015/LD/958486255825005262&msr_no=9376&AttendanceDate=21/03/2026&Digest=HuC/iqwC++4IerqyHKSOtQ",6
"BASTI","PARAS RAMPUR","CHHEDIYAPARA","3153001016/LD/958486255824986999","9582","https://mnregaweb4.nic.in/nregaarch/View_NMMS_atten_date_dtl_rpt.aspx?page=&short_name=UP&state_name=UTTAR%20PRADESH&state_code=31&district_name=BASTI&district_code=3153&block_name=PARAS%20RAMPUR&block_code=3153001&panchayat_name=CHHEDIYAPARA&panchayat_code=3153001016&fin_year=2025-2026&source=&work_code=3153001016/LD/958486255824986999&msr_no=9582&AttendanceDate=21/03/2026&Digest=ASE17z/bd99F/1izOWHDtQ",7
"BASTI","PARAS RAMPUR","KISHUNPUR","3153001043/RC/958486255823728851","9562","https://mnregaweb4.nic.in/nregaarch/View_NMMS_atten_date_dtl_rpt.aspx?page=&short_name=UP&state_name=UTTAR%20PRADESH&state_code=31&district_name=BASTI&district_code=3153&block_name=PARAS%20RAMPUR&block_code=3153001&panchayat_name=KISHUNPUR&panchayat_code=3153001043&fin_year=2025-2026&source=&work_code=3153001043/RC/958486255823728851&msr_no=9562&AttendanceDate=21/03/2026&Digest=S9exUMcUO0XfQKPF6vD24A",6
"BASTI","PARAS RAMPUR","NAGPUR (KUVAR)","3153001054/LD/958486255824934307","9553","https://mnregaweb4.nic.in/nregaarch/View_NMMS_atten_date_dtl_rpt.aspx?page=&short_name=UP&state_name=UTTAR%20PRADESH&state_code=31&district_name=BASTI&district_code=3153&block_name=PARAS%20RAMPUR&block_code=3153001&panchayat_name=NAGPUR%20(KUVAR)&panchayat_code=3153001054&fin_year=2025-2026&source=&work_code=3153001054/LD/958486255824934307&msr_no=9553&AttendanceDate=21/03/2026&Digest=fR18xbsTkGvOcFEFWrdjgA",8
"BASTI","PARAS RAMPUR","NANADNAGAR","3153001056/LD/958486255824933008","9275","https://mnregaweb4.nic.in/nregaarch/View_NMMS_atten_date_dtl_rpt.aspx?page=&short_name=UP&state_name=UTTAR%20PRADESH&state_code=31&district_name=BASTI&district_code=3153&block_name=PARAS%20RAMPUR&block_code=3153001&panchayat_name=NANADNAGAR&panchayat_code=3153001056&fin_year=2025-2026&source=&work_code=3153001056/LD/958486255824933008&msr_no=9275&AttendanceDate=21/03/2026&Digest=gmRS8phq5uWGTnIJZHDaOA",10
"BASTI","PARAS RAMPUR","NANADNAGAR","3153001056/WH/958486255823988945","9523","https://mnregaweb4.nic.in/nregaarch/View_NMMS_atten_date_dtl_rpt.aspx?page=&short_name=UP&state_name=UTTAR%20PRADESH&state_code=31&district_name=BASTI&district_code=3153&block_name=PARAS%20RAMPUR&block_code=3153001&panchayat_name=NANADNAGAR&panchayat_code=3153001056&fin_year=2025-2026&source=&work_code=3153001056/WH/958486255823988945&msr_no=9523&AttendanceDate=21/03/2026&Digest=JfdUMdQHcNi+EV8sa5D+Jw",10
"BASTI","PARAS RAMPUR","PARSURAMPUR","3153001064/RC/958486255823732685","9337","https://mnregaweb4.nic.in/nregaarch/View_NMMS_atten_date_dtl_rpt.aspx?page=&short_name=UP&state_name=UTTAR%20PRADESH&state_code=31&district_name=BASTI&district_code=3153&block_name=PARAS%20RAMPUR&block_code=3153001&panchayat_name=PARSURAMPUR&panchayat_code=3153001064&fin_year=2025-2026&source=&work_code=3153001064/RC/958486255823732685&msr_no=9337&AttendanceDate=21/03/2026&Digest=OVZBTZsBmug195HweL1LXg",4
"BASTI","PARAS RAMPUR","RAGHUPUR","3153001067/IC/958486255823741774","9272","https://mnregaweb4.nic.in/nregaarch/View_NMMS_atten_date_dtl_rpt.aspx?page=&short_name=UP&state_name=UTTAR%20PRADESH&state_code=31&district_name=BASTI&district_code=3153&block_name=PARAS%20RAMPUR&block_code=3153001&panchayat_name=RAGHUPUR&panchayat_code=3153001067&fin_year=2025-2026&source=&work_code=3153001067/IC/958486255823741774&msr_no=9272&AttendanceDate=21/03/2026&Digest=rK7EU+Y8KxQjMnrRIIYSVQ",9
"BASTI","PARAS RAMPUR","RAGHVAPUR","3153001068/LD/958486255824935221","9265","https://mnregaweb4.nic.in/nregaarch/View_NMMS_atten_date_dtl_rpt.aspx?page=&short_name=UP&state_name=UTTAR%20PRADESH&state_code=31&district_name=BASTI&district_code=3153&block_name=PARAS%20RAMPUR&block_code=3153001&panchayat_name=RAGHVAPUR&panchayat_code=3153001068&fin_year=2025-2026&source=&work_code=3153001068/LD/958486255824935221&msr_no=9265&AttendanceDate=21/03/2026&Digest=N//WUXB82f9GkQ3YgSh3BQ",7
"BASTI","PARAS RAMPUR","RIDHAURA","3153001072/AV/958486255824186487","9387","https://mnregaweb4.nic.in/nregaarch/View_NMMS_atten_date_dtl_rpt.aspx?page=&short_name=UP&state_name=UTTAR%20PRADESH&state_code=31&district_name=BASTI&district_code=3153&block_name=PARAS%20RAMPUR&block_code=3153001&panchayat_name=RIDHAURA&panchayat_code=3153001072&fin_year=2025-2026&source=&work_code=3153001072/AV/958486255824186487&msr_no=9387&AttendanceDate=21/03/2026&Digest=AejggcNEZIrf7gyHHvfYNA",10
"BASTI","PARAS RAMPUR","SUKRAULI KUWAR","3153001078/AV/958486255824186356","9603","https://mnregaweb4.nic.in/nregaarch/View_NMMS_atten_date_dtl_rpt.aspx?page=&short_name=UP&state_name=UTTAR%20PRADESH&state_code=31&district_name=BASTI&district_code=3153&block_name=PARAS%20RAMPUR&block_code=3153001&panchayat_name=SUKRAULI%20KUWAR&panchayat_code=3153001078&fin_year=2025-2026&source=&work_code=3153001078/AV/958486255824186356&msr_no=9603&AttendanceDate=21/03/2026&Digest=aQS06TcpkBNnOjfWFtiV+Q",2
"BASTI","PARAS RAMPUR","DHOSHAR MISHRA","3153001085/LD/958486255824966588","9454","https://mnregaweb4.nic.in/nregaarch/View_NMMS_atten_date_dtl_rpt.aspx?page=&short_name=UP&state_name=UTTAR%20PRADESH&state_code=31&district_name=BASTI&district_code=3153&block_name=PARAS%20RAMPUR&block_code=3153001&panchayat_name=DHOSHAR%20MISHRA&panchayat_code=3153001085&fin_year=2025-2026&source=&work_code=3153001085/LD/958486255824966588&msr_no=9454&AttendanceDate=21/03/2026&Digest=sTvGUFdvAGWErE/hTiBIEg",10
"BASTI","PARAS RAMPUR","MUKUND PUR","3153001091/WC/958486255824209000","9595","https://mnregaweb4.nic.in/nregaarch/View_NMMS_atten_date_dtl_rpt.aspx?page=&short_name=UP&state_name=UTTAR%20PRADESH&state_code=31&district_name=BASTI&district_code=3153&block_name=PARAS%20RAMPUR&block_code=3153001&panchayat_name=MUKUND%20PUR&panchayat_code=3153001091&fin_year=2025-2026&source=&work_code=3153001091/WC/958486255824209000&msr_no=9595&AttendanceDate=21/03/2026&Digest=Fzz0+Ql19KdKJ9X8T84rOg",10
"BASTI","PARAS RAMPUR","BILARI BHITI","3153001092/LD/958486255824949574","9194","https://mnregaweb4.nic.in/nregaarch/View_NMMS_atten_date_dtl_rpt.aspx?page=&short_name=UP&state_name=UTTAR%20PRADESH&state_code=31&district_name=BASTI&district_code=3153&block_name=PARAS%20RAMPUR&block_code=3153001&panchayat_name=BILARI%20BHITI&panchayat_code=3153001092&fin_year=2025-2026&source=&work_code=3153001092/LD/958486255824949574&msr_no=9194&AttendanceDate=21/03/2026&Digest=NRQEWfKELLPk3hy+B+XGOA",9
"BASTI","PARAS RAMPUR","PITUDA","3153001093/LD/958486255824888940","9223","https://mnregaweb4.nic.in/nregaarch/View_NMMS_atten_date_dtl_rpt.aspx?page=&short_name=UP&state_name=UTTAR%20PRADESH&state_code=31&district_name=BASTI&district_code=3153&block_name=PARAS%20RAMPUR&block_code=3153001&panchayat_name=PITUDA&panchayat_code=3153001093&fin_year=2025-2026&source=&work_code=3153001093/LD/958486255824888940&msr_no=9223&AttendanceDate=21/03/2026&Digest=ac/HES/nk8CX9bM4+ijHNw",9
"BASTI","PARAS RAMPUR","SEHARIYA MADHUKARPUR","3153001097/LD/958486255824741360","9607","https://mnregaweb4.nic.in/nregaarch/View_NMMS_atten_date_dtl_rpt.aspx?page=&short_name=UP&state_name=UTTAR%20PRADESH&state_code=31&district_name=BASTI&district_code=3153&block_name=PARAS%20RAMPUR&block_code=3153001&panchayat_name=SEHARIYA%20MADHUKARPUR&panchayat_code=3153001097&fin_year=2025-2026&source=&work_code=3153001097/LD/958486255824741360&msr_no=9607&AttendanceDate=21/03/2026&Digest=+fQUK18LGNW1mfu3XnSvDg",2
"BASTI","PARAS RAMPUR","SEHARIYA MAGNAPUR","3153001098/AV/958486255824186902","9359","https://mnregaweb4.nic.in/nregaarch/View_NMMS_atten_date_dtl_rpt.aspx?page=&short_name=UP&state_name=UTTAR%20PRADESH&state_code=31&district_name=BASTI&district_code=3153&block_name=PARAS%20RAMPUR&block_code=3153001&panchayat_name=SEHARIYA%20MAGNAPUR&panchayat_code=3153001098&fin_year=2025-2026&source=&work_code=3153001098/AV/958486255824186902&msr_no=9359&AttendanceDate=21/03/2026&Digest=A35X1eFSVJwxiFxBsvs0IA",3
"BASTI","PARAS RAMPUR","JAMOLIYA PANDEY","3153001102/RC/958486255823726351","9527","https://mnregaweb4.nic.in/nregaarch/View_NMMS_atten_date_dtl_rpt.aspx?page=&short_name=UP&state_name=UTTAR%20PRADESH&state_code=31&district_name=BASTI&district_code=3153&block_name=PARAS%20RAMPUR&block_code=3153001&panchayat_name=JAMOLIYA%20PANDEY&panchayat_code=3153001102&fin_year=2025-2026&source=&work_code=3153001102/RC/958486255823726351&msr_no=9527&AttendanceDate=21/03/2026&Digest=3Uk0j+t4SRnBdt0PX84K3Q",10
"BASTI","PARAS RAMPUR","JAMOLIYA PANDEY","3153001102/RC/958486255823726351","9530","https://mnregaweb4.nic.in/nregaarch/View_NMMS_atten_date_dtl_rpt.aspx?page=&short_name=UP&state_name=UTTAR%20PRADESH&state_code=31&district_name=BASTI&district_code=3153&block_name=PARAS%20RAMPUR&block_code=3153001&panchayat_name=JAMOLIYA%20PANDEY&panchayat_code=3153001102&fin_year=2025-2026&source=&work_code=3153001102/RC/958486255823726351&msr_no=9530&AttendanceDate=21/03/2026&Digest=STMT3o4FajRo4uW7HN7EKA",4
"BASTI","PARAS RAMPUR","LACHHIPUR","3153001106/LD/958486255824900960","9289","https://mnregaweb4.nic.in/nregaarch/View_NMMS_atten_date_dtl_rpt.aspx?page=&short_name=UP&state_name=UTTAR%20PRADESH&state_code=31&district_name=BASTI&district_code=3153&block_name=PARAS%20RAMPUR&block_code=3153001&panchayat_name=LACHHIPUR&panchayat_code=3153001106&fin_year=2025-2026&source=&work_code=3153001106/LD/958486255824900960&msr_no=9289&AttendanceDate=21/03/2026&Digest=5sDshNHis+zWcAbai+8gCg",10
"BASTI","PARAS RAMPUR","LACHHIPUR","3153001106/LD/958486255824901004","9293","https://mnregaweb4.nic.in/nregaarch/View_NMMS_atten_date_dtl_rpt.aspx?page=&short_name=UP&state_name=UTTAR%20PRADESH&state_code=31&district_name=BASTI&district_code=3153&block_name=PARAS%20RAMPUR&block_code=3153001&panchayat_name=LACHHIPUR&panchayat_code=3153001106&fin_year=2025-2026&source=&work_code=3153001106/LD/958486255824901004&msr_no=9293&AttendanceDate=21/03/2026&Digest=PYiA2iGkLL//lLuza852Ag",10
"BASTI","PARAS RAMPUR","LACHHIPUR","3153001106/WC/958486255824214723","9517","https://mnregaweb4.nic.in/nregaarch/View_NMMS_atten_date_dtl_rpt.aspx?page=&short_name=UP&state_name=UTTAR%20PRADESH&state_code=31&district_name=BASTI&district_code=3153&block_name=PARAS%20RAMPUR&block_code=3153001&panchayat_name=LACHHIPUR&panchayat_code=3153001106&fin_year=2025-2026&source=&work_code=3153001106/WC/958486255824214723&msr_no=9517&AttendanceDate=21/03/2026&Digest=w+2xQJ6VmEvVAeC7Ha3Ttw",9
"BASTI","RAMNAGAR","AHIRAULA","3153006002/RC/958486255823713516","6143","https://mnregaweb4.nic.in/nregaarch/View_NMMS_atten_date_dtl_rpt.aspx?page=&short_name=UP&state_name=UTTAR%20PRADESH&state_code=31&district_name=BASTI&district_code=3153&block_name=RAMNAGAR&block_code=3153006&panchayat_name=AHIRAULA&panchayat_code=3153006002&fin_year=2025-2026&source=&work_code=3153006002/RC/958486255823713516&msr_no=6143&AttendanceDate=21/03/2026&Digest=Vgt2XlIM/KeLL0iwV/pyhQ",10
"BASTI","RAMNAGAR","BEILI","3153006014/LD/958486255824622751","5987","https://mnregaweb4.nic.in/nregaarch/View_NMMS_atten_date_dtl_rpt.aspx?page=&short_name=UP&state_name=UTTAR%20PRADESH&state_code=31&district_name=BASTI&district_code=3153&block_name=RAMNAGAR&block_code=3153006&panchayat_name=BEILI&panchayat_code=3153006014&fin_year=2025-2026&source=&work_code=3153006014/LD/958486255824622751&msr_no=5987&AttendanceDate=21/03/2026&Digest=9EwZ0VdL/PdpRtENlUIrvw",10
"BASTI","RAMNAGAR","LODHAVA","3153006040/LD/958486255824981623","6123","https://mnregaweb4.nic.in/nregaarch/View_NMMS_atten_date_dtl_rpt.aspx?page=&short_name=UP&state_name=UTTAR%20PRADESH&state_code=31&district_name=BASTI&district_code=3153&block_name=RAMNAGAR&block_code=3153006&panchayat_name=LODHAVA&panchayat_code=3153006040&fin_year=2025-2026&source=&work_code=3153006040/LD/958486255824981623&msr_no=6123&AttendanceDate=21/03/2026&Digest=anUzACj4bLSDqG5/429w8A",3
"BASTI","RAMNAGAR","MAJHARI BAZAR","3153006042/RC/958486255823749133","5996","https://mnregaweb4.nic.in/nregaarch/View_NMMS_atten_date_dtl_rpt.aspx?page=&short_name=UP&state_name=UTTAR%20PRADESH&state_code=31&district_name=BASTI&district_code=3153&block_name=RAMNAGAR&block_code=3153006&panchayat_name=MAJHARI%20BAZAR&panchayat_code=3153006042&fin_year=2025-2026&source=&work_code=3153006042/RC/958486255823749133&msr_no=5996&AttendanceDate=21/03/2026&Digest=O7mwv+W1Fh+1UuPKW6HaLA",5
"BASTI","RAMNAGAR","MAILANI URF HINDU NAGAR","3153006079/RC/958486255823685884","6075","https://mnregaweb4.nic.in/nregaarch/View_NMMS_atten_date_dtl_rpt.aspx?page=&short_name=UP&state_name=UTTAR%20PRADESH&state_code=31&district_name=BASTI&district_code=3153&block_name=RAMNAGAR&block_code=3153006&panchayat_name=MAILANI%20URF%20HINDU%20NAGAR&panchayat_code=3153006079&fin_year=2025-2026&source=&work_code=3153006079/RC/958486255823685884&msr_no=6075&AttendanceDate=21/03/2026&Digest=RQMjVawjcZY/gSAoi0DZDA",8
"BASTI","RAMNAGAR","MAILANI URF HINDU NAGAR","3153006079/RC/958486255823731816","6073","https://mnregaweb4.nic.in/nregaarch/View_NMMS_atten_date_dtl_rpt.aspx?page=&short_name=UP&state_name=UTTAR%20PRADESH&state_code=31&district_name=BASTI&district_code=3153&block_name=RAMNAGAR&block_code=3153006&panchayat_name=MAILANI%20URF%20HINDU%20NAGAR&panchayat_code=3153006079&fin_year=2025-2026&source=&work_code=3153006079/RC/958486255823731816&msr_no=6073&AttendanceDate=21/03/2026&Digest=B5cRRzNrpEgnZuGRncFzOg",5
"BASTI","RAMNAGAR","TURKAULIYA RAI","3153006087/AV/958486255824148448","6115","https://mnregaweb4.nic.in/nregaarch/View_NMMS_atten_date_dtl_rpt.aspx?page=&short_name=UP&state_name=UTTAR%20PRADESH&state_code=31&district_name=BASTI&district_code=3153&block_name=RAMNAGAR&block_code=3153006&panchayat_name=TURKAULIYA%20RAI&panchayat_code=3153006087&fin_year=2025-2026&source=&work_code=3153006087/AV/958486255824148448&msr_no=6115&AttendanceDate=21/03/2026&Digest=AwCFStSjgMG9f4sjfKlf8g",4
"BASTI","RUDAULI","ANDEURA","3153008002/AV/958486255824164141","6081","https://mnregaweb4.nic.in/nregaarch/View_NMMS_atten_date_dtl_rpt.aspx?page=&short_name=UP&state_name=UTTAR%20PRADESH&state_code=31&district_name=BASTI&district_code=3153&block_name=RUDAULI&block_code=3153008&panchayat_name=ANDEURA&panchayat_code=3153008002&fin_year=2025-2026&source=&work_code=3153008002/AV/958486255824164141&msr_no=6081&AttendanceDate=21/03/2026&Digest=Ot36SuUOCtQAxh2nwW2f3Q",5
"BASTI","RUDAULI","BHARAULI","3153008012/RC/958486255823749823","6085","https://mnregaweb4.nic.in/nregaarch/View_NMMS_atten_date_dtl_rpt.aspx?page=&short_name=UP&state_name=UTTAR%20PRADESH&state_code=31&district_name=BASTI&district_code=3153&block_name=RUDAULI&block_code=3153008&panchayat_name=BHARAULI&panchayat_code=3153008012&fin_year=2025-2026&source=&work_code=3153008012/RC/958486255823749823&msr_no=6085&AttendanceDate=21/03/2026&Digest=HSDLOZBYrqa6e1Yf+jDvxw",4
"BASTI","RUDAULI","BHARAULI","3153008012/WH/958486255824013123","6031","https://mnregaweb4.nic.in/nregaarch/View_NMMS_atten_date_dtl_rpt.aspx?page=&short_name=UP&state_name=UTTAR%20PRADESH&state_code=31&district_name=BASTI&district_code=3153&block_name=RUDAULI&block_code=3153008&panchayat_name=BHARAULI&panchayat_code=3153008012&fin_year=2025-2026&source=&work_code=3153008012/WH/958486255824013123&msr_no=6031&AttendanceDate=21/03/2026&Digest=zmZqKsEjJoYDOSDjDevhfw",3
"BASTI","RUDAULI","BHITIYA KALA","3153008014/RC/958486255823735730","6152","https://mnregaweb4.nic.in/nregaarch/View_NMMS_atten_date_dtl_rpt.aspx?page=&short_name=UP&state_name=UTTAR%20PRADESH&state_code=31&district_name=BASTI&district_code=3153&block_name=RUDAULI&block_code=3153008&panchayat_name=BHITIYA%20KALA&panchayat_code=3153008014&fin_year=2025-2026&source=&work_code=3153008014/RC/958486255823735730&msr_no=6152&AttendanceDate=21/03/2026&Digest=LBDLEf+byfeRwJWAaoHw0Q",7
"BASTI","RUDAULI","BIJALPUR","3153008016/RC/958486255823745795","5886","https://mnregaweb4.nic.in/nregaarch/View_NMMS_atten_date_dtl_rpt.aspx?page=&short_name=UP&state_name=UTTAR%20PRADESH&state_code=31&district_name=BASTI&district_code=3153&block_name=RUDAULI&block_code=3153008&panchayat_name=BIJALPUR&panchayat_code=3153008016&fin_year=2025-2026&source=&work_code=3153008016/RC/958486255823745795&msr_no=5886&AttendanceDate=21/03/2026&Digest=O+JhMJ1Ob5t26pf6bgGeQQ",1
"BASTI","RUDAULI","DEURA","3153008021/RC/958486255823748367","6113","https://mnregaweb4.nic.in/nregaarch/View_NMMS_atten_date_dtl_rpt.aspx?page=&short_name=UP&state_name=UTTAR%20PRADESH&state_code=31&district_name=BASTI&district_code=3153&block_name=RUDAULI&block_code=3153008&panchayat_name=DEURA&panchayat_code=3153008021&fin_year=2025-2026&source=&work_code=3153008021/RC/958486255823748367&msr_no=6113&AttendanceDate=21/03/2026&Digest=x4yIbv+3ylAOkDuqAvGfPA",1
"BASTI","RUDAULI","DEURA","3153008021/WC/958486255824248021","6049","https://mnregaweb4.nic.in/nregaarch/View_NMMS_atten_date_dtl_rpt.aspx?page=&short_name=UP&state_name=UTTAR%20PRADESH&state_code=31&district_name=BASTI&district_code=3153&block_name=RUDAULI&block_code=3153008&panchayat_name=DEURA&panchayat_code=3153008021&fin_year=2025-2026&source=&work_code=3153008021/WC/958486255824248021&msr_no=6049&AttendanceDate=21/03/2026&Digest=3B+TUglu0J2KXXfu3AJeaw",6
"BASTI","RUDAULI","DUMARI","3153008024/WC/958486255824220837","6139","https://mnregaweb4.nic.in/nregaarch/View_NMMS_atten_date_dtl_rpt.aspx?page=&short_name=UP&state_name=UTTAR%20PRADESH&state_code=31&district_name=BASTI&district_code=3153&block_name=RUDAULI&block_code=3153008&panchayat_name=DUMARI&panchayat_code=3153008024&fin_year=2025-2026&source=&work_code=3153008024/WC/958486255824220837&msr_no=6139&AttendanceDate=21/03/2026&Digest=gIv2aRxuq7j42zskXbj1Pg",8
"BASTI","RUDAULI","DUMARI","3153008024/WC/958486255824220837","6142","https://mnregaweb4.nic.in/nregaarch/View_NMMS_atten_date_dtl_rpt.aspx?page=&short_name=UP&state_name=UTTAR%20PRADESH&state_code=31&district_name=BASTI&district_code=3153&block_name=RUDAULI&block_code=3153008&panchayat_name=DUMARI&panchayat_code=3153008024&fin_year=2025-2026&source=&work_code=3153008024/WC/958486255824220837&msr_no=6142&AttendanceDate=21/03/2026&Digest=BXhPxsMQFJ3L4Sb2MGfwEA",10
"BASTI","RUDAULI","HASANI","3153008031/WH/958486255824010640","5855","https://mnregaweb4.nic.in/nregaarch/View_NMMS_atten_date_dtl_rpt.aspx?page=&short_name=UP&state_name=UTTAR%20PRADESH&state_code=31&district_name=BASTI&district_code=3153&block_name=RUDAULI&block_code=3153008&panchayat_name=HASANI&panchayat_code=3153008031&fin_year=2025-2026&source=&work_code=3153008031/WH/958486255824010640&msr_no=5855&AttendanceDate=21/03/2026&Digest=8Jkog+OnlOBGvcSZlSW/sA",8
"BASTI","RUDAULI","HASANI","3153008031/WH/958486255824010640","5858","https://mnregaweb4.nic.in/nregaarch/View_NMMS_atten_date_dtl_rpt.aspx?page=&short_name=UP&state_name=UTTAR%20PRADESH&state_code=31&district_name=BASTI&district_code=3153&block_name=RUDAULI&block_code=3153008&panchayat_name=HASANI&panchayat_code=3153008031&fin_year=2025-2026&source=&work_code=3153008031/WH/958486255824010640&msr_no=5858&AttendanceDate=21/03/2026&Digest=HfzvVFiEEPMYWUVGZiAxXg",5
"BASTI","RUDAULI","KUDAHI","3153008039/RC/958486255823698713","6103","https://mnregaweb4.nic.in/nregaarch/View_NMMS_atten_date_dtl_rpt.aspx?page=&short_name=UP&state_name=UTTAR%20PRADESH&state_code=31&district_name=BASTI&district_code=3153&block_name=RUDAULI&block_code=3153008&panchayat_name=KUDAHI&panchayat_code=3153008039&fin_year=2025-2026&source=&work_code=3153008039/RC/958486255823698713&msr_no=6103&AttendanceDate=21/03/2026&Digest=OZzC9/GOha76i0AG0BSziQ",3
"BASTI","RUDAULI","KUDAHI","3153008039/RC/958486255823735732","6078","https://mnregaweb4.nic.in/nregaarch/View_NMMS_atten_date_dtl_rpt.aspx?page=&short_name=UP&state_name=UTTAR%20PRADESH&state_code=31&district_name=BASTI&district_code=3153&block_name=RUDAULI&block_code=3153008&panchayat_name=KUDAHI&panchayat_code=3153008039&fin_year=2025-2026&source=&work_code=3153008039/RC/958486255823735732&msr_no=6078&AttendanceDate=21/03/2026&Digest=9DTK2pUkH4OGPrZ1CYQRWA",2
"BASTI","RUDAULI","PADARI","3153008052/RC/958486255823713419","6119","https://mnregaweb4.nic.in/nregaarch/View_NMMS_atten_date_dtl_rpt.aspx?page=&short_name=UP&state_name=UTTAR%20PRADESH&state_code=31&district_name=BASTI&district_code=3153&block_name=RUDAULI&block_code=3153008&panchayat_name=PADARI&panchayat_code=3153008052&fin_year=2025-2026&source=&work_code=3153008052/RC/958486255823713419&msr_no=6119&AttendanceDate=21/03/2026&Digest=yztMkDiNt6MdKK0FqlN27g",3
"BASTI","RUDAULI","SEHUDA KALA","3153008064/WC/958486255824246148","5898","https://mnregaweb4.nic.in/nregaarch/View_NMMS_atten_date_dtl_rpt.aspx?page=&short_name=UP&state_name=UTTAR%20PRADESH&state_code=31&district_name=BASTI&district_code=3153&block_name=RUDAULI&block_code=3153008&panchayat_name=SEHUDA%20KALA&panchayat_code=3153008064&fin_year=2025-2026&source=&work_code=3153008064/WC/958486255824246148&msr_no=5898&AttendanceDate=21/03/2026&Digest=1xAlJMAE2bwq2a7amlIEEg",8
"BASTI","RUDAULI","SURVAR KALA","3153008067/RC/958486255823717643","6192","https://mnregaweb4.nic.in/nregaarch/View_NMMS_atten_date_dtl_rpt.aspx?page=&short_name=UP&state_name=UTTAR%20PRADESH&state_code=31&district_name=BASTI&district_code=3153&block_name=RUDAULI&block_code=3153008&panchayat_name=SURVAR%20KALA&panchayat_code=3153008067&fin_year=2025-2026&source=&work_code=3153008067/RC/958486255823717643&msr_no=6192&AttendanceDate=21/03/2026&Digest=kc39oTYEW8FOWVJYNU1IGA",2
"BASTI","SALTAUA GOPAL PUR","AJGAIWA JUNGAL","3153007004/AV/958486255824155126","5370","https://mnregaweb4.nic.in/nregaarch/View_NMMS_atten_date_dtl_rpt.aspx?page=&short_name=UP&state_name=UTTAR%20PRADESH&state_code=31&district_name=BASTI&district_code=3153&block_name=SALTAUA%20GOPAL%20PUR&block_code=3153007&panchayat_name=AJGAIWA%20JUNGAL&panchayat_code=3153007004&fin_year=2025-2026&source=&work_code=3153007004/AV/958486255824155126&msr_no=5370&AttendanceDate=21/03/2026&Digest=d/kHz+yXS6VXgtLHiFlAOg",5
"BASTI","SALTAUA GOPAL PUR","BANJARIYA","3153007010/RC/958486255823740667","5440","https://mnregaweb4.nic.in/nregaarch/View_NMMS_atten_date_dtl_rpt.aspx?page=&short_name=UP&state_name=UTTAR%20PRADESH&state_code=31&district_name=BASTI&district_code=3153&block_name=SALTAUA%20GOPAL%20PUR&block_code=3153007&panchayat_name=BANJARIYA&panchayat_code=3153007010&fin_year=2025-2026&source=&work_code=3153007010/RC/958486255823740667&msr_no=5440&AttendanceDate=21/03/2026&Digest=bC4Y039dhCvvr2dd9P08rA",8
"BASTI","SALTAUA GOPAL PUR","SUBHAI","3153007078/RC/958486255823677087","5498","https://mnregaweb4.nic.in/nregaarch/View_NMMS_atten_date_dtl_rpt.aspx?page=&short_name=UP&state_name=UTTAR%20PRADESH&state_code=31&district_name=BASTI&district_code=3153&block_name=SALTAUA%20GOPAL%20PUR&block_code=3153007&panchayat_name=SUBHAI&panchayat_code=3153007078&fin_year=2025-2026&source=&work_code=3153007078/RC/958486255823677087&msr_no=5498&AttendanceDate=21/03/2026&Digest=FlawDJsaN9LsVafI01R03g",9
"BASTI","SALTAUA GOPAL PUR","MAJHAUWAN BAIKUNTH","3153007089/RC/958486255823743502","5466","https://mnregaweb4.nic.in/nregaarch/View_NMMS_atten_date_dtl_rpt.aspx?page=&short_name=UP&state_name=UTTAR%20PRADESH&state_code=31&district_name=BASTI&district_code=3153&block_name=SALTAUA%20GOPAL%20PUR&block_code=3153007&panchayat_name=MAJHAUWAN%20BAIKUNTH&panchayat_code=3153007089&fin_year=2025-2026&source=&work_code=3153007089/RC/958486255823743502&msr_no=5466&AttendanceDate=21/03/2026&Digest=WMTtdqZG6XB5u4a3quzw1A",10
"BASTI","SAU GHAT","BYOTHRA","3153009015/RC/958486255823587028","3366","https://mnregaweb4.nic.in/nregaarch/View_NMMS_atten_date_dtl_rpt.aspx?page=&short_name=UP&state_name=UTTAR%20PRADESH&state_code=31&district_name=BASTI&district_code=3153&block_name=SAU%20GHAT&block_code=3153009&panchayat_name=BYOTHRA&panchayat_code=3153009015&fin_year=2025-2026&source=&work_code=3153009015/RC/958486255823587028&msr_no=3366&AttendanceDate=21/03/2026&Digest=vySDLynMPtPpVXwnle9CnA",10
"BASTI","VIKRAM JOT","ATRAURA JHAM","3153004004/RC/958486255823725256","5849","https://mnregaweb4.nic.in/nregaarch/View_NMMS_atten_date_dtl_rpt.aspx?page=&short_name=UP&state_name=UTTAR%20PRADESH&state_code=31&district_name=BASTI&district_code=3153&block_name=VIKRAM%20JOT&block_code=3153004&panchayat_name=ATRAURA%20JHAM&panchayat_code=3153004004&fin_year=2025-2026&source=&work_code=3153004004/RC/958486255823725256&msr_no=5849&AttendanceDate=21/03/2026&Digest=vdfU6Cg7URw14Y4r9z8y6Q",9
"BASTI","VIKRAM JOT","CHHATAUNA","3153004014/RC/958486255823648419","5914","https://mnregaweb4.nic.in/nregaarch/View_NMMS_atten_date_dtl_rpt.aspx?page=&short_name=UP&state_name=UTTAR%20PRADESH&state_code=31&district_name=BASTI&district_code=3153&block_name=VIKRAM%20JOT&block_code=3153004&panchayat_name=CHHATAUNA&panchayat_code=3153004014&fin_year=2025-2026&source=&work_code=3153004014/RC/958486255823648419&msr_no=5914&AttendanceDate=21/03/2026&Digest=vgRjLopZT6ds18POBe3zUQ",8
"BASTI","VIKRAM JOT","DAHDA MISHRA","3153004015/LD/958486255824958089","5809","https://mnregaweb4.nic.in/nregaarch/View_NMMS_atten_date_dtl_rpt.aspx?page=&short_name=UP&state_name=UTTAR%20PRADESH&state_code=31&district_name=BASTI&district_code=3153&block_name=VIKRAM%20JOT&block_code=3153004&panchayat_name=DAHDA%20MISHRA&panchayat_code=3153004015&fin_year=2025-2026&source=&work_code=3153004015/LD/958486255824958089&msr_no=5809&AttendanceDate=21/03/2026&Digest=zS+Lgt16UrphySPDwzhM6Q",4
"BASTI","VIKRAM JOT","DHAURAHRA CHAUHAN","3153004018/LD/958486255824989950","5957","https://mnregaweb4.nic.in/nregaarch/View_NMMS_atten_date_dtl_rpt.aspx?page=&short_name=UP&state_name=UTTAR%20PRADESH&state_code=31&district_name=BASTI&district_code=3153&block_name=VIKRAM%20JOT&block_code=3153004&panchayat_name=DHAURAHRA%20CHAUHAN&panchayat_code=3153004018&fin_year=2025-2026&source=&work_code=3153004018/LD/958486255824989950&msr_no=5957&AttendanceDate=21/03/2026&Digest=D8MQeiY0dMzKsmLZvua6mw",10
"BASTI","VIKRAM JOT","DHIRAULI PANDEY","3153004023/RC/958486255823724628","5818","https://mnregaweb4.nic.in/nregaarch/View_NMMS_atten_date_dtl_rpt.aspx?page=&short_name=UP&state_name=UTTAR%20PRADESH&state_code=31&district_name=BASTI&district_code=3153&block_name=VIKRAM%20JOT&block_code=3153004&panchayat_name=DHIRAULI%20PANDEY&panchayat_code=3153004023&fin_year=2025-2026&source=&work_code=3153004023/RC/958486255823724628&msr_no=5818&AttendanceDate=21/03/2026&Digest=NuGmOZkSgFxYu5dsMBCBjw",4
"BASTI","VIKRAM JOT","HAREVA SHUKLA","3153004025/RC/958486255823745135","5762","https://mnregaweb4.nic.in/nregaarch/View_NMMS_atten_date_dtl_rpt.aspx?page=&short_name=UP&state_name=UTTAR%20PRADESH&state_code=31&district_name=BASTI&district_code=3153&block_name=VIKRAM%20JOT&block_code=3153004&panchayat_name=HAREVA%20SHUKLA&panchayat_code=3153004025&fin_year=2025-2026&source=&work_code=3153004025/RC/958486255823745135&msr_no=5762&AttendanceDate=21/03/2026&Digest=Qo+Dg2f1+NSmbCVPkona4g",5
"BASTI","VIKRAM JOT","KHATAMSARAY","3153004034/LD/958486255824995840","5782","https://mnregaweb4.nic.in/nregaarch/View_NMMS_atten_date_dtl_rpt.aspx?page=&short_name=UP&state_name=UTTAR%20PRADESH&state_code=31&district_name=BASTI&district_code=3153&block_name=VIKRAM%20JOT&block_code=3153004&panchayat_name=KHATAMSARAY&panchayat_code=3153004034&fin_year=2025-2026&source=&work_code=3153004034/LD/958486255824995840&msr_no=5782&AttendanceDate=21/03/2026&Digest=lDSynlDQqCg3w0MHbg4bxQ",10
"BASTI","VIKRAM JOT","KHATAMSARAY","3153004034/LD/958486255825003166","5827","https://mnregaweb4.nic.in/nregaarch/View_NMMS_atten_date_dtl_rpt.aspx?page=&short_name=UP&state_name=UTTAR%20PRADESH&state_code=31&district_name=BASTI&district_code=3153&block_name=VIKRAM%20JOT&block_code=3153004&panchayat_name=KHATAMSARAY&panchayat_code=3153004034&fin_year=2025-2026&source=&work_code=3153004034/LD/958486255825003166&msr_no=5827&AttendanceDate=21/03/2026&Digest=KRHTvaVrsm/ZWnKINmE58g",7
"BASTI","VIKRAM JOT","KHATAMSARAY","3153004034/LD/958486255825003179","5826","https://mnregaweb4.nic.in/nregaarch/View_NMMS_atten_date_dtl_rpt.aspx?page=&short_name=UP&state_name=UTTAR%20PRADESH&state_code=31&district_name=BASTI&district_code=3153&block_name=VIKRAM%20JOT&block_code=3153004&panchayat_name=KHATAMSARAY&panchayat_code=3153004034&fin_year=2025-2026&source=&work_code=3153004034/LD/958486255825003179&msr_no=5826&AttendanceDate=21/03/2026&Digest=9lPQasKwFP7mWN2jx7AHwg",4
"BASTI","VIKRAM JOT","MADNA MAJHA","3153004040/LD/958486255824916796","5815","https://mnregaweb4.nic.in/nregaarch/View_NMMS_atten_date_dtl_rpt.aspx?page=&short_name=UP&state_name=UTTAR%20PRADESH&state_code=31&district_name=BASTI&district_code=3153&block_name=VIKRAM%20JOT&block_code=3153004&panchayat_name=MADNA%20MAJHA&panchayat_code=3153004040&fin_year=2025-2026&source=&work_code=3153004040/LD/958486255824916796&msr_no=5815&AttendanceDate=21/03/2026&Digest=WYwJlmGAWdK2DJdyHS0XHA",6
"BASTI","VIKRAM JOT","MALHNI","3153004042/RC/958486255823737150","5871","https://mnregaweb4.nic.in/nregaarch/View_NMMS_atten_date_dtl_rpt.aspx?page=&short_name=UP&state_name=UTTAR%20PRADESH&state_code=31&district_name=BASTI&district_code=3153&block_name=VIKRAM%20JOT&block_code=3153004&panchayat_name=MALHNI&panchayat_code=3153004042&fin_year=2025-2026&source=&work_code=3153004042/RC/958486255823737150&msr_no=5871&AttendanceDate=21/03/2026&Digest=wAeSzi8IE4/yO04xOmHkxQ",8
"BASTI","VIKRAM JOT","EKMA HIRANIYA","3153004043/WC/958486255824231525","5856","https://mnregaweb4.nic.in/nregaarch/View_NMMS_atten_date_dtl_rpt.aspx?page=&short_name=UP&state_name=UTTAR%20PRADESH&state_code=31&district_name=BASTI&district_code=3153&block_name=VIKRAM%20JOT&block_code=3153004&panchayat_name=EKMA%20HIRANIYA&panchayat_code=3153004043&fin_year=2025-2026&source=&work_code=3153004043/WC/958486255824231525&msr_no=5856&AttendanceDate=21/03/2026&Digest=9RfnRXw+41eFaHoewUsxZw",8
"BASTI","VIKRAM JOT","EKMA HIRANIYA","3153004043/WC/958486255824231525","5859","https://mnregaweb4.nic.in/nregaarch/View_NMMS_atten_date_dtl_rpt.aspx?page=&short_name=UP&state_name=UTTAR%20PRADESH&state_code=31&district_name=BASTI&district_code=3153&block_name=VIKRAM%20JOT&block_code=3153004&panchayat_name=EKMA%20HIRANIYA&panchayat_code=3153004043&fin_year=2025-2026&source=&work_code=3153004043/WC/958486255824231525&msr_no=5859&AttendanceDate=21/03/2026&Digest=sN2Qh3OdHGahYo0I3tDBdA",9
"BASTI","VIKRAM JOT","NIYAMATPUR","3153004049/RC/958486255823728455","5921","https://mnregaweb4.nic.in/nregaarch/View_NMMS_atten_date_dtl_rpt.aspx?page=&short_name=UP&state_name=UTTAR%20PRADESH&state_code=31&district_name=BASTI&district_code=3153&block_name=VIKRAM%20JOT&block_code=3153004&panchayat_name=NIYAMATPUR&panchayat_code=3153004049&fin_year=2025-2026&source=&work_code=3153004049/RC/958486255823728455&msr_no=5921&AttendanceDate=21/03/2026&Digest=k2Fse0Ohh7dujzdGtx8Myw",7
"BASTI","VIKRAM JOT","PURE CHETAN","3153004053/RC/958486255823731820","5756","https://mnregaweb4.nic.in/nregaarch/View_NMMS_atten_date_dtl_rpt.aspx?page=&short_name=UP&state_name=UTTAR%20PRADESH&state_code=31&district_name=BASTI&district_code=3153&block_name=VIKRAM%20JOT&block_code=3153004&panchayat_name=PURE%20CHETAN&panchayat_code=3153004053&fin_year=2025-2026&source=&work_code=3153004053/RC/958486255823731820&msr_no=5756&AttendanceDate=21/03/2026&Digest=TGVAQMwHpjATooHJVYIm1w",6
"BASTI","VIKRAM JOT","TURSI","3153004068/LD/YD/958486255825007923","5923","https://mnregaweb4.nic.in/nregaarch/View_NMMS_atten_date_dtl_rpt.aspx?page=&short_name=UP&state_name=UTTAR%20PRADESH&state_code=31&district_name=BASTI&district_code=3153&block_name=VIKRAM%20JOT&block_code=3153004&panchayat_name=TURSI&panchayat_code=3153004068&fin_year=2025-2026&source=&work_code=3153004068/LD/YD/958486255825007923&msr_no=5923&AttendanceDate=21/03/2026&Digest=f/lideFol1LJ5s/NF+5nwg",5
"BASTI","VIKRAM JOT","NETWARPATTI","3153004078/RC/958486255823728519","5803","https://mnregaweb4.nic.in/nregaarch/View_NMMS_atten_date_dtl_rpt.aspx?page=&short_name=UP&state_name=UTTAR%20PRADESH&state_code=31&district_name=BASTI&district_code=3153&block_name=VIKRAM%20JOT&block_code=3153004&panchayat_name=NETWARPATTI&panchayat_code=3153004078&fin_year=2025-2026&source=&work_code=3153004078/RC/958486255823728519&msr_no=5803&AttendanceDate=21/03/2026&Digest=syDSKWBRgbW1JcvJG19nAA",4
