"District","Block","Panchayat","Work_Code","Mustroll_No","Mustroll_Link","Persondays"
"BASTI","BAHADURPUR","BAHADURPUR","3153012007/WH/958486255823987468","9643","https://mnregaweb4.nic.in/nregaarch/View_NMMS_atten_date_dtl_rpt.aspx?page=&short_name=UP&state_name=UTTAR%20PRADESH&state_code=31&district_name=BASTI&district_code=3153&block_name=BAHADURPUR&block_code=3153012&panchayat_name=BAHADURPUR&panchayat_code=3153012007&fin_year=2025-2026&source=&work_code=3153012007/WH/958486255823987468&msr_no=9643&AttendanceDate=22/03/2026&Digest=an7u3U7FMx9QGZINV7h99A",8
"BASTI","BAHADURPUR","DEV DEEHA","3153012019/RC/958486255823667987","9814","https://mnregaweb4.nic.in/nregaarch/View_NMMS_atten_date_dtl_rpt.aspx?page=&short_name=UP&state_name=UTTAR%20PRADESH&state_code=31&district_name=BASTI&district_code=3153&block_name=BAHADURPUR&block_code=3153012&panchayat_name=DEV%20DEEHA&panchayat_code=3153012019&fin_year=2025-2026&source=&work_code=3153012019/RC/958486255823667987&msr_no=9814&AttendanceDate=22/03/2026&Digest=GZClT9Obhg2QbnXFpRyHrQ",10
"BASTI","BAHADURPUR","DEV DEEHA","3153012019/RC/958486255823667988","9803","https://mnregaweb4.nic.in/nregaarch/View_NMMS_atten_date_dtl_rpt.aspx?page=&short_name=UP&state_name=UTTAR%20PRADESH&state_code=31&district_name=BASTI&district_code=3153&block_name=BAHADURPUR&block_code=3153012&panchayat_name=DEV%20DEEHA&panchayat_code=3153012019&fin_year=2025-2026&source=&work_code=3153012019/RC/958486255823667988&msr_no=9803&AttendanceDate=22/03/2026&Digest=5GOtD2sFrz7um8Nbs+xL8Q",10
"BASTI","BAHADURPUR","JALALPUR","3153012026/RC/958486255823695170","9705","https://mnregaweb4.nic.in/nregaarch/View_NMMS_atten_date_dtl_rpt.aspx?page=&short_name=UP&state_name=UTTAR%20PRADESH&state_code=31&district_name=BASTI&district_code=3153&block_name=BAHADURPUR&block_code=3153012&panchayat_name=JALALPUR&panchayat_code=3153012026&fin_year=2025-2026&source=&work_code=3153012026/RC/958486255823695170&msr_no=9705&AttendanceDate=22/03/2026&Digest=yZyeVR+HjUVMDGNv6N5eig",10
"BASTI","BAHADURPUR","KAMRIHA","3153012031/IC/958486255823711085","9782","https://mnregaweb4.nic.in/nregaarch/View_NMMS_atten_date_dtl_rpt.aspx?page=&short_name=UP&state_name=UTTAR%20PRADESH&state_code=31&district_name=BASTI&district_code=3153&block_name=BAHADURPUR&block_code=3153012&panchayat_name=KAMRIHA&panchayat_code=3153012031&fin_year=2025-2026&source=&work_code=3153012031/IC/958486255823711085&msr_no=9782&AttendanceDate=22/03/2026&Digest=7wRQ23jyf9SNZ21jH9fXwg",5
"BASTI","BAHADURPUR","KODAR","3153012039/RC/958486255823589406","9603","https://mnregaweb4.nic.in/nregaarch/View_NMMS_atten_date_dtl_rpt.aspx?page=&short_name=UP&state_name=UTTAR%20PRADESH&state_code=31&district_name=BASTI&district_code=3153&block_name=BAHADURPUR&block_code=3153012&panchayat_name=KODAR&panchayat_code=3153012039&fin_year=2025-2026&source=&work_code=3153012039/RC/958486255823589406&msr_no=9603&AttendanceDate=22/03/2026&Digest=1p3JM3ylw5Aas3ofqU+DcQ",7
"BASTI","BAHADURPUR","NIRANJAN PUR","3153012055/RC/958486255823743353","9637","https://mnregaweb4.nic.in/nregaarch/View_NMMS_atten_date_dtl_rpt.aspx?page=&short_name=UP&state_name=UTTAR%20PRADESH&state_code=31&district_name=BASTI&district_code=3153&block_name=BAHADURPUR&block_code=3153012&panchayat_name=NIRANJAN%20PUR&panchayat_code=3153012055&fin_year=2025-2026&source=&work_code=3153012055/RC/958486255823743353&msr_no=9637&AttendanceDate=22/03/2026&Digest=a+02J2JKLecWEgBi5/3QkQ",6
"BASTI","BAHADURPUR","NIRANJAN PUR","3153012055/RC/958486255823743354","9570","https://mnregaweb4.nic.in/nregaarch/View_NMMS_atten_date_dtl_rpt.aspx?page=&short_name=UP&state_name=UTTAR%20PRADESH&state_code=31&district_name=BASTI&district_code=3153&block_name=BAHADURPUR&block_code=3153012&panchayat_name=NIRANJAN%20PUR&panchayat_code=3153012055&fin_year=2025-2026&source=&work_code=3153012055/RC/958486255823743354&msr_no=9570&AttendanceDate=22/03/2026&Digest=N/zuAvdPDh9+ScdwNmmYTQ",9
"BASTI","BAHADURPUR","NRAYANPUR","3153012056/RC/958486255823733814","9868","https://mnregaweb4.nic.in/nregaarch/View_NMMS_atten_date_dtl_rpt.aspx?page=&short_name=UP&state_name=UTTAR%20PRADESH&state_code=31&district_name=BASTI&district_code=3153&block_name=BAHADURPUR&block_code=3153012&panchayat_name=NRAYANPUR&panchayat_code=3153012056&fin_year=2025-2026&source=&work_code=3153012056/RC/958486255823733814&msr_no=9868&AttendanceDate=22/03/2026&Digest=nz8qgBeA57xXW4fQKci85Q",10
"BASTI","BAHADURPUR","PAALHA","3153012057/LD/958486255825007541","9764","https://mnregaweb4.nic.in/nregaarch/View_NMMS_atten_date_dtl_rpt.aspx?page=&short_name=UP&state_name=UTTAR%20PRADESH&state_code=31&district_name=BASTI&district_code=3153&block_name=BAHADURPUR&block_code=3153012&panchayat_name=PAALHA&panchayat_code=3153012057&fin_year=2025-2026&source=&work_code=3153012057/LD/958486255825007541&msr_no=9764&AttendanceDate=22/03/2026&Digest=P5G0ET0Foa25Ozc3G2jyqA",4
"BASTI","BAHADURPUR","PHOOLPUR","3153012061/LD/958486255825008303","9860","https://mnregaweb4.nic.in/nregaarch/View_NMMS_atten_date_dtl_rpt.aspx?page=&short_name=UP&state_name=UTTAR%20PRADESH&state_code=31&district_name=BASTI&district_code=3153&block_name=BAHADURPUR&block_code=3153012&panchayat_name=PHOOLPUR&panchayat_code=3153012061&fin_year=2025-2026&source=&work_code=3153012061/LD/958486255825008303&msr_no=9860&AttendanceDate=22/03/2026&Digest=1IC+JdjjtGbvmYw1tNpJ/A",8
"BASTI","BAHADURPUR","PHOOLPUR","3153012061/RC/958486255823571296","9550","https://mnregaweb4.nic.in/nregaarch/View_NMMS_atten_date_dtl_rpt.aspx?page=&short_name=UP&state_name=UTTAR%20PRADESH&state_code=31&district_name=BASTI&district_code=3153&block_name=BAHADURPUR&block_code=3153012&panchayat_name=PHOOLPUR&panchayat_code=3153012061&fin_year=2025-2026&source=&work_code=3153012061/RC/958486255823571296&msr_no=9550&AttendanceDate=22/03/2026&Digest=ptON4MiMkjf78wIfp9yIzg",8
"BASTI","BAHADURPUR","PHOOLPUR","3153012061/RC/958486255823571296","9553","https://mnregaweb4.nic.in/nregaarch/View_NMMS_atten_date_dtl_rpt.aspx?page=&short_name=UP&state_name=UTTAR%20PRADESH&state_code=31&district_name=BASTI&district_code=3153&block_name=BAHADURPUR&block_code=3153012&panchayat_name=PHOOLPUR&panchayat_code=3153012061&fin_year=2025-2026&source=&work_code=3153012061/RC/958486255823571296&msr_no=9553&AttendanceDate=22/03/2026&Digest=suhrbwnKE6tPRIQ/mQW6Dg",4
"BASTI","BAHADURPUR","RAKHAUNA","3153012066/LD/958486255824953329","9794","https://mnregaweb4.nic.in/nregaarch/View_NMMS_atten_date_dtl_rpt.aspx?page=&short_name=UP&state_name=UTTAR%20PRADESH&state_code=31&district_name=BASTI&district_code=3153&block_name=BAHADURPUR&block_code=3153012&panchayat_name=RAKHAUNA&panchayat_code=3153012066&fin_year=2025-2026&source=&work_code=3153012066/LD/958486255824953329&msr_no=9794&AttendanceDate=22/03/2026&Digest=aDsHWlU1qAIKOd1YG4jbbQ",8
"BASTI","BAHADURPUR","SISWARI RAGUBIR SINGH","3153012075/RC/958486255823744922","9592","https://mnregaweb4.nic.in/nregaarch/View_NMMS_atten_date_dtl_rpt.aspx?page=&short_name=UP&state_name=UTTAR%20PRADESH&state_code=31&district_name=BASTI&district_code=3153&block_name=BAHADURPUR&block_code=3153012&panchayat_name=SISWARI%20RAGUBIR%20SINGH&panchayat_code=3153012075&fin_year=2025-2026&source=&work_code=3153012075/RC/958486255823744922&msr_no=9592&AttendanceDate=22/03/2026&Digest=dEpL6f7jd7zPt84R9xypBA",9
"BASTI","BAHADURPUR","UMARIYA","3153012076/RC/958486255823666580","9854","https://mnregaweb4.nic.in/nregaarch/View_NMMS_atten_date_dtl_rpt.aspx?page=&short_name=UP&state_name=UTTAR%20PRADESH&state_code=31&district_name=BASTI&district_code=3153&block_name=BAHADURPUR&block_code=3153012&panchayat_name=UMARIYA&panchayat_code=3153012076&fin_year=2025-2026&source=&work_code=3153012076/RC/958486255823666580&msr_no=9854&AttendanceDate=22/03/2026&Digest=tGvAhaV95s014XoN+K34Ig",2
"BASTI","BAHADURPUR","UMARIYA","3153012076/RC/958486255823692634","9848","https://mnregaweb4.nic.in/nregaarch/View_NMMS_atten_date_dtl_rpt.aspx?page=&short_name=UP&state_name=UTTAR%20PRADESH&state_code=31&district_name=BASTI&district_code=3153&block_name=BAHADURPUR&block_code=3153012&panchayat_name=UMARIYA&panchayat_code=3153012076&fin_year=2025-2026&source=&work_code=3153012076/RC/958486255823692634&msr_no=9848&AttendanceDate=22/03/2026&Digest=CmRtguIPRdqeOHBD0zMaag",5
"BASTI","BAHADURPUR","UMARIYA","3153012076/RC/958486255823692640","9840","https://mnregaweb4.nic.in/nregaarch/View_NMMS_atten_date_dtl_rpt.aspx?page=&short_name=UP&state_name=UTTAR%20PRADESH&state_code=31&district_name=BASTI&district_code=3153&block_name=BAHADURPUR&block_code=3153012&panchayat_name=UMARIYA&panchayat_code=3153012076&fin_year=2025-2026&source=&work_code=3153012076/RC/958486255823692640&msr_no=9840&AttendanceDate=22/03/2026&Digest=s9fqyV/kLdiWJ/2XqUGQjQ",7
"BASTI","BAHADURPUR","MOHAMMADPUR","3153012082/RC/958486255823701274","9629","https://mnregaweb4.nic.in/nregaarch/View_NMMS_atten_date_dtl_rpt.aspx?page=&short_name=UP&state_name=UTTAR%20PRADESH&state_code=31&district_name=BASTI&district_code=3153&block_name=BAHADURPUR&block_code=3153012&panchayat_name=MOHAMMADPUR&panchayat_code=3153012082&fin_year=2025-2026&source=&work_code=3153012082/RC/958486255823701274&msr_no=9629&AttendanceDate=22/03/2026&Digest=ikdBodDSyJgluh1o3pxQJw",3
"BASTI","BAHADURPUR","AMILAHA","3153012092/WH/958486255823998983","9737","https://mnregaweb4.nic.in/nregaarch/View_NMMS_atten_date_dtl_rpt.aspx?page=&short_name=UP&state_name=UTTAR%20PRADESH&state_code=31&district_name=BASTI&district_code=3153&block_name=BAHADURPUR&block_code=3153012&panchayat_name=AMILAHA&panchayat_code=3153012092&fin_year=2025-2026&source=&work_code=3153012092/WH/958486255823998983&msr_no=9737&AttendanceDate=22/03/2026&Digest=tR/K+SzVQsStBQ0LRVWudQ",8
"BASTI","BANKATI","AHIRAULI","3153011001/IC/958486255823742631","9264","https://mnregaweb4.nic.in/nregaarch/View_NMMS_atten_date_dtl_rpt.aspx?page=&short_name=UP&state_name=UTTAR%20PRADESH&state_code=31&district_name=BASTI&district_code=3153&block_name=BANKATI&block_code=3153011&panchayat_name=AHIRAULI&panchayat_code=3153011001&fin_year=2025-2026&source=&work_code=3153011001/IC/958486255823742631&msr_no=9264&AttendanceDate=22/03/2026&Digest=XB/I0TohiGvheB+g9PoNJg",9
"BASTI","BANKATI","AHIRAULI","3153011001/LD/958486255824752580","9268","https://mnregaweb4.nic.in/nregaarch/View_NMMS_atten_date_dtl_rpt.aspx?page=&short_name=UP&state_name=UTTAR%20PRADESH&state_code=31&district_name=BASTI&district_code=3153&block_name=BANKATI&block_code=3153011&panchayat_name=AHIRAULI&panchayat_code=3153011001&fin_year=2025-2026&source=&work_code=3153011001/LD/958486255824752580&msr_no=9268&AttendanceDate=22/03/2026&Digest=9W1UcGWKHCcjg8Ts7DexPA",3
"BASTI","BANKATI","ARAILADIGAR PATTI","3153011003/IC/958486255823726104","9369","https://mnregaweb4.nic.in/nregaarch/View_NMMS_atten_date_dtl_rpt.aspx?page=&short_name=UP&state_name=UTTAR%20PRADESH&state_code=31&district_name=BASTI&district_code=3153&block_name=BANKATI&block_code=3153011&panchayat_name=ARAILADIGAR%20PATTI&panchayat_code=3153011003&fin_year=2025-2026&source=&work_code=3153011003/IC/958486255823726104&msr_no=9369&AttendanceDate=22/03/2026&Digest=Egmw6gkVByHk7ecQiHzeKQ",4
"BASTI","BANKATI","BHAWARA","3153011018/IC/958486255823741529","9341","https://mnregaweb4.nic.in/nregaarch/View_NMMS_atten_date_dtl_rpt.aspx?page=&short_name=UP&state_name=UTTAR%20PRADESH&state_code=31&district_name=BASTI&district_code=3153&block_name=BANKATI&block_code=3153011&panchayat_name=BHAWARA&panchayat_code=3153011018&fin_year=2025-2026&source=&work_code=3153011018/IC/958486255823741529&msr_no=9341&AttendanceDate=22/03/2026&Digest=q0NCSHGjBxGJZYJ0mENRUw",4
"BASTI","BANKATI","DEWAMI","3153011027/FP/958486255823613996","9311","https://mnregaweb4.nic.in/nregaarch/View_NMMS_atten_date_dtl_rpt.aspx?page=&short_name=UP&state_name=UTTAR%20PRADESH&state_code=31&district_name=BASTI&district_code=3153&block_name=BANKATI&block_code=3153011&panchayat_name=DEWAMI&panchayat_code=3153011027&fin_year=2025-2026&source=&work_code=3153011027/FP/958486255823613996&msr_no=9311&AttendanceDate=22/03/2026&Digest=uJiYsp/8NFv5LVwXkI7DEg",3
"BASTI","BANKATI","GANGORI","3153011035/RC/958486255823750665","9585","https://mnregaweb4.nic.in/nregaarch/View_NMMS_atten_date_dtl_rpt.aspx?page=&short_name=UP&state_name=UTTAR%20PRADESH&state_code=31&district_name=BASTI&district_code=3153&block_name=BANKATI&block_code=3153011&panchayat_name=GANGORI&panchayat_code=3153011035&fin_year=2025-2026&source=&work_code=3153011035/RC/958486255823750665&msr_no=9585&AttendanceDate=22/03/2026&Digest=3+haueTErJXFamkaqQu8Yw",10
"BASTI","BANKATI","HINAUTA","3153011041/RC/958486255823750743","9644","https://mnregaweb4.nic.in/nregaarch/View_NMMS_atten_date_dtl_rpt.aspx?page=&short_name=UP&state_name=UTTAR%20PRADESH&state_code=31&district_name=BASTI&district_code=3153&block_name=BANKATI&block_code=3153011&panchayat_name=HINAUTA&panchayat_code=3153011041&fin_year=2025-2026&source=&work_code=3153011041/RC/958486255823750743&msr_no=9644&AttendanceDate=22/03/2026&Digest=HVsVZ+maxAxQT0iJhKZG1w",10
"BASTI","BANKATI","KHAMOKHAR","3153011049/FP/958486255823594955","9222","https://mnregaweb4.nic.in/nregaarch/View_NMMS_atten_date_dtl_rpt.aspx?page=&short_name=UP&state_name=UTTAR%20PRADESH&state_code=31&district_name=BASTI&district_code=3153&block_name=BANKATI&block_code=3153011&panchayat_name=KHAMOKHAR&panchayat_code=3153011049&fin_year=2025-2026&source=&work_code=3153011049/FP/958486255823594955&msr_no=9222&AttendanceDate=22/03/2026&Digest=5odQf65qh6NN+A5M2UngqA",4
"BASTI","BANKATI","KHAMOKHAR","3153011049/RC/958486255823745109","9568","https://mnregaweb4.nic.in/nregaarch/View_NMMS_atten_date_dtl_rpt.aspx?page=&short_name=UP&state_name=UTTAR%20PRADESH&state_code=31&district_name=BASTI&district_code=3153&block_name=BANKATI&block_code=3153011&panchayat_name=KHAMOKHAR&panchayat_code=3153011049&fin_year=2025-2026&source=&work_code=3153011049/RC/958486255823745109&msr_no=9568&AttendanceDate=22/03/2026&Digest=h0xaaGooaDB5GHaNPrfDjA",6
"BASTI","BANKATI","KHARATI","3153011050/RC/958486255823743302","9432","https://mnregaweb4.nic.in/nregaarch/View_NMMS_atten_date_dtl_rpt.aspx?page=&short_name=UP&state_name=UTTAR%20PRADESH&state_code=31&district_name=BASTI&district_code=3153&block_name=BANKATI&block_code=3153011&panchayat_name=KHARATI&panchayat_code=3153011050&fin_year=2025-2026&source=&work_code=3153011050/RC/958486255823743302&msr_no=9432&AttendanceDate=22/03/2026&Digest=IBk+sOdClu9S0A718tSrhg",9
"BASTI","BANKATI","KHARATI","3153011050/RC/958486255823743302","9435","https://mnregaweb4.nic.in/nregaarch/View_NMMS_atten_date_dtl_rpt.aspx?page=&short_name=UP&state_name=UTTAR%20PRADESH&state_code=31&district_name=BASTI&district_code=3153&block_name=BANKATI&block_code=3153011&panchayat_name=KHARATI&panchayat_code=3153011050&fin_year=2025-2026&source=&work_code=3153011050/RC/958486255823743302&msr_no=9435&AttendanceDate=22/03/2026&Digest=hl9WyHq0kaVBFJONIyb0fA",7
"BASTI","BANKATI","KHARWANIA","3153011054/FP/958486255823613677","9309","https://mnregaweb4.nic.in/nregaarch/View_NMMS_atten_date_dtl_rpt.aspx?page=&short_name=UP&state_name=UTTAR%20PRADESH&state_code=31&district_name=BASTI&district_code=3153&block_name=BANKATI&block_code=3153011&panchayat_name=KHARWANIA&panchayat_code=3153011054&fin_year=2025-2026&source=&work_code=3153011054/FP/958486255823613677&msr_no=9309&AttendanceDate=22/03/2026&Digest=2WgU4vTDjXg/rzDYUe88gQ",9
"BASTI","BANKATI","KHARWANIA","3153011054/FP/958486255823613677","9312","https://mnregaweb4.nic.in/nregaarch/View_NMMS_atten_date_dtl_rpt.aspx?page=&short_name=UP&state_name=UTTAR%20PRADESH&state_code=31&district_name=BASTI&district_code=3153&block_name=BANKATI&block_code=3153011&panchayat_name=KHARWANIA&panchayat_code=3153011054&fin_year=2025-2026&source=&work_code=3153011054/FP/958486255823613677&msr_no=9312&AttendanceDate=22/03/2026&Digest=iO7aP3ksmu+JX3UB7oLubQ",10
"BASTI","BANKATI","KHORIA","3153011056/LD/YD/958486255824966387","9305","https://mnregaweb4.nic.in/nregaarch/View_NMMS_atten_date_dtl_rpt.aspx?page=&short_name=UP&state_name=UTTAR%20PRADESH&state_code=31&district_name=BASTI&district_code=3153&block_name=BANKATI&block_code=3153011&panchayat_name=KHORIA&panchayat_code=3153011056&fin_year=2025-2026&source=&work_code=3153011056/LD/YD/958486255824966387&msr_no=9305&AttendanceDate=22/03/2026&Digest=mv3xP2Jwz+IOLb2optBbrg",9
"BASTI","BANKATI","KHORIA","3153011056/LD/YD/958486255824966393","9246","https://mnregaweb4.nic.in/nregaarch/View_NMMS_atten_date_dtl_rpt.aspx?page=&short_name=UP&state_name=UTTAR%20PRADESH&state_code=31&district_name=BASTI&district_code=3153&block_name=BANKATI&block_code=3153011&panchayat_name=KHORIA&panchayat_code=3153011056&fin_year=2025-2026&source=&work_code=3153011056/LD/YD/958486255824966393&msr_no=9246&AttendanceDate=22/03/2026&Digest=8EUhytKd5WBmbhM1e3b9aw",9
"BASTI","BANKATI","KHORIA","3153011056/RC/YD/958486255823681577","9628","https://mnregaweb4.nic.in/nregaarch/View_NMMS_atten_date_dtl_rpt.aspx?page=&short_name=UP&state_name=UTTAR%20PRADESH&state_code=31&district_name=BASTI&district_code=3153&block_name=BANKATI&block_code=3153011&panchayat_name=KHORIA&panchayat_code=3153011056&fin_year=2025-2026&source=&work_code=3153011056/RC/YD/958486255823681577&msr_no=9628&AttendanceDate=22/03/2026&Digest=++pkVfzwyV+P6KTOlRg03w",8
"BASTI","BANKATI","KURIYAR","3153011060/IC/958486255823712455","9365","https://mnregaweb4.nic.in/nregaarch/View_NMMS_atten_date_dtl_rpt.aspx?page=&short_name=UP&state_name=UTTAR%20PRADESH&state_code=31&district_name=BASTI&district_code=3153&block_name=BANKATI&block_code=3153011&panchayat_name=KURIYAR&panchayat_code=3153011060&fin_year=2025-2026&source=&work_code=3153011060/IC/958486255823712455&msr_no=9365&AttendanceDate=22/03/2026&Digest=PpOqzCwHNnpwK6BjAZ4r5Q",10
"BASTI","BANKATI","KURIYAR","3153011060/WC/958486255824235444","9358","https://mnregaweb4.nic.in/nregaarch/View_NMMS_atten_date_dtl_rpt.aspx?page=&short_name=UP&state_name=UTTAR%20PRADESH&state_code=31&district_name=BASTI&district_code=3153&block_name=BANKATI&block_code=3153011&panchayat_name=KURIYAR&panchayat_code=3153011060&fin_year=2025-2026&source=&work_code=3153011060/WC/958486255824235444&msr_no=9358&AttendanceDate=22/03/2026&Digest=/RbdO2qJu0fVtYVesmq9gg",8
"BASTI","BANKATI","KURIYAR","3153011060/WC/958486255824235444","9361","https://mnregaweb4.nic.in/nregaarch/View_NMMS_atten_date_dtl_rpt.aspx?page=&short_name=UP&state_name=UTTAR%20PRADESH&state_code=31&district_name=BASTI&district_code=3153&block_name=BANKATI&block_code=3153011&panchayat_name=KURIYAR&panchayat_code=3153011060&fin_year=2025-2026&source=&work_code=3153011060/WC/958486255824235444&msr_no=9361&AttendanceDate=22/03/2026&Digest=QgF1KGR8kUDnOPP5lWzczg",1
"BASTI","BANKATI","PIKAWARA SHUKLA","3153011078/RC/958486255823744117","9233","https://mnregaweb4.nic.in/nregaarch/View_NMMS_atten_date_dtl_rpt.aspx?page=&short_name=UP&state_name=UTTAR%20PRADESH&state_code=31&district_name=BASTI&district_code=3153&block_name=BANKATI&block_code=3153011&panchayat_name=PIKAWARA%20SHUKLA&panchayat_code=3153011078&fin_year=2025-2026&source=&work_code=3153011078/RC/958486255823744117&msr_no=9233&AttendanceDate=22/03/2026&Digest=flbD0Jgc/hWlm7U1OWMcDA",5
"BASTI","BAHADURPUR","BAHADURPUR","3153012007/WC/958486255824193195","9863","https://mnregaweb4.nic.in/nregaarch/View_NMMS_atten_date_dtl_rpt.aspx?page=&short_name=UP&state_name=UTTAR%20PRADESH&state_code=31&district_name=BASTI&district_code=3153&block_name=BAHADURPUR&block_code=3153012&panchayat_name=BAHADURPUR&panchayat_code=3153012007&fin_year=2025-2026&source=&work_code=3153012007/WC/958486255824193195&msr_no=9863&AttendanceDate=22/03/2026&Digest=1Trez9K9ooEb4PpAXeItTw",9
"BASTI","BAHADURPUR","BHERIHA","3153012011/LD/958486255824954104","9563","https://mnregaweb4.nic.in/nregaarch/View_NMMS_atten_date_dtl_rpt.aspx?page=&short_name=UP&state_name=UTTAR%20PRADESH&state_code=31&district_name=BASTI&district_code=3153&block_name=BAHADURPUR&block_code=3153012&panchayat_name=BHERIHA&panchayat_code=3153012011&fin_year=2025-2026&source=&work_code=3153012011/LD/958486255824954104&msr_no=9563&AttendanceDate=22/03/2026&Digest=bzoPHHvCFIiqtvFgYG48xQ",3
"BASTI","BAHADURPUR","SONBARSA","3153012014/LD/958486255824933208","9634","https://mnregaweb4.nic.in/nregaarch/View_NMMS_atten_date_dtl_rpt.aspx?page=&short_name=UP&state_name=UTTAR%20PRADESH&state_code=31&district_name=BASTI&district_code=3153&block_name=BAHADURPUR&block_code=3153012&panchayat_name=SONBARSA&panchayat_code=3153012014&fin_year=2025-2026&source=&work_code=3153012014/LD/958486255824933208&msr_no=9634&AttendanceDate=22/03/2026&Digest=56/nMM1ZQaO9/noPInnGyA",8
"BASTI","BAHADURPUR","DEV DEEHA","3153012019/LD/958486255824987443","9596","https://mnregaweb4.nic.in/nregaarch/View_NMMS_atten_date_dtl_rpt.aspx?page=&short_name=UP&state_name=UTTAR%20PRADESH&state_code=31&district_name=BASTI&district_code=3153&block_name=BAHADURPUR&block_code=3153012&panchayat_name=DEV%20DEEHA&panchayat_code=3153012019&fin_year=2025-2026&source=&work_code=3153012019/LD/958486255824987443&msr_no=9596&AttendanceDate=22/03/2026&Digest=Xnf6SS+G9X0cjcqlmxR8Bg",10
"BASTI","BAHADURPUR","KANHAULI","3153012033/LD/958486255825009893","9688","https://mnregaweb4.nic.in/nregaarch/View_NMMS_atten_date_dtl_rpt.aspx?page=&short_name=UP&state_name=UTTAR%20PRADESH&state_code=31&district_name=BASTI&district_code=3153&block_name=BAHADURPUR&block_code=3153012&panchayat_name=KANHAULI&panchayat_code=3153012033&fin_year=2025-2026&source=&work_code=3153012033/LD/958486255825009893&msr_no=9688&AttendanceDate=22/03/2026&Digest=cWC90qvUfyxgCmLTe3/6aQ",9
"BASTI","BAHADURPUR","NRAYANPUR","3153012056/RC/958486255823747685","9821","https://mnregaweb4.nic.in/nregaarch/View_NMMS_atten_date_dtl_rpt.aspx?page=&short_name=UP&state_name=UTTAR%20PRADESH&state_code=31&district_name=BASTI&district_code=3153&block_name=BAHADURPUR&block_code=3153012&panchayat_name=NRAYANPUR&panchayat_code=3153012056&fin_year=2025-2026&source=&work_code=3153012056/RC/958486255823747685&msr_no=9821&AttendanceDate=22/03/2026&Digest=EdjSIdooorUmiupEimWvZw",4
"BASTI","BAHADURPUR","PHOOLPUR","3153012061/RC/958486255823571296","9551","https://mnregaweb4.nic.in/nregaarch/View_NMMS_atten_date_dtl_rpt.aspx?page=&short_name=UP&state_name=UTTAR%20PRADESH&state_code=31&district_name=BASTI&district_code=3153&block_name=BAHADURPUR&block_code=3153012&panchayat_name=PHOOLPUR&panchayat_code=3153012061&fin_year=2025-2026&source=&work_code=3153012061/RC/958486255823571296&msr_no=9551&AttendanceDate=22/03/2026&Digest=et5LDxFUyC0E/d0rulKtvw",6
"BASTI","BAHADURPUR","PRATAPPUR","3153012064/RC/958486255823569535","9692","https://mnregaweb4.nic.in/nregaarch/View_NMMS_atten_date_dtl_rpt.aspx?page=&short_name=UP&state_name=UTTAR%20PRADESH&state_code=31&district_name=BASTI&district_code=3153&block_name=BAHADURPUR&block_code=3153012&panchayat_name=PRATAPPUR&panchayat_code=3153012064&fin_year=2025-2026&source=&work_code=3153012064/RC/958486255823569535&msr_no=9692&AttendanceDate=22/03/2026&Digest=ZrD8mA2uT2nNE/h8tYaHaA",2
"BASTI","BAHADURPUR","PRATAPPUR","3153012064/RC/958486255823731564","9700","https://mnregaweb4.nic.in/nregaarch/View_NMMS_atten_date_dtl_rpt.aspx?page=&short_name=UP&state_name=UTTAR%20PRADESH&state_code=31&district_name=BASTI&district_code=3153&block_name=BAHADURPUR&block_code=3153012&panchayat_name=PRATAPPUR&panchayat_code=3153012064&fin_year=2025-2026&source=&work_code=3153012064/RC/958486255823731564&msr_no=9700&AttendanceDate=22/03/2026&Digest=d6VIK4UrX5w6QGYoH6Haog",2
"BASTI","BAHADURPUR","SISWARI RAGUBIR SINGH","3153012075/WH/958486255824013258","9663","https://mnregaweb4.nic.in/nregaarch/View_NMMS_atten_date_dtl_rpt.aspx?page=&short_name=UP&state_name=UTTAR%20PRADESH&state_code=31&district_name=BASTI&district_code=3153&block_name=BAHADURPUR&block_code=3153012&panchayat_name=SISWARI%20RAGUBIR%20SINGH&panchayat_code=3153012075&fin_year=2025-2026&source=&work_code=3153012075/WH/958486255824013258&msr_no=9663&AttendanceDate=22/03/2026&Digest=Ohgih2Mt3FWD81VRyhlL/Q",5
"BASTI","BAHADURPUR","VAISNOPUR","3153012079/LD/958486255824966695","9824","https://mnregaweb4.nic.in/nregaarch/View_NMMS_atten_date_dtl_rpt.aspx?page=&short_name=UP&state_name=UTTAR%20PRADESH&state_code=31&district_name=BASTI&district_code=3153&block_name=BAHADURPUR&block_code=3153012&panchayat_name=VAISNOPUR&panchayat_code=3153012079&fin_year=2025-2026&source=&work_code=3153012079/LD/958486255824966695&msr_no=9824&AttendanceDate=22/03/2026&Digest=uAD36JqDbZ2HKx9Sl5eYvg",9
"BASTI","BAHADURPUR","VAISNOPUR","3153012079/LD/958486255824966695","9827","https://mnregaweb4.nic.in/nregaarch/View_NMMS_atten_date_dtl_rpt.aspx?page=&short_name=UP&state_name=UTTAR%20PRADESH&state_code=31&district_name=BASTI&district_code=3153&block_name=BAHADURPUR&block_code=3153012&panchayat_name=VAISNOPUR&panchayat_code=3153012079&fin_year=2025-2026&source=&work_code=3153012079/LD/958486255824966695&msr_no=9827&AttendanceDate=22/03/2026&Digest=HNgqaibtHAdQTbodkMBmwQ",5
"BASTI","BAHADURPUR","MOHAMMADPUR","3153012082/RC/958486255823701270","9630","https://mnregaweb4.nic.in/nregaarch/View_NMMS_atten_date_dtl_rpt.aspx?page=&short_name=UP&state_name=UTTAR%20PRADESH&state_code=31&district_name=BASTI&district_code=3153&block_name=BAHADURPUR&block_code=3153012&panchayat_name=MOHAMMADPUR&panchayat_code=3153012082&fin_year=2025-2026&source=&work_code=3153012082/RC/958486255823701270&msr_no=9630&AttendanceDate=22/03/2026&Digest=Smuv9/GSYt9yXgYGztwb3w",3
"BASTI","BANKATI","BHAWARA","3153011018/RC/958486255823707540","9337","https://mnregaweb4.nic.in/nregaarch/View_NMMS_atten_date_dtl_rpt.aspx?page=&short_name=UP&state_name=UTTAR%20PRADESH&state_code=31&district_name=BASTI&district_code=3153&block_name=BANKATI&block_code=3153011&panchayat_name=BHAWARA&panchayat_code=3153011018&fin_year=2025-2026&source=&work_code=3153011018/RC/958486255823707540&msr_no=9337&AttendanceDate=22/03/2026&Digest=C5yqABYJ4cUBljGyeBAqNw",8
"BASTI","BANKATI","GULRIHA SIRMA","3153011038/IC/958486255823692245","9260","https://mnregaweb4.nic.in/nregaarch/View_NMMS_atten_date_dtl_rpt.aspx?page=&short_name=UP&state_name=UTTAR%20PRADESH&state_code=31&district_name=BASTI&district_code=3153&block_name=BANKATI&block_code=3153011&panchayat_name=GULRIHA%20SIRMA&panchayat_code=3153011038&fin_year=2025-2026&source=&work_code=3153011038/IC/958486255823692245&msr_no=9260&AttendanceDate=22/03/2026&Digest=CXQ6Q264SeLEAfu4EjikAw",10
"BASTI","BANKATI","HINAUTA","3153011041/IC/958486255823739646","9195","https://mnregaweb4.nic.in/nregaarch/View_NMMS_atten_date_dtl_rpt.aspx?page=&short_name=UP&state_name=UTTAR%20PRADESH&state_code=31&district_name=BASTI&district_code=3153&block_name=BANKATI&block_code=3153011&panchayat_name=HINAUTA&panchayat_code=3153011041&fin_year=2025-2026&source=&work_code=3153011041/IC/958486255823739646&msr_no=9195&AttendanceDate=22/03/2026&Digest=wbdNvcto70AEVN9kvd1Svg",10
"BASTI","BANKATI","HINAUTA","3153011041/IC/958486255823739648","9190","https://mnregaweb4.nic.in/nregaarch/View_NMMS_atten_date_dtl_rpt.aspx?page=&short_name=UP&state_name=UTTAR%20PRADESH&state_code=31&district_name=BASTI&district_code=3153&block_name=BANKATI&block_code=3153011&panchayat_name=HINAUTA&panchayat_code=3153011041&fin_year=2025-2026&source=&work_code=3153011041/IC/958486255823739648&msr_no=9190&AttendanceDate=22/03/2026&Digest=awgGWS6QPlQvROogW/awxA",10
"BASTI","BANKATI","HINAUTA","3153011041/IC/958486255823739648","9193","https://mnregaweb4.nic.in/nregaarch/View_NMMS_atten_date_dtl_rpt.aspx?page=&short_name=UP&state_name=UTTAR%20PRADESH&state_code=31&district_name=BASTI&district_code=3153&block_name=BANKATI&block_code=3153011&panchayat_name=HINAUTA&panchayat_code=3153011041&fin_year=2025-2026&source=&work_code=3153011041/IC/958486255823739648&msr_no=9193&AttendanceDate=22/03/2026&Digest=5hjRthW1Y5MlYrQULNuAjg",9
"BASTI","BANKATI","KHAJUHI(BANSGAV )","3153011047/RC/958486255823748023","9404","https://mnregaweb4.nic.in/nregaarch/View_NMMS_atten_date_dtl_rpt.aspx?page=&short_name=UP&state_name=UTTAR%20PRADESH&state_code=31&district_name=BASTI&district_code=3153&block_name=BANKATI&block_code=3153011&panchayat_name=KHAJUHI(BANSGAV%20)&panchayat_code=3153011047&fin_year=2025-2026&source=&work_code=3153011047/RC/958486255823748023&msr_no=9404&AttendanceDate=22/03/2026&Digest=yAI15hapX6XN2sxLkXUwDw",9
"BASTI","BANKATI","KHARATI","3153011050/RC/958486255823743302","9433","https://mnregaweb4.nic.in/nregaarch/View_NMMS_atten_date_dtl_rpt.aspx?page=&short_name=UP&state_name=UTTAR%20PRADESH&state_code=31&district_name=BASTI&district_code=3153&block_name=BANKATI&block_code=3153011&panchayat_name=KHARATI&panchayat_code=3153011050&fin_year=2025-2026&source=&work_code=3153011050/RC/958486255823743302&msr_no=9433&AttendanceDate=22/03/2026&Digest=ai50p6aE1uIMPIsFxfKX+w",9
"BASTI","BANKATI","KHORIA","3153011056/IC/YD/958486255823722220","9637","https://mnregaweb4.nic.in/nregaarch/View_NMMS_atten_date_dtl_rpt.aspx?page=&short_name=UP&state_name=UTTAR%20PRADESH&state_code=31&district_name=BASTI&district_code=3153&block_name=BANKATI&block_code=3153011&panchayat_name=KHORIA&panchayat_code=3153011056&fin_year=2025-2026&source=&work_code=3153011056/IC/YD/958486255823722220&msr_no=9637&AttendanceDate=22/03/2026&Digest=cfEyUHutx7lnNxjpyk4Y+Q",8
"BASTI","BANKATI","KHORIA","3153011056/LD/YD/958486255824966393","9245","https://mnregaweb4.nic.in/nregaarch/View_NMMS_atten_date_dtl_rpt.aspx?page=&short_name=UP&state_name=UTTAR%20PRADESH&state_code=31&district_name=BASTI&district_code=3153&block_name=BANKATI&block_code=3153011&panchayat_name=KHORIA&panchayat_code=3153011056&fin_year=2025-2026&source=&work_code=3153011056/LD/YD/958486255824966393&msr_no=9245&AttendanceDate=22/03/2026&Digest=Oq+Kg71/Sgjy5uG+qsdXeg",7
"BASTI","BANKATI","KHORIA","3153011056/LD/YD/958486255824966393","9248","https://mnregaweb4.nic.in/nregaarch/View_NMMS_atten_date_dtl_rpt.aspx?page=&short_name=UP&state_name=UTTAR%20PRADESH&state_code=31&district_name=BASTI&district_code=3153&block_name=BANKATI&block_code=3153011&panchayat_name=KHORIA&panchayat_code=3153011056&fin_year=2025-2026&source=&work_code=3153011056/LD/YD/958486255824966393&msr_no=9248&AttendanceDate=22/03/2026&Digest=C3VoTf+b+H70MpH9KDDAgg",9
"BASTI","BANKATI","KHORIA","3153011056/LD/YD/958486255824966397","9241","https://mnregaweb4.nic.in/nregaarch/View_NMMS_atten_date_dtl_rpt.aspx?page=&short_name=UP&state_name=UTTAR%20PRADESH&state_code=31&district_name=BASTI&district_code=3153&block_name=BANKATI&block_code=3153011&panchayat_name=KHORIA&panchayat_code=3153011056&fin_year=2025-2026&source=&work_code=3153011056/LD/YD/958486255824966397&msr_no=9241&AttendanceDate=22/03/2026&Digest=zgpYqsN6EmTzDmolOaXj5A",6
"BASTI","BANKATI","PAGAR KHAS","3153011073/RC/958486255823684325","9373","https://mnregaweb4.nic.in/nregaarch/View_NMMS_atten_date_dtl_rpt.aspx?page=&short_name=UP&state_name=UTTAR%20PRADESH&state_code=31&district_name=BASTI&district_code=3153&block_name=BANKATI&block_code=3153011&panchayat_name=PAGAR%20KHAS&panchayat_code=3153011073&fin_year=2025-2026&source=&work_code=3153011073/RC/958486255823684325&msr_no=9373&AttendanceDate=22/03/2026&Digest=NTNh0heBoLrdS63z7Abpeg",8
"BASTI","BANKATI","PAKRI CHANDA","3153011074/RC/958486255823690658","9388","https://mnregaweb4.nic.in/nregaarch/View_NMMS_atten_date_dtl_rpt.aspx?page=&short_name=UP&state_name=UTTAR%20PRADESH&state_code=31&district_name=BASTI&district_code=3153&block_name=BANKATI&block_code=3153011&panchayat_name=PAKRI%20CHANDA&panchayat_code=3153011074&fin_year=2025-2026&source=&work_code=3153011074/RC/958486255823690658&msr_no=9388&AttendanceDate=22/03/2026&Digest=5g0h13UZlt/eH5gSCXsLFg",5
"BASTI","BANKATI","PIKAWARA SHUKLA","3153011078/RC/958486255823744117","9234","https://mnregaweb4.nic.in/nregaarch/View_NMMS_atten_date_dtl_rpt.aspx?page=&short_name=UP&state_name=UTTAR%20PRADESH&state_code=31&district_name=BASTI&district_code=3153&block_name=BANKATI&block_code=3153011&panchayat_name=PIKAWARA%20SHUKLA&panchayat_code=3153011078&fin_year=2025-2026&source=&work_code=3153011078/RC/958486255823744117&msr_no=9234&AttendanceDate=22/03/2026&Digest=crsAijJlCHSVQqHXzo5/Qg",8
"BASTI","BANKATI","SAJAHRA","3153011081/RC/958486255823741804","9511","https://mnregaweb4.nic.in/nregaarch/View_NMMS_atten_date_dtl_rpt.aspx?page=&short_name=UP&state_name=UTTAR%20PRADESH&state_code=31&district_name=BASTI&district_code=3153&block_name=BANKATI&block_code=3153011&panchayat_name=SAJAHRA&panchayat_code=3153011081&fin_year=2025-2026&source=&work_code=3153011081/RC/958486255823741804&msr_no=9511&AttendanceDate=22/03/2026&Digest=tqEEw4/07v0/pst8TSnzNA",1
"BASTI","BANKATI","SOBHAN PAR","3153011087/LD/958486255824967557","9295","https://mnregaweb4.nic.in/nregaarch/View_NMMS_atten_date_dtl_rpt.aspx?page=&short_name=UP&state_name=UTTAR%20PRADESH&state_code=31&district_name=BASTI&district_code=3153&block_name=BANKATI&block_code=3153011&panchayat_name=SOBHAN%20PAR&panchayat_code=3153011087&fin_year=2025-2026&source=&work_code=3153011087/LD/958486255824967557&msr_no=9295&AttendanceDate=22/03/2026&Digest=UlkN8KRM7l0Bw6Ik+8ud7g",9
"BASTI","BANKATI","SOBHAN PAR","3153011087/LD/958486255824967557","9298","https://mnregaweb4.nic.in/nregaarch/View_NMMS_atten_date_dtl_rpt.aspx?page=&short_name=UP&state_name=UTTAR%20PRADESH&state_code=31&district_name=BASTI&district_code=3153&block_name=BANKATI&block_code=3153011&panchayat_name=SOBHAN%20PAR&panchayat_code=3153011087&fin_year=2025-2026&source=&work_code=3153011087/LD/958486255824967557&msr_no=9298&AttendanceDate=22/03/2026&Digest=lFhUC3sCyQxy7zAaXYajyQ",8
"BASTI","BANKATI","MAHTHA","3153011096/RC/958486255823749754","9544","https://mnregaweb4.nic.in/nregaarch/View_NMMS_atten_date_dtl_rpt.aspx?page=&short_name=UP&state_name=UTTAR%20PRADESH&state_code=31&district_name=BASTI&district_code=3153&block_name=BANKATI&block_code=3153011&panchayat_name=MAHTHA&panchayat_code=3153011096&fin_year=2025-2026&source=&work_code=3153011096/RC/958486255823749754&msr_no=9544&AttendanceDate=22/03/2026&Digest=HFusHRIy604kTORrDnLj3w",5
"BASTI","BANKATI","SISWA PANDEY","3153011101/FP/958486255823615286","9303","https://mnregaweb4.nic.in/nregaarch/View_NMMS_atten_date_dtl_rpt.aspx?page=&short_name=UP&state_name=UTTAR%20PRADESH&state_code=31&district_name=BASTI&district_code=3153&block_name=BANKATI&block_code=3153011&panchayat_name=SISWA%20PANDEY&panchayat_code=3153011101&fin_year=2025-2026&source=&work_code=3153011101/FP/958486255823615286&msr_no=9303&AttendanceDate=22/03/2026&Digest=224H60rDDKmm7jPpkV3rLw",6
"BASTI","BANKATI","SISWA PANDEY","3153011101/IC/958486255823741153","9299","https://mnregaweb4.nic.in/nregaarch/View_NMMS_atten_date_dtl_rpt.aspx?page=&short_name=UP&state_name=UTTAR%20PRADESH&state_code=31&district_name=BASTI&district_code=3153&block_name=BANKATI&block_code=3153011&panchayat_name=SISWA%20PANDEY&panchayat_code=3153011101&fin_year=2025-2026&source=&work_code=3153011101/IC/958486255823741153&msr_no=9299&AttendanceDate=22/03/2026&Digest=aKC6zDaqLGFdUpbvfGcaYA",9
"BASTI","BASTI","BHUWANI","3153010019/LD/958486255824991864","4369","https://mnregaweb4.nic.in/nregaarch/View_NMMS_atten_date_dtl_rpt.aspx?page=&short_name=UP&state_name=UTTAR%20PRADESH&state_code=31&district_name=BASTI&district_code=3153&block_name=BASTI&block_code=3153010&panchayat_name=BHUWANI&panchayat_code=3153010019&fin_year=2025-2026&source=&work_code=3153010019/LD/958486255824991864&msr_no=4369&AttendanceDate=22/03/2026&Digest=R/a5uQz1IOKs5I/1+2jGLg",8
"BASTI","BASTI","NANDPUR","3153010101/LD/958486255824617980","4407","https://mnregaweb4.nic.in/nregaarch/View_NMMS_atten_date_dtl_rpt.aspx?page=&short_name=UP&state_name=UTTAR%20PRADESH&state_code=31&district_name=BASTI&district_code=3153&block_name=BASTI&block_code=3153010&panchayat_name=NANDPUR&panchayat_code=3153010101&fin_year=2025-2026&source=&work_code=3153010101/LD/958486255824617980&msr_no=4407&AttendanceDate=22/03/2026&Digest=mEila1PVMc5Fs7QaM9y39w",2
"BASTI","DUBAULIYA","CHILMAPARSAN","3153014004/RC/958486255823661852","4334","https://mnregaweb4.nic.in/nregaarch/View_NMMS_atten_date_dtl_rpt.aspx?page=&short_name=UP&state_name=UTTAR%20PRADESH&state_code=31&district_name=BASTI&district_code=3153&block_name=DUBAULIYA&block_code=3153014&panchayat_name=CHILMAPARSAN&panchayat_code=3153014004&fin_year=2025-2026&source=&work_code=3153014004/RC/958486255823661852&msr_no=4334&AttendanceDate=22/03/2026&Digest=9q6CsKB9Ol8mxw0wHaxfjQ",10
"BASTI","DUBAULIYA","DEWRAGANGWAR","3153014015/LD/958486255825001487","4191","https://mnregaweb4.nic.in/nregaarch/View_NMMS_atten_date_dtl_rpt.aspx?page=&short_name=UP&state_name=UTTAR%20PRADESH&state_code=31&district_name=BASTI&district_code=3153&block_name=DUBAULIYA&block_code=3153014&panchayat_name=DEWRAGANGWAR&panchayat_code=3153014015&fin_year=2025-2026&source=&work_code=3153014015/LD/958486255825001487&msr_no=4191&AttendanceDate=22/03/2026&Digest=MEu+E4jMKKBjIKv6bNOhGQ",9
"BASTI","DUBAULIYA","EKDENGWA","3153014016/AV/958486255824176499","4103","https://mnregaweb4.nic.in/nregaarch/View_NMMS_atten_date_dtl_rpt.aspx?page=&short_name=UP&state_name=UTTAR%20PRADESH&state_code=31&district_name=BASTI&district_code=3153&block_name=DUBAULIYA&block_code=3153014&panchayat_name=EKDENGWA&panchayat_code=3153014016&fin_year=2025-2026&source=&work_code=3153014016/AV/958486255824176499&msr_no=4103&AttendanceDate=22/03/2026&Digest=XP/a9qezE02XLjh7yzgY+g",5
"BASTI","DUBAULIYA","PURE OARI RAI","3153014023/RC/958486255823749308","4140","https://mnregaweb4.nic.in/nregaarch/View_NMMS_atten_date_dtl_rpt.aspx?page=&short_name=UP&state_name=UTTAR%20PRADESH&state_code=31&district_name=BASTI&district_code=3153&block_name=DUBAULIYA&block_code=3153014&panchayat_name=PURE%20OARI%20RAI&panchayat_code=3153014023&fin_year=2025-2026&source=&work_code=3153014023/RC/958486255823749308&msr_no=4140&AttendanceDate=22/03/2026&Digest=dbR2YeSTau6mOB+CwGXrCg",4
"BASTI","DUBAULIYA","PAYAK PUR","3153014025/RC/958486255823750843","4297","https://mnregaweb4.nic.in/nregaarch/View_NMMS_atten_date_dtl_rpt.aspx?page=&short_name=UP&state_name=UTTAR%20PRADESH&state_code=31&district_name=BASTI&district_code=3153&block_name=DUBAULIYA&block_code=3153014&panchayat_name=PAYAK%20PUR&panchayat_code=3153014025&fin_year=2025-2026&source=&work_code=3153014025/RC/958486255823750843&msr_no=4297&AttendanceDate=22/03/2026&Digest=MUQGf5GJjcQIp/o8su7gtQ",4
"BASTI","BAHADURPUR","BENIPUR","3153012010/RC/958486255823665977","9746","https://mnregaweb4.nic.in/nregaarch/View_NMMS_atten_date_dtl_rpt.aspx?page=&short_name=UP&state_name=UTTAR%20PRADESH&state_code=31&district_name=BASTI&district_code=3153&block_name=BAHADURPUR&block_code=3153012&panchayat_name=BENIPUR&panchayat_code=3153012009&fin_year=2025-2026&source=&work_code=3153012010/RC/958486255823665977&msr_no=9746&AttendanceDate=22/03/2026&Digest=ydVhkeGWdYEWW7V9O6cnHg",9
"BASTI","BAHADURPUR","BHELWAL","3153012010/RC/958486255823596094","9761","https://mnregaweb4.nic.in/nregaarch/View_NMMS_atten_date_dtl_rpt.aspx?page=&short_name=UP&state_name=UTTAR%20PRADESH&state_code=31&district_name=BASTI&district_code=3153&block_name=BAHADURPUR&block_code=3153012&panchayat_name=BHELWAL&panchayat_code=3153012010&fin_year=2025-2026&source=&work_code=3153012010/RC/958486255823596094&msr_no=9761&AttendanceDate=22/03/2026&Digest=KgpPY5PMdfOEnewrpglMMg",1
"BASTI","BAHADURPUR","BHELWAL","3153012010/RC/958486255823716921","9796","https://mnregaweb4.nic.in/nregaarch/View_NMMS_atten_date_dtl_rpt.aspx?page=&short_name=UP&state_name=UTTAR%20PRADESH&state_code=31&district_name=BASTI&district_code=3153&block_name=BAHADURPUR&block_code=3153012&panchayat_name=BHELWAL&panchayat_code=3153012010&fin_year=2025-2026&source=&work_code=3153012010/RC/958486255823716921&msr_no=9796&AttendanceDate=22/03/2026&Digest=eh2r94LwUXszC/erVwkcGA",1
"BASTI","BAHADURPUR","BHERIHA","3153012011/LD/958486255824954107","9709","https://mnregaweb4.nic.in/nregaarch/View_NMMS_atten_date_dtl_rpt.aspx?page=&short_name=UP&state_name=UTTAR%20PRADESH&state_code=31&district_name=BASTI&district_code=3153&block_name=BAHADURPUR&block_code=3153012&panchayat_name=BHERIHA&panchayat_code=3153012011&fin_year=2025-2026&source=&work_code=3153012011/LD/958486255824954107&msr_no=9709&AttendanceDate=22/03/2026&Digest=tsm4xP4fFBSEcVvt2tLP4g",10
"BASTI","BAHADURPUR","SONBARSA","3153012014/LD/958486255824933208","9640","https://mnregaweb4.nic.in/nregaarch/View_NMMS_atten_date_dtl_rpt.aspx?page=&short_name=UP&state_name=UTTAR%20PRADESH&state_code=31&district_name=BASTI&district_code=3153&block_name=BAHADURPUR&block_code=3153012&panchayat_name=SONBARSA&panchayat_code=3153012014&fin_year=2025-2026&source=&work_code=3153012014/LD/958486255824933208&msr_no=9640&AttendanceDate=22/03/2026&Digest=T7Hv/IFiRLTs+fEBZMg2oA",1
"BASTI","BAHADURPUR","DEV DEEHA","3153012019/LD/958486255824951552","9703","https://mnregaweb4.nic.in/nregaarch/View_NMMS_atten_date_dtl_rpt.aspx?page=&short_name=UP&state_name=UTTAR%20PRADESH&state_code=31&district_name=BASTI&district_code=3153&block_name=BAHADURPUR&block_code=3153012&panchayat_name=DEV%20DEEHA&panchayat_code=3153012019&fin_year=2025-2026&source=&work_code=3153012019/LD/958486255824951552&msr_no=9703&AttendanceDate=22/03/2026&Digest=trXAdRKmTIwAZEBl2gJxLA",9
"BASTI","BAHADURPUR","DEV DEEHA","3153012019/RC/958486255823733300","9800","https://mnregaweb4.nic.in/nregaarch/View_NMMS_atten_date_dtl_rpt.aspx?page=&short_name=UP&state_name=UTTAR%20PRADESH&state_code=31&district_name=BASTI&district_code=3153&block_name=BAHADURPUR&block_code=3153012&panchayat_name=DEV%20DEEHA&panchayat_code=3153012019&fin_year=2025-2026&source=&work_code=3153012019/RC/958486255823733300&msr_no=9800&AttendanceDate=22/03/2026&Digest=RRpKbXFfK1Elrh30NhFpmw",2
"BASTI","BAHADURPUR","KALWARI MUSTAKHAM","3153012030/RC/958486255823689961","9770","https://mnregaweb4.nic.in/nregaarch/View_NMMS_atten_date_dtl_rpt.aspx?page=&short_name=UP&state_name=UTTAR%20PRADESH&state_code=31&district_name=BASTI&district_code=3153&block_name=BAHADURPUR&block_code=3153012&panchayat_name=KALWARI%20MUSTAKHAM&panchayat_code=3153012030&fin_year=2025-2026&source=&work_code=3153012030/RC/958486255823689961&msr_no=9770&AttendanceDate=22/03/2026&Digest=KgFgqdqU6BR+/fFZdDogTQ",8
"BASTI","BAHADURPUR","KANHAULI","3153012033/LD/958486255824834898","9712","https://mnregaweb4.nic.in/nregaarch/View_NMMS_atten_date_dtl_rpt.aspx?page=&short_name=UP&state_name=UTTAR%20PRADESH&state_code=31&district_name=BASTI&district_code=3153&block_name=BAHADURPUR&block_code=3153012&panchayat_name=KANHAULI&panchayat_code=3153012033&fin_year=2025-2026&source=&work_code=3153012033/LD/958486255824834898&msr_no=9712&AttendanceDate=22/03/2026&Digest=kxUzb1UgYRuNHn+7R01RSw",10
"BASTI","BAHADURPUR","KANHAULI","3153012033/LD/958486255824834898","9715","https://mnregaweb4.nic.in/nregaarch/View_NMMS_atten_date_dtl_rpt.aspx?page=&short_name=UP&state_name=UTTAR%20PRADESH&state_code=31&district_name=BASTI&district_code=3153&block_name=BAHADURPUR&block_code=3153012&panchayat_name=KANHAULI&panchayat_code=3153012033&fin_year=2025-2026&source=&work_code=3153012033/LD/958486255824834898&msr_no=9715&AttendanceDate=22/03/2026&Digest=zkmiWFwd/k5EtX0BwP6tKA",6
"BASTI","BAHADURPUR","KANHAULI","3153012033/LD/958486255825009893","9689","https://mnregaweb4.nic.in/nregaarch/View_NMMS_atten_date_dtl_rpt.aspx?page=&short_name=UP&state_name=UTTAR%20PRADESH&state_code=31&district_name=BASTI&district_code=3153&block_name=BAHADURPUR&block_code=3153012&panchayat_name=KANHAULI&panchayat_code=3153012033&fin_year=2025-2026&source=&work_code=3153012033/LD/958486255825009893&msr_no=9689&AttendanceDate=22/03/2026&Digest=yDzk1mk7KgsLCCtC5hoEgg",10
"BASTI","BAHADURPUR","KHARAUAA KHURD","3153012037/RC/958486255823710848","9673","https://mnregaweb4.nic.in/nregaarch/View_NMMS_atten_date_dtl_rpt.aspx?page=&short_name=UP&state_name=UTTAR%20PRADESH&state_code=31&district_name=BASTI&district_code=3153&block_name=BAHADURPUR&block_code=3153012&panchayat_name=KHARAUAA%20KHURD&panchayat_code=3153012037&fin_year=2025-2026&source=&work_code=3153012037/RC/958486255823710848&msr_no=9673&AttendanceDate=22/03/2026&Digest=sJ05emjgmyzMlJPUJU7lAA",5
"BASTI","BAHADURPUR","KODAR","3153012039/RC/958486255823683517","9610","https://mnregaweb4.nic.in/nregaarch/View_NMMS_atten_date_dtl_rpt.aspx?page=&short_name=UP&state_name=UTTAR%20PRADESH&state_code=31&district_name=BASTI&district_code=3153&block_name=BAHADURPUR&block_code=3153012&panchayat_name=KODAR&panchayat_code=3153012039&fin_year=2025-2026&source=&work_code=3153012039/RC/958486255823683517&msr_no=9610&AttendanceDate=22/03/2026&Digest=xUxhAWw+fDZf2AVi+dZ5EA",2
"BASTI","BAHADURPUR","NIRANJAN PUR","3153012055/RC/958486255823743352","9569","https://mnregaweb4.nic.in/nregaarch/View_NMMS_atten_date_dtl_rpt.aspx?page=&short_name=UP&state_name=UTTAR%20PRADESH&state_code=31&district_name=BASTI&district_code=3153&block_name=BAHADURPUR&block_code=3153012&panchayat_name=NIRANJAN%20PUR&panchayat_code=3153012055&fin_year=2025-2026&source=&work_code=3153012055/RC/958486255823743352&msr_no=9569&AttendanceDate=22/03/2026&Digest=IrvJPy8xd2iV5O69dW5POQ",5
"BASTI","BAHADURPUR","PAALHA","3153012057/LD/958486255825007535","9678","https://mnregaweb4.nic.in/nregaarch/View_NMMS_atten_date_dtl_rpt.aspx?page=&short_name=UP&state_name=UTTAR%20PRADESH&state_code=31&district_name=BASTI&district_code=3153&block_name=BAHADURPUR&block_code=3153012&panchayat_name=PAALHA&panchayat_code=3153012057&fin_year=2025-2026&source=&work_code=3153012057/LD/958486255825007535&msr_no=9678&AttendanceDate=22/03/2026&Digest=rMTwohmx6RN/B4bcCdNKAA",7
"BASTI","BAHADURPUR","RAKHAUNA","3153012066/LD/958486255824953181","9788","https://mnregaweb4.nic.in/nregaarch/View_NMMS_atten_date_dtl_rpt.aspx?page=&short_name=UP&state_name=UTTAR%20PRADESH&state_code=31&district_name=BASTI&district_code=3153&block_name=BAHADURPUR&block_code=3153012&panchayat_name=RAKHAUNA&panchayat_code=3153012066&fin_year=2025-2026&source=&work_code=3153012066/LD/958486255824953181&msr_no=9788&AttendanceDate=22/03/2026&Digest=/uTy3L5ZrSMh3KNAwUIr2Q",6
"BASTI","BAHADURPUR","SAIFABAD","3153012069/RC/958486255823597413","9683","https://mnregaweb4.nic.in/nregaarch/View_NMMS_atten_date_dtl_rpt.aspx?page=&short_name=UP&state_name=UTTAR%20PRADESH&state_code=31&district_name=BASTI&district_code=3153&block_name=BAHADURPUR&block_code=3153012&panchayat_name=SAIFABAD&panchayat_code=3153012069&fin_year=2025-2026&source=&work_code=3153012069/RC/958486255823597413&msr_no=9683&AttendanceDate=22/03/2026&Digest=C7Q3uLUd2VkdkVZOEYL4JA",1
"BASTI","BAHADURPUR","SILLO","3153012073/LD/958486255824986398","9588","https://mnregaweb4.nic.in/nregaarch/View_NMMS_atten_date_dtl_rpt.aspx?page=&short_name=UP&state_name=UTTAR%20PRADESH&state_code=31&district_name=BASTI&district_code=3153&block_name=BAHADURPUR&block_code=3153012&panchayat_name=SILLO&panchayat_code=3153012073&fin_year=2025-2026&source=&work_code=3153012073/LD/958486255824986398&msr_no=9588&AttendanceDate=22/03/2026&Digest=//8KevZOrmPwOTbDoGbgYg",7
"BASTI","BAHADURPUR","SISWARI RAGUBIR SINGH","3153012075/RC/958486255823744923","9660","https://mnregaweb4.nic.in/nregaarch/View_NMMS_atten_date_dtl_rpt.aspx?page=&short_name=UP&state_name=UTTAR%20PRADESH&state_code=31&district_name=BASTI&district_code=3153&block_name=BAHADURPUR&block_code=3153012&panchayat_name=SISWARI%20RAGUBIR%20SINGH&panchayat_code=3153012075&fin_year=2025-2026&source=&work_code=3153012075/RC/958486255823744923&msr_no=9660&AttendanceDate=22/03/2026&Digest=A3UHFWEPOfKwll/eE0HPnA",7
"BASTI","BAHADURPUR","SISWARI RAGUBIR SINGH","3153012075/WH/958486255824013258","9664","https://mnregaweb4.nic.in/nregaarch/View_NMMS_atten_date_dtl_rpt.aspx?page=&short_name=UP&state_name=UTTAR%20PRADESH&state_code=31&district_name=BASTI&district_code=3153&block_name=BAHADURPUR&block_code=3153012&panchayat_name=SISWARI%20RAGUBIR%20SINGH&panchayat_code=3153012075&fin_year=2025-2026&source=&work_code=3153012075/WH/958486255824013258&msr_no=9664&AttendanceDate=22/03/2026&Digest=juyuigtnubdIAI5FVu57Jw",3
"BASTI","BAHADURPUR","VAISNOPUR","3153012079/LD/958486255824966695","9826","https://mnregaweb4.nic.in/nregaarch/View_NMMS_atten_date_dtl_rpt.aspx?page=&short_name=UP&state_name=UTTAR%20PRADESH&state_code=31&district_name=BASTI&district_code=3153&block_name=BAHADURPUR&block_code=3153012&panchayat_name=VAISNOPUR&panchayat_code=3153012079&fin_year=2025-2026&source=&work_code=3153012079/LD/958486255824966695&msr_no=9826&AttendanceDate=22/03/2026&Digest=xjXIRjeNtbvsabv+5aVm3w",9
"BASTI","BAHADURPUR","SEMRA URF GALWA","3153012087/WH/958486255824004832","9623","https://mnregaweb4.nic.in/nregaarch/View_NMMS_atten_date_dtl_rpt.aspx?page=&short_name=UP&state_name=UTTAR%20PRADESH&state_code=31&district_name=BASTI&district_code=3153&block_name=BAHADURPUR&block_code=3153012&panchayat_name=SEMRA%20URF%20GALWA&panchayat_code=3153012087&fin_year=2025-2026&source=&work_code=3153012087/WH/958486255824004832&msr_no=9623&AttendanceDate=22/03/2026&Digest=SY9lPOQkuhhb3rC3sygECA",7
"BASTI","BANKATI","AHIRAULI","3153011001/LD/958486255824929272","9467","https://mnregaweb4.nic.in/nregaarch/View_NMMS_atten_date_dtl_rpt.aspx?page=&short_name=UP&state_name=UTTAR%20PRADESH&state_code=31&district_name=BASTI&district_code=3153&block_name=BANKATI&block_code=3153011&panchayat_name=AHIRAULI&panchayat_code=3153011001&fin_year=2025-2026&source=&work_code=3153011001/LD/958486255824929272&msr_no=9467&AttendanceDate=22/03/2026&Digest=LTaYNBYe1GTZfKWFNPCrMQ",10
"BASTI","BANKATI","BHAWARA","3153011018/RC/958486255823615558","9353","https://mnregaweb4.nic.in/nregaarch/View_NMMS_atten_date_dtl_rpt.aspx?page=&short_name=UP&state_name=UTTAR%20PRADESH&state_code=31&district_name=BASTI&district_code=3153&block_name=BANKATI&block_code=3153011&panchayat_name=BHAWARA&panchayat_code=3153011018&fin_year=2025-2026&source=&work_code=3153011018/RC/958486255823615558&msr_no=9353&AttendanceDate=22/03/2026&Digest=7xTx6n4AW3dgGJ+WoYMrNA",10
"BASTI","BANKATI","DELHA PAAR","3153011026/FP/958486255823611611","9201","https://mnregaweb4.nic.in/nregaarch/View_NMMS_atten_date_dtl_rpt.aspx?page=&short_name=UP&state_name=UTTAR%20PRADESH&state_code=31&district_name=BASTI&district_code=3153&block_name=BANKATI&block_code=3153011&panchayat_name=DELHA%20PAAR&panchayat_code=3153011026&fin_year=2025-2026&source=&work_code=3153011026/FP/958486255823611611&msr_no=9201&AttendanceDate=22/03/2026&Digest=5dvCIMZMBsth9L+3uok7Cw",8
"BASTI","BANKATI","GULRIHA SIRMA","3153011038/IC/958486255823692245","9259","https://mnregaweb4.nic.in/nregaarch/View_NMMS_atten_date_dtl_rpt.aspx?page=&short_name=UP&state_name=UTTAR%20PRADESH&state_code=31&district_name=BASTI&district_code=3153&block_name=BANKATI&block_code=3153011&panchayat_name=GULRIHA%20SIRMA&panchayat_code=3153011038&fin_year=2025-2026&source=&work_code=3153011038/IC/958486255823692245&msr_no=9259&AttendanceDate=22/03/2026&Digest=omAPRorE9EcOZ3uwQFMrmw",9
"BASTI","BANKATI","GULRIHA SIRMA","3153011038/RC/958486255823687851","9508","https://mnregaweb4.nic.in/nregaarch/View_NMMS_atten_date_dtl_rpt.aspx?page=&short_name=UP&state_name=UTTAR%20PRADESH&state_code=31&district_name=BASTI&district_code=3153&block_name=BANKATI&block_code=3153011&panchayat_name=GULRIHA%20SIRMA&panchayat_code=3153011038&fin_year=2025-2026&source=&work_code=3153011038/RC/958486255823687851&msr_no=9508&AttendanceDate=22/03/2026&Digest=jPDepTp2D7nM76uSIvePSA",6
"BASTI","BANKATI","HARRIAYA","3153011040/RC/958486255823720218","9517","https://mnregaweb4.nic.in/nregaarch/View_NMMS_atten_date_dtl_rpt.aspx?page=&short_name=UP&state_name=UTTAR%20PRADESH&state_code=31&district_name=BASTI&district_code=3153&block_name=BANKATI&block_code=3153011&panchayat_name=HARRIAYA&panchayat_code=3153011040&fin_year=2025-2026&source=&work_code=3153011040/RC/958486255823720218&msr_no=9517&AttendanceDate=22/03/2026&Digest=6b/ap8qlGNmYnKH1sH4NrQ",5
"BASTI","BANKATI","HARRIAYA","3153011040/RC/958486255823736926","9227","https://mnregaweb4.nic.in/nregaarch/View_NMMS_atten_date_dtl_rpt.aspx?page=&short_name=UP&state_name=UTTAR%20PRADESH&state_code=31&district_name=BASTI&district_code=3153&block_name=BANKATI&block_code=3153011&panchayat_name=HARRIAYA&panchayat_code=3153011040&fin_year=2025-2026&source=&work_code=3153011040/RC/958486255823736926&msr_no=9227&AttendanceDate=22/03/2026&Digest=gk576RDoxfE0NyWDMS7tOg",7
"BASTI","BANKATI","HINAUTA","3153011041/IC/958486255823739646","9198","https://mnregaweb4.nic.in/nregaarch/View_NMMS_atten_date_dtl_rpt.aspx?page=&short_name=UP&state_name=UTTAR%20PRADESH&state_code=31&district_name=BASTI&district_code=3153&block_name=BANKATI&block_code=3153011&panchayat_name=HINAUTA&panchayat_code=3153011041&fin_year=2025-2026&source=&work_code=3153011041/IC/958486255823739646&msr_no=9198&AttendanceDate=22/03/2026&Digest=fmUHxmkWHyabh5JFaGPkDg",8
"BASTI","BANKATI","KABARA","3153011044/LD/958486255824938257","9290","https://mnregaweb4.nic.in/nregaarch/View_NMMS_atten_date_dtl_rpt.aspx?page=&short_name=UP&state_name=UTTAR%20PRADESH&state_code=31&district_name=BASTI&district_code=3153&block_name=BANKATI&block_code=3153011&panchayat_name=KABARA&panchayat_code=3153011044&fin_year=2025-2026&source=&work_code=3153011044/LD/958486255824938257&msr_no=9290&AttendanceDate=22/03/2026&Digest=L+wc5dBbJ/tLxM/FBUR12Q",10
"BASTI","BANKATI","KHARATI","3153011050/AV/958486255824182731","9215","https://mnregaweb4.nic.in/nregaarch/View_NMMS_atten_date_dtl_rpt.aspx?page=&short_name=UP&state_name=UTTAR%20PRADESH&state_code=31&district_name=BASTI&district_code=3153&block_name=BANKATI&block_code=3153011&panchayat_name=KHARATI&panchayat_code=3153011050&fin_year=2025-2026&source=&work_code=3153011050/AV/958486255824182731&msr_no=9215&AttendanceDate=22/03/2026&Digest=KkiVvbtoqjJMJ10LXmPZPQ",5
"BASTI","BANKATI","KHARATI","3153011050/AV/958486255824182731","9218","https://mnregaweb4.nic.in/nregaarch/View_NMMS_atten_date_dtl_rpt.aspx?page=&short_name=UP&state_name=UTTAR%20PRADESH&state_code=31&district_name=BASTI&district_code=3153&block_name=BANKATI&block_code=3153011&panchayat_name=KHARATI&panchayat_code=3153011050&fin_year=2025-2026&source=&work_code=3153011050/AV/958486255824182731&msr_no=9218&AttendanceDate=22/03/2026&Digest=aDu9ZcN8zZQsdwN7wTYPIQ",1
"BASTI","BANKATI","KHARHAURA(CHHVILAHA)","3153011051/WC/958486255824167025","9251","https://mnregaweb4.nic.in/nregaarch/View_NMMS_atten_date_dtl_rpt.aspx?page=&short_name=UP&state_name=UTTAR%20PRADESH&state_code=31&district_name=BASTI&district_code=3153&block_name=BANKATI&block_code=3153011&panchayat_name=KHARHAURA(CHHVILAHA)&panchayat_code=3153011051&fin_year=2025-2026&source=&work_code=3153011051/WC/958486255824167025&msr_no=9251&AttendanceDate=22/03/2026&Digest=xi2OZR1tkXP2EuaRac8eFA",8
"BASTI","BANKATI","KHAROHA","3153011053/RC/958486255823580852","9172","https://mnregaweb4.nic.in/nregaarch/View_NMMS_atten_date_dtl_rpt.aspx?page=&short_name=UP&state_name=UTTAR%20PRADESH&state_code=31&district_name=BASTI&district_code=3153&block_name=BANKATI&block_code=3153011&panchayat_name=KHAROHA&panchayat_code=3153011053&fin_year=2025-2026&source=&work_code=3153011053/RC/958486255823580852&msr_no=9172&AttendanceDate=22/03/2026&Digest=3rPn9s/J1hiFtG1OyE1tlg",8
"BASTI","BANKATI","KHORIA","3153011056/IC/YD/958486255823723324","9607","https://mnregaweb4.nic.in/nregaarch/View_NMMS_atten_date_dtl_rpt.aspx?page=&short_name=UP&state_name=UTTAR%20PRADESH&state_code=31&district_name=BASTI&district_code=3153&block_name=BANKATI&block_code=3153011&panchayat_name=KHORIA&panchayat_code=3153011056&fin_year=2025-2026&source=&work_code=3153011056/IC/YD/958486255823723324&msr_no=9607&AttendanceDate=22/03/2026&Digest=G2cNFeE1gxqUcVsn7zfcgA",7
"BASTI","BANKATI","KHORIA","3153011056/LD/YD/958486255824966397","9244","https://mnregaweb4.nic.in/nregaarch/View_NMMS_atten_date_dtl_rpt.aspx?page=&short_name=UP&state_name=UTTAR%20PRADESH&state_code=31&district_name=BASTI&district_code=3153&block_name=BANKATI&block_code=3153011&panchayat_name=KHORIA&panchayat_code=3153011056&fin_year=2025-2026&source=&work_code=3153011056/LD/YD/958486255824966397&msr_no=9244&AttendanceDate=22/03/2026&Digest=zYG8LoOGHxSzpMRmRTDdeA",4
"BASTI","BANKATI","KHORIA","3153011056/LD/YD/958486255824966411","9238","https://mnregaweb4.nic.in/nregaarch/View_NMMS_atten_date_dtl_rpt.aspx?page=&short_name=UP&state_name=UTTAR%20PRADESH&state_code=31&district_name=BASTI&district_code=3153&block_name=BANKATI&block_code=3153011&panchayat_name=KHORIA&panchayat_code=3153011056&fin_year=2025-2026&source=&work_code=3153011056/LD/YD/958486255824966411&msr_no=9238&AttendanceDate=22/03/2026&Digest=3Jko7au6+btxir4zxdq84g",7
"BASTI","BANKATI","KHORIA","3153011056/RC/YD/958486255823745750","9444","https://mnregaweb4.nic.in/nregaarch/View_NMMS_atten_date_dtl_rpt.aspx?page=&short_name=UP&state_name=UTTAR%20PRADESH&state_code=31&district_name=BASTI&district_code=3153&block_name=BANKATI&block_code=3153011&panchayat_name=KHORIA&panchayat_code=3153011056&fin_year=2025-2026&source=&work_code=3153011056/RC/YD/958486255823745750&msr_no=9444&AttendanceDate=22/03/2026&Digest=5G0+waetJ7qaAzOr0yo9DQ",5
"BASTI","BANKATI","MAKDUMPUR","3153011062/IC/958486255823692433","9417","https://mnregaweb4.nic.in/nregaarch/View_NMMS_atten_date_dtl_rpt.aspx?page=&short_name=UP&state_name=UTTAR%20PRADESH&state_code=31&district_name=BASTI&district_code=3153&block_name=BANKATI&block_code=3153011&panchayat_name=MAKDUMPUR&panchayat_code=3153011062&fin_year=2025-2026&source=&work_code=3153011062/IC/958486255823692433&msr_no=9417&AttendanceDate=22/03/2026&Digest=t9ZXJF6SHOmBMSG9ljQdNA",6
"BASTI","BAHADURPUR","BHERIHA","3153012011/LD/958486255824954107","9710","https://mnregaweb4.nic.in/nregaarch/View_NMMS_atten_date_dtl_rpt.aspx?page=&short_name=UP&state_name=UTTAR%20PRADESH&state_code=31&district_name=BASTI&district_code=3153&block_name=BAHADURPUR&block_code=3153012&panchayat_name=BHERIHA&panchayat_code=3153012011&fin_year=2025-2026&source=&work_code=3153012011/LD/958486255824954107&msr_no=9710&AttendanceDate=22/03/2026&Digest=0jmgl7K/yf8iRPQJwJZ95w",10
"BASTI","BAHADURPUR","SONBARSA","3153012014/LD/958486255824933208","9633","https://mnregaweb4.nic.in/nregaarch/View_NMMS_atten_date_dtl_rpt.aspx?page=&short_name=UP&state_name=UTTAR%20PRADESH&state_code=31&district_name=BASTI&district_code=3153&block_name=BAHADURPUR&block_code=3153012&panchayat_name=SONBARSA&panchayat_code=3153012014&fin_year=2025-2026&source=&work_code=3153012014/LD/958486255824933208&msr_no=9633&AttendanceDate=22/03/2026&Digest=ysduSK1wLtFUQk9sOJqVCw",9
"BASTI","BAHADURPUR","SONBARSA","3153012014/LD/958486255824933208","9636","https://mnregaweb4.nic.in/nregaarch/View_NMMS_atten_date_dtl_rpt.aspx?page=&short_name=UP&state_name=UTTAR%20PRADESH&state_code=31&district_name=BASTI&district_code=3153&block_name=BAHADURPUR&block_code=3153012&panchayat_name=SONBARSA&panchayat_code=3153012014&fin_year=2025-2026&source=&work_code=3153012014/LD/958486255824933208&msr_no=9636&AttendanceDate=22/03/2026&Digest=UqWF4STAMykU0+CyAlO0Ng",7
"BASTI","BAHADURPUR","DEV DEEHA","3153012019/LD/958486255824951552","9701","https://mnregaweb4.nic.in/nregaarch/View_NMMS_atten_date_dtl_rpt.aspx?page=&short_name=UP&state_name=UTTAR%20PRADESH&state_code=31&district_name=BASTI&district_code=3153&block_name=BAHADURPUR&block_code=3153012&panchayat_name=DEV%20DEEHA&panchayat_code=3153012019&fin_year=2025-2026&source=&work_code=3153012019/LD/958486255824951552&msr_no=9701&AttendanceDate=22/03/2026&Digest=WdWRtZZIq6bO2ZEN20fPAg",9
"BASTI","BAHADURPUR","DEV DEEHA","3153012019/LD/958486255824951552","9704","https://mnregaweb4.nic.in/nregaarch/View_NMMS_atten_date_dtl_rpt.aspx?page=&short_name=UP&state_name=UTTAR%20PRADESH&state_code=31&district_name=BASTI&district_code=3153&block_name=BAHADURPUR&block_code=3153012&panchayat_name=DEV%20DEEHA&panchayat_code=3153012019&fin_year=2025-2026&source=&work_code=3153012019/LD/958486255824951552&msr_no=9704&AttendanceDate=22/03/2026&Digest=hPqYwxcd6VxPejiXxJ4tGQ",9
"BASTI","BAHADURPUR","DEV DEEHA","3153012019/LD/958486255824987443","9595","https://mnregaweb4.nic.in/nregaarch/View_NMMS_atten_date_dtl_rpt.aspx?page=&short_name=UP&state_name=UTTAR%20PRADESH&state_code=31&district_name=BASTI&district_code=3153&block_name=BAHADURPUR&block_code=3153012&panchayat_name=DEV%20DEEHA&panchayat_code=3153012019&fin_year=2025-2026&source=&work_code=3153012019/LD/958486255824987443&msr_no=9595&AttendanceDate=22/03/2026&Digest=8940v3DhC3O9oNO9tRZa6g",9
"BASTI","BAHADURPUR","DEV DEEHA","3153012019/LD/958486255824987443","9598","https://mnregaweb4.nic.in/nregaarch/View_NMMS_atten_date_dtl_rpt.aspx?page=&short_name=UP&state_name=UTTAR%20PRADESH&state_code=31&district_name=BASTI&district_code=3153&block_name=BAHADURPUR&block_code=3153012&panchayat_name=DEV%20DEEHA&panchayat_code=3153012019&fin_year=2025-2026&source=&work_code=3153012019/LD/958486255824987443&msr_no=9598&AttendanceDate=22/03/2026&Digest=C8ET7lwYq6GSG8fwn1B9Dw",10
"BASTI","BAHADURPUR","DEV DEEHA","3153012019/RC/958486255823667987","9801","https://mnregaweb4.nic.in/nregaarch/View_NMMS_atten_date_dtl_rpt.aspx?page=&short_name=UP&state_name=UTTAR%20PRADESH&state_code=31&district_name=BASTI&district_code=3153&block_name=BAHADURPUR&block_code=3153012&panchayat_name=DEV%20DEEHA&panchayat_code=3153012019&fin_year=2025-2026&source=&work_code=3153012019/RC/958486255823667987&msr_no=9801&AttendanceDate=22/03/2026&Digest=qxC4EkxhI9mW4BFHQ4XUWA",1
"BASTI","BAHADURPUR","KALWARI MUSTAKHAM","3153012030/RC/958486255823689961","9771","https://mnregaweb4.nic.in/nregaarch/View_NMMS_atten_date_dtl_rpt.aspx?page=&short_name=UP&state_name=UTTAR%20PRADESH&state_code=31&district_name=BASTI&district_code=3153&block_name=BAHADURPUR&block_code=3153012&panchayat_name=KALWARI%20MUSTAKHAM&panchayat_code=3153012030&fin_year=2025-2026&source=&work_code=3153012030/RC/958486255823689961&msr_no=9771&AttendanceDate=22/03/2026&Digest=BnKDnI2ARPLtdpr/YIOqQA",6
"BASTI","BAHADURPUR","KANHAULI","3153012033/LD/958486255824834898","9713","https://mnregaweb4.nic.in/nregaarch/View_NMMS_atten_date_dtl_rpt.aspx?page=&short_name=UP&state_name=UTTAR%20PRADESH&state_code=31&district_name=BASTI&district_code=3153&block_name=BAHADURPUR&block_code=3153012&panchayat_name=KANHAULI&panchayat_code=3153012033&fin_year=2025-2026&source=&work_code=3153012033/LD/958486255824834898&msr_no=9713&AttendanceDate=22/03/2026&Digest=Gg0Sk4CBHNeB8/UVd7+4Jg",10
"BASTI","BAHADURPUR","KANHAULI","3153012033/LD/958486255825009893","9690","https://mnregaweb4.nic.in/nregaarch/View_NMMS_atten_date_dtl_rpt.aspx?page=&short_name=UP&state_name=UTTAR%20PRADESH&state_code=31&district_name=BASTI&district_code=3153&block_name=BAHADURPUR&block_code=3153012&panchayat_name=KANHAULI&panchayat_code=3153012033&fin_year=2025-2026&source=&work_code=3153012033/LD/958486255825009893&msr_no=9690&AttendanceDate=22/03/2026&Digest=Othz5snPY/mW723hheKCZQ",2
"BASTI","BAHADURPUR","KUTHAPTTI PRITHI","3153012044/RC/958486255823657907","9874","https://mnregaweb4.nic.in/nregaarch/View_NMMS_atten_date_dtl_rpt.aspx?page=&short_name=UP&state_name=UTTAR%20PRADESH&state_code=31&district_name=BASTI&district_code=3153&block_name=BAHADURPUR&block_code=3153012&panchayat_name=KUTHAPTTI%20PRITHI&panchayat_code=3153012044&fin_year=2025-2026&source=&work_code=3153012044/RC/958486255823657907&msr_no=9874&AttendanceDate=22/03/2026&Digest=yG1mvr75KN6duHb5W1TwSA",5
"BASTI","BAHADURPUR","PRATAPPUR","3153012064/RC/958486255823707626","9695","https://mnregaweb4.nic.in/nregaarch/View_NMMS_atten_date_dtl_rpt.aspx?page=&short_name=UP&state_name=UTTAR%20PRADESH&state_code=31&district_name=BASTI&district_code=3153&block_name=BAHADURPUR&block_code=3153012&panchayat_name=PRATAPPUR&panchayat_code=3153012064&fin_year=2025-2026&source=&work_code=3153012064/RC/958486255823707626&msr_no=9695&AttendanceDate=22/03/2026&Digest=qa2OYBRT7uODjuE2FqO4LQ",3
"BASTI","BAHADURPUR","PRATAPPUR","3153012064/RC/958486255823707646","9699","https://mnregaweb4.nic.in/nregaarch/View_NMMS_atten_date_dtl_rpt.aspx?page=&short_name=UP&state_name=UTTAR%20PRADESH&state_code=31&district_name=BASTI&district_code=3153&block_name=BAHADURPUR&block_code=3153012&panchayat_name=PRATAPPUR&panchayat_code=3153012064&fin_year=2025-2026&source=&work_code=3153012064/RC/958486255823707646&msr_no=9699&AttendanceDate=22/03/2026&Digest=wa7YY7I0vGU5/NDMTnNcBg",3
"BASTI","BAHADURPUR","KAMHARIYA 2","3153012070/AV/958486255824174675","9616","https://mnregaweb4.nic.in/nregaarch/View_NMMS_atten_date_dtl_rpt.aspx?page=&short_name=UP&state_name=UTTAR%20PRADESH&state_code=31&district_name=BASTI&district_code=3153&block_name=BAHADURPUR&block_code=3153012&panchayat_name=KAMHARIYA%202&panchayat_code=3153012070&fin_year=2025-2026&source=&work_code=3153012070/AV/958486255824174675&msr_no=9616&AttendanceDate=22/03/2026&Digest=DwZ2FZfZoNIvt++/XtA8vQ",4
"BASTI","BAHADURPUR","SILLO","3153012073/LD/958486255824986398","9589","https://mnregaweb4.nic.in/nregaarch/View_NMMS_atten_date_dtl_rpt.aspx?page=&short_name=UP&state_name=UTTAR%20PRADESH&state_code=31&district_name=BASTI&district_code=3153&block_name=BAHADURPUR&block_code=3153012&panchayat_name=SILLO&panchayat_code=3153012073&fin_year=2025-2026&source=&work_code=3153012073/LD/958486255824986398&msr_no=9589&AttendanceDate=22/03/2026&Digest=ACWaB18Pv8qKcqp5wc26zA",9
"BASTI","BAHADURPUR","SISWARI RAGUBIR SINGH","3153012075/WH/958486255824013258","9662","https://mnregaweb4.nic.in/nregaarch/View_NMMS_atten_date_dtl_rpt.aspx?page=&short_name=UP&state_name=UTTAR%20PRADESH&state_code=31&district_name=BASTI&district_code=3153&block_name=BAHADURPUR&block_code=3153012&panchayat_name=SISWARI%20RAGUBIR%20SINGH&panchayat_code=3153012075&fin_year=2025-2026&source=&work_code=3153012075/WH/958486255824013258&msr_no=9662&AttendanceDate=22/03/2026&Digest=JpbagFUT1qtJ4pmS5PGUWA",6
"BASTI","BAHADURPUR","SISWARI RAGUBIR SINGH","3153012075/WH/958486255824013258","9665","https://mnregaweb4.nic.in/nregaarch/View_NMMS_atten_date_dtl_rpt.aspx?page=&short_name=UP&state_name=UTTAR%20PRADESH&state_code=31&district_name=BASTI&district_code=3153&block_name=BAHADURPUR&block_code=3153012&panchayat_name=SISWARI%20RAGUBIR%20SINGH&panchayat_code=3153012075&fin_year=2025-2026&source=&work_code=3153012075/WH/958486255824013258&msr_no=9665&AttendanceDate=22/03/2026&Digest=tftN8qWQQStsui7C/FbpNw",2
"BASTI","BAHADURPUR","SEMRA URF GALWA","3153012087/WH/958486255824004832","9622","https://mnregaweb4.nic.in/nregaarch/View_NMMS_atten_date_dtl_rpt.aspx?page=&short_name=UP&state_name=UTTAR%20PRADESH&state_code=31&district_name=BASTI&district_code=3153&block_name=BAHADURPUR&block_code=3153012&panchayat_name=SEMRA%20URF%20GALWA&panchayat_code=3153012087&fin_year=2025-2026&source=&work_code=3153012087/WH/958486255824004832&msr_no=9622&AttendanceDate=22/03/2026&Digest=sC/14hczGBUbZYpbtiq1gQ",9
"BASTI","BANKATI","AHIRAULI","3153011001/LD/958486255824929272","9465","https://mnregaweb4.nic.in/nregaarch/View_NMMS_atten_date_dtl_rpt.aspx?page=&short_name=UP&state_name=UTTAR%20PRADESH&state_code=31&district_name=BASTI&district_code=3153&block_name=BANKATI&block_code=3153011&panchayat_name=AHIRAULI&panchayat_code=3153011001&fin_year=2025-2026&source=&work_code=3153011001/LD/958486255824929272&msr_no=9465&AttendanceDate=22/03/2026&Digest=jpR2SaaU6ebDnIW+r5NUOg",10
"BASTI","BANKATI","AHIRAULI","3153011001/LD/958486255824929272","9468","https://mnregaweb4.nic.in/nregaarch/View_NMMS_atten_date_dtl_rpt.aspx?page=&short_name=UP&state_name=UTTAR%20PRADESH&state_code=31&district_name=BASTI&district_code=3153&block_name=BANKATI&block_code=3153011&panchayat_name=AHIRAULI&panchayat_code=3153011001&fin_year=2025-2026&source=&work_code=3153011001/LD/958486255824929272&msr_no=9468&AttendanceDate=22/03/2026&Digest=gLSd08tdC+hke1BYKUVG5w",10
"BASTI","BANKATI","BHAWARA","3153011018/RC/958486255823615558","9354","https://mnregaweb4.nic.in/nregaarch/View_NMMS_atten_date_dtl_rpt.aspx?page=&short_name=UP&state_name=UTTAR%20PRADESH&state_code=31&district_name=BASTI&district_code=3153&block_name=BANKATI&block_code=3153011&panchayat_name=BHAWARA&panchayat_code=3153011018&fin_year=2025-2026&source=&work_code=3153011018/RC/958486255823615558&msr_no=9354&AttendanceDate=22/03/2026&Digest=qfhPUryf3Ikyo5SXdslcgw",3
"BASTI","BANKATI","DELHA PAAR","3153011026/FP/958486255823611611","9200","https://mnregaweb4.nic.in/nregaarch/View_NMMS_atten_date_dtl_rpt.aspx?page=&short_name=UP&state_name=UTTAR%20PRADESH&state_code=31&district_name=BASTI&district_code=3153&block_name=BANKATI&block_code=3153011&panchayat_name=DELHA%20PAAR&panchayat_code=3153011026&fin_year=2025-2026&source=&work_code=3153011026/FP/958486255823611611&msr_no=9200&AttendanceDate=22/03/2026&Digest=qkCJVaxLXwN+cvIVDDVCXw",6
"BASTI","BANKATI","DELHA PAAR","3153011026/FP/958486255823611611","9203","https://mnregaweb4.nic.in/nregaarch/View_NMMS_atten_date_dtl_rpt.aspx?page=&short_name=UP&state_name=UTTAR%20PRADESH&state_code=31&district_name=BASTI&district_code=3153&block_name=BANKATI&block_code=3153011&panchayat_name=DELHA%20PAAR&panchayat_code=3153011026&fin_year=2025-2026&source=&work_code=3153011026/FP/958486255823611611&msr_no=9203&AttendanceDate=22/03/2026&Digest=ziA60mvbNg7ZbSZ+rUazwA",3
"BASTI","BANKATI","HINAUTA","3153011041/IC/958486255823739646","9197","https://mnregaweb4.nic.in/nregaarch/View_NMMS_atten_date_dtl_rpt.aspx?page=&short_name=UP&state_name=UTTAR%20PRADESH&state_code=31&district_name=BASTI&district_code=3153&block_name=BANKATI&block_code=3153011&panchayat_name=HINAUTA&panchayat_code=3153011041&fin_year=2025-2026&source=&work_code=3153011041/IC/958486255823739646&msr_no=9197&AttendanceDate=22/03/2026&Digest=WBvWfLgBZtdzIu+QYO0YQw",10
"BASTI","BANKATI","KABARA","3153011044/LD/958486255824938257","9289","https://mnregaweb4.nic.in/nregaarch/View_NMMS_atten_date_dtl_rpt.aspx?page=&short_name=UP&state_name=UTTAR%20PRADESH&state_code=31&district_name=BASTI&district_code=3153&block_name=BANKATI&block_code=3153011&panchayat_name=KABARA&panchayat_code=3153011044&fin_year=2025-2026&source=&work_code=3153011044/LD/958486255824938257&msr_no=9289&AttendanceDate=22/03/2026&Digest=RnatLDEGfz7Gx/li7GIVLg",10
"BASTI","BANKATI","KHARATI","3153011050/AV/958486255824182731","9217","https://mnregaweb4.nic.in/nregaarch/View_NMMS_atten_date_dtl_rpt.aspx?page=&short_name=UP&state_name=UTTAR%20PRADESH&state_code=31&district_name=BASTI&district_code=3153&block_name=BANKATI&block_code=3153011&panchayat_name=KHARATI&panchayat_code=3153011050&fin_year=2025-2026&source=&work_code=3153011050/AV/958486255824182731&msr_no=9217&AttendanceDate=22/03/2026&Digest=i28ilBvhhG4FoY5aDNdzVQ",2
"BASTI","BANKATI","KHARHAURA(CHHVILAHA)","3153011051/WC/958486255824167025","9249","https://mnregaweb4.nic.in/nregaarch/View_NMMS_atten_date_dtl_rpt.aspx?page=&short_name=UP&state_name=UTTAR%20PRADESH&state_code=31&district_name=BASTI&district_code=3153&block_name=BANKATI&block_code=3153011&panchayat_name=KHARHAURA(CHHVILAHA)&panchayat_code=3153011051&fin_year=2025-2026&source=&work_code=3153011051/WC/958486255824167025&msr_no=9249&AttendanceDate=22/03/2026&Digest=UWfeXkv3IQKfHRlvIYp1Dg",9
"BASTI","BANKATI","KHARHAURA(CHHVILAHA)","3153011051/WC/958486255824167025","9252","https://mnregaweb4.nic.in/nregaarch/View_NMMS_atten_date_dtl_rpt.aspx?page=&short_name=UP&state_name=UTTAR%20PRADESH&state_code=31&district_name=BASTI&district_code=3153&block_name=BANKATI&block_code=3153011&panchayat_name=KHARHAURA(CHHVILAHA)&panchayat_code=3153011051&fin_year=2025-2026&source=&work_code=3153011051/WC/958486255824167025&msr_no=9252&AttendanceDate=22/03/2026&Digest=LTSukoYm+eTRiiPrT5Rh2Q",7
"BASTI","BANKATI","KHAROHA","3153011053/RC/958486255823580852","9170","https://mnregaweb4.nic.in/nregaarch/View_NMMS_atten_date_dtl_rpt.aspx?page=&short_name=UP&state_name=UTTAR%20PRADESH&state_code=31&district_name=BASTI&district_code=3153&block_name=BANKATI&block_code=3153011&panchayat_name=KHAROHA&panchayat_code=3153011053&fin_year=2025-2026&source=&work_code=3153011053/RC/958486255823580852&msr_no=9170&AttendanceDate=22/03/2026&Digest=kP03Wtaplhthx1i0Rb/jlg",7
"BASTI","BANKATI","KHORIA","3153011056/IC/YD/958486255823723324","9606","https://mnregaweb4.nic.in/nregaarch/View_NMMS_atten_date_dtl_rpt.aspx?page=&short_name=UP&state_name=UTTAR%20PRADESH&state_code=31&district_name=BASTI&district_code=3153&block_name=BANKATI&block_code=3153011&panchayat_name=KHORIA&panchayat_code=3153011056&fin_year=2025-2026&source=&work_code=3153011056/IC/YD/958486255823723324&msr_no=9606&AttendanceDate=22/03/2026&Digest=jMW/uL4PDxe8E6ECXF3+Iw",8
"BASTI","BANKATI","KHORIA","3153011056/IC/YD/958486255823723324","9609","https://mnregaweb4.nic.in/nregaarch/View_NMMS_atten_date_dtl_rpt.aspx?page=&short_name=UP&state_name=UTTAR%20PRADESH&state_code=31&district_name=BASTI&district_code=3153&block_name=BANKATI&block_code=3153011&panchayat_name=KHORIA&panchayat_code=3153011056&fin_year=2025-2026&source=&work_code=3153011056/IC/YD/958486255823723324&msr_no=9609&AttendanceDate=22/03/2026&Digest=SSJYBbKESw3AQZfPrJbYPA",4
"BASTI","BANKATI","KHORIA","3153011056/LD/YD/958486255824966397","9243","https://mnregaweb4.nic.in/nregaarch/View_NMMS_atten_date_dtl_rpt.aspx?page=&short_name=UP&state_name=UTTAR%20PRADESH&state_code=31&district_name=BASTI&district_code=3153&block_name=BANKATI&block_code=3153011&panchayat_name=KHORIA&panchayat_code=3153011056&fin_year=2025-2026&source=&work_code=3153011056/LD/YD/958486255824966397&msr_no=9243&AttendanceDate=22/03/2026&Digest=FgxpLsheLC+pPcNGePcLOw",8
"BASTI","BANKATI","KHORIA","3153011056/LD/YD/958486255824966411","9239","https://mnregaweb4.nic.in/nregaarch/View_NMMS_atten_date_dtl_rpt.aspx?page=&short_name=UP&state_name=UTTAR%20PRADESH&state_code=31&district_name=BASTI&district_code=3153&block_name=BANKATI&block_code=3153011&panchayat_name=KHORIA&panchayat_code=3153011056&fin_year=2025-2026&source=&work_code=3153011056/LD/YD/958486255824966411&msr_no=9239&AttendanceDate=22/03/2026&Digest=Ubb9ZSluPpBWbMv/d+xHNg",10
"BASTI","BANKATI","KHORIA","3153011056/RC/YD/958486255823745750","9443","https://mnregaweb4.nic.in/nregaarch/View_NMMS_atten_date_dtl_rpt.aspx?page=&short_name=UP&state_name=UTTAR%20PRADESH&state_code=31&district_name=BASTI&district_code=3153&block_name=BANKATI&block_code=3153011&panchayat_name=KHORIA&panchayat_code=3153011056&fin_year=2025-2026&source=&work_code=3153011056/RC/YD/958486255823745750&msr_no=9443&AttendanceDate=22/03/2026&Digest=e1AWkn/WqdE6QIjxdMKd3g",10
"BASTI","BANKATI","MAKDUMPUR","3153011062/IC/958486255823692433","9418","https://mnregaweb4.nic.in/nregaarch/View_NMMS_atten_date_dtl_rpt.aspx?page=&short_name=UP&state_name=UTTAR%20PRADESH&state_code=31&district_name=BASTI&district_code=3153&block_name=BANKATI&block_code=3153011&panchayat_name=MAKDUMPUR&panchayat_code=3153011062&fin_year=2025-2026&source=&work_code=3153011062/IC/958486255823692433&msr_no=9418&AttendanceDate=22/03/2026&Digest=R0CfxtU//0hjNFkx8mENww",9
"BASTI","BANKATI","MAKDUMPUR","3153011062/RC/958486255823711022","9527","https://mnregaweb4.nic.in/nregaarch/View_NMMS_atten_date_dtl_rpt.aspx?page=&short_name=UP&state_name=UTTAR%20PRADESH&state_code=31&district_name=BASTI&district_code=3153&block_name=BANKATI&block_code=3153011&panchayat_name=MAKDUMPUR&panchayat_code=3153011062&fin_year=2025-2026&source=&work_code=3153011062/RC/958486255823711022&msr_no=9527&AttendanceDate=22/03/2026&Digest=MTdoqH02k/UiTmNp50US2Q",6
"BASTI","BANKATI","PAGAR KHAS","3153011073/RC/958486255823684325","9374","https://mnregaweb4.nic.in/nregaarch/View_NMMS_atten_date_dtl_rpt.aspx?page=&short_name=UP&state_name=UTTAR%20PRADESH&state_code=31&district_name=BASTI&district_code=3153&block_name=BANKATI&block_code=3153011&panchayat_name=PAGAR%20KHAS&panchayat_code=3153011073&fin_year=2025-2026&source=&work_code=3153011073/RC/958486255823684325&msr_no=9374&AttendanceDate=22/03/2026&Digest=zUda2/DQZQ5N7zpLshA8jg",6
"BASTI","BANKATI","PAKRI CHANDA","3153011074/RC/958486255823690658","9386","https://mnregaweb4.nic.in/nregaarch/View_NMMS_atten_date_dtl_rpt.aspx?page=&short_name=UP&state_name=UTTAR%20PRADESH&state_code=31&district_name=BASTI&district_code=3153&block_name=BANKATI&block_code=3153011&panchayat_name=PAKRI%20CHANDA&panchayat_code=3153011074&fin_year=2025-2026&source=&work_code=3153011074/RC/958486255823690658&msr_no=9386&AttendanceDate=22/03/2026&Digest=Y6C3MZeXHAdv2ILeen/Svw",10
"BASTI","BANKATI","PARASI","3153011076/IC/958486255823713395","9212","https://mnregaweb4.nic.in/nregaarch/View_NMMS_atten_date_dtl_rpt.aspx?page=&short_name=UP&state_name=UTTAR%20PRADESH&state_code=31&district_name=BASTI&district_code=3153&block_name=BANKATI&block_code=3153011&panchayat_name=PARASI&panchayat_code=3153011076&fin_year=2025-2026&source=&work_code=3153011076/IC/958486255823713395&msr_no=9212&AttendanceDate=22/03/2026&Digest=9lvjj7Yn4FIolMJ3XRdPOg",9
"BASTI","BAHADURPUR","BAHADURPUR","3153012007/WC/958486255824193195","9862","https://mnregaweb4.nic.in/nregaarch/View_NMMS_atten_date_dtl_rpt.aspx?page=&short_name=UP&state_name=UTTAR%20PRADESH&state_code=31&district_name=BASTI&district_code=3153&block_name=BAHADURPUR&block_code=3153012&panchayat_name=BAHADURPUR&panchayat_code=3153012007&fin_year=2025-2026&source=&work_code=3153012007/WC/958486255824193195&msr_no=9862&AttendanceDate=22/03/2026&Digest=/0skLsyFep0w0MFPTq7OtA",10
"BASTI","BAHADURPUR","BAHADURPUR","3153012007/WH/958486255823987468","9642","https://mnregaweb4.nic.in/nregaarch/View_NMMS_atten_date_dtl_rpt.aspx?page=&short_name=UP&state_name=UTTAR%20PRADESH&state_code=31&district_name=BASTI&district_code=3153&block_name=BAHADURPUR&block_code=3153012&panchayat_name=BAHADURPUR&panchayat_code=3153012007&fin_year=2025-2026&source=&work_code=3153012007/WH/958486255823987468&msr_no=9642&AttendanceDate=22/03/2026&Digest=MSx2phiEQelvXdGEcOMd7Q",10
"BASTI","BAHADURPUR","BAHADURPUR","3153012007/WH/958486255823987468","9645","https://mnregaweb4.nic.in/nregaarch/View_NMMS_atten_date_dtl_rpt.aspx?page=&short_name=UP&state_name=UTTAR%20PRADESH&state_code=31&district_name=BASTI&district_code=3153&block_name=BAHADURPUR&block_code=3153012&panchayat_name=BAHADURPUR&panchayat_code=3153012007&fin_year=2025-2026&source=&work_code=3153012007/WH/958486255823987468&msr_no=9645&AttendanceDate=22/03/2026&Digest=U9V8fzPC8QQDElB2QFRmDw",4
"BASTI","BAHADURPUR","BHELWAL","3153012010/RC/958486255823716921","9795","https://mnregaweb4.nic.in/nregaarch/View_NMMS_atten_date_dtl_rpt.aspx?page=&short_name=UP&state_name=UTTAR%20PRADESH&state_code=31&district_name=BASTI&district_code=3153&block_name=BAHADURPUR&block_code=3153012&panchayat_name=BHELWAL&panchayat_code=3153012010&fin_year=2025-2026&source=&work_code=3153012010/RC/958486255823716921&msr_no=9795&AttendanceDate=22/03/2026&Digest=BtR8k2411HG2yxIs3wVZbQ",8
"BASTI","BAHADURPUR","BHERIHA","3153012011/LD/958486255824954104","9562","https://mnregaweb4.nic.in/nregaarch/View_NMMS_atten_date_dtl_rpt.aspx?page=&short_name=UP&state_name=UTTAR%20PRADESH&state_code=31&district_name=BASTI&district_code=3153&block_name=BAHADURPUR&block_code=3153012&panchayat_name=BHERIHA&panchayat_code=3153012011&fin_year=2025-2026&source=&work_code=3153012011/LD/958486255824954104&msr_no=9562&AttendanceDate=22/03/2026&Digest=4n9ofKmIl+iTmryz6rJk5Q",3
"BASTI","BAHADURPUR","SONBARSA","3153012014/LD/958486255824933208","9635","https://mnregaweb4.nic.in/nregaarch/View_NMMS_atten_date_dtl_rpt.aspx?page=&short_name=UP&state_name=UTTAR%20PRADESH&state_code=31&district_name=BASTI&district_code=3153&block_name=BAHADURPUR&block_code=3153012&panchayat_name=SONBARSA&panchayat_code=3153012014&fin_year=2025-2026&source=&work_code=3153012014/LD/958486255824933208&msr_no=9635&AttendanceDate=22/03/2026&Digest=cU8V5uZnXsCzWG9kqS0YdQ",10
"BASTI","BAHADURPUR","DEV DEEHA","3153012019/LD/958486255824987443","9597","https://mnregaweb4.nic.in/nregaarch/View_NMMS_atten_date_dtl_rpt.aspx?page=&short_name=UP&state_name=UTTAR%20PRADESH&state_code=31&district_name=BASTI&district_code=3153&block_name=BAHADURPUR&block_code=3153012&panchayat_name=DEV%20DEEHA&panchayat_code=3153012019&fin_year=2025-2026&source=&work_code=3153012019/LD/958486255824987443&msr_no=9597&AttendanceDate=22/03/2026&Digest=OZQDTVySAgdY7jetLISsRg",10
"BASTI","BAHADURPUR","DEV DEEHA","3153012019/RC/958486255823667988","9799","https://mnregaweb4.nic.in/nregaarch/View_NMMS_atten_date_dtl_rpt.aspx?page=&short_name=UP&state_name=UTTAR%20PRADESH&state_code=31&district_name=BASTI&district_code=3153&block_name=BAHADURPUR&block_code=3153012&panchayat_name=DEV%20DEEHA&panchayat_code=3153012019&fin_year=2025-2026&source=&work_code=3153012019/RC/958486255823667988&msr_no=9799&AttendanceDate=22/03/2026&Digest=BEDJG3lv5UmW6JjOq/AQAQ",2
"BASTI","BAHADURPUR","GOVINDPUR (Bahadurpur)","3153012023/RC/958486255823669277","9625","https://mnregaweb4.nic.in/nregaarch/View_NMMS_atten_date_dtl_rpt.aspx?page=&short_name=UP&state_name=UTTAR%20PRADESH&state_code=31&district_name=BASTI&district_code=3153&block_name=BAHADURPUR&block_code=3153012&panchayat_name=GOVINDPUR%20%20(Bahadurpur)&panchayat_code=3153012023&fin_year=2025-2026&source=&work_code=3153012023/RC/958486255823669277&msr_no=9625&AttendanceDate=22/03/2026&Digest=CDKSqaeVWiWokW3tPNkeXA",5
"BASTI","BAHADURPUR","KANHAULI","3153012033/RC/958486255823735865","9586","https://mnregaweb4.nic.in/nregaarch/View_NMMS_atten_date_dtl_rpt.aspx?page=&short_name=UP&state_name=UTTAR%20PRADESH&state_code=31&district_name=BASTI&district_code=3153&block_name=BAHADURPUR&block_code=3153012&panchayat_name=KANHAULI&panchayat_code=3153012033&fin_year=2025-2026&source=&work_code=3153012033/RC/958486255823735865&msr_no=9586&AttendanceDate=22/03/2026&Digest=UQjT6kLTMancy0KYFZYh3g",5
"BASTI","BAHADURPUR","NRAYANPUR","3153012056/RC/958486255823747685","9819","https://mnregaweb4.nic.in/nregaarch/View_NMMS_atten_date_dtl_rpt.aspx?page=&short_name=UP&state_name=UTTAR%20PRADESH&state_code=31&district_name=BASTI&district_code=3153&block_name=BAHADURPUR&block_code=3153012&panchayat_name=NRAYANPUR&panchayat_code=3153012056&fin_year=2025-2026&source=&work_code=3153012056/RC/958486255823747685&msr_no=9819&AttendanceDate=22/03/2026&Digest=4h83YNBLcMn+r0JZwviT6A",9
"BASTI","BAHADURPUR","PHOOLPUR","3153012061/RC/958486255823571296","9552","https://mnregaweb4.nic.in/nregaarch/View_NMMS_atten_date_dtl_rpt.aspx?page=&short_name=UP&state_name=UTTAR%20PRADESH&state_code=31&district_name=BASTI&district_code=3153&block_name=BAHADURPUR&block_code=3153012&panchayat_name=PHOOLPUR&panchayat_code=3153012061&fin_year=2025-2026&source=&work_code=3153012061/RC/958486255823571296&msr_no=9552&AttendanceDate=22/03/2026&Digest=hmufLnCgmXe0rfNntbsm6g",6
"BASTI","BAHADURPUR","PHOOLPUR","3153012061/RC/958486255823640976","9554","https://mnregaweb4.nic.in/nregaarch/View_NMMS_atten_date_dtl_rpt.aspx?page=&short_name=UP&state_name=UTTAR%20PRADESH&state_code=31&district_name=BASTI&district_code=3153&block_name=BAHADURPUR&block_code=3153012&panchayat_name=PHOOLPUR&panchayat_code=3153012061&fin_year=2025-2026&source=&work_code=3153012061/RC/958486255823640976&msr_no=9554&AttendanceDate=22/03/2026&Digest=uO0vWLh5I/sqIUaysVuH5g",7
"BASTI","BAHADURPUR","PRATAPPUR","3153012064/RC/958486255823589093","9691","https://mnregaweb4.nic.in/nregaarch/View_NMMS_atten_date_dtl_rpt.aspx?page=&short_name=UP&state_name=UTTAR%20PRADESH&state_code=31&district_name=BASTI&district_code=3153&block_name=BAHADURPUR&block_code=3153012&panchayat_name=PRATAPPUR&panchayat_code=3153012064&fin_year=2025-2026&source=&work_code=3153012064/RC/958486255823589093&msr_no=9691&AttendanceDate=22/03/2026&Digest=+ZSwfNyBDffwsnTwqsDQPw",1
"BASTI","BAHADURPUR","SILLO","3153012073/LD/958486255824986398","9590","https://mnregaweb4.nic.in/nregaarch/View_NMMS_atten_date_dtl_rpt.aspx?page=&short_name=UP&state_name=UTTAR%20PRADESH&state_code=31&district_name=BASTI&district_code=3153&block_name=BAHADURPUR&block_code=3153012&panchayat_name=SILLO&panchayat_code=3153012073&fin_year=2025-2026&source=&work_code=3153012073/LD/958486255824986398&msr_no=9590&AttendanceDate=22/03/2026&Digest=gxXlXPhnESLEgZrEIan+yw",3
"BASTI","BAHADURPUR","VAISNOPUR","3153012079/LD/958486255824966695","9825","https://mnregaweb4.nic.in/nregaarch/View_NMMS_atten_date_dtl_rpt.aspx?page=&short_name=UP&state_name=UTTAR%20PRADESH&state_code=31&district_name=BASTI&district_code=3153&block_name=BAHADURPUR&block_code=3153012&panchayat_name=VAISNOPUR&panchayat_code=3153012079&fin_year=2025-2026&source=&work_code=3153012079/LD/958486255824966695&msr_no=9825&AttendanceDate=22/03/2026&Digest=sqiX472JkCdKhN41ssjWpQ",8
"BASTI","BAHADURPUR","SEMRA URF GALWA","3153012087/AV/958486255824174667","9766","https://mnregaweb4.nic.in/nregaarch/View_NMMS_atten_date_dtl_rpt.aspx?page=&short_name=UP&state_name=UTTAR%20PRADESH&state_code=31&district_name=BASTI&district_code=3153&block_name=BAHADURPUR&block_code=3153012&panchayat_name=SEMRA%20URF%20GALWA&panchayat_code=3153012087&fin_year=2025-2026&source=&work_code=3153012087/AV/958486255824174667&msr_no=9766&AttendanceDate=22/03/2026&Digest=/AmQCR65bNZf6XMUjXSzAw",6
"BASTI","BANKATI","BHAWARA","3153011018/RC/958486255823707540","9338","https://mnregaweb4.nic.in/nregaarch/View_NMMS_atten_date_dtl_rpt.aspx?page=&short_name=UP&state_name=UTTAR%20PRADESH&state_code=31&district_name=BASTI&district_code=3153&block_name=BANKATI&block_code=3153011&panchayat_name=BHAWARA&panchayat_code=3153011018&fin_year=2025-2026&source=&work_code=3153011018/RC/958486255823707540&msr_no=9338&AttendanceDate=22/03/2026&Digest=sSMxJ8uUoa1IL2LjkLWXzg",4
"BASTI","BANKATI","DEWAMI","3153011027/FP/958486255823613996","9310","https://mnregaweb4.nic.in/nregaarch/View_NMMS_atten_date_dtl_rpt.aspx?page=&short_name=UP&state_name=UTTAR%20PRADESH&state_code=31&district_name=BASTI&district_code=3153&block_name=BANKATI&block_code=3153011&panchayat_name=DEWAMI&panchayat_code=3153011027&fin_year=2025-2026&source=&work_code=3153011027/FP/958486255823613996&msr_no=9310&AttendanceDate=22/03/2026&Digest=emlzZD0lttDZkGzt4nWOnQ",9
"BASTI","BANKATI","GANGORI","3153011035/RC/958486255823750421","9584","https://mnregaweb4.nic.in/nregaarch/View_NMMS_atten_date_dtl_rpt.aspx?page=&short_name=UP&state_name=UTTAR%20PRADESH&state_code=31&district_name=BASTI&district_code=3153&block_name=BANKATI&block_code=3153011&panchayat_name=GANGORI&panchayat_code=3153011035&fin_year=2025-2026&source=&work_code=3153011035/RC/958486255823750421&msr_no=9584&AttendanceDate=22/03/2026&Digest=p/HOC4rprxrffz6BoHVwTg",5
"BASTI","BANKATI","GULRIHA SIRMA","3153011038/IC/958486255823692245","9258","https://mnregaweb4.nic.in/nregaarch/View_NMMS_atten_date_dtl_rpt.aspx?page=&short_name=UP&state_name=UTTAR%20PRADESH&state_code=31&district_name=BASTI&district_code=3153&block_name=BANKATI&block_code=3153011&panchayat_name=GULRIHA%20SIRMA&panchayat_code=3153011038&fin_year=2025-2026&source=&work_code=3153011038/IC/958486255823692245&msr_no=9258&AttendanceDate=22/03/2026&Digest=MkvYVULXB5hhXPcWPe7+RA",9
"BASTI","BANKATI","GULRIHA SIRMA","3153011038/IC/958486255823692245","9261","https://mnregaweb4.nic.in/nregaarch/View_NMMS_atten_date_dtl_rpt.aspx?page=&short_name=UP&state_name=UTTAR%20PRADESH&state_code=31&district_name=BASTI&district_code=3153&block_name=BANKATI&block_code=3153011&panchayat_name=GULRIHA%20SIRMA&panchayat_code=3153011038&fin_year=2025-2026&source=&work_code=3153011038/IC/958486255823692245&msr_no=9261&AttendanceDate=22/03/2026&Digest=mnNXDER+u2CVP28EdvpfqA",9
"BASTI","BANKATI","HINAUTA","3153011041/IC/958486255823739646","9196","https://mnregaweb4.nic.in/nregaarch/View_NMMS_atten_date_dtl_rpt.aspx?page=&short_name=UP&state_name=UTTAR%20PRADESH&state_code=31&district_name=BASTI&district_code=3153&block_name=BANKATI&block_code=3153011&panchayat_name=HINAUTA&panchayat_code=3153011041&fin_year=2025-2026&source=&work_code=3153011041/IC/958486255823739646&msr_no=9196&AttendanceDate=22/03/2026&Digest=v7eMtgSdLSQc+it8U9WvMg",8
"BASTI","BANKATI","HINAUTA","3153011041/IC/958486255823739648","9191","https://mnregaweb4.nic.in/nregaarch/View_NMMS_atten_date_dtl_rpt.aspx?page=&short_name=UP&state_name=UTTAR%20PRADESH&state_code=31&district_name=BASTI&district_code=3153&block_name=BANKATI&block_code=3153011&panchayat_name=HINAUTA&panchayat_code=3153011041&fin_year=2025-2026&source=&work_code=3153011041/IC/958486255823739648&msr_no=9191&AttendanceDate=22/03/2026&Digest=0kQBl0zW5gymYMEzAWmYug",8
"BASTI","BANKATI","HINAUTA","3153011041/IC/958486255823739648","9194","https://mnregaweb4.nic.in/nregaarch/View_NMMS_atten_date_dtl_rpt.aspx?page=&short_name=UP&state_name=UTTAR%20PRADESH&state_code=31&district_name=BASTI&district_code=3153&block_name=BANKATI&block_code=3153011&panchayat_name=HINAUTA&panchayat_code=3153011041&fin_year=2025-2026&source=&work_code=3153011041/IC/958486255823739648&msr_no=9194&AttendanceDate=22/03/2026&Digest=cu10QlE7OgSgvQGwrnKIMg",2
"BASTI","BANKATI","HINAUTA","3153011041/RC/958486255823750743","9646","https://mnregaweb4.nic.in/nregaarch/View_NMMS_atten_date_dtl_rpt.aspx?page=&short_name=UP&state_name=UTTAR%20PRADESH&state_code=31&district_name=BASTI&district_code=3153&block_name=BANKATI&block_code=3153011&panchayat_name=HINAUTA&panchayat_code=3153011041&fin_year=2025-2026&source=&work_code=3153011041/RC/958486255823750743&msr_no=9646&AttendanceDate=22/03/2026&Digest=M4SzMoiijR89ei1ZWPtt5Q",4
"BASTI","BANKATI","KHAJUHI(BANSGAV )","3153011047/RC/958486255823748023","9405","https://mnregaweb4.nic.in/nregaarch/View_NMMS_atten_date_dtl_rpt.aspx?page=&short_name=UP&state_name=UTTAR%20PRADESH&state_code=31&district_name=BASTI&district_code=3153&block_name=BANKATI&block_code=3153011&panchayat_name=KHAJUHI(BANSGAV%20)&panchayat_code=3153011047&fin_year=2025-2026&source=&work_code=3153011047/RC/958486255823748023&msr_no=9405&AttendanceDate=22/03/2026&Digest=csybBcqByVNpA7ma3L6GiQ",4
"BASTI","BANKATI","KHAMOKHAR","3153011049/RC/958486255823745109","9588","https://mnregaweb4.nic.in/nregaarch/View_NMMS_atten_date_dtl_rpt.aspx?page=&short_name=UP&state_name=UTTAR%20PRADESH&state_code=31&district_name=BASTI&district_code=3153&block_name=BANKATI&block_code=3153011&panchayat_name=KHAMOKHAR&panchayat_code=3153011049&fin_year=2025-2026&source=&work_code=3153011049/RC/958486255823745109&msr_no=9588&AttendanceDate=22/03/2026&Digest=c5+fwd+SUxT8xN3yfUg1nw",4
"BASTI","BANKATI","KHARATI","3153011050/RC/958486255823743302","9434","https://mnregaweb4.nic.in/nregaarch/View_NMMS_atten_date_dtl_rpt.aspx?page=&short_name=UP&state_name=UTTAR%20PRADESH&state_code=31&district_name=BASTI&district_code=3153&block_name=BANKATI&block_code=3153011&panchayat_name=KHARATI&panchayat_code=3153011050&fin_year=2025-2026&source=&work_code=3153011050/RC/958486255823743302&msr_no=9434&AttendanceDate=22/03/2026&Digest=oGqqly/EhvG77+jzQQKY9A",8
"BASTI","BANKATI","KHARHAURA(CHHVILAHA)","3153011051/WC/958486255824167025","9253","https://mnregaweb4.nic.in/nregaarch/View_NMMS_atten_date_dtl_rpt.aspx?page=&short_name=UP&state_name=UTTAR%20PRADESH&state_code=31&district_name=BASTI&district_code=3153&block_name=BANKATI&block_code=3153011&panchayat_name=KHARHAURA(CHHVILAHA)&panchayat_code=3153011051&fin_year=2025-2026&source=&work_code=3153011051/WC/958486255824167025&msr_no=9253&AttendanceDate=22/03/2026&Digest=7ex8Bacj+pyRz3QsigfIYw",5
"BASTI","BANKATI","KHAROHA","3153011053/RC/958486255823580852","9171","https://mnregaweb4.nic.in/nregaarch/View_NMMS_atten_date_dtl_rpt.aspx?page=&short_name=UP&state_name=UTTAR%20PRADESH&state_code=31&district_name=BASTI&district_code=3153&block_name=BANKATI&block_code=3153011&panchayat_name=KHAROHA&panchayat_code=3153011053&fin_year=2025-2026&source=&work_code=3153011053/RC/958486255823580852&msr_no=9171&AttendanceDate=22/03/2026&Digest=yjhp14tbuksdxcF5bKAYkA",8
"BASTI","BANKATI","KHORIA","3153011056/IC/YD/958486255823722220","9638","https://mnregaweb4.nic.in/nregaarch/View_NMMS_atten_date_dtl_rpt.aspx?page=&short_name=UP&state_name=UTTAR%20PRADESH&state_code=31&district_name=BASTI&district_code=3153&block_name=BANKATI&block_code=3153011&panchayat_name=KHORIA&panchayat_code=3153011056&fin_year=2025-2026&source=&work_code=3153011056/IC/YD/958486255823722220&msr_no=9638&AttendanceDate=22/03/2026&Digest=EVzh1Kb5EgrxxeGOKqlSsQ",5
"BASTI","BANKATI","KHORIA","3153011056/IC/YD/958486255823723324","9608","https://mnregaweb4.nic.in/nregaarch/View_NMMS_atten_date_dtl_rpt.aspx?page=&short_name=UP&state_name=UTTAR%20PRADESH&state_code=31&district_name=BASTI&district_code=3153&block_name=BANKATI&block_code=3153011&panchayat_name=KHORIA&panchayat_code=3153011056&fin_year=2025-2026&source=&work_code=3153011056/IC/YD/958486255823723324&msr_no=9608&AttendanceDate=22/03/2026&Digest=uejpa9ss8+lJX5rP8B+qVw",10
"BASTI","BANKATI","KHORIA","3153011056/LD/YD/958486255824966397","9242","https://mnregaweb4.nic.in/nregaarch/View_NMMS_atten_date_dtl_rpt.aspx?page=&short_name=UP&state_name=UTTAR%20PRADESH&state_code=31&district_name=BASTI&district_code=3153&block_name=BANKATI&block_code=3153011&panchayat_name=KHORIA&panchayat_code=3153011056&fin_year=2025-2026&source=&work_code=3153011056/LD/YD/958486255824966397&msr_no=9242&AttendanceDate=22/03/2026&Digest=Hl5Zii61CMqZMln8/ExIyg",6
"BASTI","BANKATI","KHORIA","3153011056/LD/YD/958486255824966411","9240","https://mnregaweb4.nic.in/nregaarch/View_NMMS_atten_date_dtl_rpt.aspx?page=&short_name=UP&state_name=UTTAR%20PRADESH&state_code=31&district_name=BASTI&district_code=3153&block_name=BANKATI&block_code=3153011&panchayat_name=KHORIA&panchayat_code=3153011056&fin_year=2025-2026&source=&work_code=3153011056/LD/YD/958486255824966411&msr_no=9240&AttendanceDate=22/03/2026&Digest=Da1wqbCIIeSHb2wlMy64Bw",3
"BASTI","BANKATI","KHORIA","3153011056/RC/YD/958486255823681577","9627","https://mnregaweb4.nic.in/nregaarch/View_NMMS_atten_date_dtl_rpt.aspx?page=&short_name=UP&state_name=UTTAR%20PRADESH&state_code=31&district_name=BASTI&district_code=3153&block_name=BANKATI&block_code=3153011&panchayat_name=KHORIA&panchayat_code=3153011056&fin_year=2025-2026&source=&work_code=3153011056/RC/YD/958486255823681577&msr_no=9627&AttendanceDate=22/03/2026&Digest=tZ6SaZMtoIidKFFkFAP13A",10
"BASTI","BANKATI","KHORIA","3153011056/RC/YD/958486255823681577","9630","https://mnregaweb4.nic.in/nregaarch/View_NMMS_atten_date_dtl_rpt.aspx?page=&short_name=UP&state_name=UTTAR%20PRADESH&state_code=31&district_name=BASTI&district_code=3153&block_name=BANKATI&block_code=3153011&panchayat_name=KHORIA&panchayat_code=3153011056&fin_year=2025-2026&source=&work_code=3153011056/RC/YD/958486255823681577&msr_no=9630&AttendanceDate=22/03/2026&Digest=UmowqgUDGPHB/biSXqSIBw",7
"BASTI","BANKATI","KURIYAR","3153011060/IC/958486255823712455","9366","https://mnregaweb4.nic.in/nregaarch/View_NMMS_atten_date_dtl_rpt.aspx?page=&short_name=UP&state_name=UTTAR%20PRADESH&state_code=31&district_name=BASTI&district_code=3153&block_name=BANKATI&block_code=3153011&panchayat_name=KURIYAR&panchayat_code=3153011060&fin_year=2025-2026&source=&work_code=3153011060/IC/958486255823712455&msr_no=9366&AttendanceDate=22/03/2026&Digest=tEZnRLuLx7WOYjxs1iJJNQ",10
"BASTI","BANKATI","PAKRI CHANDA","3153011074/RC/958486255823690658","9387","https://mnregaweb4.nic.in/nregaarch/View_NMMS_atten_date_dtl_rpt.aspx?page=&short_name=UP&state_name=UTTAR%20PRADESH&state_code=31&district_name=BASTI&district_code=3153&block_name=BANKATI&block_code=3153011&panchayat_name=PAKRI%20CHANDA&panchayat_code=3153011074&fin_year=2025-2026&source=&work_code=3153011074/RC/958486255823690658&msr_no=9387&AttendanceDate=22/03/2026&Digest=d1nXMnsdAmLqS+eLLaNjjQ",8
"BASTI","BANKATI","SOBHAN PAR","3153011087/LD/958486255824967557","9297","https://mnregaweb4.nic.in/nregaarch/View_NMMS_atten_date_dtl_rpt.aspx?page=&short_name=UP&state_name=UTTAR%20PRADESH&state_code=31&district_name=BASTI&district_code=3153&block_name=BANKATI&block_code=3153011&panchayat_name=SOBHAN%20PAR&panchayat_code=3153011087&fin_year=2025-2026&source=&work_code=3153011087/LD/958486255824967557&msr_no=9297&AttendanceDate=22/03/2026&Digest=KlA7qLY/BQOQtcxBlQ4YxA",9
"BASTI","BAHADURPUR","BENIPUR","3153012009/RC/958486255823584823","9742","https://mnregaweb4.nic.in/nregaarch/View_NMMS_atten_date_dtl_rpt.aspx?page=&short_name=UP&state_name=UTTAR%20PRADESH&state_code=31&district_name=BASTI&district_code=3153&block_name=BAHADURPUR&block_code=3153012&panchayat_name=BENIPUR&panchayat_code=3153012009&fin_year=2025-2026&source=&work_code=3153012009/RC/958486255823584823&msr_no=9742&AttendanceDate=22/03/2026&Digest=1myH8N2jvoC1AIC4TBu5UQ",8
"BASTI","BAHADURPUR","BHELWAL","3153012010/RC/958486255823596094","9760","https://mnregaweb4.nic.in/nregaarch/View_NMMS_atten_date_dtl_rpt.aspx?page=&short_name=UP&state_name=UTTAR%20PRADESH&state_code=31&district_name=BASTI&district_code=3153&block_name=BAHADURPUR&block_code=3153012&panchayat_name=BHELWAL&panchayat_code=3153012010&fin_year=2025-2026&source=&work_code=3153012010/RC/958486255823596094&msr_no=9760&AttendanceDate=22/03/2026&Digest=l0xk0MtN+W3y6ZT2iPZatQ",9
"BASTI","BAHADURPUR","DEV DEEHA","3153012019/RC/958486255823733300","9808","https://mnregaweb4.nic.in/nregaarch/View_NMMS_atten_date_dtl_rpt.aspx?page=&short_name=UP&state_name=UTTAR%20PRADESH&state_code=31&district_name=BASTI&district_code=3153&block_name=BAHADURPUR&block_code=3153012&panchayat_name=DEV%20DEEHA&panchayat_code=3153012019&fin_year=2025-2026&source=&work_code=3153012019/RC/958486255823733300&msr_no=9808&AttendanceDate=22/03/2026&Digest=pnKY6BrLCLhTrNyUkxHhpw",8
"BASTI","BAHADURPUR","DEV DEEHA","3153012019/RC/958486255823744198","9802","https://mnregaweb4.nic.in/nregaarch/View_NMMS_atten_date_dtl_rpt.aspx?page=&short_name=UP&state_name=UTTAR%20PRADESH&state_code=31&district_name=BASTI&district_code=3153&block_name=BAHADURPUR&block_code=3153012&panchayat_name=DEV%20DEEHA&panchayat_code=3153012019&fin_year=2025-2026&source=&work_code=3153012019/RC/958486255823744198&msr_no=9802&AttendanceDate=22/03/2026&Digest=AIPDy/GwrQVer4amloz07g",2
"BASTI","BAHADURPUR","KALWARI MUSTAKHAM","3153012030/RC/958486255823585693","9777","https://mnregaweb4.nic.in/nregaarch/View_NMMS_atten_date_dtl_rpt.aspx?page=&short_name=UP&state_name=UTTAR%20PRADESH&state_code=31&district_name=BASTI&district_code=3153&block_name=BAHADURPUR&block_code=3153012&panchayat_name=KALWARI%20MUSTAKHAM&panchayat_code=3153012030&fin_year=2025-2026&source=&work_code=3153012030/RC/958486255823585693&msr_no=9777&AttendanceDate=22/03/2026&Digest=ya6WF3a6fFtoO7bUb+nN9Q",2
"BASTI","BAHADURPUR","KAMRIHA","3153012031/IC/958486255823711085","9784","https://mnregaweb4.nic.in/nregaarch/View_NMMS_atten_date_dtl_rpt.aspx?page=&short_name=UP&state_name=UTTAR%20PRADESH&state_code=31&district_name=BASTI&district_code=3153&block_name=BAHADURPUR&block_code=3153012&panchayat_name=KAMRIHA&panchayat_code=3153012031&fin_year=2025-2026&source=&work_code=3153012031/IC/958486255823711085&msr_no=9784&AttendanceDate=22/03/2026&Digest=K2Uz5vqhlnE8K/AxLIYmmA",3
"BASTI","BAHADURPUR","MATERA","3153012049/AV/958486255824150220","9780","https://mnregaweb4.nic.in/nregaarch/View_NMMS_atten_date_dtl_rpt.aspx?page=&short_name=UP&state_name=UTTAR%20PRADESH&state_code=31&district_name=BASTI&district_code=3153&block_name=BAHADURPUR&block_code=3153012&panchayat_name=MATERA&panchayat_code=3153012049&fin_year=2025-2026&source=&work_code=3153012049/AV/958486255824150220&msr_no=9780&AttendanceDate=22/03/2026&Digest=HCbufZ/4d1iIrhvfgH5fjA",3
"BASTI","BAHADURPUR","NRAYANPUR","3153012056/RC/958486255823733814","9869","https://mnregaweb4.nic.in/nregaarch/View_NMMS_atten_date_dtl_rpt.aspx?page=&short_name=UP&state_name=UTTAR%20PRADESH&state_code=31&district_name=BASTI&district_code=3153&block_name=BAHADURPUR&block_code=3153012&panchayat_name=NRAYANPUR&panchayat_code=3153012056&fin_year=2025-2026&source=&work_code=3153012056/RC/958486255823733814&msr_no=9869&AttendanceDate=22/03/2026&Digest=OX4dHdm25zaDgDfe67h3+g",1
"BASTI","BAHADURPUR","PAALHA","3153012057/LD/958486255825007535","9676","https://mnregaweb4.nic.in/nregaarch/View_NMMS_atten_date_dtl_rpt.aspx?page=&short_name=UP&state_name=UTTAR%20PRADESH&state_code=31&district_name=BASTI&district_code=3153&block_name=BAHADURPUR&block_code=3153012&panchayat_name=PAALHA&panchayat_code=3153012057&fin_year=2025-2026&source=&work_code=3153012057/LD/958486255825007535&msr_no=9676&AttendanceDate=22/03/2026&Digest=+KP+Lxr9rwfNvXjNBQH9pw",5
"BASTI","BAHADURPUR","PAALHA","3153012057/LD/958486255825007541","9762","https://mnregaweb4.nic.in/nregaarch/View_NMMS_atten_date_dtl_rpt.aspx?page=&short_name=UP&state_name=UTTAR%20PRADESH&state_code=31&district_name=BASTI&district_code=3153&block_name=BAHADURPUR&block_code=3153012&panchayat_name=PAALHA&panchayat_code=3153012057&fin_year=2025-2026&source=&work_code=3153012057/LD/958486255825007541&msr_no=9762&AttendanceDate=22/03/2026&Digest=UF7katp7NvBaQ7yNXgMdog",3
"BASTI","BAHADURPUR","PHOOLPUR","3153012061/RC/958486255823628352","9554","https://mnregaweb4.nic.in/nregaarch/View_NMMS_atten_date_dtl_rpt.aspx?page=&short_name=UP&state_name=UTTAR%20PRADESH&state_code=31&district_name=BASTI&district_code=3153&block_name=BAHADURPUR&block_code=3153012&panchayat_name=PHOOLPUR&panchayat_code=3153012061&fin_year=2025-2026&source=&work_code=3153012061/RC/958486255823628352&msr_no=9554&AttendanceDate=22/03/2026&Digest=GLllDBRmXVgSMOrKYw9wvQ",7
"BASTI","BAHADURPUR","PRATAPPUR","3153012064/RC/958486255823658056","9693","https://mnregaweb4.nic.in/nregaarch/View_NMMS_atten_date_dtl_rpt.aspx?page=&short_name=UP&state_name=UTTAR%20PRADESH&state_code=31&district_name=BASTI&district_code=3153&block_name=BAHADURPUR&block_code=3153012&panchayat_name=PRATAPPUR&panchayat_code=3153012064&fin_year=2025-2026&source=&work_code=3153012064/RC/958486255823658056&msr_no=9693&AttendanceDate=22/03/2026&Digest=4BiPc20L8ZPU5IC8JIPF6w",4
"BASTI","BAHADURPUR","PRATAPPUR","3153012064/RC/958486255823707627","9696","https://mnregaweb4.nic.in/nregaarch/View_NMMS_atten_date_dtl_rpt.aspx?page=&short_name=UP&state_name=UTTAR%20PRADESH&state_code=31&district_name=BASTI&district_code=3153&block_name=BAHADURPUR&block_code=3153012&panchayat_name=PRATAPPUR&panchayat_code=3153012064&fin_year=2025-2026&source=&work_code=3153012064/RC/958486255823707627&msr_no=9696&AttendanceDate=22/03/2026&Digest=UwVedw7umCXgBPrY7fmGZw",7
"BASTI","BAHADURPUR","PRATAPPUR","3153012064/RC/958486255823707646","9698","https://mnregaweb4.nic.in/nregaarch/View_NMMS_atten_date_dtl_rpt.aspx?page=&short_name=UP&state_name=UTTAR%20PRADESH&state_code=31&district_name=BASTI&district_code=3153&block_name=BAHADURPUR&block_code=3153012&panchayat_name=PRATAPPUR&panchayat_code=3153012064&fin_year=2025-2026&source=&work_code=3153012064/RC/958486255823707646&msr_no=9698&AttendanceDate=22/03/2026&Digest=l3Y1G/yA+So44Q1Dz7Ptnw",9
"BASTI","BAHADURPUR","RAKHAUNA","3153012066/LD/958486255824953181","9787","https://mnregaweb4.nic.in/nregaarch/View_NMMS_atten_date_dtl_rpt.aspx?page=&short_name=UP&state_name=UTTAR%20PRADESH&state_code=31&district_name=BASTI&district_code=3153&block_name=BAHADURPUR&block_code=3153012&panchayat_name=RAKHAUNA&panchayat_code=3153012066&fin_year=2025-2026&source=&work_code=3153012066/LD/958486255824953181&msr_no=9787&AttendanceDate=22/03/2026&Digest=1Jc5RlYCd0OPuUY+zlK5Eg",8
"BASTI","BAHADURPUR","SAIFABAD","3153012069/RC/958486255823597406","9679","https://mnregaweb4.nic.in/nregaarch/View_NMMS_atten_date_dtl_rpt.aspx?page=&short_name=UP&state_name=UTTAR%20PRADESH&state_code=31&district_name=BASTI&district_code=3153&block_name=BAHADURPUR&block_code=3153012&panchayat_name=SAIFABAD&panchayat_code=3153012069&fin_year=2025-2026&source=&work_code=3153012069/RC/958486255823597406&msr_no=9679&AttendanceDate=22/03/2026&Digest=zZeHuZvA6TORNShPnKlT8A",6
"BASTI","BAHADURPUR","SAIFABAD","3153012069/RC/958486255823597413","9685","https://mnregaweb4.nic.in/nregaarch/View_NMMS_atten_date_dtl_rpt.aspx?page=&short_name=UP&state_name=UTTAR%20PRADESH&state_code=31&district_name=BASTI&district_code=3153&block_name=BAHADURPUR&block_code=3153012&panchayat_name=SAIFABAD&panchayat_code=3153012069&fin_year=2025-2026&source=&work_code=3153012069/RC/958486255823597413&msr_no=9685&AttendanceDate=22/03/2026&Digest=zXmAGCQuAZei7dqZGHzSPw",1
"BASTI","BAHADURPUR","KAMHARIYA 2","3153012070/AV/958486255824174675","9615","https://mnregaweb4.nic.in/nregaarch/View_NMMS_atten_date_dtl_rpt.aspx?page=&short_name=UP&state_name=UTTAR%20PRADESH&state_code=31&district_name=BASTI&district_code=3153&block_name=BAHADURPUR&block_code=3153012&panchayat_name=KAMHARIYA%202&panchayat_code=3153012070&fin_year=2025-2026&source=&work_code=3153012070/AV/958486255824174675&msr_no=9615&AttendanceDate=22/03/2026&Digest=5sX0nqqVlzJvOMjkP6SifQ",4
"BASTI","BAHADURPUR","SHEKHPURA","3153012078/RC/958486255823677033","9734","https://mnregaweb4.nic.in/nregaarch/View_NMMS_atten_date_dtl_rpt.aspx?page=&short_name=UP&state_name=UTTAR%20PRADESH&state_code=31&district_name=BASTI&district_code=3153&block_name=BAHADURPUR&block_code=3153012&panchayat_name=SHEKHPURA&panchayat_code=3153012078&fin_year=2025-2026&source=&work_code=3153012078/RC/958486255823677033&msr_no=9734&AttendanceDate=22/03/2026&Digest=kO5HrAt57PouYqi7M1LZaQ",5
"BASTI","BAHADURPUR","SHEKHPURA","3153012078/RC/958486255823694361","9740","https://mnregaweb4.nic.in/nregaarch/View_NMMS_atten_date_dtl_rpt.aspx?page=&short_name=UP&state_name=UTTAR%20PRADESH&state_code=31&district_name=BASTI&district_code=3153&block_name=BAHADURPUR&block_code=3153012&panchayat_name=SHEKHPURA&panchayat_code=3153012078&fin_year=2025-2026&source=&work_code=3153012078/RC/958486255823694361&msr_no=9740&AttendanceDate=22/03/2026&Digest=nN1ycTQMXMQG66ywFo8Svg",4
"BASTI","BAHADURPUR","SEMRA URF GALWA","3153012087/WH/958486255824004832","9621","https://mnregaweb4.nic.in/nregaarch/View_NMMS_atten_date_dtl_rpt.aspx?page=&short_name=UP&state_name=UTTAR%20PRADESH&state_code=31&district_name=BASTI&district_code=3153&block_name=BAHADURPUR&block_code=3153012&panchayat_name=SEMRA%20URF%20GALWA&panchayat_code=3153012087&fin_year=2025-2026&source=&work_code=3153012087/WH/958486255824004832&msr_no=9621&AttendanceDate=22/03/2026&Digest=NJeopA4BNetfstwQoA7G3w",9
"BASTI","BAHADURPUR","AMILAHA","3153012092/WH/958486255823998983","9738","https://mnregaweb4.nic.in/nregaarch/View_NMMS_atten_date_dtl_rpt.aspx?page=&short_name=UP&state_name=UTTAR%20PRADESH&state_code=31&district_name=BASTI&district_code=3153&block_name=BAHADURPUR&block_code=3153012&panchayat_name=AMILAHA&panchayat_code=3153012092&fin_year=2025-2026&source=&work_code=3153012092/WH/958486255823998983&msr_no=9738&AttendanceDate=22/03/2026&Digest=GARWY421l/z1jpyFrluRDQ",7
"BASTI","BANKATI","BHAWARA","3153011018/IC/958486255823741528","9343","https://mnregaweb4.nic.in/nregaarch/View_NMMS_atten_date_dtl_rpt.aspx?page=&short_name=UP&state_name=UTTAR%20PRADESH&state_code=31&district_name=BASTI&district_code=3153&block_name=BANKATI&block_code=3153011&panchayat_name=BHAWARA&panchayat_code=3153011018&fin_year=2025-2026&source=&work_code=3153011018/IC/958486255823741528&msr_no=9343&AttendanceDate=22/03/2026&Digest=yl8gCsRtxXW7rLlwrqFzYg",9
"BASTI","BANKATI","DARVA KANCHI","3153011024/RC/958486255823749921","9497","https://mnregaweb4.nic.in/nregaarch/View_NMMS_atten_date_dtl_rpt.aspx?page=&short_name=UP&state_name=UTTAR%20PRADESH&state_code=31&district_name=BASTI&district_code=3153&block_name=BANKATI&block_code=3153011&panchayat_name=DARVA%20KANCHI&panchayat_code=3153011024&fin_year=2025-2026&source=&work_code=3153011024/RC/958486255823749921&msr_no=9497&AttendanceDate=22/03/2026&Digest=j6rnteIhnJWUgu8DLhNitA",4
"BASTI","BANKATI","DEWAMI","3153011027/AV/958486255824164986","9595","https://mnregaweb4.nic.in/nregaarch/View_NMMS_atten_date_dtl_rpt.aspx?page=&short_name=UP&state_name=UTTAR%20PRADESH&state_code=31&district_name=BASTI&district_code=3153&block_name=BANKATI&block_code=3153011&panchayat_name=DEWAMI&panchayat_code=3153011027&fin_year=2025-2026&source=&work_code=3153011027/AV/958486255824164986&msr_no=9595&AttendanceDate=22/03/2026&Digest=47f4Mwh9KX2D7N2maBOLJg",1
"BASTI","BANKATI","DEWAMI","3153011027/FP/958486255823613996","9294","https://mnregaweb4.nic.in/nregaarch/View_NMMS_atten_date_dtl_rpt.aspx?page=&short_name=UP&state_name=UTTAR%20PRADESH&state_code=31&district_name=BASTI&district_code=3153&block_name=BANKATI&block_code=3153011&panchayat_name=DEWAMI&panchayat_code=3153011027&fin_year=2025-2026&source=&work_code=3153011027/FP/958486255823613996&msr_no=9294&AttendanceDate=22/03/2026&Digest=RkbygSFKRp3/KT3SH+k6XQ",6
"BASTI","BANKATI","GANGORI","3153011035/RC/958486255823750665","9586","https://mnregaweb4.nic.in/nregaarch/View_NMMS_atten_date_dtl_rpt.aspx?page=&short_name=UP&state_name=UTTAR%20PRADESH&state_code=31&district_name=BASTI&district_code=3153&block_name=BANKATI&block_code=3153011&panchayat_name=GANGORI&panchayat_code=3153011035&fin_year=2025-2026&source=&work_code=3153011035/RC/958486255823750665&msr_no=9586&AttendanceDate=22/03/2026&Digest=XkSxXWzY2saaMVXYPHjXyA",5
"BASTI","BANKATI","HARRIAYA","3153011040/RC/958486255823736926","9226","https://mnregaweb4.nic.in/nregaarch/View_NMMS_atten_date_dtl_rpt.aspx?page=&short_name=UP&state_name=UTTAR%20PRADESH&state_code=31&district_name=BASTI&district_code=3153&block_name=BANKATI&block_code=3153011&panchayat_name=HARRIAYA&panchayat_code=3153011040&fin_year=2025-2026&source=&work_code=3153011040/RC/958486255823736926&msr_no=9226&AttendanceDate=22/03/2026&Digest=VvhlvdjwCPyV3Nk5wLzl6g",9
"BASTI","BANKATI","KHAMOKHAR","3153011049/FP/958486255823594955","9224","https://mnregaweb4.nic.in/nregaarch/View_NMMS_atten_date_dtl_rpt.aspx?page=&short_name=UP&state_name=UTTAR%20PRADESH&state_code=31&district_name=BASTI&district_code=3153&block_name=BANKATI&block_code=3153011&panchayat_name=KHAMOKHAR&panchayat_code=3153011049&fin_year=2025-2026&source=&work_code=3153011049/FP/958486255823594955&msr_no=9224&AttendanceDate=22/03/2026&Digest=BoKMS/2M8dxKfclvqc8MHw",4
"BASTI","BANKATI","KHAMOKHAR","3153011049/RC/958486255823745109","9569","https://mnregaweb4.nic.in/nregaarch/View_NMMS_atten_date_dtl_rpt.aspx?page=&short_name=UP&state_name=UTTAR%20PRADESH&state_code=31&district_name=BASTI&district_code=3153&block_name=BANKATI&block_code=3153011&panchayat_name=KHAMOKHAR&panchayat_code=3153011049&fin_year=2025-2026&source=&work_code=3153011049/RC/958486255823745109&msr_no=9569&AttendanceDate=22/03/2026&Digest=QPI92x7RxTefAAk6zXWwPg",10
"BASTI","BANKATI","KHARWANIA","3153011054/FP/958486255823613677","9313","https://mnregaweb4.nic.in/nregaarch/View_NMMS_atten_date_dtl_rpt.aspx?page=&short_name=UP&state_name=UTTAR%20PRADESH&state_code=31&district_name=BASTI&district_code=3153&block_name=BANKATI&block_code=3153011&panchayat_name=KHARWANIA&panchayat_code=3153011054&fin_year=2025-2026&source=&work_code=3153011054/FP/958486255823613677&msr_no=9313&AttendanceDate=22/03/2026&Digest=O6ZKgAsDXjAHalYduS5fFQ",10
"BASTI","BANKATI","KHORIA","3153011056/LD/YD/958486255824966387","9306","https://mnregaweb4.nic.in/nregaarch/View_NMMS_atten_date_dtl_rpt.aspx?page=&short_name=UP&state_name=UTTAR%20PRADESH&state_code=31&district_name=BASTI&district_code=3153&block_name=BANKATI&block_code=3153011&panchayat_name=KHORIA&panchayat_code=3153011056&fin_year=2025-2026&source=&work_code=3153011056/LD/YD/958486255824966387&msr_no=9306&AttendanceDate=22/03/2026&Digest=ZCqAC9h3rF5/ekOMLwTNQA",9
"BASTI","BANKATI","KHORIA","3153011056/RC/YD/958486255823681583","9450","https://mnregaweb4.nic.in/nregaarch/View_NMMS_atten_date_dtl_rpt.aspx?page=&short_name=UP&state_name=UTTAR%20PRADESH&state_code=31&district_name=BASTI&district_code=3153&block_name=BANKATI&block_code=3153011&panchayat_name=KHORIA&panchayat_code=3153011056&fin_year=2025-2026&source=&work_code=3153011056/RC/YD/958486255823681583&msr_no=9450&AttendanceDate=22/03/2026&Digest=0ezBCjK2sqt8xHMJx7mxxQ",10
"BASTI","BANKATI","KURIYAR","3153011060/WC/958486255824235444","9357","https://mnregaweb4.nic.in/nregaarch/View_NMMS_atten_date_dtl_rpt.aspx?page=&short_name=UP&state_name=UTTAR%20PRADESH&state_code=31&district_name=BASTI&district_code=3153&block_name=BANKATI&block_code=3153011&panchayat_name=KURIYAR&panchayat_code=3153011060&fin_year=2025-2026&source=&work_code=3153011060/WC/958486255824235444&msr_no=9357&AttendanceDate=22/03/2026&Digest=lLTNyOekhfK8RP1NUTKDJA",8
"BASTI","BANKATI","KURIYAR","3153011060/WC/958486255824235444","9360","https://mnregaweb4.nic.in/nregaarch/View_NMMS_atten_date_dtl_rpt.aspx?page=&short_name=UP&state_name=UTTAR%20PRADESH&state_code=31&district_name=BASTI&district_code=3153&block_name=BANKATI&block_code=3153011&panchayat_name=KURIYAR&panchayat_code=3153011060&fin_year=2025-2026&source=&work_code=3153011060/WC/958486255824235444&msr_no=9360&AttendanceDate=22/03/2026&Digest=xf86347N7JawNop7ZFuIgw",8
"BASTI","BANKATI","MAKDUMPUR","3153011062/IC/958486255823692433","9419","https://mnregaweb4.nic.in/nregaarch/View_NMMS_atten_date_dtl_rpt.aspx?page=&short_name=UP&state_name=UTTAR%20PRADESH&state_code=31&district_name=BASTI&district_code=3153&block_name=BANKATI&block_code=3153011&panchayat_name=MAKDUMPUR&panchayat_code=3153011062&fin_year=2025-2026&source=&work_code=3153011062/IC/958486255823692433&msr_no=9419&AttendanceDate=22/03/2026&Digest=HDbHqltvTpJr9Iy1Q+SPrQ",4
"BASTI","BANKATI","MAKDUMPUR","3153011062/RC/958486255823711022","9528","https://mnregaweb4.nic.in/nregaarch/View_NMMS_atten_date_dtl_rpt.aspx?page=&short_name=UP&state_name=UTTAR%20PRADESH&state_code=31&district_name=BASTI&district_code=3153&block_name=BANKATI&block_code=3153011&panchayat_name=MAKDUMPUR&panchayat_code=3153011062&fin_year=2025-2026&source=&work_code=3153011062/RC/958486255823711022&msr_no=9528&AttendanceDate=22/03/2026&Digest=4bEzkTtTSM5AqgRS0fzNEA",10
"BASTI","BANKATI","MEHRDA","3153011065/RC/958486255823749751","9512","https://mnregaweb4.nic.in/nregaarch/View_NMMS_atten_date_dtl_rpt.aspx?page=&short_name=UP&state_name=UTTAR%20PRADESH&state_code=31&district_name=BASTI&district_code=3153&block_name=BANKATI&block_code=3153011&panchayat_name=MEHRDA&panchayat_code=3153011065&fin_year=2025-2026&source=&work_code=3153011065/RC/958486255823749751&msr_no=9512&AttendanceDate=22/03/2026&Digest=m8LTdSGmuBXcgfCoVJwtbw",6
"BASTI","BANKATI","PARASI","3153011076/IC/958486255823713392","9204","https://mnregaweb4.nic.in/nregaarch/View_NMMS_atten_date_dtl_rpt.aspx?page=&short_name=UP&state_name=UTTAR%20PRADESH&state_code=31&district_name=BASTI&district_code=3153&block_name=BANKATI&block_code=3153011&panchayat_name=PARASI&panchayat_code=3153011076&fin_year=2025-2026&source=&work_code=3153011076/IC/958486255823713392&msr_no=9204&AttendanceDate=22/03/2026&Digest=e6zhYsuhf9hEjFO/GLqDSg",9
"BASTI","BANKATI","PARASI","3153011076/IC/958486255823713395","9213","https://mnregaweb4.nic.in/nregaarch/View_NMMS_atten_date_dtl_rpt.aspx?page=&short_name=UP&state_name=UTTAR%20PRADESH&state_code=31&district_name=BASTI&district_code=3153&block_name=BANKATI&block_code=3153011&panchayat_name=PARASI&panchayat_code=3153011076&fin_year=2025-2026&source=&work_code=3153011076/IC/958486255823713395&msr_no=9213&AttendanceDate=22/03/2026&Digest=VUu59qU1fBlFHeS7CMRYYA",10
"BASTI","BAHADURPUR","BENIPUR","3153012009/RC/958486255823584823","9743","https://mnregaweb4.nic.in/nregaarch/View_NMMS_atten_date_dtl_rpt.aspx?page=&short_name=UP&state_name=UTTAR%20PRADESH&state_code=31&district_name=BASTI&district_code=3153&block_name=BAHADURPUR&block_code=3153012&panchayat_name=BENIPUR&panchayat_code=3153012009&fin_year=2025-2026&source=&work_code=3153012009/RC/958486255823584823&msr_no=9743&AttendanceDate=22/03/2026&Digest=+AZOW7NYHBj9DxXcsdJyPw",6
"BASTI","BAHADURPUR","BENIPUR","3153012010/RC/958486255823665977","9747","https://mnregaweb4.nic.in/nregaarch/View_NMMS_atten_date_dtl_rpt.aspx?page=&short_name=UP&state_name=UTTAR%20PRADESH&state_code=31&district_name=BASTI&district_code=3153&block_name=BAHADURPUR&block_code=3153012&panchayat_name=BENIPUR&panchayat_code=3153012009&fin_year=2025-2026&source=&work_code=3153012010/RC/958486255823665977&msr_no=9747&AttendanceDate=22/03/2026&Digest=kHJIsQisUklxeUHFodvm/g",9
"BASTI","BAHADURPUR","BHERIHA","3153012011/LD/958486255824954107","9708","https://mnregaweb4.nic.in/nregaarch/View_NMMS_atten_date_dtl_rpt.aspx?page=&short_name=UP&state_name=UTTAR%20PRADESH&state_code=31&district_name=BASTI&district_code=3153&block_name=BAHADURPUR&block_code=3153012&panchayat_name=BHERIHA&panchayat_code=3153012011&fin_year=2025-2026&source=&work_code=3153012011/LD/958486255824954107&msr_no=9708&AttendanceDate=22/03/2026&Digest=lq8wkn+7PnirVZiXRvayOA",10
"BASTI","BAHADURPUR","SONBARSA","3153012014/LD/958486255824933208","9641","https://mnregaweb4.nic.in/nregaarch/View_NMMS_atten_date_dtl_rpt.aspx?page=&short_name=UP&state_name=UTTAR%20PRADESH&state_code=31&district_name=BASTI&district_code=3153&block_name=BAHADURPUR&block_code=3153012&panchayat_name=SONBARSA&panchayat_code=3153012014&fin_year=2025-2026&source=&work_code=3153012014/LD/958486255824933208&msr_no=9641&AttendanceDate=22/03/2026&Digest=2TAyzcm2oAqbWSxCgpT9ug",5
"BASTI","BAHADURPUR","DEV DEEHA","3153012019/LD/958486255824951552","9702","https://mnregaweb4.nic.in/nregaarch/View_NMMS_atten_date_dtl_rpt.aspx?page=&short_name=UP&state_name=UTTAR%20PRADESH&state_code=31&district_name=BASTI&district_code=3153&block_name=BAHADURPUR&block_code=3153012&panchayat_name=DEV%20DEEHA&panchayat_code=3153012019&fin_year=2025-2026&source=&work_code=3153012019/LD/958486255824951552&msr_no=9702&AttendanceDate=22/03/2026&Digest=Y7U5qd0VcPqsrTGQtdG5KA",9
"BASTI","BAHADURPUR","DEV DEEHA","3153012019/RC/958486255823667988","9805","https://mnregaweb4.nic.in/nregaarch/View_NMMS_atten_date_dtl_rpt.aspx?page=&short_name=UP&state_name=UTTAR%20PRADESH&state_code=31&district_name=BASTI&district_code=3153&block_name=BAHADURPUR&block_code=3153012&panchayat_name=DEV%20DEEHA&panchayat_code=3153012019&fin_year=2025-2026&source=&work_code=3153012019/RC/958486255823667988&msr_no=9805&AttendanceDate=22/03/2026&Digest=utRA5YVX/nNYDdPI0Ee6gg",7
"BASTI","BAHADURPUR","JALALPUR","3153012026/RC/958486255823695170","9706","https://mnregaweb4.nic.in/nregaarch/View_NMMS_atten_date_dtl_rpt.aspx?page=&short_name=UP&state_name=UTTAR%20PRADESH&state_code=31&district_name=BASTI&district_code=3153&block_name=BAHADURPUR&block_code=3153012&panchayat_name=JALALPUR&panchayat_code=3153012026&fin_year=2025-2026&source=&work_code=3153012026/RC/958486255823695170&msr_no=9706&AttendanceDate=22/03/2026&Digest=JuxS3JO1DgMV/13mUBQmug",10
"BASTI","BAHADURPUR","KALWARI MUSTAKHAM","3153012030/RC/958486255823689961","9769","https://mnregaweb4.nic.in/nregaarch/View_NMMS_atten_date_dtl_rpt.aspx?page=&short_name=UP&state_name=UTTAR%20PRADESH&state_code=31&district_name=BASTI&district_code=3153&block_name=BAHADURPUR&block_code=3153012&panchayat_name=KALWARI%20MUSTAKHAM&panchayat_code=3153012030&fin_year=2025-2026&source=&work_code=3153012030/RC/958486255823689961&msr_no=9769&AttendanceDate=22/03/2026&Digest=1jBWT/XSxYK73J3haAk2jw",8
"BASTI","BAHADURPUR","KANHAULI","3153012033/LD/958486255824834898","9711","https://mnregaweb4.nic.in/nregaarch/View_NMMS_atten_date_dtl_rpt.aspx?page=&short_name=UP&state_name=UTTAR%20PRADESH&state_code=31&district_name=BASTI&district_code=3153&block_name=BAHADURPUR&block_code=3153012&panchayat_name=KANHAULI&panchayat_code=3153012033&fin_year=2025-2026&source=&work_code=3153012033/LD/958486255824834898&msr_no=9711&AttendanceDate=22/03/2026&Digest=ArR6bbX53XCWf+P4KGb85w",10
"BASTI","BAHADURPUR","KANHAULI","3153012033/LD/958486255824834898","9714","https://mnregaweb4.nic.in/nregaarch/View_NMMS_atten_date_dtl_rpt.aspx?page=&short_name=UP&state_name=UTTAR%20PRADESH&state_code=31&district_name=BASTI&district_code=3153&block_name=BAHADURPUR&block_code=3153012&panchayat_name=KANHAULI&panchayat_code=3153012033&fin_year=2025-2026&source=&work_code=3153012033/LD/958486255824834898&msr_no=9714&AttendanceDate=22/03/2026&Digest=C4RiRf7TU1rwXgTNF/r7JA",9
"BASTI","BAHADURPUR","KODAR","3153012039/RC/958486255823683517","9609","https://mnregaweb4.nic.in/nregaarch/View_NMMS_atten_date_dtl_rpt.aspx?page=&short_name=UP&state_name=UTTAR%20PRADESH&state_code=31&district_name=BASTI&district_code=3153&block_name=BAHADURPUR&block_code=3153012&panchayat_name=KODAR&panchayat_code=3153012039&fin_year=2025-2026&source=&work_code=3153012039/RC/958486255823683517&msr_no=9609&AttendanceDate=22/03/2026&Digest=hLGnM5cKVQlISoLqP5Ho8A",10
"BASTI","BAHADURPUR","KODAR","3153012039/RC/958486255823683519","9631","https://mnregaweb4.nic.in/nregaarch/View_NMMS_atten_date_dtl_rpt.aspx?page=&short_name=UP&state_name=UTTAR%20PRADESH&state_code=31&district_name=BASTI&district_code=3153&block_name=BAHADURPUR&block_code=3153012&panchayat_name=KODAR&panchayat_code=3153012039&fin_year=2025-2026&source=&work_code=3153012039/RC/958486255823683519&msr_no=9631&AttendanceDate=22/03/2026&Digest=6jNXDibh7m9ATCqcjqJv8Q",7
"BASTI","BAHADURPUR","MATERA","3153012049/AV/958486255824150220","9781","https://mnregaweb4.nic.in/nregaarch/View_NMMS_atten_date_dtl_rpt.aspx?page=&short_name=UP&state_name=UTTAR%20PRADESH&state_code=31&district_name=BASTI&district_code=3153&block_name=BAHADURPUR&block_code=3153012&panchayat_name=MATERA&panchayat_code=3153012049&fin_year=2025-2026&source=&work_code=3153012049/AV/958486255824150220&msr_no=9781&AttendanceDate=22/03/2026&Digest=Yz/hsWGa2YXDPTPYElF4vA",2
"BASTI","BAHADURPUR","NRAYANPUR","3153012056/RC/958486255823733814","9867","https://mnregaweb4.nic.in/nregaarch/View_NMMS_atten_date_dtl_rpt.aspx?page=&short_name=UP&state_name=UTTAR%20PRADESH&state_code=31&district_name=BASTI&district_code=3153&block_name=BAHADURPUR&block_code=3153012&panchayat_name=NRAYANPUR&panchayat_code=3153012056&fin_year=2025-2026&source=&work_code=3153012056/RC/958486255823733814&msr_no=9867&AttendanceDate=22/03/2026&Digest=uWMSd5kVqWVlV0XY4kKfEg",9
"BASTI","BAHADURPUR","PAALHA","3153012057/LD/958486255825007535","9677","https://mnregaweb4.nic.in/nregaarch/View_NMMS_atten_date_dtl_rpt.aspx?page=&short_name=UP&state_name=UTTAR%20PRADESH&state_code=31&district_name=BASTI&district_code=3153&block_name=BAHADURPUR&block_code=3153012&panchayat_name=PAALHA&panchayat_code=3153012057&fin_year=2025-2026&source=&work_code=3153012057/LD/958486255825007535&msr_no=9677&AttendanceDate=22/03/2026&Digest=tTydnRVQflhslQ6p1Qlyng",7
"BASTI","BAHADURPUR","PRATAPPUR","3153012064/RC/958486255823589091","9694","https://mnregaweb4.nic.in/nregaarch/View_NMMS_atten_date_dtl_rpt.aspx?page=&short_name=UP&state_name=UTTAR%20PRADESH&state_code=31&district_name=BASTI&district_code=3153&block_name=BAHADURPUR&block_code=3153012&panchayat_name=PRATAPPUR&panchayat_code=3153012064&fin_year=2025-2026&source=&work_code=3153012064/RC/958486255823589091&msr_no=9694&AttendanceDate=22/03/2026&Digest=OWrXC1j9Wh2Wi7Yz1KnIcA",6
"BASTI","BAHADURPUR","SAIFABAD","3153012069/RC/958486255823597406","9680","https://mnregaweb4.nic.in/nregaarch/View_NMMS_atten_date_dtl_rpt.aspx?page=&short_name=UP&state_name=UTTAR%20PRADESH&state_code=31&district_name=BASTI&district_code=3153&block_name=BAHADURPUR&block_code=3153012&panchayat_name=SAIFABAD&panchayat_code=3153012069&fin_year=2025-2026&source=&work_code=3153012069/RC/958486255823597406&msr_no=9680&AttendanceDate=22/03/2026&Digest=1zkz+I1Kz8ezNfG2lm+96Q",4
"BASTI","BAHADURPUR","SHEKHPURA","3153012078/RC/958486255823694348","9741","https://mnregaweb4.nic.in/nregaarch/View_NMMS_atten_date_dtl_rpt.aspx?page=&short_name=UP&state_name=UTTAR%20PRADESH&state_code=31&district_name=BASTI&district_code=3153&block_name=BAHADURPUR&block_code=3153012&panchayat_name=SHEKHPURA&panchayat_code=3153012078&fin_year=2025-2026&source=&work_code=3153012078/RC/958486255823694348&msr_no=9741&AttendanceDate=22/03/2026&Digest=8GPqDu6F7l4ZmuvoRzCuhA",3
"BASTI","BAHADURPUR","SEMRA URF GALWA","3153012087/WH/958486255824004832","9620","https://mnregaweb4.nic.in/nregaarch/View_NMMS_atten_date_dtl_rpt.aspx?page=&short_name=UP&state_name=UTTAR%20PRADESH&state_code=31&district_name=BASTI&district_code=3153&block_name=BAHADURPUR&block_code=3153012&panchayat_name=SEMRA%20URF%20GALWA&panchayat_code=3153012087&fin_year=2025-2026&source=&work_code=3153012087/WH/958486255824004832&msr_no=9620&AttendanceDate=22/03/2026&Digest=xKciMjgAg078Q4oV/153uA",8
"BASTI","BAHADURPUR","AMILAHA","3153012092/WH/958486255823998983","9739","https://mnregaweb4.nic.in/nregaarch/View_NMMS_atten_date_dtl_rpt.aspx?page=&short_name=UP&state_name=UTTAR%20PRADESH&state_code=31&district_name=BASTI&district_code=3153&block_name=BAHADURPUR&block_code=3153012&panchayat_name=AMILAHA&panchayat_code=3153012092&fin_year=2025-2026&source=&work_code=3153012092/WH/958486255823998983&msr_no=9739&AttendanceDate=22/03/2026&Digest=zA99MvNCe6aWGuMAexl5+g",7
"BASTI","BANKATI","AHIRAULI","3153011001/IC/958486255823742631","9263","https://mnregaweb4.nic.in/nregaarch/View_NMMS_atten_date_dtl_rpt.aspx?page=&short_name=UP&state_name=UTTAR%20PRADESH&state_code=31&district_name=BASTI&district_code=3153&block_name=BANKATI&block_code=3153011&panchayat_name=AHIRAULI&panchayat_code=3153011001&fin_year=2025-2026&source=&work_code=3153011001/IC/958486255823742631&msr_no=9263&AttendanceDate=22/03/2026&Digest=kBj8eJkFaf1pNF+2XNmq1A",10
"BASTI","BANKATI","AHIRAULI","3153011001/LD/958486255824752580","9267","https://mnregaweb4.nic.in/nregaarch/View_NMMS_atten_date_dtl_rpt.aspx?page=&short_name=UP&state_name=UTTAR%20PRADESH&state_code=31&district_name=BASTI&district_code=3153&block_name=BANKATI&block_code=3153011&panchayat_name=AHIRAULI&panchayat_code=3153011001&fin_year=2025-2026&source=&work_code=3153011001/LD/958486255824752580&msr_no=9267&AttendanceDate=22/03/2026&Digest=Mruiwtn4CEMH1w9iJSTrCQ",10
"BASTI","BANKATI","AHIRAULI","3153011001/LD/958486255824929272","9466","https://mnregaweb4.nic.in/nregaarch/View_NMMS_atten_date_dtl_rpt.aspx?page=&short_name=UP&state_name=UTTAR%20PRADESH&state_code=31&district_name=BASTI&district_code=3153&block_name=BANKATI&block_code=3153011&panchayat_name=AHIRAULI&panchayat_code=3153011001&fin_year=2025-2026&source=&work_code=3153011001/LD/958486255824929272&msr_no=9466&AttendanceDate=22/03/2026&Digest=z74KliovfBj/YnDYlw12Xw",10
"BASTI","BANKATI","DARVA KANCHI","3153011024/RC/958486255823749921","9498","https://mnregaweb4.nic.in/nregaarch/View_NMMS_atten_date_dtl_rpt.aspx?page=&short_name=UP&state_name=UTTAR%20PRADESH&state_code=31&district_name=BASTI&district_code=3153&block_name=BANKATI&block_code=3153011&panchayat_name=DARVA%20KANCHI&panchayat_code=3153011024&fin_year=2025-2026&source=&work_code=3153011024/RC/958486255823749921&msr_no=9498&AttendanceDate=22/03/2026&Digest=4/JFsuVrVkdGL8itlPooeA",1
"BASTI","BANKATI","DELHA PAAR","3153011026/FP/958486255823611611","9202","https://mnregaweb4.nic.in/nregaarch/View_NMMS_atten_date_dtl_rpt.aspx?page=&short_name=UP&state_name=UTTAR%20PRADESH&state_code=31&district_name=BASTI&district_code=3153&block_name=BANKATI&block_code=3153011&panchayat_name=DELHA%20PAAR&panchayat_code=3153011026&fin_year=2025-2026&source=&work_code=3153011026/FP/958486255823611611&msr_no=9202&AttendanceDate=22/03/2026&Digest=mlY6/UWfYAMvluOKepuMAA",8
"BASTI","BANKATI","DEWAMI","3153011027/AV/958486255824164986","9593","https://mnregaweb4.nic.in/nregaarch/View_NMMS_atten_date_dtl_rpt.aspx?page=&short_name=UP&state_name=UTTAR%20PRADESH&state_code=31&district_name=BASTI&district_code=3153&block_name=BANKATI&block_code=3153011&panchayat_name=DEWAMI&panchayat_code=3153011027&fin_year=2025-2026&source=&work_code=3153011027/AV/958486255824164986&msr_no=9593&AttendanceDate=22/03/2026&Digest=fzp7f7E9fbWXkn9G7Pam1g",3
"BASTI","BANKATI","DEWAMI","3153011027/AV/958486255824164986","9596","https://mnregaweb4.nic.in/nregaarch/View_NMMS_atten_date_dtl_rpt.aspx?page=&short_name=UP&state_name=UTTAR%20PRADESH&state_code=31&district_name=BASTI&district_code=3153&block_name=BANKATI&block_code=3153011&panchayat_name=DEWAMI&panchayat_code=3153011027&fin_year=2025-2026&source=&work_code=3153011027/AV/958486255824164986&msr_no=9596&AttendanceDate=22/03/2026&Digest=NrovyNVPH4VyCuxjX+scUA",1
"BASTI","BANKATI","DEWAMI","3153011027/FP/958486255823613996","9293","https://mnregaweb4.nic.in/nregaarch/View_NMMS_atten_date_dtl_rpt.aspx?page=&short_name=UP&state_name=UTTAR%20PRADESH&state_code=31&district_name=BASTI&district_code=3153&block_name=BANKATI&block_code=3153011&panchayat_name=DEWAMI&panchayat_code=3153011027&fin_year=2025-2026&source=&work_code=3153011027/FP/958486255823613996&msr_no=9293&AttendanceDate=22/03/2026&Digest=f1XC1R/9KJbiKUnnPnf8xA",6
"BASTI","BANKATI","HARRIAYA","3153011040/RC/958486255823736926","9225","https://mnregaweb4.nic.in/nregaarch/View_NMMS_atten_date_dtl_rpt.aspx?page=&short_name=UP&state_name=UTTAR%20PRADESH&state_code=31&district_name=BASTI&district_code=3153&block_name=BANKATI&block_code=3153011&panchayat_name=HARRIAYA&panchayat_code=3153011040&fin_year=2025-2026&source=&work_code=3153011040/RC/958486255823736926&msr_no=9225&AttendanceDate=22/03/2026&Digest=WPPj082PheNcsuvbsegpcA",9
"BASTI","BANKATI","HARRIAYA","3153011040/RC/958486255823736926","9228","https://mnregaweb4.nic.in/nregaarch/View_NMMS_atten_date_dtl_rpt.aspx?page=&short_name=UP&state_name=UTTAR%20PRADESH&state_code=31&district_name=BASTI&district_code=3153&block_name=BANKATI&block_code=3153011&panchayat_name=HARRIAYA&panchayat_code=3153011040&fin_year=2025-2026&source=&work_code=3153011040/RC/958486255823736926&msr_no=9228&AttendanceDate=22/03/2026&Digest=yk0nV6PHEQ71fk/Arys4VQ",2
"BASTI","BANKATI","KABARA","3153011044/LD/958486255824938257","9291","https://mnregaweb4.nic.in/nregaarch/View_NMMS_atten_date_dtl_rpt.aspx?page=&short_name=UP&state_name=UTTAR%20PRADESH&state_code=31&district_name=BASTI&district_code=3153&block_name=BANKATI&block_code=3153011&panchayat_name=KABARA&panchayat_code=3153011044&fin_year=2025-2026&source=&work_code=3153011044/LD/958486255824938257&msr_no=9291&AttendanceDate=22/03/2026&Digest=yTtSEanWxNpuyEnGndN8Nw",2
"BASTI","BANKATI","KHARATI","3153011050/AV/958486255824182731","9216","https://mnregaweb4.nic.in/nregaarch/View_NMMS_atten_date_dtl_rpt.aspx?page=&short_name=UP&state_name=UTTAR%20PRADESH&state_code=31&district_name=BASTI&district_code=3153&block_name=BANKATI&block_code=3153011&panchayat_name=KHARATI&panchayat_code=3153011050&fin_year=2025-2026&source=&work_code=3153011050/AV/958486255824182731&msr_no=9216&AttendanceDate=22/03/2026&Digest=nSIfmjjbl9w1IrxZlzN5jA",4
"BASTI","BANKATI","KHARHAURA(CHHVILAHA)","3153011051/WC/958486255824167025","9250","https://mnregaweb4.nic.in/nregaarch/View_NMMS_atten_date_dtl_rpt.aspx?page=&short_name=UP&state_name=UTTAR%20PRADESH&state_code=31&district_name=BASTI&district_code=3153&block_name=BANKATI&block_code=3153011&panchayat_name=KHARHAURA(CHHVILAHA)&panchayat_code=3153011051&fin_year=2025-2026&source=&work_code=3153011051/WC/958486255824167025&msr_no=9250&AttendanceDate=22/03/2026&Digest=dkQxgjWbQww5J1IGSVa4Mw",9
"BASTI","BANKATI","KHAROHA","3153011053/RC/958486255823653981","9599","https://mnregaweb4.nic.in/nregaarch/View_NMMS_atten_date_dtl_rpt.aspx?page=&short_name=UP&state_name=UTTAR%20PRADESH&state_code=31&district_name=BASTI&district_code=3153&block_name=BANKATI&block_code=3153011&panchayat_name=KHAROHA&panchayat_code=3153011053&fin_year=2025-2026&source=&work_code=3153011053/RC/958486255823653981&msr_no=9599&AttendanceDate=22/03/2026&Digest=4GXJKbnd3FuTPUlJBu8Tjw",10
"BASTI","BANKATI","KHORIA","3153011056/LD/YD/958486255824966387","9307","https://mnregaweb4.nic.in/nregaarch/View_NMMS_atten_date_dtl_rpt.aspx?page=&short_name=UP&state_name=UTTAR%20PRADESH&state_code=31&district_name=BASTI&district_code=3153&block_name=BANKATI&block_code=3153011&panchayat_name=KHORIA&panchayat_code=3153011056&fin_year=2025-2026&source=&work_code=3153011056/LD/YD/958486255824966387&msr_no=9307&AttendanceDate=22/03/2026&Digest=wCRSMF0/HP+XcwExllBvrA",7
"BASTI","BANKATI","KHORIA","3153011056/LD/YD/958486255824966411","9237","https://mnregaweb4.nic.in/nregaarch/View_NMMS_atten_date_dtl_rpt.aspx?page=&short_name=UP&state_name=UTTAR%20PRADESH&state_code=31&district_name=BASTI&district_code=3153&block_name=BANKATI&block_code=3153011&panchayat_name=KHORIA&panchayat_code=3153011056&fin_year=2025-2026&source=&work_code=3153011056/LD/YD/958486255824966411&msr_no=9237&AttendanceDate=22/03/2026&Digest=gQzFZDfQcuuUDw+ooFS6Vw",9
"BASTI","BANKATI","KHORIA","3153011056/RC/YD/958486255823681583","9451","https://mnregaweb4.nic.in/nregaarch/View_NMMS_atten_date_dtl_rpt.aspx?page=&short_name=UP&state_name=UTTAR%20PRADESH&state_code=31&district_name=BASTI&district_code=3153&block_name=BANKATI&block_code=3153011&panchayat_name=KHORIA&panchayat_code=3153011056&fin_year=2025-2026&source=&work_code=3153011056/RC/YD/958486255823681583&msr_no=9451&AttendanceDate=22/03/2026&Digest=7xzk4PC2BLrtD6wZYny66g",9
"BASTI","BANKATI","KURIYAR","3153011060/IC/958486255823712455","9363","https://mnregaweb4.nic.in/nregaarch/View_NMMS_atten_date_dtl_rpt.aspx?page=&short_name=UP&state_name=UTTAR%20PRADESH&state_code=31&district_name=BASTI&district_code=3153&block_name=BANKATI&block_code=3153011&panchayat_name=KURIYAR&panchayat_code=3153011060&fin_year=2025-2026&source=&work_code=3153011060/IC/958486255823712455&msr_no=9363&AttendanceDate=22/03/2026&Digest=0TmUAh6mZfWmNvMNavIH2g",9
"BASTI","BANKATI","KURIYAR","3153011060/WC/958486255824235444","9359","https://mnregaweb4.nic.in/nregaarch/View_NMMS_atten_date_dtl_rpt.aspx?page=&short_name=UP&state_name=UTTAR%20PRADESH&state_code=31&district_name=BASTI&district_code=3153&block_name=BANKATI&block_code=3153011&panchayat_name=KURIYAR&panchayat_code=3153011060&fin_year=2025-2026&source=&work_code=3153011060/WC/958486255824235444&msr_no=9359&AttendanceDate=22/03/2026&Digest=GFiQ1kWNEJpdKN2N+GYoMg",9
"BASTI","BANKATI","MAKDUMPUR","3153011062/RC/958486255823711022","9529","https://mnregaweb4.nic.in/nregaarch/View_NMMS_atten_date_dtl_rpt.aspx?page=&short_name=UP&state_name=UTTAR%20PRADESH&state_code=31&district_name=BASTI&district_code=3153&block_name=BANKATI&block_code=3153011&panchayat_name=MAKDUMPUR&panchayat_code=3153011062&fin_year=2025-2026&source=&work_code=3153011062/RC/958486255823711022&msr_no=9529&AttendanceDate=22/03/2026&Digest=sgRMN9RyQxh+PU6YtWXmXQ",5
"BASTI","BANKATI","MANIKAURAN KALA","3153011095/RC/958486255823744045","9518","https://mnregaweb4.nic.in/nregaarch/View_NMMS_atten_date_dtl_rpt.aspx?page=&short_name=UP&state_name=UTTAR%20PRADESH&state_code=31&district_name=BASTI&district_code=3153&block_name=BANKATI&block_code=3153011&panchayat_name=MANIKAURAN%20KALA&panchayat_code=3153011095&fin_year=2025-2026&source=&work_code=3153011095/RC/958486255823744045&msr_no=9518&AttendanceDate=22/03/2026&Digest=44eHBeT4L8LofUZK/mKJyg",9
"BASTI","BANKATI","SISWA PANDEY","3153011101/RC/958486255823732562","9427","https://mnregaweb4.nic.in/nregaarch/View_NMMS_atten_date_dtl_rpt.aspx?page=&short_name=UP&state_name=UTTAR%20PRADESH&state_code=31&district_name=BASTI&district_code=3153&block_name=BANKATI&block_code=3153011&panchayat_name=SISWA%20PANDEY&panchayat_code=3153011101&fin_year=2025-2026&source=&work_code=3153011101/RC/958486255823732562&msr_no=9427&AttendanceDate=22/03/2026&Digest=aGlWkZfi47sPLPLwnrEUrA",9
"BASTI","BANKATI","DUBAULI KHURD","3153011109/RC/958486255823749300","9394","https://mnregaweb4.nic.in/nregaarch/View_NMMS_atten_date_dtl_rpt.aspx?page=&short_name=UP&state_name=UTTAR%20PRADESH&state_code=31&district_name=BASTI&district_code=3153&block_name=BANKATI&block_code=3153011&panchayat_name=DUBAULI%20KHURD&panchayat_code=3153011109&fin_year=2025-2026&source=&work_code=3153011109/RC/958486255823749300&msr_no=9394&AttendanceDate=22/03/2026&Digest=g0T2bAdbCgOsfd6JFjoF5w",5
"BASTI","BANKATI","DUBAULI KHURD","3153011109/RC/958486255823749300","9397","https://mnregaweb4.nic.in/nregaarch/View_NMMS_atten_date_dtl_rpt.aspx?page=&short_name=UP&state_name=UTTAR%20PRADESH&state_code=31&district_name=BASTI&district_code=3153&block_name=BANKATI&block_code=3153011&panchayat_name=DUBAULI%20KHURD&panchayat_code=3153011109&fin_year=2025-2026&source=&work_code=3153011109/RC/958486255823749300&msr_no=9397&AttendanceDate=22/03/2026&Digest=7JHq5N63WsIFPRkr+gsTlA",5
"BASTI","BASTI","AVASHTAIPUR","3153010001/AV/958486255824150950","4345","https://mnregaweb4.nic.in/nregaarch/View_NMMS_atten_date_dtl_rpt.aspx?page=&short_name=UP&state_name=UTTAR%20PRADESH&state_code=31&district_name=BASTI&district_code=3153&block_name=BASTI&block_code=3153010&panchayat_name=AVASHTAIPUR&panchayat_code=3153010001&fin_year=2025-2026&source=&work_code=3153010001/AV/958486255824150950&msr_no=4345&AttendanceDate=22/03/2026&Digest=8qo83JNAZiGCn3tKqX7bOw",9
"BASTI","BASTI","JAKHANI","3153010042/RC/958486255823747486","4372","https://mnregaweb4.nic.in/nregaarch/View_NMMS_atten_date_dtl_rpt.aspx?page=&short_name=UP&state_name=UTTAR%20PRADESH&state_code=31&district_name=BASTI&district_code=3153&block_name=BASTI&block_code=3153010&panchayat_name=JAKHANI&panchayat_code=3153010042&fin_year=2025-2026&source=&work_code=3153010042/RC/958486255823747486&msr_no=4372&AttendanceDate=22/03/2026&Digest=OT2lZYH8k1jsOxFPdtCDiA",5
"BASTI","BASTI","ORAI","3153010065/WC/958486255824160997","4411","https://mnregaweb4.nic.in/nregaarch/View_NMMS_atten_date_dtl_rpt.aspx?page=&short_name=UP&state_name=UTTAR%20PRADESH&state_code=31&district_name=BASTI&district_code=3153&block_name=BASTI&block_code=3153010&panchayat_name=ORAI&panchayat_code=3153010065&fin_year=2025-2026&source=&work_code=3153010065/WC/958486255824160997&msr_no=4411&AttendanceDate=22/03/2026&Digest=KH2Us7wJsHj6IikkZDvvCg",9
"BASTI","BASTI","RAI PURA JUNGEL","3153010069/AV/958486255824176808","4389","https://mnregaweb4.nic.in/nregaarch/View_NMMS_atten_date_dtl_rpt.aspx?page=&short_name=UP&state_name=UTTAR%20PRADESH&state_code=31&district_name=BASTI&district_code=3153&block_name=BASTI&block_code=3153010&panchayat_name=RAI%20PURA%20JUNGEL&panchayat_code=3153010069&fin_year=2025-2026&source=&work_code=3153010069/AV/958486255824176808&msr_no=4389&AttendanceDate=22/03/2026&Digest=MKyZF+CVnExh8B9ruwxSrw",3
"BASTI","BASTI","SAHUPAR","3153010075/RC/958486255823701271","4383","https://mnregaweb4.nic.in/nregaarch/View_NMMS_atten_date_dtl_rpt.aspx?page=&short_name=UP&state_name=UTTAR%20PRADESH&state_code=31&district_name=BASTI&district_code=3153&block_name=BASTI&block_code=3153010&panchayat_name=SAHUPAR&panchayat_code=3153010075&fin_year=2025-2026&source=&work_code=3153010075/RC/958486255823701271&msr_no=4383&AttendanceDate=22/03/2026&Digest=veo68oerwd5oIWj89yfw5Q",3
"BASTI","BASTI","KARIYAPAR RAUT","3153010089/RC/958486255823734022","4339","https://mnregaweb4.nic.in/nregaarch/View_NMMS_atten_date_dtl_rpt.aspx?page=&short_name=UP&state_name=UTTAR%20PRADESH&state_code=31&district_name=BASTI&district_code=3153&block_name=BASTI&block_code=3153010&panchayat_name=KARIYAPAR%20RAUT&panchayat_code=3153010089&fin_year=2025-2026&source=&work_code=3153010089/RC/958486255823734022&msr_no=4339&AttendanceDate=22/03/2026&Digest=dO7o+jQ2TGGWAZcg2UZKtQ",4
"BASTI","DUBAULIYA","ASHOK PUR","3153014003/RC/958486255823554950","4346","https://mnregaweb4.nic.in/nregaarch/View_NMMS_atten_date_dtl_rpt.aspx?page=&short_name=UP&state_name=UTTAR%20PRADESH&state_code=31&district_name=BASTI&district_code=3153&block_name=DUBAULIYA&block_code=3153014&panchayat_name=ASHOK%20PUR&panchayat_code=3153014003&fin_year=2025-2026&source=&work_code=3153014003/RC/958486255823554950&msr_no=4346&AttendanceDate=22/03/2026&Digest=5uYGE1/JxZytT3HcJoHPkA",1
"BASTI","DUBAULIYA","CHILMAPARSAN","3153014004/LD/958486255824919567","4126","https://mnregaweb4.nic.in/nregaarch/View_NMMS_atten_date_dtl_rpt.aspx?page=&short_name=UP&state_name=UTTAR%20PRADESH&state_code=31&district_name=BASTI&district_code=3153&block_name=DUBAULIYA&block_code=3153014&panchayat_name=CHILMAPARSAN&panchayat_code=3153014004&fin_year=2025-2026&source=&work_code=3153014004/LD/958486255824919567&msr_no=4126&AttendanceDate=22/03/2026&Digest=aplmhuDNN6argHn5usFMjg",7
"BASTI","DUBAULIYA","DEWRAGANGWAR","3153014015/LD/958486255825001480","4188","https://mnregaweb4.nic.in/nregaarch/View_NMMS_atten_date_dtl_rpt.aspx?page=&short_name=UP&state_name=UTTAR%20PRADESH&state_code=31&district_name=BASTI&district_code=3153&block_name=DUBAULIYA&block_code=3153014&panchayat_name=DEWRAGANGWAR&panchayat_code=3153014015&fin_year=2025-2026&source=&work_code=3153014015/LD/958486255825001480&msr_no=4188&AttendanceDate=22/03/2026&Digest=Liv52XE4+Edw/OImpjEg1Q",2
"BASTI","DUBAULIYA","DEWRAGANGWAR","3153014015/LD/958486255825001483","4189","https://mnregaweb4.nic.in/nregaarch/View_NMMS_atten_date_dtl_rpt.aspx?page=&short_name=UP&state_name=UTTAR%20PRADESH&state_code=31&district_name=BASTI&district_code=3153&block_name=DUBAULIYA&block_code=3153014&panchayat_name=DEWRAGANGWAR&panchayat_code=3153014015&fin_year=2025-2026&source=&work_code=3153014015/LD/958486255825001483&msr_no=4189&AttendanceDate=22/03/2026&Digest=HOxJM2ZydLjQKnpLKI5k2w",10
"BASTI","DUBAULIYA","PAYAK PUR","3153014025/RC/958486255823750947","4298","https://mnregaweb4.nic.in/nregaarch/View_NMMS_atten_date_dtl_rpt.aspx?page=&short_name=UP&state_name=UTTAR%20PRADESH&state_code=31&district_name=BASTI&district_code=3153&block_name=DUBAULIYA&block_code=3153014&panchayat_name=PAYAK%20PUR&panchayat_code=3153014025&fin_year=2025-2026&source=&work_code=3153014025/RC/958486255823750947&msr_no=4298&AttendanceDate=22/03/2026&Digest=JX2JJm5zoQYvKVaWXFt9wg",9
"BASTI","DUBAULIYA","BHIURA","3153014026/RC/958486255823732619","4340","https://mnregaweb4.nic.in/nregaarch/View_NMMS_atten_date_dtl_rpt.aspx?page=&short_name=UP&state_name=UTTAR%20PRADESH&state_code=31&district_name=BASTI&district_code=3153&block_name=DUBAULIYA&block_code=3153014&panchayat_name=BHIURA&panchayat_code=3153014026&fin_year=2025-2026&source=&work_code=3153014026/RC/958486255823732619&msr_no=4340&AttendanceDate=22/03/2026&Digest=VKdAuQU4JrsgHqvqZn3hDg",1
"BASTI","DUBAULIYA","DUBAULIYA","3153014029/RC/958486255823737184","4136","https://mnregaweb4.nic.in/nregaarch/View_NMMS_atten_date_dtl_rpt.aspx?page=&short_name=UP&state_name=UTTAR%20PRADESH&state_code=31&district_name=BASTI&district_code=3153&block_name=DUBAULIYA&block_code=3153014&panchayat_name=DUBAULIYA&panchayat_code=3153014029&fin_year=2025-2026&source=&work_code=3153014029/RC/958486255823737184&msr_no=4136&AttendanceDate=22/03/2026&Digest=pnZfqD9KAONDGuRIvmSxJw",2
"BASTI","DUBAULIYA","LAXMANPUR","3153014030/LD/958486255824889814","4251","https://mnregaweb4.nic.in/nregaarch/View_NMMS_atten_date_dtl_rpt.aspx?page=&short_name=UP&state_name=UTTAR%20PRADESH&state_code=31&district_name=BASTI&district_code=3153&block_name=DUBAULIYA&block_code=3153014&panchayat_name=LAXMANPUR&panchayat_code=3153014030&fin_year=2025-2026&source=&work_code=3153014030/LD/958486255824889814&msr_no=4251&AttendanceDate=22/03/2026&Digest=bfjeOxNpxOr99EoDdWi2GQ",10
"BASTI","DUBAULIYA","BHAKRAHI","3153014035/RC/958486255823750365","4162","https://mnregaweb4.nic.in/nregaarch/View_NMMS_atten_date_dtl_rpt.aspx?page=&short_name=UP&state_name=UTTAR%20PRADESH&state_code=31&district_name=BASTI&district_code=3153&block_name=DUBAULIYA&block_code=3153014&panchayat_name=BHAKRAHI&panchayat_code=3153014035&fin_year=2025-2026&source=&work_code=3153014035/RC/958486255823750365&msr_no=4162&AttendanceDate=22/03/2026&Digest=YSYkLW39ZfSX8dIXjHWyvQ",4
"BASTI","DUBAULIYA","TIGHRA","3153014041/RC/958486255823694419","4290","https://mnregaweb4.nic.in/nregaarch/View_NMMS_atten_date_dtl_rpt.aspx?page=&short_name=UP&state_name=UTTAR%20PRADESH&state_code=31&district_name=BASTI&district_code=3153&block_name=DUBAULIYA&block_code=3153014&panchayat_name=TIGHRA&panchayat_code=3153014041&fin_year=2025-2026&source=&work_code=3153014041/RC/958486255823694419&msr_no=4290&AttendanceDate=22/03/2026&Digest=gtR8AfCEKBjU2ag9Uv3tnw",9
"BASTI","DUBAULIYA","TIGHRA","3153014041/RC/958486255823750592","4288","https://mnregaweb4.nic.in/nregaarch/View_NMMS_atten_date_dtl_rpt.aspx?page=&short_name=UP&state_name=UTTAR%20PRADESH&state_code=31&district_name=BASTI&district_code=3153&block_name=DUBAULIYA&block_code=3153014&panchayat_name=TIGHRA&panchayat_code=3153014041&fin_year=2025-2026&source=&work_code=3153014041/RC/958486255823750592&msr_no=4288&AttendanceDate=22/03/2026&Digest=2n5thNueYyK+gwzahvz+fQ",9
"BASTI","DUBAULIYA","BARSAV","3153014055/RC/958486255823751326","4268","https://mnregaweb4.nic.in/nregaarch/View_NMMS_atten_date_dtl_rpt.aspx?page=&short_name=UP&state_name=UTTAR%20PRADESH&state_code=31&district_name=BASTI&district_code=3153&block_name=DUBAULIYA&block_code=3153014&panchayat_name=BARSAV&panchayat_code=3153014055&fin_year=2025-2026&source=&work_code=3153014055/RC/958486255823751326&msr_no=4268&AttendanceDate=22/03/2026&Digest=z3bn6DskrZIEca+hujSSfQ",9
"BASTI","DUBAULIYA","BARSAV","3153014055/RC/958486255823751326","4271","https://mnregaweb4.nic.in/nregaarch/View_NMMS_atten_date_dtl_rpt.aspx?page=&short_name=UP&state_name=UTTAR%20PRADESH&state_code=31&district_name=BASTI&district_code=3153&block_name=DUBAULIYA&block_code=3153014&panchayat_name=BARSAV&panchayat_code=3153014055&fin_year=2025-2026&source=&work_code=3153014055/RC/958486255823751326&msr_no=4271&AttendanceDate=22/03/2026&Digest=zBjuikUlJMmfNZbVpGiv8g",10
"BASTI","DUBAULIYA","BASANTPUR","3153014056/RC/958486255823751367","4283","https://mnregaweb4.nic.in/nregaarch/View_NMMS_atten_date_dtl_rpt.aspx?page=&short_name=UP&state_name=UTTAR%20PRADESH&state_code=31&district_name=BASTI&district_code=3153&block_name=DUBAULIYA&block_code=3153014&panchayat_name=BASANTPUR&panchayat_code=3153014056&fin_year=2025-2026&source=&work_code=3153014056/RC/958486255823751367&msr_no=4283&AttendanceDate=22/03/2026&Digest=wKyaJeXAuhPJ4Gc/89Qu6g",5
"BASTI","DUBAULIYA","HARIPAL PUR","3153014060/RC/958486255823749903","4220","https://mnregaweb4.nic.in/nregaarch/View_NMMS_atten_date_dtl_rpt.aspx?page=&short_name=UP&state_name=UTTAR%20PRADESH&state_code=31&district_name=BASTI&district_code=3153&block_name=DUBAULIYA&block_code=3153014&panchayat_name=HARIPAL%20PUR&panchayat_code=3153014060&fin_year=2025-2026&source=&work_code=3153014060/RC/958486255823749903&msr_no=4220&AttendanceDate=22/03/2026&Digest=glzcEdKEFXigIQA2q4HWSw",3
"BASTI","GAUR","ASANHARA","3153002006/RC/958486255823746228","6486","https://mnregaweb4.nic.in/nregaarch/View_NMMS_atten_date_dtl_rpt.aspx?page=&short_name=UP&state_name=UTTAR%20PRADESH&state_code=31&district_name=BASTI&district_code=3153&block_name=GAUR&block_code=3153002&panchayat_name=ASANHARA&panchayat_code=3153002006&fin_year=2025-2026&source=&work_code=3153002006/RC/958486255823746228&msr_no=6486&AttendanceDate=22/03/2026&Digest=ROQLaT6GOiEBLWFsalKwSg",8
"BASTI","GAUR","HARDI","3153002043/IC/958486255823744557","6401","https://mnregaweb4.nic.in/nregaarch/View_NMMS_atten_date_dtl_rpt.aspx?page=&short_name=UP&state_name=UTTAR%20PRADESH&state_code=31&district_name=BASTI&district_code=3153&block_name=GAUR&block_code=3153002&panchayat_name=HARDI&panchayat_code=3153002043&fin_year=2025-2026&source=&work_code=3153002043/IC/958486255823744557&msr_no=6401&AttendanceDate=22/03/2026&Digest=2QILCRvVR1HA58/UY96Qsg",4
"BASTI","GAUR","HARDI","3153002043/RC/958486255823749501","6321","https://mnregaweb4.nic.in/nregaarch/View_NMMS_atten_date_dtl_rpt.aspx?page=&short_name=UP&state_name=UTTAR%20PRADESH&state_code=31&district_name=BASTI&district_code=3153&block_name=GAUR&block_code=3153002&panchayat_name=HARDI&panchayat_code=3153002043&fin_year=2025-2026&source=&work_code=3153002043/RC/958486255823749501&msr_no=6321&AttendanceDate=22/03/2026&Digest=fwLLxRcmL+8Wpfu3P345MQ",1
"BASTI","GAUR","HARDI","3153002043/WC/958486255824252613","6406","https://mnregaweb4.nic.in/nregaarch/View_NMMS_atten_date_dtl_rpt.aspx?page=&short_name=UP&state_name=UTTAR%20PRADESH&state_code=31&district_name=BASTI&district_code=3153&block_name=GAUR&block_code=3153002&panchayat_name=HARDI&panchayat_code=3153002043&fin_year=2025-2026&source=&work_code=3153002043/WC/958486255824252613&msr_no=6406&AttendanceDate=22/03/2026&Digest=aLIwGJRieo+T+W1yx/nSkg",10
"BASTI","GAUR","KALIGARA","3153002048/LD/958486255824940643","6273","https://mnregaweb4.nic.in/nregaarch/View_NMMS_atten_date_dtl_rpt.aspx?page=&short_name=UP&state_name=UTTAR%20PRADESH&state_code=31&district_name=BASTI&district_code=3153&block_name=GAUR&block_code=3153002&panchayat_name=KALIGARA&panchayat_code=3153002048&fin_year=2025-2026&source=&work_code=3153002048/LD/958486255824940643&msr_no=6273&AttendanceDate=22/03/2026&Digest=ph5ZYFf/Prb4P6U3Y6r2QQ",7
"BASTI","GAUR","KHUTAHANA","3153002053/AV/958486255824177566","6340","https://mnregaweb4.nic.in/nregaarch/View_NMMS_atten_date_dtl_rpt.aspx?page=&short_name=UP&state_name=UTTAR%20PRADESH&state_code=31&district_name=BASTI&district_code=3153&block_name=GAUR&block_code=3153002&panchayat_name=KHUTAHANA&panchayat_code=3153002053&fin_year=2025-2026&source=&work_code=3153002053/AV/958486255824177566&msr_no=6340&AttendanceDate=22/03/2026&Digest=NPMysyGy0t5ZZT1wY9uKvg",3
"BASTI","GAUR","KUNGAI BUJURG","3153002056/RC/958486255823745699","6198","https://mnregaweb4.nic.in/nregaarch/View_NMMS_atten_date_dtl_rpt.aspx?page=&short_name=UP&state_name=UTTAR%20PRADESH&state_code=31&district_name=BASTI&district_code=3153&block_name=GAUR&block_code=3153002&panchayat_name=KUNGAI%20BUJURG&panchayat_code=3153002056&fin_year=2025-2026&source=&work_code=3153002056/RC/958486255823745699&msr_no=6198&AttendanceDate=22/03/2026&Digest=1Dyk+i7V4lbctK0UsIcy5w",6
"BASTI","GAUR","MAHUVADABR","3153002059/AV/958486255824185057","6254","https://mnregaweb4.nic.in/nregaarch/View_NMMS_atten_date_dtl_rpt.aspx?page=&short_name=UP&state_name=UTTAR%20PRADESH&state_code=31&district_name=BASTI&district_code=3153&block_name=GAUR&block_code=3153002&panchayat_name=MAHUVADABR&panchayat_code=3153002059&fin_year=2025-2026&source=&work_code=3153002059/AV/958486255824185057&msr_no=6254&AttendanceDate=22/03/2026&Digest=qKkDAVeLeVYwAWTgtXl7Ew",10
"BASTI","GAUR","MAJHAUVA CHAUBEY","3153002061/LD/958486255824996187","6225","https://mnregaweb4.nic.in/nregaarch/View_NMMS_atten_date_dtl_rpt.aspx?page=&short_name=UP&state_name=UTTAR%20PRADESH&state_code=31&district_name=BASTI&district_code=3153&block_name=GAUR&block_code=3153002&panchayat_name=MAJHAUVA%20CHAUBEY&panchayat_code=3153002061&fin_year=2025-2026&source=&work_code=3153002061/LD/958486255824996187&msr_no=6225&AttendanceDate=22/03/2026&Digest=WMuFsUfsxmulo+9se8Q0hA",9
"BASTI","GAUR","RANIPUR BABU","3153002080/IC/958486255823745018","6308","https://mnregaweb4.nic.in/nregaarch/View_NMMS_atten_date_dtl_rpt.aspx?page=&short_name=UP&state_name=UTTAR%20PRADESH&state_code=31&district_name=BASTI&district_code=3153&block_name=GAUR&block_code=3153002&panchayat_name=RANIPUR%20BABU&panchayat_code=3153002080&fin_year=2025-2026&source=&work_code=3153002080/IC/958486255823745018&msr_no=6308&AttendanceDate=22/03/2026&Digest=d1yjV0fLucV360LOBEwRDg",10
"BASTI","GAUR","RANIPUR BABU","3153002080/IC/958486255823745018","6311","https://mnregaweb4.nic.in/nregaarch/View_NMMS_atten_date_dtl_rpt.aspx?page=&short_name=UP&state_name=UTTAR%20PRADESH&state_code=31&district_name=BASTI&district_code=3153&block_name=GAUR&block_code=3153002&panchayat_name=RANIPUR%20BABU&panchayat_code=3153002080&fin_year=2025-2026&source=&work_code=3153002080/IC/958486255823745018&msr_no=6311&AttendanceDate=22/03/2026&Digest=9uF3kf/VgHq89Rce1Goqqg",5
"BASTI","GAUR","RANIPUR BABU","3153002080/IC/958486255823745019","6579","https://mnregaweb4.nic.in/nregaarch/View_NMMS_atten_date_dtl_rpt.aspx?page=&short_name=UP&state_name=UTTAR%20PRADESH&state_code=31&district_name=BASTI&district_code=3153&block_name=GAUR&block_code=3153002&panchayat_name=RANIPUR%20BABU&panchayat_code=3153002080&fin_year=2025-2026&source=&work_code=3153002080/IC/958486255823745019&msr_no=6579&AttendanceDate=22/03/2026&Digest=L9B0zVRNQgISX+/lYaijzw",10
"BASTI","GAUR","SHEMRA","3153002086/LD/958486255825004508","6385","https://mnregaweb4.nic.in/nregaarch/View_NMMS_atten_date_dtl_rpt.aspx?page=&short_name=UP&state_name=UTTAR%20PRADESH&state_code=31&district_name=BASTI&district_code=3153&block_name=GAUR&block_code=3153002&panchayat_name=SHEMRA&panchayat_code=3153002086&fin_year=2025-2026&source=&work_code=3153002086/LD/958486255825004508&msr_no=6385&AttendanceDate=22/03/2026&Digest=cU3/QX+JKF75JNoNjeMWrQ",10
"BASTI","GAUR","SHEMRA","3153002086/LD/958486255825004508","6388","https://mnregaweb4.nic.in/nregaarch/View_NMMS_atten_date_dtl_rpt.aspx?page=&short_name=UP&state_name=UTTAR%20PRADESH&state_code=31&district_name=BASTI&district_code=3153&block_name=GAUR&block_code=3153002&panchayat_name=SHEMRA&panchayat_code=3153002086&fin_year=2025-2026&source=&work_code=3153002086/LD/958486255825004508&msr_no=6388&AttendanceDate=22/03/2026&Digest=C7dCEffxzgCOHu+hSulEVg",5
"BASTI","GAUR","TENUI CHET SINGH","3153002092/IC/958486255823746518","6573","https://mnregaweb4.nic.in/nregaarch/View_NMMS_atten_date_dtl_rpt.aspx?page=&short_name=UP&state_name=UTTAR%20PRADESH&state_code=31&district_name=BASTI&district_code=3153&block_name=GAUR&block_code=3153002&panchayat_name=TENUI%20CHET%20SINGH&panchayat_code=3153002092&fin_year=2025-2026&source=&work_code=3153002092/IC/958486255823746518&msr_no=6573&AttendanceDate=22/03/2026&Digest=VOh7wM6AytCwFAunYl4vuw",10
"BASTI","GAUR","TENUI CHET SINGH","3153002092/IC/958486255823746518","6576","https://mnregaweb4.nic.in/nregaarch/View_NMMS_atten_date_dtl_rpt.aspx?page=&short_name=UP&state_name=UTTAR%20PRADESH&state_code=31&district_name=BASTI&district_code=3153&block_name=GAUR&block_code=3153002&panchayat_name=TENUI%20CHET%20SINGH&panchayat_code=3153002092&fin_year=2025-2026&source=&work_code=3153002092/IC/958486255823746518&msr_no=6576&AttendanceDate=22/03/2026&Digest=TS/qF+TwftS7YOIb2y3Yxg",10
"BASTI","BANKATI","MAKDUMPUR","3153011062/IC/958486255823692433","9420","https://mnregaweb4.nic.in/nregaarch/View_NMMS_atten_date_dtl_rpt.aspx?page=&short_name=UP&state_name=UTTAR%20PRADESH&state_code=31&district_name=BASTI&district_code=3153&block_name=BANKATI&block_code=3153011&panchayat_name=MAKDUMPUR&panchayat_code=3153011062&fin_year=2025-2026&source=&work_code=3153011062/IC/958486255823692433&msr_no=9420&AttendanceDate=22/03/2026&Digest=baI3Vv3FHZEAQt+y0qkJ1g",5
"BASTI","BANKATI","PAGAR KHAS","3153011073/RC/958486255823684325","9372","https://mnregaweb4.nic.in/nregaarch/View_NMMS_atten_date_dtl_rpt.aspx?page=&short_name=UP&state_name=UTTAR%20PRADESH&state_code=31&district_name=BASTI&district_code=3153&block_name=BANKATI&block_code=3153011&panchayat_name=PAGAR%20KHAS&panchayat_code=3153011073&fin_year=2025-2026&source=&work_code=3153011073/RC/958486255823684325&msr_no=9372&AttendanceDate=22/03/2026&Digest=UPrvD0JgahtOrCG3IxVbfw",6
"BASTI","BANKATI","PARASI","3153011076/IC/958486255823713392","9205","https://mnregaweb4.nic.in/nregaarch/View_NMMS_atten_date_dtl_rpt.aspx?page=&short_name=UP&state_name=UTTAR%20PRADESH&state_code=31&district_name=BASTI&district_code=3153&block_name=BANKATI&block_code=3153011&panchayat_name=PARASI&panchayat_code=3153011076&fin_year=2025-2026&source=&work_code=3153011076/IC/958486255823713392&msr_no=9205&AttendanceDate=22/03/2026&Digest=wsgeui6a5l/FocYpti9XUw",9
"BASTI","BANKATI","PARASI","3153011076/RC/958486255823749924","9556","https://mnregaweb4.nic.in/nregaarch/View_NMMS_atten_date_dtl_rpt.aspx?page=&short_name=UP&state_name=UTTAR%20PRADESH&state_code=31&district_name=BASTI&district_code=3153&block_name=BANKATI&block_code=3153011&panchayat_name=PARASI&panchayat_code=3153011076&fin_year=2025-2026&source=&work_code=3153011076/RC/958486255823749924&msr_no=9556&AttendanceDate=22/03/2026&Digest=MdfbqdjOcA1l6Wrs1OxxIQ",10
"BASTI","BANKATI","MAHTHA","3153011096/IC/958486255823740167","9346","https://mnregaweb4.nic.in/nregaarch/View_NMMS_atten_date_dtl_rpt.aspx?page=&short_name=UP&state_name=UTTAR%20PRADESH&state_code=31&district_name=BASTI&district_code=3153&block_name=BANKATI&block_code=3153011&panchayat_name=MAHTHA&panchayat_code=3153011096&fin_year=2025-2026&source=&work_code=3153011096/IC/958486255823740167&msr_no=9346&AttendanceDate=22/03/2026&Digest=cULIMTH4ZVqNlrW2PBeVag",8
"BASTI","BANKATI","SISWA PANDEY","3153011101/IC/958486255823741153","9300","https://mnregaweb4.nic.in/nregaarch/View_NMMS_atten_date_dtl_rpt.aspx?page=&short_name=UP&state_name=UTTAR%20PRADESH&state_code=31&district_name=BASTI&district_code=3153&block_name=BANKATI&block_code=3153011&panchayat_name=SISWA%20PANDEY&panchayat_code=3153011101&fin_year=2025-2026&source=&work_code=3153011101/IC/958486255823741153&msr_no=9300&AttendanceDate=22/03/2026&Digest=QmNU8kUwx7AhGZRZyPmBmA",9
"BASTI","BANKATI","CHHITAUNI","3153011102/RC/958486255823731962","9383","https://mnregaweb4.nic.in/nregaarch/View_NMMS_atten_date_dtl_rpt.aspx?page=&short_name=UP&state_name=UTTAR%20PRADESH&state_code=31&district_name=BASTI&district_code=3153&block_name=BANKATI&block_code=3153011&panchayat_name=CHHITAUNI&panchayat_code=3153011102&fin_year=2025-2026&source=&work_code=3153011102/RC/958486255823731962&msr_no=9383&AttendanceDate=22/03/2026&Digest=6xePb0NwnqzqgzKWOnzbUQ",9
"BASTI","BANKATI","DUBAULI KHURD","3153011109/IC/958486255823741004","9276","https://mnregaweb4.nic.in/nregaarch/View_NMMS_atten_date_dtl_rpt.aspx?page=&short_name=UP&state_name=UTTAR%20PRADESH&state_code=31&district_name=BASTI&district_code=3153&block_name=BANKATI&block_code=3153011&panchayat_name=DUBAULI%20KHURD&panchayat_code=3153011109&fin_year=2025-2026&source=&work_code=3153011109/IC/958486255823741004&msr_no=9276&AttendanceDate=22/03/2026&Digest=ptlBgWofiRILUAtNtoxfXA",7
"BASTI","BANKATI","DUBAULI KHURD","3153011109/IC/958486255823741004","9279","https://mnregaweb4.nic.in/nregaarch/View_NMMS_atten_date_dtl_rpt.aspx?page=&short_name=UP&state_name=UTTAR%20PRADESH&state_code=31&district_name=BASTI&district_code=3153&block_name=BANKATI&block_code=3153011&panchayat_name=DUBAULI%20KHURD&panchayat_code=3153011109&fin_year=2025-2026&source=&work_code=3153011109/IC/958486255823741004&msr_no=9279&AttendanceDate=22/03/2026&Digest=zBcpZZteGPobBK4re+Dhnw",6
"BASTI","BANKATI","CHOLKHARI","3153011110/AV/958486255824182493","9423","https://mnregaweb4.nic.in/nregaarch/View_NMMS_atten_date_dtl_rpt.aspx?page=&short_name=UP&state_name=UTTAR%20PRADESH&state_code=31&district_name=BASTI&district_code=3153&block_name=BANKATI&block_code=3153011&panchayat_name=CHOLKHARI&panchayat_code=3153011110&fin_year=2025-2026&source=&work_code=3153011110/AV/958486255824182493&msr_no=9423&AttendanceDate=22/03/2026&Digest=LKW4GU0+Gz3C2OEiJHo79Q",10
"BASTI","BANKATI","GUDI","3153011113/WC/958486255824167039","9473","https://mnregaweb4.nic.in/nregaarch/View_NMMS_atten_date_dtl_rpt.aspx?page=&short_name=UP&state_name=UTTAR%20PRADESH&state_code=31&district_name=BASTI&district_code=3153&block_name=BANKATI&block_code=3153011&panchayat_name=GUDI&panchayat_code=3153011113&fin_year=2025-2026&source=&work_code=3153011113/WC/958486255824167039&msr_no=9473&AttendanceDate=22/03/2026&Digest=nLhbkFU/Od76OThyTe+B1w",2
"BASTI","BASTI","MAHSO","3153010057/RC/958486255823703203","4386","https://mnregaweb4.nic.in/nregaarch/View_NMMS_atten_date_dtl_rpt.aspx?page=&short_name=UP&state_name=UTTAR%20PRADESH&state_code=31&district_name=BASTI&district_code=3153&block_name=BASTI&block_code=3153010&panchayat_name=MAHSO&panchayat_code=3153010057&fin_year=2025-2026&source=&work_code=3153010057/RC/958486255823703203&msr_no=4386&AttendanceDate=22/03/2026&Digest=mFHGiWLPFas1jJSp6HGacg",5
"BASTI","BASTI","MAHSO","3153010057/WH/958486255824012356","4367","https://mnregaweb4.nic.in/nregaarch/View_NMMS_atten_date_dtl_rpt.aspx?page=&short_name=UP&state_name=UTTAR%20PRADESH&state_code=31&district_name=BASTI&district_code=3153&block_name=BASTI&block_code=3153010&panchayat_name=MAHSO&panchayat_code=3153010057&fin_year=2025-2026&source=&work_code=3153010057/WH/958486255824012356&msr_no=4367&AttendanceDate=22/03/2026&Digest=2vINj1IELr9erXi22rLTcQ",10
"BASTI","BASTI","SAHUPAR","3153010075/AV/958486255824181797","4360","https://mnregaweb4.nic.in/nregaarch/View_NMMS_atten_date_dtl_rpt.aspx?page=&short_name=UP&state_name=UTTAR%20PRADESH&state_code=31&district_name=BASTI&district_code=3153&block_name=BASTI&block_code=3153010&panchayat_name=SAHUPAR&panchayat_code=3153010075&fin_year=2025-2026&source=&work_code=3153010075/AV/958486255824181797&msr_no=4360&AttendanceDate=22/03/2026&Digest=uE1I2h6DinlLF3NzhzdQWg",5
"BASTI","BASTI","SAHUPAR","3153010075/RC/958486255823639148","4394","https://mnregaweb4.nic.in/nregaarch/View_NMMS_atten_date_dtl_rpt.aspx?page=&short_name=UP&state_name=UTTAR%20PRADESH&state_code=31&district_name=BASTI&district_code=3153&block_name=BASTI&block_code=3153010&panchayat_name=SAHUPAR&panchayat_code=3153010075&fin_year=2025-2026&source=&work_code=3153010075/RC/958486255823639148&msr_no=4394&AttendanceDate=22/03/2026&Digest=fs/OPr2ch+s6cYK1JL5CUA",5
"BASTI","DUBAULIYA","CHILMAPARSAN","3153014004/LD/958486255824846423","4128","https://mnregaweb4.nic.in/nregaarch/View_NMMS_atten_date_dtl_rpt.aspx?page=&short_name=UP&state_name=UTTAR%20PRADESH&state_code=31&district_name=BASTI&district_code=3153&block_name=DUBAULIYA&block_code=3153014&panchayat_name=CHILMAPARSAN&panchayat_code=3153014004&fin_year=2025-2026&source=&work_code=3153014004/LD/958486255824846423&msr_no=4128&AttendanceDate=22/03/2026&Digest=GOqI2POuqfWTLnydqXFipA",7
"BASTI","DUBAULIYA","CHILMAPARSAN","3153014004/LD/958486255824919567","4135","https://mnregaweb4.nic.in/nregaarch/View_NMMS_atten_date_dtl_rpt.aspx?page=&short_name=UP&state_name=UTTAR%20PRADESH&state_code=31&district_name=BASTI&district_code=3153&block_name=DUBAULIYA&block_code=3153014&panchayat_name=CHILMAPARSAN&panchayat_code=3153014004&fin_year=2025-2026&source=&work_code=3153014004/LD/958486255824919567&msr_no=4135&AttendanceDate=22/03/2026&Digest=9ep+RJJik2ENkul65XXLOA",6
"BASTI","DUBAULIYA","CHILMAPARSAN","3153014004/RC/958486255823661852","4335","https://mnregaweb4.nic.in/nregaarch/View_NMMS_atten_date_dtl_rpt.aspx?page=&short_name=UP&state_name=UTTAR%20PRADESH&state_code=31&district_name=BASTI&district_code=3153&block_name=DUBAULIYA&block_code=3153014&panchayat_name=CHILMAPARSAN&panchayat_code=3153014004&fin_year=2025-2026&source=&work_code=3153014004/RC/958486255823661852&msr_no=4335&AttendanceDate=22/03/2026&Digest=LsVVHdFE65nLiV4wwvvMUA",2
"BASTI","DUBAULIYA","PAKRI CHAUHAAN","3153014006/AV/958486255824187517","4309","https://mnregaweb4.nic.in/nregaarch/View_NMMS_atten_date_dtl_rpt.aspx?page=&short_name=UP&state_name=UTTAR%20PRADESH&state_code=31&district_name=BASTI&district_code=3153&block_name=DUBAULIYA&block_code=3153014&panchayat_name=PAKRI%20CHAUHAAN&panchayat_code=3153014006&fin_year=2025-2026&source=&work_code=3153014006/AV/958486255824187517&msr_no=4309&AttendanceDate=22/03/2026&Digest=rFkvRDQ0kHPwnhITBgc7AA",8
"BASTI","DUBAULIYA","HENGAPUR","3153014012/RC/958486255823752058","4326","https://mnregaweb4.nic.in/nregaarch/View_NMMS_atten_date_dtl_rpt.aspx?page=&short_name=UP&state_name=UTTAR%20PRADESH&state_code=31&district_name=BASTI&district_code=3153&block_name=DUBAULIYA&block_code=3153014&panchayat_name=HENGAPUR&panchayat_code=3153014012&fin_year=2025-2026&source=&work_code=3153014012/RC/958486255823752058&msr_no=4326&AttendanceDate=22/03/2026&Digest=iWF2ILsizM4oy+YUuRupTQ",10
"BASTI","DUBAULIYA","RAM NAGAR","3153014020/RC/958486255823749961","4185","https://mnregaweb4.nic.in/nregaarch/View_NMMS_atten_date_dtl_rpt.aspx?page=&short_name=UP&state_name=UTTAR%20PRADESH&state_code=31&district_name=BASTI&district_code=3153&block_name=DUBAULIYA&block_code=3153014&panchayat_name=RAM%20NAGAR&panchayat_code=3153014020&fin_year=2025-2026&source=&work_code=3153014020/RC/958486255823749961&msr_no=4185&AttendanceDate=22/03/2026&Digest=o56SL5t/ZAmH9/7hlJGAVg",2
"BASTI","DUBAULIYA","BAIRAGAL","3153014027/RC/958486255823703417","4119","https://mnregaweb4.nic.in/nregaarch/View_NMMS_atten_date_dtl_rpt.aspx?page=&short_name=UP&state_name=UTTAR%20PRADESH&state_code=31&district_name=BASTI&district_code=3153&block_name=DUBAULIYA&block_code=3153014&panchayat_name=BAIRAGAL&panchayat_code=3153014027&fin_year=2025-2026&source=&work_code=3153014027/RC/958486255823703417&msr_no=4119&AttendanceDate=22/03/2026&Digest=fX+C0QSSLhVxcbIpFXQI2Q",10
"BASTI","DUBAULIYA","DUBAULIYA","3153014029/RC/958486255823737184","4118","https://mnregaweb4.nic.in/nregaarch/View_NMMS_atten_date_dtl_rpt.aspx?page=&short_name=UP&state_name=UTTAR%20PRADESH&state_code=31&district_name=BASTI&district_code=3153&block_name=DUBAULIYA&block_code=3153014&panchayat_name=DUBAULIYA&panchayat_code=3153014029&fin_year=2025-2026&source=&work_code=3153014029/RC/958486255823737184&msr_no=4118&AttendanceDate=22/03/2026&Digest=jaOnbt9vGqFOptc96IKqdA",4
"BASTI","DUBAULIYA","BHAKRAHI","3153014035/RC/958486255823750364","4235","https://mnregaweb4.nic.in/nregaarch/View_NMMS_atten_date_dtl_rpt.aspx?page=&short_name=UP&state_name=UTTAR%20PRADESH&state_code=31&district_name=BASTI&district_code=3153&block_name=DUBAULIYA&block_code=3153014&panchayat_name=BHAKRAHI&panchayat_code=3153014035&fin_year=2025-2026&source=&work_code=3153014035/RC/958486255823750364&msr_no=4235&AttendanceDate=22/03/2026&Digest=U8W/mZpaA2HIlmlYwcCTlA",6
"BASTI","DUBAULIYA","KEVARI MUSTAHKAM","3153014040/RC/958486255823615820","4115","https://mnregaweb4.nic.in/nregaarch/View_NMMS_atten_date_dtl_rpt.aspx?page=&short_name=UP&state_name=UTTAR%20PRADESH&state_code=31&district_name=BASTI&district_code=3153&block_name=DUBAULIYA&block_code=3153014&panchayat_name=KEVARI%20MUSTAHKAM&panchayat_code=3153014040&fin_year=2025-2026&source=&work_code=3153014040/RC/958486255823615820&msr_no=4115&AttendanceDate=22/03/2026&Digest=S9VqEwq/fRJJBuLWppa3bA",8
"BASTI","DUBAULIYA","SARAIYA BAKSI","3153014046/RC/958486255823727877","4197","https://mnregaweb4.nic.in/nregaarch/View_NMMS_atten_date_dtl_rpt.aspx?page=&short_name=UP&state_name=UTTAR%20PRADESH&state_code=31&district_name=BASTI&district_code=3153&block_name=DUBAULIYA&block_code=3153014&panchayat_name=SARAIYA%20BAKSI&panchayat_code=3153014046&fin_year=2025-2026&source=&work_code=3153014046/RC/958486255823727877&msr_no=4197&AttendanceDate=22/03/2026&Digest=LoGsyBb42cdNSYcXTV+tDg",8
"BASTI","DUBAULIYA","SARAIYA BAKSI","3153014046/RC/958486255823727877","4200","https://mnregaweb4.nic.in/nregaarch/View_NMMS_atten_date_dtl_rpt.aspx?page=&short_name=UP&state_name=UTTAR%20PRADESH&state_code=31&district_name=BASTI&district_code=3153&block_name=DUBAULIYA&block_code=3153014&panchayat_name=SARAIYA%20BAKSI&panchayat_code=3153014046&fin_year=2025-2026&source=&work_code=3153014046/RC/958486255823727877&msr_no=4200&AttendanceDate=22/03/2026&Digest=juQ4cR6x31TI+hypziKJtA",3
"BASTI","DUBAULIYA","SARAIYA BAKSI","3153014046/RC/958486255823727878","4201","https://mnregaweb4.nic.in/nregaarch/View_NMMS_atten_date_dtl_rpt.aspx?page=&short_name=UP&state_name=UTTAR%20PRADESH&state_code=31&district_name=BASTI&district_code=3153&block_name=DUBAULIYA&block_code=3153014&panchayat_name=SARAIYA%20BAKSI&panchayat_code=3153014046&fin_year=2025-2026&source=&work_code=3153014046/RC/958486255823727878&msr_no=4201&AttendanceDate=22/03/2026&Digest=walZz922Kq7A1DcX1yPGDg",10
"BASTI","DUBAULIYA","SARAIYA BAKSI","3153014046/RC/958486255823727881","4204","https://mnregaweb4.nic.in/nregaarch/View_NMMS_atten_date_dtl_rpt.aspx?page=&short_name=UP&state_name=UTTAR%20PRADESH&state_code=31&district_name=BASTI&district_code=3153&block_name=DUBAULIYA&block_code=3153014&panchayat_name=SARAIYA%20BAKSI&panchayat_code=3153014046&fin_year=2025-2026&source=&work_code=3153014046/RC/958486255823727881&msr_no=4204&AttendanceDate=22/03/2026&Digest=CGONIQjiQjxm5mqSeJjAoA",5
"BASTI","DUBAULIYA","BARSAV","3153014055/WH/958486255823263333","4092","https://mnregaweb4.nic.in/nregaarch/View_NMMS_atten_date_dtl_rpt.aspx?page=&short_name=UP&state_name=UTTAR%20PRADESH&state_code=31&district_name=BASTI&district_code=3153&block_name=DUBAULIYA&block_code=3153014&panchayat_name=BARSAV&panchayat_code=3153014055&fin_year=2025-2026&source=&work_code=3153014055/WH/958486255823263333&msr_no=4092&AttendanceDate=22/03/2026&Digest=N/neOVio05IrfB/KMPUxxA",10
"BASTI","DUBAULIYA","BARSAV","3153014055/WH/958486255823263333","4095","https://mnregaweb4.nic.in/nregaarch/View_NMMS_atten_date_dtl_rpt.aspx?page=&short_name=UP&state_name=UTTAR%20PRADESH&state_code=31&district_name=BASTI&district_code=3153&block_name=DUBAULIYA&block_code=3153014&panchayat_name=BARSAV&panchayat_code=3153014055&fin_year=2025-2026&source=&work_code=3153014055/WH/958486255823263333&msr_no=4095&AttendanceDate=22/03/2026&Digest=IaVVxpdrxAOGH4sxODYkww",8
"BASTI","GAUR","AIALAKLA","3153002003/RC/958486255823748284","6534","https://mnregaweb4.nic.in/nregaarch/View_NMMS_atten_date_dtl_rpt.aspx?page=&short_name=UP&state_name=UTTAR%20PRADESH&state_code=31&district_name=BASTI&district_code=3153&block_name=GAUR&block_code=3153002&panchayat_name=AIALAKLA&panchayat_code=3153002003&fin_year=2025-2026&source=&work_code=3153002003/RC/958486255823748284&msr_no=6534&AttendanceDate=22/03/2026&Digest=lAzGawj5AKlr+omFQPsvPQ",9
"BASTI","GAUR","BADHANI","3153002008/RC/958486255823745355","6430","https://mnregaweb4.nic.in/nregaarch/View_NMMS_atten_date_dtl_rpt.aspx?page=&short_name=UP&state_name=UTTAR%20PRADESH&state_code=31&district_name=BASTI&district_code=3153&block_name=GAUR&block_code=3153002&panchayat_name=BADHANI&panchayat_code=3153002008&fin_year=2025-2026&source=&work_code=3153002008/RC/958486255823745355&msr_no=6430&AttendanceDate=22/03/2026&Digest=GW+pl9H90QsAk6LDmL9LwA",10
"BASTI","GAUR","BADYA","3153002009/IC/958486255823728560","6239","https://mnregaweb4.nic.in/nregaarch/View_NMMS_atten_date_dtl_rpt.aspx?page=&short_name=UP&state_name=UTTAR%20PRADESH&state_code=31&district_name=BASTI&district_code=3153&block_name=GAUR&block_code=3153002&panchayat_name=BADYA&panchayat_code=3153002009&fin_year=2025-2026&source=&work_code=3153002009/IC/958486255823728560&msr_no=6239&AttendanceDate=22/03/2026&Digest=YtFgbTig4SiIcdrDoTDCCA",10
"BASTI","GAUR","BADYA","3153002009/RC/958486255823748436","6267","https://mnregaweb4.nic.in/nregaarch/View_NMMS_atten_date_dtl_rpt.aspx?page=&short_name=UP&state_name=UTTAR%20PRADESH&state_code=31&district_name=BASTI&district_code=3153&block_name=GAUR&block_code=3153002&panchayat_name=BADYA&panchayat_code=3153002009&fin_year=2025-2026&source=&work_code=3153002009/RC/958486255823748436&msr_no=6267&AttendanceDate=22/03/2026&Digest=e1a2Mamc3lwn/p5pSjGwIg",10
"BASTI","GAUR","BALUA CHAUBE","3153002013/RC/958486255823733175","6362","https://mnregaweb4.nic.in/nregaarch/View_NMMS_atten_date_dtl_rpt.aspx?page=&short_name=UP&state_name=UTTAR%20PRADESH&state_code=31&district_name=BASTI&district_code=3153&block_name=GAUR&block_code=3153002&panchayat_name=BALUA%20CHAUBE&panchayat_code=3153002013&fin_year=2025-2026&source=&work_code=3153002013/RC/958486255823733175&msr_no=6362&AttendanceDate=22/03/2026&Digest=btVyLfgpZ+mfBQuWN8OxEw",6
"BASTI","GAUR","BALUA CHAUBE","3153002013/RC/958486255823749569","6527","https://mnregaweb4.nic.in/nregaarch/View_NMMS_atten_date_dtl_rpt.aspx?page=&short_name=UP&state_name=UTTAR%20PRADESH&state_code=31&district_name=BASTI&district_code=3153&block_name=GAUR&block_code=3153002&panchayat_name=BALUA%20CHAUBE&panchayat_code=3153002013&fin_year=2025-2026&source=&work_code=3153002013/RC/958486255823749569&msr_no=6527&AttendanceDate=22/03/2026&Digest=ulmXoIDyEn3KGYiltHuotg",10
"BASTI","GAUR","BABHANGAVA KHURD","3153002014/WH/958486255824013491","6510","https://mnregaweb4.nic.in/nregaarch/View_NMMS_atten_date_dtl_rpt.aspx?page=&short_name=UP&state_name=UTTAR%20PRADESH&state_code=31&district_name=BASTI&district_code=3153&block_name=GAUR&block_code=3153002&panchayat_name=BABHANGAVA%20KHURD&panchayat_code=3153002014&fin_year=2025-2026&source=&work_code=3153002014/WH/958486255824013491&msr_no=6510&AttendanceDate=22/03/2026&Digest=WHNXJBLC35IRaiMMxEt2eg",2
"BASTI","GAUR","BUDAUWA","3153002028/RC/958486255823676187","6462","https://mnregaweb4.nic.in/nregaarch/View_NMMS_atten_date_dtl_rpt.aspx?page=&short_name=UP&state_name=UTTAR%20PRADESH&state_code=31&district_name=BASTI&district_code=3153&block_name=GAUR&block_code=3153002&panchayat_name=BUDAUWA&panchayat_code=3153002028&fin_year=2025-2026&source=&work_code=3153002028/RC/958486255823676187&msr_no=6462&AttendanceDate=22/03/2026&Digest=K3AQebXMdmC9bajK+gcP6Q",6
"BASTI","GAUR","KACHIYA","3153002046/LD/958486255824922222","6408","https://mnregaweb4.nic.in/nregaarch/View_NMMS_atten_date_dtl_rpt.aspx?page=&short_name=UP&state_name=UTTAR%20PRADESH&state_code=31&district_name=BASTI&district_code=3153&block_name=GAUR&block_code=3153002&panchayat_name=KACHIYA&panchayat_code=3153002046&fin_year=2025-2026&source=&work_code=3153002046/LD/958486255824922222&msr_no=6408&AttendanceDate=22/03/2026&Digest=2RXn6PLyAV3WNqpSAHrKWw",10
"BASTI","GAUR","KHUTAHANA","3153002053/RC/958486255823724598","6371","https://mnregaweb4.nic.in/nregaarch/View_NMMS_atten_date_dtl_rpt.aspx?page=&short_name=UP&state_name=UTTAR%20PRADESH&state_code=31&district_name=BASTI&district_code=3153&block_name=GAUR&block_code=3153002&panchayat_name=KHUTAHANA&panchayat_code=3153002053&fin_year=2025-2026&source=&work_code=3153002053/RC/958486255823724598&msr_no=6371&AttendanceDate=22/03/2026&Digest=nw52ncO/M+m1SFSwviM/9A",2
"BASTI","DUBAULIYA","BHIURA","3153014026/RC/958486255823732619","4338","https://mnregaweb4.nic.in/nregaarch/View_NMMS_atten_date_dtl_rpt.aspx?page=&short_name=UP&state_name=UTTAR%20PRADESH&state_code=31&district_name=BASTI&district_code=3153&block_name=DUBAULIYA&block_code=3153014&panchayat_name=BHIURA&panchayat_code=3153014026&fin_year=2025-2026&source=&work_code=3153014026/RC/958486255823732619&msr_no=4338&AttendanceDate=22/03/2026&Digest=HnXKvowoqIFVU3wbYhk5+A",9
"BASTI","DUBAULIYA","BHAKRAHI","3153014035/RC/958486255823750364","4234","https://mnregaweb4.nic.in/nregaarch/View_NMMS_atten_date_dtl_rpt.aspx?page=&short_name=UP&state_name=UTTAR%20PRADESH&state_code=31&district_name=BASTI&district_code=3153&block_name=DUBAULIYA&block_code=3153014&panchayat_name=BHAKRAHI&panchayat_code=3153014035&fin_year=2025-2026&source=&work_code=3153014035/RC/958486255823750364&msr_no=4234&AttendanceDate=22/03/2026&Digest=fCyLABMwFmqQ/YennZf3Bw",8
"BASTI","DUBAULIYA","BHAKRAHI","3153014035/RC/958486255823751006","4238","https://mnregaweb4.nic.in/nregaarch/View_NMMS_atten_date_dtl_rpt.aspx?page=&short_name=UP&state_name=UTTAR%20PRADESH&state_code=31&district_name=BASTI&district_code=3153&block_name=DUBAULIYA&block_code=3153014&panchayat_name=BHAKRAHI&panchayat_code=3153014035&fin_year=2025-2026&source=&work_code=3153014035/RC/958486255823751006&msr_no=4238&AttendanceDate=22/03/2026&Digest=MunGSQq+AK903jeI1MfR0Q",1
"BASTI","DUBAULIYA","BHAKRAHI","3153014035/RC/958486255823751006","4241","https://mnregaweb4.nic.in/nregaarch/View_NMMS_atten_date_dtl_rpt.aspx?page=&short_name=UP&state_name=UTTAR%20PRADESH&state_code=31&district_name=BASTI&district_code=3153&block_name=DUBAULIYA&block_code=3153014&panchayat_name=BHAKRAHI&panchayat_code=3153014035&fin_year=2025-2026&source=&work_code=3153014035/RC/958486255823751006&msr_no=4241&AttendanceDate=22/03/2026&Digest=D/2c5deLLNP70A4yyZF1wg",1
"BASTI","DUBAULIYA","SARAIYA BAKSI","3153014046/RC/958486255823647641","4195","https://mnregaweb4.nic.in/nregaarch/View_NMMS_atten_date_dtl_rpt.aspx?page=&short_name=UP&state_name=UTTAR%20PRADESH&state_code=31&district_name=BASTI&district_code=3153&block_name=DUBAULIYA&block_code=3153014&panchayat_name=SARAIYA%20BAKSI&panchayat_code=3153014046&fin_year=2025-2026&source=&work_code=3153014046/RC/958486255823647641&msr_no=4195&AttendanceDate=22/03/2026&Digest=wPABK+v5nrH8aUNwBUfo4g",3
"BASTI","DUBAULIYA","SARAIYA BAKSI","3153014046/RC/958486255823727877","4199","https://mnregaweb4.nic.in/nregaarch/View_NMMS_atten_date_dtl_rpt.aspx?page=&short_name=UP&state_name=UTTAR%20PRADESH&state_code=31&district_name=BASTI&district_code=3153&block_name=DUBAULIYA&block_code=3153014&panchayat_name=SARAIYA%20BAKSI&panchayat_code=3153014046&fin_year=2025-2026&source=&work_code=3153014046/RC/958486255823727877&msr_no=4199&AttendanceDate=22/03/2026&Digest=3s2tq0WXZnIfpSoBlX7NTw",10
"BASTI","DUBAULIYA","SARAIYA BAKSI","3153014046/RC/958486255823727881","4203","https://mnregaweb4.nic.in/nregaarch/View_NMMS_atten_date_dtl_rpt.aspx?page=&short_name=UP&state_name=UTTAR%20PRADESH&state_code=31&district_name=BASTI&district_code=3153&block_name=DUBAULIYA&block_code=3153014&panchayat_name=SARAIYA%20BAKSI&panchayat_code=3153014046&fin_year=2025-2026&source=&work_code=3153014046/RC/958486255823727881&msr_no=4203&AttendanceDate=22/03/2026&Digest=cRPSRJ52YglrEFY/YD4Ekw",6
"BASTI","DUBAULIYA","BARSAV","3153014055/RC/958486255823751326","4269","https://mnregaweb4.nic.in/nregaarch/View_NMMS_atten_date_dtl_rpt.aspx?page=&short_name=UP&state_name=UTTAR%20PRADESH&state_code=31&district_name=BASTI&district_code=3153&block_name=DUBAULIYA&block_code=3153014&panchayat_name=BARSAV&panchayat_code=3153014055&fin_year=2025-2026&source=&work_code=3153014055/RC/958486255823751326&msr_no=4269&AttendanceDate=22/03/2026&Digest=CD4R9CGHS5uGsueWTau+mw",8
"BASTI","DUBAULIYA","BARSAV","3153014055/WH/958486255823263333","4091","https://mnregaweb4.nic.in/nregaarch/View_NMMS_atten_date_dtl_rpt.aspx?page=&short_name=UP&state_name=UTTAR%20PRADESH&state_code=31&district_name=BASTI&district_code=3153&block_name=DUBAULIYA&block_code=3153014&panchayat_name=BARSAV&panchayat_code=3153014055&fin_year=2025-2026&source=&work_code=3153014055/WH/958486255823263333&msr_no=4091&AttendanceDate=22/03/2026&Digest=8KDQ4IOMxaGjjdXRXZ5hkQ",10
"BASTI","DUBAULIYA","BARSAV","3153014055/WH/958486255823263333","4094","https://mnregaweb4.nic.in/nregaarch/View_NMMS_atten_date_dtl_rpt.aspx?page=&short_name=UP&state_name=UTTAR%20PRADESH&state_code=31&district_name=BASTI&district_code=3153&block_name=DUBAULIYA&block_code=3153014&panchayat_name=BARSAV&panchayat_code=3153014055&fin_year=2025-2026&source=&work_code=3153014055/WH/958486255823263333&msr_no=4094&AttendanceDate=22/03/2026&Digest=lY3KFanz3AFQ5kOP1x2JJQ",9
"BASTI","DUBAULIYA","HARIPAL PUR","3153014060/RC/958486255823749903","4267","https://mnregaweb4.nic.in/nregaarch/View_NMMS_atten_date_dtl_rpt.aspx?page=&short_name=UP&state_name=UTTAR%20PRADESH&state_code=31&district_name=BASTI&district_code=3153&block_name=DUBAULIYA&block_code=3153014&panchayat_name=HARIPAL%20PUR&panchayat_code=3153014060&fin_year=2025-2026&source=&work_code=3153014060/RC/958486255823749903&msr_no=4267&AttendanceDate=22/03/2026&Digest=NfsQ5Ui+S6oFD63K48P/Hw",6
"BASTI","GAUR","BADYA","3153002009/IC/958486255823728560","6240","https://mnregaweb4.nic.in/nregaarch/View_NMMS_atten_date_dtl_rpt.aspx?page=&short_name=UP&state_name=UTTAR%20PRADESH&state_code=31&district_name=BASTI&district_code=3153&block_name=GAUR&block_code=3153002&panchayat_name=BADYA&panchayat_code=3153002009&fin_year=2025-2026&source=&work_code=3153002009/IC/958486255823728560&msr_no=6240&AttendanceDate=22/03/2026&Digest=cqp7yOJhEB3QSoalvF9nrw",10
"BASTI","GAUR","BALUA CHAUBE","3153002013/RC/958486255823749569","6528","https://mnregaweb4.nic.in/nregaarch/View_NMMS_atten_date_dtl_rpt.aspx?page=&short_name=UP&state_name=UTTAR%20PRADESH&state_code=31&district_name=BASTI&district_code=3153&block_name=GAUR&block_code=3153002&panchayat_name=BALUA%20CHAUBE&panchayat_code=3153002013&fin_year=2025-2026&source=&work_code=3153002013/RC/958486255823749569&msr_no=6528&AttendanceDate=22/03/2026&Digest=VvLBXYmxamQl683E+RxZOg",6
"BASTI","GAUR","BABHANGAVA KHURD","3153002014/RC/958486255823686891","6453","https://mnregaweb4.nic.in/nregaarch/View_NMMS_atten_date_dtl_rpt.aspx?page=&short_name=UP&state_name=UTTAR%20PRADESH&state_code=31&district_name=BASTI&district_code=3153&block_name=GAUR&block_code=3153002&panchayat_name=BABHANGAVA%20KHURD&panchayat_code=3153002014&fin_year=2025-2026&source=&work_code=3153002014/RC/958486255823686891&msr_no=6453&AttendanceDate=22/03/2026&Digest=Gyj9sHr/4USYPe69x6vgVg",8
"BASTI","GAUR","DUHAWA","3153002038/LD/958486255824947013","6325","https://mnregaweb4.nic.in/nregaarch/View_NMMS_atten_date_dtl_rpt.aspx?page=&short_name=UP&state_name=UTTAR%20PRADESH&state_code=31&district_name=BASTI&district_code=3153&block_name=GAUR&block_code=3153002&panchayat_name=DUHAWA&panchayat_code=3153002038&fin_year=2025-2026&source=&work_code=3153002038/LD/958486255824947013&msr_no=6325&AttendanceDate=22/03/2026&Digest=f0PgPZ21mGQOfcUnrp0aqA",10
"BASTI","GAUR","DUHAWA","3153002038/LD/958486255824947013","6328","https://mnregaweb4.nic.in/nregaarch/View_NMMS_atten_date_dtl_rpt.aspx?page=&short_name=UP&state_name=UTTAR%20PRADESH&state_code=31&district_name=BASTI&district_code=3153&block_name=GAUR&block_code=3153002&panchayat_name=DUHAWA&panchayat_code=3153002038&fin_year=2025-2026&source=&work_code=3153002038/LD/958486255824947013&msr_no=6328&AttendanceDate=22/03/2026&Digest=HkoH7UPJ7cZJemT6MecwNw",8
"BASTI","GAUR","HARDI","3153002043/RC/958486255823749501","6320","https://mnregaweb4.nic.in/nregaarch/View_NMMS_atten_date_dtl_rpt.aspx?page=&short_name=UP&state_name=UTTAR%20PRADESH&state_code=31&district_name=BASTI&district_code=3153&block_name=GAUR&block_code=3153002&panchayat_name=HARDI&panchayat_code=3153002043&fin_year=2025-2026&source=&work_code=3153002043/RC/958486255823749501&msr_no=6320&AttendanceDate=22/03/2026&Digest=Ix8z5dkpwP18X3f7eCCllg",5
"BASTI","GAUR","KHUTAHANA","3153002053/AV/958486255824177566","6339","https://mnregaweb4.nic.in/nregaarch/View_NMMS_atten_date_dtl_rpt.aspx?page=&short_name=UP&state_name=UTTAR%20PRADESH&state_code=31&district_name=BASTI&district_code=3153&block_name=GAUR&block_code=3153002&panchayat_name=KHUTAHANA&panchayat_code=3153002053&fin_year=2025-2026&source=&work_code=3153002053/AV/958486255824177566&msr_no=6339&AttendanceDate=22/03/2026&Digest=Wt5JRwnES71yYhonLOx/zA",5
"BASTI","GAUR","KUCHURUPUR","3153002055/RC/958486255823691325","6235","https://mnregaweb4.nic.in/nregaarch/View_NMMS_atten_date_dtl_rpt.aspx?page=&short_name=UP&state_name=UTTAR%20PRADESH&state_code=31&district_name=BASTI&district_code=3153&block_name=GAUR&block_code=3153002&panchayat_name=KUCHURUPUR&panchayat_code=3153002055&fin_year=2025-2026&source=&work_code=3153002055/RC/958486255823691325&msr_no=6235&AttendanceDate=22/03/2026&Digest=QbfwVsuY3Zjvw1YM9i0PYg",6
"BASTI","GAUR","MAJHAUVA CHAUBEY","3153002061/WC/958486255824213629","6525","https://mnregaweb4.nic.in/nregaarch/View_NMMS_atten_date_dtl_rpt.aspx?page=&short_name=UP&state_name=UTTAR%20PRADESH&state_code=31&district_name=BASTI&district_code=3153&block_name=GAUR&block_code=3153002&panchayat_name=MAJHAUVA%20CHAUBEY&panchayat_code=3153002061&fin_year=2025-2026&source=&work_code=3153002061/WC/958486255824213629&msr_no=6525&AttendanceDate=22/03/2026&Digest=+YYF6hhEPiva0+FTL1ws8g",1
"BASTI","GAUR","MAJHAUVA DUDTHNATH","3153002062/RC/958486255823694908","6551","https://mnregaweb4.nic.in/nregaarch/View_NMMS_atten_date_dtl_rpt.aspx?page=&short_name=UP&state_name=UTTAR%20PRADESH&state_code=31&district_name=BASTI&district_code=3153&block_name=GAUR&block_code=3153002&panchayat_name=MAJHAUVA%20DUDTHNATH&panchayat_code=3153002062&fin_year=2025-2026&source=&work_code=3153002062/RC/958486255823694908&msr_no=6551&AttendanceDate=22/03/2026&Digest=LjnEswqI1bTcnFRpkQf4UQ",4
"BASTI","GAUR","MAJHAUVA DUDTHNATH","3153002062/RC/958486255823748554","6498","https://mnregaweb4.nic.in/nregaarch/View_NMMS_atten_date_dtl_rpt.aspx?page=&short_name=UP&state_name=UTTAR%20PRADESH&state_code=31&district_name=BASTI&district_code=3153&block_name=GAUR&block_code=3153002&panchayat_name=MAJHAUVA%20DUDTHNATH&panchayat_code=3153002062&fin_year=2025-2026&source=&work_code=3153002062/RC/958486255823748554&msr_no=6498&AttendanceDate=22/03/2026&Digest=UrLdeBfYOgApsjAMmrC5Ew",10
"BASTI","GAUR","RANIPUR BABU","3153002080/IC/958486255823745018","6306","https://mnregaweb4.nic.in/nregaarch/View_NMMS_atten_date_dtl_rpt.aspx?page=&short_name=UP&state_name=UTTAR%20PRADESH&state_code=31&district_name=BASTI&district_code=3153&block_name=GAUR&block_code=3153002&panchayat_name=RANIPUR%20BABU&panchayat_code=3153002080&fin_year=2025-2026&source=&work_code=3153002080/IC/958486255823745018&msr_no=6306&AttendanceDate=22/03/2026&Digest=n0D5lvZwM37kvEN+Dt3iyQ",8
"BASTI","GAUR","RANIPUR BABU","3153002080/IC/958486255823745018","6309","https://mnregaweb4.nic.in/nregaarch/View_NMMS_atten_date_dtl_rpt.aspx?page=&short_name=UP&state_name=UTTAR%20PRADESH&state_code=31&district_name=BASTI&district_code=3153&block_name=GAUR&block_code=3153002&panchayat_name=RANIPUR%20BABU&panchayat_code=3153002080&fin_year=2025-2026&source=&work_code=3153002080/IC/958486255823745018&msr_no=6309&AttendanceDate=22/03/2026&Digest=FXs9MHhV5XNwAgjavRRhDg",10
"BASTI","GAUR","RANIPUR BABU","3153002080/IC/958486255823745019","6580","https://mnregaweb4.nic.in/nregaarch/View_NMMS_atten_date_dtl_rpt.aspx?page=&short_name=UP&state_name=UTTAR%20PRADESH&state_code=31&district_name=BASTI&district_code=3153&block_name=GAUR&block_code=3153002&panchayat_name=RANIPUR%20BABU&panchayat_code=3153002080&fin_year=2025-2026&source=&work_code=3153002080/IC/958486255823745019&msr_no=6580&AttendanceDate=22/03/2026&Digest=dUjJ292JltB8L49EwAHRPw",9
"BASTI","GAUR","SUMAHI","3153002089/LD/YD/958486255825010403","6282","https://mnregaweb4.nic.in/nregaarch/View_NMMS_atten_date_dtl_rpt.aspx?page=&short_name=UP&state_name=UTTAR%20PRADESH&state_code=31&district_name=BASTI&district_code=3153&block_name=GAUR&block_code=3153002&panchayat_name=SUMAHI&panchayat_code=3153002089&fin_year=2025-2026&source=&work_code=3153002089/LD/YD/958486255825010403&msr_no=6282&AttendanceDate=22/03/2026&Digest=8MmmeejBUC9A+mKnhz1ooA",10
"BASTI","GAUR","TENUI CHET SINGH","3153002092/WC/958486255824251198","6260","https://mnregaweb4.nic.in/nregaarch/View_NMMS_atten_date_dtl_rpt.aspx?page=&short_name=UP&state_name=UTTAR%20PRADESH&state_code=31&district_name=BASTI&district_code=3153&block_name=GAUR&block_code=3153002&panchayat_name=TENUI%20CHET%20SINGH&panchayat_code=3153002092&fin_year=2025-2026&source=&work_code=3153002092/WC/958486255824251198&msr_no=6260&AttendanceDate=22/03/2026&Digest=swmnm5UUyAHppsETpXVTlg",10
"BASTI","GAUR","TENUI CHET SINGH","3153002092/WC/958486255824251198","6263","https://mnregaweb4.nic.in/nregaarch/View_NMMS_atten_date_dtl_rpt.aspx?page=&short_name=UP&state_name=UTTAR%20PRADESH&state_code=31&district_name=BASTI&district_code=3153&block_name=GAUR&block_code=3153002&panchayat_name=TENUI%20CHET%20SINGH&panchayat_code=3153002092&fin_year=2025-2026&source=&work_code=3153002092/WC/958486255824251198&msr_no=6263&AttendanceDate=22/03/2026&Digest=Su5PloB5RrJC7XfEtbA76g",10
"BASTI","GAUR","GHAGHARIYA","3153002094/RC/958486255823735160","6541","https://mnregaweb4.nic.in/nregaarch/View_NMMS_atten_date_dtl_rpt.aspx?page=&short_name=UP&state_name=UTTAR%20PRADESH&state_code=31&district_name=BASTI&district_code=3153&block_name=GAUR&block_code=3153002&panchayat_name=GHAGHARIYA&panchayat_code=3153002094&fin_year=2025-2026&source=&work_code=3153002094/RC/958486255823735160&msr_no=6541&AttendanceDate=22/03/2026&Digest=N858kqJ68xp5dRlGCucKCw",7
"BASTI","HARRAIYA","BHAIRO PUR","3153003027/RC/YD/958486255823736252","6943","https://mnregaweb4.nic.in/nregaarch/View_NMMS_atten_date_dtl_rpt.aspx?page=&short_name=UP&state_name=UTTAR%20PRADESH&state_code=31&district_name=BASTI&district_code=3153&block_name=HARRAIYA&block_code=3153003&panchayat_name=BHAIRO%20PUR&panchayat_code=3153003027&fin_year=2025-2026&source=&work_code=3153003027/RC/YD/958486255823736252&msr_no=6943&AttendanceDate=22/03/2026&Digest=iGJm0vTzbWMNtUHg4mexRA",10
"BASTI","HARRAIYA","BANS GAW","3153003031/LD/958486255824940352","6901","https://mnregaweb4.nic.in/nregaarch/View_NMMS_atten_date_dtl_rpt.aspx?page=&short_name=UP&state_name=UTTAR%20PRADESH&state_code=31&district_name=BASTI&district_code=3153&block_name=HARRAIYA&block_code=3153003&panchayat_name=BANS%20GAW&panchayat_code=3153003031&fin_year=2025-2026&source=&work_code=3153003031/LD/958486255824940352&msr_no=6901&AttendanceDate=22/03/2026&Digest=qXzBigNOUuZ+bAULF7E47A",6
"BASTI","HARRAIYA","SANGRAM PUR","3153003035/LD/958486255824958169","6824","https://mnregaweb4.nic.in/nregaarch/View_NMMS_atten_date_dtl_rpt.aspx?page=&short_name=UP&state_name=UTTAR%20PRADESH&state_code=31&district_name=BASTI&district_code=3153&block_name=HARRAIYA&block_code=3153003&panchayat_name=SANGRAM%20PUR&panchayat_code=3153003035&fin_year=2025-2026&source=&work_code=3153003035/LD/958486255824958169&msr_no=6824&AttendanceDate=22/03/2026&Digest=A8EQ8WEfzZm63bGNV+njAw",10
"BASTI","HARRAIYA","DUHWA MISHR","3153003037/LD/958486255824957650","6964","https://mnregaweb4.nic.in/nregaarch/View_NMMS_atten_date_dtl_rpt.aspx?page=&short_name=UP&state_name=UTTAR%20PRADESH&state_code=31&district_name=BASTI&district_code=3153&block_name=HARRAIYA&block_code=3153003&panchayat_name=DUHWA%20MISHR&panchayat_code=3153003037&fin_year=2025-2026&source=&work_code=3153003037/LD/958486255824957650&msr_no=6964&AttendanceDate=22/03/2026&Digest=shoSXtiSVUXQAESrg6s0iw",9
"BASTI","HARRAIYA","MARWATIA BHAWAN","3153003039/AV/958486255824176086","6918","https://mnregaweb4.nic.in/nregaarch/View_NMMS_atten_date_dtl_rpt.aspx?page=&short_name=UP&state_name=UTTAR%20PRADESH&state_code=31&district_name=BASTI&district_code=3153&block_name=HARRAIYA&block_code=3153003&panchayat_name=MARWATIA%20BHAWAN&panchayat_code=3153003039&fin_year=2025-2026&source=&work_code=3153003039/AV/958486255824176086&msr_no=6918&AttendanceDate=22/03/2026&Digest=Q345VSECQ8mHfuwgyddlaA",10
"BASTI","HARRAIYA","NADAYEN","3153003042/LD/958486255824955644","6905","https://mnregaweb4.nic.in/nregaarch/View_NMMS_atten_date_dtl_rpt.aspx?page=&short_name=UP&state_name=UTTAR%20PRADESH&state_code=31&district_name=BASTI&district_code=3153&block_name=HARRAIYA&block_code=3153003&panchayat_name=NADAYEN&panchayat_code=3153003042&fin_year=2025-2026&source=&work_code=3153003042/LD/958486255824955644&msr_no=6905&AttendanceDate=22/03/2026&Digest=+/FPZWyNMIaEvItm579NHA",10
"BASTI","HARRAIYA","NADAYEN","3153003042/LD/958486255824955644","6908","https://mnregaweb4.nic.in/nregaarch/View_NMMS_atten_date_dtl_rpt.aspx?page=&short_name=UP&state_name=UTTAR%20PRADESH&state_code=31&district_name=BASTI&district_code=3153&block_name=HARRAIYA&block_code=3153003&panchayat_name=NADAYEN&panchayat_code=3153003042&fin_year=2025-2026&source=&work_code=3153003042/LD/958486255824955644&msr_no=6908&AttendanceDate=22/03/2026&Digest=xzuhCC9QYkDBCSogbYokkw",10
"BASTI","HARRAIYA","NADAYEN","3153003042/LD/958486255824955644","6911","https://mnregaweb4.nic.in/nregaarch/View_NMMS_atten_date_dtl_rpt.aspx?page=&short_name=UP&state_name=UTTAR%20PRADESH&state_code=31&district_name=BASTI&district_code=3153&block_name=HARRAIYA&block_code=3153003&panchayat_name=NADAYEN&panchayat_code=3153003042&fin_year=2025-2026&source=&work_code=3153003042/LD/958486255824955644&msr_no=6911&AttendanceDate=22/03/2026&Digest=GOptwmCuX35HLxKQLPEVEQ",3
"BASTI","HARRAIYA","REWARA DAS","3153003047/LD/958486255825004745","6782","https://mnregaweb4.nic.in/nregaarch/View_NMMS_atten_date_dtl_rpt.aspx?page=&short_name=UP&state_name=UTTAR%20PRADESH&state_code=31&district_name=BASTI&district_code=3153&block_name=HARRAIYA&block_code=3153003&panchayat_name=REWARA%20DAS&panchayat_code=3153003047&fin_year=2025-2026&source=&work_code=3153003047/LD/958486255825004745&msr_no=6782&AttendanceDate=22/03/2026&Digest=glRSLT0hD7VGqP1FqDgosg",5
"BASTI","HARRAIYA","BHARGAWA","3153003058/LD/958486255824611296","6963","https://mnregaweb4.nic.in/nregaarch/View_NMMS_atten_date_dtl_rpt.aspx?page=&short_name=UP&state_name=UTTAR%20PRADESH&state_code=31&district_name=BASTI&district_code=3153&block_name=HARRAIYA&block_code=3153003&panchayat_name=BHARGAWA&panchayat_code=3153003058&fin_year=2025-2026&source=&work_code=3153003058/LD/958486255824611296&msr_no=6963&AttendanceDate=22/03/2026&Digest=Q+SwuCaNsQ50WAuHxPUK2A",9
"BASTI","HARRAIYA","LAVDAHA","3153003060/LD/958486255824959021","6785","https://mnregaweb4.nic.in/nregaarch/View_NMMS_atten_date_dtl_rpt.aspx?page=&short_name=UP&state_name=UTTAR%20PRADESH&state_code=31&district_name=BASTI&district_code=3153&block_name=HARRAIYA&block_code=3153003&panchayat_name=LAVDAHA&panchayat_code=3153003060&fin_year=2025-2026&source=&work_code=3153003060/LD/958486255824959021&msr_no=6785&AttendanceDate=22/03/2026&Digest=RqDMnrniZf4UoF3A2SCXgw",10
"BASTI","HARRAIYA","LAVDAHA","3153003060/LD/958486255825004605","6787","https://mnregaweb4.nic.in/nregaarch/View_NMMS_atten_date_dtl_rpt.aspx?page=&short_name=UP&state_name=UTTAR%20PRADESH&state_code=31&district_name=BASTI&district_code=3153&block_name=HARRAIYA&block_code=3153003&panchayat_name=LAVDAHA&panchayat_code=3153003060&fin_year=2025-2026&source=&work_code=3153003060/LD/958486255825004605&msr_no=6787&AttendanceDate=22/03/2026&Digest=6QCnhbc/mzFnaw+1dPUj1Q",3
"BASTI","BANKATI","PARASI","3153011076/RC/958486255823749924","9557","https://mnregaweb4.nic.in/nregaarch/View_NMMS_atten_date_dtl_rpt.aspx?page=&short_name=UP&state_name=UTTAR%20PRADESH&state_code=31&district_name=BASTI&district_code=3153&block_name=BANKATI&block_code=3153011&panchayat_name=PARASI&panchayat_code=3153011076&fin_year=2025-2026&source=&work_code=3153011076/RC/958486255823749924&msr_no=9557&AttendanceDate=22/03/2026&Digest=WJHvSdcbO6Uz07iaL2WL5Q",9
"BASTI","BANKATI","SOBHAN PAR","3153011087/LD/958486255824967557","9296","https://mnregaweb4.nic.in/nregaarch/View_NMMS_atten_date_dtl_rpt.aspx?page=&short_name=UP&state_name=UTTAR%20PRADESH&state_code=31&district_name=BASTI&district_code=3153&block_name=BANKATI&block_code=3153011&panchayat_name=SOBHAN%20PAR&panchayat_code=3153011087&fin_year=2025-2026&source=&work_code=3153011087/LD/958486255824967557&msr_no=9296&AttendanceDate=22/03/2026&Digest=cxZwbCKJpXlq72W7GNlpRw",8
"BASTI","BANKATI","MAHTHA","3153011096/IC/958486255823740167","9347","https://mnregaweb4.nic.in/nregaarch/View_NMMS_atten_date_dtl_rpt.aspx?page=&short_name=UP&state_name=UTTAR%20PRADESH&state_code=31&district_name=BASTI&district_code=3153&block_name=BANKATI&block_code=3153011&panchayat_name=MAHTHA&panchayat_code=3153011096&fin_year=2025-2026&source=&work_code=3153011096/IC/958486255823740167&msr_no=9347&AttendanceDate=22/03/2026&Digest=plKBz2zJyikApeD/8ejd5w",5
"BASTI","BANKATI","MAHTHA","3153011096/RC/958486255823749754","9543","https://mnregaweb4.nic.in/nregaarch/View_NMMS_atten_date_dtl_rpt.aspx?page=&short_name=UP&state_name=UTTAR%20PRADESH&state_code=31&district_name=BASTI&district_code=3153&block_name=BANKATI&block_code=3153011&panchayat_name=MAHTHA&panchayat_code=3153011096&fin_year=2025-2026&source=&work_code=3153011096/RC/958486255823749754&msr_no=9543&AttendanceDate=22/03/2026&Digest=aKiFjRKL9xM4HnUU5muWHA",8
"BASTI","BANKATI","PIPRA SUKRAULI","3153011099/RC/958486255823744508","9350","https://mnregaweb4.nic.in/nregaarch/View_NMMS_atten_date_dtl_rpt.aspx?page=&short_name=UP&state_name=UTTAR%20PRADESH&state_code=31&district_name=BASTI&district_code=3153&block_name=BANKATI&block_code=3153011&panchayat_name=PIPRA%20SUKRAULI&panchayat_code=3153011099&fin_year=2025-2026&source=&work_code=3153011099/RC/958486255823744508&msr_no=9350&AttendanceDate=22/03/2026&Digest=JRJDxa6G2ZagbE6FDvGopw",5
"BASTI","BANKATI","SISWA PANDEY","3153011101/IC/958486255823741153","9301","https://mnregaweb4.nic.in/nregaarch/View_NMMS_atten_date_dtl_rpt.aspx?page=&short_name=UP&state_name=UTTAR%20PRADESH&state_code=31&district_name=BASTI&district_code=3153&block_name=BANKATI&block_code=3153011&panchayat_name=SISWA%20PANDEY&panchayat_code=3153011101&fin_year=2025-2026&source=&work_code=3153011101/IC/958486255823741153&msr_no=9301&AttendanceDate=22/03/2026&Digest=Lo5QT9zp5x5EOGnGQ8KOig",9
"BASTI","BANKATI","GULAURA","3153011112/RC/958486255823716060","9459","https://mnregaweb4.nic.in/nregaarch/View_NMMS_atten_date_dtl_rpt.aspx?page=&short_name=UP&state_name=UTTAR%20PRADESH&state_code=31&district_name=BASTI&district_code=3153&block_name=BANKATI&block_code=3153011&panchayat_name=GULAURA&panchayat_code=3153011112&fin_year=2025-2026&source=&work_code=3153011112/RC/958486255823716060&msr_no=9459&AttendanceDate=22/03/2026&Digest=h3ukkmuc7Gb9SVDFf1iTQg",5
"BASTI","BANKATI","GUDI","3153011113/WC/958486255824167039","9472","https://mnregaweb4.nic.in/nregaarch/View_NMMS_atten_date_dtl_rpt.aspx?page=&short_name=UP&state_name=UTTAR%20PRADESH&state_code=31&district_name=BASTI&district_code=3153&block_name=BANKATI&block_code=3153011&panchayat_name=GUDI&panchayat_code=3153011113&fin_year=2025-2026&source=&work_code=3153011113/WC/958486255824167039&msr_no=9472&AttendanceDate=22/03/2026&Digest=wLi8KO2Ks9TIGJMX3gf0eg",5
"BASTI","BANKATI","GUDI","3153011113/WC/958486255824167039","9475","https://mnregaweb4.nic.in/nregaarch/View_NMMS_atten_date_dtl_rpt.aspx?page=&short_name=UP&state_name=UTTAR%20PRADESH&state_code=31&district_name=BASTI&district_code=3153&block_name=BANKATI&block_code=3153011&panchayat_name=GUDI&panchayat_code=3153011113&fin_year=2025-2026&source=&work_code=3153011113/WC/958486255824167039&msr_no=9475&AttendanceDate=22/03/2026&Digest=PzhYqMefcgmeJYN29FfsGQ",5
"BASTI","BASTI","BARSANV","3153010009/RC/958486255823747490","4375","https://mnregaweb4.nic.in/nregaarch/View_NMMS_atten_date_dtl_rpt.aspx?page=&short_name=UP&state_name=UTTAR%20PRADESH&state_code=31&district_name=BASTI&district_code=3153&block_name=BASTI&block_code=3153010&panchayat_name=BARSANV&panchayat_code=3153010009&fin_year=2025-2026&source=&work_code=3153010009/RC/958486255823747490&msr_no=4375&AttendanceDate=22/03/2026&Digest=WmXVA/1tpE8pIkRYJUMk5w",3
"BASTI","BASTI","BELHARA","3153010013/RC/958486255823644833","4399","https://mnregaweb4.nic.in/nregaarch/View_NMMS_atten_date_dtl_rpt.aspx?page=&short_name=UP&state_name=UTTAR%20PRADESH&state_code=31&district_name=BASTI&district_code=3153&block_name=BASTI&block_code=3153010&panchayat_name=BELHARA&panchayat_code=3153010013&fin_year=2025-2026&source=&work_code=3153010013/RC/958486255823644833&msr_no=4399&AttendanceDate=22/03/2026&Digest=F4XrMuYQotkPAWmhj8JT5A",8
"BASTI","BASTI","CHILWNIYA","3153010025/AV/958486255824144915","4403","https://mnregaweb4.nic.in/nregaarch/View_NMMS_atten_date_dtl_rpt.aspx?page=&short_name=UP&state_name=UTTAR%20PRADESH&state_code=31&district_name=BASTI&district_code=3153&block_name=BASTI&block_code=3153010&panchayat_name=CHILWNIYA&panchayat_code=3153010025&fin_year=2025-2026&source=&work_code=3153010025/AV/958486255824144915&msr_no=4403&AttendanceDate=22/03/2026&Digest=yZJA7VYiPF4Ub61S/+s30A",6
"BASTI","BASTI","MAHSO","3153010057/WH/958486255824012356","4368","https://mnregaweb4.nic.in/nregaarch/View_NMMS_atten_date_dtl_rpt.aspx?page=&short_name=UP&state_name=UTTAR%20PRADESH&state_code=31&district_name=BASTI&district_code=3153&block_name=BASTI&block_code=3153010&panchayat_name=MAHSO&panchayat_code=3153010057&fin_year=2025-2026&source=&work_code=3153010057/WH/958486255824012356&msr_no=4368&AttendanceDate=22/03/2026&Digest=kUNzoG62WRu/bbFQWtLf2w",3
"BASTI","BASTI","RAIKWAR","3153010070/RC/958486255823675819","4382","https://mnregaweb4.nic.in/nregaarch/View_NMMS_atten_date_dtl_rpt.aspx?page=&short_name=UP&state_name=UTTAR%20PRADESH&state_code=31&district_name=BASTI&district_code=3153&block_name=BASTI&block_code=3153010&panchayat_name=RAIKWAR&panchayat_code=3153010070&fin_year=2025-2026&source=&work_code=3153010070/RC/958486255823675819&msr_no=4382&AttendanceDate=22/03/2026&Digest=0B1OTDkNDlmISOeS9DyPPQ",6
"BASTI","DUBAULIYA","ASHOK PUR","3153014003/AV/958486255824174592","4342","https://mnregaweb4.nic.in/nregaarch/View_NMMS_atten_date_dtl_rpt.aspx?page=&short_name=UP&state_name=UTTAR%20PRADESH&state_code=31&district_name=BASTI&district_code=3153&block_name=DUBAULIYA&block_code=3153014&panchayat_name=ASHOK%20PUR&panchayat_code=3153014003&fin_year=2025-2026&source=&work_code=3153014003/AV/958486255824174592&msr_no=4342&AttendanceDate=22/03/2026&Digest=JX5zIa+0BpHL1gAK7hNDJg",3
"BASTI","DUBAULIYA","PAKRI CHAUHAAN","3153014006/AV/958486255824187517","4308","https://mnregaweb4.nic.in/nregaarch/View_NMMS_atten_date_dtl_rpt.aspx?page=&short_name=UP&state_name=UTTAR%20PRADESH&state_code=31&district_name=BASTI&district_code=3153&block_name=DUBAULIYA&block_code=3153014&panchayat_name=PAKRI%20CHAUHAAN&panchayat_code=3153014006&fin_year=2025-2026&source=&work_code=3153014006/AV/958486255824187517&msr_no=4308&AttendanceDate=22/03/2026&Digest=qk2rFrijKvJ/mKcrspT4tg",9
"BASTI","DUBAULIYA","HENGAPUR","3153014012/RC/958486255823752058","4327","https://mnregaweb4.nic.in/nregaarch/View_NMMS_atten_date_dtl_rpt.aspx?page=&short_name=UP&state_name=UTTAR%20PRADESH&state_code=31&district_name=BASTI&district_code=3153&block_name=DUBAULIYA&block_code=3153014&panchayat_name=HENGAPUR&panchayat_code=3153014012&fin_year=2025-2026&source=&work_code=3153014012/RC/958486255823752058&msr_no=4327&AttendanceDate=22/03/2026&Digest=W1x/3QS/uka4AhYgpJ+UlQ",10
"BASTI","DUBAULIYA","GULAWARI","3153014014/RC/958486255823749921","4277","https://mnregaweb4.nic.in/nregaarch/View_NMMS_atten_date_dtl_rpt.aspx?page=&short_name=UP&state_name=UTTAR%20PRADESH&state_code=31&district_name=BASTI&district_code=3153&block_name=DUBAULIYA&block_code=3153014&panchayat_name=GULAWARI&panchayat_code=3153014014&fin_year=2025-2026&source=&work_code=3153014014/RC/958486255823749921&msr_no=4277&AttendanceDate=22/03/2026&Digest=+AUgnWKCUP/h3yFqftN3jw",10
"BASTI","DUBAULIYA","BAIRAGAL","3153014027/RC/958486255823703417","4228","https://mnregaweb4.nic.in/nregaarch/View_NMMS_atten_date_dtl_rpt.aspx?page=&short_name=UP&state_name=UTTAR%20PRADESH&state_code=31&district_name=BASTI&district_code=3153&block_name=DUBAULIYA&block_code=3153014&panchayat_name=BAIRAGAL&panchayat_code=3153014027&fin_year=2025-2026&source=&work_code=3153014027/RC/958486255823703417&msr_no=4228&AttendanceDate=22/03/2026&Digest=U0pQ+PmFOaJpyIStZU67rQ",2
"BASTI","DUBAULIYA","DUBAULIYA","3153014029/RC/958486255823737184","4117","https://mnregaweb4.nic.in/nregaarch/View_NMMS_atten_date_dtl_rpt.aspx?page=&short_name=UP&state_name=UTTAR%20PRADESH&state_code=31&district_name=BASTI&district_code=3153&block_name=DUBAULIYA&block_code=3153014&panchayat_name=DUBAULIYA&panchayat_code=3153014029&fin_year=2025-2026&source=&work_code=3153014029/RC/958486255823737184&msr_no=4117&AttendanceDate=22/03/2026&Digest=bCgPVeXPE3M6LOTZh5srsg",8
"BASTI","DUBAULIYA","LAXMANPUR","3153014030/LD/958486255824889824","4106","https://mnregaweb4.nic.in/nregaarch/View_NMMS_atten_date_dtl_rpt.aspx?page=&short_name=UP&state_name=UTTAR%20PRADESH&state_code=31&district_name=BASTI&district_code=3153&block_name=DUBAULIYA&block_code=3153014&panchayat_name=LAXMANPUR&panchayat_code=3153014030&fin_year=2025-2026&source=&work_code=3153014030/LD/958486255824889824&msr_no=4106&AttendanceDate=22/03/2026&Digest=OspFUFC+dxnuRuF3HSGXUQ",8
"BASTI","DUBAULIYA","SARIYA ATIBAL","3153014031/LD/958486255824953898","4138","https://mnregaweb4.nic.in/nregaarch/View_NMMS_atten_date_dtl_rpt.aspx?page=&short_name=UP&state_name=UTTAR%20PRADESH&state_code=31&district_name=BASTI&district_code=3153&block_name=DUBAULIYA&block_code=3153014&panchayat_name=SARIYA%20ATIBAL&panchayat_code=3153014031&fin_year=2025-2026&source=&work_code=3153014031/LD/958486255824953898&msr_no=4138&AttendanceDate=22/03/2026&Digest=ULM5bTP1SvYXy8SdGOZlIw",10
"BASTI","DUBAULIYA","BHAKRAHI","3153014035/RC/958486255823750364","4236","https://mnregaweb4.nic.in/nregaarch/View_NMMS_atten_date_dtl_rpt.aspx?page=&short_name=UP&state_name=UTTAR%20PRADESH&state_code=31&district_name=BASTI&district_code=3153&block_name=DUBAULIYA&block_code=3153014&panchayat_name=BHAKRAHI&panchayat_code=3153014035&fin_year=2025-2026&source=&work_code=3153014035/RC/958486255823750364&msr_no=4236&AttendanceDate=22/03/2026&Digest=I+4Ag9LbQEhH3PJTgYaTvg",6
"BASTI","DUBAULIYA","BHAKRAHI","3153014035/RC/958486255823751006","4239","https://mnregaweb4.nic.in/nregaarch/View_NMMS_atten_date_dtl_rpt.aspx?page=&short_name=UP&state_name=UTTAR%20PRADESH&state_code=31&district_name=BASTI&district_code=3153&block_name=DUBAULIYA&block_code=3153014&panchayat_name=BHAKRAHI&panchayat_code=3153014035&fin_year=2025-2026&source=&work_code=3153014035/RC/958486255823751006&msr_no=4239&AttendanceDate=22/03/2026&Digest=M8KFLCRq1XoFIoAFKcKJ6w",1
"BASTI","DUBAULIYA","KEVARI MUSTAHKAM","3153014040/RC/958486255823615820","4105","https://mnregaweb4.nic.in/nregaarch/View_NMMS_atten_date_dtl_rpt.aspx?page=&short_name=UP&state_name=UTTAR%20PRADESH&state_code=31&district_name=BASTI&district_code=3153&block_name=DUBAULIYA&block_code=3153014&panchayat_name=KEVARI%20MUSTAHKAM&panchayat_code=3153014040&fin_year=2025-2026&source=&work_code=3153014040/RC/958486255823615820&msr_no=4105&AttendanceDate=22/03/2026&Digest=NrxCE/LVz8DkbocUfjxnjw",6
"BASTI","DUBAULIYA","SARAIYA BAKSI","3153014046/RC/958486255823647641","4194","https://mnregaweb4.nic.in/nregaarch/View_NMMS_atten_date_dtl_rpt.aspx?page=&short_name=UP&state_name=UTTAR%20PRADESH&state_code=31&district_name=BASTI&district_code=3153&block_name=DUBAULIYA&block_code=3153014&panchayat_name=SARAIYA%20BAKSI&panchayat_code=3153014046&fin_year=2025-2026&source=&work_code=3153014046/RC/958486255823647641&msr_no=4194&AttendanceDate=22/03/2026&Digest=PD7yxShIrLOeZFKGc56nSA",2
"BASTI","DUBAULIYA","SARAIYA BAKSI","3153014046/RC/958486255823727877","4198","https://mnregaweb4.nic.in/nregaarch/View_NMMS_atten_date_dtl_rpt.aspx?page=&short_name=UP&state_name=UTTAR%20PRADESH&state_code=31&district_name=BASTI&district_code=3153&block_name=DUBAULIYA&block_code=3153014&panchayat_name=SARAIYA%20BAKSI&panchayat_code=3153014046&fin_year=2025-2026&source=&work_code=3153014046/RC/958486255823727877&msr_no=4198&AttendanceDate=22/03/2026&Digest=uN76bNf4ixSvKVLbEEEmkg",7
"BASTI","DUBAULIYA","SARAIYA BAKSI","3153014046/RC/958486255823727878","4202","https://mnregaweb4.nic.in/nregaarch/View_NMMS_atten_date_dtl_rpt.aspx?page=&short_name=UP&state_name=UTTAR%20PRADESH&state_code=31&district_name=BASTI&district_code=3153&block_name=DUBAULIYA&block_code=3153014&panchayat_name=SARAIYA%20BAKSI&panchayat_code=3153014046&fin_year=2025-2026&source=&work_code=3153014046/RC/958486255823727878&msr_no=4202&AttendanceDate=22/03/2026&Digest=TZ0rChpk7prCIw1VIgiVhQ",9
"BASTI","DUBAULIYA","BARSAV","3153014055/RC/958486255823751326","4319","https://mnregaweb4.nic.in/nregaarch/View_NMMS_atten_date_dtl_rpt.aspx?page=&short_name=UP&state_name=UTTAR%20PRADESH&state_code=31&district_name=BASTI&district_code=3153&block_name=DUBAULIYA&block_code=3153014&panchayat_name=BARSAV&panchayat_code=3153014055&fin_year=2025-2026&source=&work_code=3153014055/RC/958486255823751326&msr_no=4319&AttendanceDate=22/03/2026&Digest=KFcUaEIrl09h2DTt9c4ZxA",2
"BASTI","DUBAULIYA","BARSAV","3153014055/WH/958486255823263333","4093","https://mnregaweb4.nic.in/nregaarch/View_NMMS_atten_date_dtl_rpt.aspx?page=&short_name=UP&state_name=UTTAR%20PRADESH&state_code=31&district_name=BASTI&district_code=3153&block_name=DUBAULIYA&block_code=3153014&panchayat_name=BARSAV&panchayat_code=3153014055&fin_year=2025-2026&source=&work_code=3153014055/WH/958486255823263333&msr_no=4093&AttendanceDate=22/03/2026&Digest=+m9+JodfCc9U2CYYGx1NFQ",8
"BASTI","DUBAULIYA","BARSAV","3153014055/WH/958486255823263333","4096","https://mnregaweb4.nic.in/nregaarch/View_NMMS_atten_date_dtl_rpt.aspx?page=&short_name=UP&state_name=UTTAR%20PRADESH&state_code=31&district_name=BASTI&district_code=3153&block_name=DUBAULIYA&block_code=3153014&panchayat_name=BARSAV&panchayat_code=3153014055&fin_year=2025-2026&source=&work_code=3153014055/WH/958486255823263333&msr_no=4096&AttendanceDate=22/03/2026&Digest=OMhstmItX3xjs/Rd+uawfA",9
"BASTI","GAUR","AIALAKLA","3153002003/RC/958486255823748284","6535","https://mnregaweb4.nic.in/nregaarch/View_NMMS_atten_date_dtl_rpt.aspx?page=&short_name=UP&state_name=UTTAR%20PRADESH&state_code=31&district_name=BASTI&district_code=3153&block_name=GAUR&block_code=3153002&panchayat_name=AIALAKLA&panchayat_code=3153002003&fin_year=2025-2026&source=&work_code=3153002003/RC/958486255823748284&msr_no=6535&AttendanceDate=22/03/2026&Digest=XjFpI+ZP1dvmNPtbvW5ahw",8
"BASTI","GAUR","BADHANI","3153002008/RC/958486255823745355","6431","https://mnregaweb4.nic.in/nregaarch/View_NMMS_atten_date_dtl_rpt.aspx?page=&short_name=UP&state_name=UTTAR%20PRADESH&state_code=31&district_name=BASTI&district_code=3153&block_name=GAUR&block_code=3153002&panchayat_name=BADHANI&panchayat_code=3153002008&fin_year=2025-2026&source=&work_code=3153002008/RC/958486255823745355&msr_no=6431&AttendanceDate=22/03/2026&Digest=QHNhJou+vC4oemKEuTyP8w",4
"BASTI","GAUR","BADYA","3153002009/IC/958486255823728560","6238","https://mnregaweb4.nic.in/nregaarch/View_NMMS_atten_date_dtl_rpt.aspx?page=&short_name=UP&state_name=UTTAR%20PRADESH&state_code=31&district_name=BASTI&district_code=3153&block_name=GAUR&block_code=3153002&panchayat_name=BADYA&panchayat_code=3153002009&fin_year=2025-2026&source=&work_code=3153002009/IC/958486255823728560&msr_no=6238&AttendanceDate=22/03/2026&Digest=F99yqQ/Vv3V4tbiud1gJpA",10
"BASTI","GAUR","BALUA CHAUBE","3153002013/RC/958486255823733175","6360","https://mnregaweb4.nic.in/nregaarch/View_NMMS_atten_date_dtl_rpt.aspx?page=&short_name=UP&state_name=UTTAR%20PRADESH&state_code=31&district_name=BASTI&district_code=3153&block_name=GAUR&block_code=3153002&panchayat_name=BALUA%20CHAUBE&panchayat_code=3153002013&fin_year=2025-2026&source=&work_code=3153002013/RC/958486255823733175&msr_no=6360&AttendanceDate=22/03/2026&Digest=I0Y2YtgJUGOGf6bOa2u67g",3
"BASTI","GAUR","BABHANGAVA KHURD","3153002014/AV/958486255824173084","6347","https://mnregaweb4.nic.in/nregaarch/View_NMMS_atten_date_dtl_rpt.aspx?page=&short_name=UP&state_name=UTTAR%20PRADESH&state_code=31&district_name=BASTI&district_code=3153&block_name=GAUR&block_code=3153002&panchayat_name=BABHANGAVA%20KHURD&panchayat_code=3153002014&fin_year=2025-2026&source=&work_code=3153002014/AV/958486255824173084&msr_no=6347&AttendanceDate=22/03/2026&Digest=HDj9M0GXae2TV76ZjW5yvQ",8
"BASTI","GAUR","BABHANGAVA KHURD","3153002014/RC/958486255823655895","6587","https://mnregaweb4.nic.in/nregaarch/View_NMMS_atten_date_dtl_rpt.aspx?page=&short_name=UP&state_name=UTTAR%20PRADESH&state_code=31&district_name=BASTI&district_code=3153&block_name=GAUR&block_code=3153002&panchayat_name=BABHANGAVA%20KHURD&panchayat_code=3153002014&fin_year=2025-2026&source=&work_code=3153002014/RC/958486255823655895&msr_no=6587&AttendanceDate=22/03/2026&Digest=i2tDlgW0P99PX31QjVh69w",5
"BASTI","GAUR","BAWAR PARA","3153002017/AV/958486255824164250","6506","https://mnregaweb4.nic.in/nregaarch/View_NMMS_atten_date_dtl_rpt.aspx?page=&short_name=UP&state_name=UTTAR%20PRADESH&state_code=31&district_name=BASTI&district_code=3153&block_name=GAUR&block_code=3153002&panchayat_name=BAWAR%20PARA&panchayat_code=3153002017&fin_year=2025-2026&source=&work_code=3153002017/AV/958486255824164250&msr_no=6506&AttendanceDate=22/03/2026&Digest=VC5fPtwlOB6x+QaJhgcH6g",9
"BASTI","GAUR","DEGRAHA","3153002035/WC/958486255824252593","6275","https://mnregaweb4.nic.in/nregaarch/View_NMMS_atten_date_dtl_rpt.aspx?page=&short_name=UP&state_name=UTTAR%20PRADESH&state_code=31&district_name=BASTI&district_code=3153&block_name=GAUR&block_code=3153002&panchayat_name=DEGRAHA&panchayat_code=3153002035&fin_year=2025-2026&source=&work_code=3153002035/WC/958486255824252593&msr_no=6275&AttendanceDate=22/03/2026&Digest=VygyblaVt+gR/3K4Sw7kXQ",6
"BASTI","GAUR","DUHAWA","3153002038/LD/958486255824947013","6326","https://mnregaweb4.nic.in/nregaarch/View_NMMS_atten_date_dtl_rpt.aspx?page=&short_name=UP&state_name=UTTAR%20PRADESH&state_code=31&district_name=BASTI&district_code=3153&block_name=GAUR&block_code=3153002&panchayat_name=DUHAWA&panchayat_code=3153002038&fin_year=2025-2026&source=&work_code=3153002038/LD/958486255824947013&msr_no=6326&AttendanceDate=22/03/2026&Digest=OfU+AtEieeW+1tYoeS3Ulw",10
"BASTI","GAUR","DUHAWA","3153002038/RC/958486255823747057","6434","https://mnregaweb4.nic.in/nregaarch/View_NMMS_atten_date_dtl_rpt.aspx?page=&short_name=UP&state_name=UTTAR%20PRADESH&state_code=31&district_name=BASTI&district_code=3153&block_name=GAUR&block_code=3153002&panchayat_name=DUHAWA&panchayat_code=3153002038&fin_year=2025-2026&source=&work_code=3153002038/RC/958486255823747057&msr_no=6434&AttendanceDate=22/03/2026&Digest=+m5AaY+me5AZCMICK05CsQ",10
"BASTI","BANKATI","MANIKAURAN KALA","3153011095/RC/958486255823744045","9519","https://mnregaweb4.nic.in/nregaarch/View_NMMS_atten_date_dtl_rpt.aspx?page=&short_name=UP&state_name=UTTAR%20PRADESH&state_code=31&district_name=BASTI&district_code=3153&block_name=BANKATI&block_code=3153011&panchayat_name=MANIKAURAN%20KALA&panchayat_code=3153011095&fin_year=2025-2026&source=&work_code=3153011095/RC/958486255823744045&msr_no=9519&AttendanceDate=22/03/2026&Digest=s2X8S1UxkYdW/UOP7TO3vA",5
"BASTI","BANKATI","MAHTHA","3153011096/RC/958486255823749754","9542","https://mnregaweb4.nic.in/nregaarch/View_NMMS_atten_date_dtl_rpt.aspx?page=&short_name=UP&state_name=UTTAR%20PRADESH&state_code=31&district_name=BASTI&district_code=3153&block_name=BANKATI&block_code=3153011&panchayat_name=MAHTHA&panchayat_code=3153011096&fin_year=2025-2026&source=&work_code=3153011096/RC/958486255823749754&msr_no=9542&AttendanceDate=22/03/2026&Digest=iqRtb/4JfbVvxUm+K4HErA",8
"BASTI","BANKATI","MAHTHA","3153011096/RC/958486255823749757","9535","https://mnregaweb4.nic.in/nregaarch/View_NMMS_atten_date_dtl_rpt.aspx?page=&short_name=UP&state_name=UTTAR%20PRADESH&state_code=31&district_name=BASTI&district_code=3153&block_name=BANKATI&block_code=3153011&panchayat_name=MAHTHA&panchayat_code=3153011096&fin_year=2025-2026&source=&work_code=3153011096/RC/958486255823749757&msr_no=9535&AttendanceDate=22/03/2026&Digest=nuUhCXj2uNdTJo/7v55ToQ",8
"BASTI","BANKATI","PIPRA SUKRAULI","3153011099/RC/958486255823744508","9349","https://mnregaweb4.nic.in/nregaarch/View_NMMS_atten_date_dtl_rpt.aspx?page=&short_name=UP&state_name=UTTAR%20PRADESH&state_code=31&district_name=BASTI&district_code=3153&block_name=BANKATI&block_code=3153011&panchayat_name=PIPRA%20SUKRAULI&panchayat_code=3153011099&fin_year=2025-2026&source=&work_code=3153011099/RC/958486255823744508&msr_no=9349&AttendanceDate=22/03/2026&Digest=GFghzMpRp8OaHnoyqjXH+A",10
"BASTI","BANKATI","GUDI","3153011113/WC/958486255824167039","9471","https://mnregaweb4.nic.in/nregaarch/View_NMMS_atten_date_dtl_rpt.aspx?page=&short_name=UP&state_name=UTTAR%20PRADESH&state_code=31&district_name=BASTI&district_code=3153&block_name=BANKATI&block_code=3153011&panchayat_name=GUDI&panchayat_code=3153011113&fin_year=2025-2026&source=&work_code=3153011113/WC/958486255824167039&msr_no=9471&AttendanceDate=22/03/2026&Digest=/0WBcIavOIxCuK/jauDNog",6
"BASTI","BASTI","BHUWANI","3153010019/LD/958486255824991864","4370","https://mnregaweb4.nic.in/nregaarch/View_NMMS_atten_date_dtl_rpt.aspx?page=&short_name=UP&state_name=UTTAR%20PRADESH&state_code=31&district_name=BASTI&district_code=3153&block_name=BASTI&block_code=3153010&panchayat_name=BHUWANI&panchayat_code=3153010019&fin_year=2025-2026&source=&work_code=3153010019/LD/958486255824991864&msr_no=4370&AttendanceDate=22/03/2026&Digest=vCJCwLH+g+H4d/KRIQ5N/g",6
"BASTI","BASTI","RAI PURA JUNGEL","3153010069/AV/958486255824176808","4390","https://mnregaweb4.nic.in/nregaarch/View_NMMS_atten_date_dtl_rpt.aspx?page=&short_name=UP&state_name=UTTAR%20PRADESH&state_code=31&district_name=BASTI&district_code=3153&block_name=BASTI&block_code=3153010&panchayat_name=RAI%20PURA%20JUNGEL&panchayat_code=3153010069&fin_year=2025-2026&source=&work_code=3153010069/AV/958486255824176808&msr_no=4390&AttendanceDate=22/03/2026&Digest=01wKWe896g/EyEr6RxaW0A",1
"BASTI","BASTI","NANDPUR","3153010101/RC/958486255823733031","4408","https://mnregaweb4.nic.in/nregaarch/View_NMMS_atten_date_dtl_rpt.aspx?page=&short_name=UP&state_name=UTTAR%20PRADESH&state_code=31&district_name=BASTI&district_code=3153&block_name=BASTI&block_code=3153010&panchayat_name=NANDPUR&panchayat_code=3153010101&fin_year=2025-2026&source=&work_code=3153010101/RC/958486255823733031&msr_no=4408&AttendanceDate=22/03/2026&Digest=E8FpRDDI3kVSQDMuRe9e6A",2
"BASTI","DUBAULIYA","CHILMAPARSAN","3153014004/RC/958486255823661852","4333","https://mnregaweb4.nic.in/nregaarch/View_NMMS_atten_date_dtl_rpt.aspx?page=&short_name=UP&state_name=UTTAR%20PRADESH&state_code=31&district_name=BASTI&district_code=3153&block_name=DUBAULIYA&block_code=3153014&panchayat_name=CHILMAPARSAN&panchayat_code=3153014004&fin_year=2025-2026&source=&work_code=3153014004/RC/958486255823661852&msr_no=4333&AttendanceDate=22/03/2026&Digest=FoFaXzI/r104X0/+wqucOQ",10
"BASTI","DUBAULIYA","HENGAPUR","3153014012/RC/958486255823752058","4328","https://mnregaweb4.nic.in/nregaarch/View_NMMS_atten_date_dtl_rpt.aspx?page=&short_name=UP&state_name=UTTAR%20PRADESH&state_code=31&district_name=BASTI&district_code=3153&block_name=DUBAULIYA&block_code=3153014&panchayat_name=HENGAPUR&panchayat_code=3153014012&fin_year=2025-2026&source=&work_code=3153014012/RC/958486255823752058&msr_no=4328&AttendanceDate=22/03/2026&Digest=H0PqkWS1qZsPbdDqPmbcOw",3
"BASTI","DUBAULIYA","DEWRAGANGWAR","3153014015/LD/958486255825001480","4187","https://mnregaweb4.nic.in/nregaarch/View_NMMS_atten_date_dtl_rpt.aspx?page=&short_name=UP&state_name=UTTAR%20PRADESH&state_code=31&district_name=BASTI&district_code=3153&block_name=DUBAULIYA&block_code=3153014&panchayat_name=DEWRAGANGWAR&panchayat_code=3153014015&fin_year=2025-2026&source=&work_code=3153014015/LD/958486255825001480&msr_no=4187&AttendanceDate=22/03/2026&Digest=4dqCdQNSiYwybkqk0XGpCw",10
"BASTI","DUBAULIYA","DEWRAGANGWAR","3153014015/LD/958486255825001487","4192","https://mnregaweb4.nic.in/nregaarch/View_NMMS_atten_date_dtl_rpt.aspx?page=&short_name=UP&state_name=UTTAR%20PRADESH&state_code=31&district_name=BASTI&district_code=3153&block_name=DUBAULIYA&block_code=3153014&panchayat_name=DEWRAGANGWAR&panchayat_code=3153014015&fin_year=2025-2026&source=&work_code=3153014015/LD/958486255825001487&msr_no=4192&AttendanceDate=22/03/2026&Digest=nKJRDlSXCk0gzlHA3CRb0Q",3
"BASTI","DUBAULIYA","RAM NAGAR","3153014020/RC/958486255823749962","4186","https://mnregaweb4.nic.in/nregaarch/View_NMMS_atten_date_dtl_rpt.aspx?page=&short_name=UP&state_name=UTTAR%20PRADESH&state_code=31&district_name=BASTI&district_code=3153&block_name=DUBAULIYA&block_code=3153014&panchayat_name=RAM%20NAGAR&panchayat_code=3153014020&fin_year=2025-2026&source=&work_code=3153014020/RC/958486255823749962&msr_no=4186&AttendanceDate=22/03/2026&Digest=CW5k/QRKinWiiwZ/SvVZqQ",2
"BASTI","DUBAULIYA","PAYAK PUR","3153014025/RC/958486255823750843","4307","https://mnregaweb4.nic.in/nregaarch/View_NMMS_atten_date_dtl_rpt.aspx?page=&short_name=UP&state_name=UTTAR%20PRADESH&state_code=31&district_name=BASTI&district_code=3153&block_name=DUBAULIYA&block_code=3153014&panchayat_name=PAYAK%20PUR&panchayat_code=3153014025&fin_year=2025-2026&source=&work_code=3153014025/RC/958486255823750843&msr_no=4307&AttendanceDate=22/03/2026&Digest=FhBkA74pW29YI+34U+VNzA",1
"BASTI","DUBAULIYA","BHIURA","3153014026/RC/958486255823732619","4339","https://mnregaweb4.nic.in/nregaarch/View_NMMS_atten_date_dtl_rpt.aspx?page=&short_name=UP&state_name=UTTAR%20PRADESH&state_code=31&district_name=BASTI&district_code=3153&block_name=DUBAULIYA&block_code=3153014&panchayat_name=BHIURA&panchayat_code=3153014026&fin_year=2025-2026&source=&work_code=3153014026/RC/958486255823732619&msr_no=4339&AttendanceDate=22/03/2026&Digest=YS/vYmUZxT+Pos3gN0i6NQ",5
"BASTI","DUBAULIYA","SARIYA ATIBAL","3153014031/LD/958486255824953898","4137","https://mnregaweb4.nic.in/nregaarch/View_NMMS_atten_date_dtl_rpt.aspx?page=&short_name=UP&state_name=UTTAR%20PRADESH&state_code=31&district_name=BASTI&district_code=3153&block_name=DUBAULIYA&block_code=3153014&panchayat_name=SARIYA%20ATIBAL&panchayat_code=3153014031&fin_year=2025-2026&source=&work_code=3153014031/LD/958486255824953898&msr_no=4137&AttendanceDate=22/03/2026&Digest=4xdBSJm8Vpt6ayEaPYT8Gg",9
"BASTI","DUBAULIYA","BHAKRAHI","3153014035/RC/958486255823750364","4233","https://mnregaweb4.nic.in/nregaarch/View_NMMS_atten_date_dtl_rpt.aspx?page=&short_name=UP&state_name=UTTAR%20PRADESH&state_code=31&district_name=BASTI&district_code=3153&block_name=DUBAULIYA&block_code=3153014&panchayat_name=BHAKRAHI&panchayat_code=3153014035&fin_year=2025-2026&source=&work_code=3153014035/RC/958486255823750364&msr_no=4233&AttendanceDate=22/03/2026&Digest=K8MV6n1fwG21ZtswCjKkOQ",7
"BASTI","DUBAULIYA","BHAKRAHI","3153014035/RC/958486255823750365","4160","https://mnregaweb4.nic.in/nregaarch/View_NMMS_atten_date_dtl_rpt.aspx?page=&short_name=UP&state_name=UTTAR%20PRADESH&state_code=31&district_name=BASTI&district_code=3153&block_name=DUBAULIYA&block_code=3153014&panchayat_name=BHAKRAHI&panchayat_code=3153014035&fin_year=2025-2026&source=&work_code=3153014035/RC/958486255823750365&msr_no=4160&AttendanceDate=22/03/2026&Digest=wifLCdW6DFe/JINlwNB80Q",7
"BASTI","DUBAULIYA","BHAKRAHI","3153014035/RC/958486255823751006","4237","https://mnregaweb4.nic.in/nregaarch/View_NMMS_atten_date_dtl_rpt.aspx?page=&short_name=UP&state_name=UTTAR%20PRADESH&state_code=31&district_name=BASTI&district_code=3153&block_name=DUBAULIYA&block_code=3153014&panchayat_name=BHAKRAHI&panchayat_code=3153014035&fin_year=2025-2026&source=&work_code=3153014035/RC/958486255823751006&msr_no=4237&AttendanceDate=22/03/2026&Digest=Xu2fiG+Sq9DBCoy06GQm/w",7
"BASTI","DUBAULIYA","BHAKRAHI","3153014035/RC/958486255823751006","4240","https://mnregaweb4.nic.in/nregaarch/View_NMMS_atten_date_dtl_rpt.aspx?page=&short_name=UP&state_name=UTTAR%20PRADESH&state_code=31&district_name=BASTI&district_code=3153&block_name=DUBAULIYA&block_code=3153014&panchayat_name=BHAKRAHI&panchayat_code=3153014035&fin_year=2025-2026&source=&work_code=3153014035/RC/958486255823751006&msr_no=4240&AttendanceDate=22/03/2026&Digest=L5um1QpzsKd8fd9fJKRu6A",1
"BASTI","DUBAULIYA","SHUKULPURA","3153014043/AV/958486255824178600","4120","https://mnregaweb4.nic.in/nregaarch/View_NMMS_atten_date_dtl_rpt.aspx?page=&short_name=UP&state_name=UTTAR%20PRADESH&state_code=31&district_name=BASTI&district_code=3153&block_name=DUBAULIYA&block_code=3153014&panchayat_name=SHUKULPURA&panchayat_code=3153014043&fin_year=2025-2026&source=&work_code=3153014043/AV/958486255824178600&msr_no=4120&AttendanceDate=22/03/2026&Digest=bD8eHvJ3VFNlxc2ZDnYGDg",5
"BASTI","DUBAULIYA","SARAIYA BAKSI","3153014046/RC/958486255823647641","4196","https://mnregaweb4.nic.in/nregaarch/View_NMMS_atten_date_dtl_rpt.aspx?page=&short_name=UP&state_name=UTTAR%20PRADESH&state_code=31&district_name=BASTI&district_code=3153&block_name=DUBAULIYA&block_code=3153014&panchayat_name=SARAIYA%20BAKSI&panchayat_code=3153014046&fin_year=2025-2026&source=&work_code=3153014046/RC/958486255823647641&msr_no=4196&AttendanceDate=22/03/2026&Digest=pgtIVY84eJTIKb9/oPMq9w",2
"BASTI","DUBAULIYA","SARAIYA BAKSI","3153014046/RC/958486255823727881","4205","https://mnregaweb4.nic.in/nregaarch/View_NMMS_atten_date_dtl_rpt.aspx?page=&short_name=UP&state_name=UTTAR%20PRADESH&state_code=31&district_name=BASTI&district_code=3153&block_name=DUBAULIYA&block_code=3153014&panchayat_name=SARAIYA%20BAKSI&panchayat_code=3153014046&fin_year=2025-2026&source=&work_code=3153014046/RC/958486255823727881&msr_no=4205&AttendanceDate=22/03/2026&Digest=SURrX/qV0lOKCeWp4IYYtw",2
"BASTI","DUBAULIYA","BARSAV","3153014055/RC/958486255823751326","4270","https://mnregaweb4.nic.in/nregaarch/View_NMMS_atten_date_dtl_rpt.aspx?page=&short_name=UP&state_name=UTTAR%20PRADESH&state_code=31&district_name=BASTI&district_code=3153&block_name=DUBAULIYA&block_code=3153014&panchayat_name=BARSAV&panchayat_code=3153014055&fin_year=2025-2026&source=&work_code=3153014055/RC/958486255823751326&msr_no=4270&AttendanceDate=22/03/2026&Digest=Mvt9QRElkpYOfyWQq75NCw",9
"BASTI","GAUR","BADHANI","3153002008/RC/958486255823693692","6251","https://mnregaweb4.nic.in/nregaarch/View_NMMS_atten_date_dtl_rpt.aspx?page=&short_name=UP&state_name=UTTAR%20PRADESH&state_code=31&district_name=BASTI&district_code=3153&block_name=GAUR&block_code=3153002&panchayat_name=BADHANI&panchayat_code=3153002008&fin_year=2025-2026&source=&work_code=3153002008/RC/958486255823693692&msr_no=6251&AttendanceDate=22/03/2026&Digest=L+y+fImoLBUapX/E3ouU5w",6
"BASTI","GAUR","BADYA","3153002009/IC/958486255823728560","6241","https://mnregaweb4.nic.in/nregaarch/View_NMMS_atten_date_dtl_rpt.aspx?page=&short_name=UP&state_name=UTTAR%20PRADESH&state_code=31&district_name=BASTI&district_code=3153&block_name=GAUR&block_code=3153002&panchayat_name=BADYA&panchayat_code=3153002009&fin_year=2025-2026&source=&work_code=3153002009/IC/958486255823728560&msr_no=6241&AttendanceDate=22/03/2026&Digest=46880TrP+ww4tHRv0ebU3g",5
"BASTI","GAUR","BAWAR PARA","3153002017/AV/958486255824164250","6507","https://mnregaweb4.nic.in/nregaarch/View_NMMS_atten_date_dtl_rpt.aspx?page=&short_name=UP&state_name=UTTAR%20PRADESH&state_code=31&district_name=BASTI&district_code=3153&block_name=GAUR&block_code=3153002&panchayat_name=BAWAR%20PARA&panchayat_code=3153002017&fin_year=2025-2026&source=&work_code=3153002017/AV/958486255824164250&msr_no=6507&AttendanceDate=22/03/2026&Digest=KLlKyFDDkWjocmmnIFn59g",5
"BASTI","GAUR","BHARAVALIYA","3153002024/RC/958486255823705276","6332","https://mnregaweb4.nic.in/nregaarch/View_NMMS_atten_date_dtl_rpt.aspx?page=&short_name=UP&state_name=UTTAR%20PRADESH&state_code=31&district_name=BASTI&district_code=3153&block_name=GAUR&block_code=3153002&panchayat_name=BHARAVALIYA&panchayat_code=3153002024&fin_year=2025-2026&source=&work_code=3153002024/RC/958486255823705276&msr_no=6332&AttendanceDate=22/03/2026&Digest=NQv/V/AaEIHHqiUdKHumfw",9
"BASTI","GAUR","DUHAWA","3153002038/LD/958486255824947013","6327","https://mnregaweb4.nic.in/nregaarch/View_NMMS_atten_date_dtl_rpt.aspx?page=&short_name=UP&state_name=UTTAR%20PRADESH&state_code=31&district_name=BASTI&district_code=3153&block_name=GAUR&block_code=3153002&panchayat_name=DUHAWA&panchayat_code=3153002038&fin_year=2025-2026&source=&work_code=3153002038/LD/958486255824947013&msr_no=6327&AttendanceDate=22/03/2026&Digest=IH3zQN+usMk80IzXWUW/Rg",10
"BASTI","GAUR","KISUNPUR","3153002054/AV/958486255824184192","6287","https://mnregaweb4.nic.in/nregaarch/View_NMMS_atten_date_dtl_rpt.aspx?page=&short_name=UP&state_name=UTTAR%20PRADESH&state_code=31&district_name=BASTI&district_code=3153&block_name=GAUR&block_code=3153002&panchayat_name=KISUNPUR&panchayat_code=3153002054&fin_year=2025-2026&source=&work_code=3153002054/AV/958486255824184192&msr_no=6287&AttendanceDate=22/03/2026&Digest=EtYbP6xkFeWfRoIJgdakSg",7
"BASTI","GAUR","KUCHURUPUR","3153002055/RC/958486255823691325","6236","https://mnregaweb4.nic.in/nregaarch/View_NMMS_atten_date_dtl_rpt.aspx?page=&short_name=UP&state_name=UTTAR%20PRADESH&state_code=31&district_name=BASTI&district_code=3153&block_name=GAUR&block_code=3153002&panchayat_name=KUCHURUPUR&panchayat_code=3153002055&fin_year=2025-2026&source=&work_code=3153002055/RC/958486255823691325&msr_no=6236&AttendanceDate=22/03/2026&Digest=QaXYlmtD47zPVif5z2SdJQ",8
"BASTI","GAUR","MAJHAUVA CHAUBEY","3153002061/WC/958486255824213629","6521","https://mnregaweb4.nic.in/nregaarch/View_NMMS_atten_date_dtl_rpt.aspx?page=&short_name=UP&state_name=UTTAR%20PRADESH&state_code=31&district_name=BASTI&district_code=3153&block_name=GAUR&block_code=3153002&panchayat_name=MAJHAUVA%20CHAUBEY&panchayat_code=3153002061&fin_year=2025-2026&source=&work_code=3153002061/WC/958486255824213629&msr_no=6521&AttendanceDate=22/03/2026&Digest=igLA4UPcrqxhM9td7wDFtw",8
"BASTI","GAUR","MAJHAUVA CHAUBEY","3153002061/WC/958486255824213629","6524","https://mnregaweb4.nic.in/nregaarch/View_NMMS_atten_date_dtl_rpt.aspx?page=&short_name=UP&state_name=UTTAR%20PRADESH&state_code=31&district_name=BASTI&district_code=3153&block_name=GAUR&block_code=3153002&panchayat_name=MAJHAUVA%20CHAUBEY&panchayat_code=3153002061&fin_year=2025-2026&source=&work_code=3153002061/WC/958486255824213629&msr_no=6524&AttendanceDate=22/03/2026&Digest=hoOGsrqq6yb2qcVTQv3Dhg",8
"BASTI","GAUR","RAMVA PUR","3153002079/RC/958486255823749345","6471","https://mnregaweb4.nic.in/nregaarch/View_NMMS_atten_date_dtl_rpt.aspx?page=&short_name=UP&state_name=UTTAR%20PRADESH&state_code=31&district_name=BASTI&district_code=3153&block_name=GAUR&block_code=3153002&panchayat_name=RAMVA%20PUR&panchayat_code=3153002079&fin_year=2025-2026&source=&work_code=3153002079/RC/958486255823749345&msr_no=6471&AttendanceDate=22/03/2026&Digest=8Zw8TS9Y5HRvhX63znhMvw",10
"BASTI","GAUR","SARNAGI.","3153002083/RC/958486255823738128","6300","https://mnregaweb4.nic.in/nregaarch/View_NMMS_atten_date_dtl_rpt.aspx?page=&short_name=UP&state_name=UTTAR%20PRADESH&state_code=31&district_name=BASTI&district_code=3153&block_name=GAUR&block_code=3153002&panchayat_name=SARNAGI.&panchayat_code=3153002083&fin_year=2025-2026&source=&work_code=3153002083/RC/958486255823738128&msr_no=6300&AttendanceDate=22/03/2026&Digest=ytDyNAdVYctAy6+AYzmkjQ",10
"BASTI","GAUR","TENUI CHET SINGH","3153002092/WC/958486255824251198","6262","https://mnregaweb4.nic.in/nregaarch/View_NMMS_atten_date_dtl_rpt.aspx?page=&short_name=UP&state_name=UTTAR%20PRADESH&state_code=31&district_name=BASTI&district_code=3153&block_name=GAUR&block_code=3153002&panchayat_name=TENUI%20CHET%20SINGH&panchayat_code=3153002092&fin_year=2025-2026&source=&work_code=3153002092/WC/958486255824251198&msr_no=6262&AttendanceDate=22/03/2026&Digest=yZmuRKQZlXjNayZHAOwLNg",9
"BASTI","GAUR","GHAGHARIYA","3153002094/LD/958486255824988251","6392","https://mnregaweb4.nic.in/nregaarch/View_NMMS_atten_date_dtl_rpt.aspx?page=&short_name=UP&state_name=UTTAR%20PRADESH&state_code=31&district_name=BASTI&district_code=3153&block_name=GAUR&block_code=3153002&panchayat_name=GHAGHARIYA&panchayat_code=3153002094&fin_year=2025-2026&source=&work_code=3153002094/LD/958486255824988251&msr_no=6392&AttendanceDate=22/03/2026&Digest=QDbDOrXOoIzGyz7Y6R2Cgw",4
"BASTI","GAUR","GHAGHARIYA","3153002094/RC/958486255823735160","6542","https://mnregaweb4.nic.in/nregaarch/View_NMMS_atten_date_dtl_rpt.aspx?page=&short_name=UP&state_name=UTTAR%20PRADESH&state_code=31&district_name=BASTI&district_code=3153&block_name=GAUR&block_code=3153002&panchayat_name=GHAGHARIYA&panchayat_code=3153002094&fin_year=2025-2026&source=&work_code=3153002094/RC/958486255823735160&msr_no=6542&AttendanceDate=22/03/2026&Digest=2LNGF2cN/OnT2inRDhgHeA",6
"BASTI","HARRAIYA","BHAIRO PUR","3153003027/RC/YD/958486255823736251","6951","https://mnregaweb4.nic.in/nregaarch/View_NMMS_atten_date_dtl_rpt.aspx?page=&short_name=UP&state_name=UTTAR%20PRADESH&state_code=31&district_name=BASTI&district_code=3153&block_name=HARRAIYA&block_code=3153003&panchayat_name=BHAIRO%20PUR&panchayat_code=3153003027&fin_year=2025-2026&source=&work_code=3153003027/RC/YD/958486255823736251&msr_no=6951&AttendanceDate=22/03/2026&Digest=BYlU6aRkKNlU9yKG3fW6Fg",2
"BASTI","HARRAIYA","MARWATIA BHAWAN","3153003039/AV/958486255824176086","6917","https://mnregaweb4.nic.in/nregaarch/View_NMMS_atten_date_dtl_rpt.aspx?page=&short_name=UP&state_name=UTTAR%20PRADESH&state_code=31&district_name=BASTI&district_code=3153&block_name=HARRAIYA&block_code=3153003&panchayat_name=MARWATIA%20BHAWAN&panchayat_code=3153003039&fin_year=2025-2026&source=&work_code=3153003039/AV/958486255824176086&msr_no=6917&AttendanceDate=22/03/2026&Digest=e20o8O53dSI1oAUaQsm9Iw",10
"BASTI","HARRAIYA","NADAYEN","3153003042/LD/958486255824955644","6904","https://mnregaweb4.nic.in/nregaarch/View_NMMS_atten_date_dtl_rpt.aspx?page=&short_name=UP&state_name=UTTAR%20PRADESH&state_code=31&district_name=BASTI&district_code=3153&block_name=HARRAIYA&block_code=3153003&panchayat_name=NADAYEN&panchayat_code=3153003042&fin_year=2025-2026&source=&work_code=3153003042/LD/958486255824955644&msr_no=6904&AttendanceDate=22/03/2026&Digest=ZoGpSz0jjGKwaRT7WJ270w",10
"BASTI","BANKATI","PARASI","3153011076/RC/958486255823719298","9286","https://mnregaweb4.nic.in/nregaarch/View_NMMS_atten_date_dtl_rpt.aspx?page=&short_name=UP&state_name=UTTAR%20PRADESH&state_code=31&district_name=BASTI&district_code=3153&block_name=BANKATI&block_code=3153011&panchayat_name=PARASI&panchayat_code=3153011076&fin_year=2025-2026&source=&work_code=3153011076/RC/958486255823719298&msr_no=9286&AttendanceDate=22/03/2026&Digest=s25bmBQoqNGsZPok2bIjHw",2
"BASTI","BANKATI","PARASI","3153011076/RC/958486255823749924","9558","https://mnregaweb4.nic.in/nregaarch/View_NMMS_atten_date_dtl_rpt.aspx?page=&short_name=UP&state_name=UTTAR%20PRADESH&state_code=31&district_name=BASTI&district_code=3153&block_name=BANKATI&block_code=3153011&panchayat_name=PARASI&panchayat_code=3153011076&fin_year=2025-2026&source=&work_code=3153011076/RC/958486255823749924&msr_no=9558&AttendanceDate=22/03/2026&Digest=n8AdjONbDRq3M/2UKCNZ7g",6
"BASTI","BANKATI","RAUTAPAR","3153011080/RC/958486255823689842","9379","https://mnregaweb4.nic.in/nregaarch/View_NMMS_atten_date_dtl_rpt.aspx?page=&short_name=UP&state_name=UTTAR%20PRADESH&state_code=31&district_name=BASTI&district_code=3153&block_name=BANKATI&block_code=3153011&panchayat_name=RAUTAPAR&panchayat_code=3153011080&fin_year=2025-2026&source=&work_code=3153011080/RC/958486255823689842&msr_no=9379&AttendanceDate=22/03/2026&Digest=3F7HY2fbgL2U8lkq7G8T+Q",9
"BASTI","BANKATI","SAJAHRA","3153011081/RC/958486255823741804","9485","https://mnregaweb4.nic.in/nregaarch/View_NMMS_atten_date_dtl_rpt.aspx?page=&short_name=UP&state_name=UTTAR%20PRADESH&state_code=31&district_name=BASTI&district_code=3153&block_name=BANKATI&block_code=3153011&panchayat_name=SAJAHRA&panchayat_code=3153011081&fin_year=2025-2026&source=&work_code=3153011081/RC/958486255823741804&msr_no=9485&AttendanceDate=22/03/2026&Digest=2NGIM1mTiST+nKJV6NdqJg",9
"BASTI","BANKATI","SISWA PANDEY","3153011101/IC/958486255823741153","9302","https://mnregaweb4.nic.in/nregaarch/View_NMMS_atten_date_dtl_rpt.aspx?page=&short_name=UP&state_name=UTTAR%20PRADESH&state_code=31&district_name=BASTI&district_code=3153&block_name=BANKATI&block_code=3153011&panchayat_name=SISWA%20PANDEY&panchayat_code=3153011101&fin_year=2025-2026&source=&work_code=3153011101/IC/958486255823741153&msr_no=9302&AttendanceDate=22/03/2026&Digest=gmmcbLicVLObz2f012As6A",8
"BASTI","BANKATI","CHITRAKHOR","3153011104/IC/958486255823723379","9621","https://mnregaweb4.nic.in/nregaarch/View_NMMS_atten_date_dtl_rpt.aspx?page=&short_name=UP&state_name=UTTAR%20PRADESH&state_code=31&district_name=BASTI&district_code=3153&block_name=BANKATI&block_code=3153011&panchayat_name=CHITRAKHOR&panchayat_code=3153011104&fin_year=2025-2026&source=&work_code=3153011104/IC/958486255823723379&msr_no=9621&AttendanceDate=22/03/2026&Digest=hGpnH0PFKfd8jlwJnkLWaQ",6
"BASTI","BANKATI","DUBAULI KHURD","3153011109/IC/958486255823741004","9278","https://mnregaweb4.nic.in/nregaarch/View_NMMS_atten_date_dtl_rpt.aspx?page=&short_name=UP&state_name=UTTAR%20PRADESH&state_code=31&district_name=BASTI&district_code=3153&block_name=BANKATI&block_code=3153011&panchayat_name=DUBAULI%20KHURD&panchayat_code=3153011109&fin_year=2025-2026&source=&work_code=3153011109/IC/958486255823741004&msr_no=9278&AttendanceDate=22/03/2026&Digest=eOhcgRtkvammNSx3k65shQ",8
"BASTI","BANKATI","DUBAULI KHURD","3153011109/RC/958486255823749300","9396","https://mnregaweb4.nic.in/nregaarch/View_NMMS_atten_date_dtl_rpt.aspx?page=&short_name=UP&state_name=UTTAR%20PRADESH&state_code=31&district_name=BASTI&district_code=3153&block_name=BANKATI&block_code=3153011&panchayat_name=DUBAULI%20KHURD&panchayat_code=3153011109&fin_year=2025-2026&source=&work_code=3153011109/RC/958486255823749300&msr_no=9396&AttendanceDate=22/03/2026&Digest=fOPI1tattP4QXTc1ii/xSQ",7
"BASTI","BANKATI","CHOLKHARI","3153011110/AV/958486255824182493","9422","https://mnregaweb4.nic.in/nregaarch/View_NMMS_atten_date_dtl_rpt.aspx?page=&short_name=UP&state_name=UTTAR%20PRADESH&state_code=31&district_name=BASTI&district_code=3153&block_name=BANKATI&block_code=3153011&panchayat_name=CHOLKHARI&panchayat_code=3153011110&fin_year=2025-2026&source=&work_code=3153011110/AV/958486255824182493&msr_no=9422&AttendanceDate=22/03/2026&Digest=kI4KEvs7Ej7xmZ3e8PgrZg",9
"BASTI","BANKATI","CHOLKHARI","3153011110/AV/958486255824182493","9425","https://mnregaweb4.nic.in/nregaarch/View_NMMS_atten_date_dtl_rpt.aspx?page=&short_name=UP&state_name=UTTAR%20PRADESH&state_code=31&district_name=BASTI&district_code=3153&block_name=BANKATI&block_code=3153011&panchayat_name=CHOLKHARI&panchayat_code=3153011110&fin_year=2025-2026&source=&work_code=3153011110/AV/958486255824182493&msr_no=9425&AttendanceDate=22/03/2026&Digest=pB3KYsmJEWwm1NbjOet+uw",6
"BASTI","BASTI","SAHUPAR","3153010075/AV/958486255824181797","4358","https://mnregaweb4.nic.in/nregaarch/View_NMMS_atten_date_dtl_rpt.aspx?page=&short_name=UP&state_name=UTTAR%20PRADESH&state_code=31&district_name=BASTI&district_code=3153&block_name=BASTI&block_code=3153010&panchayat_name=SAHUPAR&panchayat_code=3153010075&fin_year=2025-2026&source=&work_code=3153010075/AV/958486255824181797&msr_no=4358&AttendanceDate=22/03/2026&Digest=udv5D9GdGFp/XzFF+Bes8g",10
"BASTI","BASTI","SAHUPAR","3153010075/RC/958486255823639731","4397","https://mnregaweb4.nic.in/nregaarch/View_NMMS_atten_date_dtl_rpt.aspx?page=&short_name=UP&state_name=UTTAR%20PRADESH&state_code=31&district_name=BASTI&district_code=3153&block_name=BASTI&block_code=3153010&panchayat_name=SAHUPAR&panchayat_code=3153010075&fin_year=2025-2026&source=&work_code=3153010075/RC/958486255823639731&msr_no=4397&AttendanceDate=22/03/2026&Digest=8upTKDvckoikcVq3lxZIOA",1
"BASTI","BASTI","SIKARA PATHAN","3153010079/LD/958486255825004167","4347","https://mnregaweb4.nic.in/nregaarch/View_NMMS_atten_date_dtl_rpt.aspx?page=&short_name=UP&state_name=UTTAR%20PRADESH&state_code=31&district_name=BASTI&district_code=3153&block_name=BASTI&block_code=3153010&panchayat_name=SIKARA%20PATHAN&panchayat_code=3153010079&fin_year=2025-2026&source=&work_code=3153010079/LD/958486255825004167&msr_no=4347&AttendanceDate=22/03/2026&Digest=bWJJ9Wkxk2FDTjoRM/LQWg",7
"BASTI","BASTI","SONUPAR","3153010082/RC/958486255823726676","4401","https://mnregaweb4.nic.in/nregaarch/View_NMMS_atten_date_dtl_rpt.aspx?page=&short_name=UP&state_name=UTTAR%20PRADESH&state_code=31&district_name=BASTI&district_code=3153&block_name=BASTI&block_code=3153010&panchayat_name=SONUPAR&panchayat_code=3153010082&fin_year=2025-2026&source=&work_code=3153010082/RC/958486255823726676&msr_no=4401&AttendanceDate=22/03/2026&Digest=BSRQaHMCe9ZEdE2sVpqN/g",10
"BASTI","DUBAULIYA","CHILMAPARSAN","3153014004/LD/958486255824846423","4130","https://mnregaweb4.nic.in/nregaarch/View_NMMS_atten_date_dtl_rpt.aspx?page=&short_name=UP&state_name=UTTAR%20PRADESH&state_code=31&district_name=BASTI&district_code=3153&block_name=DUBAULIYA&block_code=3153014&panchayat_name=CHILMAPARSAN&panchayat_code=3153014004&fin_year=2025-2026&source=&work_code=3153014004/LD/958486255824846423&msr_no=4130&AttendanceDate=22/03/2026&Digest=abZMbm7PMJUbVUnT/vXGaw",1
"BASTI","DUBAULIYA","CHILMAPARSAN","3153014004/LD/958486255824919567","4127","https://mnregaweb4.nic.in/nregaarch/View_NMMS_atten_date_dtl_rpt.aspx?page=&short_name=UP&state_name=UTTAR%20PRADESH&state_code=31&district_name=BASTI&district_code=3153&block_name=DUBAULIYA&block_code=3153014&panchayat_name=CHILMAPARSAN&panchayat_code=3153014004&fin_year=2025-2026&source=&work_code=3153014004/LD/958486255824919567&msr_no=4127&AttendanceDate=22/03/2026&Digest=0kMiCTB6M2GX3AVPPID9MQ",3
"BASTI","DUBAULIYA","PAKRI CHAUHAAN","3153014006/AV/958486255824187517","4310","https://mnregaweb4.nic.in/nregaarch/View_NMMS_atten_date_dtl_rpt.aspx?page=&short_name=UP&state_name=UTTAR%20PRADESH&state_code=31&district_name=BASTI&district_code=3153&block_name=DUBAULIYA&block_code=3153014&panchayat_name=PAKRI%20CHAUHAAN&panchayat_code=3153014006&fin_year=2025-2026&source=&work_code=3153014006/AV/958486255824187517&msr_no=4310&AttendanceDate=22/03/2026&Digest=51C4++XLZZ1eZzWyU2DDLA",4
"BASTI","DUBAULIYA","GULAWARI","3153014014/RC/958486255823749921","4278","https://mnregaweb4.nic.in/nregaarch/View_NMMS_atten_date_dtl_rpt.aspx?page=&short_name=UP&state_name=UTTAR%20PRADESH&state_code=31&district_name=BASTI&district_code=3153&block_name=DUBAULIYA&block_code=3153014&panchayat_name=GULAWARI&panchayat_code=3153014014&fin_year=2025-2026&source=&work_code=3153014014/RC/958486255823749921&msr_no=4278&AttendanceDate=22/03/2026&Digest=drpl6S1BtOWt9nc6ulrudg",6
"BASTI","DUBAULIYA","RAM NAGAR","3153014020/RC/958486255823749961","4174","https://mnregaweb4.nic.in/nregaarch/View_NMMS_atten_date_dtl_rpt.aspx?page=&short_name=UP&state_name=UTTAR%20PRADESH&state_code=31&district_name=BASTI&district_code=3153&block_name=DUBAULIYA&block_code=3153014&panchayat_name=RAM%20NAGAR&panchayat_code=3153014020&fin_year=2025-2026&source=&work_code=3153014020/RC/958486255823749961&msr_no=4174&AttendanceDate=22/03/2026&Digest=T5L4KSfCKlye7TddOX9E4w",8
"BASTI","DUBAULIYA","PURE OARI RAI","3153014023/RC/958486255823749307","4142","https://mnregaweb4.nic.in/nregaarch/View_NMMS_atten_date_dtl_rpt.aspx?page=&short_name=UP&state_name=UTTAR%20PRADESH&state_code=31&district_name=BASTI&district_code=3153&block_name=DUBAULIYA&block_code=3153014&panchayat_name=PURE%20OARI%20RAI&panchayat_code=3153014023&fin_year=2025-2026&source=&work_code=3153014023/RC/958486255823749307&msr_no=4142&AttendanceDate=22/03/2026&Digest=9fMb6VTF6TRN4dQ2CPErGA",8
"BASTI","DUBAULIYA","LAXMANPUR","3153014030/LD/958486255824889814","4109","https://mnregaweb4.nic.in/nregaarch/View_NMMS_atten_date_dtl_rpt.aspx?page=&short_name=UP&state_name=UTTAR%20PRADESH&state_code=31&district_name=BASTI&district_code=3153&block_name=DUBAULIYA&block_code=3153014&panchayat_name=LAXMANPUR&panchayat_code=3153014030&fin_year=2025-2026&source=&work_code=3153014030/LD/958486255824889814&msr_no=4109&AttendanceDate=22/03/2026&Digest=79CgLG4DL1aiWKQwTFDtaA",6
"BASTI","DUBAULIYA","SARIYA ATIBAL","3153014031/RC/958486255823749920","4151","https://mnregaweb4.nic.in/nregaarch/View_NMMS_atten_date_dtl_rpt.aspx?page=&short_name=UP&state_name=UTTAR%20PRADESH&state_code=31&district_name=BASTI&district_code=3153&block_name=DUBAULIYA&block_code=3153014&panchayat_name=SARIYA%20ATIBAL&panchayat_code=3153014031&fin_year=2025-2026&source=&work_code=3153014031/RC/958486255823749920&msr_no=4151&AttendanceDate=22/03/2026&Digest=yJPCVZvhqjXlpNWIx9phlg",10
"BASTI","DUBAULIYA","SARIYA ATIBAL","3153014031/RC/958486255823751171","4352","https://mnregaweb4.nic.in/nregaarch/View_NMMS_atten_date_dtl_rpt.aspx?page=&short_name=UP&state_name=UTTAR%20PRADESH&state_code=31&district_name=BASTI&district_code=3153&block_name=DUBAULIYA&block_code=3153014&panchayat_name=SARIYA%20ATIBAL&panchayat_code=3153014031&fin_year=2025-2026&source=&work_code=3153014031/RC/958486255823751171&msr_no=4352&AttendanceDate=22/03/2026&Digest=RAk86LIv0b2N8YZov2FwHg",6
"BASTI","DUBAULIYA","KEVARI MUSTAHKAM","3153014040/RC/958486255823615820","4143","https://mnregaweb4.nic.in/nregaarch/View_NMMS_atten_date_dtl_rpt.aspx?page=&short_name=UP&state_name=UTTAR%20PRADESH&state_code=31&district_name=BASTI&district_code=3153&block_name=DUBAULIYA&block_code=3153014&panchayat_name=KEVARI%20MUSTAHKAM&panchayat_code=3153014040&fin_year=2025-2026&source=&work_code=3153014040/RC/958486255823615820&msr_no=4143&AttendanceDate=22/03/2026&Digest=gWNlC9ubyD00dlraQoFRHQ",5
"BASTI","DUBAULIYA","TIGHRA","3153014041/RC/958486255823750592","4287","https://mnregaweb4.nic.in/nregaarch/View_NMMS_atten_date_dtl_rpt.aspx?page=&short_name=UP&state_name=UTTAR%20PRADESH&state_code=31&district_name=BASTI&district_code=3153&block_name=DUBAULIYA&block_code=3153014&panchayat_name=TIGHRA&panchayat_code=3153014041&fin_year=2025-2026&source=&work_code=3153014041/RC/958486255823750592&msr_no=4287&AttendanceDate=22/03/2026&Digest=9vdDo+ddlj5521X7Ryh2aw",10
"BASTI","DUBAULIYA","KHUSHALGANJ","3153014052/RC/958486255823748523","4132","https://mnregaweb4.nic.in/nregaarch/View_NMMS_atten_date_dtl_rpt.aspx?page=&short_name=UP&state_name=UTTAR%20PRADESH&state_code=31&district_name=BASTI&district_code=3153&block_name=DUBAULIYA&block_code=3153014&panchayat_name=KHUSHALGANJ&panchayat_code=3153014052&fin_year=2025-2026&source=&work_code=3153014052/RC/958486255823748523&msr_no=4132&AttendanceDate=22/03/2026&Digest=Trcnfs6wn+ovALNl73g2AA",5
"BASTI","DUBAULIYA","BARSAV","3153014055/WH/958486255823263333","4097","https://mnregaweb4.nic.in/nregaarch/View_NMMS_atten_date_dtl_rpt.aspx?page=&short_name=UP&state_name=UTTAR%20PRADESH&state_code=31&district_name=BASTI&district_code=3153&block_name=DUBAULIYA&block_code=3153014&panchayat_name=BARSAV&panchayat_code=3153014055&fin_year=2025-2026&source=&work_code=3153014055/WH/958486255823263333&msr_no=4097&AttendanceDate=22/03/2026&Digest=NY1YT6S6j7olxl9CBOnJtw",2
"BASTI","GAUR","BADYA","3153002009/IC/958486255823728562","6355","https://mnregaweb4.nic.in/nregaarch/View_NMMS_atten_date_dtl_rpt.aspx?page=&short_name=UP&state_name=UTTAR%20PRADESH&state_code=31&district_name=BASTI&district_code=3153&block_name=GAUR&block_code=3153002&panchayat_name=BADYA&panchayat_code=3153002009&fin_year=2025-2026&source=&work_code=3153002009/IC/958486255823728562&msr_no=6355&AttendanceDate=22/03/2026&Digest=rHz4AuDYCOHjWL/Emek4AA",9
"BASTI","GAUR","BABHANGAVA KHURD","3153002014/RC/958486255823739716","6449","https://mnregaweb4.nic.in/nregaarch/View_NMMS_atten_date_dtl_rpt.aspx?page=&short_name=UP&state_name=UTTAR%20PRADESH&state_code=31&district_name=BASTI&district_code=3153&block_name=GAUR&block_code=3153002&panchayat_name=BABHANGAVA%20KHURD&panchayat_code=3153002014&fin_year=2025-2026&source=&work_code=3153002014/RC/958486255823739716&msr_no=6449&AttendanceDate=22/03/2026&Digest=mYFjPXxcaYg5od4V/0T/+g",3
"BASTI","GAUR","BHARAVALIYA","3153002024/RC/958486255823705269","6329","https://mnregaweb4.nic.in/nregaarch/View_NMMS_atten_date_dtl_rpt.aspx?page=&short_name=UP&state_name=UTTAR%20PRADESH&state_code=31&district_name=BASTI&district_code=3153&block_name=GAUR&block_code=3153002&panchayat_name=BHARAVALIYA&panchayat_code=3153002024&fin_year=2025-2026&source=&work_code=3153002024/RC/958486255823705269&msr_no=6329&AttendanceDate=22/03/2026&Digest=c31yAATze12jFHUxkTJf6Q",10
"BASTI","GAUR","CHAKCHAI","3153002029/RC/958486255823749445","6547","https://mnregaweb4.nic.in/nregaarch/View_NMMS_atten_date_dtl_rpt.aspx?page=&short_name=UP&state_name=UTTAR%20PRADESH&state_code=31&district_name=BASTI&district_code=3153&block_name=GAUR&block_code=3153002&panchayat_name=CHAKCHAI&panchayat_code=3153002029&fin_year=2025-2026&source=&work_code=3153002029/RC/958486255823749445&msr_no=6547&AttendanceDate=22/03/2026&Digest=jbpivIq5jIoft2NwsT6KlA",5
"BASTI","GAUR","DEGRAHA","3153002035/WC/958486255824252593","6276","https://mnregaweb4.nic.in/nregaarch/View_NMMS_atten_date_dtl_rpt.aspx?page=&short_name=UP&state_name=UTTAR%20PRADESH&state_code=31&district_name=BASTI&district_code=3153&block_name=GAUR&block_code=3153002&panchayat_name=DEGRAHA&panchayat_code=3153002035&fin_year=2025-2026&source=&work_code=3153002035/WC/958486255824252593&msr_no=6276&AttendanceDate=22/03/2026&Digest=rpe7U0aK4SQ2M4TyyTMNEA",9
"BASTI","GAUR","DEGRAHA","3153002035/WC/958486255824252593","6279","https://mnregaweb4.nic.in/nregaarch/View_NMMS_atten_date_dtl_rpt.aspx?page=&short_name=UP&state_name=UTTAR%20PRADESH&state_code=31&district_name=BASTI&district_code=3153&block_name=GAUR&block_code=3153002&panchayat_name=DEGRAHA&panchayat_code=3153002035&fin_year=2025-2026&source=&work_code=3153002035/WC/958486255824252593&msr_no=6279&AttendanceDate=22/03/2026&Digest=jCe2d2C6xskLvijMeI8fsg",6
"BASTI","GAUR","DUHAWA","3153002038/RC/958486255823747057","6435","https://mnregaweb4.nic.in/nregaarch/View_NMMS_atten_date_dtl_rpt.aspx?page=&short_name=UP&state_name=UTTAR%20PRADESH&state_code=31&district_name=BASTI&district_code=3153&block_name=GAUR&block_code=3153002&panchayat_name=DUHAWA&panchayat_code=3153002038&fin_year=2025-2026&source=&work_code=3153002038/RC/958486255823747057&msr_no=6435&AttendanceDate=22/03/2026&Digest=+8LuAD4QoOiJUbBPc9/PWw",5
"BASTI","GAUR","HALUAA","3153002042/RC/958486255823708686","6381","https://mnregaweb4.nic.in/nregaarch/View_NMMS_atten_date_dtl_rpt.aspx?page=&short_name=UP&state_name=UTTAR%20PRADESH&state_code=31&district_name=BASTI&district_code=3153&block_name=GAUR&block_code=3153002&panchayat_name=HALUAA&panchayat_code=3153002042&fin_year=2025-2026&source=&work_code=3153002042/RC/958486255823708686&msr_no=6381&AttendanceDate=22/03/2026&Digest=Mi9H1rHq+D2BoQyrTrcy2A",3
"BASTI","GAUR","HARDI","3153002043/WC/958486255824252613","6403","https://mnregaweb4.nic.in/nregaarch/View_NMMS_atten_date_dtl_rpt.aspx?page=&short_name=UP&state_name=UTTAR%20PRADESH&state_code=31&district_name=BASTI&district_code=3153&block_name=GAUR&block_code=3153002&panchayat_name=HARDI&panchayat_code=3153002043&fin_year=2025-2026&source=&work_code=3153002043/WC/958486255824252613&msr_no=6403&AttendanceDate=22/03/2026&Digest=2gUUjufe869iPb74AsgLPg",10
"BASTI","GAUR","KUNGAI BUJURG","3153002056/RC/958486255823745699","6199","https://mnregaweb4.nic.in/nregaarch/View_NMMS_atten_date_dtl_rpt.aspx?page=&short_name=UP&state_name=UTTAR%20PRADESH&state_code=31&district_name=BASTI&district_code=3153&block_name=GAUR&block_code=3153002&panchayat_name=KUNGAI%20BUJURG&panchayat_code=3153002056&fin_year=2025-2026&source=&work_code=3153002056/RC/958486255823745699&msr_no=6199&AttendanceDate=22/03/2026&Digest=A1p4gsa9s/5ZgAH1Yq5qYA",1
"BASTI","GAUR","KUNGAI BUJURG","3153002056/RC/958486255823745703","6204","https://mnregaweb4.nic.in/nregaarch/View_NMMS_atten_date_dtl_rpt.aspx?page=&short_name=UP&state_name=UTTAR%20PRADESH&state_code=31&district_name=BASTI&district_code=3153&block_name=GAUR&block_code=3153002&panchayat_name=KUNGAI%20BUJURG&panchayat_code=3153002056&fin_year=2025-2026&source=&work_code=3153002056/RC/958486255823745703&msr_no=6204&AttendanceDate=22/03/2026&Digest=NuyXkHO9uP3ASue77LT2gA",1
"BASTI","GAUR","MAHUVADABR","3153002059/AV/958486255824185057","6256","https://mnregaweb4.nic.in/nregaarch/View_NMMS_atten_date_dtl_rpt.aspx?page=&short_name=UP&state_name=UTTAR%20PRADESH&state_code=31&district_name=BASTI&district_code=3153&block_name=GAUR&block_code=3153002&panchayat_name=MAHUVADABR&panchayat_code=3153002059&fin_year=2025-2026&source=&work_code=3153002059/AV/958486255824185057&msr_no=6256&AttendanceDate=22/03/2026&Digest=Rhuzemos6fG/zm3PFxHqHw",10
"BASTI","GAUR","MAJHAMAANPUR","3153002060/RC/958486255823730632","6410","https://mnregaweb4.nic.in/nregaarch/View_NMMS_atten_date_dtl_rpt.aspx?page=&short_name=UP&state_name=UTTAR%20PRADESH&state_code=31&district_name=BASTI&district_code=3153&block_name=GAUR&block_code=3153002&panchayat_name=MAJHAMAANPUR&panchayat_code=3153002060&fin_year=2025-2026&source=&work_code=3153002060/RC/958486255823730632&msr_no=6410&AttendanceDate=22/03/2026&Digest=qV3k3j4l4+1rjYRnSQy/6A",6
"BASTI","GAUR","MAJHAUVA CHAUBEY","3153002061/IC/958486255823733391","6358","https://mnregaweb4.nic.in/nregaarch/View_NMMS_atten_date_dtl_rpt.aspx?page=&short_name=UP&state_name=UTTAR%20PRADESH&state_code=31&district_name=BASTI&district_code=3153&block_name=GAUR&block_code=3153002&panchayat_name=MAJHAUVA%20CHAUBEY&panchayat_code=3153002061&fin_year=2025-2026&source=&work_code=3153002061/IC/958486255823733391&msr_no=6358&AttendanceDate=22/03/2026&Digest=GLQIG7+0okoHLpEm9Rgiug",6
"BASTI","BANKATI","PARASI","3153011076/IC/958486255823713395","9214","https://mnregaweb4.nic.in/nregaarch/View_NMMS_atten_date_dtl_rpt.aspx?page=&short_name=UP&state_name=UTTAR%20PRADESH&state_code=31&district_name=BASTI&district_code=3153&block_name=BANKATI&block_code=3153011&panchayat_name=PARASI&panchayat_code=3153011076&fin_year=2025-2026&source=&work_code=3153011076/IC/958486255823713395&msr_no=9214&AttendanceDate=22/03/2026&Digest=LEDq1qmVZJWIEs9tz9Vzsw",10
"BASTI","BANKATI","PARASI","3153011076/RC/958486255823719298","9285","https://mnregaweb4.nic.in/nregaarch/View_NMMS_atten_date_dtl_rpt.aspx?page=&short_name=UP&state_name=UTTAR%20PRADESH&state_code=31&district_name=BASTI&district_code=3153&block_name=BANKATI&block_code=3153011&panchayat_name=PARASI&panchayat_code=3153011076&fin_year=2025-2026&source=&work_code=3153011076/RC/958486255823719298&msr_no=9285&AttendanceDate=22/03/2026&Digest=MAmHabTPO48fl87Z2Gk4TQ",10
"BASTI","BANKATI","MAHTHA","3153011096/IC/958486255823740167","9348","https://mnregaweb4.nic.in/nregaarch/View_NMMS_atten_date_dtl_rpt.aspx?page=&short_name=UP&state_name=UTTAR%20PRADESH&state_code=31&district_name=BASTI&district_code=3153&block_name=BANKATI&block_code=3153011&panchayat_name=MAHTHA&panchayat_code=3153011096&fin_year=2025-2026&source=&work_code=3153011096/IC/958486255823740167&msr_no=9348&AttendanceDate=22/03/2026&Digest=STcWQe9dg9fRTZaiVv1hgQ",8
"BASTI","BANKATI","SISWA PANDEY","3153011101/RC/958486255823732562","9426","https://mnregaweb4.nic.in/nregaarch/View_NMMS_atten_date_dtl_rpt.aspx?page=&short_name=UP&state_name=UTTAR%20PRADESH&state_code=31&district_name=BASTI&district_code=3153&block_name=BANKATI&block_code=3153011&panchayat_name=SISWA%20PANDEY&panchayat_code=3153011101&fin_year=2025-2026&source=&work_code=3153011101/RC/958486255823732562&msr_no=9426&AttendanceDate=22/03/2026&Digest=C7VBScgJLIalfiIV1K6+bg",9
"BASTI","BANKATI","SISWA PANDEY","3153011101/RC/958486255823732562","9429","https://mnregaweb4.nic.in/nregaarch/View_NMMS_atten_date_dtl_rpt.aspx?page=&short_name=UP&state_name=UTTAR%20PRADESH&state_code=31&district_name=BASTI&district_code=3153&block_name=BANKATI&block_code=3153011&panchayat_name=SISWA%20PANDEY&panchayat_code=3153011101&fin_year=2025-2026&source=&work_code=3153011101/RC/958486255823732562&msr_no=9429&AttendanceDate=22/03/2026&Digest=+8lmf8RhyKvBEwzjklFCIg",7
"BASTI","BANKATI","DUBAULI KHURD","3153011109/IC/958486255823741004","9277","https://mnregaweb4.nic.in/nregaarch/View_NMMS_atten_date_dtl_rpt.aspx?page=&short_name=UP&state_name=UTTAR%20PRADESH&state_code=31&district_name=BASTI&district_code=3153&block_name=BANKATI&block_code=3153011&panchayat_name=DUBAULI%20KHURD&panchayat_code=3153011109&fin_year=2025-2026&source=&work_code=3153011109/IC/958486255823741004&msr_no=9277&AttendanceDate=22/03/2026&Digest=nxasvsbiOsKlwwqX2UuMOg",9
"BASTI","BANKATI","DUBAULI KHURD","3153011109/RC/958486255823749300","9395","https://mnregaweb4.nic.in/nregaarch/View_NMMS_atten_date_dtl_rpt.aspx?page=&short_name=UP&state_name=UTTAR%20PRADESH&state_code=31&district_name=BASTI&district_code=3153&block_name=BANKATI&block_code=3153011&panchayat_name=DUBAULI%20KHURD&panchayat_code=3153011109&fin_year=2025-2026&source=&work_code=3153011109/RC/958486255823749300&msr_no=9395&AttendanceDate=22/03/2026&Digest=GW1T8Ho11ETyRsuuxAbAOA",7
"BASTI","BANKATI","CHOLKHARI","3153011110/AV/958486255824182493","9421","https://mnregaweb4.nic.in/nregaarch/View_NMMS_atten_date_dtl_rpt.aspx?page=&short_name=UP&state_name=UTTAR%20PRADESH&state_code=31&district_name=BASTI&district_code=3153&block_name=BANKATI&block_code=3153011&panchayat_name=CHOLKHARI&panchayat_code=3153011110&fin_year=2025-2026&source=&work_code=3153011110/AV/958486255824182493&msr_no=9421&AttendanceDate=22/03/2026&Digest=hkxpqC04+AE940+Nkg6iUw",10
"BASTI","BANKATI","CHOLKHARI","3153011110/AV/958486255824182493","9424","https://mnregaweb4.nic.in/nregaarch/View_NMMS_atten_date_dtl_rpt.aspx?page=&short_name=UP&state_name=UTTAR%20PRADESH&state_code=31&district_name=BASTI&district_code=3153&block_name=BANKATI&block_code=3153011&panchayat_name=CHOLKHARI&panchayat_code=3153011110&fin_year=2025-2026&source=&work_code=3153011110/AV/958486255824182493&msr_no=9424&AttendanceDate=22/03/2026&Digest=97uPaSqWgQ9R1SpcCwIOTg",9
"BASTI","BANKATI","GUDI","3153011113/WC/958486255824167039","9474","https://mnregaweb4.nic.in/nregaarch/View_NMMS_atten_date_dtl_rpt.aspx?page=&short_name=UP&state_name=UTTAR%20PRADESH&state_code=31&district_name=BASTI&district_code=3153&block_name=BANKATI&block_code=3153011&panchayat_name=GUDI&panchayat_code=3153011113&fin_year=2025-2026&source=&work_code=3153011113/WC/958486255824167039&msr_no=9474&AttendanceDate=22/03/2026&Digest=JWyW8XYvjXZmQbKyGFGQPg",4
"BASTI","BASTI","MAHSO","3153010057/WH/958486255824012356","4366","https://mnregaweb4.nic.in/nregaarch/View_NMMS_atten_date_dtl_rpt.aspx?page=&short_name=UP&state_name=UTTAR%20PRADESH&state_code=31&district_name=BASTI&district_code=3153&block_name=BASTI&block_code=3153010&panchayat_name=MAHSO&panchayat_code=3153010057&fin_year=2025-2026&source=&work_code=3153010057/WH/958486255824012356&msr_no=4366&AttendanceDate=22/03/2026&Digest=R20e/JEZc526eSTW6jJvpQ",9
"BASTI","BASTI","ORAI","3153010065/WC/958486255824160997","4412","https://mnregaweb4.nic.in/nregaarch/View_NMMS_atten_date_dtl_rpt.aspx?page=&short_name=UP&state_name=UTTAR%20PRADESH&state_code=31&district_name=BASTI&district_code=3153&block_name=BASTI&block_code=3153010&panchayat_name=ORAI&panchayat_code=3153010065&fin_year=2025-2026&source=&work_code=3153010065/WC/958486255824160997&msr_no=4412&AttendanceDate=22/03/2026&Digest=C16RP9GGJmjI5+DL1khskQ",2
"BASTI","BASTI","RAIKWAR","3153010070/RC/958486255823675819","4377","https://mnregaweb4.nic.in/nregaarch/View_NMMS_atten_date_dtl_rpt.aspx?page=&short_name=UP&state_name=UTTAR%20PRADESH&state_code=31&district_name=BASTI&district_code=3153&block_name=BASTI&block_code=3153010&panchayat_name=RAIKWAR&panchayat_code=3153010070&fin_year=2025-2026&source=&work_code=3153010070/RC/958486255823675819&msr_no=4377&AttendanceDate=22/03/2026&Digest=CZKBvf8hCDSn0TM91eKe4w",9
"BASTI","BASTI","SAHUPAR","3153010075/AV/958486255824181797","4359","https://mnregaweb4.nic.in/nregaarch/View_NMMS_atten_date_dtl_rpt.aspx?page=&short_name=UP&state_name=UTTAR%20PRADESH&state_code=31&district_name=BASTI&district_code=3153&block_name=BASTI&block_code=3153010&panchayat_name=SAHUPAR&panchayat_code=3153010075&fin_year=2025-2026&source=&work_code=3153010075/AV/958486255824181797&msr_no=4359&AttendanceDate=22/03/2026&Digest=patJiahl6MXSgvWgbXcOGQ",8
"BASTI","BASTI","SAHUPAR","3153010075/RC/958486255823701271","4381","https://mnregaweb4.nic.in/nregaarch/View_NMMS_atten_date_dtl_rpt.aspx?page=&short_name=UP&state_name=UTTAR%20PRADESH&state_code=31&district_name=BASTI&district_code=3153&block_name=BASTI&block_code=3153010&panchayat_name=SAHUPAR&panchayat_code=3153010075&fin_year=2025-2026&source=&work_code=3153010075/RC/958486255823701271&msr_no=4381&AttendanceDate=22/03/2026&Digest=6vLlsnkDOu/5BVX4X9F5pg",7
"BASTI","BASTI","SIKARA PATHAN","3153010079/LD/958486255825004167","4348","https://mnregaweb4.nic.in/nregaarch/View_NMMS_atten_date_dtl_rpt.aspx?page=&short_name=UP&state_name=UTTAR%20PRADESH&state_code=31&district_name=BASTI&district_code=3153&block_name=BASTI&block_code=3153010&panchayat_name=SIKARA%20PATHAN&panchayat_code=3153010079&fin_year=2025-2026&source=&work_code=3153010079/LD/958486255825004167&msr_no=4348&AttendanceDate=22/03/2026&Digest=SSUQW0N8jNn7GGuS6aVdWw",9
"BASTI","DUBAULIYA","CHILMAPARSAN","3153014004/LD/958486255824846423","4129","https://mnregaweb4.nic.in/nregaarch/View_NMMS_atten_date_dtl_rpt.aspx?page=&short_name=UP&state_name=UTTAR%20PRADESH&state_code=31&district_name=BASTI&district_code=3153&block_name=DUBAULIYA&block_code=3153014&panchayat_name=CHILMAPARSAN&panchayat_code=3153014004&fin_year=2025-2026&source=&work_code=3153014004/LD/958486255824846423&msr_no=4129&AttendanceDate=22/03/2026&Digest=3yNpNVNzb6YOeKKm+hxOsQ",5
"BASTI","DUBAULIYA","DEHIDIHA BUJURG","3153014010/RC/958486255823750688","4224","https://mnregaweb4.nic.in/nregaarch/View_NMMS_atten_date_dtl_rpt.aspx?page=&short_name=UP&state_name=UTTAR%20PRADESH&state_code=31&district_name=BASTI&district_code=3153&block_name=DUBAULIYA&block_code=3153014&panchayat_name=DEHIDIHA%20BUJURG&panchayat_code=3153014010&fin_year=2025-2026&source=&work_code=3153014010/RC/958486255823750688&msr_no=4224&AttendanceDate=22/03/2026&Digest=e3o26n5FUrpW3ATmBUEDAw",7
"BASTI","DUBAULIYA","DEHIDIHA BUJURG","3153014010/RC/958486255823750688","4227","https://mnregaweb4.nic.in/nregaarch/View_NMMS_atten_date_dtl_rpt.aspx?page=&short_name=UP&state_name=UTTAR%20PRADESH&state_code=31&district_name=BASTI&district_code=3153&block_name=DUBAULIYA&block_code=3153014&panchayat_name=DEHIDIHA%20BUJURG&panchayat_code=3153014010&fin_year=2025-2026&source=&work_code=3153014010/RC/958486255823750688&msr_no=4227&AttendanceDate=22/03/2026&Digest=tXX1lFq+ZkmZZTgypLWUkA",1
"BASTI","DUBAULIYA","DEWRAGANGWAR","3153014015/RC/958486255823666018","4302","https://mnregaweb4.nic.in/nregaarch/View_NMMS_atten_date_dtl_rpt.aspx?page=&short_name=UP&state_name=UTTAR%20PRADESH&state_code=31&district_name=BASTI&district_code=3153&block_name=DUBAULIYA&block_code=3153014&panchayat_name=DEWRAGANGWAR&panchayat_code=3153014015&fin_year=2025-2026&source=&work_code=3153014015/RC/958486255823666018&msr_no=4302&AttendanceDate=22/03/2026&Digest=wodKknX8EEK5rE9XpNM69Q",6
"BASTI","DUBAULIYA","DEWRAGANGWAR","3153014015/RC/958486255823719614","4300","https://mnregaweb4.nic.in/nregaarch/View_NMMS_atten_date_dtl_rpt.aspx?page=&short_name=UP&state_name=UTTAR%20PRADESH&state_code=31&district_name=BASTI&district_code=3153&block_name=DUBAULIYA&block_code=3153014&panchayat_name=DEWRAGANGWAR&panchayat_code=3153014015&fin_year=2025-2026&source=&work_code=3153014015/RC/958486255823719614&msr_no=4300&AttendanceDate=22/03/2026&Digest=s25cN84arFjI7jADGct4vA",7
"BASTI","DUBAULIYA","PURE OARI RAI","3153014023/RC/958486255823749307","4141","https://mnregaweb4.nic.in/nregaarch/View_NMMS_atten_date_dtl_rpt.aspx?page=&short_name=UP&state_name=UTTAR%20PRADESH&state_code=31&district_name=BASTI&district_code=3153&block_name=DUBAULIYA&block_code=3153014&panchayat_name=PURE%20OARI%20RAI&panchayat_code=3153014023&fin_year=2025-2026&source=&work_code=3153014023/RC/958486255823749307&msr_no=4141&AttendanceDate=22/03/2026&Digest=wseD05Alx9Q4eZ9Jxde5cw",9
"BASTI","DUBAULIYA","PAYAK PUR","3153014025/RC/958486255823750947","4299","https://mnregaweb4.nic.in/nregaarch/View_NMMS_atten_date_dtl_rpt.aspx?page=&short_name=UP&state_name=UTTAR%20PRADESH&state_code=31&district_name=BASTI&district_code=3153&block_name=DUBAULIYA&block_code=3153014&panchayat_name=PAYAK%20PUR&panchayat_code=3153014025&fin_year=2025-2026&source=&work_code=3153014025/RC/958486255823750947&msr_no=4299&AttendanceDate=22/03/2026&Digest=AqnRamZW0o3RQzCB98AG4w",1
"BASTI","DUBAULIYA","LAXMANPUR","3153014030/LD/958486255824889814","4108","https://mnregaweb4.nic.in/nregaarch/View_NMMS_atten_date_dtl_rpt.aspx?page=&short_name=UP&state_name=UTTAR%20PRADESH&state_code=31&district_name=BASTI&district_code=3153&block_name=DUBAULIYA&block_code=3153014&panchayat_name=LAXMANPUR&panchayat_code=3153014030&fin_year=2025-2026&source=&work_code=3153014030/LD/958486255824889814&msr_no=4108&AttendanceDate=22/03/2026&Digest=odCAJ2e2XDri6RlxuOk02Q",9
"BASTI","DUBAULIYA","SARIYA ATIBAL","3153014031/RC/958486255823749920","4152","https://mnregaweb4.nic.in/nregaarch/View_NMMS_atten_date_dtl_rpt.aspx?page=&short_name=UP&state_name=UTTAR%20PRADESH&state_code=31&district_name=BASTI&district_code=3153&block_name=DUBAULIYA&block_code=3153014&panchayat_name=SARIYA%20ATIBAL&panchayat_code=3153014031&fin_year=2025-2026&source=&work_code=3153014031/RC/958486255823749920&msr_no=4152&AttendanceDate=22/03/2026&Digest=0CBjf/7E8LfhFBptvB9Rxg",4
"BASTI","DUBAULIYA","SARIYA ATIBAL","3153014031/RC/958486255823751171","4353","https://mnregaweb4.nic.in/nregaarch/View_NMMS_atten_date_dtl_rpt.aspx?page=&short_name=UP&state_name=UTTAR%20PRADESH&state_code=31&district_name=BASTI&district_code=3153&block_name=DUBAULIYA&block_code=3153014&panchayat_name=SARIYA%20ATIBAL&panchayat_code=3153014031&fin_year=2025-2026&source=&work_code=3153014031/RC/958486255823751171&msr_no=4353&AttendanceDate=22/03/2026&Digest=HdScqBbB6heeib/iwfepgQ",1
"BASTI","DUBAULIYA","KEVARI MUSTAHKAM","3153014040/RC/958486255823615820","4116","https://mnregaweb4.nic.in/nregaarch/View_NMMS_atten_date_dtl_rpt.aspx?page=&short_name=UP&state_name=UTTAR%20PRADESH&state_code=31&district_name=BASTI&district_code=3153&block_name=DUBAULIYA&block_code=3153014&panchayat_name=KEVARI%20MUSTAHKAM&panchayat_code=3153014040&fin_year=2025-2026&source=&work_code=3153014040/RC/958486255823615820&msr_no=4116&AttendanceDate=22/03/2026&Digest=XM/plQk7zvGKHU1ghLsp/A",6
"BASTI","DUBAULIYA","TIGHRA","3153014041/RC/958486255823750592","4289","https://mnregaweb4.nic.in/nregaarch/View_NMMS_atten_date_dtl_rpt.aspx?page=&short_name=UP&state_name=UTTAR%20PRADESH&state_code=31&district_name=BASTI&district_code=3153&block_name=DUBAULIYA&block_code=3153014&panchayat_name=TIGHRA&panchayat_code=3153014041&fin_year=2025-2026&source=&work_code=3153014041/RC/958486255823750592&msr_no=4289&AttendanceDate=22/03/2026&Digest=LyAyUs0Jtp0aSUCR4KpLGA",7
"BASTI","DUBAULIYA","BASANTPUR","3153014056/RC/958486255823751367","4281","https://mnregaweb4.nic.in/nregaarch/View_NMMS_atten_date_dtl_rpt.aspx?page=&short_name=UP&state_name=UTTAR%20PRADESH&state_code=31&district_name=BASTI&district_code=3153&block_name=DUBAULIYA&block_code=3153014&panchayat_name=BASANTPUR&panchayat_code=3153014056&fin_year=2025-2026&source=&work_code=3153014056/RC/958486255823751367&msr_no=4281&AttendanceDate=22/03/2026&Digest=tVTTiR3EDxYE2l1EythosA",4
"BASTI","DUBAULIYA","HARIPAL PUR","3153014060/RC/958486255823749903","4219","https://mnregaweb4.nic.in/nregaarch/View_NMMS_atten_date_dtl_rpt.aspx?page=&short_name=UP&state_name=UTTAR%20PRADESH&state_code=31&district_name=BASTI&district_code=3153&block_name=DUBAULIYA&block_code=3153014&panchayat_name=HARIPAL%20PUR&panchayat_code=3153014060&fin_year=2025-2026&source=&work_code=3153014060/RC/958486255823749903&msr_no=4219&AttendanceDate=22/03/2026&Digest=tKfRdmalBO159Oh/2mFI4g",5
"BASTI","GAUR","BADYA","3153002009/IC/958486255823728562","6357","https://mnregaweb4.nic.in/nregaarch/View_NMMS_atten_date_dtl_rpt.aspx?page=&short_name=UP&state_name=UTTAR%20PRADESH&state_code=31&district_name=BASTI&district_code=3153&block_name=GAUR&block_code=3153002&panchayat_name=BADYA&panchayat_code=3153002009&fin_year=2025-2026&source=&work_code=3153002009/IC/958486255823728562&msr_no=6357&AttendanceDate=22/03/2026&Digest=tyC0jYUZihjAMQCwJwo16w",1
"BASTI","GAUR","BADYA","3153002009/RC/958486255823748436","6268","https://mnregaweb4.nic.in/nregaarch/View_NMMS_atten_date_dtl_rpt.aspx?page=&short_name=UP&state_name=UTTAR%20PRADESH&state_code=31&district_name=BASTI&district_code=3153&block_name=GAUR&block_code=3153002&panchayat_name=BADYA&panchayat_code=3153002009&fin_year=2025-2026&source=&work_code=3153002009/RC/958486255823748436&msr_no=6268&AttendanceDate=22/03/2026&Digest=55Es9ifbeF98+IbAmarJ3A",5
"BASTI","GAUR","BALUA CHAUBE","3153002013/RC/958486255823733175","6361","https://mnregaweb4.nic.in/nregaarch/View_NMMS_atten_date_dtl_rpt.aspx?page=&short_name=UP&state_name=UTTAR%20PRADESH&state_code=31&district_name=BASTI&district_code=3153&block_name=GAUR&block_code=3153002&panchayat_name=BALUA%20CHAUBE&panchayat_code=3153002013&fin_year=2025-2026&source=&work_code=3153002013/RC/958486255823733175&msr_no=6361&AttendanceDate=22/03/2026&Digest=a+f19PcQGlDJKefPPUlHGw",8
"BASTI","GAUR","BUDAUWA","3153002028/RC/958486255823676187","6463","https://mnregaweb4.nic.in/nregaarch/View_NMMS_atten_date_dtl_rpt.aspx?page=&short_name=UP&state_name=UTTAR%20PRADESH&state_code=31&district_name=BASTI&district_code=3153&block_name=GAUR&block_code=3153002&panchayat_name=BUDAUWA&panchayat_code=3153002028&fin_year=2025-2026&source=&work_code=3153002028/RC/958486255823676187&msr_no=6463&AttendanceDate=22/03/2026&Digest=qGsnkcGBSwPBDydluOC2gA",5
"BASTI","GAUR","CHAKCHAI","3153002029/RC/958486255823749445","6546","https://mnregaweb4.nic.in/nregaarch/View_NMMS_atten_date_dtl_rpt.aspx?page=&short_name=UP&state_name=UTTAR%20PRADESH&state_code=31&district_name=BASTI&district_code=3153&block_name=GAUR&block_code=3153002&panchayat_name=CHAKCHAI&panchayat_code=3153002029&fin_year=2025-2026&source=&work_code=3153002029/RC/958486255823749445&msr_no=6546&AttendanceDate=22/03/2026&Digest=W/TTb2TgR1ULHDitmo+htw",10
"BASTI","GAUR","DEGRAHA","3153002035/WC/958486255824252593","6274","https://mnregaweb4.nic.in/nregaarch/View_NMMS_atten_date_dtl_rpt.aspx?page=&short_name=UP&state_name=UTTAR%20PRADESH&state_code=31&district_name=BASTI&district_code=3153&block_name=GAUR&block_code=3153002&panchayat_name=DEGRAHA&panchayat_code=3153002035&fin_year=2025-2026&source=&work_code=3153002035/WC/958486255824252593&msr_no=6274&AttendanceDate=22/03/2026&Digest=v8YYKUooC2/QJC8wDkxEfQ",7
"BASTI","GAUR","DEGRAHA","3153002035/WC/958486255824252593","6277","https://mnregaweb4.nic.in/nregaarch/View_NMMS_atten_date_dtl_rpt.aspx?page=&short_name=UP&state_name=UTTAR%20PRADESH&state_code=31&district_name=BASTI&district_code=3153&block_name=GAUR&block_code=3153002&panchayat_name=DEGRAHA&panchayat_code=3153002035&fin_year=2025-2026&source=&work_code=3153002035/WC/958486255824252593&msr_no=6277&AttendanceDate=22/03/2026&Digest=TRhq0G7JRZIMSvIIv60Zqg",6
"BASTI","GAUR","DEGRAHA","3153002035/WC/958486255824252593","6280","https://mnregaweb4.nic.in/nregaarch/View_NMMS_atten_date_dtl_rpt.aspx?page=&short_name=UP&state_name=UTTAR%20PRADESH&state_code=31&district_name=BASTI&district_code=3153&block_name=GAUR&block_code=3153002&panchayat_name=DEGRAHA&panchayat_code=3153002035&fin_year=2025-2026&source=&work_code=3153002035/WC/958486255824252593&msr_no=6280&AttendanceDate=22/03/2026&Digest=7QcURhgHw+FGDG9p0rvuaQ",8
"BASTI","GAUR","HARDI","3153002043/WC/958486255824252613","6404","https://mnregaweb4.nic.in/nregaarch/View_NMMS_atten_date_dtl_rpt.aspx?page=&short_name=UP&state_name=UTTAR%20PRADESH&state_code=31&district_name=BASTI&district_code=3153&block_name=GAUR&block_code=3153002&panchayat_name=HARDI&panchayat_code=3153002043&fin_year=2025-2026&source=&work_code=3153002043/WC/958486255824252613&msr_no=6404&AttendanceDate=22/03/2026&Digest=00nWJQukaSgF38zUrxVSmw",9
"BASTI","GAUR","HARDI","3153002043/WC/958486255824252613","6407","https://mnregaweb4.nic.in/nregaarch/View_NMMS_atten_date_dtl_rpt.aspx?page=&short_name=UP&state_name=UTTAR%20PRADESH&state_code=31&district_name=BASTI&district_code=3153&block_name=GAUR&block_code=3153002&panchayat_name=HARDI&panchayat_code=3153002043&fin_year=2025-2026&source=&work_code=3153002043/WC/958486255824252613&msr_no=6407&AttendanceDate=22/03/2026&Digest=IV0fMA5K2irCGeo3b85lnA",8
"BASTI","GAUR","KACHIYA","3153002046/LD/958486255824922222","6409","https://mnregaweb4.nic.in/nregaarch/View_NMMS_atten_date_dtl_rpt.aspx?page=&short_name=UP&state_name=UTTAR%20PRADESH&state_code=31&district_name=BASTI&district_code=3153&block_name=GAUR&block_code=3153002&panchayat_name=KACHIYA&panchayat_code=3153002046&fin_year=2025-2026&source=&work_code=3153002046/LD/958486255824922222&msr_no=6409&AttendanceDate=22/03/2026&Digest=L/gxZtziFRLhAW9HQzY+Og",4
"BASTI","GAUR","TENUI CHET SINGH","3153002092/WC/958486255824251198","6265","https://mnregaweb4.nic.in/nregaarch/View_NMMS_atten_date_dtl_rpt.aspx?page=&short_name=UP&state_name=UTTAR%20PRADESH&state_code=31&district_name=BASTI&district_code=3153&block_name=GAUR&block_code=3153002&panchayat_name=TENUI%20CHET%20SINGH&panchayat_code=3153002092&fin_year=2025-2026&source=&work_code=3153002092/WC/958486255824251198&msr_no=6265&AttendanceDate=22/03/2026&Digest=wIbAlzp/qeQsrDYDCMxeoA",8
"BASTI","GAUR","GHAGHARIYA","3153002094/LD/958486255824988251","6390","https://mnregaweb4.nic.in/nregaarch/View_NMMS_atten_date_dtl_rpt.aspx?page=&short_name=UP&state_name=UTTAR%20PRADESH&state_code=31&district_name=BASTI&district_code=3153&block_name=GAUR&block_code=3153002&panchayat_name=GHAGHARIYA&panchayat_code=3153002094&fin_year=2025-2026&source=&work_code=3153002094/LD/958486255824988251&msr_no=6390&AttendanceDate=22/03/2026&Digest=hgslO2s6CzhoRdrS6Rhy/g",9
"BASTI","GAUR","JAITAPUR","3153002110/RC/958486255823740285","6248","https://mnregaweb4.nic.in/nregaarch/View_NMMS_atten_date_dtl_rpt.aspx?page=&short_name=UP&state_name=UTTAR%20PRADESH&state_code=31&district_name=BASTI&district_code=3153&block_name=GAUR&block_code=3153002&panchayat_name=JAITAPUR&panchayat_code=3153002110&fin_year=2025-2026&source=&work_code=3153002110/RC/958486255823740285&msr_no=6248&AttendanceDate=22/03/2026&Digest=SeYpfSz4Ge4RajX5Re0Jqw",2
"BASTI","HARRAIYA","BANS GAW","3153003031/LD/958486255824999776","6902","https://mnregaweb4.nic.in/nregaarch/View_NMMS_atten_date_dtl_rpt.aspx?page=&short_name=UP&state_name=UTTAR%20PRADESH&state_code=31&district_name=BASTI&district_code=3153&block_name=HARRAIYA&block_code=3153003&panchayat_name=BANS%20GAW&panchayat_code=3153003031&fin_year=2025-2026&source=&work_code=3153003031/LD/958486255824999776&msr_no=6902&AttendanceDate=22/03/2026&Digest=W1X0PjtzQxSVZXm+ndMxQg",4
"BASTI","HARRAIYA","BANS GAW","3153003031/LD/958486255824999778","6893","https://mnregaweb4.nic.in/nregaarch/View_NMMS_atten_date_dtl_rpt.aspx?page=&short_name=UP&state_name=UTTAR%20PRADESH&state_code=31&district_name=BASTI&district_code=3153&block_name=HARRAIYA&block_code=3153003&panchayat_name=BANS%20GAW&panchayat_code=3153003031&fin_year=2025-2026&source=&work_code=3153003031/LD/958486255824999778&msr_no=6893&AttendanceDate=22/03/2026&Digest=fv+mR22Ignsh4ulZZmFtuQ",10
"BASTI","HARRAIYA","SANGRAM PUR","3153003035/LD/958486255824958169","6823","https://mnregaweb4.nic.in/nregaarch/View_NMMS_atten_date_dtl_rpt.aspx?page=&short_name=UP&state_name=UTTAR%20PRADESH&state_code=31&district_name=BASTI&district_code=3153&block_name=HARRAIYA&block_code=3153003&panchayat_name=SANGRAM%20PUR&panchayat_code=3153003035&fin_year=2025-2026&source=&work_code=3153003035/LD/958486255824958169&msr_no=6823&AttendanceDate=22/03/2026&Digest=F33lfEGALO0Y8oHLPUW0Cg",9
"BASTI","HARRAIYA","SANGRAM PUR","3153003035/LD/958486255824958172","6821","https://mnregaweb4.nic.in/nregaarch/View_NMMS_atten_date_dtl_rpt.aspx?page=&short_name=UP&state_name=UTTAR%20PRADESH&state_code=31&district_name=BASTI&district_code=3153&block_name=HARRAIYA&block_code=3153003&panchayat_name=SANGRAM%20PUR&panchayat_code=3153003035&fin_year=2025-2026&source=&work_code=3153003035/LD/958486255824958172&msr_no=6821&AttendanceDate=22/03/2026&Digest=4KkHZZjJyn8lyCnv4Zb6qw",9
"BASTI","HARRAIYA","MARWATIA BHAWAN","3153003039/AV/958486255824176086","6920","https://mnregaweb4.nic.in/nregaarch/View_NMMS_atten_date_dtl_rpt.aspx?page=&short_name=UP&state_name=UTTAR%20PRADESH&state_code=31&district_name=BASTI&district_code=3153&block_name=HARRAIYA&block_code=3153003&panchayat_name=MARWATIA%20BHAWAN&panchayat_code=3153003039&fin_year=2025-2026&source=&work_code=3153003039/AV/958486255824176086&msr_no=6920&AttendanceDate=22/03/2026&Digest=OXWkL4Z6IHerMNpQeYFy+g",9
"BASTI","HARRAIYA","NADAYEN","3153003042/LD/958486255824955644","6903","https://mnregaweb4.nic.in/nregaarch/View_NMMS_atten_date_dtl_rpt.aspx?page=&short_name=UP&state_name=UTTAR%20PRADESH&state_code=31&district_name=BASTI&district_code=3153&block_name=HARRAIYA&block_code=3153003&panchayat_name=NADAYEN&panchayat_code=3153003042&fin_year=2025-2026&source=&work_code=3153003042/LD/958486255824955644&msr_no=6903&AttendanceDate=22/03/2026&Digest=jKn9UdUmzvfnOpKqvC+f4w",10
"BASTI","HARRAIYA","NADAYEN","3153003042/LD/958486255824955644","6906","https://mnregaweb4.nic.in/nregaarch/View_NMMS_atten_date_dtl_rpt.aspx?page=&short_name=UP&state_name=UTTAR%20PRADESH&state_code=31&district_name=BASTI&district_code=3153&block_name=HARRAIYA&block_code=3153003&panchayat_name=NADAYEN&panchayat_code=3153003042&fin_year=2025-2026&source=&work_code=3153003042/LD/958486255824955644&msr_no=6906&AttendanceDate=22/03/2026&Digest=zWisnlNCeIW3yE1D7NHeHg",10
"BASTI","HARRAIYA","BHARGAWA","3153003058/RC/958486255823718541","6857","https://mnregaweb4.nic.in/nregaarch/View_NMMS_atten_date_dtl_rpt.aspx?page=&short_name=UP&state_name=UTTAR%20PRADESH&state_code=31&district_name=BASTI&district_code=3153&block_name=HARRAIYA&block_code=3153003&panchayat_name=BHARGAWA&panchayat_code=3153003058&fin_year=2025-2026&source=&work_code=3153003058/RC/958486255823718541&msr_no=6857&AttendanceDate=22/03/2026&Digest=n/5HSGESF1uz3MmquVFVdg",4
"BASTI","HARRAIYA","KHAMHARIA GANGARAM","3153003061/LD/958486255824988270","6914","https://mnregaweb4.nic.in/nregaarch/View_NMMS_atten_date_dtl_rpt.aspx?page=&short_name=UP&state_name=UTTAR%20PRADESH&state_code=31&district_name=BASTI&district_code=3153&block_name=HARRAIYA&block_code=3153003&panchayat_name=KHAMHARIA%20GANGARAM&panchayat_code=3153003061&fin_year=2025-2026&source=&work_code=3153003061/LD/958486255824988270&msr_no=6914&AttendanceDate=22/03/2026&Digest=Y1qwWYcN8MMWYolirFc3Gw",10
"BASTI","HARRAIYA","KHAMHARIA GANGARAM","3153003061/LD/958486255824988274","6924","https://mnregaweb4.nic.in/nregaarch/View_NMMS_atten_date_dtl_rpt.aspx?page=&short_name=UP&state_name=UTTAR%20PRADESH&state_code=31&district_name=BASTI&district_code=3153&block_name=HARRAIYA&block_code=3153003&panchayat_name=KHAMHARIA%20GANGARAM&panchayat_code=3153003061&fin_year=2025-2026&source=&work_code=3153003061/LD/958486255824988274&msr_no=6924&AttendanceDate=22/03/2026&Digest=zCCyPPWe7aZPpe7w7NdfBQ",10
"BASTI","HARRAIYA","KHAMHARIA GANGARAM","3153003061/LD/958486255824988274","6927","https://mnregaweb4.nic.in/nregaarch/View_NMMS_atten_date_dtl_rpt.aspx?page=&short_name=UP&state_name=UTTAR%20PRADESH&state_code=31&district_name=BASTI&district_code=3153&block_name=HARRAIYA&block_code=3153003&panchayat_name=KHAMHARIA%20GANGARAM&panchayat_code=3153003061&fin_year=2025-2026&source=&work_code=3153003061/LD/958486255824988274&msr_no=6927&AttendanceDate=22/03/2026&Digest=tzO1Hpb+zf9ah0C15Mv+ug",2
"BASTI","HARRAIYA","PURAINA KHAS","3153003065/AV/958486255824184943","6988","https://mnregaweb4.nic.in/nregaarch/View_NMMS_atten_date_dtl_rpt.aspx?page=&short_name=UP&state_name=UTTAR%20PRADESH&state_code=31&district_name=BASTI&district_code=3153&block_name=HARRAIYA&block_code=3153003&panchayat_name=PURAINA%20KHAS&panchayat_code=3153003065&fin_year=2025-2026&source=&work_code=3153003065/AV/958486255824184943&msr_no=6988&AttendanceDate=22/03/2026&Digest=Vi1/9ES27EWiHDaMOdvidg",10
"BASTI","HARRAIYA","KESHAWPUR","3153003079/LD/958486255824879264","6979","https://mnregaweb4.nic.in/nregaarch/View_NMMS_atten_date_dtl_rpt.aspx?page=&short_name=UP&state_name=UTTAR%20PRADESH&state_code=31&district_name=BASTI&district_code=3153&block_name=HARRAIYA&block_code=3153003&panchayat_name=KESHAWPUR&panchayat_code=3153003079&fin_year=2025-2026&source=&work_code=3153003079/LD/958486255824879264&msr_no=6979&AttendanceDate=22/03/2026&Digest=vyTHpcTrSRZnMWnF2WYTCQ",10
"BASTI","HARRAIYA","KESHAWPUR","3153003079/LD/958486255825004294","6974","https://mnregaweb4.nic.in/nregaarch/View_NMMS_atten_date_dtl_rpt.aspx?page=&short_name=UP&state_name=UTTAR%20PRADESH&state_code=31&district_name=BASTI&district_code=3153&block_name=HARRAIYA&block_code=3153003&panchayat_name=KESHAWPUR&panchayat_code=3153003079&fin_year=2025-2026&source=&work_code=3153003079/LD/958486255825004294&msr_no=6974&AttendanceDate=22/03/2026&Digest=q4zpoTBP/vuonuQ1jnkRLA",10
"BASTI","HARRAIYA","BHAISA CHAUBEY","3153003080/RC/958486255823712256","6981","https://mnregaweb4.nic.in/nregaarch/View_NMMS_atten_date_dtl_rpt.aspx?page=&short_name=UP&state_name=UTTAR%20PRADESH&state_code=31&district_name=BASTI&district_code=3153&block_name=HARRAIYA&block_code=3153003&panchayat_name=BHAISA%20CHAUBEY&panchayat_code=3153003080&fin_year=2025-2026&source=&work_code=3153003080/RC/958486255823712256&msr_no=6981&AttendanceDate=22/03/2026&Digest=JL3ssbu5LWSGlRG9UitJYw",10
"BASTI","HARRAIYA","SAKARDAHA","3153003082/WH/958486255824006881","6756","https://mnregaweb4.nic.in/nregaarch/View_NMMS_atten_date_dtl_rpt.aspx?page=&short_name=UP&state_name=UTTAR%20PRADESH&state_code=31&district_name=BASTI&district_code=3153&block_name=HARRAIYA&block_code=3153003&panchayat_name=SAKARDAHA&panchayat_code=3153003082&fin_year=2025-2026&source=&work_code=3153003082/WH/958486255824006881&msr_no=6756&AttendanceDate=22/03/2026&Digest=Qwe6mVQ1nCBkt6aIfwHvog",10
"BASTI","HARRAIYA","MUDWARA","3153003091/RC/958486255823747721","6888","https://mnregaweb4.nic.in/nregaarch/View_NMMS_atten_date_dtl_rpt.aspx?page=&short_name=UP&state_name=UTTAR%20PRADESH&state_code=31&district_name=BASTI&district_code=3153&block_name=HARRAIYA&block_code=3153003&panchayat_name=MUDWARA&panchayat_code=3153003091&fin_year=2025-2026&source=&work_code=3153003091/RC/958486255823747721&msr_no=6888&AttendanceDate=22/03/2026&Digest=7rKiDYYvEiu5IAiwIxXOUw",6
"BASTI","HARRAIYA","MIRJAPUR","3153003092/LD/958486255825008868","6833","https://mnregaweb4.nic.in/nregaarch/View_NMMS_atten_date_dtl_rpt.aspx?page=&short_name=UP&state_name=UTTAR%20PRADESH&state_code=31&district_name=BASTI&district_code=3153&block_name=HARRAIYA&block_code=3153003&panchayat_name=MIRJAPUR&panchayat_code=3153003092&fin_year=2025-2026&source=&work_code=3153003092/LD/958486255825008868&msr_no=6833&AttendanceDate=22/03/2026&Digest=sa3xi89DdwLbxTBkl4GeVg",10
"BASTI","HARRAIYA","RAJAULI","3153003097/IC/958486255823741420","6884","https://mnregaweb4.nic.in/nregaarch/View_NMMS_atten_date_dtl_rpt.aspx?page=&short_name=UP&state_name=UTTAR%20PRADESH&state_code=31&district_name=BASTI&district_code=3153&block_name=HARRAIYA&block_code=3153003&panchayat_name=RAJAULI&panchayat_code=3153003097&fin_year=2025-2026&source=&work_code=3153003097/IC/958486255823741420&msr_no=6884&AttendanceDate=22/03/2026&Digest=zP2WBxHF1/ZzQrOY42ukjw",10
"BASTI","HARRAIYA","SUKRAULI CHAUDHARY","3153003098/LD/958486255824844875","6859","https://mnregaweb4.nic.in/nregaarch/View_NMMS_atten_date_dtl_rpt.aspx?page=&short_name=UP&state_name=UTTAR%20PRADESH&state_code=31&district_name=BASTI&district_code=3153&block_name=HARRAIYA&block_code=3153003&panchayat_name=SUKRAULI%20CHAUDHARY&panchayat_code=3153003098&fin_year=2025-2026&source=&work_code=3153003098/LD/958486255824844875&msr_no=6859&AttendanceDate=22/03/2026&Digest=tzr1iZdGh2PYxLPGmqF8ow",4
"BASTI","KAPTANGANJ","ACHHATPUR","3153005022/RC/958486255823697356","4848","https://mnregaweb4.nic.in/nregaarch/View_NMMS_atten_date_dtl_rpt.aspx?page=&short_name=UP&state_name=UTTAR%20PRADESH&state_code=31&district_name=BASTI&district_code=3153&block_name=KAPTANGANJ&block_code=3153005&panchayat_name=ACHHATPUR&panchayat_code=3153005022&fin_year=2025-2026&source=&work_code=3153005022/RC/958486255823697356&msr_no=4848&AttendanceDate=22/03/2026&Digest=h0BCAdnoY6hqiFdB6EShsA",7
"BASTI","KAPTANGANJ","ACHHATPUR","3153005022/RS/958486255823128845","4876","https://mnregaweb4.nic.in/nregaarch/View_NMMS_atten_date_dtl_rpt.aspx?page=&short_name=UP&state_name=UTTAR%20PRADESH&state_code=31&district_name=BASTI&district_code=3153&block_name=KAPTANGANJ&block_code=3153005&panchayat_name=ACHHATPUR&panchayat_code=3153005022&fin_year=2025-2026&source=&work_code=3153005022/RS/958486255823128845&msr_no=4876&AttendanceDate=22/03/2026&Digest=BoyGG1P4PEer0+G3HovfJg",2
"BASTI","KAPTANGANJ","SARWALIYA","3153005034/RC/958486255823718353","4901","https://mnregaweb4.nic.in/nregaarch/View_NMMS_atten_date_dtl_rpt.aspx?page=&short_name=UP&state_name=UTTAR%20PRADESH&state_code=31&district_name=BASTI&district_code=3153&block_name=KAPTANGANJ&block_code=3153005&panchayat_name=SARWALIYA&panchayat_code=3153005034&fin_year=2025-2026&source=&work_code=3153005034/RC/958486255823718353&msr_no=4901&AttendanceDate=22/03/2026&Digest=wxKQzxq13YqrYv4sFhUo0w",7
"BASTI","KAPTANGANJ","BARHNI","3153005046/RC/YD/958486255823698425","4814","https://mnregaweb4.nic.in/nregaarch/View_NMMS_atten_date_dtl_rpt.aspx?page=&short_name=UP&state_name=UTTAR%20PRADESH&state_code=31&district_name=BASTI&district_code=3153&block_name=KAPTANGANJ&block_code=3153005&panchayat_name=BARHNI&panchayat_code=3153005046&fin_year=2025-2026&source=&work_code=3153005046/RC/YD/958486255823698425&msr_no=4814&AttendanceDate=22/03/2026&Digest=eoEe8XlMZNKBIufNOL770g",9
"BASTI","KAPTANGANJ","BIHRA","3153005050/RC/958486255823708855","4840","https://mnregaweb4.nic.in/nregaarch/View_NMMS_atten_date_dtl_rpt.aspx?page=&short_name=UP&state_name=UTTAR%20PRADESH&state_code=31&district_name=BASTI&district_code=3153&block_name=KAPTANGANJ&block_code=3153005&panchayat_name=BIHRA&panchayat_code=3153005050&fin_year=2025-2026&source=&work_code=3153005050/RC/958486255823708855&msr_no=4840&AttendanceDate=22/03/2026&Digest=lxwVjrvv7u2rE8rBaKIYVg",10
"BASTI","KAPTANGANJ","BIHRA","3153005050/RC/958486255823733116","4836","https://mnregaweb4.nic.in/nregaarch/View_NMMS_atten_date_dtl_rpt.aspx?page=&short_name=UP&state_name=UTTAR%20PRADESH&state_code=31&district_name=BASTI&district_code=3153&block_name=KAPTANGANJ&block_code=3153005&panchayat_name=BIHRA&panchayat_code=3153005050&fin_year=2025-2026&source=&work_code=3153005050/RC/958486255823733116&msr_no=4836&AttendanceDate=22/03/2026&Digest=oeDBwSmjYdjL9WFAoI9FfQ",10
"BASTI","KAPTANGANJ","POKHRA","3153005054/RC/958486255823735760","4854","https://mnregaweb4.nic.in/nregaarch/View_NMMS_atten_date_dtl_rpt.aspx?page=&short_name=UP&state_name=UTTAR%20PRADESH&state_code=31&district_name=BASTI&district_code=3153&block_name=KAPTANGANJ&block_code=3153005&panchayat_name=POKHRA&panchayat_code=3153005054&fin_year=2025-2026&source=&work_code=3153005054/RC/958486255823735760&msr_no=4854&AttendanceDate=22/03/2026&Digest=DIlBunPmvb6yYVBUs+3Y1Q",4
"BASTI","KAPTANGANJ","POKHRA","3153005054/RC/958486255823736562","4852","https://mnregaweb4.nic.in/nregaarch/View_NMMS_atten_date_dtl_rpt.aspx?page=&short_name=UP&state_name=UTTAR%20PRADESH&state_code=31&district_name=BASTI&district_code=3153&block_name=KAPTANGANJ&block_code=3153005&panchayat_name=POKHRA&panchayat_code=3153005054&fin_year=2025-2026&source=&work_code=3153005054/RC/958486255823736562&msr_no=4852&AttendanceDate=22/03/2026&Digest=++ULwkfrxc9WCIAp51jFTw",1
"BASTI","KAPTANGANJ","PARIWARPUR","3153005058/RC/958486255823676758","4831","https://mnregaweb4.nic.in/nregaarch/View_NMMS_atten_date_dtl_rpt.aspx?page=&short_name=UP&state_name=UTTAR%20PRADESH&state_code=31&district_name=BASTI&district_code=3153&block_name=KAPTANGANJ&block_code=3153005&panchayat_name=PARIWARPUR&panchayat_code=3153005058&fin_year=2025-2026&source=&work_code=3153005058/RC/958486255823676758&msr_no=4831&AttendanceDate=22/03/2026&Digest=K17CQogNmpqUIg3vcWbuFA",1
"BASTI","KUDARAHA","AKELA KUBERPUR","3153013008/RC/958486255823749187","7978","https://mnregaweb4.nic.in/nregaarch/View_NMMS_atten_date_dtl_rpt.aspx?page=&short_name=UP&state_name=UTTAR%20PRADESH&state_code=31&district_name=BASTI&district_code=3153&block_name=KUDARAHA&block_code=3153013&panchayat_name=AKELA%20KUBERPUR&panchayat_code=3153013008&fin_year=2025-2026&source=&work_code=3153013008/RC/958486255823749187&msr_no=7978&AttendanceDate=22/03/2026&Digest=J9WnNnFniO76buEEsm4J5A",7
"BASTI","KUDARAHA","BHERWA","3153013009/RC/958486255823743118","7622","https://mnregaweb4.nic.in/nregaarch/View_NMMS_atten_date_dtl_rpt.aspx?page=&short_name=UP&state_name=UTTAR%20PRADESH&state_code=31&district_name=BASTI&district_code=3153&block_name=KUDARAHA&block_code=3153013&panchayat_name=BHERWA&panchayat_code=3153013009&fin_year=2025-2026&source=&work_code=3153013009/RC/958486255823743118&msr_no=7622&AttendanceDate=22/03/2026&Digest=IUNA9E827TsGjgWQDQHkGw",4
"BASTI","KUDARAHA","PAAUN","3153013010/RC/958486255823672822","8085","https://mnregaweb4.nic.in/nregaarch/View_NMMS_atten_date_dtl_rpt.aspx?page=&short_name=UP&state_name=UTTAR%20PRADESH&state_code=31&district_name=BASTI&district_code=3153&block_name=KUDARAHA&block_code=3153013&panchayat_name=PAAUN&panchayat_code=3153013010&fin_year=2025-2026&source=&work_code=3153013010/RC/958486255823672822&msr_no=8085&AttendanceDate=22/03/2026&Digest=PkDp2Va2ciwIIMyBesGfoQ",4
"BASTI","KUDARAHA","KOP","3153013018/RC/958486255823711538","7894","https://mnregaweb4.nic.in/nregaarch/View_NMMS_atten_date_dtl_rpt.aspx?page=&short_name=UP&state_name=UTTAR%20PRADESH&state_code=31&district_name=BASTI&district_code=3153&block_name=KUDARAHA&block_code=3153013&panchayat_name=KOP&panchayat_code=3153013018&fin_year=2025-2026&source=&work_code=3153013018/RC/958486255823711538&msr_no=7894&AttendanceDate=22/03/2026&Digest=6ftBpjCo+Gd+de/fSeldAA",4
"BASTI","KUDARAHA","RASOOLPUR","3153013020/RC/958486255823670231","7971","https://mnregaweb4.nic.in/nregaarch/View_NMMS_atten_date_dtl_rpt.aspx?page=&short_name=UP&state_name=UTTAR%20PRADESH&state_code=31&district_name=BASTI&district_code=3153&block_name=KUDARAHA&block_code=3153013&panchayat_name=RASOOLPUR&panchayat_code=3153013020&fin_year=2025-2026&source=&work_code=3153013020/RC/958486255823670231&msr_no=7971&AttendanceDate=22/03/2026&Digest=PzZOSLzXe+xEr53ss6pZiQ",10
"BASTI","KUDARAHA","CHAKIYA","3153013021/LD/958486255825007259","7494","https://mnregaweb4.nic.in/nregaarch/View_NMMS_atten_date_dtl_rpt.aspx?page=&short_name=UP&state_name=UTTAR%20PRADESH&state_code=31&district_name=BASTI&district_code=3153&block_name=KUDARAHA&block_code=3153013&panchayat_name=CHAKIYA&panchayat_code=3153013021&fin_year=2025-2026&source=&work_code=3153013021/LD/958486255825007259&msr_no=7494&AttendanceDate=22/03/2026&Digest=TKR7Bz0+efK5udYvxAviAQ",8
"BASTI","KUDARAHA","CHAKIYA","3153013021/LD/958486255825007259","7497","https://mnregaweb4.nic.in/nregaarch/View_NMMS_atten_date_dtl_rpt.aspx?page=&short_name=UP&state_name=UTTAR%20PRADESH&state_code=31&district_name=BASTI&district_code=3153&block_name=KUDARAHA&block_code=3153013&panchayat_name=CHAKIYA&panchayat_code=3153013021&fin_year=2025-2026&source=&work_code=3153013021/LD/958486255825007259&msr_no=7497&AttendanceDate=22/03/2026&Digest=BnTBJRM9hx/GTz/M98eGnw",3
"BASTI","KUDARAHA","GANGAPUR","3153013025/RC/958486255823679239","7779","https://mnregaweb4.nic.in/nregaarch/View_NMMS_atten_date_dtl_rpt.aspx?page=&short_name=UP&state_name=UTTAR%20PRADESH&state_code=31&district_name=BASTI&district_code=3153&block_name=KUDARAHA&block_code=3153013&panchayat_name=GANGAPUR&panchayat_code=3153013025&fin_year=2025-2026&source=&work_code=3153013025/RC/958486255823679239&msr_no=7779&AttendanceDate=22/03/2026&Digest=8FgUCJwE/DWO7yDQNoOZKQ",6
"BASTI","GAUR","KISUNPUR","3153002054/AV/958486255824184192","6288","https://mnregaweb4.nic.in/nregaarch/View_NMMS_atten_date_dtl_rpt.aspx?page=&short_name=UP&state_name=UTTAR%20PRADESH&state_code=31&district_name=BASTI&district_code=3153&block_name=GAUR&block_code=3153002&panchayat_name=KISUNPUR&panchayat_code=3153002054&fin_year=2025-2026&source=&work_code=3153002054/AV/958486255824184192&msr_no=6288&AttendanceDate=22/03/2026&Digest=+kvCuX7iOFohPdw4NBBaAg",4
"BASTI","GAUR","KISUNPUR","3153002054/WC/958486255824244509","6221","https://mnregaweb4.nic.in/nregaarch/View_NMMS_atten_date_dtl_rpt.aspx?page=&short_name=UP&state_name=UTTAR%20PRADESH&state_code=31&district_name=BASTI&district_code=3153&block_name=GAUR&block_code=3153002&panchayat_name=KISUNPUR&panchayat_code=3153002054&fin_year=2025-2026&source=&work_code=3153002054/WC/958486255824244509&msr_no=6221&AttendanceDate=22/03/2026&Digest=iBLz5FB0DOkYhdnCB1uSlw",9
"BASTI","GAUR","KUNGAI BUJURG","3153002056/RC/958486255823745703","6202","https://mnregaweb4.nic.in/nregaarch/View_NMMS_atten_date_dtl_rpt.aspx?page=&short_name=UP&state_name=UTTAR%20PRADESH&state_code=31&district_name=BASTI&district_code=3153&block_name=GAUR&block_code=3153002&panchayat_name=KUNGAI%20BUJURG&panchayat_code=3153002056&fin_year=2025-2026&source=&work_code=3153002056/RC/958486255823745703&msr_no=6202&AttendanceDate=22/03/2026&Digest=yJEPaj55cNDdTmA2vvM1tA",6
"BASTI","GAUR","MAJHAUVA CHAUBEY","3153002061/WC/958486255824213629","6522","https://mnregaweb4.nic.in/nregaarch/View_NMMS_atten_date_dtl_rpt.aspx?page=&short_name=UP&state_name=UTTAR%20PRADESH&state_code=31&district_name=BASTI&district_code=3153&block_name=GAUR&block_code=3153002&panchayat_name=MAJHAUVA%20CHAUBEY&panchayat_code=3153002061&fin_year=2025-2026&source=&work_code=3153002061/WC/958486255824213629&msr_no=6522&AttendanceDate=22/03/2026&Digest=cDRDdkrPrgRMeX43ScrdzQ",9
"BASTI","GAUR","MAJHAUVA DUDTHNATH","3153002062/RC/958486255823748554","6499","https://mnregaweb4.nic.in/nregaarch/View_NMMS_atten_date_dtl_rpt.aspx?page=&short_name=UP&state_name=UTTAR%20PRADESH&state_code=31&district_name=BASTI&district_code=3153&block_name=GAUR&block_code=3153002&panchayat_name=MAJHAUVA%20DUDTHNATH&panchayat_code=3153002062&fin_year=2025-2026&source=&work_code=3153002062/RC/958486255823748554&msr_no=6499&AttendanceDate=22/03/2026&Digest=Di7QPoPLzFIrqB/fgs9J8w",8
"BASTI","GAUR","SUMAHI","3153002089/LD/YD/958486255825010403","6283","https://mnregaweb4.nic.in/nregaarch/View_NMMS_atten_date_dtl_rpt.aspx?page=&short_name=UP&state_name=UTTAR%20PRADESH&state_code=31&district_name=BASTI&district_code=3153&block_name=GAUR&block_code=3153002&panchayat_name=SUMAHI&panchayat_code=3153002089&fin_year=2025-2026&source=&work_code=3153002089/LD/YD/958486255825010403&msr_no=6283&AttendanceDate=22/03/2026&Digest=qa7NXU4E4Qxvm/sNf/tIaw",4
"BASTI","GAUR","SAURAHA","3153002107/RC/958486255823749863","6289","https://mnregaweb4.nic.in/nregaarch/View_NMMS_atten_date_dtl_rpt.aspx?page=&short_name=UP&state_name=UTTAR%20PRADESH&state_code=31&district_name=BASTI&district_code=3153&block_name=GAUR&block_code=3153002&panchayat_name=SAURAHA&panchayat_code=3153002107&fin_year=2025-2026&source=&work_code=3153002107/RC/958486255823749863&msr_no=6289&AttendanceDate=22/03/2026&Digest=XDzl274X8/WKaBtkvbwfBA",4
"BASTI","GAUR","JAITAPUR","3153002110/RC/958486255823740274","6243","https://mnregaweb4.nic.in/nregaarch/View_NMMS_atten_date_dtl_rpt.aspx?page=&short_name=UP&state_name=UTTAR%20PRADESH&state_code=31&district_name=BASTI&district_code=3153&block_name=GAUR&block_code=3153002&panchayat_name=JAITAPUR&panchayat_code=3153002110&fin_year=2025-2026&source=&work_code=3153002110/RC/958486255823740274&msr_no=6243&AttendanceDate=22/03/2026&Digest=Ns6ySV7JzbLAk+gHuWBQBA",9
"BASTI","GAUR","JAITAPUR","3153002110/RC/958486255823740280","6246","https://mnregaweb4.nic.in/nregaarch/View_NMMS_atten_date_dtl_rpt.aspx?page=&short_name=UP&state_name=UTTAR%20PRADESH&state_code=31&district_name=BASTI&district_code=3153&block_name=GAUR&block_code=3153002&panchayat_name=JAITAPUR&panchayat_code=3153002110&fin_year=2025-2026&source=&work_code=3153002110/RC/958486255823740280&msr_no=6246&AttendanceDate=22/03/2026&Digest=IdOYA0/O8Gch74IWXaySsA",2
"BASTI","HARRAIYA","MAHUAPAR","3153003018/LD/958486255824931758","6890","https://mnregaweb4.nic.in/nregaarch/View_NMMS_atten_date_dtl_rpt.aspx?page=&short_name=UP&state_name=UTTAR%20PRADESH&state_code=31&district_name=BASTI&district_code=3153&block_name=HARRAIYA&block_code=3153003&panchayat_name=MAHUAPAR&panchayat_code=3153003018&fin_year=2025-2026&source=&work_code=3153003018/LD/958486255824931758&msr_no=6890&AttendanceDate=22/03/2026&Digest=mKPS9+IjNvHs5m0zT0s+5w",10
"BASTI","HARRAIYA","RATANPUR RAI","3153003026/LD/958486255825004588","6778","https://mnregaweb4.nic.in/nregaarch/View_NMMS_atten_date_dtl_rpt.aspx?page=&short_name=UP&state_name=UTTAR%20PRADESH&state_code=31&district_name=BASTI&district_code=3153&block_name=HARRAIYA&block_code=3153003&panchayat_name=RATANPUR%20RAI&panchayat_code=3153003026&fin_year=2025-2026&source=&work_code=3153003026/LD/958486255825004588&msr_no=6778&AttendanceDate=22/03/2026&Digest=K3GAINir4+inY32vEm59hA",9
"BASTI","HARRAIYA","BANS GAW","3153003031/LD/958486255824994674","6897","https://mnregaweb4.nic.in/nregaarch/View_NMMS_atten_date_dtl_rpt.aspx?page=&short_name=UP&state_name=UTTAR%20PRADESH&state_code=31&district_name=BASTI&district_code=3153&block_name=HARRAIYA&block_code=3153003&panchayat_name=BANS%20GAW&panchayat_code=3153003031&fin_year=2025-2026&source=&work_code=3153003031/LD/958486255824994674&msr_no=6897&AttendanceDate=22/03/2026&Digest=zmiDAP8R178DJIO3kz01/A",10
"BASTI","HARRAIYA","NADAYEN","3153003042/LD/958486255824955644","6909","https://mnregaweb4.nic.in/nregaarch/View_NMMS_atten_date_dtl_rpt.aspx?page=&short_name=UP&state_name=UTTAR%20PRADESH&state_code=31&district_name=BASTI&district_code=3153&block_name=HARRAIYA&block_code=3153003&panchayat_name=NADAYEN&panchayat_code=3153003042&fin_year=2025-2026&source=&work_code=3153003042/LD/958486255824955644&msr_no=6909&AttendanceDate=22/03/2026&Digest=Kctj4kmDfCkoATzH5QGZ8w",10
"BASTI","HARRAIYA","AMARI","3153003052/IC/958486255823729369","6971","https://mnregaweb4.nic.in/nregaarch/View_NMMS_atten_date_dtl_rpt.aspx?page=&short_name=UP&state_name=UTTAR%20PRADESH&state_code=31&district_name=BASTI&district_code=3153&block_name=HARRAIYA&block_code=3153003&panchayat_name=AMARI&panchayat_code=3153003052&fin_year=2025-2026&source=&work_code=3153003052/IC/958486255823729369&msr_no=6971&AttendanceDate=22/03/2026&Digest=buH8L9g619OgOJ2s+URp6w",5
"BASTI","HARRAIYA","BHARGAWA","3153003058/LD/958486255824611296","6962","https://mnregaweb4.nic.in/nregaarch/View_NMMS_atten_date_dtl_rpt.aspx?page=&short_name=UP&state_name=UTTAR%20PRADESH&state_code=31&district_name=BASTI&district_code=3153&block_name=HARRAIYA&block_code=3153003&panchayat_name=BHARGAWA&panchayat_code=3153003058&fin_year=2025-2026&source=&work_code=3153003058/LD/958486255824611296&msr_no=6962&AttendanceDate=22/03/2026&Digest=ryW9bR+flnP9aoJAg2+KHQ",10
"BASTI","HARRAIYA","BHARGAWA","3153003058/LD/958486255824949792","6852","https://mnregaweb4.nic.in/nregaarch/View_NMMS_atten_date_dtl_rpt.aspx?page=&short_name=UP&state_name=UTTAR%20PRADESH&state_code=31&district_name=BASTI&district_code=3153&block_name=HARRAIYA&block_code=3153003&panchayat_name=BHARGAWA&panchayat_code=3153003058&fin_year=2025-2026&source=&work_code=3153003058/LD/958486255824949792&msr_no=6852&AttendanceDate=22/03/2026&Digest=YHzUI+gn1IlA0NJdyjN93w",10
"BASTI","HARRAIYA","BHARGAWA","3153003058/LD/958486255824949792","6855","https://mnregaweb4.nic.in/nregaarch/View_NMMS_atten_date_dtl_rpt.aspx?page=&short_name=UP&state_name=UTTAR%20PRADESH&state_code=31&district_name=BASTI&district_code=3153&block_name=HARRAIYA&block_code=3153003&panchayat_name=BHARGAWA&panchayat_code=3153003058&fin_year=2025-2026&source=&work_code=3153003058/LD/958486255824949792&msr_no=6855&AttendanceDate=22/03/2026&Digest=7IdkMzDZLAupmrGNtsLAyA",6
"BASTI","HARRAIYA","LAVDAHA","3153003060/RC/958486255823749438","6990","https://mnregaweb4.nic.in/nregaarch/View_NMMS_atten_date_dtl_rpt.aspx?page=&short_name=UP&state_name=UTTAR%20PRADESH&state_code=31&district_name=BASTI&district_code=3153&block_name=HARRAIYA&block_code=3153003&panchayat_name=LAVDAHA&panchayat_code=3153003060&fin_year=2025-2026&source=&work_code=3153003060/RC/958486255823749438&msr_no=6990&AttendanceDate=22/03/2026&Digest=qMGaYV42F5h5Mfsrs0THkQ",7
"BASTI","HARRAIYA","JOGAPUR","3153003071/LD/958486255825004701","6992","https://mnregaweb4.nic.in/nregaarch/View_NMMS_atten_date_dtl_rpt.aspx?page=&short_name=UP&state_name=UTTAR%20PRADESH&state_code=31&district_name=BASTI&district_code=3153&block_name=HARRAIYA&block_code=3153003&panchayat_name=JOGAPUR&panchayat_code=3153003071&fin_year=2025-2026&source=&work_code=3153003071/LD/958486255825004701&msr_no=6992&AttendanceDate=22/03/2026&Digest=Qu26HbucVkxFYZXJ0OJjgg",10
"BASTI","HARRAIYA","KHAMAHRIA SUJAT","3153003072/LD/958486255825008862","6827","https://mnregaweb4.nic.in/nregaarch/View_NMMS_atten_date_dtl_rpt.aspx?page=&short_name=UP&state_name=UTTAR%20PRADESH&state_code=31&district_name=BASTI&district_code=3153&block_name=HARRAIYA&block_code=3153003&panchayat_name=KHAMAHRIA%20SUJAT&panchayat_code=3153003072&fin_year=2025-2026&source=&work_code=3153003072/LD/958486255825008862&msr_no=6827&AttendanceDate=22/03/2026&Digest=XBU7lTbCV5X9YFTIs2jl4A",10
"BASTI","HARRAIYA","KHAMAHRIA SUJAT","3153003072/LD/958486255825008862","6830","https://mnregaweb4.nic.in/nregaarch/View_NMMS_atten_date_dtl_rpt.aspx?page=&short_name=UP&state_name=UTTAR%20PRADESH&state_code=31&district_name=BASTI&district_code=3153&block_name=HARRAIYA&block_code=3153003&panchayat_name=KHAMAHRIA%20SUJAT&panchayat_code=3153003072&fin_year=2025-2026&source=&work_code=3153003072/LD/958486255825008862&msr_no=6830&AttendanceDate=22/03/2026&Digest=08vvGe1ruLiJgWeK0RrCPA",10
"BASTI","HARRAIYA","KHAIRI OJHA","3153003075/RC/958486255823728319","6930","https://mnregaweb4.nic.in/nregaarch/View_NMMS_atten_date_dtl_rpt.aspx?page=&short_name=UP&state_name=UTTAR%20PRADESH&state_code=31&district_name=BASTI&district_code=3153&block_name=HARRAIYA&block_code=3153003&panchayat_name=KHAIRI%20OJHA&panchayat_code=3153003075&fin_year=2025-2026&source=&work_code=3153003075/RC/958486255823728319&msr_no=6930&AttendanceDate=22/03/2026&Digest=X5qFCEw5nynM+Y8XDh+ytQ",7
"BASTI","HARRAIYA","SHAMBHUPUR","3153003077/RC/958486255823742783","6961","https://mnregaweb4.nic.in/nregaarch/View_NMMS_atten_date_dtl_rpt.aspx?page=&short_name=UP&state_name=UTTAR%20PRADESH&state_code=31&district_name=BASTI&district_code=3153&block_name=HARRAIYA&block_code=3153003&panchayat_name=SHAMBHUPUR&panchayat_code=3153003077&fin_year=2025-2026&source=&work_code=3153003077/RC/958486255823742783&msr_no=6961&AttendanceDate=22/03/2026&Digest=6kQvyKILmDRT1HR9imGJGA",8
"BASTI","KAPTANGANJ","BAGHAUDA","3153005008/RC/958486255823700091","4846","https://mnregaweb4.nic.in/nregaarch/View_NMMS_atten_date_dtl_rpt.aspx?page=&short_name=UP&state_name=UTTAR%20PRADESH&state_code=31&district_name=BASTI&district_code=3153&block_name=KAPTANGANJ&block_code=3153005&panchayat_name=BAGHAUDA&panchayat_code=3153005008&fin_year=2025-2026&source=&work_code=3153005008/RC/958486255823700091&msr_no=4846&AttendanceDate=22/03/2026&Digest=iYMkcCncWa+zDdwB/TsmKQ",2
"BASTI","KAPTANGANJ","ACHHATPUR","3153005022/RS/958486255823128844","4882","https://mnregaweb4.nic.in/nregaarch/View_NMMS_atten_date_dtl_rpt.aspx?page=&short_name=UP&state_name=UTTAR%20PRADESH&state_code=31&district_name=BASTI&district_code=3153&block_name=KAPTANGANJ&block_code=3153005&panchayat_name=ACHHATPUR&panchayat_code=3153005022&fin_year=2025-2026&source=&work_code=3153005022/RS/958486255823128844&msr_no=4882&AttendanceDate=22/03/2026&Digest=ib77zvwoLF3MgXZwsJ9yRQ",2
"BASTI","KAPTANGANJ","ACHHATPUR","3153005022/RS/958486255823128847","4872","https://mnregaweb4.nic.in/nregaarch/View_NMMS_atten_date_dtl_rpt.aspx?page=&short_name=UP&state_name=UTTAR%20PRADESH&state_code=31&district_name=BASTI&district_code=3153&block_name=KAPTANGANJ&block_code=3153005&panchayat_name=ACHHATPUR&panchayat_code=3153005022&fin_year=2025-2026&source=&work_code=3153005022/RS/958486255823128847&msr_no=4872&AttendanceDate=22/03/2026&Digest=exoj7MTLRelKn/S5UTjrTg",2
"BASTI","KAPTANGANJ","BESAURA","3153005031/RC/958486255823680624","4861","https://mnregaweb4.nic.in/nregaarch/View_NMMS_atten_date_dtl_rpt.aspx?page=&short_name=UP&state_name=UTTAR%20PRADESH&state_code=31&district_name=BASTI&district_code=3153&block_name=KAPTANGANJ&block_code=3153005&panchayat_name=BESAURA&panchayat_code=3153005031&fin_year=2025-2026&source=&work_code=3153005031/RC/958486255823680624&msr_no=4861&AttendanceDate=22/03/2026&Digest=e6tlrFq3OVFvsF2t77BQVA",9
"BASTI","KAPTANGANJ","NAIKAPAR","3153005057/LD/958486255824964924","4806","https://mnregaweb4.nic.in/nregaarch/View_NMMS_atten_date_dtl_rpt.aspx?page=&short_name=UP&state_name=UTTAR%20PRADESH&state_code=31&district_name=BASTI&district_code=3153&block_name=KAPTANGANJ&block_code=3153005&panchayat_name=NAIKAPAR&panchayat_code=3153005057&fin_year=2025-2026&source=&work_code=3153005057/LD/958486255824964924&msr_no=4806&AttendanceDate=22/03/2026&Digest=5bddmfYbNFYoxG8fQPZUnQ",5
"BASTI","KAPTANGANJ","NAIKAPAR","3153005057/LD/958486255824964925","4863","https://mnregaweb4.nic.in/nregaarch/View_NMMS_atten_date_dtl_rpt.aspx?page=&short_name=UP&state_name=UTTAR%20PRADESH&state_code=31&district_name=BASTI&district_code=3153&block_name=KAPTANGANJ&block_code=3153005&panchayat_name=NAIKAPAR&panchayat_code=3153005057&fin_year=2025-2026&source=&work_code=3153005057/LD/958486255824964925&msr_no=4863&AttendanceDate=22/03/2026&Digest=4z5DZb5qJreoLxcNN62dag",7
"BASTI","KAPTANGANJ","PARIWARPUR","3153005058/RC/958486255823726572","4894","https://mnregaweb4.nic.in/nregaarch/View_NMMS_atten_date_dtl_rpt.aspx?page=&short_name=UP&state_name=UTTAR%20PRADESH&state_code=31&district_name=BASTI&district_code=3153&block_name=KAPTANGANJ&block_code=3153005&panchayat_name=PARIWARPUR&panchayat_code=3153005058&fin_year=2025-2026&source=&work_code=3153005058/RC/958486255823726572&msr_no=4894&AttendanceDate=22/03/2026&Digest=ay5kzIFyWhW1fSRrImRobA",3
"BASTI","KUDARAHA","MURADPUR","3153013002/WH/958486255823990667","8035","https://mnregaweb4.nic.in/nregaarch/View_NMMS_atten_date_dtl_rpt.aspx?page=&short_name=UP&state_name=UTTAR%20PRADESH&state_code=31&district_name=BASTI&district_code=3153&block_name=KUDARAHA&block_code=3153013&panchayat_name=MURADPUR&panchayat_code=3153013002&fin_year=2025-2026&source=&work_code=3153013002/WH/958486255823990667&msr_no=8035&AttendanceDate=22/03/2026&Digest=w7Uz6gBRpFgHq6GbXgo8lw",10
"BASTI","KUDARAHA","PIPARPATI MUSTAHKAM","3153013004/RC/958486255823748170","8065","https://mnregaweb4.nic.in/nregaarch/View_NMMS_atten_date_dtl_rpt.aspx?page=&short_name=UP&state_name=UTTAR%20PRADESH&state_code=31&district_name=BASTI&district_code=3153&block_name=KUDARAHA&block_code=3153013&panchayat_name=PIPARPATI%20MUSTAHKAM&panchayat_code=3153013004&fin_year=2025-2026&source=&work_code=3153013004/RC/958486255823748170&msr_no=8065&AttendanceDate=22/03/2026&Digest=0YMRET/tovsk/CWUaKhtuA",7
"BASTI","KUDARAHA","PIPARPATI MUSTAHKAM","3153013004/RC/958486255823749540","8066","https://mnregaweb4.nic.in/nregaarch/View_NMMS_atten_date_dtl_rpt.aspx?page=&short_name=UP&state_name=UTTAR%20PRADESH&state_code=31&district_name=BASTI&district_code=3153&block_name=KUDARAHA&block_code=3153013&panchayat_name=PIPARPATI%20MUSTAHKAM&panchayat_code=3153013004&fin_year=2025-2026&source=&work_code=3153013004/RC/958486255823749540&msr_no=8066&AttendanceDate=22/03/2026&Digest=kUByITErOCGK8v2H+6ungw",10
"BASTI","KUDARAHA","AKELA KUBERPUR","3153013008/RC/958486255823594326","8057","https://mnregaweb4.nic.in/nregaarch/View_NMMS_atten_date_dtl_rpt.aspx?page=&short_name=UP&state_name=UTTAR%20PRADESH&state_code=31&district_name=BASTI&district_code=3153&block_name=KUDARAHA&block_code=3153013&panchayat_name=AKELA%20KUBERPUR&panchayat_code=3153013008&fin_year=2025-2026&source=&work_code=3153013008/RC/958486255823594326&msr_no=8057&AttendanceDate=22/03/2026&Digest=XSadEvx0xSTt6xVwIx+agQ",3
"BASTI","KUDARAHA","AKELA KUBERPUR","3153013008/RC/958486255823749188","7987","https://mnregaweb4.nic.in/nregaarch/View_NMMS_atten_date_dtl_rpt.aspx?page=&short_name=UP&state_name=UTTAR%20PRADESH&state_code=31&district_name=BASTI&district_code=3153&block_name=KUDARAHA&block_code=3153013&panchayat_name=AKELA%20KUBERPUR&panchayat_code=3153013008&fin_year=2025-2026&source=&work_code=3153013008/RC/958486255823749188&msr_no=7987&AttendanceDate=22/03/2026&Digest=WFi10fzOHvO9qHi18VSmwQ",2
"BASTI","KUDARAHA","AKELA KUBERPUR","3153013008/RC/958486255823749188","7990","https://mnregaweb4.nic.in/nregaarch/View_NMMS_atten_date_dtl_rpt.aspx?page=&short_name=UP&state_name=UTTAR%20PRADESH&state_code=31&district_name=BASTI&district_code=3153&block_name=KUDARAHA&block_code=3153013&panchayat_name=AKELA%20KUBERPUR&panchayat_code=3153013008&fin_year=2025-2026&source=&work_code=3153013008/RC/958486255823749188&msr_no=7990&AttendanceDate=22/03/2026&Digest=ko7QcA8eZaO0Xr+WoeWZRg",4
"BASTI","KUDARAHA","RASOOLPUR","3153013020/RC/958486255823670231","7968","https://mnregaweb4.nic.in/nregaarch/View_NMMS_atten_date_dtl_rpt.aspx?page=&short_name=UP&state_name=UTTAR%20PRADESH&state_code=31&district_name=BASTI&district_code=3153&block_name=KUDARAHA&block_code=3153013&panchayat_name=RASOOLPUR&panchayat_code=3153013020&fin_year=2025-2026&source=&work_code=3153013020/RC/958486255823670231&msr_no=7968&AttendanceDate=22/03/2026&Digest=h5nnoJf7WwK0evfE9h693w",10
"BASTI","KUDARAHA","RASOOLPUR","3153013020/RC/958486255823670232","7973","https://mnregaweb4.nic.in/nregaarch/View_NMMS_atten_date_dtl_rpt.aspx?page=&short_name=UP&state_name=UTTAR%20PRADESH&state_code=31&district_name=BASTI&district_code=3153&block_name=KUDARAHA&block_code=3153013&panchayat_name=RASOOLPUR&panchayat_code=3153013020&fin_year=2025-2026&source=&work_code=3153013020/RC/958486255823670232&msr_no=7973&AttendanceDate=22/03/2026&Digest=l2B7judNv9qUq2ddllm7ag",10
"BASTI","KUDARAHA","RASOOLPUR","3153013020/RC/958486255823670232","7976","https://mnregaweb4.nic.in/nregaarch/View_NMMS_atten_date_dtl_rpt.aspx?page=&short_name=UP&state_name=UTTAR%20PRADESH&state_code=31&district_name=BASTI&district_code=3153&block_name=KUDARAHA&block_code=3153013&panchayat_name=RASOOLPUR&panchayat_code=3153013020&fin_year=2025-2026&source=&work_code=3153013020/RC/958486255823670232&msr_no=7976&AttendanceDate=22/03/2026&Digest=iUXAeXt3WK8dERK/MPGyXg",2
"BASTI","KUDARAHA","GAURA ROHARI","3153013024/LD/958486255824973367","7592","https://mnregaweb4.nic.in/nregaarch/View_NMMS_atten_date_dtl_rpt.aspx?page=&short_name=UP&state_name=UTTAR%20PRADESH&state_code=31&district_name=BASTI&district_code=3153&block_name=KUDARAHA&block_code=3153013&panchayat_name=GAURA%20ROHARI&panchayat_code=3153013024&fin_year=2025-2026&source=&work_code=3153013024/LD/958486255824973367&msr_no=7592&AttendanceDate=22/03/2026&Digest=VEp+RWJFzx9X1vk/2CdIjg",8
"BASTI","HARRAIYA","JOGAPUR","3153003071/LD/958486255825004701","6993","https://mnregaweb4.nic.in/nregaarch/View_NMMS_atten_date_dtl_rpt.aspx?page=&short_name=UP&state_name=UTTAR%20PRADESH&state_code=31&district_name=BASTI&district_code=3153&block_name=HARRAIYA&block_code=3153003&panchayat_name=JOGAPUR&panchayat_code=3153003071&fin_year=2025-2026&source=&work_code=3153003071/LD/958486255825004701&msr_no=6993&AttendanceDate=22/03/2026&Digest=RAFquSK0m+3bb0kxPb3NWQ",10
"BASTI","HARRAIYA","BHADAWAL KALA","3153003074/LD/958486255825010527","6870","https://mnregaweb4.nic.in/nregaarch/View_NMMS_atten_date_dtl_rpt.aspx?page=&short_name=UP&state_name=UTTAR%20PRADESH&state_code=31&district_name=BASTI&district_code=3153&block_name=HARRAIYA&block_code=3153003&panchayat_name=BHADAWAL%20KALA&panchayat_code=3153003074&fin_year=2025-2026&source=&work_code=3153003074/LD/958486255825010527&msr_no=6870&AttendanceDate=22/03/2026&Digest=GHcmqyN6lP1+Ge6Q/9AZwQ",7
"BASTI","HARRAIYA","KHAIRI OJHA","3153003075/RC/958486255823728315","6928","https://mnregaweb4.nic.in/nregaarch/View_NMMS_atten_date_dtl_rpt.aspx?page=&short_name=UP&state_name=UTTAR%20PRADESH&state_code=31&district_name=BASTI&district_code=3153&block_name=HARRAIYA&block_code=3153003&panchayat_name=KHAIRI%20OJHA&panchayat_code=3153003075&fin_year=2025-2026&source=&work_code=3153003075/RC/958486255823728315&msr_no=6928&AttendanceDate=22/03/2026&Digest=GHSJoE+t3op4zuDvAA2SuA",10
"BASTI","HARRAIYA","SHAMBHUPUR","3153003077/WC/958486255823257967","6841","https://mnregaweb4.nic.in/nregaarch/View_NMMS_atten_date_dtl_rpt.aspx?page=&short_name=UP&state_name=UTTAR%20PRADESH&state_code=31&district_name=BASTI&district_code=3153&block_name=HARRAIYA&block_code=3153003&panchayat_name=SHAMBHUPUR&panchayat_code=3153003077&fin_year=2025-2026&source=&work_code=3153003077/WC/958486255823257967&msr_no=6841&AttendanceDate=22/03/2026&Digest=2mLpkpeSYQO9pdcGgWBI1Q",10
"BASTI","HARRAIYA","SAKARDAHA","3153003082/WH/958486255824006881","6754","https://mnregaweb4.nic.in/nregaarch/View_NMMS_atten_date_dtl_rpt.aspx?page=&short_name=UP&state_name=UTTAR%20PRADESH&state_code=31&district_name=BASTI&district_code=3153&block_name=HARRAIYA&block_code=3153003&panchayat_name=SAKARDAHA&panchayat_code=3153003082&fin_year=2025-2026&source=&work_code=3153003082/WH/958486255824006881&msr_no=6754&AttendanceDate=22/03/2026&Digest=zwfb28g3fytwBPCxDII7GQ",10
"BASTI","HARRAIYA","KISHUNPUR","3153003084/RC/958486255823446020","6950","https://mnregaweb4.nic.in/nregaarch/View_NMMS_atten_date_dtl_rpt.aspx?page=&short_name=UP&state_name=UTTAR%20PRADESH&state_code=31&district_name=BASTI&district_code=3153&block_name=HARRAIYA&block_code=3153003&panchayat_name=KISHUNPUR&panchayat_code=3153003084&fin_year=2025-2026&source=&work_code=3153003084/RC/958486255823446020&msr_no=6950&AttendanceDate=22/03/2026&Digest=rMBGPWB3mDnoeEAMeLTCLw",2
"BASTI","HARRAIYA","RAJAULI","3153003097/IC/958486255823741420","6882","https://mnregaweb4.nic.in/nregaarch/View_NMMS_atten_date_dtl_rpt.aspx?page=&short_name=UP&state_name=UTTAR%20PRADESH&state_code=31&district_name=BASTI&district_code=3153&block_name=HARRAIYA&block_code=3153003&panchayat_name=RAJAULI&panchayat_code=3153003097&fin_year=2025-2026&source=&work_code=3153003097/IC/958486255823741420&msr_no=6882&AttendanceDate=22/03/2026&Digest=0hJj94dG5lM7/O1gu7FaGQ",10
"BASTI","KAPTANGANJ","ACHHATPUR","3153005022/RS/958486255823128848","4874","https://mnregaweb4.nic.in/nregaarch/View_NMMS_atten_date_dtl_rpt.aspx?page=&short_name=UP&state_name=UTTAR%20PRADESH&state_code=31&district_name=BASTI&district_code=3153&block_name=KAPTANGANJ&block_code=3153005&panchayat_name=ACHHATPUR&panchayat_code=3153005022&fin_year=2025-2026&source=&work_code=3153005022/RS/958486255823128848&msr_no=4874&AttendanceDate=22/03/2026&Digest=iFN1LMkSJXLYEtFkLrhGpA",1
"BASTI","KAPTANGANJ","NARAYANPUR","3153005025/RC/958486255823747055","4890","https://mnregaweb4.nic.in/nregaarch/View_NMMS_atten_date_dtl_rpt.aspx?page=&short_name=UP&state_name=UTTAR%20PRADESH&state_code=31&district_name=BASTI&district_code=3153&block_name=KAPTANGANJ&block_code=3153005&panchayat_name=NARAYANPUR&panchayat_code=3153005025&fin_year=2025-2026&source=&work_code=3153005025/RC/958486255823747055&msr_no=4890&AttendanceDate=22/03/2026&Digest=Wv9i3UKdTewvIHsDdV6V5g",9
"BASTI","KAPTANGANJ","BARHNI","3153005046/RC/YD/958486255823699536","4817","https://mnregaweb4.nic.in/nregaarch/View_NMMS_atten_date_dtl_rpt.aspx?page=&short_name=UP&state_name=UTTAR%20PRADESH&state_code=31&district_name=BASTI&district_code=3153&block_name=KAPTANGANJ&block_code=3153005&panchayat_name=BARHNI&panchayat_code=3153005046&fin_year=2025-2026&source=&work_code=3153005046/RC/YD/958486255823699536&msr_no=4817&AttendanceDate=22/03/2026&Digest=3mRE/oY+8O0nqaz24x4VjQ",6
"BASTI","KAPTANGANJ","RAMGARH URF KATHAR JANGAL","3153005053/RC/958486255823735481","4797","https://mnregaweb4.nic.in/nregaarch/View_NMMS_atten_date_dtl_rpt.aspx?page=&short_name=UP&state_name=UTTAR%20PRADESH&state_code=31&district_name=BASTI&district_code=3153&block_name=KAPTANGANJ&block_code=3153005&panchayat_name=RAMGARH%20URF%20KATHAR%20JANGAL&panchayat_code=3153005053&fin_year=2025-2026&source=&work_code=3153005053/RC/958486255823735481&msr_no=4797&AttendanceDate=22/03/2026&Digest=0Vl8+n21jBu8EiDI+bFSew",9
"BASTI","KAPTANGANJ","POKHRA","3153005054/RC/958486255823735764","4855","https://mnregaweb4.nic.in/nregaarch/View_NMMS_atten_date_dtl_rpt.aspx?page=&short_name=UP&state_name=UTTAR%20PRADESH&state_code=31&district_name=BASTI&district_code=3153&block_name=KAPTANGANJ&block_code=3153005&panchayat_name=POKHRA&panchayat_code=3153005054&fin_year=2025-2026&source=&work_code=3153005054/RC/958486255823735764&msr_no=4855&AttendanceDate=22/03/2026&Digest=jTL6G22XE4ZVA+hjQQIi3A",8
"BASTI","KAPTANGANJ","PARIWARPUR","3153005058/RC/958486255823693209","4820","https://mnregaweb4.nic.in/nregaarch/View_NMMS_atten_date_dtl_rpt.aspx?page=&short_name=UP&state_name=UTTAR%20PRADESH&state_code=31&district_name=BASTI&district_code=3153&block_name=KAPTANGANJ&block_code=3153005&panchayat_name=PARIWARPUR&panchayat_code=3153005058&fin_year=2025-2026&source=&work_code=3153005058/RC/958486255823693209&msr_no=4820&AttendanceDate=22/03/2026&Digest=knRkpQ5RTlQ9935EKBXmMA",7
"BASTI","KUDARAHA","BHERWA","3153013009/RC/958486255823743141","7624","https://mnregaweb4.nic.in/nregaarch/View_NMMS_atten_date_dtl_rpt.aspx?page=&short_name=UP&state_name=UTTAR%20PRADESH&state_code=31&district_name=BASTI&district_code=3153&block_name=KUDARAHA&block_code=3153013&panchayat_name=BHERWA&panchayat_code=3153013009&fin_year=2025-2026&source=&work_code=3153013009/RC/958486255823743141&msr_no=7624&AttendanceDate=22/03/2026&Digest=yimwMfh7YrfeL48yl17pFw",5
"BASTI","KUDARAHA","SHIVPUR","3153013013/RC/958486255823677140","7898","https://mnregaweb4.nic.in/nregaarch/View_NMMS_atten_date_dtl_rpt.aspx?page=&short_name=UP&state_name=UTTAR%20PRADESH&state_code=31&district_name=BASTI&district_code=3153&block_name=KUDARAHA&block_code=3153013&panchayat_name=SHIVPUR&panchayat_code=3153013013&fin_year=2025-2026&source=&work_code=3153013013/RC/958486255823677140&msr_no=7898&AttendanceDate=22/03/2026&Digest=L4m1Mbq+hZw8li1Eycb/mQ",2
"BASTI","KUDARAHA","CHAUBAAH","3153013014/LD/958486255824934681","7774","https://mnregaweb4.nic.in/nregaarch/View_NMMS_atten_date_dtl_rpt.aspx?page=&short_name=UP&state_name=UTTAR%20PRADESH&state_code=31&district_name=BASTI&district_code=3153&block_name=KUDARAHA&block_code=3153013&panchayat_name=CHAUBAAH&panchayat_code=3153013014&fin_year=2025-2026&source=&work_code=3153013014/LD/958486255824934681&msr_no=7774&AttendanceDate=22/03/2026&Digest=rrj1SS/TpnmxXa/S7S25qA",9
"BASTI","KUDARAHA","RASOOLPUR","3153013020/RC/958486255823670231","7966","https://mnregaweb4.nic.in/nregaarch/View_NMMS_atten_date_dtl_rpt.aspx?page=&short_name=UP&state_name=UTTAR%20PRADESH&state_code=31&district_name=BASTI&district_code=3153&block_name=KUDARAHA&block_code=3153013&panchayat_name=RASOOLPUR&panchayat_code=3153013020&fin_year=2025-2026&source=&work_code=3153013020/RC/958486255823670231&msr_no=7966&AttendanceDate=22/03/2026&Digest=Fb/BlmxFK1NcWte8NB61zA",10
"BASTI","KUDARAHA","RASOOLPUR","3153013020/RC/958486255823670231","7969","https://mnregaweb4.nic.in/nregaarch/View_NMMS_atten_date_dtl_rpt.aspx?page=&short_name=UP&state_name=UTTAR%20PRADESH&state_code=31&district_name=BASTI&district_code=3153&block_name=KUDARAHA&block_code=3153013&panchayat_name=RASOOLPUR&panchayat_code=3153013020&fin_year=2025-2026&source=&work_code=3153013020/RC/958486255823670231&msr_no=7969&AttendanceDate=22/03/2026&Digest=EYTunD0aowHWC3Re8IZZMQ",10
"BASTI","KUDARAHA","RASOOLPUR","3153013020/RC/958486255823670231","7972","https://mnregaweb4.nic.in/nregaarch/View_NMMS_atten_date_dtl_rpt.aspx?page=&short_name=UP&state_name=UTTAR%20PRADESH&state_code=31&district_name=BASTI&district_code=3153&block_name=KUDARAHA&block_code=3153013&panchayat_name=RASOOLPUR&panchayat_code=3153013020&fin_year=2025-2026&source=&work_code=3153013020/RC/958486255823670231&msr_no=7972&AttendanceDate=22/03/2026&Digest=QhNrMDe4hBxFqDAAGngzhw",9
"BASTI","KUDARAHA","CHAKIYA","3153013021/LD/958486255825007259","7495","https://mnregaweb4.nic.in/nregaarch/View_NMMS_atten_date_dtl_rpt.aspx?page=&short_name=UP&state_name=UTTAR%20PRADESH&state_code=31&district_name=BASTI&district_code=3153&block_name=KUDARAHA&block_code=3153013&panchayat_name=CHAKIYA&panchayat_code=3153013021&fin_year=2025-2026&source=&work_code=3153013021/LD/958486255825007259&msr_no=7495&AttendanceDate=22/03/2026&Digest=mIzNxnv5L9pl0CPaS50WNQ",9
"BASTI","KUDARAHA","CHHIBRA","3153013023/RC/958486255823701120","7730","https://mnregaweb4.nic.in/nregaarch/View_NMMS_atten_date_dtl_rpt.aspx?page=&short_name=UP&state_name=UTTAR%20PRADESH&state_code=31&district_name=BASTI&district_code=3153&block_name=KUDARAHA&block_code=3153013&panchayat_name=CHHIBRA&panchayat_code=3153013023&fin_year=2025-2026&source=&work_code=3153013023/RC/958486255823701120&msr_no=7730&AttendanceDate=22/03/2026&Digest=ESXe0GXh95ypWXzwexYatQ",1
"BASTI","KUDARAHA","CHHIBRA","3153013023/RC/958486255823701124","7731","https://mnregaweb4.nic.in/nregaarch/View_NMMS_atten_date_dtl_rpt.aspx?page=&short_name=UP&state_name=UTTAR%20PRADESH&state_code=31&district_name=BASTI&district_code=3153&block_name=KUDARAHA&block_code=3153013&panchayat_name=CHHIBRA&panchayat_code=3153013023&fin_year=2025-2026&source=&work_code=3153013023/RC/958486255823701124&msr_no=7731&AttendanceDate=22/03/2026&Digest=aovKjkslAtvDHPWt1AbLqg",9
"BASTI","KUDARAHA","GAURA ROHARI","3153013024/LD/958486255824973367","7593","https://mnregaweb4.nic.in/nregaarch/View_NMMS_atten_date_dtl_rpt.aspx?page=&short_name=UP&state_name=UTTAR%20PRADESH&state_code=31&district_name=BASTI&district_code=3153&block_name=KUDARAHA&block_code=3153013&panchayat_name=GAURA%20ROHARI&panchayat_code=3153013024&fin_year=2025-2026&source=&work_code=3153013024/LD/958486255824973367&msr_no=7593&AttendanceDate=22/03/2026&Digest=ussRfDUCAheS1M0ylB1atA",10
"BASTI","KUDARAHA","GAURA ROHARI","3153013024/LD/958486255824973367","7596","https://mnregaweb4.nic.in/nregaarch/View_NMMS_atten_date_dtl_rpt.aspx?page=&short_name=UP&state_name=UTTAR%20PRADESH&state_code=31&district_name=BASTI&district_code=3153&block_name=KUDARAHA&block_code=3153013&panchayat_name=GAURA%20ROHARI&panchayat_code=3153013024&fin_year=2025-2026&source=&work_code=3153013024/LD/958486255824973367&msr_no=7596&AttendanceDate=22/03/2026&Digest=wR1FZIAGj7qi9Lxs/BFnOg",4
"BASTI","KUDARAHA","GANGAPUR","3153013025/AV/958486255824174967","7776","https://mnregaweb4.nic.in/nregaarch/View_NMMS_atten_date_dtl_rpt.aspx?page=&short_name=UP&state_name=UTTAR%20PRADESH&state_code=31&district_name=BASTI&district_code=3153&block_name=KUDARAHA&block_code=3153013&panchayat_name=GANGAPUR&panchayat_code=3153013025&fin_year=2025-2026&source=&work_code=3153013025/AV/958486255824174967&msr_no=7776&AttendanceDate=22/03/2026&Digest=BNTTLoB2rK0U8cCBJz07aQ",3
"BASTI","KUDARAHA","GANGAPUR","3153013025/RC/958486255823679231","7777","https://mnregaweb4.nic.in/nregaarch/View_NMMS_atten_date_dtl_rpt.aspx?page=&short_name=UP&state_name=UTTAR%20PRADESH&state_code=31&district_name=BASTI&district_code=3153&block_name=KUDARAHA&block_code=3153013&panchayat_name=GANGAPUR&panchayat_code=3153013025&fin_year=2025-2026&source=&work_code=3153013025/RC/958486255823679231&msr_no=7777&AttendanceDate=22/03/2026&Digest=YoF1DR615PWBo3jmfabfqQ",10
"BASTI","KUDARAHA","THANWA MUDYARI","3153013027/LD/958486255824954841","7822","https://mnregaweb4.nic.in/nregaarch/View_NMMS_atten_date_dtl_rpt.aspx?page=&short_name=UP&state_name=UTTAR%20PRADESH&state_code=31&district_name=BASTI&district_code=3153&block_name=KUDARAHA&block_code=3153013&panchayat_name=THANWA%20MUDYARI&panchayat_code=3153013027&fin_year=2025-2026&source=&work_code=3153013027/LD/958486255824954841&msr_no=7822&AttendanceDate=22/03/2026&Digest=OGhD6VUWCvBHtAB01YDhfQ",1
"BASTI","KUDARAHA","KORMA","3153013029/RC/958486255823748565","7911","https://mnregaweb4.nic.in/nregaarch/View_NMMS_atten_date_dtl_rpt.aspx?page=&short_name=UP&state_name=UTTAR%20PRADESH&state_code=31&district_name=BASTI&district_code=3153&block_name=KUDARAHA&block_code=3153013&panchayat_name=KORMA&panchayat_code=3153013029&fin_year=2025-2026&source=&work_code=3153013029/RC/958486255823748565&msr_no=7911&AttendanceDate=22/03/2026&Digest=ULV90vdkTkv/LZKz1kgK9w",10
"BASTI","KUDARAHA","JAGANNATHPUR","3153013035/LD/958486255824982495","7659","https://mnregaweb4.nic.in/nregaarch/View_NMMS_atten_date_dtl_rpt.aspx?page=&short_name=UP&state_name=UTTAR%20PRADESH&state_code=31&district_name=BASTI&district_code=3153&block_name=KUDARAHA&block_code=3153013&panchayat_name=JAGANNATHPUR&panchayat_code=3153013035&fin_year=2025-2026&source=&work_code=3153013035/LD/958486255824982495&msr_no=7659&AttendanceDate=22/03/2026&Digest=HNqINsjg7kNmYULMGDKqBw",9
"BASTI","KUDARAHA","DELHWA","3153013037/LD/958486255824957055","7487","https://mnregaweb4.nic.in/nregaarch/View_NMMS_atten_date_dtl_rpt.aspx?page=&short_name=UP&state_name=UTTAR%20PRADESH&state_code=31&district_name=BASTI&district_code=3153&block_name=KUDARAHA&block_code=3153013&panchayat_name=DELHWA&panchayat_code=3153013037&fin_year=2025-2026&source=&work_code=3153013037/LD/958486255824957055&msr_no=7487&AttendanceDate=22/03/2026&Digest=G30ASLM/doU1+/u5RVZl6g",8
"BASTI","KUDARAHA","MADHOPUR","3153013038/RC/958486255823738295","7603","https://mnregaweb4.nic.in/nregaarch/View_NMMS_atten_date_dtl_rpt.aspx?page=&short_name=UP&state_name=UTTAR%20PRADESH&state_code=31&district_name=BASTI&district_code=3153&block_name=KUDARAHA&block_code=3153013&panchayat_name=MADHOPUR&panchayat_code=3153013038&fin_year=2025-2026&source=&work_code=3153013038/RC/958486255823738295&msr_no=7603&AttendanceDate=22/03/2026&Digest=t6xxj9sdWlBLzf9RF+SeXQ",4
"BASTI","KUDARAHA","PASRA","3153013046/LD/958486255824692148","7664","https://mnregaweb4.nic.in/nregaarch/View_NMMS_atten_date_dtl_rpt.aspx?page=&short_name=UP&state_name=UTTAR%20PRADESH&state_code=31&district_name=BASTI&district_code=3153&block_name=KUDARAHA&block_code=3153013&panchayat_name=PASRA&panchayat_code=3153013046&fin_year=2025-2026&source=&work_code=3153013046/LD/958486255824692148&msr_no=7664&AttendanceDate=22/03/2026&Digest=4IzuA6OXuNv2pMBcoZroLQ",10
"BASTI","KUDARAHA","PASRA","3153013046/RC/958486255823746514","7555","https://mnregaweb4.nic.in/nregaarch/View_NMMS_atten_date_dtl_rpt.aspx?page=&short_name=UP&state_name=UTTAR%20PRADESH&state_code=31&district_name=BASTI&district_code=3153&block_name=KUDARAHA&block_code=3153013&panchayat_name=PASRA&panchayat_code=3153013046&fin_year=2025-2026&source=&work_code=3153013046/RC/958486255823746514&msr_no=7555&AttendanceDate=22/03/2026&Digest=w1I4sIWptXzsaGjp+wqGlA",9
"BASTI","KUDARAHA","PASRA","3153013046/RC/958486255823746514","7558","https://mnregaweb4.nic.in/nregaarch/View_NMMS_atten_date_dtl_rpt.aspx?page=&short_name=UP&state_name=UTTAR%20PRADESH&state_code=31&district_name=BASTI&district_code=3153&block_name=KUDARAHA&block_code=3153013&panchayat_name=PASRA&panchayat_code=3153013046&fin_year=2025-2026&source=&work_code=3153013046/RC/958486255823746514&msr_no=7558&AttendanceDate=22/03/2026&Digest=83NTl4UMVc/Hw70z839law",9
"BASTI","KUDARAHA","BAISIYA KALA","3153013050/RC/958486255823747631","7814","https://mnregaweb4.nic.in/nregaarch/View_NMMS_atten_date_dtl_rpt.aspx?page=&short_name=UP&state_name=UTTAR%20PRADESH&state_code=31&district_name=BASTI&district_code=3153&block_name=KUDARAHA&block_code=3153013&panchayat_name=BAISIYA%20KALA&panchayat_code=3153013050&fin_year=2025-2026&source=&work_code=3153013050/RC/958486255823747631&msr_no=7814&AttendanceDate=22/03/2026&Digest=gpIDnpeipgRrOO5I2RFlZQ",3
"BASTI","KUDARAHA","BAISIYA KALA","3153013050/RC/958486255823747632","7817","https://mnregaweb4.nic.in/nregaarch/View_NMMS_atten_date_dtl_rpt.aspx?page=&short_name=UP&state_name=UTTAR%20PRADESH&state_code=31&district_name=BASTI&district_code=3153&block_name=KUDARAHA&block_code=3153013&panchayat_name=BAISIYA%20KALA&panchayat_code=3153013050&fin_year=2025-2026&source=&work_code=3153013050/RC/958486255823747632&msr_no=7817&AttendanceDate=22/03/2026&Digest=e94A6L0TjiSoapCtnPbvzg",7
"BASTI","KUDARAHA","HATHIYAVKALA","3153013054/RC/958486255823672224","7768","https://mnregaweb4.nic.in/nregaarch/View_NMMS_atten_date_dtl_rpt.aspx?page=&short_name=UP&state_name=UTTAR%20PRADESH&state_code=31&district_name=BASTI&district_code=3153&block_name=KUDARAHA&block_code=3153013&panchayat_name=HATHIYAVKALA&panchayat_code=3153013054&fin_year=2025-2026&source=&work_code=3153013054/RC/958486255823672224&msr_no=7768&AttendanceDate=22/03/2026&Digest=V6h5HT/UpbBFADtrrmE/JQ",3
"BASTI","KUDARAHA","PAERMESHWARPUR","3153013056/RC/958486255823748250","8098","https://mnregaweb4.nic.in/nregaarch/View_NMMS_atten_date_dtl_rpt.aspx?page=&short_name=UP&state_name=UTTAR%20PRADESH&state_code=31&district_name=BASTI&district_code=3153&block_name=KUDARAHA&block_code=3153013&panchayat_name=PAERMESHWARPUR&panchayat_code=3153013056&fin_year=2025-2026&source=&work_code=3153013056/RC/958486255823748250&msr_no=8098&AttendanceDate=22/03/2026&Digest=O3fs6YJvMgIK2HmfOqtfFg",10
"BASTI","KUDARAHA","MANJHARIYA","3153013057/LD/958486255824945664","7648","https://mnregaweb4.nic.in/nregaarch/View_NMMS_atten_date_dtl_rpt.aspx?page=&short_name=UP&state_name=UTTAR%20PRADESH&state_code=31&district_name=BASTI&district_code=3153&block_name=KUDARAHA&block_code=3153013&panchayat_name=MANJHARIYA&panchayat_code=3153013057&fin_year=2025-2026&source=&work_code=3153013057/LD/958486255824945664&msr_no=7648&AttendanceDate=22/03/2026&Digest=FszMtMMfYJmovkzp8z7Kmg",10
"BASTI","KUDARAHA","MANJHARIYA","3153013057/LD/958486255824945664","7651","https://mnregaweb4.nic.in/nregaarch/View_NMMS_atten_date_dtl_rpt.aspx?page=&short_name=UP&state_name=UTTAR%20PRADESH&state_code=31&district_name=BASTI&district_code=3153&block_name=KUDARAHA&block_code=3153013&panchayat_name=MANJHARIYA&panchayat_code=3153013057&fin_year=2025-2026&source=&work_code=3153013057/LD/958486255824945664&msr_no=7651&AttendanceDate=22/03/2026&Digest=k9fCxyNWCPZ2umQsynX0jw",10
"BASTI","KUDARAHA","SUVRAHA","3153013026/RC/958486255823725224","8044","https://mnregaweb4.nic.in/nregaarch/View_NMMS_atten_date_dtl_rpt.aspx?page=&short_name=UP&state_name=UTTAR%20PRADESH&state_code=31&district_name=BASTI&district_code=3153&block_name=KUDARAHA&block_code=3153013&panchayat_name=SUVRAHA&panchayat_code=3153013026&fin_year=2025-2026&source=&work_code=3153013026/RC/958486255823725224&msr_no=8044&AttendanceDate=22/03/2026&Digest=ZozLAQRWjrLevg48myTIIA",10
"BASTI","KUDARAHA","KORMA","3153013029/LD/958486255824959030","7759","https://mnregaweb4.nic.in/nregaarch/View_NMMS_atten_date_dtl_rpt.aspx?page=&short_name=UP&state_name=UTTAR%20PRADESH&state_code=31&district_name=BASTI&district_code=3153&block_name=KUDARAHA&block_code=3153013&panchayat_name=KORMA&panchayat_code=3153013029&fin_year=2025-2026&source=&work_code=3153013029/LD/958486255824959030&msr_no=7759&AttendanceDate=22/03/2026&Digest=VCAbfnicOhGqbhCw1049Gw",9
"BASTI","KUDARAHA","KORMA","3153013029/LD/958486255824959030","7762","https://mnregaweb4.nic.in/nregaarch/View_NMMS_atten_date_dtl_rpt.aspx?page=&short_name=UP&state_name=UTTAR%20PRADESH&state_code=31&district_name=BASTI&district_code=3153&block_name=KUDARAHA&block_code=3153013&panchayat_name=KORMA&panchayat_code=3153013029&fin_year=2025-2026&source=&work_code=3153013029/LD/958486255824959030&msr_no=7762&AttendanceDate=22/03/2026&Digest=etswOHqcWcA/yV2ETS5f8g",4
"BASTI","KUDARAHA","KORMA","3153013029/LD/958486255824959032","7764","https://mnregaweb4.nic.in/nregaarch/View_NMMS_atten_date_dtl_rpt.aspx?page=&short_name=UP&state_name=UTTAR%20PRADESH&state_code=31&district_name=BASTI&district_code=3153&block_name=KUDARAHA&block_code=3153013&panchayat_name=KORMA&panchayat_code=3153013029&fin_year=2025-2026&source=&work_code=3153013029/LD/958486255824959032&msr_no=7764&AttendanceDate=22/03/2026&Digest=Csp6DzoRVpApw1yoh3xNLQ",4
"BASTI","KUDARAHA","AMAIPAR","3153013032/IC/958486255823726741","7834","https://mnregaweb4.nic.in/nregaarch/View_NMMS_atten_date_dtl_rpt.aspx?page=&short_name=UP&state_name=UTTAR%20PRADESH&state_code=31&district_name=BASTI&district_code=3153&block_name=KUDARAHA&block_code=3153013&panchayat_name=AMAIPAR&panchayat_code=3153013032&fin_year=2025-2026&source=&work_code=3153013032/IC/958486255823726741&msr_no=7834&AttendanceDate=22/03/2026&Digest=soOpGroIZnnApAp9APgCVg",6
"BASTI","KUDARAHA","AMAIPAR","3153013032/IC/958486255823726741","7837","https://mnregaweb4.nic.in/nregaarch/View_NMMS_atten_date_dtl_rpt.aspx?page=&short_name=UP&state_name=UTTAR%20PRADESH&state_code=31&district_name=BASTI&district_code=3153&block_name=KUDARAHA&block_code=3153013&panchayat_name=AMAIPAR&panchayat_code=3153013032&fin_year=2025-2026&source=&work_code=3153013032/IC/958486255823726741&msr_no=7837&AttendanceDate=22/03/2026&Digest=b2weHkKwQTqHzpIj+34Hhg",8
"BASTI","KUDARAHA","AMAIPAR","3153013032/RC/958486255823694991","7827","https://mnregaweb4.nic.in/nregaarch/View_NMMS_atten_date_dtl_rpt.aspx?page=&short_name=UP&state_name=UTTAR%20PRADESH&state_code=31&district_name=BASTI&district_code=3153&block_name=KUDARAHA&block_code=3153013&panchayat_name=AMAIPAR&panchayat_code=3153013032&fin_year=2025-2026&source=&work_code=3153013032/RC/958486255823694991&msr_no=7827&AttendanceDate=22/03/2026&Digest=T6mjRv8tGSPEWacK4x/bxg",9
"BASTI","KUDARAHA","JAGANNATHPUR","3153013035/LD/958486255824982494","8006","https://mnregaweb4.nic.in/nregaarch/View_NMMS_atten_date_dtl_rpt.aspx?page=&short_name=UP&state_name=UTTAR%20PRADESH&state_code=31&district_name=BASTI&district_code=3153&block_name=KUDARAHA&block_code=3153013&panchayat_name=JAGANNATHPUR&panchayat_code=3153013035&fin_year=2025-2026&source=&work_code=3153013035/LD/958486255824982494&msr_no=8006&AttendanceDate=22/03/2026&Digest=R+hFX7YK63Ha7t5D/DoEMw",9
"BASTI","KUDARAHA","DELHWA","3153013037/LD/958486255824957055","7488","https://mnregaweb4.nic.in/nregaarch/View_NMMS_atten_date_dtl_rpt.aspx?page=&short_name=UP&state_name=UTTAR%20PRADESH&state_code=31&district_name=BASTI&district_code=3153&block_name=KUDARAHA&block_code=3153013&panchayat_name=DELHWA&panchayat_code=3153013037&fin_year=2025-2026&source=&work_code=3153013037/LD/958486255824957055&msr_no=7488&AttendanceDate=22/03/2026&Digest=cSjNQvH2q0mktwI0eC6MQQ",2
"BASTI","KUDARAHA","PASRA","3153013046/LD/958486255824692144","7668","https://mnregaweb4.nic.in/nregaarch/View_NMMS_atten_date_dtl_rpt.aspx?page=&short_name=UP&state_name=UTTAR%20PRADESH&state_code=31&district_name=BASTI&district_code=3153&block_name=KUDARAHA&block_code=3153013&panchayat_name=PASRA&panchayat_code=3153013046&fin_year=2025-2026&source=&work_code=3153013046/LD/958486255824692144&msr_no=7668&AttendanceDate=22/03/2026&Digest=vbh2bfiV28HJACWqLlof7w",10
"BASTI","KUDARAHA","PASRA","3153013046/LD/958486255824692144","7671","https://mnregaweb4.nic.in/nregaarch/View_NMMS_atten_date_dtl_rpt.aspx?page=&short_name=UP&state_name=UTTAR%20PRADESH&state_code=31&district_name=BASTI&district_code=3153&block_name=KUDARAHA&block_code=3153013&panchayat_name=PASRA&panchayat_code=3153013046&fin_year=2025-2026&source=&work_code=3153013046/LD/958486255824692144&msr_no=7671&AttendanceDate=22/03/2026&Digest=DM8fvwsTnzunZjO905rhHw",8
"BASTI","KUDARAHA","PASRA","3153013046/RC/958486255823746514","7557","https://mnregaweb4.nic.in/nregaarch/View_NMMS_atten_date_dtl_rpt.aspx?page=&short_name=UP&state_name=UTTAR%20PRADESH&state_code=31&district_name=BASTI&district_code=3153&block_name=KUDARAHA&block_code=3153013&panchayat_name=PASRA&panchayat_code=3153013046&fin_year=2025-2026&source=&work_code=3153013046/RC/958486255823746514&msr_no=7557&AttendanceDate=22/03/2026&Digest=8CdOGLNCgu1A64HEbeuTmw",10
"BASTI","KUDARAHA","BAISIYA KALA","3153013050/RC/958486255823747636","7865","https://mnregaweb4.nic.in/nregaarch/View_NMMS_atten_date_dtl_rpt.aspx?page=&short_name=UP&state_name=UTTAR%20PRADESH&state_code=31&district_name=BASTI&district_code=3153&block_name=KUDARAHA&block_code=3153013&panchayat_name=BAISIYA%20KALA&panchayat_code=3153013050&fin_year=2025-2026&source=&work_code=3153013050/RC/958486255823747636&msr_no=7865&AttendanceDate=22/03/2026&Digest=qcCCkUK70/wS9XelPiI7Mg",10
"BASTI","KUDARAHA","MANJHARIYA","3153013057/LD/958486255824935540","7746","https://mnregaweb4.nic.in/nregaarch/View_NMMS_atten_date_dtl_rpt.aspx?page=&short_name=UP&state_name=UTTAR%20PRADESH&state_code=31&district_name=BASTI&district_code=3153&block_name=KUDARAHA&block_code=3153013&panchayat_name=MANJHARIYA&panchayat_code=3153013057&fin_year=2025-2026&source=&work_code=3153013057/LD/958486255824935540&msr_no=7746&AttendanceDate=22/03/2026&Digest=LmeJvJkygq5vbRvlCEM2uw",10
"BASTI","KUDARAHA","MANJHARIYA","3153013057/LD/958486255824935540","7749","https://mnregaweb4.nic.in/nregaarch/View_NMMS_atten_date_dtl_rpt.aspx?page=&short_name=UP&state_name=UTTAR%20PRADESH&state_code=31&district_name=BASTI&district_code=3153&block_name=KUDARAHA&block_code=3153013&panchayat_name=MANJHARIYA&panchayat_code=3153013057&fin_year=2025-2026&source=&work_code=3153013057/LD/958486255824935540&msr_no=7749&AttendanceDate=22/03/2026&Digest=X24RLdSNmBILVdftWsu1oQ",10
"BASTI","KUDARAHA","CHARADHE","3153013058/RC/958486255823667723","7962","https://mnregaweb4.nic.in/nregaarch/View_NMMS_atten_date_dtl_rpt.aspx?page=&short_name=UP&state_name=UTTAR%20PRADESH&state_code=31&district_name=BASTI&district_code=3153&block_name=KUDARAHA&block_code=3153013&panchayat_name=CHARADHE&panchayat_code=3153013058&fin_year=2025-2026&source=&work_code=3153013058/RC/958486255823667723&msr_no=7962&AttendanceDate=22/03/2026&Digest=By5f/zaYlayU1tTcAMXiqw",8
"BASTI","KUDARAHA","BAANPUR","3153013059/RC/958486255823694008","7707","https://mnregaweb4.nic.in/nregaarch/View_NMMS_atten_date_dtl_rpt.aspx?page=&short_name=UP&state_name=UTTAR%20PRADESH&state_code=31&district_name=BASTI&district_code=3153&block_name=KUDARAHA&block_code=3153013&panchayat_name=BAANPUR&panchayat_code=3153013059&fin_year=2025-2026&source=&work_code=3153013059/RC/958486255823694008&msr_no=7707&AttendanceDate=22/03/2026&Digest=x3iW5prJSV9Y5aXRf4WZmA",5
"BASTI","KUDARAHA","BAANPUR","3153013059/RC/958486255823694017","7701","https://mnregaweb4.nic.in/nregaarch/View_NMMS_atten_date_dtl_rpt.aspx?page=&short_name=UP&state_name=UTTAR%20PRADESH&state_code=31&district_name=BASTI&district_code=3153&block_name=KUDARAHA&block_code=3153013&panchayat_name=BAANPUR&panchayat_code=3153013059&fin_year=2025-2026&source=&work_code=3153013059/RC/958486255823694017&msr_no=7701&AttendanceDate=22/03/2026&Digest=avazXKEXP9kO9TgEJUUAtA",10
"BASTI","KUDARAHA","JIBHIYAV","3153013062/RC/958486255823747131","7808","https://mnregaweb4.nic.in/nregaarch/View_NMMS_atten_date_dtl_rpt.aspx?page=&short_name=UP&state_name=UTTAR%20PRADESH&state_code=31&district_name=BASTI&district_code=3153&block_name=KUDARAHA&block_code=3153013&panchayat_name=JIBHIYAV&panchayat_code=3153013062&fin_year=2025-2026&source=&work_code=3153013062/RC/958486255823747131&msr_no=7808&AttendanceDate=22/03/2026&Digest=X+TjuXeCib1xsWGvSzkWXw",9
"BASTI","KUDARAHA","TENUA","3153013064/LD/958486255825009970","7573","https://mnregaweb4.nic.in/nregaarch/View_NMMS_atten_date_dtl_rpt.aspx?page=&short_name=UP&state_name=UTTAR%20PRADESH&state_code=31&district_name=BASTI&district_code=3153&block_name=KUDARAHA&block_code=3153013&panchayat_name=TENUA&panchayat_code=3153013064&fin_year=2025-2026&source=&work_code=3153013064/LD/958486255825009970&msr_no=7573&AttendanceDate=22/03/2026&Digest=LsgAsVLPdFQZA9pMgGeI+Q",10
"BASTI","KUDARAHA","TENUA","3153013064/LD/958486255825009970","7576","https://mnregaweb4.nic.in/nregaarch/View_NMMS_atten_date_dtl_rpt.aspx?page=&short_name=UP&state_name=UTTAR%20PRADESH&state_code=31&district_name=BASTI&district_code=3153&block_name=KUDARAHA&block_code=3153013&panchayat_name=TENUA&panchayat_code=3153013064&fin_year=2025-2026&source=&work_code=3153013064/LD/958486255825009970&msr_no=7576&AttendanceDate=22/03/2026&Digest=tXjb1lgyuWRpYyLrRf8yag",7
"BASTI","KUDARAHA","TENUA","3153013064/LD/958486255825009975","7564","https://mnregaweb4.nic.in/nregaarch/View_NMMS_atten_date_dtl_rpt.aspx?page=&short_name=UP&state_name=UTTAR%20PRADESH&state_code=31&district_name=BASTI&district_code=3153&block_name=KUDARAHA&block_code=3153013&panchayat_name=TENUA&panchayat_code=3153013064&fin_year=2025-2026&source=&work_code=3153013064/LD/958486255825009975&msr_no=7564&AttendanceDate=22/03/2026&Digest=M9kK6aRMobsUowoUgPiw9w",10
"BASTI","KUDARAHA","TENUA","3153013064/RC/958486255823716173","8047","https://mnregaweb4.nic.in/nregaarch/View_NMMS_atten_date_dtl_rpt.aspx?page=&short_name=UP&state_name=UTTAR%20PRADESH&state_code=31&district_name=BASTI&district_code=3153&block_name=KUDARAHA&block_code=3153013&panchayat_name=TENUA&panchayat_code=3153013064&fin_year=2025-2026&source=&work_code=3153013064/RC/958486255823716173&msr_no=8047&AttendanceDate=22/03/2026&Digest=tosxlCWaei9t0yi6ukCbtw",3
"BASTI","KUDARAHA","BAIRARA MUSTAHKAM","3153013065/RC/958486255823740362","7948","https://mnregaweb4.nic.in/nregaarch/View_NMMS_atten_date_dtl_rpt.aspx?page=&short_name=UP&state_name=UTTAR%20PRADESH&state_code=31&district_name=BASTI&district_code=3153&block_name=KUDARAHA&block_code=3153013&panchayat_name=BAIRARA%20MUSTAHKAM&panchayat_code=3153013065&fin_year=2025-2026&source=&work_code=3153013065/RC/958486255823740362&msr_no=7948&AttendanceDate=22/03/2026&Digest=MJ2XuzbtiGyq+ciSsTTB2A",10
"BASTI","KUDARAHA","BAIRARA MUSTAHKAM","3153013065/RC/958486255823740362","7951","https://mnregaweb4.nic.in/nregaarch/View_NMMS_atten_date_dtl_rpt.aspx?page=&short_name=UP&state_name=UTTAR%20PRADESH&state_code=31&district_name=BASTI&district_code=3153&block_name=KUDARAHA&block_code=3153013&panchayat_name=BAIRARA%20MUSTAHKAM&panchayat_code=3153013065&fin_year=2025-2026&source=&work_code=3153013065/RC/958486255823740362&msr_no=7951&AttendanceDate=22/03/2026&Digest=IxKgmW9Lmjktx8NHEBpZ9Q",9
"BASTI","KUDARAHA","BAIRARA MUSTAHKAM","3153013065/RC/958486255823747327","7476","https://mnregaweb4.nic.in/nregaarch/View_NMMS_atten_date_dtl_rpt.aspx?page=&short_name=UP&state_name=UTTAR%20PRADESH&state_code=31&district_name=BASTI&district_code=3153&block_name=KUDARAHA&block_code=3153013&panchayat_name=BAIRARA%20MUSTAHKAM&panchayat_code=3153013065&fin_year=2025-2026&source=&work_code=3153013065/RC/958486255823747327&msr_no=7476&AttendanceDate=22/03/2026&Digest=JTnbTqFFwzcPS48aiGo3bQ",1
"BASTI","KUDARAHA","SISAI PANDIT","3153013068/RC/958486255823751403","8107","https://mnregaweb4.nic.in/nregaarch/View_NMMS_atten_date_dtl_rpt.aspx?page=&short_name=UP&state_name=UTTAR%20PRADESH&state_code=31&district_name=BASTI&district_code=3153&block_name=KUDARAHA&block_code=3153013&panchayat_name=SISAI%20PANDIT&panchayat_code=3153013068&fin_year=2025-2026&source=&work_code=3153013068/RC/958486255823751403&msr_no=8107&AttendanceDate=22/03/2026&Digest=QWXR7B1OSvRUQSfyrr+/cA",9
"BASTI","KUDARAHA","HARKHAILIYA URF MATIYARIA","3153013074/RC/YD/958486255823746860","7876","https://mnregaweb4.nic.in/nregaarch/View_NMMS_atten_date_dtl_rpt.aspx?page=&short_name=UP&state_name=UTTAR%20PRADESH&state_code=31&district_name=BASTI&district_code=3153&block_name=KUDARAHA&block_code=3153013&panchayat_name=HARKHAILIYA%20URF%20MATIYARIA&panchayat_code=3153013074&fin_year=2025-2026&source=&work_code=3153013074/RC/YD/958486255823746860&msr_no=7876&AttendanceDate=22/03/2026&Digest=eUC5JNQXOwOU/xieRAoGGw",10
"BASTI","KUDARAHA","HARKHAILIYA URF MATIYARIA","3153013074/RC/YD/958486255823746860","7879","https://mnregaweb4.nic.in/nregaarch/View_NMMS_atten_date_dtl_rpt.aspx?page=&short_name=UP&state_name=UTTAR%20PRADESH&state_code=31&district_name=BASTI&district_code=3153&block_name=KUDARAHA&block_code=3153013&panchayat_name=HARKHAILIYA%20URF%20MATIYARIA&panchayat_code=3153013074&fin_year=2025-2026&source=&work_code=3153013074/RC/YD/958486255823746860&msr_no=7879&AttendanceDate=22/03/2026&Digest=x0aVcum1LVBiongB55sBMA",10
"BASTI","KUDARAHA","HARKHAILIYA URF MATIYARIA","3153013074/RC/YD/958486255823751079","8070","https://mnregaweb4.nic.in/nregaarch/View_NMMS_atten_date_dtl_rpt.aspx?page=&short_name=UP&state_name=UTTAR%20PRADESH&state_code=31&district_name=BASTI&district_code=3153&block_name=KUDARAHA&block_code=3153013&panchayat_name=HARKHAILIYA%20URF%20MATIYARIA&panchayat_code=3153013074&fin_year=2025-2026&source=&work_code=3153013074/RC/YD/958486255823751079&msr_no=8070&AttendanceDate=22/03/2026&Digest=htmmWlZK3Fx3RWH/Oj+dag",9
"BASTI","KUDARAHA","RAGHAUPUR","3153013075/RC/958486255823592068","8104","https://mnregaweb4.nic.in/nregaarch/View_NMMS_atten_date_dtl_rpt.aspx?page=&short_name=UP&state_name=UTTAR%20PRADESH&state_code=31&district_name=BASTI&district_code=3153&block_name=KUDARAHA&block_code=3153013&panchayat_name=RAGHAUPUR&panchayat_code=3153013075&fin_year=2025-2026&source=&work_code=3153013075/RC/958486255823592068&msr_no=8104&AttendanceDate=22/03/2026&Digest=NvfbmZUevM2UDSIkOND0qg",7
"BASTI","KUDARAHA","RAGHAUPUR","3153013075/RC/958486255823592073","8105","https://mnregaweb4.nic.in/nregaarch/View_NMMS_atten_date_dtl_rpt.aspx?page=&short_name=UP&state_name=UTTAR%20PRADESH&state_code=31&district_name=BASTI&district_code=3153&block_name=KUDARAHA&block_code=3153013&panchayat_name=RAGHAUPUR&panchayat_code=3153013075&fin_year=2025-2026&source=&work_code=3153013075/RC/958486255823592073&msr_no=8105&AttendanceDate=22/03/2026&Digest=ggwi32Wsu37xqGqD80tn/w",3
"BASTI","KUDARAHA","DAIJI","3153013078/RC/958486255823747071","7787","https://mnregaweb4.nic.in/nregaarch/View_NMMS_atten_date_dtl_rpt.aspx?page=&short_name=UP&state_name=UTTAR%20PRADESH&state_code=31&district_name=BASTI&district_code=3153&block_name=KUDARAHA&block_code=3153013&panchayat_name=DAIJI&panchayat_code=3153013078&fin_year=2025-2026&source=&work_code=3153013078/RC/958486255823747071&msr_no=7787&AttendanceDate=22/03/2026&Digest=3vZD8IIE3iHrs2g9RKcdWQ",10
"BASTI","PARAS RAMPUR","AMAULI","3153001003/AV/958486255824175829","9239","https://mnregaweb4.nic.in/nregaarch/View_NMMS_atten_date_dtl_rpt.aspx?page=&short_name=UP&state_name=UTTAR%20PRADESH&state_code=31&district_name=BASTI&district_code=3153&block_name=PARAS%20RAMPUR&block_code=3153001&panchayat_name=AMAULI&panchayat_code=3153001003&fin_year=2025-2026&source=&work_code=3153001003/AV/958486255824175829&msr_no=9239&AttendanceDate=22/03/2026&Digest=v6iph0SqreuilEiAhyh8zw",10
"BASTI","PARAS RAMPUR","AMAULI","3153001003/RC/958486255823681344","9246","https://mnregaweb4.nic.in/nregaarch/View_NMMS_atten_date_dtl_rpt.aspx?page=&short_name=UP&state_name=UTTAR%20PRADESH&state_code=31&district_name=BASTI&district_code=3153&block_name=PARAS%20RAMPUR&block_code=3153001&panchayat_name=AMAULI&panchayat_code=3153001003&fin_year=2025-2026&source=&work_code=3153001003/RC/958486255823681344&msr_no=9246&AttendanceDate=22/03/2026&Digest=QJK8+GjYhz/BzwMP6kN6Eg",10
"BASTI","PARAS RAMPUR","AMAULI","3153001003/RC/958486255823681357","9247","https://mnregaweb4.nic.in/nregaarch/View_NMMS_atten_date_dtl_rpt.aspx?page=&short_name=UP&state_name=UTTAR%20PRADESH&state_code=31&district_name=BASTI&district_code=3153&block_name=PARAS%20RAMPUR&block_code=3153001&panchayat_name=AMAULI&panchayat_code=3153001003&fin_year=2025-2026&source=&work_code=3153001003/RC/958486255823681357&msr_no=9247&AttendanceDate=22/03/2026&Digest=jcVL1Bfp//P+8yfuo5/2RQ",3
"BASTI","PARAS RAMPUR","BICHHIYA MISHRA","3153001013/RC/958486255823737450","9361","https://mnregaweb4.nic.in/nregaarch/View_NMMS_atten_date_dtl_rpt.aspx?page=&short_name=UP&state_name=UTTAR%20PRADESH&state_code=31&district_name=BASTI&district_code=3153&block_name=PARAS%20RAMPUR&block_code=3153001&panchayat_name=BICHHIYA%20MISHRA&panchayat_code=3153001013&fin_year=2025-2026&source=&work_code=3153001013/RC/958486255823737450&msr_no=9361&AttendanceDate=22/03/2026&Digest=scMFVO8pmUQPZMvDpr1Q9A",7
"BASTI","PARAS RAMPUR","BICHNAIYA PANDEY","3153001014/RC/958486255823646065","9507","https://mnregaweb4.nic.in/nregaarch/View_NMMS_atten_date_dtl_rpt.aspx?page=&short_name=UP&state_name=UTTAR%20PRADESH&state_code=31&district_name=BASTI&district_code=3153&block_name=PARAS%20RAMPUR&block_code=3153001&panchayat_name=BICHNAIYA%20PANDEY&panchayat_code=3153001014&fin_year=2025-2026&source=&work_code=3153001014/RC/958486255823646065&msr_no=9507&AttendanceDate=22/03/2026&Digest=4SztUwOyi6cGhQVTYqwdLw",3
"BASTI","PARAS RAMPUR","CHAORI","3153001015/LD/958486255825005262","9375","https://mnregaweb4.nic.in/nregaarch/View_NMMS_atten_date_dtl_rpt.aspx?page=&short_name=UP&state_name=UTTAR%20PRADESH&state_code=31&district_name=BASTI&district_code=3153&block_name=PARAS%20RAMPUR&block_code=3153001&panchayat_name=CHAORI&panchayat_code=3153001015&fin_year=2025-2026&source=&work_code=3153001015/LD/958486255825005262&msr_no=9375&AttendanceDate=22/03/2026&Digest=48fyAP4kEDCQqTcOuBFCjQ",7
"BASTI","PARAS RAMPUR","DUPHERI","3153001023/RC/958486255823726357","9514","https://mnregaweb4.nic.in/nregaarch/View_NMMS_atten_date_dtl_rpt.aspx?page=&short_name=UP&state_name=UTTAR%20PRADESH&state_code=31&district_name=BASTI&district_code=3153&block_name=PARAS%20RAMPUR&block_code=3153001&panchayat_name=DUPHERI&panchayat_code=3153001023&fin_year=2025-2026&source=&work_code=3153001023/RC/958486255823726357&msr_no=9514&AttendanceDate=22/03/2026&Digest=iq2h91KITMfIqiHmbMLJRg",7
"BASTI","GAUR","HALUAA","3153002042/RC/958486255823708692","6508","https://mnregaweb4.nic.in/nregaarch/View_NMMS_atten_date_dtl_rpt.aspx?page=&short_name=UP&state_name=UTTAR%20PRADESH&state_code=31&district_name=BASTI&district_code=3153&block_name=GAUR&block_code=3153002&panchayat_name=HALUAA&panchayat_code=3153002042&fin_year=2025-2026&source=&work_code=3153002042/RC/958486255823708692&msr_no=6508&AttendanceDate=22/03/2026&Digest=r2mR1YhaMWBAMkoVYmcgkw",1
"BASTI","GAUR","KISUNPUR","3153002054/WC/958486255824244509","6222","https://mnregaweb4.nic.in/nregaarch/View_NMMS_atten_date_dtl_rpt.aspx?page=&short_name=UP&state_name=UTTAR%20PRADESH&state_code=31&district_name=BASTI&district_code=3153&block_name=GAUR&block_code=3153002&panchayat_name=KISUNPUR&panchayat_code=3153002054&fin_year=2025-2026&source=&work_code=3153002054/WC/958486255824244509&msr_no=6222&AttendanceDate=22/03/2026&Digest=o/LjtIwuqcf1JlR6ny51MQ",3
"BASTI","GAUR","MAJHAMAANPUR","3153002060/RC/958486255823730636","6414","https://mnregaweb4.nic.in/nregaarch/View_NMMS_atten_date_dtl_rpt.aspx?page=&short_name=UP&state_name=UTTAR%20PRADESH&state_code=31&district_name=BASTI&district_code=3153&block_name=GAUR&block_code=3153002&panchayat_name=MAJHAMAANPUR&panchayat_code=3153002060&fin_year=2025-2026&source=&work_code=3153002060/RC/958486255823730636&msr_no=6414&AttendanceDate=22/03/2026&Digest=lRTQHOy3If3fGbaCk5SqVg",6
"BASTI","GAUR","MAJHAMAANPUR","3153002060/RC/958486255823730641","6418","https://mnregaweb4.nic.in/nregaarch/View_NMMS_atten_date_dtl_rpt.aspx?page=&short_name=UP&state_name=UTTAR%20PRADESH&state_code=31&district_name=BASTI&district_code=3153&block_name=GAUR&block_code=3153002&panchayat_name=MAJHAMAANPUR&panchayat_code=3153002060&fin_year=2025-2026&source=&work_code=3153002060/RC/958486255823730641&msr_no=6418&AttendanceDate=22/03/2026&Digest=h6iBLmoFDFNj9rVnRXkoTg",7
"BASTI","GAUR","MAJHAMAANPUR","3153002060/RC/958486255823750581","6424","https://mnregaweb4.nic.in/nregaarch/View_NMMS_atten_date_dtl_rpt.aspx?page=&short_name=UP&state_name=UTTAR%20PRADESH&state_code=31&district_name=BASTI&district_code=3153&block_name=GAUR&block_code=3153002&panchayat_name=MAJHAMAANPUR&panchayat_code=3153002060&fin_year=2025-2026&source=&work_code=3153002060/RC/958486255823750581&msr_no=6424&AttendanceDate=22/03/2026&Digest=8t/QGsKgoGcb3QPEKNDeZQ",8
"BASTI","GAUR","MAJHAUVA CHAUBEY","3153002061/LD/958486255824996195","6233","https://mnregaweb4.nic.in/nregaarch/View_NMMS_atten_date_dtl_rpt.aspx?page=&short_name=UP&state_name=UTTAR%20PRADESH&state_code=31&district_name=BASTI&district_code=3153&block_name=GAUR&block_code=3153002&panchayat_name=MAJHAUVA%20CHAUBEY&panchayat_code=3153002061&fin_year=2025-2026&source=&work_code=3153002061/LD/958486255824996195&msr_no=6233&AttendanceDate=22/03/2026&Digest=NPt1IiCn+L53/yIaDGcOoA",6
"BASTI","GAUR","MAJHAUVA CHAUBEY","3153002061/WC/958486255824213629","6523","https://mnregaweb4.nic.in/nregaarch/View_NMMS_atten_date_dtl_rpt.aspx?page=&short_name=UP&state_name=UTTAR%20PRADESH&state_code=31&district_name=BASTI&district_code=3153&block_name=GAUR&block_code=3153002&panchayat_name=MAJHAUVA%20CHAUBEY&panchayat_code=3153002061&fin_year=2025-2026&source=&work_code=3153002061/WC/958486255824213629&msr_no=6523&AttendanceDate=22/03/2026&Digest=BfzGPAu2xsBlxahatsoMJg",7
"BASTI","GAUR","PATILA","3153002075/RC/958486255823742923","6586","https://mnregaweb4.nic.in/nregaarch/View_NMMS_atten_date_dtl_rpt.aspx?page=&short_name=UP&state_name=UTTAR%20PRADESH&state_code=31&district_name=BASTI&district_code=3153&block_name=GAUR&block_code=3153002&panchayat_name=PATILA&panchayat_code=3153002075&fin_year=2025-2026&source=&work_code=3153002075/RC/958486255823742923&msr_no=6586&AttendanceDate=22/03/2026&Digest=yhPriCVfl5nIvv9G05efbw",4
"BASTI","GAUR","RAMVA PUR","3153002079/RC/958486255823749345","6470","https://mnregaweb4.nic.in/nregaarch/View_NMMS_atten_date_dtl_rpt.aspx?page=&short_name=UP&state_name=UTTAR%20PRADESH&state_code=31&district_name=BASTI&district_code=3153&block_name=GAUR&block_code=3153002&panchayat_name=RAMVA%20PUR&panchayat_code=3153002079&fin_year=2025-2026&source=&work_code=3153002079/RC/958486255823749345&msr_no=6470&AttendanceDate=22/03/2026&Digest=My1/58olVomyJfvJrJZAHw",10
"BASTI","GAUR","SARNAGI.","3153002083/RC/958486255823738135","6588","https://mnregaweb4.nic.in/nregaarch/View_NMMS_atten_date_dtl_rpt.aspx?page=&short_name=UP&state_name=UTTAR%20PRADESH&state_code=31&district_name=BASTI&district_code=3153&block_name=GAUR&block_code=3153002&panchayat_name=SARNAGI.&panchayat_code=3153002083&fin_year=2025-2026&source=&work_code=3153002083/RC/958486255823738135&msr_no=6588&AttendanceDate=22/03/2026&Digest=QNGn0hc6HZ4vYY+aE7/GBA",8
"BASTI","GAUR","SUMAHI","3153002089/LD/YD/958486255825010405","6286","https://mnregaweb4.nic.in/nregaarch/View_NMMS_atten_date_dtl_rpt.aspx?page=&short_name=UP&state_name=UTTAR%20PRADESH&state_code=31&district_name=BASTI&district_code=3153&block_name=GAUR&block_code=3153002&panchayat_name=SUMAHI&panchayat_code=3153002089&fin_year=2025-2026&source=&work_code=3153002089/LD/YD/958486255825010405&msr_no=6286&AttendanceDate=22/03/2026&Digest=X/WCa2qIBPrm48WuGfYizw",3
"BASTI","GAUR","TENUI CHET SINGH","3153002092/IC/958486255823745285","6342","https://mnregaweb4.nic.in/nregaarch/View_NMMS_atten_date_dtl_rpt.aspx?page=&short_name=UP&state_name=UTTAR%20PRADESH&state_code=31&district_name=BASTI&district_code=3153&block_name=GAUR&block_code=3153002&panchayat_name=TENUI%20CHET%20SINGH&panchayat_code=3153002092&fin_year=2025-2026&source=&work_code=3153002092/IC/958486255823745285&msr_no=6342&AttendanceDate=22/03/2026&Digest=YasmcZPYb82mtixQxNtxBQ",10
"BASTI","GAUR","SITKOHER","3153002104/RC/958486255823740262","6393","https://mnregaweb4.nic.in/nregaarch/View_NMMS_atten_date_dtl_rpt.aspx?page=&short_name=UP&state_name=UTTAR%20PRADESH&state_code=31&district_name=BASTI&district_code=3153&block_name=GAUR&block_code=3153002&panchayat_name=SITKOHER&panchayat_code=3153002104&fin_year=2025-2026&source=&work_code=3153002104/RC/958486255823740262&msr_no=6393&AttendanceDate=22/03/2026&Digest=DDVoIoox9f0U5blFCyTTUQ",10
"BASTI","GAUR","SITKOHER","3153002104/RC/958486255823740266","6359","https://mnregaweb4.nic.in/nregaarch/View_NMMS_atten_date_dtl_rpt.aspx?page=&short_name=UP&state_name=UTTAR%20PRADESH&state_code=31&district_name=BASTI&district_code=3153&block_name=GAUR&block_code=3153002&panchayat_name=SITKOHER&panchayat_code=3153002104&fin_year=2025-2026&source=&work_code=3153002104/RC/958486255823740266&msr_no=6359&AttendanceDate=22/03/2026&Digest=1CWfUY/mUXtUxfd/gauI0w",7
"BASTI","GAUR","BHITA","3153002105/RC/958486255823662851","6583","https://mnregaweb4.nic.in/nregaarch/View_NMMS_atten_date_dtl_rpt.aspx?page=&short_name=UP&state_name=UTTAR%20PRADESH&state_code=31&district_name=BASTI&district_code=3153&block_name=GAUR&block_code=3153002&panchayat_name=BHITA&panchayat_code=3153002105&fin_year=2025-2026&source=&work_code=3153002105/RC/958486255823662851&msr_no=6583&AttendanceDate=22/03/2026&Digest=4paGoXrflhwIsT7SoMqIxw",2
"BASTI","GAUR","SAURAHA","3153002107/WC/958486255824252674","6368","https://mnregaweb4.nic.in/nregaarch/View_NMMS_atten_date_dtl_rpt.aspx?page=&short_name=UP&state_name=UTTAR%20PRADESH&state_code=31&district_name=BASTI&district_code=3153&block_name=GAUR&block_code=3153002&panchayat_name=SAURAHA&panchayat_code=3153002107&fin_year=2025-2026&source=&work_code=3153002107/WC/958486255824252674&msr_no=6368&AttendanceDate=22/03/2026&Digest=cuBWSPhLkF/I1aKlnxoGPw",8
"BASTI","HARRAIYA","MAHUAPAR","3153003018/LD/958486255824931758","6889","https://mnregaweb4.nic.in/nregaarch/View_NMMS_atten_date_dtl_rpt.aspx?page=&short_name=UP&state_name=UTTAR%20PRADESH&state_code=31&district_name=BASTI&district_code=3153&block_name=HARRAIYA&block_code=3153003&panchayat_name=MAHUAPAR&panchayat_code=3153003018&fin_year=2025-2026&source=&work_code=3153003018/LD/958486255824931758&msr_no=6889&AttendanceDate=22/03/2026&Digest=YeZWcTCu0yAF6C8ogplrdw",10
"BASTI","HARRAIYA","MAHUAPAR","3153003018/LD/958486255824931758","6892","https://mnregaweb4.nic.in/nregaarch/View_NMMS_atten_date_dtl_rpt.aspx?page=&short_name=UP&state_name=UTTAR%20PRADESH&state_code=31&district_name=BASTI&district_code=3153&block_name=HARRAIYA&block_code=3153003&panchayat_name=MAHUAPAR&panchayat_code=3153003018&fin_year=2025-2026&source=&work_code=3153003018/LD/958486255824931758&msr_no=6892&AttendanceDate=22/03/2026&Digest=K3d51x0g62Wo0k87JbbScg",10
"BASTI","HARRAIYA","RATANPUR RAI","3153003026/LD/958486255825004588","6779","https://mnregaweb4.nic.in/nregaarch/View_NMMS_atten_date_dtl_rpt.aspx?page=&short_name=UP&state_name=UTTAR%20PRADESH&state_code=31&district_name=BASTI&district_code=3153&block_name=HARRAIYA&block_code=3153003&panchayat_name=RATANPUR%20RAI&panchayat_code=3153003026&fin_year=2025-2026&source=&work_code=3153003026/LD/958486255825004588&msr_no=6779&AttendanceDate=22/03/2026&Digest=0K7mRfRogX1bw7NJlJeiYA",10
"BASTI","HARRAIYA","BHAIRO PUR","3153003027/RC/YD/958486255823735828","6941","https://mnregaweb4.nic.in/nregaarch/View_NMMS_atten_date_dtl_rpt.aspx?page=&short_name=UP&state_name=UTTAR%20PRADESH&state_code=31&district_name=BASTI&district_code=3153&block_name=HARRAIYA&block_code=3153003&panchayat_name=BHAIRO%20PUR&panchayat_code=3153003027&fin_year=2025-2026&source=&work_code=3153003027/RC/YD/958486255823735828&msr_no=6941&AttendanceDate=22/03/2026&Digest=pNPqqYOWxvhUSo9DyBmxbg",10
"BASTI","HARRAIYA","BANS GAW","3153003031/LD/958486255824994674","6898","https://mnregaweb4.nic.in/nregaarch/View_NMMS_atten_date_dtl_rpt.aspx?page=&short_name=UP&state_name=UTTAR%20PRADESH&state_code=31&district_name=BASTI&district_code=3153&block_name=HARRAIYA&block_code=3153003&panchayat_name=BANS%20GAW&panchayat_code=3153003031&fin_year=2025-2026&source=&work_code=3153003031/LD/958486255824994674&msr_no=6898&AttendanceDate=22/03/2026&Digest=IAAlgxfa5tuhoIr0Xd//0A",10
"BASTI","HARRAIYA","LAVDAHA","3153003060/LD/958486255824959021","6783","https://mnregaweb4.nic.in/nregaarch/View_NMMS_atten_date_dtl_rpt.aspx?page=&short_name=UP&state_name=UTTAR%20PRADESH&state_code=31&district_name=BASTI&district_code=3153&block_name=HARRAIYA&block_code=3153003&panchayat_name=LAVDAHA&panchayat_code=3153003060&fin_year=2025-2026&source=&work_code=3153003060/LD/958486255824959021&msr_no=6783&AttendanceDate=22/03/2026&Digest=xHX60trzuWe6mSSwQjaROw",10
"BASTI","HARRAIYA","LAVDAHA","3153003060/LD/958486255824959021","6812","https://mnregaweb4.nic.in/nregaarch/View_NMMS_atten_date_dtl_rpt.aspx?page=&short_name=UP&state_name=UTTAR%20PRADESH&state_code=31&district_name=BASTI&district_code=3153&block_name=HARRAIYA&block_code=3153003&panchayat_name=LAVDAHA&panchayat_code=3153003060&fin_year=2025-2026&source=&work_code=3153003060/LD/958486255824959021&msr_no=6812&AttendanceDate=22/03/2026&Digest=EvwlIDdsXQHS8nF9Ro6BEQ",4
"BASTI","HARRAIYA","KHAMAHRIA SUJAT","3153003072/LD/958486255825008862","6829","https://mnregaweb4.nic.in/nregaarch/View_NMMS_atten_date_dtl_rpt.aspx?page=&short_name=UP&state_name=UTTAR%20PRADESH&state_code=31&district_name=BASTI&district_code=3153&block_name=HARRAIYA&block_code=3153003&panchayat_name=KHAMAHRIA%20SUJAT&panchayat_code=3153003072&fin_year=2025-2026&source=&work_code=3153003072/LD/958486255825008862&msr_no=6829&AttendanceDate=22/03/2026&Digest=syR4QeBPKuFgtBbJmZdWaw",10
"BASTI","HARRAIYA","BHADAWAL KALA","3153003074/LD/958486255825010527","6868","https://mnregaweb4.nic.in/nregaarch/View_NMMS_atten_date_dtl_rpt.aspx?page=&short_name=UP&state_name=UTTAR%20PRADESH&state_code=31&district_name=BASTI&district_code=3153&block_name=HARRAIYA&block_code=3153003&panchayat_name=BHADAWAL%20KALA&panchayat_code=3153003074&fin_year=2025-2026&source=&work_code=3153003074/LD/958486255825010527&msr_no=6868&AttendanceDate=22/03/2026&Digest=eaLT2nR/nCCnXfVyu1P65A",8
"BASTI","HARRAIYA","BHADAWAL KALA","3153003074/WH/958486255823988938","6877","https://mnregaweb4.nic.in/nregaarch/View_NMMS_atten_date_dtl_rpt.aspx?page=&short_name=UP&state_name=UTTAR%20PRADESH&state_code=31&district_name=BASTI&district_code=3153&block_name=HARRAIYA&block_code=3153003&panchayat_name=BHADAWAL%20KALA&panchayat_code=3153003074&fin_year=2025-2026&source=&work_code=3153003074/WH/958486255823988938&msr_no=6877&AttendanceDate=22/03/2026&Digest=59Xpdb+4YVGbLT9xAPO5bA",10
"BASTI","HARRAIYA","KISHUNPUR","3153003084/RC/958486255823542539","6946","https://mnregaweb4.nic.in/nregaarch/View_NMMS_atten_date_dtl_rpt.aspx?page=&short_name=UP&state_name=UTTAR%20PRADESH&state_code=31&district_name=BASTI&district_code=3153&block_name=HARRAIYA&block_code=3153003&panchayat_name=KISHUNPUR&panchayat_code=3153003084&fin_year=2025-2026&source=&work_code=3153003084/RC/958486255823542539&msr_no=6946&AttendanceDate=22/03/2026&Digest=lX3QnTsy8tlIoxckTuEwCA",10
"BASTI","KAPTANGANJ","BAGHAUDA","3153005008/RC/958486255823695929","4900","https://mnregaweb4.nic.in/nregaarch/View_NMMS_atten_date_dtl_rpt.aspx?page=&short_name=UP&state_name=UTTAR%20PRADESH&state_code=31&district_name=BASTI&district_code=3153&block_name=KAPTANGANJ&block_code=3153005&panchayat_name=BAGHAUDA&panchayat_code=3153005008&fin_year=2025-2026&source=&work_code=3153005008/RC/958486255823695929&msr_no=4900&AttendanceDate=22/03/2026&Digest=+cm7jIDtCq1oHq3HO7KSyQ",1
"BASTI","KAPTANGANJ","BAGHAUDA","3153005008/RC/958486255823700091","4845","https://mnregaweb4.nic.in/nregaarch/View_NMMS_atten_date_dtl_rpt.aspx?page=&short_name=UP&state_name=UTTAR%20PRADESH&state_code=31&district_name=BASTI&district_code=3153&block_name=KAPTANGANJ&block_code=3153005&panchayat_name=BAGHAUDA&panchayat_code=3153005008&fin_year=2025-2026&source=&work_code=3153005008/RC/958486255823700091&msr_no=4845&AttendanceDate=22/03/2026&Digest=9i01CRKnyL6jal6w8+VqIg",9
"BASTI","KAPTANGANJ","BESAURA","3153005031/RC/958486255823680624","4860","https://mnregaweb4.nic.in/nregaarch/View_NMMS_atten_date_dtl_rpt.aspx?page=&short_name=UP&state_name=UTTAR%20PRADESH&state_code=31&district_name=BASTI&district_code=3153&block_name=KAPTANGANJ&block_code=3153005&panchayat_name=BESAURA&panchayat_code=3153005031&fin_year=2025-2026&source=&work_code=3153005031/RC/958486255823680624&msr_no=4860&AttendanceDate=22/03/2026&Digest=0Ah3pxQxvgKWCtawByDEuQ",7
"BASTI","KAPTANGANJ","BARHNI","3153005046/RC/YD/958486255823698430","4812","https://mnregaweb4.nic.in/nregaarch/View_NMMS_atten_date_dtl_rpt.aspx?page=&short_name=UP&state_name=UTTAR%20PRADESH&state_code=31&district_name=BASTI&district_code=3153&block_name=KAPTANGANJ&block_code=3153005&panchayat_name=BARHNI&panchayat_code=3153005046&fin_year=2025-2026&source=&work_code=3153005046/RC/YD/958486255823698430&msr_no=4812&AttendanceDate=22/03/2026&Digest=ENu5HrOXBONpF+u8CdB8iQ",7
"BASTI","KAPTANGANJ","BIHRA","3153005050/RC/958486255823710747","4838","https://mnregaweb4.nic.in/nregaarch/View_NMMS_atten_date_dtl_rpt.aspx?page=&short_name=UP&state_name=UTTAR%20PRADESH&state_code=31&district_name=BASTI&district_code=3153&block_name=KAPTANGANJ&block_code=3153005&panchayat_name=BIHRA&panchayat_code=3153005050&fin_year=2025-2026&source=&work_code=3153005050/RC/958486255823710747&msr_no=4838&AttendanceDate=22/03/2026&Digest=5g20/lAxAep2nxGB1JhVNQ",10
"BASTI","KAPTANGANJ","NAIKAPAR","3153005057/LD/958486255824964925","4865","https://mnregaweb4.nic.in/nregaarch/View_NMMS_atten_date_dtl_rpt.aspx?page=&short_name=UP&state_name=UTTAR%20PRADESH&state_code=31&district_name=BASTI&district_code=3153&block_name=KAPTANGANJ&block_code=3153005&panchayat_name=NAIKAPAR&panchayat_code=3153005057&fin_year=2025-2026&source=&work_code=3153005057/LD/958486255824964925&msr_no=4865&AttendanceDate=22/03/2026&Digest=PaDLRIDk50emdziQ212rDw",3
"BASTI","KAPTANGANJ","PARIWARPUR","3153005058/RC/958486255823726572","4896","https://mnregaweb4.nic.in/nregaarch/View_NMMS_atten_date_dtl_rpt.aspx?page=&short_name=UP&state_name=UTTAR%20PRADESH&state_code=31&district_name=BASTI&district_code=3153&block_name=KAPTANGANJ&block_code=3153005&panchayat_name=PARIWARPUR&panchayat_code=3153005058&fin_year=2025-2026&source=&work_code=3153005058/RC/958486255823726572&msr_no=4896&AttendanceDate=22/03/2026&Digest=EgkEnEH1gS1EE/mCAq84Mg",3
"BASTI","KUDARAHA","PIPARPATI MUSTAHKAM","3153013004/RC/958486255823748170","8064","https://mnregaweb4.nic.in/nregaarch/View_NMMS_atten_date_dtl_rpt.aspx?page=&short_name=UP&state_name=UTTAR%20PRADESH&state_code=31&district_name=BASTI&district_code=3153&block_name=KUDARAHA&block_code=3153013&panchayat_name=PIPARPATI%20MUSTAHKAM&panchayat_code=3153013004&fin_year=2025-2026&source=&work_code=3153013004/RC/958486255823748170&msr_no=8064&AttendanceDate=22/03/2026&Digest=6dGwUL0UhvAsV6r5tdguHw",10
"BASTI","KUDARAHA","PIPARPATI MUSTAHKAM","3153013004/RC/958486255823749540","8068","https://mnregaweb4.nic.in/nregaarch/View_NMMS_atten_date_dtl_rpt.aspx?page=&short_name=UP&state_name=UTTAR%20PRADESH&state_code=31&district_name=BASTI&district_code=3153&block_name=KUDARAHA&block_code=3153013&panchayat_name=PIPARPATI%20MUSTAHKAM&panchayat_code=3153013004&fin_year=2025-2026&source=&work_code=3153013004/RC/958486255823749540&msr_no=8068&AttendanceDate=22/03/2026&Digest=rSiR/lBniHF9TwJnsmFnHg",7
"BASTI","KUDARAHA","AKELA KUBERPUR","3153013008/RC/958486255823594326","8056","https://mnregaweb4.nic.in/nregaarch/View_NMMS_atten_date_dtl_rpt.aspx?page=&short_name=UP&state_name=UTTAR%20PRADESH&state_code=31&district_name=BASTI&district_code=3153&block_name=KUDARAHA&block_code=3153013&panchayat_name=AKELA%20KUBERPUR&panchayat_code=3153013008&fin_year=2025-2026&source=&work_code=3153013008/RC/958486255823594326&msr_no=8056&AttendanceDate=22/03/2026&Digest=B2Pc9BWf3ymcLbaL7x7C4g",2
"BASTI","KUDARAHA","AKELA KUBERPUR","3153013008/RC/958486255823749188","7988","https://mnregaweb4.nic.in/nregaarch/View_NMMS_atten_date_dtl_rpt.aspx?page=&short_name=UP&state_name=UTTAR%20PRADESH&state_code=31&district_name=BASTI&district_code=3153&block_name=KUDARAHA&block_code=3153013&panchayat_name=AKELA%20KUBERPUR&panchayat_code=3153013008&fin_year=2025-2026&source=&work_code=3153013008/RC/958486255823749188&msr_no=7988&AttendanceDate=22/03/2026&Digest=PRBU2lPhMCAAWalyBZ4oPg",2
"BASTI","KUDARAHA","AKELA KUBERPUR","3153013008/RC/958486255823749188","7991","https://mnregaweb4.nic.in/nregaarch/View_NMMS_atten_date_dtl_rpt.aspx?page=&short_name=UP&state_name=UTTAR%20PRADESH&state_code=31&district_name=BASTI&district_code=3153&block_name=KUDARAHA&block_code=3153013&panchayat_name=AKELA%20KUBERPUR&panchayat_code=3153013008&fin_year=2025-2026&source=&work_code=3153013008/RC/958486255823749188&msr_no=7991&AttendanceDate=22/03/2026&Digest=r6/1um5TzdquD7gJpRcIbg",5
"BASTI","KUDARAHA","BHERWA","3153013009/RC/958486255823743141","7625","https://mnregaweb4.nic.in/nregaarch/View_NMMS_atten_date_dtl_rpt.aspx?page=&short_name=UP&state_name=UTTAR%20PRADESH&state_code=31&district_name=BASTI&district_code=3153&block_name=KUDARAHA&block_code=3153013&panchayat_name=BHERWA&panchayat_code=3153013009&fin_year=2025-2026&source=&work_code=3153013009/RC/958486255823743141&msr_no=7625&AttendanceDate=22/03/2026&Digest=KJ565JGxF146+CDsfYpMhg",4
"BASTI","GAUR","RAMAPUR","3153002078/RC/958486255823498773","6490","https://mnregaweb4.nic.in/nregaarch/View_NMMS_atten_date_dtl_rpt.aspx?page=&short_name=UP&state_name=UTTAR%20PRADESH&state_code=31&district_name=BASTI&district_code=3153&block_name=GAUR&block_code=3153002&panchayat_name=RAMAPUR&panchayat_code=3153002078&fin_year=2025-2026&source=&work_code=3153002078/RC/958486255823498773&msr_no=6490&AttendanceDate=22/03/2026&Digest=wA6x5ugxr5HpEUd9AH63ww",9
"BASTI","GAUR","SARNAGI.","3153002083/RC/958486255823738135","6589","https://mnregaweb4.nic.in/nregaarch/View_NMMS_atten_date_dtl_rpt.aspx?page=&short_name=UP&state_name=UTTAR%20PRADESH&state_code=31&district_name=BASTI&district_code=3153&block_name=GAUR&block_code=3153002&panchayat_name=SARNAGI.&panchayat_code=3153002083&fin_year=2025-2026&source=&work_code=3153002083/RC/958486255823738135&msr_no=6589&AttendanceDate=22/03/2026&Digest=lpjsofEdsYc8sJxNPjahhQ",5
"BASTI","GAUR","SHEMRA","3153002086/LD/958486255825004508","6384","https://mnregaweb4.nic.in/nregaarch/View_NMMS_atten_date_dtl_rpt.aspx?page=&short_name=UP&state_name=UTTAR%20PRADESH&state_code=31&district_name=BASTI&district_code=3153&block_name=GAUR&block_code=3153002&panchayat_name=SHEMRA&panchayat_code=3153002086&fin_year=2025-2026&source=&work_code=3153002086/LD/958486255825004508&msr_no=6384&AttendanceDate=22/03/2026&Digest=2Xn5bumfGws6wOMB3uM9YA",10
"BASTI","GAUR","SHEMRA","3153002086/LD/958486255825004508","6387","https://mnregaweb4.nic.in/nregaarch/View_NMMS_atten_date_dtl_rpt.aspx?page=&short_name=UP&state_name=UTTAR%20PRADESH&state_code=31&district_name=BASTI&district_code=3153&block_name=GAUR&block_code=3153002&panchayat_name=SHEMRA&panchayat_code=3153002086&fin_year=2025-2026&source=&work_code=3153002086/LD/958486255825004508&msr_no=6387&AttendanceDate=22/03/2026&Digest=0fiufXJ/73PXMDUkJpeAHw",10
"BASTI","GAUR","SUMAHI","3153002089/LD/YD/958486255825010405","6284","https://mnregaweb4.nic.in/nregaarch/View_NMMS_atten_date_dtl_rpt.aspx?page=&short_name=UP&state_name=UTTAR%20PRADESH&state_code=31&district_name=BASTI&district_code=3153&block_name=GAUR&block_code=3153002&panchayat_name=SUMAHI&panchayat_code=3153002089&fin_year=2025-2026&source=&work_code=3153002089/LD/YD/958486255825010405&msr_no=6284&AttendanceDate=22/03/2026&Digest=Lvc3QhWc/dxH17WnTmqL5A",9
"BASTI","GAUR","TENUI CHET SINGH","3153002092/IC/958486255823745285","6343","https://mnregaweb4.nic.in/nregaarch/View_NMMS_atten_date_dtl_rpt.aspx?page=&short_name=UP&state_name=UTTAR%20PRADESH&state_code=31&district_name=BASTI&district_code=3153&block_name=GAUR&block_code=3153002&panchayat_name=TENUI%20CHET%20SINGH&panchayat_code=3153002092&fin_year=2025-2026&source=&work_code=3153002092/IC/958486255823745285&msr_no=6343&AttendanceDate=22/03/2026&Digest=Pusy062+wNJ/4f5/zMgepw",8
"BASTI","GAUR","TENUI CHET SINGH","3153002092/IC/958486255823746518","6575","https://mnregaweb4.nic.in/nregaarch/View_NMMS_atten_date_dtl_rpt.aspx?page=&short_name=UP&state_name=UTTAR%20PRADESH&state_code=31&district_name=BASTI&district_code=3153&block_name=GAUR&block_code=3153002&panchayat_name=TENUI%20CHET%20SINGH&panchayat_code=3153002092&fin_year=2025-2026&source=&work_code=3153002092/IC/958486255823746518&msr_no=6575&AttendanceDate=22/03/2026&Digest=0tF75QPdTVqFOQasJjVAGQ",7
"BASTI","GAUR","MADANPURA","3153002100/RC/958486255823737298","6476","https://mnregaweb4.nic.in/nregaarch/View_NMMS_atten_date_dtl_rpt.aspx?page=&short_name=UP&state_name=UTTAR%20PRADESH&state_code=31&district_name=BASTI&district_code=3153&block_name=GAUR&block_code=3153002&panchayat_name=MADANPURA&panchayat_code=3153002100&fin_year=2025-2026&source=&work_code=3153002100/RC/958486255823737298&msr_no=6476&AttendanceDate=22/03/2026&Digest=l3/g2wgtWi/nvG9VOeBAqQ",7
"BASTI","GAUR","SITKOHER","3153002104/RC/958486255823740262","6395","https://mnregaweb4.nic.in/nregaarch/View_NMMS_atten_date_dtl_rpt.aspx?page=&short_name=UP&state_name=UTTAR%20PRADESH&state_code=31&district_name=BASTI&district_code=3153&block_name=GAUR&block_code=3153002&panchayat_name=SITKOHER&panchayat_code=3153002104&fin_year=2025-2026&source=&work_code=3153002104/RC/958486255823740262&msr_no=6395&AttendanceDate=22/03/2026&Digest=lAhmucVW7qXRxZSKmCPCoA",10
"BASTI","GAUR","BHITA","3153002105/RC/958486255823662851","6582","https://mnregaweb4.nic.in/nregaarch/View_NMMS_atten_date_dtl_rpt.aspx?page=&short_name=UP&state_name=UTTAR%20PRADESH&state_code=31&district_name=BASTI&district_code=3153&block_name=GAUR&block_code=3153002&panchayat_name=BHITA&panchayat_code=3153002105&fin_year=2025-2026&source=&work_code=3153002105/RC/958486255823662851&msr_no=6582&AttendanceDate=22/03/2026&Digest=u//fkgSiFH8qcQipLY1Eyg",7
"BASTI","GAUR","SAURAHA","3153002107/WC/958486255824252674","6369","https://mnregaweb4.nic.in/nregaarch/View_NMMS_atten_date_dtl_rpt.aspx?page=&short_name=UP&state_name=UTTAR%20PRADESH&state_code=31&district_name=BASTI&district_code=3153&block_name=GAUR&block_code=3153002&panchayat_name=SAURAHA&panchayat_code=3153002107&fin_year=2025-2026&source=&work_code=3153002107/WC/958486255824252674&msr_no=6369&AttendanceDate=22/03/2026&Digest=7XYZa5456QQjqiFxjlIIYA",10
"BASTI","HARRAIYA","BHITI MISHR","3153003010/LD/958486255824946085","6846","https://mnregaweb4.nic.in/nregaarch/View_NMMS_atten_date_dtl_rpt.aspx?page=&short_name=UP&state_name=UTTAR%20PRADESH&state_code=31&district_name=BASTI&district_code=3153&block_name=HARRAIYA&block_code=3153003&panchayat_name=BHITI%20MISHR&panchayat_code=3153003010&fin_year=2025-2026&source=&work_code=3153003010/LD/958486255824946085&msr_no=6846&AttendanceDate=22/03/2026&Digest=0Z2ZhwKO4LuNMCb4FODhhQ",2
"BASTI","HARRAIYA","BELBHARIYA RAM GULAM","3153003017/IC/958486255823725610","6764","https://mnregaweb4.nic.in/nregaarch/View_NMMS_atten_date_dtl_rpt.aspx?page=&short_name=UP&state_name=UTTAR%20PRADESH&state_code=31&district_name=BASTI&district_code=3153&block_name=HARRAIYA&block_code=3153003&panchayat_name=BELBHARIYA%20RAM%20GULAM&panchayat_code=3153003017&fin_year=2025-2026&source=&work_code=3153003017/IC/958486255823725610&msr_no=6764&AttendanceDate=22/03/2026&Digest=7TLNCDMbHa5fDFgwbL9WaA",3
"BASTI","HARRAIYA","RATANPUR RAI","3153003026/LD/958486255825004588","6777","https://mnregaweb4.nic.in/nregaarch/View_NMMS_atten_date_dtl_rpt.aspx?page=&short_name=UP&state_name=UTTAR%20PRADESH&state_code=31&district_name=BASTI&district_code=3153&block_name=HARRAIYA&block_code=3153003&panchayat_name=RATANPUR%20RAI&panchayat_code=3153003026&fin_year=2025-2026&source=&work_code=3153003026/LD/958486255825004588&msr_no=6777&AttendanceDate=22/03/2026&Digest=+ElcQcbjML3mvLQbiqwDvw",10
"BASTI","HARRAIYA","RATANPUR RAI","3153003026/LD/958486255825004588","6780","https://mnregaweb4.nic.in/nregaarch/View_NMMS_atten_date_dtl_rpt.aspx?page=&short_name=UP&state_name=UTTAR%20PRADESH&state_code=31&district_name=BASTI&district_code=3153&block_name=HARRAIYA&block_code=3153003&panchayat_name=RATANPUR%20RAI&panchayat_code=3153003026&fin_year=2025-2026&source=&work_code=3153003026/LD/958486255825004588&msr_no=6780&AttendanceDate=22/03/2026&Digest=uHxW/UW8/f9XM79M10CYVQ",10
"BASTI","HARRAIYA","BHAIRO PUR","3153003027/RC/YD/958486255823736252","6952","https://mnregaweb4.nic.in/nregaarch/View_NMMS_atten_date_dtl_rpt.aspx?page=&short_name=UP&state_name=UTTAR%20PRADESH&state_code=31&district_name=BASTI&district_code=3153&block_name=HARRAIYA&block_code=3153003&panchayat_name=BHAIRO%20PUR&panchayat_code=3153003027&fin_year=2025-2026&source=&work_code=3153003027/RC/YD/958486255823736252&msr_no=6952&AttendanceDate=22/03/2026&Digest=dbkQAqhtGaxxUbjrxDK8zg",3
"BASTI","HARRAIYA","BANS GAW","3153003031/LD/958486255824994674","6899","https://mnregaweb4.nic.in/nregaarch/View_NMMS_atten_date_dtl_rpt.aspx?page=&short_name=UP&state_name=UTTAR%20PRADESH&state_code=31&district_name=BASTI&district_code=3153&block_name=HARRAIYA&block_code=3153003&panchayat_name=BANS%20GAW&panchayat_code=3153003031&fin_year=2025-2026&source=&work_code=3153003031/LD/958486255824994674&msr_no=6899&AttendanceDate=22/03/2026&Digest=vpMEc5o14Fi0mMVcisQpkA",10
"BASTI","HARRAIYA","BANS GAW","3153003031/LD/958486255824999778","6896","https://mnregaweb4.nic.in/nregaarch/View_NMMS_atten_date_dtl_rpt.aspx?page=&short_name=UP&state_name=UTTAR%20PRADESH&state_code=31&district_name=BASTI&district_code=3153&block_name=HARRAIYA&block_code=3153003&panchayat_name=BANS%20GAW&panchayat_code=3153003031&fin_year=2025-2026&source=&work_code=3153003031/LD/958486255824999778&msr_no=6896&AttendanceDate=22/03/2026&Digest=f0bMNGj8uZv0MoQ/NOQudw",7
"BASTI","HARRAIYA","SANGRAM PUR","3153003035/LD/958486255824958172","6825","https://mnregaweb4.nic.in/nregaarch/View_NMMS_atten_date_dtl_rpt.aspx?page=&short_name=UP&state_name=UTTAR%20PRADESH&state_code=31&district_name=BASTI&district_code=3153&block_name=HARRAIYA&block_code=3153003&panchayat_name=SANGRAM%20PUR&panchayat_code=3153003035&fin_year=2025-2026&source=&work_code=3153003035/LD/958486255824958172&msr_no=6825&AttendanceDate=22/03/2026&Digest=obXtKaSpc63WasdzkKAL/A",9
"BASTI","HARRAIYA","AMARI","3153003052/RC/958486255823726923","6969","https://mnregaweb4.nic.in/nregaarch/View_NMMS_atten_date_dtl_rpt.aspx?page=&short_name=UP&state_name=UTTAR%20PRADESH&state_code=31&district_name=BASTI&district_code=3153&block_name=HARRAIYA&block_code=3153003&panchayat_name=AMARI&panchayat_code=3153003052&fin_year=2025-2026&source=&work_code=3153003052/RC/958486255823726923&msr_no=6969&AttendanceDate=22/03/2026&Digest=ApCtQ10ywG+RtbqggjLg8w",7
"BASTI","HARRAIYA","BHARGAWA","3153003058/AV/958486255824185671","6761","https://mnregaweb4.nic.in/nregaarch/View_NMMS_atten_date_dtl_rpt.aspx?page=&short_name=UP&state_name=UTTAR%20PRADESH&state_code=31&district_name=BASTI&district_code=3153&block_name=HARRAIYA&block_code=3153003&panchayat_name=BHARGAWA&panchayat_code=3153003058&fin_year=2025-2026&source=&work_code=3153003058/AV/958486255824185671&msr_no=6761&AttendanceDate=22/03/2026&Digest=G/UiyY0vEKlJxjAEllUL4Q",1
"BASTI","HARRAIYA","BHARGAWA","3153003058/LD/958486255824949792","6853","https://mnregaweb4.nic.in/nregaarch/View_NMMS_atten_date_dtl_rpt.aspx?page=&short_name=UP&state_name=UTTAR%20PRADESH&state_code=31&district_name=BASTI&district_code=3153&block_name=HARRAIYA&block_code=3153003&panchayat_name=BHARGAWA&panchayat_code=3153003058&fin_year=2025-2026&source=&work_code=3153003058/LD/958486255824949792&msr_no=6853&AttendanceDate=22/03/2026&Digest=oD3pAemfG5uAWRgBohV1zQ",10
"BASTI","HARRAIYA","KHAMHARIA GANGARAM","3153003061/LD/958486255824988274","6921","https://mnregaweb4.nic.in/nregaarch/View_NMMS_atten_date_dtl_rpt.aspx?page=&short_name=UP&state_name=UTTAR%20PRADESH&state_code=31&district_name=BASTI&district_code=3153&block_name=HARRAIYA&block_code=3153003&panchayat_name=KHAMHARIA%20GANGARAM&panchayat_code=3153003061&fin_year=2025-2026&source=&work_code=3153003061/LD/958486255824988274&msr_no=6921&AttendanceDate=22/03/2026&Digest=JdiIXM+Vd4WYOF2HLby7/w",10
"BASTI","HARRAIYA","PARSAUDA","3153003066/RC/958486255823621246","6836","https://mnregaweb4.nic.in/nregaarch/View_NMMS_atten_date_dtl_rpt.aspx?page=&short_name=UP&state_name=UTTAR%20PRADESH&state_code=31&district_name=BASTI&district_code=3153&block_name=HARRAIYA&block_code=3153003&panchayat_name=PARSAUDA&panchayat_code=3153003066&fin_year=2025-2026&source=&work_code=3153003066/RC/958486255823621246&msr_no=6836&AttendanceDate=22/03/2026&Digest=T+Ja5Zec/hX3Qz0bplsobg",10
"BASTI","HARRAIYA","KHAMAHRIA SUJAT","3153003072/LD/958486255825008862","6832","https://mnregaweb4.nic.in/nregaarch/View_NMMS_atten_date_dtl_rpt.aspx?page=&short_name=UP&state_name=UTTAR%20PRADESH&state_code=31&district_name=BASTI&district_code=3153&block_name=HARRAIYA&block_code=3153003&panchayat_name=KHAMAHRIA%20SUJAT&panchayat_code=3153003072&fin_year=2025-2026&source=&work_code=3153003072/LD/958486255825008862&msr_no=6832&AttendanceDate=22/03/2026&Digest=czEIGt1VjtdslMmc9vmE3w",7
"BASTI","HARRAIYA","BHADAWAL KALA","3153003074/WH/958486255823988938","6873","https://mnregaweb4.nic.in/nregaarch/View_NMMS_atten_date_dtl_rpt.aspx?page=&short_name=UP&state_name=UTTAR%20PRADESH&state_code=31&district_name=BASTI&district_code=3153&block_name=HARRAIYA&block_code=3153003&panchayat_name=BHADAWAL%20KALA&panchayat_code=3153003074&fin_year=2025-2026&source=&work_code=3153003074/WH/958486255823988938&msr_no=6873&AttendanceDate=22/03/2026&Digest=7CXxLfmNQUMKjbBbtLja3w",10
"BASTI","HARRAIYA","BHADAWAL KALA","3153003074/WH/958486255823988938","6876","https://mnregaweb4.nic.in/nregaarch/View_NMMS_atten_date_dtl_rpt.aspx?page=&short_name=UP&state_name=UTTAR%20PRADESH&state_code=31&district_name=BASTI&district_code=3153&block_name=HARRAIYA&block_code=3153003&panchayat_name=BHADAWAL%20KALA&panchayat_code=3153003074&fin_year=2025-2026&source=&work_code=3153003074/WH/958486255823988938&msr_no=6876&AttendanceDate=22/03/2026&Digest=Waapz98Eva2NJUM3FnZ5xA",9
"BASTI","HARRAIYA","BHAISA CHAUBEY","3153003080/RC/958486255823712256","6982","https://mnregaweb4.nic.in/nregaarch/View_NMMS_atten_date_dtl_rpt.aspx?page=&short_name=UP&state_name=UTTAR%20PRADESH&state_code=31&district_name=BASTI&district_code=3153&block_name=HARRAIYA&block_code=3153003&panchayat_name=BHAISA%20CHAUBEY&panchayat_code=3153003080&fin_year=2025-2026&source=&work_code=3153003080/RC/958486255823712256&msr_no=6982&AttendanceDate=22/03/2026&Digest=5Fiqnn5r9QKn/yRkZgEMgA",1
"BASTI","HARRAIYA","MIRJAPUR","3153003092/LD/958486255825008868","6835","https://mnregaweb4.nic.in/nregaarch/View_NMMS_atten_date_dtl_rpt.aspx?page=&short_name=UP&state_name=UTTAR%20PRADESH&state_code=31&district_name=BASTI&district_code=3153&block_name=HARRAIYA&block_code=3153003&panchayat_name=MIRJAPUR&panchayat_code=3153003092&fin_year=2025-2026&source=&work_code=3153003092/LD/958486255825008868&msr_no=6835&AttendanceDate=22/03/2026&Digest=ojexFu6l3J4wjuf+T3sM9Q",10
"BASTI","HARRAIYA","SUKRAULI CHAUDHARY","3153003098/LD/958486255824844875","6858","https://mnregaweb4.nic.in/nregaarch/View_NMMS_atten_date_dtl_rpt.aspx?page=&short_name=UP&state_name=UTTAR%20PRADESH&state_code=31&district_name=BASTI&district_code=3153&block_name=HARRAIYA&block_code=3153003&panchayat_name=SUKRAULI%20CHAUDHARY&panchayat_code=3153003098&fin_year=2025-2026&source=&work_code=3153003098/LD/958486255824844875&msr_no=6858&AttendanceDate=22/03/2026&Digest=kCyYotcMJSbFdE4+VFfqJw",10
"BASTI","KAPTANGANJ","BAGHAUDA","3153005008/RC/958486255823700091","4844","https://mnregaweb4.nic.in/nregaarch/View_NMMS_atten_date_dtl_rpt.aspx?page=&short_name=UP&state_name=UTTAR%20PRADESH&state_code=31&district_name=BASTI&district_code=3153&block_name=KAPTANGANJ&block_code=3153005&panchayat_name=BAGHAUDA&panchayat_code=3153005008&fin_year=2025-2026&source=&work_code=3153005008/RC/958486255823700091&msr_no=4844&AttendanceDate=22/03/2026&Digest=LyGTYuKDGKnw/ZSEysFztA",8
"BASTI","KAPTANGANJ","BAGHAUDA","3153005008/RC/958486255823700091","4847","https://mnregaweb4.nic.in/nregaarch/View_NMMS_atten_date_dtl_rpt.aspx?page=&short_name=UP&state_name=UTTAR%20PRADESH&state_code=31&district_name=BASTI&district_code=3153&block_name=KAPTANGANJ&block_code=3153005&panchayat_name=BAGHAUDA&panchayat_code=3153005008&fin_year=2025-2026&source=&work_code=3153005008/RC/958486255823700091&msr_no=4847&AttendanceDate=22/03/2026&Digest=j0w0Xdpiq4ZVFJmSIrEz3Q",1
"BASTI","KAPTANGANJ","SARWALIYA","3153005034/AV/958486255824178714","4822","https://mnregaweb4.nic.in/nregaarch/View_NMMS_atten_date_dtl_rpt.aspx?page=&short_name=UP&state_name=UTTAR%20PRADESH&state_code=31&district_name=BASTI&district_code=3153&block_name=KAPTANGANJ&block_code=3153005&panchayat_name=SARWALIYA&panchayat_code=3153005034&fin_year=2025-2026&source=&work_code=3153005034/AV/958486255824178714&msr_no=4822&AttendanceDate=22/03/2026&Digest=Z/Lq07fSH36gBA0YEwwM1Q",3
"BASTI","KAPTANGANJ","POKHRA","3153005054/RC/958486255823736563","4857","https://mnregaweb4.nic.in/nregaarch/View_NMMS_atten_date_dtl_rpt.aspx?page=&short_name=UP&state_name=UTTAR%20PRADESH&state_code=31&district_name=BASTI&district_code=3153&block_name=KAPTANGANJ&block_code=3153005&panchayat_name=POKHRA&panchayat_code=3153005054&fin_year=2025-2026&source=&work_code=3153005054/RC/958486255823736563&msr_no=4857&AttendanceDate=22/03/2026&Digest=avK3bh7uoBREMbaWNs0iTg",8
"BASTI","KAPTANGANJ","PARIWARPUR","3153005058/RC/958486255823726572","4895","https://mnregaweb4.nic.in/nregaarch/View_NMMS_atten_date_dtl_rpt.aspx?page=&short_name=UP&state_name=UTTAR%20PRADESH&state_code=31&district_name=BASTI&district_code=3153&block_name=KAPTANGANJ&block_code=3153005&panchayat_name=PARIWARPUR&panchayat_code=3153005058&fin_year=2025-2026&source=&work_code=3153005058/RC/958486255823726572&msr_no=4895&AttendanceDate=22/03/2026&Digest=s92vqr619Ls54mv0K+u/Pw",2
"BASTI","KUDARAHA","MURADPUR","3153013002/WH/958486255823990667","8034","https://mnregaweb4.nic.in/nregaarch/View_NMMS_atten_date_dtl_rpt.aspx?page=&short_name=UP&state_name=UTTAR%20PRADESH&state_code=31&district_name=BASTI&district_code=3153&block_name=KUDARAHA&block_code=3153013&panchayat_name=MURADPUR&panchayat_code=3153013002&fin_year=2025-2026&source=&work_code=3153013002/WH/958486255823990667&msr_no=8034&AttendanceDate=22/03/2026&Digest=CgCJoIbbLDK++r1Miipbzg",10
"BASTI","KUDARAHA","MURADPUR","3153013002/WH/958486255823990667","8037","https://mnregaweb4.nic.in/nregaarch/View_NMMS_atten_date_dtl_rpt.aspx?page=&short_name=UP&state_name=UTTAR%20PRADESH&state_code=31&district_name=BASTI&district_code=3153&block_name=KUDARAHA&block_code=3153013&panchayat_name=MURADPUR&panchayat_code=3153013002&fin_year=2025-2026&source=&work_code=3153013002/WH/958486255823990667&msr_no=8037&AttendanceDate=22/03/2026&Digest=h881xlXhqTB1lRoEQ+DoEg",6
"BASTI","KUDARAHA","AKELA KUBERPUR","3153013008/RC/958486255823749187","7979","https://mnregaweb4.nic.in/nregaarch/View_NMMS_atten_date_dtl_rpt.aspx?page=&short_name=UP&state_name=UTTAR%20PRADESH&state_code=31&district_name=BASTI&district_code=3153&block_name=KUDARAHA&block_code=3153013&panchayat_name=AKELA%20KUBERPUR&panchayat_code=3153013008&fin_year=2025-2026&source=&work_code=3153013008/RC/958486255823749187&msr_no=7979&AttendanceDate=22/03/2026&Digest=+b/hobaltAp7vOt+er1oTA",3
"BASTI","KUDARAHA","TURKWALIYA","3153013012/RC/958486255823686923","7683","https://mnregaweb4.nic.in/nregaarch/View_NMMS_atten_date_dtl_rpt.aspx?page=&short_name=UP&state_name=UTTAR%20PRADESH&state_code=31&district_name=BASTI&district_code=3153&block_name=KUDARAHA&block_code=3153013&panchayat_name=TURKWALIYA&panchayat_code=3153013012&fin_year=2025-2026&source=&work_code=3153013012/RC/958486255823686923&msr_no=7683&AttendanceDate=22/03/2026&Digest=BhisQ7zwy8q+OUWvYuGPfw",3
"BASTI","KUDARAHA","KOP","3153013018/RC/958486255823711538","7893","https://mnregaweb4.nic.in/nregaarch/View_NMMS_atten_date_dtl_rpt.aspx?page=&short_name=UP&state_name=UTTAR%20PRADESH&state_code=31&district_name=BASTI&district_code=3153&block_name=KUDARAHA&block_code=3153013&panchayat_name=KOP&panchayat_code=3153013018&fin_year=2025-2026&source=&work_code=3153013018/RC/958486255823711538&msr_no=7893&AttendanceDate=22/03/2026&Digest=A3Uj5ITgzub8w6nvXPtPow",8
"BASTI","GAUR","KHUTAHANA","3153002053/RC/958486255823724598","6372","https://mnregaweb4.nic.in/nregaarch/View_NMMS_atten_date_dtl_rpt.aspx?page=&short_name=UP&state_name=UTTAR%20PRADESH&state_code=31&district_name=BASTI&district_code=3153&block_name=GAUR&block_code=3153002&panchayat_name=KHUTAHANA&panchayat_code=3153002053&fin_year=2025-2026&source=&work_code=3153002053/RC/958486255823724598&msr_no=6372&AttendanceDate=22/03/2026&Digest=k8SmaFrQDuey7R2muD1Pvg",2
"BASTI","GAUR","KISUNPUR","3153002054/WC/958486255824244509","6220","https://mnregaweb4.nic.in/nregaarch/View_NMMS_atten_date_dtl_rpt.aspx?page=&short_name=UP&state_name=UTTAR%20PRADESH&state_code=31&district_name=BASTI&district_code=3153&block_name=GAUR&block_code=3153002&panchayat_name=KISUNPUR&panchayat_code=3153002054&fin_year=2025-2026&source=&work_code=3153002054/WC/958486255824244509&msr_no=6220&AttendanceDate=22/03/2026&Digest=PIgrFi9couvdEx21xFOajg",7
"BASTI","GAUR","KUNGAI BUJURG","3153002056/RC/958486255823745703","6203","https://mnregaweb4.nic.in/nregaarch/View_NMMS_atten_date_dtl_rpt.aspx?page=&short_name=UP&state_name=UTTAR%20PRADESH&state_code=31&district_name=BASTI&district_code=3153&block_name=GAUR&block_code=3153002&panchayat_name=KUNGAI%20BUJURG&panchayat_code=3153002056&fin_year=2025-2026&source=&work_code=3153002056/RC/958486255823745703&msr_no=6203&AttendanceDate=22/03/2026&Digest=T1et7/bhv8MkwEsZmdDK5w",3
"BASTI","GAUR","MAJHAUVA CHAUBEY","3153002061/IC/958486255823707716","6234","https://mnregaweb4.nic.in/nregaarch/View_NMMS_atten_date_dtl_rpt.aspx?page=&short_name=UP&state_name=UTTAR%20PRADESH&state_code=31&district_name=BASTI&district_code=3153&block_name=GAUR&block_code=3153002&panchayat_name=MAJHAUVA%20CHAUBEY&panchayat_code=3153002061&fin_year=2025-2026&source=&work_code=3153002061/IC/958486255823707716&msr_no=6234&AttendanceDate=22/03/2026&Digest=X5JtUT3GDyqyr9DRfRnzcQ",4
"BASTI","GAUR","MAJHAUVA CHAUBEY","3153002061/LD/958486255824996195","6232","https://mnregaweb4.nic.in/nregaarch/View_NMMS_atten_date_dtl_rpt.aspx?page=&short_name=UP&state_name=UTTAR%20PRADESH&state_code=31&district_name=BASTI&district_code=3153&block_name=GAUR&block_code=3153002&panchayat_name=MAJHAUVA%20CHAUBEY&panchayat_code=3153002061&fin_year=2025-2026&source=&work_code=3153002061/LD/958486255824996195&msr_no=6232&AttendanceDate=22/03/2026&Digest=GZAPtPq8IiEW8FGCWgK7hA",8
"BASTI","GAUR","SARNAGI.","3153002083/RC/958486255823738148","6302","https://mnregaweb4.nic.in/nregaarch/View_NMMS_atten_date_dtl_rpt.aspx?page=&short_name=UP&state_name=UTTAR%20PRADESH&state_code=31&district_name=BASTI&district_code=3153&block_name=GAUR&block_code=3153002&panchayat_name=SARNAGI.&panchayat_code=3153002083&fin_year=2025-2026&source=&work_code=3153002083/RC/958486255823738148&msr_no=6302&AttendanceDate=22/03/2026&Digest=76KO0Y9JvWe4oTpuXzm7FQ",4
"BASTI","GAUR","SUMAHI","3153002089/LD/YD/958486255825010405","6285","https://mnregaweb4.nic.in/nregaarch/View_NMMS_atten_date_dtl_rpt.aspx?page=&short_name=UP&state_name=UTTAR%20PRADESH&state_code=31&district_name=BASTI&district_code=3153&block_name=GAUR&block_code=3153002&panchayat_name=SUMAHI&panchayat_code=3153002089&fin_year=2025-2026&source=&work_code=3153002089/LD/YD/958486255825010405&msr_no=6285&AttendanceDate=22/03/2026&Digest=hgQ4u53h31pS52h+mOP00w",8
"BASTI","GAUR","TENUI CHET SINGH","3153002092/IC/958486255823745285","6344","https://mnregaweb4.nic.in/nregaarch/View_NMMS_atten_date_dtl_rpt.aspx?page=&short_name=UP&state_name=UTTAR%20PRADESH&state_code=31&district_name=BASTI&district_code=3153&block_name=GAUR&block_code=3153002&panchayat_name=TENUI%20CHET%20SINGH&panchayat_code=3153002092&fin_year=2025-2026&source=&work_code=3153002092/IC/958486255823745285&msr_no=6344&AttendanceDate=22/03/2026&Digest=U5sEosZHTxlrUWW+/jxJHA",9
"BASTI","GAUR","MADANPURA","3153002100/RC/958486255823737292","6477","https://mnregaweb4.nic.in/nregaarch/View_NMMS_atten_date_dtl_rpt.aspx?page=&short_name=UP&state_name=UTTAR%20PRADESH&state_code=31&district_name=BASTI&district_code=3153&block_name=GAUR&block_code=3153002&panchayat_name=MADANPURA&panchayat_code=3153002100&fin_year=2025-2026&source=&work_code=3153002100/RC/958486255823737292&msr_no=6477&AttendanceDate=22/03/2026&Digest=apg2DzcVFWYPAbukbKUI6w",6
"BASTI","GAUR","SITKOHER","3153002104/RC/958486255823740262","6394","https://mnregaweb4.nic.in/nregaarch/View_NMMS_atten_date_dtl_rpt.aspx?page=&short_name=UP&state_name=UTTAR%20PRADESH&state_code=31&district_name=BASTI&district_code=3153&block_name=GAUR&block_code=3153002&panchayat_name=SITKOHER&panchayat_code=3153002104&fin_year=2025-2026&source=&work_code=3153002104/RC/958486255823740262&msr_no=6394&AttendanceDate=22/03/2026&Digest=WLmF9PZl2EtN1YPbGy1OXw",10
"BASTI","GAUR","SAURAHA","3153002107/WC/958486255824252674","6370","https://mnregaweb4.nic.in/nregaarch/View_NMMS_atten_date_dtl_rpt.aspx?page=&short_name=UP&state_name=UTTAR%20PRADESH&state_code=31&district_name=BASTI&district_code=3153&block_name=GAUR&block_code=3153002&panchayat_name=SAURAHA&panchayat_code=3153002107&fin_year=2025-2026&source=&work_code=3153002107/WC/958486255824252674&msr_no=6370&AttendanceDate=22/03/2026&Digest=euHpTPYl5yIMF9hPSTZ+9w",2
"BASTI","HARRAIYA","BHITI MISHR","3153003010/LD/958486255824946085","6844","https://mnregaweb4.nic.in/nregaarch/View_NMMS_atten_date_dtl_rpt.aspx?page=&short_name=UP&state_name=UTTAR%20PRADESH&state_code=31&district_name=BASTI&district_code=3153&block_name=HARRAIYA&block_code=3153003&panchayat_name=BHITI%20MISHR&panchayat_code=3153003010&fin_year=2025-2026&source=&work_code=3153003010/LD/958486255824946085&msr_no=6844&AttendanceDate=22/03/2026&Digest=2oKsH4QN47BJRk9ztGIk8Q",10
"BASTI","HARRAIYA","BELBHARIYA RAM GULAM","3153003017/IC/958486255823725610","6763","https://mnregaweb4.nic.in/nregaarch/View_NMMS_atten_date_dtl_rpt.aspx?page=&short_name=UP&state_name=UTTAR%20PRADESH&state_code=31&district_name=BASTI&district_code=3153&block_name=HARRAIYA&block_code=3153003&panchayat_name=BELBHARIYA%20RAM%20GULAM&panchayat_code=3153003017&fin_year=2025-2026&source=&work_code=3153003017/IC/958486255823725610&msr_no=6763&AttendanceDate=22/03/2026&Digest=adSc4baDF3GmM9IOi86y+Q",10
"BASTI","HARRAIYA","MAHUAPAR","3153003018/LD/958486255824931758","6891","https://mnregaweb4.nic.in/nregaarch/View_NMMS_atten_date_dtl_rpt.aspx?page=&short_name=UP&state_name=UTTAR%20PRADESH&state_code=31&district_name=BASTI&district_code=3153&block_name=HARRAIYA&block_code=3153003&panchayat_name=MAHUAPAR&panchayat_code=3153003018&fin_year=2025-2026&source=&work_code=3153003018/LD/958486255824931758&msr_no=6891&AttendanceDate=22/03/2026&Digest=sJo2YAgHb5VuLsN2oKoP4w",10
"BASTI","HARRAIYA","RATANPUR RAI","3153003026/LD/958486255825004588","6781","https://mnregaweb4.nic.in/nregaarch/View_NMMS_atten_date_dtl_rpt.aspx?page=&short_name=UP&state_name=UTTAR%20PRADESH&state_code=31&district_name=BASTI&district_code=3153&block_name=HARRAIYA&block_code=3153003&panchayat_name=RATANPUR%20RAI&panchayat_code=3153003026&fin_year=2025-2026&source=&work_code=3153003026/LD/958486255825004588&msr_no=6781&AttendanceDate=22/03/2026&Digest=BujrtmN1bIgVvu4sqvYfMQ",9
"BASTI","HARRAIYA","BHAIRO PUR","3153003027/RC/YD/958486255823735828","6942","https://mnregaweb4.nic.in/nregaarch/View_NMMS_atten_date_dtl_rpt.aspx?page=&short_name=UP&state_name=UTTAR%20PRADESH&state_code=31&district_name=BASTI&district_code=3153&block_name=HARRAIYA&block_code=3153003&panchayat_name=BHAIRO%20PUR&panchayat_code=3153003027&fin_year=2025-2026&source=&work_code=3153003027/RC/YD/958486255823735828&msr_no=6942&AttendanceDate=22/03/2026&Digest=SwEslk2x0yZBeY0OLPwKOQ",1
"BASTI","HARRAIYA","BHAIRO PUR","3153003027/RC/YD/958486255823736251","6939","https://mnregaweb4.nic.in/nregaarch/View_NMMS_atten_date_dtl_rpt.aspx?page=&short_name=UP&state_name=UTTAR%20PRADESH&state_code=31&district_name=BASTI&district_code=3153&block_name=HARRAIYA&block_code=3153003&panchayat_name=BHAIRO%20PUR&panchayat_code=3153003027&fin_year=2025-2026&source=&work_code=3153003027/RC/YD/958486255823736251&msr_no=6939&AttendanceDate=22/03/2026&Digest=jju2F8/RGg3Pg8ICt3sG+g",10
"BASTI","HARRAIYA","BANS GAW","3153003031/LD/958486255824994674","6900","https://mnregaweb4.nic.in/nregaarch/View_NMMS_atten_date_dtl_rpt.aspx?page=&short_name=UP&state_name=UTTAR%20PRADESH&state_code=31&district_name=BASTI&district_code=3153&block_name=HARRAIYA&block_code=3153003&panchayat_name=BANS%20GAW&panchayat_code=3153003031&fin_year=2025-2026&source=&work_code=3153003031/LD/958486255824994674&msr_no=6900&AttendanceDate=22/03/2026&Digest=Iq+3AT9xLc2/adSuvNwK+A",8
"BASTI","HARRAIYA","BANS GAW","3153003031/LD/958486255824999778","6895","https://mnregaweb4.nic.in/nregaarch/View_NMMS_atten_date_dtl_rpt.aspx?page=&short_name=UP&state_name=UTTAR%20PRADESH&state_code=31&district_name=BASTI&district_code=3153&block_name=HARRAIYA&block_code=3153003&panchayat_name=BANS%20GAW&panchayat_code=3153003031&fin_year=2025-2026&source=&work_code=3153003031/LD/958486255824999778&msr_no=6895&AttendanceDate=22/03/2026&Digest=zSu3qzEzNhLZkK0v9Rsljw",10
"BASTI","HARRAIYA","DUHWA MISHR","3153003037/LD/958486255824957648","6788","https://mnregaweb4.nic.in/nregaarch/View_NMMS_atten_date_dtl_rpt.aspx?page=&short_name=UP&state_name=UTTAR%20PRADESH&state_code=31&district_name=BASTI&district_code=3153&block_name=HARRAIYA&block_code=3153003&panchayat_name=DUHWA%20MISHR&panchayat_code=3153003037&fin_year=2025-2026&source=&work_code=3153003037/LD/958486255824957648&msr_no=6788&AttendanceDate=22/03/2026&Digest=FDNiNj+hPE59ksPgcoL9nw",6
"BASTI","HARRAIYA","BHARGAWA","3153003058/AV/958486255824185671","6760","https://mnregaweb4.nic.in/nregaarch/View_NMMS_atten_date_dtl_rpt.aspx?page=&short_name=UP&state_name=UTTAR%20PRADESH&state_code=31&district_name=BASTI&district_code=3153&block_name=HARRAIYA&block_code=3153003&panchayat_name=BHARGAWA&panchayat_code=3153003058&fin_year=2025-2026&source=&work_code=3153003058/AV/958486255824185671&msr_no=6760&AttendanceDate=22/03/2026&Digest=7DeppvApv/bk80AQOYwWhA",10
"BASTI","HARRAIYA","BHARGAWA","3153003058/LD/958486255824949792","6854","https://mnregaweb4.nic.in/nregaarch/View_NMMS_atten_date_dtl_rpt.aspx?page=&short_name=UP&state_name=UTTAR%20PRADESH&state_code=31&district_name=BASTI&district_code=3153&block_name=HARRAIYA&block_code=3153003&panchayat_name=BHARGAWA&panchayat_code=3153003058&fin_year=2025-2026&source=&work_code=3153003058/LD/958486255824949792&msr_no=6854&AttendanceDate=22/03/2026&Digest=+hi6lIxcGM4jIIFgekkdEQ",10
"BASTI","HARRAIYA","LAVDAHA","3153003060/RC/958486255823725758","6786","https://mnregaweb4.nic.in/nregaarch/View_NMMS_atten_date_dtl_rpt.aspx?page=&short_name=UP&state_name=UTTAR%20PRADESH&state_code=31&district_name=BASTI&district_code=3153&block_name=HARRAIYA&block_code=3153003&panchayat_name=LAVDAHA&panchayat_code=3153003060&fin_year=2025-2026&source=&work_code=3153003060/RC/958486255823725758&msr_no=6786&AttendanceDate=22/03/2026&Digest=d9G/dj6nICn7FHAhgsG1kA",3
"BASTI","HARRAIYA","KHAMHARIA GANGARAM","3153003061/LD/958486255824988270","6912","https://mnregaweb4.nic.in/nregaarch/View_NMMS_atten_date_dtl_rpt.aspx?page=&short_name=UP&state_name=UTTAR%20PRADESH&state_code=31&district_name=BASTI&district_code=3153&block_name=HARRAIYA&block_code=3153003&panchayat_name=KHAMHARIA%20GANGARAM&panchayat_code=3153003061&fin_year=2025-2026&source=&work_code=3153003061/LD/958486255824988270&msr_no=6912&AttendanceDate=22/03/2026&Digest=FvqAwQRbUHthSbp55/2Cag",4
"BASTI","HARRAIYA","KHAMHARIA GANGARAM","3153003061/LD/958486255824988274","6922","https://mnregaweb4.nic.in/nregaarch/View_NMMS_atten_date_dtl_rpt.aspx?page=&short_name=UP&state_name=UTTAR%20PRADESH&state_code=31&district_name=BASTI&district_code=3153&block_name=HARRAIYA&block_code=3153003&panchayat_name=KHAMHARIA%20GANGARAM&panchayat_code=3153003061&fin_year=2025-2026&source=&work_code=3153003061/LD/958486255824988274&msr_no=6922&AttendanceDate=22/03/2026&Digest=ffxI7JsgkYwBOwTZ0QpfqA",10
"BASTI","HARRAIYA","KHAMHARIA GANGARAM","3153003061/LD/958486255824988274","6925","https://mnregaweb4.nic.in/nregaarch/View_NMMS_atten_date_dtl_rpt.aspx?page=&short_name=UP&state_name=UTTAR%20PRADESH&state_code=31&district_name=BASTI&district_code=3153&block_name=HARRAIYA&block_code=3153003&panchayat_name=KHAMHARIA%20GANGARAM&panchayat_code=3153003061&fin_year=2025-2026&source=&work_code=3153003061/LD/958486255824988274&msr_no=6925&AttendanceDate=22/03/2026&Digest=kzJq/lP+yTDpR2rfKTiYxA",10
"BASTI","HARRAIYA","PARSAUDA","3153003066/RC/958486255823621246","6837","https://mnregaweb4.nic.in/nregaarch/View_NMMS_atten_date_dtl_rpt.aspx?page=&short_name=UP&state_name=UTTAR%20PRADESH&state_code=31&district_name=BASTI&district_code=3153&block_name=HARRAIYA&block_code=3153003&panchayat_name=PARSAUDA&panchayat_code=3153003066&fin_year=2025-2026&source=&work_code=3153003066/RC/958486255823621246&msr_no=6837&AttendanceDate=22/03/2026&Digest=T/zmEn7uh0uyUrUogXwDLA",7
"BASTI","HARRAIYA","KHAMAHRIA SUJAT","3153003072/LD/958486255825008862","6828","https://mnregaweb4.nic.in/nregaarch/View_NMMS_atten_date_dtl_rpt.aspx?page=&short_name=UP&state_name=UTTAR%20PRADESH&state_code=31&district_name=BASTI&district_code=3153&block_name=HARRAIYA&block_code=3153003&panchayat_name=KHAMAHRIA%20SUJAT&panchayat_code=3153003072&fin_year=2025-2026&source=&work_code=3153003072/LD/958486255825008862&msr_no=6828&AttendanceDate=22/03/2026&Digest=m5Z+b88s923zbtXMg4kSIg",10
"BASTI","HARRAIYA","KHAMAHRIA SUJAT","3153003072/LD/958486255825008862","6831","https://mnregaweb4.nic.in/nregaarch/View_NMMS_atten_date_dtl_rpt.aspx?page=&short_name=UP&state_name=UTTAR%20PRADESH&state_code=31&district_name=BASTI&district_code=3153&block_name=HARRAIYA&block_code=3153003&panchayat_name=KHAMAHRIA%20SUJAT&panchayat_code=3153003072&fin_year=2025-2026&source=&work_code=3153003072/LD/958486255825008862&msr_no=6831&AttendanceDate=22/03/2026&Digest=U10IPW4hmScaL6y9buDc/g",10
"BASTI","HARRAIYA","BHADAWAL KALA","3153003074/WH/958486255823988938","6872","https://mnregaweb4.nic.in/nregaarch/View_NMMS_atten_date_dtl_rpt.aspx?page=&short_name=UP&state_name=UTTAR%20PRADESH&state_code=31&district_name=BASTI&district_code=3153&block_name=HARRAIYA&block_code=3153003&panchayat_name=BHADAWAL%20KALA&panchayat_code=3153003074&fin_year=2025-2026&source=&work_code=3153003074/WH/958486255823988938&msr_no=6872&AttendanceDate=22/03/2026&Digest=E9Cd3rIZApL9KSLyjQB6PA",10
"BASTI","HARRAIYA","BHADAWAL KALA","3153003074/WH/958486255823988938","6875","https://mnregaweb4.nic.in/nregaarch/View_NMMS_atten_date_dtl_rpt.aspx?page=&short_name=UP&state_name=UTTAR%20PRADESH&state_code=31&district_name=BASTI&district_code=3153&block_name=HARRAIYA&block_code=3153003&panchayat_name=BHADAWAL%20KALA&panchayat_code=3153003074&fin_year=2025-2026&source=&work_code=3153003074/WH/958486255823988938&msr_no=6875&AttendanceDate=22/03/2026&Digest=zhEFdOeFOFb1iM5VYk5ZvQ",9
"BASTI","HARRAIYA","BHADAWAL KALA","3153003074/WH/958486255823988938","6878","https://mnregaweb4.nic.in/nregaarch/View_NMMS_atten_date_dtl_rpt.aspx?page=&short_name=UP&state_name=UTTAR%20PRADESH&state_code=31&district_name=BASTI&district_code=3153&block_name=HARRAIYA&block_code=3153003&panchayat_name=BHADAWAL%20KALA&panchayat_code=3153003074&fin_year=2025-2026&source=&work_code=3153003074/WH/958486255823988938&msr_no=6878&AttendanceDate=22/03/2026&Digest=6y7JcrpzEwR+gjbKV7QHdw",3
"BASTI","HARRAIYA","KESHAWPUR","3153003079/LD/958486255825004294","6972","https://mnregaweb4.nic.in/nregaarch/View_NMMS_atten_date_dtl_rpt.aspx?page=&short_name=UP&state_name=UTTAR%20PRADESH&state_code=31&district_name=BASTI&district_code=3153&block_name=HARRAIYA&block_code=3153003&panchayat_name=KESHAWPUR&panchayat_code=3153003079&fin_year=2025-2026&source=&work_code=3153003079/LD/958486255825004294&msr_no=6972&AttendanceDate=22/03/2026&Digest=12snNZ6CNmIrKZXbZr7AVQ",10
"BASTI","HARRAIYA","KISHUNPUR","3153003084/RC/958486255823542539","6947","https://mnregaweb4.nic.in/nregaarch/View_NMMS_atten_date_dtl_rpt.aspx?page=&short_name=UP&state_name=UTTAR%20PRADESH&state_code=31&district_name=BASTI&district_code=3153&block_name=HARRAIYA&block_code=3153003&panchayat_name=KISHUNPUR&panchayat_code=3153003084&fin_year=2025-2026&source=&work_code=3153003084/RC/958486255823542539&msr_no=6947&AttendanceDate=22/03/2026&Digest=XfMHN3+p76Dz5MdiGsfIbQ",8
"BASTI","HARRAIYA","MIRJAPUR","3153003092/LD/958486255825008868","6834","https://mnregaweb4.nic.in/nregaarch/View_NMMS_atten_date_dtl_rpt.aspx?page=&short_name=UP&state_name=UTTAR%20PRADESH&state_code=31&district_name=BASTI&district_code=3153&block_name=HARRAIYA&block_code=3153003&panchayat_name=MIRJAPUR&panchayat_code=3153003092&fin_year=2025-2026&source=&work_code=3153003092/LD/958486255825008868&msr_no=6834&AttendanceDate=22/03/2026&Digest=a0cR/qXmk+Lf50Wj2tis+g",10
"BASTI","KAPTANGANJ","BASANT PUR","3153005011/RC/958486255823637328","4870","https://mnregaweb4.nic.in/nregaarch/View_NMMS_atten_date_dtl_rpt.aspx?page=&short_name=UP&state_name=UTTAR%20PRADESH&state_code=31&district_name=BASTI&district_code=3153&block_name=KAPTANGANJ&block_code=3153005&panchayat_name=BASANT%20PUR&panchayat_code=3153005011&fin_year=2025-2026&source=&work_code=3153005011/RC/958486255823637328&msr_no=4870&AttendanceDate=22/03/2026&Digest=YDNmPoa4fLWTFg8OwqF8Lw",1
"BASTI","KAPTANGANJ","BESAURA","3153005031/RC/958486255823680624","4862","https://mnregaweb4.nic.in/nregaarch/View_NMMS_atten_date_dtl_rpt.aspx?page=&short_name=UP&state_name=UTTAR%20PRADESH&state_code=31&district_name=BASTI&district_code=3153&block_name=KAPTANGANJ&block_code=3153005&panchayat_name=BESAURA&panchayat_code=3153005031&fin_year=2025-2026&source=&work_code=3153005031/RC/958486255823680624&msr_no=4862&AttendanceDate=22/03/2026&Digest=lHsh9GupbKcScaiFLmdA8w",1
"BASTI","KAPTANGANJ","SARWALIYA","3153005034/AV/958486255824178714","4823","https://mnregaweb4.nic.in/nregaarch/View_NMMS_atten_date_dtl_rpt.aspx?page=&short_name=UP&state_name=UTTAR%20PRADESH&state_code=31&district_name=BASTI&district_code=3153&block_name=KAPTANGANJ&block_code=3153005&panchayat_name=SARWALIYA&panchayat_code=3153005034&fin_year=2025-2026&source=&work_code=3153005034/AV/958486255824178714&msr_no=4823&AttendanceDate=22/03/2026&Digest=xr3/dzcGGEU5EqUt72HekQ",1
"BASTI","KAPTANGANJ","SARWALIYA","3153005034/RC/958486255823718353","4902","https://mnregaweb4.nic.in/nregaarch/View_NMMS_atten_date_dtl_rpt.aspx?page=&short_name=UP&state_name=UTTAR%20PRADESH&state_code=31&district_name=BASTI&district_code=3153&block_name=KAPTANGANJ&block_code=3153005&panchayat_name=SARWALIYA&panchayat_code=3153005034&fin_year=2025-2026&source=&work_code=3153005034/RC/958486255823718353&msr_no=4902&AttendanceDate=22/03/2026&Digest=Wd4GN5DTZhVQp0jkVPomiA",7
"BASTI","KAPTANGANJ","BIHRA","3153005050/RC/958486255823733116","4837","https://mnregaweb4.nic.in/nregaarch/View_NMMS_atten_date_dtl_rpt.aspx?page=&short_name=UP&state_name=UTTAR%20PRADESH&state_code=31&district_name=BASTI&district_code=3153&block_name=KAPTANGANJ&block_code=3153005&panchayat_name=BIHRA&panchayat_code=3153005050&fin_year=2025-2026&source=&work_code=3153005050/RC/958486255823733116&msr_no=4837&AttendanceDate=22/03/2026&Digest=b8tmNLLEDCsiVn+qAuwlEA",1
"BASTI","KUDARAHA","GAURA ROHARI","3153013024/LD/958486255824973367","7595","https://mnregaweb4.nic.in/nregaarch/View_NMMS_atten_date_dtl_rpt.aspx?page=&short_name=UP&state_name=UTTAR%20PRADESH&state_code=31&district_name=BASTI&district_code=3153&block_name=KUDARAHA&block_code=3153013&panchayat_name=GAURA%20ROHARI&panchayat_code=3153013024&fin_year=2025-2026&source=&work_code=3153013024/LD/958486255824973367&msr_no=7595&AttendanceDate=22/03/2026&Digest=mBPet46YJlGwe05KFVcYJw",10
"BASTI","KUDARAHA","SUVRAHA","3153013026/RC/958486255823725225","7657","https://mnregaweb4.nic.in/nregaarch/View_NMMS_atten_date_dtl_rpt.aspx?page=&short_name=UP&state_name=UTTAR%20PRADESH&state_code=31&district_name=BASTI&district_code=3153&block_name=KUDARAHA&block_code=3153013&panchayat_name=SUVRAHA&panchayat_code=3153013026&fin_year=2025-2026&source=&work_code=3153013026/RC/958486255823725225&msr_no=7657&AttendanceDate=22/03/2026&Digest=lXdKg+bwiBlN+zQsfJLhsg",6
"BASTI","KUDARAHA","SUVRAHA","3153013026/WC/958486255824251727","8042","https://mnregaweb4.nic.in/nregaarch/View_NMMS_atten_date_dtl_rpt.aspx?page=&short_name=UP&state_name=UTTAR%20PRADESH&state_code=31&district_name=BASTI&district_code=3153&block_name=KUDARAHA&block_code=3153013&panchayat_name=SUVRAHA&panchayat_code=3153013026&fin_year=2025-2026&source=&work_code=3153013026/WC/958486255824251727&msr_no=8042&AttendanceDate=22/03/2026&Digest=A8hMBQ1aeRSalmHdvoEDAA",10
"BASTI","KUDARAHA","THANWA MUDYARI","3153013027/LD/958486255824954841","7821","https://mnregaweb4.nic.in/nregaarch/View_NMMS_atten_date_dtl_rpt.aspx?page=&short_name=UP&state_name=UTTAR%20PRADESH&state_code=31&district_name=BASTI&district_code=3153&block_name=KUDARAHA&block_code=3153013&panchayat_name=THANWA%20MUDYARI&panchayat_code=3153013027&fin_year=2025-2026&source=&work_code=3153013027/LD/958486255824954841&msr_no=7821&AttendanceDate=22/03/2026&Digest=txMgUfpRiv8ZdkxXr12vyQ",8
"BASTI","KUDARAHA","KORMA","3153013029/RC/958486255823748565","7912","https://mnregaweb4.nic.in/nregaarch/View_NMMS_atten_date_dtl_rpt.aspx?page=&short_name=UP&state_name=UTTAR%20PRADESH&state_code=31&district_name=BASTI&district_code=3153&block_name=KUDARAHA&block_code=3153013&panchayat_name=KORMA&panchayat_code=3153013029&fin_year=2025-2026&source=&work_code=3153013029/RC/958486255823748565&msr_no=7912&AttendanceDate=22/03/2026&Digest=Q9gVA896O31QZGThpziFUg",9
"BASTI","KUDARAHA","AMAIPAR","3153013032/RC/958486255823694994","7942","https://mnregaweb4.nic.in/nregaarch/View_NMMS_atten_date_dtl_rpt.aspx?page=&short_name=UP&state_name=UTTAR%20PRADESH&state_code=31&district_name=BASTI&district_code=3153&block_name=KUDARAHA&block_code=3153013&panchayat_name=AMAIPAR&panchayat_code=3153013032&fin_year=2025-2026&source=&work_code=3153013032/RC/958486255823694994&msr_no=7942&AttendanceDate=22/03/2026&Digest=+JO34d6WgUaUznQcGNiWTQ",7
"BASTI","KUDARAHA","AMAIPAR","3153013032/RC/958486255823735251","7913","https://mnregaweb4.nic.in/nregaarch/View_NMMS_atten_date_dtl_rpt.aspx?page=&short_name=UP&state_name=UTTAR%20PRADESH&state_code=31&district_name=BASTI&district_code=3153&block_name=KUDARAHA&block_code=3153013&panchayat_name=AMAIPAR&panchayat_code=3153013032&fin_year=2025-2026&source=&work_code=3153013032/RC/958486255823735251&msr_no=7913&AttendanceDate=22/03/2026&Digest=kCivld3SFL4BJUQxcxdifw",8
"BASTI","KUDARAHA","AMAIPAR","3153013032/RC/958486255823735251","7916","https://mnregaweb4.nic.in/nregaarch/View_NMMS_atten_date_dtl_rpt.aspx?page=&short_name=UP&state_name=UTTAR%20PRADESH&state_code=31&district_name=BASTI&district_code=3153&block_name=KUDARAHA&block_code=3153013&panchayat_name=AMAIPAR&panchayat_code=3153013032&fin_year=2025-2026&source=&work_code=3153013032/RC/958486255823735251&msr_no=7916&AttendanceDate=22/03/2026&Digest=ugWM5E0xwDdtBWdBIvWxkA",5
"BASTI","KUDARAHA","AMAIPAR","3153013032/RC/958486255823735251","7919","https://mnregaweb4.nic.in/nregaarch/View_NMMS_atten_date_dtl_rpt.aspx?page=&short_name=UP&state_name=UTTAR%20PRADESH&state_code=31&district_name=BASTI&district_code=3153&block_name=KUDARAHA&block_code=3153013&panchayat_name=AMAIPAR&panchayat_code=3153013032&fin_year=2025-2026&source=&work_code=3153013032/RC/958486255823735251&msr_no=7919&AttendanceDate=22/03/2026&Digest=Bo5VL2ghsYcQBPQOlbayVA",7
"BASTI","KUDARAHA","CHARKAILA","3153013033/RC/958486255823741596","7482","https://mnregaweb4.nic.in/nregaarch/View_NMMS_atten_date_dtl_rpt.aspx?page=&short_name=UP&state_name=UTTAR%20PRADESH&state_code=31&district_name=BASTI&district_code=3153&block_name=KUDARAHA&block_code=3153013&panchayat_name=CHARKAILA&panchayat_code=3153013033&fin_year=2025-2026&source=&work_code=3153013033/RC/958486255823741596&msr_no=7482&AttendanceDate=22/03/2026&Digest=y9VGsZMMHwUcfJ0PjX/H4Q",3
"BASTI","KUDARAHA","JAGANNATHPUR","3153013035/RC/958486255823748456","7737","https://mnregaweb4.nic.in/nregaarch/View_NMMS_atten_date_dtl_rpt.aspx?page=&short_name=UP&state_name=UTTAR%20PRADESH&state_code=31&district_name=BASTI&district_code=3153&block_name=KUDARAHA&block_code=3153013&panchayat_name=JAGANNATHPUR&panchayat_code=3153013035&fin_year=2025-2026&source=&work_code=3153013035/RC/958486255823748456&msr_no=7737&AttendanceDate=22/03/2026&Digest=Tviw5BQhClQ63/3zzfMQBw",7
"BASTI","KUDARAHA","PARSAW","3153013036/LD/958486255824957716","7857","https://mnregaweb4.nic.in/nregaarch/View_NMMS_atten_date_dtl_rpt.aspx?page=&short_name=UP&state_name=UTTAR%20PRADESH&state_code=31&district_name=BASTI&district_code=3153&block_name=KUDARAHA&block_code=3153013&panchayat_name=PARSAW&panchayat_code=3153013036&fin_year=2025-2026&source=&work_code=3153013036/LD/958486255824957716&msr_no=7857&AttendanceDate=22/03/2026&Digest=rZTNnworewthO6m0qLmDRw",10
"BASTI","KUDARAHA","DELHWA","3153013037/RC/958486255823745217","7883","https://mnregaweb4.nic.in/nregaarch/View_NMMS_atten_date_dtl_rpt.aspx?page=&short_name=UP&state_name=UTTAR%20PRADESH&state_code=31&district_name=BASTI&district_code=3153&block_name=KUDARAHA&block_code=3153013&panchayat_name=DELHWA&panchayat_code=3153013037&fin_year=2025-2026&source=&work_code=3153013037/RC/958486255823745217&msr_no=7883&AttendanceDate=22/03/2026&Digest=gRdbmdC9gzSgbzAzsTbp1A",8
"BASTI","KUDARAHA","MADHOPUR","3153013038/IC/958486255823739075","7577","https://mnregaweb4.nic.in/nregaarch/View_NMMS_atten_date_dtl_rpt.aspx?page=&short_name=UP&state_name=UTTAR%20PRADESH&state_code=31&district_name=BASTI&district_code=3153&block_name=KUDARAHA&block_code=3153013&panchayat_name=MADHOPUR&panchayat_code=3153013038&fin_year=2025-2026&source=&work_code=3153013038/IC/958486255823739075&msr_no=7577&AttendanceDate=22/03/2026&Digest=DsKWOBg/y2Bbh8vU+bWsSg",1
"BASTI","KUDARAHA","MADHOPUR","3153013038/RC/958486255823738295","7601","https://mnregaweb4.nic.in/nregaarch/View_NMMS_atten_date_dtl_rpt.aspx?page=&short_name=UP&state_name=UTTAR%20PRADESH&state_code=31&district_name=BASTI&district_code=3153&block_name=KUDARAHA&block_code=3153013&panchayat_name=MADHOPUR&panchayat_code=3153013038&fin_year=2025-2026&source=&work_code=3153013038/RC/958486255823738295&msr_no=7601&AttendanceDate=22/03/2026&Digest=OdzerEBSpBdvC7Rx4JZu/Q",8
"BASTI","KUDARAHA","BARTANIYA","3153013040/LD/958486255824900453","7928","https://mnregaweb4.nic.in/nregaarch/View_NMMS_atten_date_dtl_rpt.aspx?page=&short_name=UP&state_name=UTTAR%20PRADESH&state_code=31&district_name=BASTI&district_code=3153&block_name=KUDARAHA&block_code=3153013&panchayat_name=BARTANIYA&panchayat_code=3153013040&fin_year=2025-2026&source=&work_code=3153013040/LD/958486255824900453&msr_no=7928&AttendanceDate=22/03/2026&Digest=H4JScCZEzWuEpkGVXKhs1A",10
"BASTI","KUDARAHA","BARTANIYA","3153013040/LD/958486255824900453","7931","https://mnregaweb4.nic.in/nregaarch/View_NMMS_atten_date_dtl_rpt.aspx?page=&short_name=UP&state_name=UTTAR%20PRADESH&state_code=31&district_name=BASTI&district_code=3153&block_name=KUDARAHA&block_code=3153013&panchayat_name=BARTANIYA&panchayat_code=3153013040&fin_year=2025-2026&source=&work_code=3153013040/LD/958486255824900453&msr_no=7931&AttendanceDate=22/03/2026&Digest=ndVKjNGYxtwnEW6Wf5Gc1w",9
"BASTI","KUDARAHA","PASRA","3153013046/LD/958486255824692138","7718","https://mnregaweb4.nic.in/nregaarch/View_NMMS_atten_date_dtl_rpt.aspx?page=&short_name=UP&state_name=UTTAR%20PRADESH&state_code=31&district_name=BASTI&district_code=3153&block_name=KUDARAHA&block_code=3153013&panchayat_name=PASRA&panchayat_code=3153013046&fin_year=2025-2026&source=&work_code=3153013046/LD/958486255824692138&msr_no=7718&AttendanceDate=22/03/2026&Digest=rZJ9mgPedx2MMfn0YOqpFA",8
"BASTI","KUDARAHA","PASRA","3153013046/LD/958486255824692148","7665","https://mnregaweb4.nic.in/nregaarch/View_NMMS_atten_date_dtl_rpt.aspx?page=&short_name=UP&state_name=UTTAR%20PRADESH&state_code=31&district_name=BASTI&district_code=3153&block_name=KUDARAHA&block_code=3153013&panchayat_name=PASRA&panchayat_code=3153013046&fin_year=2025-2026&source=&work_code=3153013046/LD/958486255824692148&msr_no=7665&AttendanceDate=22/03/2026&Digest=YzYc8LSacWNYWR/mf5NgbA",10
"BASTI","KUDARAHA","PASRA","3153013046/LD/958486255824692150","7720","https://mnregaweb4.nic.in/nregaarch/View_NMMS_atten_date_dtl_rpt.aspx?page=&short_name=UP&state_name=UTTAR%20PRADESH&state_code=31&district_name=BASTI&district_code=3153&block_name=KUDARAHA&block_code=3153013&panchayat_name=PASRA&panchayat_code=3153013046&fin_year=2025-2026&source=&work_code=3153013046/LD/958486255824692150&msr_no=7720&AttendanceDate=22/03/2026&Digest=SO5nD8ljZQXN/IwN6Fr/7A",10
"BASTI","KUDARAHA","GONAR","3153013049/DP/958486255824216040","7735","https://mnregaweb4.nic.in/nregaarch/View_NMMS_atten_date_dtl_rpt.aspx?page=&short_name=UP&state_name=UTTAR%20PRADESH&state_code=31&district_name=BASTI&district_code=3153&block_name=KUDARAHA&block_code=3153013&panchayat_name=GONAR&panchayat_code=3153013049&fin_year=2025-2026&source=&work_code=3153013049/DP/958486255824216040&msr_no=7735&AttendanceDate=22/03/2026&Digest=I8fDOC/5IxHCxitZjdMxDQ",3
"BASTI","KUDARAHA","GONAR","3153013049/LD/958486255824621295","8079","https://mnregaweb4.nic.in/nregaarch/View_NMMS_atten_date_dtl_rpt.aspx?page=&short_name=UP&state_name=UTTAR%20PRADESH&state_code=31&district_name=BASTI&district_code=3153&block_name=KUDARAHA&block_code=3153013&panchayat_name=GONAR&panchayat_code=3153013049&fin_year=2025-2026&source=&work_code=3153013049/LD/958486255824621295&msr_no=8079&AttendanceDate=22/03/2026&Digest=UbIlsDISVWMgiybtd5Y9Gg",2
"BASTI","KUDARAHA","BAISIYA KALA","3153013050/RC/958486255823747631","7813","https://mnregaweb4.nic.in/nregaarch/View_NMMS_atten_date_dtl_rpt.aspx?page=&short_name=UP&state_name=UTTAR%20PRADESH&state_code=31&district_name=BASTI&district_code=3153&block_name=KUDARAHA&block_code=3153013&panchayat_name=BAISIYA%20KALA&panchayat_code=3153013050&fin_year=2025-2026&source=&work_code=3153013050/RC/958486255823747631&msr_no=7813&AttendanceDate=22/03/2026&Digest=YS+RRdIDYL9iA9I40fzXUg",9
"BASTI","KUDARAHA","HATHIYAVKALA","3153013054/IC/958486255823746777","8111","https://mnregaweb4.nic.in/nregaarch/View_NMMS_atten_date_dtl_rpt.aspx?page=&short_name=UP&state_name=UTTAR%20PRADESH&state_code=31&district_name=BASTI&district_code=3153&block_name=KUDARAHA&block_code=3153013&panchayat_name=HATHIYAVKALA&panchayat_code=3153013054&fin_year=2025-2026&source=&work_code=3153013054/IC/958486255823746777&msr_no=8111&AttendanceDate=22/03/2026&Digest=0lEx6HcGr1fHtgLaVStmjA",7
"BASTI","KUDARAHA","PAERMESHWARPUR","3153013056/AV/958486255824182484","8096","https://mnregaweb4.nic.in/nregaarch/View_NMMS_atten_date_dtl_rpt.aspx?page=&short_name=UP&state_name=UTTAR%20PRADESH&state_code=31&district_name=BASTI&district_code=3153&block_name=KUDARAHA&block_code=3153013&panchayat_name=PAERMESHWARPUR&panchayat_code=3153013056&fin_year=2025-2026&source=&work_code=3153013056/AV/958486255824182484&msr_no=8096&AttendanceDate=22/03/2026&Digest=ljksOxzQax29mhteBJe1uw",10
"BASTI","KUDARAHA","PAERMESHWARPUR","3153013056/RC/958486255823748250","8099","https://mnregaweb4.nic.in/nregaarch/View_NMMS_atten_date_dtl_rpt.aspx?page=&short_name=UP&state_name=UTTAR%20PRADESH&state_code=31&district_name=BASTI&district_code=3153&block_name=KUDARAHA&block_code=3153013&panchayat_name=PAERMESHWARPUR&panchayat_code=3153013056&fin_year=2025-2026&source=&work_code=3153013056/RC/958486255823748250&msr_no=8099&AttendanceDate=22/03/2026&Digest=RTnK3ib70/ylMnaH9TGxpQ",10
"BASTI","KUDARAHA","MANJHARIYA","3153013057/IC/958486255823686218","7545","https://mnregaweb4.nic.in/nregaarch/View_NMMS_atten_date_dtl_rpt.aspx?page=&short_name=UP&state_name=UTTAR%20PRADESH&state_code=31&district_name=BASTI&district_code=3153&block_name=KUDARAHA&block_code=3153013&panchayat_name=MANJHARIYA&panchayat_code=3153013057&fin_year=2025-2026&source=&work_code=3153013057/IC/958486255823686218&msr_no=7545&AttendanceDate=22/03/2026&Digest=DniHwuPTDn+/2JSV+Zra5Q",7
"BASTI","KUDARAHA","MANJHARIYA","3153013057/LD/958486255824945664","7649","https://mnregaweb4.nic.in/nregaarch/View_NMMS_atten_date_dtl_rpt.aspx?page=&short_name=UP&state_name=UTTAR%20PRADESH&state_code=31&district_name=BASTI&district_code=3153&block_name=KUDARAHA&block_code=3153013&panchayat_name=MANJHARIYA&panchayat_code=3153013057&fin_year=2025-2026&source=&work_code=3153013057/LD/958486255824945664&msr_no=7649&AttendanceDate=22/03/2026&Digest=Ak2FrC9wkYuNyRNbh08Irg",10
"BASTI","KUDARAHA","MANJHARIYA","3153013057/LD/958486255824945664","7652","https://mnregaweb4.nic.in/nregaarch/View_NMMS_atten_date_dtl_rpt.aspx?page=&short_name=UP&state_name=UTTAR%20PRADESH&state_code=31&district_name=BASTI&district_code=3153&block_name=KUDARAHA&block_code=3153013&panchayat_name=MANJHARIYA&panchayat_code=3153013057&fin_year=2025-2026&source=&work_code=3153013057/LD/958486255824945664&msr_no=7652&AttendanceDate=22/03/2026&Digest=aDXf1IvNEHB4tVKlOwTbvw",8
"BASTI","KUDARAHA","DIHUKPURA","3153013060/RC/958486255823750162","8088","https://mnregaweb4.nic.in/nregaarch/View_NMMS_atten_date_dtl_rpt.aspx?page=&short_name=UP&state_name=UTTAR%20PRADESH&state_code=31&district_name=BASTI&district_code=3153&block_name=KUDARAHA&block_code=3153013&panchayat_name=DIHUKPURA&panchayat_code=3153013060&fin_year=2025-2026&source=&work_code=3153013060/RC/958486255823750162&msr_no=8088&AttendanceDate=22/03/2026&Digest=tEB1gJ19jp/SPxk5MddlsQ",10
"BASTI","KUDARAHA","TENUA","3153013064/LD/958486255825009974","7567","https://mnregaweb4.nic.in/nregaarch/View_NMMS_atten_date_dtl_rpt.aspx?page=&short_name=UP&state_name=UTTAR%20PRADESH&state_code=31&district_name=BASTI&district_code=3153&block_name=KUDARAHA&block_code=3153013&panchayat_name=TENUA&panchayat_code=3153013064&fin_year=2025-2026&source=&work_code=3153013064/LD/958486255825009974&msr_no=7567&AttendanceDate=22/03/2026&Digest=IVjuPXZmBZZbruW+8c3+0g",10
"BASTI","KUDARAHA","TENUA","3153013064/LD/958486255825009974","7570","https://mnregaweb4.nic.in/nregaarch/View_NMMS_atten_date_dtl_rpt.aspx?page=&short_name=UP&state_name=UTTAR%20PRADESH&state_code=31&district_name=BASTI&district_code=3153&block_name=KUDARAHA&block_code=3153013&panchayat_name=TENUA&panchayat_code=3153013064&fin_year=2025-2026&source=&work_code=3153013064/LD/958486255825009974&msr_no=7570&AttendanceDate=22/03/2026&Digest=7+LjSbL3d3NE0FsPQF2IQw",10
"BASTI","KUDARAHA","BAIRARA MUSTAHKAM","3153013065/RC/958486255823742474","7519","https://mnregaweb4.nic.in/nregaarch/View_NMMS_atten_date_dtl_rpt.aspx?page=&short_name=UP&state_name=UTTAR%20PRADESH&state_code=31&district_name=BASTI&district_code=3153&block_name=KUDARAHA&block_code=3153013&panchayat_name=BAIRARA%20MUSTAHKAM&panchayat_code=3153013065&fin_year=2025-2026&source=&work_code=3153013065/RC/958486255823742474&msr_no=7519&AttendanceDate=22/03/2026&Digest=uFUbBZD0d7x2PUVgRFnKpA",5
"BASTI","KUDARAHA","PIPARPATI EHATMALI","3153013071/RC/958486255823700975","7673","https://mnregaweb4.nic.in/nregaarch/View_NMMS_atten_date_dtl_rpt.aspx?page=&short_name=UP&state_name=UTTAR%20PRADESH&state_code=31&district_name=BASTI&district_code=3153&block_name=KUDARAHA&block_code=3153013&panchayat_name=PIPARPATI%20EHATMALI&panchayat_code=3153013071&fin_year=2025-2026&source=&work_code=3153013071/RC/958486255823700975&msr_no=7673&AttendanceDate=22/03/2026&Digest=e6fcsF700V9YuE0vKsJulQ",1
"BASTI","KUDARAHA","PIPARPATI EHATMALI","3153013071/RC/958486255823700977","8135","https://mnregaweb4.nic.in/nregaarch/View_NMMS_atten_date_dtl_rpt.aspx?page=&short_name=UP&state_name=UTTAR%20PRADESH&state_code=31&district_name=BASTI&district_code=3153&block_name=KUDARAHA&block_code=3153013&panchayat_name=PIPARPATI%20EHATMALI&panchayat_code=3153013071&fin_year=2025-2026&source=&work_code=3153013071/RC/958486255823700977&msr_no=8135&AttendanceDate=22/03/2026&Digest=O+uNEzT0/WyHGA1ncnE0zw",10
"BASTI","KUDARAHA","PIPARPATI EHATMALI","3153013071/RC/958486255823700979","8013","https://mnregaweb4.nic.in/nregaarch/View_NMMS_atten_date_dtl_rpt.aspx?page=&short_name=UP&state_name=UTTAR%20PRADESH&state_code=31&district_name=BASTI&district_code=3153&block_name=KUDARAHA&block_code=3153013&panchayat_name=PIPARPATI%20EHATMALI&panchayat_code=3153013071&fin_year=2025-2026&source=&work_code=3153013071/RC/958486255823700979&msr_no=8013&AttendanceDate=22/03/2026&Digest=/s8cKvvfxwQ3vclslcJspg",9
"BASTI","KUDARAHA","PIPARPATI EHATMALI","3153013071/RC/958486255823700979","8016","https://mnregaweb4.nic.in/nregaarch/View_NMMS_atten_date_dtl_rpt.aspx?page=&short_name=UP&state_name=UTTAR%20PRADESH&state_code=31&district_name=BASTI&district_code=3153&block_name=KUDARAHA&block_code=3153013&panchayat_name=PIPARPATI%20EHATMALI&panchayat_code=3153013071&fin_year=2025-2026&source=&work_code=3153013071/RC/958486255823700979&msr_no=8016&AttendanceDate=22/03/2026&Digest=TwveUvm6kXx1qqeY7rRtVg",10
"BASTI","KUDARAHA","PIPARPATI EHATMALI","3153013071/RC/958486255823746233","7796","https://mnregaweb4.nic.in/nregaarch/View_NMMS_atten_date_dtl_rpt.aspx?page=&short_name=UP&state_name=UTTAR%20PRADESH&state_code=31&district_name=BASTI&district_code=3153&block_name=KUDARAHA&block_code=3153013&panchayat_name=PIPARPATI%20EHATMALI&panchayat_code=3153013071&fin_year=2025-2026&source=&work_code=3153013071/RC/958486255823746233&msr_no=7796&AttendanceDate=22/03/2026&Digest=do11BjhdWf0r0M6CixzbOw",10
"BASTI","KUDARAHA","PIPARPATI EHATMALI","3153013071/RC/958486255823746235","8025","https://mnregaweb4.nic.in/nregaarch/View_NMMS_atten_date_dtl_rpt.aspx?page=&short_name=UP&state_name=UTTAR%20PRADESH&state_code=31&district_name=BASTI&district_code=3153&block_name=KUDARAHA&block_code=3153013&panchayat_name=PIPARPATI%20EHATMALI&panchayat_code=3153013071&fin_year=2025-2026&source=&work_code=3153013071/RC/958486255823746235&msr_no=8025&AttendanceDate=22/03/2026&Digest=Z3vwM3u+A61c2zYBcu6eSQ",5
"BASTI","KUDARAHA","VISHENPUR","3153013073/LD/958486255824854652","7908","https://mnregaweb4.nic.in/nregaarch/View_NMMS_atten_date_dtl_rpt.aspx?page=&short_name=UP&state_name=UTTAR%20PRADESH&state_code=31&district_name=BASTI&district_code=3153&block_name=KUDARAHA&block_code=3153013&panchayat_name=VISHENPUR&panchayat_code=3153013073&fin_year=2025-2026&source=&work_code=3153013073/LD/958486255824854652&msr_no=7908&AttendanceDate=22/03/2026&Digest=0p/T93tGllf/ApUR/4nS/g",5
"BASTI","KUDARAHA","CHAUBAAH","3153013014/LD/958486255824934681","7772","https://mnregaweb4.nic.in/nregaarch/View_NMMS_atten_date_dtl_rpt.aspx?page=&short_name=UP&state_name=UTTAR%20PRADESH&state_code=31&district_name=BASTI&district_code=3153&block_name=KUDARAHA&block_code=3153013&panchayat_name=CHAUBAAH&panchayat_code=3153013014&fin_year=2025-2026&source=&work_code=3153013014/LD/958486255824934681&msr_no=7772&AttendanceDate=22/03/2026&Digest=r7imXw3YpdPQOpNN34SL+w",10
"BASTI","KUDARAHA","RASOOLPUR","3153013020/RC/958486255823670232","7975","https://mnregaweb4.nic.in/nregaarch/View_NMMS_atten_date_dtl_rpt.aspx?page=&short_name=UP&state_name=UTTAR%20PRADESH&state_code=31&district_name=BASTI&district_code=3153&block_name=KUDARAHA&block_code=3153013&panchayat_name=RASOOLPUR&panchayat_code=3153013020&fin_year=2025-2026&source=&work_code=3153013020/RC/958486255823670232&msr_no=7975&AttendanceDate=22/03/2026&Digest=bDI/l0WJxVkcjatahCHP+g",10
"BASTI","KUDARAHA","GAURA ROHARI","3153013024/LD/958486255824973367","7591","https://mnregaweb4.nic.in/nregaarch/View_NMMS_atten_date_dtl_rpt.aspx?page=&short_name=UP&state_name=UTTAR%20PRADESH&state_code=31&district_name=BASTI&district_code=3153&block_name=KUDARAHA&block_code=3153013&panchayat_name=GAURA%20ROHARI&panchayat_code=3153013024&fin_year=2025-2026&source=&work_code=3153013024/LD/958486255824973367&msr_no=7591&AttendanceDate=22/03/2026&Digest=NPndVkZIxv8m8umnUEkvCA",8
"BASTI","KUDARAHA","GAURA ROHARI","3153013024/LD/958486255824973367","7594","https://mnregaweb4.nic.in/nregaarch/View_NMMS_atten_date_dtl_rpt.aspx?page=&short_name=UP&state_name=UTTAR%20PRADESH&state_code=31&district_name=BASTI&district_code=3153&block_name=KUDARAHA&block_code=3153013&panchayat_name=GAURA%20ROHARI&panchayat_code=3153013024&fin_year=2025-2026&source=&work_code=3153013024/LD/958486255824973367&msr_no=7594&AttendanceDate=22/03/2026&Digest=SEcmP3rN40JDAzOPWjKqZQ",10
"BASTI","KUDARAHA","SUVRAHA","3153013026/WC/958486255824251727","8041","https://mnregaweb4.nic.in/nregaarch/View_NMMS_atten_date_dtl_rpt.aspx?page=&short_name=UP&state_name=UTTAR%20PRADESH&state_code=31&district_name=BASTI&district_code=3153&block_name=KUDARAHA&block_code=3153013&panchayat_name=SUVRAHA&panchayat_code=3153013026&fin_year=2025-2026&source=&work_code=3153013026/WC/958486255824251727&msr_no=8041&AttendanceDate=22/03/2026&Digest=+8dj5wWTGPvmwlIJia+YNg",10
"BASTI","KUDARAHA","THANWA MUDYARI","3153013027/LD/958486255824954841","7820","https://mnregaweb4.nic.in/nregaarch/View_NMMS_atten_date_dtl_rpt.aspx?page=&short_name=UP&state_name=UTTAR%20PRADESH&state_code=31&district_name=BASTI&district_code=3153&block_name=KUDARAHA&block_code=3153013&panchayat_name=THANWA%20MUDYARI&panchayat_code=3153013027&fin_year=2025-2026&source=&work_code=3153013027/LD/958486255824954841&msr_no=7820&AttendanceDate=22/03/2026&Digest=MXRkTz7iPTPQs+NF29yo3Q",6
"BASTI","KUDARAHA","AMAIPAR","3153013032/RC/958486255823694994","7941","https://mnregaweb4.nic.in/nregaarch/View_NMMS_atten_date_dtl_rpt.aspx?page=&short_name=UP&state_name=UTTAR%20PRADESH&state_code=31&district_name=BASTI&district_code=3153&block_name=KUDARAHA&block_code=3153013&panchayat_name=AMAIPAR&panchayat_code=3153013032&fin_year=2025-2026&source=&work_code=3153013032/RC/958486255823694994&msr_no=7941&AttendanceDate=22/03/2026&Digest=xxoXgJEnibirl2yvBvhWLA",8
"BASTI","KUDARAHA","AMAIPAR","3153013032/RC/958486255823735251","7917","https://mnregaweb4.nic.in/nregaarch/View_NMMS_atten_date_dtl_rpt.aspx?page=&short_name=UP&state_name=UTTAR%20PRADESH&state_code=31&district_name=BASTI&district_code=3153&block_name=KUDARAHA&block_code=3153013&panchayat_name=AMAIPAR&panchayat_code=3153013032&fin_year=2025-2026&source=&work_code=3153013032/RC/958486255823735251&msr_no=7917&AttendanceDate=22/03/2026&Digest=0hmP0lJ3PwAv6oApmpTioQ",7
"BASTI","KUDARAHA","AMAIPAR","3153013032/RC/958486255823735251","7920","https://mnregaweb4.nic.in/nregaarch/View_NMMS_atten_date_dtl_rpt.aspx?page=&short_name=UP&state_name=UTTAR%20PRADESH&state_code=31&district_name=BASTI&district_code=3153&block_name=KUDARAHA&block_code=3153013&panchayat_name=AMAIPAR&panchayat_code=3153013032&fin_year=2025-2026&source=&work_code=3153013032/RC/958486255823735251&msr_no=7920&AttendanceDate=22/03/2026&Digest=KbBtm8ayqNFSioVvU68A1Q",1
"BASTI","KUDARAHA","JAGANNATHPUR","3153013035/RC/958486255823748456","7738","https://mnregaweb4.nic.in/nregaarch/View_NMMS_atten_date_dtl_rpt.aspx?page=&short_name=UP&state_name=UTTAR%20PRADESH&state_code=31&district_name=BASTI&district_code=3153&block_name=KUDARAHA&block_code=3153013&panchayat_name=JAGANNATHPUR&panchayat_code=3153013035&fin_year=2025-2026&source=&work_code=3153013035/RC/958486255823748456&msr_no=7738&AttendanceDate=22/03/2026&Digest=u2fSdASKRsna7pg3cfNTXA",9
"BASTI","KUDARAHA","PARSAW","3153013036/LD/958486255824957716","7858","https://mnregaweb4.nic.in/nregaarch/View_NMMS_atten_date_dtl_rpt.aspx?page=&short_name=UP&state_name=UTTAR%20PRADESH&state_code=31&district_name=BASTI&district_code=3153&block_name=KUDARAHA&block_code=3153013&panchayat_name=PARSAW&panchayat_code=3153013036&fin_year=2025-2026&source=&work_code=3153013036/LD/958486255824957716&msr_no=7858&AttendanceDate=22/03/2026&Digest=tm6bUR5vgKKLQf3L77LKHA",10
"BASTI","KUDARAHA","DELHWA","3153013037/RC/958486255823745217","7884","https://mnregaweb4.nic.in/nregaarch/View_NMMS_atten_date_dtl_rpt.aspx?page=&short_name=UP&state_name=UTTAR%20PRADESH&state_code=31&district_name=BASTI&district_code=3153&block_name=KUDARAHA&block_code=3153013&panchayat_name=DELHWA&panchayat_code=3153013037&fin_year=2025-2026&source=&work_code=3153013037/RC/958486255823745217&msr_no=7884&AttendanceDate=22/03/2026&Digest=OvSqQqd76Qa4X7IWL/XodA",5
"BASTI","KUDARAHA","DELHWA","3153013037/RC/958486255823745217","7887","https://mnregaweb4.nic.in/nregaarch/View_NMMS_atten_date_dtl_rpt.aspx?page=&short_name=UP&state_name=UTTAR%20PRADESH&state_code=31&district_name=BASTI&district_code=3153&block_name=KUDARAHA&block_code=3153013&panchayat_name=DELHWA&panchayat_code=3153013037&fin_year=2025-2026&source=&work_code=3153013037/RC/958486255823745217&msr_no=7887&AttendanceDate=22/03/2026&Digest=werKWpr9nqIzA4VoDWS1dg",7
"BASTI","KUDARAHA","MADHOPUR","3153013038/RC/958486255823738295","7602","https://mnregaweb4.nic.in/nregaarch/View_NMMS_atten_date_dtl_rpt.aspx?page=&short_name=UP&state_name=UTTAR%20PRADESH&state_code=31&district_name=BASTI&district_code=3153&block_name=KUDARAHA&block_code=3153013&panchayat_name=MADHOPUR&panchayat_code=3153013038&fin_year=2025-2026&source=&work_code=3153013038/RC/958486255823738295&msr_no=7602&AttendanceDate=22/03/2026&Digest=SWrLeTrWptwGH4C88XQIJw",6
"BASTI","KUDARAHA","BARTANIYA","3153013040/AV/958486255824155477","7958","https://mnregaweb4.nic.in/nregaarch/View_NMMS_atten_date_dtl_rpt.aspx?page=&short_name=UP&state_name=UTTAR%20PRADESH&state_code=31&district_name=BASTI&district_code=3153&block_name=KUDARAHA&block_code=3153013&panchayat_name=BARTANIYA&panchayat_code=3153013040&fin_year=2025-2026&source=&work_code=3153013040/AV/958486255824155477&msr_no=7958&AttendanceDate=22/03/2026&Digest=2K0nCpHukyZfPh32WOm6aQ",10
"BASTI","KUDARAHA","BARTANIYA","3153013040/LD/958486255824900453","7929","https://mnregaweb4.nic.in/nregaarch/View_NMMS_atten_date_dtl_rpt.aspx?page=&short_name=UP&state_name=UTTAR%20PRADESH&state_code=31&district_name=BASTI&district_code=3153&block_name=KUDARAHA&block_code=3153013&panchayat_name=BARTANIYA&panchayat_code=3153013040&fin_year=2025-2026&source=&work_code=3153013040/LD/958486255824900453&msr_no=7929&AttendanceDate=22/03/2026&Digest=WipFtWH6/BQqdoXc4ihu/g",10
"BASTI","KUDARAHA","PASRA","3153013046/LD/958486255824682010","7716","https://mnregaweb4.nic.in/nregaarch/View_NMMS_atten_date_dtl_rpt.aspx?page=&short_name=UP&state_name=UTTAR%20PRADESH&state_code=31&district_name=BASTI&district_code=3153&block_name=KUDARAHA&block_code=3153013&panchayat_name=PASRA&panchayat_code=3153013046&fin_year=2025-2026&source=&work_code=3153013046/LD/958486255824682010&msr_no=7716&AttendanceDate=22/03/2026&Digest=YhRDTpNxh0LWocjYFWOX6A",6
"BASTI","KUDARAHA","PASRA","3153013046/LD/958486255824692148","7663","https://mnregaweb4.nic.in/nregaarch/View_NMMS_atten_date_dtl_rpt.aspx?page=&short_name=UP&state_name=UTTAR%20PRADESH&state_code=31&district_name=BASTI&district_code=3153&block_name=KUDARAHA&block_code=3153013&panchayat_name=PASRA&panchayat_code=3153013046&fin_year=2025-2026&source=&work_code=3153013046/LD/958486255824692148&msr_no=7663&AttendanceDate=22/03/2026&Digest=aMlTCszVy7OwVIHqfWr+vg",10
"BASTI","KUDARAHA","PASRA","3153013046/LD/958486255824692148","7666","https://mnregaweb4.nic.in/nregaarch/View_NMMS_atten_date_dtl_rpt.aspx?page=&short_name=UP&state_name=UTTAR%20PRADESH&state_code=31&district_name=BASTI&district_code=3153&block_name=KUDARAHA&block_code=3153013&panchayat_name=PASRA&panchayat_code=3153013046&fin_year=2025-2026&source=&work_code=3153013046/LD/958486255824692148&msr_no=7666&AttendanceDate=22/03/2026&Digest=zAv9/W+YtasxagdKtJ7/2A",10
"BASTI","KUDARAHA","PASRA","3153013046/LD/958486255824692150","7721","https://mnregaweb4.nic.in/nregaarch/View_NMMS_atten_date_dtl_rpt.aspx?page=&short_name=UP&state_name=UTTAR%20PRADESH&state_code=31&district_name=BASTI&district_code=3153&block_name=KUDARAHA&block_code=3153013&panchayat_name=PASRA&panchayat_code=3153013046&fin_year=2025-2026&source=&work_code=3153013046/LD/958486255824692150&msr_no=7721&AttendanceDate=22/03/2026&Digest=o540c/ThRcGTLaxY44ub1w",1
"BASTI","KUDARAHA","BAISIYA KALA","3153013050/LD/958486255824953603","7711","https://mnregaweb4.nic.in/nregaarch/View_NMMS_atten_date_dtl_rpt.aspx?page=&short_name=UP&state_name=UTTAR%20PRADESH&state_code=31&district_name=BASTI&district_code=3153&block_name=KUDARAHA&block_code=3153013&panchayat_name=BAISIYA%20KALA&panchayat_code=3153013050&fin_year=2025-2026&source=&work_code=3153013050/LD/958486255824953603&msr_no=7711&AttendanceDate=22/03/2026&Digest=NsxEY1k98Ohea+Y0GnfJdw",8
"BASTI","KUDARAHA","BAISIYA KALA","3153013050/RC/958486255823747630","7864","https://mnregaweb4.nic.in/nregaarch/View_NMMS_atten_date_dtl_rpt.aspx?page=&short_name=UP&state_name=UTTAR%20PRADESH&state_code=31&district_name=BASTI&district_code=3153&block_name=KUDARAHA&block_code=3153013&panchayat_name=BAISIYA%20KALA&panchayat_code=3153013050&fin_year=2025-2026&source=&work_code=3153013050/RC/958486255823747630&msr_no=7864&AttendanceDate=22/03/2026&Digest=lMzH74p6Y9gJGXnrRHvYPA",2
"BASTI","KUDARAHA","BAISIYA KALA","3153013050/RC/958486255823747634","7806","https://mnregaweb4.nic.in/nregaarch/View_NMMS_atten_date_dtl_rpt.aspx?page=&short_name=UP&state_name=UTTAR%20PRADESH&state_code=31&district_name=BASTI&district_code=3153&block_name=KUDARAHA&block_code=3153013&panchayat_name=BAISIYA%20KALA&panchayat_code=3153013050&fin_year=2025-2026&source=&work_code=3153013050/RC/958486255823747634&msr_no=7806&AttendanceDate=22/03/2026&Digest=1lTAj8mkmx+iFcz2A+dfpg",6
"BASTI","KUDARAHA","BAISIYA KALA","3153013050/RC/958486255823747638","7997","https://mnregaweb4.nic.in/nregaarch/View_NMMS_atten_date_dtl_rpt.aspx?page=&short_name=UP&state_name=UTTAR%20PRADESH&state_code=31&district_name=BASTI&district_code=3153&block_name=KUDARAHA&block_code=3153013&panchayat_name=BAISIYA%20KALA&panchayat_code=3153013050&fin_year=2025-2026&source=&work_code=3153013050/RC/958486255823747638&msr_no=7997&AttendanceDate=22/03/2026&Digest=lk/dlhae6iYzqn+5L7tXpA",8
"BASTI","KUDARAHA","BAISIYA KALA","3153013050/RC/958486255823749599","8001","https://mnregaweb4.nic.in/nregaarch/View_NMMS_atten_date_dtl_rpt.aspx?page=&short_name=UP&state_name=UTTAR%20PRADESH&state_code=31&district_name=BASTI&district_code=3153&block_name=KUDARAHA&block_code=3153013&panchayat_name=BAISIYA%20KALA&panchayat_code=3153013050&fin_year=2025-2026&source=&work_code=3153013050/RC/958486255823749599&msr_no=8001&AttendanceDate=22/03/2026&Digest=bfvx9lmENnDDTVhokxCz3g",9
"BASTI","KUDARAHA","HATHIYAVKALA","3153013054/IC/958486255823746777","8112","https://mnregaweb4.nic.in/nregaarch/View_NMMS_atten_date_dtl_rpt.aspx?page=&short_name=UP&state_name=UTTAR%20PRADESH&state_code=31&district_name=BASTI&district_code=3153&block_name=KUDARAHA&block_code=3153013&panchayat_name=HATHIYAVKALA&panchayat_code=3153013054&fin_year=2025-2026&source=&work_code=3153013054/IC/958486255823746777&msr_no=8112&AttendanceDate=22/03/2026&Digest=EGC2Xvk9EOBP5pl8rvcV6A",8
"BASTI","KUDARAHA","HATHIYAVKALA","3153013054/RC/958486255823672224","7766","https://mnregaweb4.nic.in/nregaarch/View_NMMS_atten_date_dtl_rpt.aspx?page=&short_name=UP&state_name=UTTAR%20PRADESH&state_code=31&district_name=BASTI&district_code=3153&block_name=KUDARAHA&block_code=3153013&panchayat_name=HATHIYAVKALA&panchayat_code=3153013054&fin_year=2025-2026&source=&work_code=3153013054/RC/958486255823672224&msr_no=7766&AttendanceDate=22/03/2026&Digest=FuDmwTLNZ/RnvdxqK9SW4w",9
"BASTI","KUDARAHA","PAERMESHWARPUR","3153013056/AV/958486255824182484","8095","https://mnregaweb4.nic.in/nregaarch/View_NMMS_atten_date_dtl_rpt.aspx?page=&short_name=UP&state_name=UTTAR%20PRADESH&state_code=31&district_name=BASTI&district_code=3153&block_name=KUDARAHA&block_code=3153013&panchayat_name=PAERMESHWARPUR&panchayat_code=3153013056&fin_year=2025-2026&source=&work_code=3153013056/AV/958486255824182484&msr_no=8095&AttendanceDate=22/03/2026&Digest=VMiuydPeSa5w+Dly/okvuA",10
"BASTI","KUDARAHA","PAERMESHWARPUR","3153013056/RC/958486255823748250","8100","https://mnregaweb4.nic.in/nregaarch/View_NMMS_atten_date_dtl_rpt.aspx?page=&short_name=UP&state_name=UTTAR%20PRADESH&state_code=31&district_name=BASTI&district_code=3153&block_name=KUDARAHA&block_code=3153013&panchayat_name=PAERMESHWARPUR&panchayat_code=3153013056&fin_year=2025-2026&source=&work_code=3153013056/RC/958486255823748250&msr_no=8100&AttendanceDate=22/03/2026&Digest=O+uvS0TvEHTOXVF+XwHqcw",5
"BASTI","KUDARAHA","MANJHARIYA","3153013057/LD/958486255824945664","7653","https://mnregaweb4.nic.in/nregaarch/View_NMMS_atten_date_dtl_rpt.aspx?page=&short_name=UP&state_name=UTTAR%20PRADESH&state_code=31&district_name=BASTI&district_code=3153&block_name=KUDARAHA&block_code=3153013&panchayat_name=MANJHARIYA&panchayat_code=3153013057&fin_year=2025-2026&source=&work_code=3153013057/LD/958486255824945664&msr_no=7653&AttendanceDate=22/03/2026&Digest=pW2Qbs9p6HOHOtRiPf7bsQ",1
"BASTI","KUDARAHA","MANJHARIYA","3153013057/RC/958486255823656431","7550","https://mnregaweb4.nic.in/nregaarch/View_NMMS_atten_date_dtl_rpt.aspx?page=&short_name=UP&state_name=UTTAR%20PRADESH&state_code=31&district_name=BASTI&district_code=3153&block_name=KUDARAHA&block_code=3153013&panchayat_name=MANJHARIYA&panchayat_code=3153013057&fin_year=2025-2026&source=&work_code=3153013057/RC/958486255823656431&msr_no=7550&AttendanceDate=22/03/2026&Digest=QIBqA6ylzfgKWvuqYw40cg",6
"BASTI","KUDARAHA","JIBHIYAV","3153013062/RC/958486255823747134","7811","https://mnregaweb4.nic.in/nregaarch/View_NMMS_atten_date_dtl_rpt.aspx?page=&short_name=UP&state_name=UTTAR%20PRADESH&state_code=31&district_name=BASTI&district_code=3153&block_name=KUDARAHA&block_code=3153013&panchayat_name=JIBHIYAV&panchayat_code=3153013062&fin_year=2025-2026&source=&work_code=3153013062/RC/958486255823747134&msr_no=7811&AttendanceDate=22/03/2026&Digest=f96gBO7CLC3fjQqVKu9lqg",8
"BASTI","KUDARAHA","TENUA","3153013064/LD/958486255825009974","7568","https://mnregaweb4.nic.in/nregaarch/View_NMMS_atten_date_dtl_rpt.aspx?page=&short_name=UP&state_name=UTTAR%20PRADESH&state_code=31&district_name=BASTI&district_code=3153&block_name=KUDARAHA&block_code=3153013&panchayat_name=TENUA&panchayat_code=3153013064&fin_year=2025-2026&source=&work_code=3153013064/LD/958486255825009974&msr_no=7568&AttendanceDate=22/03/2026&Digest=GbocIfVyuMiOa/OtBLooug",10
"BASTI","KUDARAHA","TENUA","3153013064/LD/958486255825009974","7571","https://mnregaweb4.nic.in/nregaarch/View_NMMS_atten_date_dtl_rpt.aspx?page=&short_name=UP&state_name=UTTAR%20PRADESH&state_code=31&district_name=BASTI&district_code=3153&block_name=KUDARAHA&block_code=3153013&panchayat_name=TENUA&panchayat_code=3153013064&fin_year=2025-2026&source=&work_code=3153013064/LD/958486255825009974&msr_no=7571&AttendanceDate=22/03/2026&Digest=nSgJy69yH5rp/dvnX2Prog",10
"BASTI","KUDARAHA","TENUA","3153013064/RC/958486255823577848","7503","https://mnregaweb4.nic.in/nregaarch/View_NMMS_atten_date_dtl_rpt.aspx?page=&short_name=UP&state_name=UTTAR%20PRADESH&state_code=31&district_name=BASTI&district_code=3153&block_name=KUDARAHA&block_code=3153013&panchayat_name=TENUA&panchayat_code=3153013064&fin_year=2025-2026&source=&work_code=3153013064/RC/958486255823577848&msr_no=7503&AttendanceDate=22/03/2026&Digest=fLGfCD7EB3m2USBBxTA8AA",10
"BASTI","KUDARAHA","BAIRARA MUSTAHKAM","3153013065/RC/958486255823742474","7520","https://mnregaweb4.nic.in/nregaarch/View_NMMS_atten_date_dtl_rpt.aspx?page=&short_name=UP&state_name=UTTAR%20PRADESH&state_code=31&district_name=BASTI&district_code=3153&block_name=KUDARAHA&block_code=3153013&panchayat_name=BAIRARA%20MUSTAHKAM&panchayat_code=3153013065&fin_year=2025-2026&source=&work_code=3153013065/RC/958486255823742474&msr_no=7520&AttendanceDate=22/03/2026&Digest=QhMc1OgxUrpu00XuJN4ZLA",3
"BASTI","KUDARAHA","SISAI PANDIT","3153013068/IC/958486255823738393","7630","https://mnregaweb4.nic.in/nregaarch/View_NMMS_atten_date_dtl_rpt.aspx?page=&short_name=UP&state_name=UTTAR%20PRADESH&state_code=31&district_name=BASTI&district_code=3153&block_name=KUDARAHA&block_code=3153013&panchayat_name=SISAI%20PANDIT&panchayat_code=3153013068&fin_year=2025-2026&source=&work_code=3153013068/IC/958486255823738393&msr_no=7630&AttendanceDate=22/03/2026&Digest=Q0He86oTbYSl/WbevtCF6A",6
"BASTI","KUDARAHA","PIPARPATI EHATMALI","3153013071/RC/958486255823700979","7933","https://mnregaweb4.nic.in/nregaarch/View_NMMS_atten_date_dtl_rpt.aspx?page=&short_name=UP&state_name=UTTAR%20PRADESH&state_code=31&district_name=BASTI&district_code=3153&block_name=KUDARAHA&block_code=3153013&panchayat_name=PIPARPATI%20EHATMALI&panchayat_code=3153013071&fin_year=2025-2026&source=&work_code=3153013071/RC/958486255823700979&msr_no=7933&AttendanceDate=22/03/2026&Digest=l4/R1tUBpK0u7mL08s2ZDQ",10
"BASTI","KUDARAHA","PIPARPATI EHATMALI","3153013071/RC/958486255823700979","8014","https://mnregaweb4.nic.in/nregaarch/View_NMMS_atten_date_dtl_rpt.aspx?page=&short_name=UP&state_name=UTTAR%20PRADESH&state_code=31&district_name=BASTI&district_code=3153&block_name=KUDARAHA&block_code=3153013&panchayat_name=PIPARPATI%20EHATMALI&panchayat_code=3153013071&fin_year=2025-2026&source=&work_code=3153013071/RC/958486255823700979&msr_no=8014&AttendanceDate=22/03/2026&Digest=7Xi5mVY6xRlTPYbAGQ0bQA",10
"BASTI","KUDARAHA","PIPARPATI EHATMALI","3153013071/RC/958486255823700979","8017","https://mnregaweb4.nic.in/nregaarch/View_NMMS_atten_date_dtl_rpt.aspx?page=&short_name=UP&state_name=UTTAR%20PRADESH&state_code=31&district_name=BASTI&district_code=3153&block_name=KUDARAHA&block_code=3153013&panchayat_name=PIPARPATI%20EHATMALI&panchayat_code=3153013071&fin_year=2025-2026&source=&work_code=3153013071/RC/958486255823700979&msr_no=8017&AttendanceDate=22/03/2026&Digest=FeZ1LKMtnvwr0tBpxaHtSw",6
"BASTI","PARAS RAMPUR","KADSARA","3153001037/RC/958486255823696825","9279","https://mnregaweb4.nic.in/nregaarch/View_NMMS_atten_date_dtl_rpt.aspx?page=&short_name=UP&state_name=UTTAR%20PRADESH&state_code=31&district_name=BASTI&district_code=3153&block_name=PARAS%20RAMPUR&block_code=3153001&panchayat_name=KADSARA&panchayat_code=3153001037&fin_year=2025-2026&source=&work_code=3153001037/RC/958486255823696825&msr_no=9279&AttendanceDate=22/03/2026&Digest=G6fturpaaU+wNn9QJaEKmQ",1
"BASTI","PARAS RAMPUR","KISHUNPUR","3153001043/RC/958486255823728851","9561","https://mnregaweb4.nic.in/nregaarch/View_NMMS_atten_date_dtl_rpt.aspx?page=&short_name=UP&state_name=UTTAR%20PRADESH&state_code=31&district_name=BASTI&district_code=3153&block_name=PARAS%20RAMPUR&block_code=3153001&panchayat_name=KISHUNPUR&panchayat_code=3153001043&fin_year=2025-2026&source=&work_code=3153001043/RC/958486255823728851&msr_no=9561&AttendanceDate=22/03/2026&Digest=weKo7V3l8smIgQmRS+XSnw",9
"BASTI","PARAS RAMPUR","KISHUNPUR","3153001043/RC/958486255823728851","9564","https://mnregaweb4.nic.in/nregaarch/View_NMMS_atten_date_dtl_rpt.aspx?page=&short_name=UP&state_name=UTTAR%20PRADESH&state_code=31&district_name=BASTI&district_code=3153&block_name=PARAS%20RAMPUR&block_code=3153001&panchayat_name=KISHUNPUR&panchayat_code=3153001043&fin_year=2025-2026&source=&work_code=3153001043/RC/958486255823728851&msr_no=9564&AttendanceDate=22/03/2026&Digest=zk+Tt3ZnkEtl6uK/oCeRQw",7
"BASTI","PARAS RAMPUR","NAGPUR (KUVAR)","3153001054/LD/958486255824934307","9552","https://mnregaweb4.nic.in/nregaarch/View_NMMS_atten_date_dtl_rpt.aspx?page=&short_name=UP&state_name=UTTAR%20PRADESH&state_code=31&district_name=BASTI&district_code=3153&block_name=PARAS%20RAMPUR&block_code=3153001&panchayat_name=NAGPUR%20(KUVAR)&panchayat_code=3153001054&fin_year=2025-2026&source=&work_code=3153001054/LD/958486255824934307&msr_no=9552&AttendanceDate=22/03/2026&Digest=HxIm0KvtcgQuJywRT+hJ/w",6
"BASTI","PARAS RAMPUR","NAGPUR TIKAYT","3153001055/LD/958486255824641104","9458","https://mnregaweb4.nic.in/nregaarch/View_NMMS_atten_date_dtl_rpt.aspx?page=&short_name=UP&state_name=UTTAR%20PRADESH&state_code=31&district_name=BASTI&district_code=3153&block_name=PARAS%20RAMPUR&block_code=3153001&panchayat_name=NAGPUR%20TIKAYT&panchayat_code=3153001055&fin_year=2025-2026&source=&work_code=3153001055/LD/958486255824641104&msr_no=9458&AttendanceDate=22/03/2026&Digest=+Q2g4oigieo80S6/eYumdQ",2
"BASTI","PARAS RAMPUR","NANADNAGAR","3153001056/LD/958486255824933008","9277","https://mnregaweb4.nic.in/nregaarch/View_NMMS_atten_date_dtl_rpt.aspx?page=&short_name=UP&state_name=UTTAR%20PRADESH&state_code=31&district_name=BASTI&district_code=3153&block_name=PARAS%20RAMPUR&block_code=3153001&panchayat_name=NANADNAGAR&panchayat_code=3153001056&fin_year=2025-2026&source=&work_code=3153001056/LD/958486255824933008&msr_no=9277&AttendanceDate=22/03/2026&Digest=JdZduKtWAyFZPGdrSOdU1w",7
"BASTI","PARAS RAMPUR","PADARI BABU","3153001062/RC/958486255823721426","9393","https://mnregaweb4.nic.in/nregaarch/View_NMMS_atten_date_dtl_rpt.aspx?page=&short_name=UP&state_name=UTTAR%20PRADESH&state_code=31&district_name=BASTI&district_code=3153&block_name=PARAS%20RAMPUR&block_code=3153001&panchayat_name=PADARI%20BABU&panchayat_code=3153001062&fin_year=2025-2026&source=&work_code=3153001062/RC/958486255823721426&msr_no=9393&AttendanceDate=22/03/2026&Digest=v+CGLKARDO6zBdjX6nH9AQ",9
"BASTI","PARAS RAMPUR","PADARI BABU","3153001062/RC/958486255823743928","9395","https://mnregaweb4.nic.in/nregaarch/View_NMMS_atten_date_dtl_rpt.aspx?page=&short_name=UP&state_name=UTTAR%20PRADESH&state_code=31&district_name=BASTI&district_code=3153&block_name=PARAS%20RAMPUR&block_code=3153001&panchayat_name=PADARI%20BABU&panchayat_code=3153001062&fin_year=2025-2026&source=&work_code=3153001062/RC/958486255823743928&msr_no=9395&AttendanceDate=22/03/2026&Digest=3TxxQQUVDirxullrUh+vgA",9
"BASTI","PARAS RAMPUR","RAGHUPUR","3153001067/IC/958486255823741774","9273","https://mnregaweb4.nic.in/nregaarch/View_NMMS_atten_date_dtl_rpt.aspx?page=&short_name=UP&state_name=UTTAR%20PRADESH&state_code=31&district_name=BASTI&district_code=3153&block_name=PARAS%20RAMPUR&block_code=3153001&panchayat_name=RAGHUPUR&panchayat_code=3153001067&fin_year=2025-2026&source=&work_code=3153001067/IC/958486255823741774&msr_no=9273&AttendanceDate=22/03/2026&Digest=GNVzDkIUZBxJBPlS1MXUUA",4
"BASTI","PARAS RAMPUR","RAGHVAPUR","3153001068/LD/958486255824935221","9266","https://mnregaweb4.nic.in/nregaarch/View_NMMS_atten_date_dtl_rpt.aspx?page=&short_name=UP&state_name=UTTAR%20PRADESH&state_code=31&district_name=BASTI&district_code=3153&block_name=PARAS%20RAMPUR&block_code=3153001&panchayat_name=RAGHVAPUR&panchayat_code=3153001068&fin_year=2025-2026&source=&work_code=3153001068/LD/958486255824935221&msr_no=9266&AttendanceDate=22/03/2026&Digest=zTAAWwq+NK7AFcbapf0lbg",10
"BASTI","PARAS RAMPUR","SIRSAHAWA","3153001076/RC/958486255823745716","9534","https://mnregaweb4.nic.in/nregaarch/View_NMMS_atten_date_dtl_rpt.aspx?page=&short_name=UP&state_name=UTTAR%20PRADESH&state_code=31&district_name=BASTI&district_code=3153&block_name=PARAS%20RAMPUR&block_code=3153001&panchayat_name=SIRSAHAWA&panchayat_code=3153001076&fin_year=2025-2026&source=&work_code=3153001076/RC/958486255823745716&msr_no=9534&AttendanceDate=22/03/2026&Digest=oP/bTn6afkZy0gscDPD3mg",10
"BASTI","PARAS RAMPUR","UJJAINI","3153001081/RC/958486255823729710","9197","https://mnregaweb4.nic.in/nregaarch/View_NMMS_atten_date_dtl_rpt.aspx?page=&short_name=UP&state_name=UTTAR%20PRADESH&state_code=31&district_name=BASTI&district_code=3153&block_name=PARAS%20RAMPUR&block_code=3153001&panchayat_name=UJJAINI&panchayat_code=3153001081&fin_year=2025-2026&source=&work_code=3153001081/RC/958486255823729710&msr_no=9197&AttendanceDate=22/03/2026&Digest=ji+ULE2Uby0ZeWBdcO8k1A",9
"BASTI","PARAS RAMPUR","DHOSHAR MISHRA","3153001085/LD/958486255824966588","9452","https://mnregaweb4.nic.in/nregaarch/View_NMMS_atten_date_dtl_rpt.aspx?page=&short_name=UP&state_name=UTTAR%20PRADESH&state_code=31&district_name=BASTI&district_code=3153&block_name=PARAS%20RAMPUR&block_code=3153001&panchayat_name=DHOSHAR%20MISHRA&panchayat_code=3153001085&fin_year=2025-2026&source=&work_code=3153001085/LD/958486255824966588&msr_no=9452&AttendanceDate=22/03/2026&Digest=b86TYoRjRJwMjyTPIFz6kg",10
"BASTI","PARAS RAMPUR","DHOSHAR MISHRA","3153001085/LD/958486255824966588","9455","https://mnregaweb4.nic.in/nregaarch/View_NMMS_atten_date_dtl_rpt.aspx?page=&short_name=UP&state_name=UTTAR%20PRADESH&state_code=31&district_name=BASTI&district_code=3153&block_name=PARAS%20RAMPUR&block_code=3153001&panchayat_name=DHOSHAR%20MISHRA&panchayat_code=3153001085&fin_year=2025-2026&source=&work_code=3153001085/LD/958486255824966588&msr_no=9455&AttendanceDate=22/03/2026&Digest=Qo3fz4dr0S8J2Kcd/HDFyA",8
"BASTI","PARAS RAMPUR","BILARI BHITI","3153001092/LD/958486255824949574","9195","https://mnregaweb4.nic.in/nregaarch/View_NMMS_atten_date_dtl_rpt.aspx?page=&short_name=UP&state_name=UTTAR%20PRADESH&state_code=31&district_name=BASTI&district_code=3153&block_name=PARAS%20RAMPUR&block_code=3153001&panchayat_name=BILARI%20BHITI&panchayat_code=3153001092&fin_year=2025-2026&source=&work_code=3153001092/LD/958486255824949574&msr_no=9195&AttendanceDate=22/03/2026&Digest=nrQS742SC3bZYtTcuEJpDg",7
"BASTI","PARAS RAMPUR","PITUDA","3153001093/LD/958486255824888940","9306","https://mnregaweb4.nic.in/nregaarch/View_NMMS_atten_date_dtl_rpt.aspx?page=&short_name=UP&state_name=UTTAR%20PRADESH&state_code=31&district_name=BASTI&district_code=3153&block_name=PARAS%20RAMPUR&block_code=3153001&panchayat_name=PITUDA&panchayat_code=3153001093&fin_year=2025-2026&source=&work_code=3153001093/LD/958486255824888940&msr_no=9306&AttendanceDate=22/03/2026&Digest=l9gYmUGaB9VT7+Zl35a2uA",7
"BASTI","PARAS RAMPUR","RAMPUR NAV NIDHI RAI","3153001096/LD/958486255824671641","9618","https://mnregaweb4.nic.in/nregaarch/View_NMMS_atten_date_dtl_rpt.aspx?page=&short_name=UP&state_name=UTTAR%20PRADESH&state_code=31&district_name=BASTI&district_code=3153&block_name=PARAS%20RAMPUR&block_code=3153001&panchayat_name=RAMPUR%20NAV%20NIDHI%20RAI&panchayat_code=3153001096&fin_year=2025-2026&source=&work_code=3153001096/LD/958486255824671641&msr_no=9618&AttendanceDate=22/03/2026&Digest=IwPV6ik1YRucs9hUYLgE8Q",10
"BASTI","PARAS RAMPUR","JAMOLIYA PANDEY","3153001102/RC/958486255823726351","9528","https://mnregaweb4.nic.in/nregaarch/View_NMMS_atten_date_dtl_rpt.aspx?page=&short_name=UP&state_name=UTTAR%20PRADESH&state_code=31&district_name=BASTI&district_code=3153&block_name=PARAS%20RAMPUR&block_code=3153001&panchayat_name=JAMOLIYA%20PANDEY&panchayat_code=3153001102&fin_year=2025-2026&source=&work_code=3153001102/RC/958486255823726351&msr_no=9528&AttendanceDate=22/03/2026&Digest=vC90LTuce3luZfUfEzk5xg",10
"BASTI","PARAS RAMPUR","LACHHIPUR","3153001106/LD/958486255824900960","9290","https://mnregaweb4.nic.in/nregaarch/View_NMMS_atten_date_dtl_rpt.aspx?page=&short_name=UP&state_name=UTTAR%20PRADESH&state_code=31&district_name=BASTI&district_code=3153&block_name=PARAS%20RAMPUR&block_code=3153001&panchayat_name=LACHHIPUR&panchayat_code=3153001106&fin_year=2025-2026&source=&work_code=3153001106/LD/958486255824900960&msr_no=9290&AttendanceDate=22/03/2026&Digest=XEhDXwfin4HpRboBI1UrHg",10
"BASTI","PARAS RAMPUR","LACHHIPUR","3153001106/LD/958486255824901004","9294","https://mnregaweb4.nic.in/nregaarch/View_NMMS_atten_date_dtl_rpt.aspx?page=&short_name=UP&state_name=UTTAR%20PRADESH&state_code=31&district_name=BASTI&district_code=3153&block_name=PARAS%20RAMPUR&block_code=3153001&panchayat_name=LACHHIPUR&panchayat_code=3153001106&fin_year=2025-2026&source=&work_code=3153001106/LD/958486255824901004&msr_no=9294&AttendanceDate=22/03/2026&Digest=QDuHlz7cM295ELfF9buqsg",7
"BASTI","PARAS RAMPUR","LACHHIPUR","3153001106/WC/958486255824214723","9516","https://mnregaweb4.nic.in/nregaarch/View_NMMS_atten_date_dtl_rpt.aspx?page=&short_name=UP&state_name=UTTAR%20PRADESH&state_code=31&district_name=BASTI&district_code=3153&block_name=PARAS%20RAMPUR&block_code=3153001&panchayat_name=LACHHIPUR&panchayat_code=3153001106&fin_year=2025-2026&source=&work_code=3153001106/WC/958486255824214723&msr_no=9516&AttendanceDate=22/03/2026&Digest=LIi7AZ3LMwuVUj34GOtoOA",10
"BASTI","RAMNAGAR","AHIRAULA","3153006002/RC/958486255823713516","6145","https://mnregaweb4.nic.in/nregaarch/View_NMMS_atten_date_dtl_rpt.aspx?page=&short_name=UP&state_name=UTTAR%20PRADESH&state_code=31&district_name=BASTI&district_code=3153&block_name=RAMNAGAR&block_code=3153006&panchayat_name=AHIRAULA&panchayat_code=3153006002&fin_year=2025-2026&source=&work_code=3153006002/RC/958486255823713516&msr_no=6145&AttendanceDate=22/03/2026&Digest=EwJwB6NWQ18ffSd54o+aeQ",5
"BASTI","RAMNAGAR","BEILI","3153006014/RC/958486255823749832","6112","https://mnregaweb4.nic.in/nregaarch/View_NMMS_atten_date_dtl_rpt.aspx?page=&short_name=UP&state_name=UTTAR%20PRADESH&state_code=31&district_name=BASTI&district_code=3153&block_name=RAMNAGAR&block_code=3153006&panchayat_name=BEILI&panchayat_code=3153006014&fin_year=2025-2026&source=&work_code=3153006014/RC/958486255823749832&msr_no=6112&AttendanceDate=22/03/2026&Digest=JU+koCQgta8iWjlyam6XBg",5
"BASTI","RAMNAGAR","MAJHARI BAZAR","3153006042/RC/958486255823749133","5995","https://mnregaweb4.nic.in/nregaarch/View_NMMS_atten_date_dtl_rpt.aspx?page=&short_name=UP&state_name=UTTAR%20PRADESH&state_code=31&district_name=BASTI&district_code=3153&block_name=RAMNAGAR&block_code=3153006&panchayat_name=MAJHARI%20BAZAR&panchayat_code=3153006042&fin_year=2025-2026&source=&work_code=3153006042/RC/958486255823749133&msr_no=5995&AttendanceDate=22/03/2026&Digest=FsitmWvL+3jhiOe1ywpE1w",5
"BASTI","RAMNAGAR","MANJHARI","3153006052/AV/958486255824157779","6027","https://mnregaweb4.nic.in/nregaarch/View_NMMS_atten_date_dtl_rpt.aspx?page=&short_name=UP&state_name=UTTAR%20PRADESH&state_code=31&district_name=BASTI&district_code=3153&block_name=RAMNAGAR&block_code=3153006&panchayat_name=MANJHARI&panchayat_code=3153006045&fin_year=2025-2026&source=&work_code=3153006052/AV/958486255824157779&msr_no=6027&AttendanceDate=22/03/2026&Digest=k+X9mL4NCHILUHVsyV/RVw",5
"BASTI","RAMNAGAR","IBRAHIMCHAK SEKHAPUR","3153006071/RC/958486255823721459","6072","https://mnregaweb4.nic.in/nregaarch/View_NMMS_atten_date_dtl_rpt.aspx?page=&short_name=UP&state_name=UTTAR%20PRADESH&state_code=31&district_name=BASTI&district_code=3153&block_name=RAMNAGAR&block_code=3153006&panchayat_name=IBRAHIMCHAK%20SEKHAPUR&panchayat_code=3153006071&fin_year=2025-2026&source=&work_code=3153006071/RC/958486255823721459&msr_no=6072&AttendanceDate=22/03/2026&Digest=zDpvU2n+GcqvT7KOxtcIAg",4
"BASTI","RAMNAGAR","KOLHUIEE","3153006076/RC/958486255823750755","6106","https://mnregaweb4.nic.in/nregaarch/View_NMMS_atten_date_dtl_rpt.aspx?page=&short_name=UP&state_name=UTTAR%20PRADESH&state_code=31&district_name=BASTI&district_code=3153&block_name=RAMNAGAR&block_code=3153006&panchayat_name=KOLHUIEE&panchayat_code=3153006076&fin_year=2025-2026&source=&work_code=3153006076/RC/958486255823750755&msr_no=6106&AttendanceDate=22/03/2026&Digest=q7c0Zo5vM0nNDFHEOTvFgA",3
"BASTI","RAMNAGAR","MAILANI URF HINDU NAGAR","3153006079/RC/958486255823731816","6074","https://mnregaweb4.nic.in/nregaarch/View_NMMS_atten_date_dtl_rpt.aspx?page=&short_name=UP&state_name=UTTAR%20PRADESH&state_code=31&district_name=BASTI&district_code=3153&block_name=RAMNAGAR&block_code=3153006&panchayat_name=MAILANI%20URF%20HINDU%20NAGAR&panchayat_code=3153006079&fin_year=2025-2026&source=&work_code=3153006079/RC/958486255823731816&msr_no=6074&AttendanceDate=22/03/2026&Digest=EhuOA4SaLdOvMo/D5laSNg",3
"BASTI","RAMNAGAR","TURKAULIYA RAI","3153006087/AV/958486255824148448","6116","https://mnregaweb4.nic.in/nregaarch/View_NMMS_atten_date_dtl_rpt.aspx?page=&short_name=UP&state_name=UTTAR%20PRADESH&state_code=31&district_name=BASTI&district_code=3153&block_name=RAMNAGAR&block_code=3153006&panchayat_name=TURKAULIYA%20RAI&panchayat_code=3153006087&fin_year=2025-2026&source=&work_code=3153006087/AV/958486255824148448&msr_no=6116&AttendanceDate=22/03/2026&Digest=TCcHzCqLaQU2W4Y5J2b51Q",6
"BASTI","RUDAULI","AAMWARI","3153008001/WH/958486255824013035","5985","https://mnregaweb4.nic.in/nregaarch/View_NMMS_atten_date_dtl_rpt.aspx?page=&short_name=UP&state_name=UTTAR%20PRADESH&state_code=31&district_name=BASTI&district_code=3153&block_name=RUDAULI&block_code=3153008&panchayat_name=AAMWARI&panchayat_code=3153008001&fin_year=2025-2026&source=&work_code=3153008001/WH/958486255824013035&msr_no=5985&AttendanceDate=22/03/2026&Digest=rCrn7Te/q7VIed7XRWxp8Q",1
"BASTI","RUDAULI","BABHANI MISHR","3153008005/RC/958486255823749295","6131","https://mnregaweb4.nic.in/nregaarch/View_NMMS_atten_date_dtl_rpt.aspx?page=&short_name=UP&state_name=UTTAR%20PRADESH&state_code=31&district_name=BASTI&district_code=3153&block_name=RUDAULI&block_code=3153008&panchayat_name=BABHANI%20MISHR&panchayat_code=3153008005&fin_year=2025-2026&source=&work_code=3153008005/RC/958486255823749295&msr_no=6131&AttendanceDate=22/03/2026&Digest=E/VrwXzDBKHDJ9oh8zOFtw",3
"BASTI","RUDAULI","BHITEHARA","3153008013/RC/958486255823702975","6001","https://mnregaweb4.nic.in/nregaarch/View_NMMS_atten_date_dtl_rpt.aspx?page=&short_name=UP&state_name=UTTAR%20PRADESH&state_code=31&district_name=BASTI&district_code=3153&block_name=RUDAULI&block_code=3153008&panchayat_name=BHITEHARA&panchayat_code=3153008013&fin_year=2025-2026&source=&work_code=3153008013/RC/958486255823702975&msr_no=6001&AttendanceDate=22/03/2026&Digest=Tq52v8BddOJywVHl1S5tdA",10
"BASTI","RUDAULI","BHITEHARA","3153008013/RC/958486255823743223","6106","https://mnregaweb4.nic.in/nregaarch/View_NMMS_atten_date_dtl_rpt.aspx?page=&short_name=UP&state_name=UTTAR%20PRADESH&state_code=31&district_name=BASTI&district_code=3153&block_name=RUDAULI&block_code=3153008&panchayat_name=BHITEHARA&panchayat_code=3153008013&fin_year=2025-2026&source=&work_code=3153008013/RC/958486255823743223&msr_no=6106&AttendanceDate=22/03/2026&Digest=iPRnjC9FiD2SKLfy1GQNpw",6
"BASTI","RUDAULI","CHHATRIYA","3153008018/RC/958486255823690413","6154","https://mnregaweb4.nic.in/nregaarch/View_NMMS_atten_date_dtl_rpt.aspx?page=&short_name=UP&state_name=UTTAR%20PRADESH&state_code=31&district_name=BASTI&district_code=3153&block_name=RUDAULI&block_code=3153008&panchayat_name=CHHATRIYA&panchayat_code=3153008018&fin_year=2025-2026&source=&work_code=3153008018/RC/958486255823690413&msr_no=6154&AttendanceDate=22/03/2026&Digest=cVVkyVWxSA/ntK4TUpbIWQ",2
"BASTI","RUDAULI","DADWA TIWARI","3153008020/RC/958486255823740212","6181","https://mnregaweb4.nic.in/nregaarch/View_NMMS_atten_date_dtl_rpt.aspx?page=&short_name=UP&state_name=UTTAR%20PRADESH&state_code=31&district_name=BASTI&district_code=3153&block_name=RUDAULI&block_code=3153008&panchayat_name=DADWA%20TIWARI&panchayat_code=3153008020&fin_year=2025-2026&source=&work_code=3153008020/RC/958486255823740212&msr_no=6181&AttendanceDate=22/03/2026&Digest=AYe/bdWA4ktfRSqFZMon5w",7
"BASTI","RUDAULI","DEURA","3153008021/WC/958486255824248021","6048","https://mnregaweb4.nic.in/nregaarch/View_NMMS_atten_date_dtl_rpt.aspx?page=&short_name=UP&state_name=UTTAR%20PRADESH&state_code=31&district_name=BASTI&district_code=3153&block_name=RUDAULI&block_code=3153008&panchayat_name=DEURA&panchayat_code=3153008021&fin_year=2025-2026&source=&work_code=3153008021/WC/958486255824248021&msr_no=6048&AttendanceDate=22/03/2026&Digest=jaNdJynz0d6Yw9z1Uc/BzA",4
"BASTI","RUDAULI","DUMARI","3153008024/WC/958486255824220837","6143","https://mnregaweb4.nic.in/nregaarch/View_NMMS_atten_date_dtl_rpt.aspx?page=&short_name=UP&state_name=UTTAR%20PRADESH&state_code=31&district_name=BASTI&district_code=3153&block_name=RUDAULI&block_code=3153008&panchayat_name=DUMARI&panchayat_code=3153008024&fin_year=2025-2026&source=&work_code=3153008024/WC/958486255824220837&msr_no=6143&AttendanceDate=22/03/2026&Digest=ycbAL52IXCLp0lp2by+P7w",2
"BASTI","RUDAULI","HANUMAN GANG","3153008029/RC/958486255823732922","5913","https://mnregaweb4.nic.in/nregaarch/View_NMMS_atten_date_dtl_rpt.aspx?page=&short_name=UP&state_name=UTTAR%20PRADESH&state_code=31&district_name=BASTI&district_code=3153&block_name=RUDAULI&block_code=3153008&panchayat_name=HANUMAN%20GANG&panchayat_code=3153008029&fin_year=2025-2026&source=&work_code=3153008029/RC/958486255823732922&msr_no=5913&AttendanceDate=22/03/2026&Digest=7c/Pz6xrUAxv/BEusM7fiw",7
"BASTI","RUDAULI","KHAMBHA","3153008037/RC/958486255823736388","6032","https://mnregaweb4.nic.in/nregaarch/View_NMMS_atten_date_dtl_rpt.aspx?page=&short_name=UP&state_name=UTTAR%20PRADESH&state_code=31&district_name=BASTI&district_code=3153&block_name=RUDAULI&block_code=3153008&panchayat_name=KHAMBHA&panchayat_code=3153008037&fin_year=2025-2026&source=&work_code=3153008037/RC/958486255823736388&msr_no=6032&AttendanceDate=22/03/2026&Digest=hbBSiX5orN047d6S/7pndg",5
"BASTI","KUDARAHA","MANJHARIYA","3153013057/RC/958486255823656451","7547","https://mnregaweb4.nic.in/nregaarch/View_NMMS_atten_date_dtl_rpt.aspx?page=&short_name=UP&state_name=UTTAR%20PRADESH&state_code=31&district_name=BASTI&district_code=3153&block_name=KUDARAHA&block_code=3153013&panchayat_name=MANJHARIYA&panchayat_code=3153013057&fin_year=2025-2026&source=&work_code=3153013057/RC/958486255823656451&msr_no=7547&AttendanceDate=22/03/2026&Digest=18PeJ+8bE6Refwl2tllehw",10
"BASTI","KUDARAHA","BAANPUR","3153013059/RC/958486255823694008","7706","https://mnregaweb4.nic.in/nregaarch/View_NMMS_atten_date_dtl_rpt.aspx?page=&short_name=UP&state_name=UTTAR%20PRADESH&state_code=31&district_name=BASTI&district_code=3153&block_name=KUDARAHA&block_code=3153013&panchayat_name=BAANPUR&panchayat_code=3153013059&fin_year=2025-2026&source=&work_code=3153013059/RC/958486255823694008&msr_no=7706&AttendanceDate=22/03/2026&Digest=9q3TTflcOzD2dBPtJSKvHQ",10
"BASTI","KUDARAHA","DIHUKPURA","3153013060/RC/958486255823750157","8092","https://mnregaweb4.nic.in/nregaarch/View_NMMS_atten_date_dtl_rpt.aspx?page=&short_name=UP&state_name=UTTAR%20PRADESH&state_code=31&district_name=BASTI&district_code=3153&block_name=KUDARAHA&block_code=3153013&panchayat_name=DIHUKPURA&panchayat_code=3153013060&fin_year=2025-2026&source=&work_code=3153013060/RC/958486255823750157&msr_no=8092&AttendanceDate=22/03/2026&Digest=nYnAWoNjCGvbUOIiVM2ckg",2
"BASTI","KUDARAHA","TENUA","3153013064/LD/958486255825009974","7569","https://mnregaweb4.nic.in/nregaarch/View_NMMS_atten_date_dtl_rpt.aspx?page=&short_name=UP&state_name=UTTAR%20PRADESH&state_code=31&district_name=BASTI&district_code=3153&block_name=KUDARAHA&block_code=3153013&panchayat_name=TENUA&panchayat_code=3153013064&fin_year=2025-2026&source=&work_code=3153013064/LD/958486255825009974&msr_no=7569&AttendanceDate=22/03/2026&Digest=TePcUL0gZMUtzUfhbedgCA",9
"BASTI","KUDARAHA","TENUA","3153013064/LD/958486255825009975","7563","https://mnregaweb4.nic.in/nregaarch/View_NMMS_atten_date_dtl_rpt.aspx?page=&short_name=UP&state_name=UTTAR%20PRADESH&state_code=31&district_name=BASTI&district_code=3153&block_name=KUDARAHA&block_code=3153013&panchayat_name=TENUA&panchayat_code=3153013064&fin_year=2025-2026&source=&work_code=3153013064/LD/958486255825009975&msr_no=7563&AttendanceDate=22/03/2026&Digest=1e8w6mr2AAh/sS8Al3fqsg",10
"BASTI","KUDARAHA","TENUA","3153013064/LD/958486255825009975","7566","https://mnregaweb4.nic.in/nregaarch/View_NMMS_atten_date_dtl_rpt.aspx?page=&short_name=UP&state_name=UTTAR%20PRADESH&state_code=31&district_name=BASTI&district_code=3153&block_name=KUDARAHA&block_code=3153013&panchayat_name=TENUA&panchayat_code=3153013064&fin_year=2025-2026&source=&work_code=3153013064/LD/958486255825009975&msr_no=7566&AttendanceDate=22/03/2026&Digest=DQFAQ35aBfjYwf6cLjr6CQ",10
"BASTI","KUDARAHA","BAIRARA MUSTAHKAM","3153013065/RC/958486255823747327","7474","https://mnregaweb4.nic.in/nregaarch/View_NMMS_atten_date_dtl_rpt.aspx?page=&short_name=UP&state_name=UTTAR%20PRADESH&state_code=31&district_name=BASTI&district_code=3153&block_name=KUDARAHA&block_code=3153013&panchayat_name=BAIRARA%20MUSTAHKAM&panchayat_code=3153013065&fin_year=2025-2026&source=&work_code=3153013065/RC/958486255823747327&msr_no=7474&AttendanceDate=22/03/2026&Digest=mpmhyJH6lIf4uUpDPoWnpg",8
"BASTI","KUDARAHA","SISAI PANDIT","3153013068/RC/958486255823751403","8108","https://mnregaweb4.nic.in/nregaarch/View_NMMS_atten_date_dtl_rpt.aspx?page=&short_name=UP&state_name=UTTAR%20PRADESH&state_code=31&district_name=BASTI&district_code=3153&block_name=KUDARAHA&block_code=3153013&panchayat_name=SISAI%20PANDIT&panchayat_code=3153013068&fin_year=2025-2026&source=&work_code=3153013068/RC/958486255823751403&msr_no=8108&AttendanceDate=22/03/2026&Digest=rTu7EFPA4O2Bkz0IaRYu/g",9
"BASTI","KUDARAHA","PIPARPATI EHATMALI","3153013071/RC/958486255823700979","7932","https://mnregaweb4.nic.in/nregaarch/View_NMMS_atten_date_dtl_rpt.aspx?page=&short_name=UP&state_name=UTTAR%20PRADESH&state_code=31&district_name=BASTI&district_code=3153&block_name=KUDARAHA&block_code=3153013&panchayat_name=PIPARPATI%20EHATMALI&panchayat_code=3153013071&fin_year=2025-2026&source=&work_code=3153013071/RC/958486255823700979&msr_no=7932&AttendanceDate=22/03/2026&Digest=omoJZEpUgG+HCaIpII4C0A",10
"BASTI","KUDARAHA","PIPARPATI EHATMALI","3153013071/RC/958486255823700979","7935","https://mnregaweb4.nic.in/nregaarch/View_NMMS_atten_date_dtl_rpt.aspx?page=&short_name=UP&state_name=UTTAR%20PRADESH&state_code=31&district_name=BASTI&district_code=3153&block_name=KUDARAHA&block_code=3153013&panchayat_name=PIPARPATI%20EHATMALI&panchayat_code=3153013071&fin_year=2025-2026&source=&work_code=3153013071/RC/958486255823700979&msr_no=7935&AttendanceDate=22/03/2026&Digest=1x/cRH+zY/3IWT53D8Wyhg",9
"BASTI","KUDARAHA","PIPARPATI EHATMALI","3153013071/RC/958486255823746233","7797","https://mnregaweb4.nic.in/nregaarch/View_NMMS_atten_date_dtl_rpt.aspx?page=&short_name=UP&state_name=UTTAR%20PRADESH&state_code=31&district_name=BASTI&district_code=3153&block_name=KUDARAHA&block_code=3153013&panchayat_name=PIPARPATI%20EHATMALI&panchayat_code=3153013071&fin_year=2025-2026&source=&work_code=3153013071/RC/958486255823746233&msr_no=7797&AttendanceDate=22/03/2026&Digest=pHxjHvqu1XKiREO8EtqVjQ",5
"BASTI","KUDARAHA","PIPARPATI EHATMALI","3153013071/RC/958486255823751618","8136","https://mnregaweb4.nic.in/nregaarch/View_NMMS_atten_date_dtl_rpt.aspx?page=&short_name=UP&state_name=UTTAR%20PRADESH&state_code=31&district_name=BASTI&district_code=3153&block_name=KUDARAHA&block_code=3153013&panchayat_name=PIPARPATI%20EHATMALI&panchayat_code=3153013071&fin_year=2025-2026&source=&work_code=3153013071/RC/958486255823751618&msr_no=8136&AttendanceDate=22/03/2026&Digest=j8RxcGiWUsBs8HhvgftC3Q",10
"BASTI","KUDARAHA","VISHENPUR","3153013073/LD/958486255824854652","7907","https://mnregaweb4.nic.in/nregaarch/View_NMMS_atten_date_dtl_rpt.aspx?page=&short_name=UP&state_name=UTTAR%20PRADESH&state_code=31&district_name=BASTI&district_code=3153&block_name=KUDARAHA&block_code=3153013&panchayat_name=VISHENPUR&panchayat_code=3153013073&fin_year=2025-2026&source=&work_code=3153013073/LD/958486255824854652&msr_no=7907&AttendanceDate=22/03/2026&Digest=pcm3UVNBZiucV9knP9nQPw",5
"BASTI","KUDARAHA","HARKHAILIYA URF MATIYARIA","3153013074/RC/YD/958486255823746860","7878","https://mnregaweb4.nic.in/nregaarch/View_NMMS_atten_date_dtl_rpt.aspx?page=&short_name=UP&state_name=UTTAR%20PRADESH&state_code=31&district_name=BASTI&district_code=3153&block_name=KUDARAHA&block_code=3153013&panchayat_name=HARKHAILIYA%20URF%20MATIYARIA&panchayat_code=3153013074&fin_year=2025-2026&source=&work_code=3153013074/RC/YD/958486255823746860&msr_no=7878&AttendanceDate=22/03/2026&Digest=S9faBY4P/kS10Upo8b8/8Q",10
"BASTI","KUDARAHA","HARKHAILIYA URF MATIYARIA","3153013074/RC/YD/958486255823746860","7881","https://mnregaweb4.nic.in/nregaarch/View_NMMS_atten_date_dtl_rpt.aspx?page=&short_name=UP&state_name=UTTAR%20PRADESH&state_code=31&district_name=BASTI&district_code=3153&block_name=KUDARAHA&block_code=3153013&panchayat_name=HARKHAILIYA%20URF%20MATIYARIA&panchayat_code=3153013074&fin_year=2025-2026&source=&work_code=3153013074/RC/YD/958486255823746860&msr_no=7881&AttendanceDate=22/03/2026&Digest=TQSgsnTtCRdpfd2feI3EQg",10
"BASTI","KUDARAHA","HARKHAILIYA URF MATIYARIA","3153013074/RC/YD/958486255823746903","7640","https://mnregaweb4.nic.in/nregaarch/View_NMMS_atten_date_dtl_rpt.aspx?page=&short_name=UP&state_name=UTTAR%20PRADESH&state_code=31&district_name=BASTI&district_code=3153&block_name=KUDARAHA&block_code=3153013&panchayat_name=HARKHAILIYA%20URF%20MATIYARIA&panchayat_code=3153013074&fin_year=2025-2026&source=&work_code=3153013074/RC/YD/958486255823746903&msr_no=7640&AttendanceDate=22/03/2026&Digest=hCLOKibGbcb07UKZzh5dGA",10
"BASTI","KUDARAHA","DAIJI","3153013078/LD/958486255824702897","8051","https://mnregaweb4.nic.in/nregaarch/View_NMMS_atten_date_dtl_rpt.aspx?page=&short_name=UP&state_name=UTTAR%20PRADESH&state_code=31&district_name=BASTI&district_code=3153&block_name=KUDARAHA&block_code=3153013&panchayat_name=DAIJI&panchayat_code=3153013078&fin_year=2025-2026&source=&work_code=3153013078/LD/958486255824702897&msr_no=8051&AttendanceDate=22/03/2026&Digest=hY1fnYxEbWfJs79BplqAJQ",10
"BASTI","PARAS RAMPUR","AMAULI","3153001003/RC/958486255823709358","9243","https://mnregaweb4.nic.in/nregaarch/View_NMMS_atten_date_dtl_rpt.aspx?page=&short_name=UP&state_name=UTTAR%20PRADESH&state_code=31&district_name=BASTI&district_code=3153&block_name=PARAS%20RAMPUR&block_code=3153001&panchayat_name=AMAULI&panchayat_code=3153001003&fin_year=2025-2026&source=&work_code=3153001003/RC/958486255823709358&msr_no=9243&AttendanceDate=22/03/2026&Digest=O8k8ETyXvDN8PSYQruUoXA",5
"BASTI","PARAS RAMPUR","BHAISAHAWA","3153001011/RC/958486255823728168","9380","https://mnregaweb4.nic.in/nregaarch/View_NMMS_atten_date_dtl_rpt.aspx?page=&short_name=UP&state_name=UTTAR%20PRADESH&state_code=31&district_name=BASTI&district_code=3153&block_name=PARAS%20RAMPUR&block_code=3153001&panchayat_name=BHAISAHAWA&panchayat_code=3153001011&fin_year=2025-2026&source=&work_code=3153001011/RC/958486255823728168&msr_no=9380&AttendanceDate=22/03/2026&Digest=vwFzAkNoc+g2vbQ2tIFb3g",8
"BASTI","PARAS RAMPUR","BICHHIYA MISHRA","3153001013/RC/958486255823699327","9557","https://mnregaweb4.nic.in/nregaarch/View_NMMS_atten_date_dtl_rpt.aspx?page=&short_name=UP&state_name=UTTAR%20PRADESH&state_code=31&district_name=BASTI&district_code=3153&block_name=PARAS%20RAMPUR&block_code=3153001&panchayat_name=BICHHIYA%20MISHRA&panchayat_code=3153001013&fin_year=2025-2026&source=&work_code=3153001013/RC/958486255823699327&msr_no=9557&AttendanceDate=22/03/2026&Digest=zzaevcqd2n6GXU/RuD3yDA",7
"BASTI","PARAS RAMPUR","CHAORI","3153001015/LD/958486255825005262","9373","https://mnregaweb4.nic.in/nregaarch/View_NMMS_atten_date_dtl_rpt.aspx?page=&short_name=UP&state_name=UTTAR%20PRADESH&state_code=31&district_name=BASTI&district_code=3153&block_name=PARAS%20RAMPUR&block_code=3153001&panchayat_name=CHAORI&panchayat_code=3153001015&fin_year=2025-2026&source=&work_code=3153001015/LD/958486255825005262&msr_no=9373&AttendanceDate=22/03/2026&Digest=TEsiZdqCaXU0cmJkjbuy/A",10
"BASTI","PARAS RAMPUR","CHHEDIYAPARA","3153001016/LD/958486255824986999","9583","https://mnregaweb4.nic.in/nregaarch/View_NMMS_atten_date_dtl_rpt.aspx?page=&short_name=UP&state_name=UTTAR%20PRADESH&state_code=31&district_name=BASTI&district_code=3153&block_name=PARAS%20RAMPUR&block_code=3153001&panchayat_name=CHHEDIYAPARA&panchayat_code=3153001016&fin_year=2025-2026&source=&work_code=3153001016/LD/958486255824986999&msr_no=9583&AttendanceDate=22/03/2026&Digest=QisXlLWW0uBTcF3Ntgh/qQ",9
"BASTI","PARAS RAMPUR","DHURDA JANGAL","3153001021/WC/958486255824219248","9351","https://mnregaweb4.nic.in/nregaarch/View_NMMS_atten_date_dtl_rpt.aspx?page=&short_name=UP&state_name=UTTAR%20PRADESH&state_code=31&district_name=BASTI&district_code=3153&block_name=PARAS%20RAMPUR&block_code=3153001&panchayat_name=DHURDA%20JANGAL&panchayat_code=3153001021&fin_year=2025-2026&source=&work_code=3153001021/WC/958486255824219248&msr_no=9351&AttendanceDate=22/03/2026&Digest=7rcohHNb7q1v5dxNkBGybQ",6
"BASTI","PARAS RAMPUR","KHAMARIYA","3153001041/WC/958486255824229095","9442","https://mnregaweb4.nic.in/nregaarch/View_NMMS_atten_date_dtl_rpt.aspx?page=&short_name=UP&state_name=UTTAR%20PRADESH&state_code=31&district_name=BASTI&district_code=3153&block_name=PARAS%20RAMPUR&block_code=3153001&panchayat_name=KHAMARIYA&panchayat_code=3153001041&fin_year=2025-2026&source=&work_code=3153001041/WC/958486255824229095&msr_no=9442&AttendanceDate=22/03/2026&Digest=VNcZo4QS6dHJhNSD3If56g",8
"BASTI","PARAS RAMPUR","KISHUNPUR","3153001043/RC/958486255823728851","9563","https://mnregaweb4.nic.in/nregaarch/View_NMMS_atten_date_dtl_rpt.aspx?page=&short_name=UP&state_name=UTTAR%20PRADESH&state_code=31&district_name=BASTI&district_code=3153&block_name=PARAS%20RAMPUR&block_code=3153001&panchayat_name=KISHUNPUR&panchayat_code=3153001043&fin_year=2025-2026&source=&work_code=3153001043/RC/958486255823728851&msr_no=9563&AttendanceDate=22/03/2026&Digest=xZp0MddwjbcLK4dkvPi2AA",9
"BASTI","PARAS RAMPUR","NAGPUR (KUVAR)","3153001054/LD/958486255824934307","9551","https://mnregaweb4.nic.in/nregaarch/View_NMMS_atten_date_dtl_rpt.aspx?page=&short_name=UP&state_name=UTTAR%20PRADESH&state_code=31&district_name=BASTI&district_code=3153&block_name=PARAS%20RAMPUR&block_code=3153001&panchayat_name=NAGPUR%20(KUVAR)&panchayat_code=3153001054&fin_year=2025-2026&source=&work_code=3153001054/LD/958486255824934307&msr_no=9551&AttendanceDate=22/03/2026&Digest=zJkmyFJKp+3xU0dqaGWkcg",8
"BASTI","PARAS RAMPUR","NAGPUR TIKAYT","3153001055/LD/958486255824641104","9456","https://mnregaweb4.nic.in/nregaarch/View_NMMS_atten_date_dtl_rpt.aspx?page=&short_name=UP&state_name=UTTAR%20PRADESH&state_code=31&district_name=BASTI&district_code=3153&block_name=PARAS%20RAMPUR&block_code=3153001&panchayat_name=NAGPUR%20TIKAYT&panchayat_code=3153001055&fin_year=2025-2026&source=&work_code=3153001055/LD/958486255824641104&msr_no=9456&AttendanceDate=22/03/2026&Digest=wcF6LKjY3DMRimbDcmP7kw",10
"BASTI","PARAS RAMPUR","NANADNAGAR","3153001056/LD/958486255824933008","9276","https://mnregaweb4.nic.in/nregaarch/View_NMMS_atten_date_dtl_rpt.aspx?page=&short_name=UP&state_name=UTTAR%20PRADESH&state_code=31&district_name=BASTI&district_code=3153&block_name=PARAS%20RAMPUR&block_code=3153001&panchayat_name=NANADNAGAR&panchayat_code=3153001056&fin_year=2025-2026&source=&work_code=3153001056/LD/958486255824933008&msr_no=9276&AttendanceDate=22/03/2026&Digest=KruImMYXVtBhVkKtMPltEw",10
"BASTI","PARAS RAMPUR","NANADNAGAR","3153001056/WH/958486255823988945","9524","https://mnregaweb4.nic.in/nregaarch/View_NMMS_atten_date_dtl_rpt.aspx?page=&short_name=UP&state_name=UTTAR%20PRADESH&state_code=31&district_name=BASTI&district_code=3153&block_name=PARAS%20RAMPUR&block_code=3153001&panchayat_name=NANADNAGAR&panchayat_code=3153001056&fin_year=2025-2026&source=&work_code=3153001056/WH/958486255823988945&msr_no=9524&AttendanceDate=22/03/2026&Digest=2g0u2vuxt/TzP8M5ZLkpyQ",8
"BASTI","PARAS RAMPUR","PADARI BABU","3153001062/LD/958486255824958230","9426","https://mnregaweb4.nic.in/nregaarch/View_NMMS_atten_date_dtl_rpt.aspx?page=&short_name=UP&state_name=UTTAR%20PRADESH&state_code=31&district_name=BASTI&district_code=3153&block_name=PARAS%20RAMPUR&block_code=3153001&panchayat_name=PADARI%20BABU&panchayat_code=3153001062&fin_year=2025-2026&source=&work_code=3153001062/LD/958486255824958230&msr_no=9426&AttendanceDate=22/03/2026&Digest=5zGwWc6xMh5DXdoOtpFjaw",10
"BASTI","PARAS RAMPUR","PADARI BABU","3153001062/LD/958486255824958230","9429","https://mnregaweb4.nic.in/nregaarch/View_NMMS_atten_date_dtl_rpt.aspx?page=&short_name=UP&state_name=UTTAR%20PRADESH&state_code=31&district_name=BASTI&district_code=3153&block_name=PARAS%20RAMPUR&block_code=3153001&panchayat_name=PADARI%20BABU&panchayat_code=3153001062&fin_year=2025-2026&source=&work_code=3153001062/LD/958486255824958230&msr_no=9429&AttendanceDate=22/03/2026&Digest=Fc1oUGeqbn0rqcD9e4OoIQ",4
"BASTI","PARAS RAMPUR","RAGHUPUR","3153001067/IC/958486255823741774","9271","https://mnregaweb4.nic.in/nregaarch/View_NMMS_atten_date_dtl_rpt.aspx?page=&short_name=UP&state_name=UTTAR%20PRADESH&state_code=31&district_name=BASTI&district_code=3153&block_name=PARAS%20RAMPUR&block_code=3153001&panchayat_name=RAGHUPUR&panchayat_code=3153001067&fin_year=2025-2026&source=&work_code=3153001067/IC/958486255823741774&msr_no=9271&AttendanceDate=22/03/2026&Digest=hvsTpmidJTGsZ3/pBBPBoA",7
"BASTI","PARAS RAMPUR","RAGHVAPUR","3153001068/AV/958486255824184571","9415","https://mnregaweb4.nic.in/nregaarch/View_NMMS_atten_date_dtl_rpt.aspx?page=&short_name=UP&state_name=UTTAR%20PRADESH&state_code=31&district_name=BASTI&district_code=3153&block_name=PARAS%20RAMPUR&block_code=3153001&panchayat_name=RAGHVAPUR&panchayat_code=3153001068&fin_year=2025-2026&source=&work_code=3153001068/AV/958486255824184571&msr_no=9415&AttendanceDate=22/03/2026&Digest=IsrnIUp9B9Mvs7lP7BTTwA",10
"BASTI","PARAS RAMPUR","RIDHAURA","3153001072/AV/958486255824186487","9388","https://mnregaweb4.nic.in/nregaarch/View_NMMS_atten_date_dtl_rpt.aspx?page=&short_name=UP&state_name=UTTAR%20PRADESH&state_code=31&district_name=BASTI&district_code=3153&block_name=PARAS%20RAMPUR&block_code=3153001&panchayat_name=RIDHAURA&panchayat_code=3153001072&fin_year=2025-2026&source=&work_code=3153001072/AV/958486255824186487&msr_no=9388&AttendanceDate=22/03/2026&Digest=jyKwnhISLCcIDuhIXLxwvQ",8
"BASTI","PARAS RAMPUR","ROHDA","3153001073/LD/958486255825001938","9418","https://mnregaweb4.nic.in/nregaarch/View_NMMS_atten_date_dtl_rpt.aspx?page=&short_name=UP&state_name=UTTAR%20PRADESH&state_code=31&district_name=BASTI&district_code=3153&block_name=PARAS%20RAMPUR&block_code=3153001&panchayat_name=ROHDA&panchayat_code=3153001073&fin_year=2025-2026&source=&work_code=3153001073/LD/958486255825001938&msr_no=9418&AttendanceDate=22/03/2026&Digest=noxDEezixexyiVG7jPaAyw",5
"BASTI","PARAS RAMPUR","ROHDA","3153001073/RC/958486255823744276","9500","https://mnregaweb4.nic.in/nregaarch/View_NMMS_atten_date_dtl_rpt.aspx?page=&short_name=UP&state_name=UTTAR%20PRADESH&state_code=31&district_name=BASTI&district_code=3153&block_name=PARAS%20RAMPUR&block_code=3153001&panchayat_name=ROHDA&panchayat_code=3153001073&fin_year=2025-2026&source=&work_code=3153001073/RC/958486255823744276&msr_no=9500&AttendanceDate=22/03/2026&Digest=zRTp1GPNUISPfhjOu+vkjw",9
"BASTI","PARAS RAMPUR","SUKRAULI KUWAR","3153001078/RC/958486255823584108","9602","https://mnregaweb4.nic.in/nregaarch/View_NMMS_atten_date_dtl_rpt.aspx?page=&short_name=UP&state_name=UTTAR%20PRADESH&state_code=31&district_name=BASTI&district_code=3153&block_name=PARAS%20RAMPUR&block_code=3153001&panchayat_name=SUKRAULI%20KUWAR&panchayat_code=3153001078&fin_year=2025-2026&source=&work_code=3153001078/RC/958486255823584108&msr_no=9602&AttendanceDate=22/03/2026&Digest=yXalIaCtoVUR0WICm8Bv1g",5
"BASTI","PARAS RAMPUR","UJJAINI","3153001081/LD/958486255824971582","9228","https://mnregaweb4.nic.in/nregaarch/View_NMMS_atten_date_dtl_rpt.aspx?page=&short_name=UP&state_name=UTTAR%20PRADESH&state_code=31&district_name=BASTI&district_code=3153&block_name=PARAS%20RAMPUR&block_code=3153001&panchayat_name=UJJAINI&panchayat_code=3153001081&fin_year=2025-2026&source=&work_code=3153001081/LD/958486255824971582&msr_no=9228&AttendanceDate=22/03/2026&Digest=Crsx4jmwW4edwj8wfKWypw",10
"BASTI","KAPTANGANJ","NAIKAPAR","3153005057/LD/958486255824964925","4864","https://mnregaweb4.nic.in/nregaarch/View_NMMS_atten_date_dtl_rpt.aspx?page=&short_name=UP&state_name=UTTAR%20PRADESH&state_code=31&district_name=BASTI&district_code=3153&block_name=KAPTANGANJ&block_code=3153005&panchayat_name=NAIKAPAR&panchayat_code=3153005057&fin_year=2025-2026&source=&work_code=3153005057/LD/958486255824964925&msr_no=4864&AttendanceDate=22/03/2026&Digest=l3uWkzoaNUf+H015sEa/AQ",7
"BASTI","KAPTANGANJ","PARIWARPUR","3153005058/RC/958486255823676758","4830","https://mnregaweb4.nic.in/nregaarch/View_NMMS_atten_date_dtl_rpt.aspx?page=&short_name=UP&state_name=UTTAR%20PRADESH&state_code=31&district_name=BASTI&district_code=3153&block_name=KAPTANGANJ&block_code=3153005&panchayat_name=PARIWARPUR&panchayat_code=3153005058&fin_year=2025-2026&source=&work_code=3153005058/RC/958486255823676758&msr_no=4830&AttendanceDate=22/03/2026&Digest=lf/9c+ZhXQ14V8s2PoIS5Q",7
"BASTI","KAPTANGANJ","PARIWARPUR","3153005058/RC/958486255823693211","4819","https://mnregaweb4.nic.in/nregaarch/View_NMMS_atten_date_dtl_rpt.aspx?page=&short_name=UP&state_name=UTTAR%20PRADESH&state_code=31&district_name=BASTI&district_code=3153&block_name=KAPTANGANJ&block_code=3153005&panchayat_name=PARIWARPUR&panchayat_code=3153005058&fin_year=2025-2026&source=&work_code=3153005058/RC/958486255823693211&msr_no=4819&AttendanceDate=22/03/2026&Digest=u8EozJ+FTIQgsHo8dYCWBw",3
"BASTI","KUDARAHA","MURADPUR","3153013002/WH/958486255823990667","8033","https://mnregaweb4.nic.in/nregaarch/View_NMMS_atten_date_dtl_rpt.aspx?page=&short_name=UP&state_name=UTTAR%20PRADESH&state_code=31&district_name=BASTI&district_code=3153&block_name=KUDARAHA&block_code=3153013&panchayat_name=MURADPUR&panchayat_code=3153013002&fin_year=2025-2026&source=&work_code=3153013002/WH/958486255823990667&msr_no=8033&AttendanceDate=22/03/2026&Digest=LRQ7XdulhQXqigl0RN5JNA",10
"BASTI","KUDARAHA","MURADPUR","3153013002/WH/958486255823990667","8036","https://mnregaweb4.nic.in/nregaarch/View_NMMS_atten_date_dtl_rpt.aspx?page=&short_name=UP&state_name=UTTAR%20PRADESH&state_code=31&district_name=BASTI&district_code=3153&block_name=KUDARAHA&block_code=3153013&panchayat_name=MURADPUR&panchayat_code=3153013002&fin_year=2025-2026&source=&work_code=3153013002/WH/958486255823990667&msr_no=8036&AttendanceDate=22/03/2026&Digest=Qak7VkBgn4PMix8JM1EHVA",10
"BASTI","KUDARAHA","PIPARPATI MUSTAHKAM","3153013004/RC/958486255823749540","8067","https://mnregaweb4.nic.in/nregaarch/View_NMMS_atten_date_dtl_rpt.aspx?page=&short_name=UP&state_name=UTTAR%20PRADESH&state_code=31&district_name=BASTI&district_code=3153&block_name=KUDARAHA&block_code=3153013&panchayat_name=PIPARPATI%20MUSTAHKAM&panchayat_code=3153013004&fin_year=2025-2026&source=&work_code=3153013004/RC/958486255823749540&msr_no=8067&AttendanceDate=22/03/2026&Digest=veViTgPgbBrhAHqTQJNE/Q",10
"BASTI","KUDARAHA","AKELA KUBERPUR","3153013008/RC/958486255823749187","7977","https://mnregaweb4.nic.in/nregaarch/View_NMMS_atten_date_dtl_rpt.aspx?page=&short_name=UP&state_name=UTTAR%20PRADESH&state_code=31&district_name=BASTI&district_code=3153&block_name=KUDARAHA&block_code=3153013&panchayat_name=AKELA%20KUBERPUR&panchayat_code=3153013008&fin_year=2025-2026&source=&work_code=3153013008/RC/958486255823749187&msr_no=7977&AttendanceDate=22/03/2026&Digest=ekIz9AQvYCu9/0eoiNX14g",3
"BASTI","KUDARAHA","AKELA KUBERPUR","3153013008/RC/958486255823749187","7980","https://mnregaweb4.nic.in/nregaarch/View_NMMS_atten_date_dtl_rpt.aspx?page=&short_name=UP&state_name=UTTAR%20PRADESH&state_code=31&district_name=BASTI&district_code=3153&block_name=KUDARAHA&block_code=3153013&panchayat_name=AKELA%20KUBERPUR&panchayat_code=3153013008&fin_year=2025-2026&source=&work_code=3153013008/RC/958486255823749187&msr_no=7980&AttendanceDate=22/03/2026&Digest=WYbuoNgSRonB74f/TNT0EA",3
"BASTI","KUDARAHA","AKELA KUBERPUR","3153013008/RC/958486255823749188","7989","https://mnregaweb4.nic.in/nregaarch/View_NMMS_atten_date_dtl_rpt.aspx?page=&short_name=UP&state_name=UTTAR%20PRADESH&state_code=31&district_name=BASTI&district_code=3153&block_name=KUDARAHA&block_code=3153013&panchayat_name=AKELA%20KUBERPUR&panchayat_code=3153013008&fin_year=2025-2026&source=&work_code=3153013008/RC/958486255823749188&msr_no=7989&AttendanceDate=22/03/2026&Digest=vTCz5+JPRk9p3wsM9cys8w",2
"BASTI","KUDARAHA","PAAUN","3153013010/RC/958486255823672819","8084","https://mnregaweb4.nic.in/nregaarch/View_NMMS_atten_date_dtl_rpt.aspx?page=&short_name=UP&state_name=UTTAR%20PRADESH&state_code=31&district_name=BASTI&district_code=3153&block_name=KUDARAHA&block_code=3153013&panchayat_name=PAAUN&panchayat_code=3153013010&fin_year=2025-2026&source=&work_code=3153013010/RC/958486255823672819&msr_no=8084&AttendanceDate=22/03/2026&Digest=pabN72Lu23Lg1eo7I/ov/Q",5
"BASTI","KUDARAHA","TURKWALIYA","3153013012/RC/958486255823686923","7682","https://mnregaweb4.nic.in/nregaarch/View_NMMS_atten_date_dtl_rpt.aspx?page=&short_name=UP&state_name=UTTAR%20PRADESH&state_code=31&district_name=BASTI&district_code=3153&block_name=KUDARAHA&block_code=3153013&panchayat_name=TURKWALIYA&panchayat_code=3153013012&fin_year=2025-2026&source=&work_code=3153013012/RC/958486255823686923&msr_no=7682&AttendanceDate=22/03/2026&Digest=GHiNcl8xN69sBFoP1zckBQ",9
"BASTI","KUDARAHA","KORMA","3153013029/LD/958486255824959030","7757","https://mnregaweb4.nic.in/nregaarch/View_NMMS_atten_date_dtl_rpt.aspx?page=&short_name=UP&state_name=UTTAR%20PRADESH&state_code=31&district_name=BASTI&district_code=3153&block_name=KUDARAHA&block_code=3153013&panchayat_name=KORMA&panchayat_code=3153013029&fin_year=2025-2026&source=&work_code=3153013029/LD/958486255824959030&msr_no=7757&AttendanceDate=22/03/2026&Digest=SPjByzB0/8vALhRVZb+U5Q",10
"BASTI","KUDARAHA","AMAIPAR","3153013032/IC/958486255823726741","7836","https://mnregaweb4.nic.in/nregaarch/View_NMMS_atten_date_dtl_rpt.aspx?page=&short_name=UP&state_name=UTTAR%20PRADESH&state_code=31&district_name=BASTI&district_code=3153&block_name=KUDARAHA&block_code=3153013&panchayat_name=AMAIPAR&panchayat_code=3153013032&fin_year=2025-2026&source=&work_code=3153013032/IC/958486255823726741&msr_no=7836&AttendanceDate=22/03/2026&Digest=jLnqQ3a3pQ3jRhS9d/LTUQ",9
"BASTI","KUDARAHA","AMAIPAR","3153013032/IC/958486255823726741","7839","https://mnregaweb4.nic.in/nregaarch/View_NMMS_atten_date_dtl_rpt.aspx?page=&short_name=UP&state_name=UTTAR%20PRADESH&state_code=31&district_name=BASTI&district_code=3153&block_name=KUDARAHA&block_code=3153013&panchayat_name=AMAIPAR&panchayat_code=3153013032&fin_year=2025-2026&source=&work_code=3153013032/IC/958486255823726741&msr_no=7839&AttendanceDate=22/03/2026&Digest=fvL3E+2VDXE5kWYBwbsb8Q",2
"BASTI","KUDARAHA","AMAIPAR","3153013032/RC/958486255823694991","7829","https://mnregaweb4.nic.in/nregaarch/View_NMMS_atten_date_dtl_rpt.aspx?page=&short_name=UP&state_name=UTTAR%20PRADESH&state_code=31&district_name=BASTI&district_code=3153&block_name=KUDARAHA&block_code=3153013&panchayat_name=AMAIPAR&panchayat_code=3153013032&fin_year=2025-2026&source=&work_code=3153013032/RC/958486255823694991&msr_no=7829&AttendanceDate=22/03/2026&Digest=nA1hm9MF0K34wv8ss0aobQ",10
"BASTI","KUDARAHA","AMAIPAR","3153013032/RC/958486255823695002","7840","https://mnregaweb4.nic.in/nregaarch/View_NMMS_atten_date_dtl_rpt.aspx?page=&short_name=UP&state_name=UTTAR%20PRADESH&state_code=31&district_name=BASTI&district_code=3153&block_name=KUDARAHA&block_code=3153013&panchayat_name=AMAIPAR&panchayat_code=3153013032&fin_year=2025-2026&source=&work_code=3153013032/RC/958486255823695002&msr_no=7840&AttendanceDate=22/03/2026&Digest=6DiYAma+ItqmgLPAbeQKVw",10
"BASTI","KUDARAHA","AMAIPAR","3153013032/RC/958486255823735251","7915","https://mnregaweb4.nic.in/nregaarch/View_NMMS_atten_date_dtl_rpt.aspx?page=&short_name=UP&state_name=UTTAR%20PRADESH&state_code=31&district_name=BASTI&district_code=3153&block_name=KUDARAHA&block_code=3153013&panchayat_name=AMAIPAR&panchayat_code=3153013032&fin_year=2025-2026&source=&work_code=3153013032/RC/958486255823735251&msr_no=7915&AttendanceDate=22/03/2026&Digest=XFnDBoe5gXc8Xci0muAyNA",4
"BASTI","KUDARAHA","AMAIPAR","3153013032/RC/958486255823735251","7918","https://mnregaweb4.nic.in/nregaarch/View_NMMS_atten_date_dtl_rpt.aspx?page=&short_name=UP&state_name=UTTAR%20PRADESH&state_code=31&district_name=BASTI&district_code=3153&block_name=KUDARAHA&block_code=3153013&panchayat_name=AMAIPAR&panchayat_code=3153013032&fin_year=2025-2026&source=&work_code=3153013032/RC/958486255823735251&msr_no=7918&AttendanceDate=22/03/2026&Digest=W6E5fJ7rYnAH56PXMftkAw",6
"BASTI","KUDARAHA","CHARKAILA","3153013033/RC/958486255823741596","7481","https://mnregaweb4.nic.in/nregaarch/View_NMMS_atten_date_dtl_rpt.aspx?page=&short_name=UP&state_name=UTTAR%20PRADESH&state_code=31&district_name=BASTI&district_code=3153&block_name=KUDARAHA&block_code=3153013&panchayat_name=CHARKAILA&panchayat_code=3153013033&fin_year=2025-2026&source=&work_code=3153013033/RC/958486255823741596&msr_no=7481&AttendanceDate=22/03/2026&Digest=t7FcP5v/4CvnERkcaYXVQQ",7
"BASTI","KUDARAHA","JAGANNATHPUR","3153013035/RC/958486255823748456","7740","https://mnregaweb4.nic.in/nregaarch/View_NMMS_atten_date_dtl_rpt.aspx?page=&short_name=UP&state_name=UTTAR%20PRADESH&state_code=31&district_name=BASTI&district_code=3153&block_name=KUDARAHA&block_code=3153013&panchayat_name=JAGANNATHPUR&panchayat_code=3153013035&fin_year=2025-2026&source=&work_code=3153013035/RC/958486255823748456&msr_no=7740&AttendanceDate=22/03/2026&Digest=gIABZ26l+khGkowZRMkQgw",3
"BASTI","KUDARAHA","PARSAW","3153013036/LD/958486255824957716","7856","https://mnregaweb4.nic.in/nregaarch/View_NMMS_atten_date_dtl_rpt.aspx?page=&short_name=UP&state_name=UTTAR%20PRADESH&state_code=31&district_name=BASTI&district_code=3153&block_name=KUDARAHA&block_code=3153013&panchayat_name=PARSAW&panchayat_code=3153013036&fin_year=2025-2026&source=&work_code=3153013036/LD/958486255824957716&msr_no=7856&AttendanceDate=22/03/2026&Digest=6AUlMu2ikJ6GZZeaBty8lg",10
"BASTI","KUDARAHA","DELHWA","3153013037/RC/958486255823745217","7886","https://mnregaweb4.nic.in/nregaarch/View_NMMS_atten_date_dtl_rpt.aspx?page=&short_name=UP&state_name=UTTAR%20PRADESH&state_code=31&district_name=BASTI&district_code=3153&block_name=KUDARAHA&block_code=3153013&panchayat_name=DELHWA&panchayat_code=3153013037&fin_year=2025-2026&source=&work_code=3153013037/RC/958486255823745217&msr_no=7886&AttendanceDate=22/03/2026&Digest=WnqnC/GX6/6adNW6+fj/KA",7
"BASTI","KUDARAHA","BARTANIYA","3153013040/AV/958486255824155477","7960","https://mnregaweb4.nic.in/nregaarch/View_NMMS_atten_date_dtl_rpt.aspx?page=&short_name=UP&state_name=UTTAR%20PRADESH&state_code=31&district_name=BASTI&district_code=3153&block_name=KUDARAHA&block_code=3153013&panchayat_name=BARTANIYA&panchayat_code=3153013040&fin_year=2025-2026&source=&work_code=3153013040/AV/958486255824155477&msr_no=7960&AttendanceDate=22/03/2026&Digest=4PqWEX4kGAT+Vl9oQz8hxA",9
"BASTI","KUDARAHA","BARTANIYA","3153013040/LD/958486255824900453","7927","https://mnregaweb4.nic.in/nregaarch/View_NMMS_atten_date_dtl_rpt.aspx?page=&short_name=UP&state_name=UTTAR%20PRADESH&state_code=31&district_name=BASTI&district_code=3153&block_name=KUDARAHA&block_code=3153013&panchayat_name=BARTANIYA&panchayat_code=3153013040&fin_year=2025-2026&source=&work_code=3153013040/LD/958486255824900453&msr_no=7927&AttendanceDate=22/03/2026&Digest=Pwi2LTLueiJ8fR3XCSMP2w",10
"BASTI","KUDARAHA","BARTANIYA","3153013040/LD/958486255824900453","7930","https://mnregaweb4.nic.in/nregaarch/View_NMMS_atten_date_dtl_rpt.aspx?page=&short_name=UP&state_name=UTTAR%20PRADESH&state_code=31&district_name=BASTI&district_code=3153&block_name=KUDARAHA&block_code=3153013&panchayat_name=BARTANIYA&panchayat_code=3153013040&fin_year=2025-2026&source=&work_code=3153013040/LD/958486255824900453&msr_no=7930&AttendanceDate=22/03/2026&Digest=ybmptWIXzJ3bt6Ncddi7sw",10
"BASTI","KUDARAHA","BAISIYA KALA","3153013050/LD/958486255824953603","7713","https://mnregaweb4.nic.in/nregaarch/View_NMMS_atten_date_dtl_rpt.aspx?page=&short_name=UP&state_name=UTTAR%20PRADESH&state_code=31&district_name=BASTI&district_code=3153&block_name=KUDARAHA&block_code=3153013&panchayat_name=BAISIYA%20KALA&panchayat_code=3153013050&fin_year=2025-2026&source=&work_code=3153013050/LD/958486255824953603&msr_no=7713&AttendanceDate=22/03/2026&Digest=fZgrtHhHv9rFKrwEWGp/nw",8
"BASTI","KUDARAHA","BAISIYA KALA","3153013050/RC/958486255823747638","7998","https://mnregaweb4.nic.in/nregaarch/View_NMMS_atten_date_dtl_rpt.aspx?page=&short_name=UP&state_name=UTTAR%20PRADESH&state_code=31&district_name=BASTI&district_code=3153&block_name=KUDARAHA&block_code=3153013&panchayat_name=BAISIYA%20KALA&panchayat_code=3153013050&fin_year=2025-2026&source=&work_code=3153013050/RC/958486255823747638&msr_no=7998&AttendanceDate=22/03/2026&Digest=eNqcu5LX38yiMIrLlEreBA",1
"BASTI","KUDARAHA","MANJHARIYA","3153013057/LD/958486255824935540","7654","https://mnregaweb4.nic.in/nregaarch/View_NMMS_atten_date_dtl_rpt.aspx?page=&short_name=UP&state_name=UTTAR%20PRADESH&state_code=31&district_name=BASTI&district_code=3153&block_name=KUDARAHA&block_code=3153013&panchayat_name=MANJHARIYA&panchayat_code=3153013057&fin_year=2025-2026&source=&work_code=3153013057/LD/958486255824935540&msr_no=7654&AttendanceDate=22/03/2026&Digest=bd3I4k4+s7Sy05Cd8bKJ+A",9
"BASTI","KUDARAHA","MANJHARIYA","3153013057/RC/958486255823656442","7552","https://mnregaweb4.nic.in/nregaarch/View_NMMS_atten_date_dtl_rpt.aspx?page=&short_name=UP&state_name=UTTAR%20PRADESH&state_code=31&district_name=BASTI&district_code=3153&block_name=KUDARAHA&block_code=3153013&panchayat_name=MANJHARIYA&panchayat_code=3153013057&fin_year=2025-2026&source=&work_code=3153013057/RC/958486255823656442&msr_no=7552&AttendanceDate=22/03/2026&Digest=dc8svEaHxhyCVGMVfPx1FA",10
"BASTI","KUDARAHA","BAANPUR","3153013059/RC/958486255823694013","7704","https://mnregaweb4.nic.in/nregaarch/View_NMMS_atten_date_dtl_rpt.aspx?page=&short_name=UP&state_name=UTTAR%20PRADESH&state_code=31&district_name=BASTI&district_code=3153&block_name=KUDARAHA&block_code=3153013&panchayat_name=BAANPUR&panchayat_code=3153013059&fin_year=2025-2026&source=&work_code=3153013059/RC/958486255823694013&msr_no=7704&AttendanceDate=22/03/2026&Digest=EfcqR63ITDxGFiztT1f9fw",10
"BASTI","KUDARAHA","BAANPUR","3153013059/RC/958486255823694017","7702","https://mnregaweb4.nic.in/nregaarch/View_NMMS_atten_date_dtl_rpt.aspx?page=&short_name=UP&state_name=UTTAR%20PRADESH&state_code=31&district_name=BASTI&district_code=3153&block_name=KUDARAHA&block_code=3153013&panchayat_name=BAANPUR&panchayat_code=3153013059&fin_year=2025-2026&source=&work_code=3153013059/RC/958486255823694017&msr_no=7702&AttendanceDate=22/03/2026&Digest=sQBJRWUxfAp1x4YUK1zHtA",10
"BASTI","KUDARAHA","DIHUKPURA","3153013060/RC/958486255823750162","8089","https://mnregaweb4.nic.in/nregaarch/View_NMMS_atten_date_dtl_rpt.aspx?page=&short_name=UP&state_name=UTTAR%20PRADESH&state_code=31&district_name=BASTI&district_code=3153&block_name=KUDARAHA&block_code=3153013&panchayat_name=DIHUKPURA&panchayat_code=3153013060&fin_year=2025-2026&source=&work_code=3153013060/RC/958486255823750162&msr_no=8089&AttendanceDate=22/03/2026&Digest=vZKjP924X8nzNn+2sQCR/g",3
"BASTI","KUDARAHA","SISAI PANDIT","3153013068/RC/958486255823672603","7632","https://mnregaweb4.nic.in/nregaarch/View_NMMS_atten_date_dtl_rpt.aspx?page=&short_name=UP&state_name=UTTAR%20PRADESH&state_code=31&district_name=BASTI&district_code=3153&block_name=KUDARAHA&block_code=3153013&panchayat_name=SISAI%20PANDIT&panchayat_code=3153013068&fin_year=2025-2026&source=&work_code=3153013068/RC/958486255823672603&msr_no=7632&AttendanceDate=22/03/2026&Digest=HNUV9X+QBBFyrzW022rlVw",2
"BASTI","KUDARAHA","PIPARPATI EHATMALI","3153013071/RC/958486255823700979","8015","https://mnregaweb4.nic.in/nregaarch/View_NMMS_atten_date_dtl_rpt.aspx?page=&short_name=UP&state_name=UTTAR%20PRADESH&state_code=31&district_name=BASTI&district_code=3153&block_name=KUDARAHA&block_code=3153013&panchayat_name=PIPARPATI%20EHATMALI&panchayat_code=3153013071&fin_year=2025-2026&source=&work_code=3153013071/RC/958486255823700979&msr_no=8015&AttendanceDate=22/03/2026&Digest=uMNXc9WEHF8O1eECoV1JSg",9
"BASTI","KUDARAHA","PIPARPATI EHATMALI","3153013071/RC/958486255823746235","8019","https://mnregaweb4.nic.in/nregaarch/View_NMMS_atten_date_dtl_rpt.aspx?page=&short_name=UP&state_name=UTTAR%20PRADESH&state_code=31&district_name=BASTI&district_code=3153&block_name=KUDARAHA&block_code=3153013&panchayat_name=PIPARPATI%20EHATMALI&panchayat_code=3153013071&fin_year=2025-2026&source=&work_code=3153013071/RC/958486255823746235&msr_no=8019&AttendanceDate=22/03/2026&Digest=sBW/l5ssN1GCJlhf6xahwA",10
"BASTI","KUDARAHA","PIPARPATI EHATMALI","3153013071/RC/958486255823746235","8022","https://mnregaweb4.nic.in/nregaarch/View_NMMS_atten_date_dtl_rpt.aspx?page=&short_name=UP&state_name=UTTAR%20PRADESH&state_code=31&district_name=BASTI&district_code=3153&block_name=KUDARAHA&block_code=3153013&panchayat_name=PIPARPATI%20EHATMALI&panchayat_code=3153013071&fin_year=2025-2026&source=&work_code=3153013071/RC/958486255823746235&msr_no=8022&AttendanceDate=22/03/2026&Digest=adJOq1moYYaJkaSJXn4AHA",10
"BASTI","KUDARAHA","PIPARPATI EHATMALI","3153013071/RC/958486255823746235","8080","https://mnregaweb4.nic.in/nregaarch/View_NMMS_atten_date_dtl_rpt.aspx?page=&short_name=UP&state_name=UTTAR%20PRADESH&state_code=31&district_name=BASTI&district_code=3153&block_name=KUDARAHA&block_code=3153013&panchayat_name=PIPARPATI%20EHATMALI&panchayat_code=3153013071&fin_year=2025-2026&source=&work_code=3153013071/RC/958486255823746235&msr_no=8080&AttendanceDate=22/03/2026&Digest=dgUwcKF4JM3W5ozivaSWzA",7
"BASTI","KUDARAHA","HARKHAILIYA URF MATIYARIA","3153013074/RC/YD/958486255823751079","8069","https://mnregaweb4.nic.in/nregaarch/View_NMMS_atten_date_dtl_rpt.aspx?page=&short_name=UP&state_name=UTTAR%20PRADESH&state_code=31&district_name=BASTI&district_code=3153&block_name=KUDARAHA&block_code=3153013&panchayat_name=HARKHAILIYA%20URF%20MATIYARIA&panchayat_code=3153013074&fin_year=2025-2026&source=&work_code=3153013074/RC/YD/958486255823751079&msr_no=8069&AttendanceDate=22/03/2026&Digest=ojf1JkD/lYPwphik4nM6LA",10
"BASTI","KUDARAHA","RAGHAUPUR","3153013075/LD/958486255824946739","8101","https://mnregaweb4.nic.in/nregaarch/View_NMMS_atten_date_dtl_rpt.aspx?page=&short_name=UP&state_name=UTTAR%20PRADESH&state_code=31&district_name=BASTI&district_code=3153&block_name=KUDARAHA&block_code=3153013&panchayat_name=RAGHAUPUR&panchayat_code=3153013075&fin_year=2025-2026&source=&work_code=3153013075/LD/958486255824946739&msr_no=8101&AttendanceDate=22/03/2026&Digest=5rwemipY2T2LUs4szzwPTQ",5
"BASTI","KUDARAHA","RAGHAUPUR","3153013075/RC/958486255823592072","8123","https://mnregaweb4.nic.in/nregaarch/View_NMMS_atten_date_dtl_rpt.aspx?page=&short_name=UP&state_name=UTTAR%20PRADESH&state_code=31&district_name=BASTI&district_code=3153&block_name=KUDARAHA&block_code=3153013&panchayat_name=RAGHAUPUR&panchayat_code=3153013075&fin_year=2025-2026&source=&work_code=3153013075/RC/958486255823592072&msr_no=8123&AttendanceDate=22/03/2026&Digest=AOrzoB2zRizodhPoS2LOyA",2
"BASTI","KUDARAHA","HARKHAILIYA URF MATIYARIA","3153013074/RC/YD/958486255823746860","7882","https://mnregaweb4.nic.in/nregaarch/View_NMMS_atten_date_dtl_rpt.aspx?page=&short_name=UP&state_name=UTTAR%20PRADESH&state_code=31&district_name=BASTI&district_code=3153&block_name=KUDARAHA&block_code=3153013&panchayat_name=HARKHAILIYA%20URF%20MATIYARIA&panchayat_code=3153013074&fin_year=2025-2026&source=&work_code=3153013074/RC/YD/958486255823746860&msr_no=7882&AttendanceDate=22/03/2026&Digest=EuBiTbM1KnGCAxclTDLvUQ",6
"BASTI","KUDARAHA","RAGHAUPUR","3153013075/RC/958486255823592068","8121","https://mnregaweb4.nic.in/nregaarch/View_NMMS_atten_date_dtl_rpt.aspx?page=&short_name=UP&state_name=UTTAR%20PRADESH&state_code=31&district_name=BASTI&district_code=3153&block_name=KUDARAHA&block_code=3153013&panchayat_name=RAGHAUPUR&panchayat_code=3153013075&fin_year=2025-2026&source=&work_code=3153013075/RC/958486255823592068&msr_no=8121&AttendanceDate=22/03/2026&Digest=WrVYNCsRxg5RDUjeZBxxHg",1
"BASTI","KUDARAHA","RAGHAUPUR","3153013075/RC/958486255823592072","8103","https://mnregaweb4.nic.in/nregaarch/View_NMMS_atten_date_dtl_rpt.aspx?page=&short_name=UP&state_name=UTTAR%20PRADESH&state_code=31&district_name=BASTI&district_code=3153&block_name=KUDARAHA&block_code=3153013&panchayat_name=RAGHAUPUR&panchayat_code=3153013075&fin_year=2025-2026&source=&work_code=3153013075/RC/958486255823592072&msr_no=8103&AttendanceDate=22/03/2026&Digest=DzQrPnbhP72ZSL02kdWDqg",4
"BASTI","KUDARAHA","RAGHAUPUR","3153013075/RC/958486255823592073","8122","https://mnregaweb4.nic.in/nregaarch/View_NMMS_atten_date_dtl_rpt.aspx?page=&short_name=UP&state_name=UTTAR%20PRADESH&state_code=31&district_name=BASTI&district_code=3153&block_name=KUDARAHA&block_code=3153013&panchayat_name=RAGHAUPUR&panchayat_code=3153013075&fin_year=2025-2026&source=&work_code=3153013075/RC/958486255823592073&msr_no=8122&AttendanceDate=22/03/2026&Digest=MeY2mpaTcF2vIwAQMfRp6g",2
"BASTI","PARAS RAMPUR","KARANPUR","3153001008/WC/958486255824164398","9234","https://mnregaweb4.nic.in/nregaarch/View_NMMS_atten_date_dtl_rpt.aspx?page=&short_name=UP&state_name=UTTAR%20PRADESH&state_code=31&district_name=BASTI&district_code=3153&block_name=PARAS%20RAMPUR&block_code=3153001&panchayat_name=KARANPUR&panchayat_code=3153001008&fin_year=2025-2026&source=&work_code=3153001008/WC/958486255824164398&msr_no=9234&AttendanceDate=22/03/2026&Digest=3OwyZ0FbIa9mRdUtplc6Vw",10
"BASTI","PARAS RAMPUR","KARANPUR","3153001008/WC/958486255824164398","9237","https://mnregaweb4.nic.in/nregaarch/View_NMMS_atten_date_dtl_rpt.aspx?page=&short_name=UP&state_name=UTTAR%20PRADESH&state_code=31&district_name=BASTI&district_code=3153&block_name=PARAS%20RAMPUR&block_code=3153001&panchayat_name=KARANPUR&panchayat_code=3153001008&fin_year=2025-2026&source=&work_code=3153001008/WC/958486255824164398&msr_no=9237&AttendanceDate=22/03/2026&Digest=GQ31G0HTcccYNs18ng45DA",6
"BASTI","PARAS RAMPUR","BHAISAHAWA","3153001011/RC/958486255823728162","9378","https://mnregaweb4.nic.in/nregaarch/View_NMMS_atten_date_dtl_rpt.aspx?page=&short_name=UP&state_name=UTTAR%20PRADESH&state_code=31&district_name=BASTI&district_code=3153&block_name=PARAS%20RAMPUR&block_code=3153001&panchayat_name=BHAISAHAWA&panchayat_code=3153001011&fin_year=2025-2026&source=&work_code=3153001011/RC/958486255823728162&msr_no=9378&AttendanceDate=22/03/2026&Digest=77fZRGlPGOzhf9Vt9pPASA",8
"BASTI","PARAS RAMPUR","DHURDA JANGAL","3153001021/WC/958486255824219248","9350","https://mnregaweb4.nic.in/nregaarch/View_NMMS_atten_date_dtl_rpt.aspx?page=&short_name=UP&state_name=UTTAR%20PRADESH&state_code=31&district_name=BASTI&district_code=3153&block_name=PARAS%20RAMPUR&block_code=3153001&panchayat_name=DHURDA%20JANGAL&panchayat_code=3153001021&fin_year=2025-2026&source=&work_code=3153001021/WC/958486255824219248&msr_no=9350&AttendanceDate=22/03/2026&Digest=OsxfWPYP9gD558pthZ5Rng",7
"BASTI","PARAS RAMPUR","DHURDA JANGAL","3153001021/WC/958486255824219248","9353","https://mnregaweb4.nic.in/nregaarch/View_NMMS_atten_date_dtl_rpt.aspx?page=&short_name=UP&state_name=UTTAR%20PRADESH&state_code=31&district_name=BASTI&district_code=3153&block_name=PARAS%20RAMPUR&block_code=3153001&panchayat_name=DHURDA%20JANGAL&panchayat_code=3153001021&fin_year=2025-2026&source=&work_code=3153001021/WC/958486255824219248&msr_no=9353&AttendanceDate=22/03/2026&Digest=Aca5tX6M4rlWmP/J9CaLqA",6
"BASTI","PARAS RAMPUR","GAURA PANDAY","3153001027/WC/958486255824209503","9402","https://mnregaweb4.nic.in/nregaarch/View_NMMS_atten_date_dtl_rpt.aspx?page=&short_name=UP&state_name=UTTAR%20PRADESH&state_code=31&district_name=BASTI&district_code=3153&block_name=PARAS%20RAMPUR&block_code=3153001&panchayat_name=GAURA%20PANDAY&panchayat_code=3153001027&fin_year=2025-2026&source=&work_code=3153001027/WC/958486255824209503&msr_no=9402&AttendanceDate=22/03/2026&Digest=ZMhueTV7Irbh0W471NO9fQ",10
"BASTI","PARAS RAMPUR","KARIGHNA","3153001038/LD/958486255824982417","9198","https://mnregaweb4.nic.in/nregaarch/View_NMMS_atten_date_dtl_rpt.aspx?page=&short_name=UP&state_name=UTTAR%20PRADESH&state_code=31&district_name=BASTI&district_code=3153&block_name=PARAS%20RAMPUR&block_code=3153001&panchayat_name=KARIGHNA&panchayat_code=3153001038&fin_year=2025-2026&source=&work_code=3153001038/LD/958486255824982417&msr_no=9198&AttendanceDate=22/03/2026&Digest=lLdZM/qZ8wm5xosr9Rok7Q",8
"BASTI","PARAS RAMPUR","KARIGHNA","3153001038/LD/958486255824982417","9201","https://mnregaweb4.nic.in/nregaarch/View_NMMS_atten_date_dtl_rpt.aspx?page=&short_name=UP&state_name=UTTAR%20PRADESH&state_code=31&district_name=BASTI&district_code=3153&block_name=PARAS%20RAMPUR&block_code=3153001&panchayat_name=KARIGHNA&panchayat_code=3153001038&fin_year=2025-2026&source=&work_code=3153001038/LD/958486255824982417&msr_no=9201&AttendanceDate=22/03/2026&Digest=bAHF7tcRun0zkQrfoH3wHg",8
"BASTI","PARAS RAMPUR","KHAMARIYA","3153001041/WC/958486255824229095","9440","https://mnregaweb4.nic.in/nregaarch/View_NMMS_atten_date_dtl_rpt.aspx?page=&short_name=UP&state_name=UTTAR%20PRADESH&state_code=31&district_name=BASTI&district_code=3153&block_name=PARAS%20RAMPUR&block_code=3153001&panchayat_name=KHAMARIYA&panchayat_code=3153001041&fin_year=2025-2026&source=&work_code=3153001041/WC/958486255824229095&msr_no=9440&AttendanceDate=22/03/2026&Digest=wDQj3OwNJbj8xihihBKi+A",10
"BASTI","PARAS RAMPUR","KHAMARIYA","3153001041/WC/958486255824229095","9443","https://mnregaweb4.nic.in/nregaarch/View_NMMS_atten_date_dtl_rpt.aspx?page=&short_name=UP&state_name=UTTAR%20PRADESH&state_code=31&district_name=BASTI&district_code=3153&block_name=PARAS%20RAMPUR&block_code=3153001&panchayat_name=KHAMARIYA&panchayat_code=3153001041&fin_year=2025-2026&source=&work_code=3153001041/WC/958486255824229095&msr_no=9443&AttendanceDate=22/03/2026&Digest=eyU4PiPCOIdsH20bPCsb9Q",2
"BASTI","PARAS RAMPUR","PADARI BABU","3153001062/RC/958486255823743924","9396","https://mnregaweb4.nic.in/nregaarch/View_NMMS_atten_date_dtl_rpt.aspx?page=&short_name=UP&state_name=UTTAR%20PRADESH&state_code=31&district_name=BASTI&district_code=3153&block_name=PARAS%20RAMPUR&block_code=3153001&panchayat_name=PADARI%20BABU&panchayat_code=3153001062&fin_year=2025-2026&source=&work_code=3153001062/RC/958486255823743924&msr_no=9396&AttendanceDate=22/03/2026&Digest=+Ydv+AuHT81rLjC+WPXpAw",9
"BASTI","PARAS RAMPUR","DHOBAHI","3153001063/WC/958486255824234655","9655","https://mnregaweb4.nic.in/nregaarch/View_NMMS_atten_date_dtl_rpt.aspx?page=&short_name=UP&state_name=UTTAR%20PRADESH&state_code=31&district_name=BASTI&district_code=3153&block_name=PARAS%20RAMPUR&block_code=3153001&panchayat_name=DHOBAHI&panchayat_code=3153001063&fin_year=2025-2026&source=&work_code=3153001063/WC/958486255824234655&msr_no=9655&AttendanceDate=22/03/2026&Digest=mRFdq+PACiA586awY0yEFw",10
"BASTI","PARAS RAMPUR","RAGHUPUR","3153001067/WC/958486255824249956","9412","https://mnregaweb4.nic.in/nregaarch/View_NMMS_atten_date_dtl_rpt.aspx?page=&short_name=UP&state_name=UTTAR%20PRADESH&state_code=31&district_name=BASTI&district_code=3153&block_name=PARAS%20RAMPUR&block_code=3153001&panchayat_name=RAGHUPUR&panchayat_code=3153001067&fin_year=2025-2026&source=&work_code=3153001067/WC/958486255824249956&msr_no=9412&AttendanceDate=22/03/2026&Digest=T4Sxhayk1puZvxv/+F9AXA",7
"BASTI","PARAS RAMPUR","RAGHVAPUR","3153001068/AV/958486255824184571","9416","https://mnregaweb4.nic.in/nregaarch/View_NMMS_atten_date_dtl_rpt.aspx?page=&short_name=UP&state_name=UTTAR%20PRADESH&state_code=31&district_name=BASTI&district_code=3153&block_name=PARAS%20RAMPUR&block_code=3153001&panchayat_name=RAGHVAPUR&panchayat_code=3153001068&fin_year=2025-2026&source=&work_code=3153001068/AV/958486255824184571&msr_no=9416&AttendanceDate=22/03/2026&Digest=nrCkvGnekP9s/SvC4bQ/pA",8
"BASTI","PARAS RAMPUR","RAGHVAPUR","3153001068/WC/958486255824229110","9363","https://mnregaweb4.nic.in/nregaarch/View_NMMS_atten_date_dtl_rpt.aspx?page=&short_name=UP&state_name=UTTAR%20PRADESH&state_code=31&district_name=BASTI&district_code=3153&block_name=PARAS%20RAMPUR&block_code=3153001&panchayat_name=RAGHVAPUR&panchayat_code=3153001068&fin_year=2025-2026&source=&work_code=3153001068/WC/958486255824229110&msr_no=9363&AttendanceDate=22/03/2026&Digest=4uV5MLzET9g6NbUDeoA5Ag",9
"BASTI","PARAS RAMPUR","UJJAINI","3153001081/LD/958486255824971580","9346","https://mnregaweb4.nic.in/nregaarch/View_NMMS_atten_date_dtl_rpt.aspx?page=&short_name=UP&state_name=UTTAR%20PRADESH&state_code=31&district_name=BASTI&district_code=3153&block_name=PARAS%20RAMPUR&block_code=3153001&panchayat_name=UJJAINI&panchayat_code=3153001081&fin_year=2025-2026&source=&work_code=3153001081/LD/958486255824971580&msr_no=9346&AttendanceDate=22/03/2026&Digest=xnpo4C+hf4EkA412iGUqiw",8
"BASTI","PARAS RAMPUR","UJJAINI","3153001081/LD/958486255824971580","9349","https://mnregaweb4.nic.in/nregaarch/View_NMMS_atten_date_dtl_rpt.aspx?page=&short_name=UP&state_name=UTTAR%20PRADESH&state_code=31&district_name=BASTI&district_code=3153&block_name=PARAS%20RAMPUR&block_code=3153001&panchayat_name=UJJAINI&panchayat_code=3153001081&fin_year=2025-2026&source=&work_code=3153001081/LD/958486255824971580&msr_no=9349&AttendanceDate=22/03/2026&Digest=jWOZ03NWyuOMAku4J8IMMQ",9
"BASTI","PARAS RAMPUR","DHOSHAR MISHRA","3153001085/RC/958486255823726378","9450","https://mnregaweb4.nic.in/nregaarch/View_NMMS_atten_date_dtl_rpt.aspx?page=&short_name=UP&state_name=UTTAR%20PRADESH&state_code=31&district_name=BASTI&district_code=3153&block_name=PARAS%20RAMPUR&block_code=3153001&panchayat_name=DHOSHAR%20MISHRA&panchayat_code=3153001085&fin_year=2025-2026&source=&work_code=3153001085/RC/958486255823726378&msr_no=9450&AttendanceDate=22/03/2026&Digest=xZUg8NiwHuRLg5CWdvRq/Q",10
"BASTI","PARAS RAMPUR","DHOSHAR MISHRA","3153001085/RC/958486255823726380","9660","https://mnregaweb4.nic.in/nregaarch/View_NMMS_atten_date_dtl_rpt.aspx?page=&short_name=UP&state_name=UTTAR%20PRADESH&state_code=31&district_name=BASTI&district_code=3153&block_name=PARAS%20RAMPUR&block_code=3153001&panchayat_name=DHOSHAR%20MISHRA&panchayat_code=3153001085&fin_year=2025-2026&source=&work_code=3153001085/RC/958486255823726380&msr_no=9660&AttendanceDate=22/03/2026&Digest=OuLurtBDqnPfJx2HPXJv1g",10
"BASTI","PARAS RAMPUR","DHOSHAR MISHRA","3153001085/RC/958486255823726405","9665","https://mnregaweb4.nic.in/nregaarch/View_NMMS_atten_date_dtl_rpt.aspx?page=&short_name=UP&state_name=UTTAR%20PRADESH&state_code=31&district_name=BASTI&district_code=3153&block_name=PARAS%20RAMPUR&block_code=3153001&panchayat_name=DHOSHAR%20MISHRA&panchayat_code=3153001085&fin_year=2025-2026&source=&work_code=3153001085/RC/958486255823726405&msr_no=9665&AttendanceDate=22/03/2026&Digest=pzr5NYUwq+XFS7QXd3/IHw",10
"BASTI","PARAS RAMPUR","DHOSHAR MISHRA","3153001085/WC/958486255824211496","9446","https://mnregaweb4.nic.in/nregaarch/View_NMMS_atten_date_dtl_rpt.aspx?page=&short_name=UP&state_name=UTTAR%20PRADESH&state_code=31&district_name=BASTI&district_code=3153&block_name=PARAS%20RAMPUR&block_code=3153001&panchayat_name=DHOSHAR%20MISHRA&panchayat_code=3153001085&fin_year=2025-2026&source=&work_code=3153001085/WC/958486255824211496&msr_no=9446&AttendanceDate=22/03/2026&Digest=lWdn/Jzr2EGqSpiIIqYObg",10
"BASTI","PARAS RAMPUR","MADARIYA BABU","3153001090/RC/958486255823692886","9206","https://mnregaweb4.nic.in/nregaarch/View_NMMS_atten_date_dtl_rpt.aspx?page=&short_name=UP&state_name=UTTAR%20PRADESH&state_code=31&district_name=BASTI&district_code=3153&block_name=PARAS%20RAMPUR&block_code=3153001&panchayat_name=MADARIYA%20BABU	&panchayat_code=3153001090&fin_year=2025-2026&source=&work_code=3153001090/RC/958486255823692886&msr_no=9206&AttendanceDate=22/03/2026&Digest=TfUgFNwdoUlFCQ90uvlCRQ",7
"BASTI","PARAS RAMPUR","BILARI BHITI","3153001092/WC/958486255823409958","9300","https://mnregaweb4.nic.in/nregaarch/View_NMMS_atten_date_dtl_rpt.aspx?page=&short_name=UP&state_name=UTTAR%20PRADESH&state_code=31&district_name=BASTI&district_code=3153&block_name=PARAS%20RAMPUR&block_code=3153001&panchayat_name=BILARI%20BHITI&panchayat_code=3153001092&fin_year=2025-2026&source=&work_code=3153001092/WC/958486255823409958&msr_no=9300&AttendanceDate=22/03/2026&Digest=6ebqZ9NVukZcjeUqxO5vUw",10
"BASTI","PARAS RAMPUR","TALHVAPUR","3153001101/RC/958486255823741271","9549","https://mnregaweb4.nic.in/nregaarch/View_NMMS_atten_date_dtl_rpt.aspx?page=&short_name=UP&state_name=UTTAR%20PRADESH&state_code=31&district_name=BASTI&district_code=3153&block_name=PARAS%20RAMPUR&block_code=3153001&panchayat_name=TALHVAPUR&panchayat_code=3153001101&fin_year=2025-2026&source=&work_code=3153001101/RC/958486255823741271&msr_no=9549&AttendanceDate=22/03/2026&Digest=WC6RBvTJ5ce7OprKRDGT0A",5
"BASTI","PARAS RAMPUR","NAGAR BAHERA","3153001103/WH/958486255823989494","9573","https://mnregaweb4.nic.in/nregaarch/View_NMMS_atten_date_dtl_rpt.aspx?page=&short_name=UP&state_name=UTTAR%20PRADESH&state_code=31&district_name=BASTI&district_code=3153&block_name=PARAS%20RAMPUR&block_code=3153001&panchayat_name=NAGAR%20BAHERA&panchayat_code=3153001103&fin_year=2025-2026&source=&work_code=3153001103/WH/958486255823989494&msr_no=9573&AttendanceDate=22/03/2026&Digest=TCZgXx+28mckjdXfX8vWdw",10
"BASTI","PARAS RAMPUR","NAGAR BAHERA","3153001103/WH/958486255823989494","9576","https://mnregaweb4.nic.in/nregaarch/View_NMMS_atten_date_dtl_rpt.aspx?page=&short_name=UP&state_name=UTTAR%20PRADESH&state_code=31&district_name=BASTI&district_code=3153&block_name=PARAS%20RAMPUR&block_code=3153001&panchayat_name=NAGAR%20BAHERA&panchayat_code=3153001103&fin_year=2025-2026&source=&work_code=3153001103/WH/958486255823989494&msr_no=9576&AttendanceDate=22/03/2026&Digest=hoxJL0azIrtdtYWF/z2lWg",8
"BASTI","PARAS RAMPUR","LACHHIPUR","3153001106/RC/958486255823730898","9295","https://mnregaweb4.nic.in/nregaarch/View_NMMS_atten_date_dtl_rpt.aspx?page=&short_name=UP&state_name=UTTAR%20PRADESH&state_code=31&district_name=BASTI&district_code=3153&block_name=PARAS%20RAMPUR&block_code=3153001&panchayat_name=LACHHIPUR&panchayat_code=3153001106&fin_year=2025-2026&source=&work_code=3153001106/RC/958486255823730898&msr_no=9295&AttendanceDate=22/03/2026&Digest=7JC2E2H25OHJ1YeruWnr9w",10
"BASTI","PARAS RAMPUR","LACHHIPUR","3153001106/RC/958486255823730898","9298","https://mnregaweb4.nic.in/nregaarch/View_NMMS_atten_date_dtl_rpt.aspx?page=&short_name=UP&state_name=UTTAR%20PRADESH&state_code=31&district_name=BASTI&district_code=3153&block_name=PARAS%20RAMPUR&block_code=3153001&panchayat_name=LACHHIPUR&panchayat_code=3153001106&fin_year=2025-2026&source=&work_code=3153001106/RC/958486255823730898&msr_no=9298&AttendanceDate=22/03/2026&Digest=rMuEX3KoMT9NaxbkPoTqJg",9
"BASTI","RAMNAGAR","AHIRAULA","3153006002/RC/958486255823599222","6128","https://mnregaweb4.nic.in/nregaarch/View_NMMS_atten_date_dtl_rpt.aspx?page=&short_name=UP&state_name=UTTAR%20PRADESH&state_code=31&district_name=BASTI&district_code=3153&block_name=RAMNAGAR&block_code=3153006&panchayat_name=AHIRAULA&panchayat_code=3153006002&fin_year=2025-2026&source=&work_code=3153006002/RC/958486255823599222&msr_no=6128&AttendanceDate=22/03/2026&Digest=VrXh4r3zktA+1c0GCv84yw",8
"BASTI","RAMNAGAR","BANKECHOR","3153006010/WC/958486255824167506","6030","https://mnregaweb4.nic.in/nregaarch/View_NMMS_atten_date_dtl_rpt.aspx?page=&short_name=UP&state_name=UTTAR%20PRADESH&state_code=31&district_name=BASTI&district_code=3153&block_name=RAMNAGAR&block_code=3153006&panchayat_name=BANKECHOR&panchayat_code=3153006006&fin_year=2025-2026&source=&work_code=3153006010/WC/958486255824167506&msr_no=6030&AttendanceDate=22/03/2026&Digest=xGeCnG6n0Ark6suiaJovUg",8
"BASTI","RAMNAGAR","PARSA KHURD BUJURG URF DARIAPUR JANGAL","3153006050/RC/958486255823751709","6177","https://mnregaweb4.nic.in/nregaarch/View_NMMS_atten_date_dtl_rpt.aspx?page=&short_name=UP&state_name=UTTAR%20PRADESH&state_code=31&district_name=BASTI&district_code=3153&block_name=RAMNAGAR&block_code=3153006&panchayat_name=PARSA%20KHURD%20BUJURG%20URF%20DARIAPUR%20JANGAL&panchayat_code=3153006050&fin_year=2025-2026&source=&work_code=3153006050/RC/958486255823751709&msr_no=6177&AttendanceDate=22/03/2026&Digest=E6lJlMCRzpE7iRhKVkbcvQ",6
"BASTI","RAMNAGAR","PATKHAULI","3153006054/RC/958486255823732784","6026","https://mnregaweb4.nic.in/nregaarch/View_NMMS_atten_date_dtl_rpt.aspx?page=&short_name=UP&state_name=UTTAR%20PRADESH&state_code=31&district_name=BASTI&district_code=3153&block_name=RAMNAGAR&block_code=3153006&panchayat_name=PATKHAULI&panchayat_code=3153006054&fin_year=2025-2026&source=&work_code=3153006054/RC/958486255823732784&msr_no=6026&AttendanceDate=22/03/2026&Digest=pEPRsbSH/MMjbUFoiw3flQ",4
"BASTI","RAMNAGAR","TAKIYA CHAK","3153006086/RC/958486255823749003","6059","https://mnregaweb4.nic.in/nregaarch/View_NMMS_atten_date_dtl_rpt.aspx?page=&short_name=UP&state_name=UTTAR%20PRADESH&state_code=31&district_name=BASTI&district_code=3153&block_name=RAMNAGAR&block_code=3153006&panchayat_name=TAKIYA%20CHAK&panchayat_code=3153006086&fin_year=2025-2026&source=&work_code=3153006086/RC/958486255823749003&msr_no=6059&AttendanceDate=22/03/2026&Digest=VDMYYRpKZaYmMnb1GdRDzg",4
"BASTI","RUDAULI","BAHADURPUR","3153008007/RC/958486255823749825","6044","https://mnregaweb4.nic.in/nregaarch/View_NMMS_atten_date_dtl_rpt.aspx?page=&short_name=UP&state_name=UTTAR%20PRADESH&state_code=31&district_name=BASTI&district_code=3153&block_name=RUDAULI&block_code=3153008&panchayat_name=BAHADURPUR&panchayat_code=3153008007&fin_year=2025-2026&source=&work_code=3153008007/RC/958486255823749825&msr_no=6044&AttendanceDate=22/03/2026&Digest=LP4O/ztC1jUPZm4xSHAN/A",8
"BASTI","KUDARAHA","PIPARPATI EHATMALI","3153013071/RC/958486255823746235","8024","https://mnregaweb4.nic.in/nregaarch/View_NMMS_atten_date_dtl_rpt.aspx?page=&short_name=UP&state_name=UTTAR%20PRADESH&state_code=31&district_name=BASTI&district_code=3153&block_name=KUDARAHA&block_code=3153013&panchayat_name=PIPARPATI%20EHATMALI&panchayat_code=3153013071&fin_year=2025-2026&source=&work_code=3153013071/RC/958486255823746235&msr_no=8024&AttendanceDate=22/03/2026&Digest=Pqp8qmAUAixvhVXjQpS7nw",10
"BASTI","KUDARAHA","VISHENPUR","3153013073/LD/958486255824854652","7909","https://mnregaweb4.nic.in/nregaarch/View_NMMS_atten_date_dtl_rpt.aspx?page=&short_name=UP&state_name=UTTAR%20PRADESH&state_code=31&district_name=BASTI&district_code=3153&block_name=KUDARAHA&block_code=3153013&panchayat_name=VISHENPUR&panchayat_code=3153013073&fin_year=2025-2026&source=&work_code=3153013073/LD/958486255824854652&msr_no=7909&AttendanceDate=22/03/2026&Digest=qIUaByppUsZ6AkdU3iutGQ",6
"BASTI","KUDARAHA","RAINIYA","3153013076/RC/958486255823733771","7770","https://mnregaweb4.nic.in/nregaarch/View_NMMS_atten_date_dtl_rpt.aspx?page=&short_name=UP&state_name=UTTAR%20PRADESH&state_code=31&district_name=BASTI&district_code=3153&block_name=KUDARAHA&block_code=3153013&panchayat_name=RAINIYA&panchayat_code=3153013076&fin_year=2025-2026&source=&work_code=3153013076/RC/958486255823733771&msr_no=7770&AttendanceDate=22/03/2026&Digest=kUr5LjKSArChTaVbsakCwA",4
"BASTI","KUDARAHA","DAIJI","3153013078/LD/958486255824702897","8053","https://mnregaweb4.nic.in/nregaarch/View_NMMS_atten_date_dtl_rpt.aspx?page=&short_name=UP&state_name=UTTAR%20PRADESH&state_code=31&district_name=BASTI&district_code=3153&block_name=KUDARAHA&block_code=3153013&panchayat_name=DAIJI&panchayat_code=3153013078&fin_year=2025-2026&source=&work_code=3153013078/LD/958486255824702897&msr_no=8053&AttendanceDate=22/03/2026&Digest=S9Bva1qISKcjloxQTpTdDQ",9
"BASTI","KUDARAHA","DAIJI","3153013078/RC/958486255823742477","7785","https://mnregaweb4.nic.in/nregaarch/View_NMMS_atten_date_dtl_rpt.aspx?page=&short_name=UP&state_name=UTTAR%20PRADESH&state_code=31&district_name=BASTI&district_code=3153&block_name=KUDARAHA&block_code=3153013&panchayat_name=DAIJI&panchayat_code=3153013078&fin_year=2025-2026&source=&work_code=3153013078/RC/958486255823742477&msr_no=7785&AttendanceDate=22/03/2026&Digest=ldURZR4t6NThVG6aJnP1sA",8
"BASTI","KUDARAHA","DAIJI","3153013078/RC/958486255823750138","7781","https://mnregaweb4.nic.in/nregaarch/View_NMMS_atten_date_dtl_rpt.aspx?page=&short_name=UP&state_name=UTTAR%20PRADESH&state_code=31&district_name=BASTI&district_code=3153&block_name=KUDARAHA&block_code=3153013&panchayat_name=DAIJI&panchayat_code=3153013078&fin_year=2025-2026&source=&work_code=3153013078/RC/958486255823750138&msr_no=7781&AttendanceDate=22/03/2026&Digest=5F6knTl4l6EcAvSPreJWOw",10
"BASTI","PARAS RAMPUR","KARANPUR","3153001008/WC/958486255824164398","9235","https://mnregaweb4.nic.in/nregaarch/View_NMMS_atten_date_dtl_rpt.aspx?page=&short_name=UP&state_name=UTTAR%20PRADESH&state_code=31&district_name=BASTI&district_code=3153&block_name=PARAS%20RAMPUR&block_code=3153001&panchayat_name=KARANPUR&panchayat_code=3153001008&fin_year=2025-2026&source=&work_code=3153001008/WC/958486255824164398&msr_no=9235&AttendanceDate=22/03/2026&Digest=S2KyfYpU06aNTrgvinh/vg",10
"BASTI","PARAS RAMPUR","BHAISAHAWA","3153001011/RC/958486255823728162","9379","https://mnregaweb4.nic.in/nregaarch/View_NMMS_atten_date_dtl_rpt.aspx?page=&short_name=UP&state_name=UTTAR%20PRADESH&state_code=31&district_name=BASTI&district_code=3153&block_name=PARAS%20RAMPUR&block_code=3153001&panchayat_name=BHAISAHAWA&panchayat_code=3153001011&fin_year=2025-2026&source=&work_code=3153001011/RC/958486255823728162&msr_no=9379&AttendanceDate=22/03/2026&Digest=Cabs9ErmPpzWfynzM95Q/w",5
"BASTI","PARAS RAMPUR","BICHHIYA MISHRA","3153001013/RC/958486255823747237","9555","https://mnregaweb4.nic.in/nregaarch/View_NMMS_atten_date_dtl_rpt.aspx?page=&short_name=UP&state_name=UTTAR%20PRADESH&state_code=31&district_name=BASTI&district_code=3153&block_name=PARAS%20RAMPUR&block_code=3153001&panchayat_name=BICHHIYA%20MISHRA&panchayat_code=3153001013&fin_year=2025-2026&source=&work_code=3153001013/RC/958486255823747237&msr_no=9555&AttendanceDate=22/03/2026&Digest=hDPU5yibwR3JjU7TGCM56Q",9
"BASTI","PARAS RAMPUR","DHURDA JANGAL","3153001021/RC/958486255823641105","9305","https://mnregaweb4.nic.in/nregaarch/View_NMMS_atten_date_dtl_rpt.aspx?page=&short_name=UP&state_name=UTTAR%20PRADESH&state_code=31&district_name=BASTI&district_code=3153&block_name=PARAS%20RAMPUR&block_code=3153001&panchayat_name=DHURDA%20JANGAL&panchayat_code=3153001021&fin_year=2025-2026&source=&work_code=3153001021/RC/958486255823641105&msr_no=9305&AttendanceDate=22/03/2026&Digest=i0zMfdrmldSLkNnPpGTLiQ",5
"BASTI","PARAS RAMPUR","DHURDA JANGAL","3153001021/RC/958486255823727458","9303","https://mnregaweb4.nic.in/nregaarch/View_NMMS_atten_date_dtl_rpt.aspx?page=&short_name=UP&state_name=UTTAR%20PRADESH&state_code=31&district_name=BASTI&district_code=3153&block_name=PARAS%20RAMPUR&block_code=3153001&panchayat_name=DHURDA%20JANGAL&panchayat_code=3153001021&fin_year=2025-2026&source=&work_code=3153001021/RC/958486255823727458&msr_no=9303&AttendanceDate=22/03/2026&Digest=ZfGJqMUXUjbBwpc+vZ4YNQ",8
"BASTI","PARAS RAMPUR","DHURDA JANGAL","3153001021/WC/958486255824219248","9352","https://mnregaweb4.nic.in/nregaarch/View_NMMS_atten_date_dtl_rpt.aspx?page=&short_name=UP&state_name=UTTAR%20PRADESH&state_code=31&district_name=BASTI&district_code=3153&block_name=PARAS%20RAMPUR&block_code=3153001&panchayat_name=DHURDA%20JANGAL&panchayat_code=3153001021&fin_year=2025-2026&source=&work_code=3153001021/WC/958486255824219248&msr_no=9352&AttendanceDate=22/03/2026&Digest=PTAxI8ScYAOvB+x7x8hczg",8
"BASTI","PARAS RAMPUR","ETAWA","3153001025/RC/958486255823743763","9649","https://mnregaweb4.nic.in/nregaarch/View_NMMS_atten_date_dtl_rpt.aspx?page=&short_name=UP&state_name=UTTAR%20PRADESH&state_code=31&district_name=BASTI&district_code=3153&block_name=PARAS%20RAMPUR&block_code=3153001&panchayat_name=ETAWA&panchayat_code=3153001025&fin_year=2025-2026&source=&work_code=3153001025/RC/958486255823743763&msr_no=9649&AttendanceDate=22/03/2026&Digest=D0sZKcfTEKt7i3RTruDmrA",8
"BASTI","PARAS RAMPUR","GAURA PANDAY","3153001027/WC/958486255824209503","9403","https://mnregaweb4.nic.in/nregaarch/View_NMMS_atten_date_dtl_rpt.aspx?page=&short_name=UP&state_name=UTTAR%20PRADESH&state_code=31&district_name=BASTI&district_code=3153&block_name=PARAS%20RAMPUR&block_code=3153001&panchayat_name=GAURA%20PANDAY&panchayat_code=3153001027&fin_year=2025-2026&source=&work_code=3153001027/WC/958486255824209503&msr_no=9403&AttendanceDate=22/03/2026&Digest=NfICoFE/VIleTOdV5BJMgQ",10
"BASTI","PARAS RAMPUR","JEETIPUR","3153001035/RC/958486255823744934","9579","https://mnregaweb4.nic.in/nregaarch/View_NMMS_atten_date_dtl_rpt.aspx?page=&short_name=UP&state_name=UTTAR%20PRADESH&state_code=31&district_name=BASTI&district_code=3153&block_name=PARAS%20RAMPUR&block_code=3153001&panchayat_name=JEETIPUR&panchayat_code=3153001035&fin_year=2025-2026&source=&work_code=3153001035/RC/958486255823744934&msr_no=9579&AttendanceDate=22/03/2026&Digest=e6vg11wkrXumsHg6rWMhXw",9
"BASTI","PARAS RAMPUR","KARIGHNA","3153001038/LD/958486255824982417","9199","https://mnregaweb4.nic.in/nregaarch/View_NMMS_atten_date_dtl_rpt.aspx?page=&short_name=UP&state_name=UTTAR%20PRADESH&state_code=31&district_name=BASTI&district_code=3153&block_name=PARAS%20RAMPUR&block_code=3153001&panchayat_name=KARIGHNA&panchayat_code=3153001038&fin_year=2025-2026&source=&work_code=3153001038/LD/958486255824982417&msr_no=9199&AttendanceDate=22/03/2026&Digest=GMua0IXmHUOt6yB/0CF9wA",6
"BASTI","PARAS RAMPUR","KARIGHNA","3153001038/RC/958486255823697763","9203","https://mnregaweb4.nic.in/nregaarch/View_NMMS_atten_date_dtl_rpt.aspx?page=&short_name=UP&state_name=UTTAR%20PRADESH&state_code=31&district_name=BASTI&district_code=3153&block_name=PARAS%20RAMPUR&block_code=3153001&panchayat_name=KARIGHNA&panchayat_code=3153001038&fin_year=2025-2026&source=&work_code=3153001038/RC/958486255823697763&msr_no=9203&AttendanceDate=22/03/2026&Digest=naOfxbFLZlDzdrs+CCQMcA",4
"BASTI","PARAS RAMPUR","NEVRIRAM BAKSH","3153001060/AV/958486255824160584","9566","https://mnregaweb4.nic.in/nregaarch/View_NMMS_atten_date_dtl_rpt.aspx?page=&short_name=UP&state_name=UTTAR%20PRADESH&state_code=31&district_name=BASTI&district_code=3153&block_name=PARAS%20RAMPUR&block_code=3153001&panchayat_name=NEVRIRAM%20BAKSH&panchayat_code=3153001060&fin_year=2025-2026&source=&work_code=3153001060/AV/958486255824160584&msr_no=9566&AttendanceDate=22/03/2026&Digest=wOdRH/iQc73iD8Xx2sxutw",4
"BASTI","PARAS RAMPUR","PADARI BABU","3153001062/LD/958486255824958230","9428","https://mnregaweb4.nic.in/nregaarch/View_NMMS_atten_date_dtl_rpt.aspx?page=&short_name=UP&state_name=UTTAR%20PRADESH&state_code=31&district_name=BASTI&district_code=3153&block_name=PARAS%20RAMPUR&block_code=3153001&panchayat_name=PADARI%20BABU&panchayat_code=3153001062&fin_year=2025-2026&source=&work_code=3153001062/LD/958486255824958230&msr_no=9428&AttendanceDate=22/03/2026&Digest=POefHseAyg9UwQEbUUXLuQ",8
"BASTI","PARAS RAMPUR","DHOBAHI","3153001063/WC/958486255824234655","9654","https://mnregaweb4.nic.in/nregaarch/View_NMMS_atten_date_dtl_rpt.aspx?page=&short_name=UP&state_name=UTTAR%20PRADESH&state_code=31&district_name=BASTI&district_code=3153&block_name=PARAS%20RAMPUR&block_code=3153001&panchayat_name=DHOBAHI&panchayat_code=3153001063&fin_year=2025-2026&source=&work_code=3153001063/WC/958486255824234655&msr_no=9654&AttendanceDate=22/03/2026&Digest=2vhPN9eBOKhpU/wqOB5tyg",9
"BASTI","PARAS RAMPUR","PARSURAMPUR","3153001064/RC/958486255823732685","9645","https://mnregaweb4.nic.in/nregaarch/View_NMMS_atten_date_dtl_rpt.aspx?page=&short_name=UP&state_name=UTTAR%20PRADESH&state_code=31&district_name=BASTI&district_code=3153&block_name=PARAS%20RAMPUR&block_code=3153001&panchayat_name=PARSURAMPUR&panchayat_code=3153001064&fin_year=2025-2026&source=&work_code=3153001064/RC/958486255823732685&msr_no=9645&AttendanceDate=22/03/2026&Digest=v8tu8qHDJumA8n4W69lOOw",5
"BASTI","PARAS RAMPUR","RAGHUPUR","3153001067/WC/958486255824249956","9410","https://mnregaweb4.nic.in/nregaarch/View_NMMS_atten_date_dtl_rpt.aspx?page=&short_name=UP&state_name=UTTAR%20PRADESH&state_code=31&district_name=BASTI&district_code=3153&block_name=PARAS%20RAMPUR&block_code=3153001&panchayat_name=RAGHUPUR&panchayat_code=3153001067&fin_year=2025-2026&source=&work_code=3153001067/WC/958486255824249956&msr_no=9410&AttendanceDate=22/03/2026&Digest=rKAKD+ECoIhYs2dezRgivA",10
"BASTI","PARAS RAMPUR","RAGHUPUR","3153001067/WC/958486255824249956","9413","https://mnregaweb4.nic.in/nregaarch/View_NMMS_atten_date_dtl_rpt.aspx?page=&short_name=UP&state_name=UTTAR%20PRADESH&state_code=31&district_name=BASTI&district_code=3153&block_name=PARAS%20RAMPUR&block_code=3153001&panchayat_name=RAGHUPUR&panchayat_code=3153001067&fin_year=2025-2026&source=&work_code=3153001067/WC/958486255824249956&msr_no=9413&AttendanceDate=22/03/2026&Digest=QBFExIzT3XzIFzVPsUhfaA",8
"BASTI","PARAS RAMPUR","ROHDA","3153001073/LD/958486255825001938","9417","https://mnregaweb4.nic.in/nregaarch/View_NMMS_atten_date_dtl_rpt.aspx?page=&short_name=UP&state_name=UTTAR%20PRADESH&state_code=31&district_name=BASTI&district_code=3153&block_name=PARAS%20RAMPUR&block_code=3153001&panchayat_name=ROHDA&panchayat_code=3153001073&fin_year=2025-2026&source=&work_code=3153001073/LD/958486255825001938&msr_no=9417&AttendanceDate=22/03/2026&Digest=cD3y0ZChLJXrAqNuE18mGA",10
"BASTI","PARAS RAMPUR","SUKRAULI KUWAR","3153001078/RC/958486255823716271","9604","https://mnregaweb4.nic.in/nregaarch/View_NMMS_atten_date_dtl_rpt.aspx?page=&short_name=UP&state_name=UTTAR%20PRADESH&state_code=31&district_name=BASTI&district_code=3153&block_name=PARAS%20RAMPUR&block_code=3153001&panchayat_name=SUKRAULI%20KUWAR&panchayat_code=3153001078&fin_year=2025-2026&source=&work_code=3153001078/RC/958486255823716271&msr_no=9604&AttendanceDate=22/03/2026&Digest=0jQ26svgMLqJH5anZXDTag",7
"BASTI","PARAS RAMPUR","UJJAINI","3153001081/LD/958486255824971580","9347","https://mnregaweb4.nic.in/nregaarch/View_NMMS_atten_date_dtl_rpt.aspx?page=&short_name=UP&state_name=UTTAR%20PRADESH&state_code=31&district_name=BASTI&district_code=3153&block_name=PARAS%20RAMPUR&block_code=3153001&panchayat_name=UJJAINI&panchayat_code=3153001081&fin_year=2025-2026&source=&work_code=3153001081/LD/958486255824971580&msr_no=9347&AttendanceDate=22/03/2026&Digest=isHb64ibJbrVvKcFFBkaww",9
"BASTI","PARAS RAMPUR","UJJAINI","3153001081/LD/958486255824971582","9229","https://mnregaweb4.nic.in/nregaarch/View_NMMS_atten_date_dtl_rpt.aspx?page=&short_name=UP&state_name=UTTAR%20PRADESH&state_code=31&district_name=BASTI&district_code=3153&block_name=PARAS%20RAMPUR&block_code=3153001&panchayat_name=UJJAINI&panchayat_code=3153001081&fin_year=2025-2026&source=&work_code=3153001081/LD/958486255824971582&msr_no=9229&AttendanceDate=22/03/2026&Digest=YBFm/MgBBlp57/3PHXr0zw",8
"BASTI","PARAS RAMPUR","DHOSHAR MISHRA","3153001085/RC/958486255823726378","9451","https://mnregaweb4.nic.in/nregaarch/View_NMMS_atten_date_dtl_rpt.aspx?page=&short_name=UP&state_name=UTTAR%20PRADESH&state_code=31&district_name=BASTI&district_code=3153&block_name=PARAS%20RAMPUR&block_code=3153001&panchayat_name=DHOSHAR%20MISHRA&panchayat_code=3153001085&fin_year=2025-2026&source=&work_code=3153001085/RC/958486255823726378&msr_no=9451&AttendanceDate=22/03/2026&Digest=XLeZ4Qm+MuNwFAM4Xr+5Uw",6
"BASTI","PARAS RAMPUR","DHOSHAR MISHRA","3153001085/RC/958486255823726380","9661","https://mnregaweb4.nic.in/nregaarch/View_NMMS_atten_date_dtl_rpt.aspx?page=&short_name=UP&state_name=UTTAR%20PRADESH&state_code=31&district_name=BASTI&district_code=3153&block_name=PARAS%20RAMPUR&block_code=3153001&panchayat_name=DHOSHAR%20MISHRA&panchayat_code=3153001085&fin_year=2025-2026&source=&work_code=3153001085/RC/958486255823726380&msr_no=9661&AttendanceDate=22/03/2026&Digest=GDnLB63Ux35X30XrE3cOmA",10
"BASTI","PARAS RAMPUR","DHOSHAR MISHRA","3153001085/WC/958486255824211496","9445","https://mnregaweb4.nic.in/nregaarch/View_NMMS_atten_date_dtl_rpt.aspx?page=&short_name=UP&state_name=UTTAR%20PRADESH&state_code=31&district_name=BASTI&district_code=3153&block_name=PARAS%20RAMPUR&block_code=3153001&panchayat_name=DHOSHAR%20MISHRA&panchayat_code=3153001085&fin_year=2025-2026&source=&work_code=3153001085/WC/958486255824211496&msr_no=9445&AttendanceDate=22/03/2026&Digest=SzJfU7DwnnPmqe0sGsgg/A",10
"BASTI","PARAS RAMPUR","DHOSHAR MISHRA","3153001085/WC/958486255824211496","9448","https://mnregaweb4.nic.in/nregaarch/View_NMMS_atten_date_dtl_rpt.aspx?page=&short_name=UP&state_name=UTTAR%20PRADESH&state_code=31&district_name=BASTI&district_code=3153&block_name=PARAS%20RAMPUR&block_code=3153001&panchayat_name=DHOSHAR%20MISHRA&panchayat_code=3153001085&fin_year=2025-2026&source=&work_code=3153001085/WC/958486255824211496&msr_no=9448&AttendanceDate=22/03/2026&Digest=YIXDqA0NmP3GrS19RECCug",8
"BASTI","PARAS RAMPUR","MUKUND PUR","3153001091/WC/958486255824209000","9598","https://mnregaweb4.nic.in/nregaarch/View_NMMS_atten_date_dtl_rpt.aspx?page=&short_name=UP&state_name=UTTAR%20PRADESH&state_code=31&district_name=BASTI&district_code=3153&block_name=PARAS%20RAMPUR&block_code=3153001&panchayat_name=MUKUND%20PUR&panchayat_code=3153001091&fin_year=2025-2026&source=&work_code=3153001091/WC/958486255824209000&msr_no=9598&AttendanceDate=22/03/2026&Digest=0xQVGJBrUtuOPIrVI1JAtg",9
"BASTI","PARAS RAMPUR","BILARI BHITI","3153001092/WC/958486255823409958","9301","https://mnregaweb4.nic.in/nregaarch/View_NMMS_atten_date_dtl_rpt.aspx?page=&short_name=UP&state_name=UTTAR%20PRADESH&state_code=31&district_name=BASTI&district_code=3153&block_name=PARAS%20RAMPUR&block_code=3153001&panchayat_name=BILARI%20BHITI&panchayat_code=3153001092&fin_year=2025-2026&source=&work_code=3153001092/WC/958486255823409958&msr_no=9301&AttendanceDate=22/03/2026&Digest=OYnKhttHTC+OMkPXoBmZdg",8
"BASTI","PARAS RAMPUR","LACHHIPUR","3153001106/LD/958486255824828632","9519","https://mnregaweb4.nic.in/nregaarch/View_NMMS_atten_date_dtl_rpt.aspx?page=&short_name=UP&state_name=UTTAR%20PRADESH&state_code=31&district_name=BASTI&district_code=3153&block_name=PARAS%20RAMPUR&block_code=3153001&panchayat_name=LACHHIPUR&panchayat_code=3153001106&fin_year=2025-2026&source=&work_code=3153001106/LD/958486255824828632&msr_no=9519&AttendanceDate=22/03/2026&Digest=znCLq40M7PTaURZ8VZAYuQ",10
"BASTI","RAMNAGAR","AHIRAULA","3153006002/RC/958486255823589990","6127","https://mnregaweb4.nic.in/nregaarch/View_NMMS_atten_date_dtl_rpt.aspx?page=&short_name=UP&state_name=UTTAR%20PRADESH&state_code=31&district_name=BASTI&district_code=3153&block_name=RAMNAGAR&block_code=3153006&panchayat_name=AHIRAULA&panchayat_code=3153006002&fin_year=2025-2026&source=&work_code=3153006002/RC/958486255823589990&msr_no=6127&AttendanceDate=22/03/2026&Digest=QCxNTdRUosl401th+hbKKQ",3
"BASTI","RAMNAGAR","BANKECHOR","3153006010/WC/958486255824167506","6031","https://mnregaweb4.nic.in/nregaarch/View_NMMS_atten_date_dtl_rpt.aspx?page=&short_name=UP&state_name=UTTAR%20PRADESH&state_code=31&district_name=BASTI&district_code=3153&block_name=RAMNAGAR&block_code=3153006&panchayat_name=BANKECHOR&panchayat_code=3153006006&fin_year=2025-2026&source=&work_code=3153006010/WC/958486255824167506&msr_no=6031&AttendanceDate=22/03/2026&Digest=/QbE91lz8YxqGhSrxO7sSw",7
"BASTI","RAMNAGAR","CHANDOKHA","3153006021/RC/958486255823733025","6174","https://mnregaweb4.nic.in/nregaarch/View_NMMS_atten_date_dtl_rpt.aspx?page=&short_name=UP&state_name=UTTAR%20PRADESH&state_code=31&district_name=BASTI&district_code=3153&block_name=RAMNAGAR&block_code=3153006&panchayat_name=CHANDOKHA&panchayat_code=3153006021&fin_year=2025-2026&source=&work_code=3153006021/RC/958486255823733025&msr_no=6174&AttendanceDate=22/03/2026&Digest=Q8+p16p1KYzbCHLlnZdKNw",6
"BASTI","RAMNAGAR","GADAPUR CHAK","3153006026/RC/958486255823750649","6150","https://mnregaweb4.nic.in/nregaarch/View_NMMS_atten_date_dtl_rpt.aspx?page=&short_name=UP&state_name=UTTAR%20PRADESH&state_code=31&district_name=BASTI&district_code=3153&block_name=RAMNAGAR&block_code=3153006&panchayat_name=GADAPUR%20CHAK&panchayat_code=3153006026&fin_year=2025-2026&source=&work_code=3153006026/RC/958486255823750649&msr_no=6150&AttendanceDate=22/03/2026&Digest=QNa5pEKjJfxbdnnS4Z7UYQ",2
"BASTI","RAMNAGAR","GADAPUR CHAK","3153006026/RC/958486255823750649","6153","https://mnregaweb4.nic.in/nregaarch/View_NMMS_atten_date_dtl_rpt.aspx?page=&short_name=UP&state_name=UTTAR%20PRADESH&state_code=31&district_name=BASTI&district_code=3153&block_name=RAMNAGAR&block_code=3153006&panchayat_name=GADAPUR%20CHAK&panchayat_code=3153006026&fin_year=2025-2026&source=&work_code=3153006026/RC/958486255823750649&msr_no=6153&AttendanceDate=22/03/2026&Digest=x1Z48plE69acdhZVCJviQw",1
"BASTI","PARAS RAMPUR","DHOSHAR MISHRA","3153001085/LD/958486255824966588","9453","https://mnregaweb4.nic.in/nregaarch/View_NMMS_atten_date_dtl_rpt.aspx?page=&short_name=UP&state_name=UTTAR%20PRADESH&state_code=31&district_name=BASTI&district_code=3153&block_name=PARAS%20RAMPUR&block_code=3153001&panchayat_name=DHOSHAR%20MISHRA&panchayat_code=3153001085&fin_year=2025-2026&source=&work_code=3153001085/LD/958486255824966588&msr_no=9453&AttendanceDate=22/03/2026&Digest=P+Tca+CIJ4z0VR9g10+mwQ",10
"BASTI","PARAS RAMPUR","DHOSHAR MISHRA","3153001085/RC/958486255823726378","9449","https://mnregaweb4.nic.in/nregaarch/View_NMMS_atten_date_dtl_rpt.aspx?page=&short_name=UP&state_name=UTTAR%20PRADESH&state_code=31&district_name=BASTI&district_code=3153&block_name=PARAS%20RAMPUR&block_code=3153001&panchayat_name=DHOSHAR%20MISHRA&panchayat_code=3153001085&fin_year=2025-2026&source=&work_code=3153001085/RC/958486255823726378&msr_no=9449&AttendanceDate=22/03/2026&Digest=O0QfnwPBEU159DXGC5TlGA",10
"BASTI","PARAS RAMPUR","DHOSHAR MISHRA","3153001085/RC/958486255823726380","9659","https://mnregaweb4.nic.in/nregaarch/View_NMMS_atten_date_dtl_rpt.aspx?page=&short_name=UP&state_name=UTTAR%20PRADESH&state_code=31&district_name=BASTI&district_code=3153&block_name=PARAS%20RAMPUR&block_code=3153001&panchayat_name=DHOSHAR%20MISHRA&panchayat_code=3153001085&fin_year=2025-2026&source=&work_code=3153001085/RC/958486255823726380&msr_no=9659&AttendanceDate=22/03/2026&Digest=a8v/8q3gP8Bjhxgy0Pklfg",10
"BASTI","PARAS RAMPUR","DHOSHAR MISHRA","3153001085/RC/958486255823726405","9663","https://mnregaweb4.nic.in/nregaarch/View_NMMS_atten_date_dtl_rpt.aspx?page=&short_name=UP&state_name=UTTAR%20PRADESH&state_code=31&district_name=BASTI&district_code=3153&block_name=PARAS%20RAMPUR&block_code=3153001&panchayat_name=DHOSHAR%20MISHRA&panchayat_code=3153001085&fin_year=2025-2026&source=&work_code=3153001085/RC/958486255823726405&msr_no=9663&AttendanceDate=22/03/2026&Digest=xxjmWzOKzfyoIuPzx1z/+A",10
"BASTI","PARAS RAMPUR","DHOSHAR MISHRA","3153001085/RC/958486255823726405","9666","https://mnregaweb4.nic.in/nregaarch/View_NMMS_atten_date_dtl_rpt.aspx?page=&short_name=UP&state_name=UTTAR%20PRADESH&state_code=31&district_name=BASTI&district_code=3153&block_name=PARAS%20RAMPUR&block_code=3153001&panchayat_name=DHOSHAR%20MISHRA&panchayat_code=3153001085&fin_year=2025-2026&source=&work_code=3153001085/RC/958486255823726405&msr_no=9666&AttendanceDate=22/03/2026&Digest=ojoP/UW0SgMCLEizOgJh7Q",9
"BASTI","PARAS RAMPUR","DHOSHAR MISHRA","3153001085/WC/958486255824211496","9447","https://mnregaweb4.nic.in/nregaarch/View_NMMS_atten_date_dtl_rpt.aspx?page=&short_name=UP&state_name=UTTAR%20PRADESH&state_code=31&district_name=BASTI&district_code=3153&block_name=PARAS%20RAMPUR&block_code=3153001&panchayat_name=DHOSHAR%20MISHRA&panchayat_code=3153001085&fin_year=2025-2026&source=&work_code=3153001085/WC/958486255824211496&msr_no=9447&AttendanceDate=22/03/2026&Digest=OHoVGDX6P0A4jlDxZs2ZXQ",10
"BASTI","PARAS RAMPUR","MUKUND PUR","3153001091/WC/958486255824209000","9596","https://mnregaweb4.nic.in/nregaarch/View_NMMS_atten_date_dtl_rpt.aspx?page=&short_name=UP&state_name=UTTAR%20PRADESH&state_code=31&district_name=BASTI&district_code=3153&block_name=PARAS%20RAMPUR&block_code=3153001&panchayat_name=MUKUND%20PUR&panchayat_code=3153001091&fin_year=2025-2026&source=&work_code=3153001091/WC/958486255824209000&msr_no=9596&AttendanceDate=22/03/2026&Digest=TCyC9XmnkDMYL4HPVNR0iA",10
"BASTI","PARAS RAMPUR","NAGAR BAHERA","3153001103/WH/958486255823989494","9572","https://mnregaweb4.nic.in/nregaarch/View_NMMS_atten_date_dtl_rpt.aspx?page=&short_name=UP&state_name=UTTAR%20PRADESH&state_code=31&district_name=BASTI&district_code=3153&block_name=PARAS%20RAMPUR&block_code=3153001&panchayat_name=NAGAR%20BAHERA&panchayat_code=3153001103&fin_year=2025-2026&source=&work_code=3153001103/WH/958486255823989494&msr_no=9572&AttendanceDate=22/03/2026&Digest=ehh/0eJl5NFCjU3G1Zi7HQ",10
"BASTI","PARAS RAMPUR","LACHHIPUR","3153001106/LD/958486255824828632","9521","https://mnregaweb4.nic.in/nregaarch/View_NMMS_atten_date_dtl_rpt.aspx?page=&short_name=UP&state_name=UTTAR%20PRADESH&state_code=31&district_name=BASTI&district_code=3153&block_name=PARAS%20RAMPUR&block_code=3153001&panchayat_name=LACHHIPUR&panchayat_code=3153001106&fin_year=2025-2026&source=&work_code=3153001106/LD/958486255824828632&msr_no=9521&AttendanceDate=22/03/2026&Digest=dlM+eOAIc50NevqiXXQBvQ",2
"BASTI","PARAS RAMPUR","LACHHIPUR","3153001106/LD/958486255824901004","9292","https://mnregaweb4.nic.in/nregaarch/View_NMMS_atten_date_dtl_rpt.aspx?page=&short_name=UP&state_name=UTTAR%20PRADESH&state_code=31&district_name=BASTI&district_code=3153&block_name=PARAS%20RAMPUR&block_code=3153001&panchayat_name=LACHHIPUR&panchayat_code=3153001106&fin_year=2025-2026&source=&work_code=3153001106/LD/958486255824901004&msr_no=9292&AttendanceDate=22/03/2026&Digest=EpTKWdT+9zqgTzfi2LE/jg",10
"BASTI","RAMNAGAR","AHIRAULA","3153006002/RC/958486255823594264","6130","https://mnregaweb4.nic.in/nregaarch/View_NMMS_atten_date_dtl_rpt.aspx?page=&short_name=UP&state_name=UTTAR%20PRADESH&state_code=31&district_name=BASTI&district_code=3153&block_name=RAMNAGAR&block_code=3153006&panchayat_name=AHIRAULA&panchayat_code=3153006002&fin_year=2025-2026&source=&work_code=3153006002/RC/958486255823594264&msr_no=6130&AttendanceDate=22/03/2026&Digest=/ok1XuvPptcainnKBbD/fQ",10
"BASTI","RAMNAGAR","BANGAWAN","3153006008/LD/958486255825006435","6063","https://mnregaweb4.nic.in/nregaarch/View_NMMS_atten_date_dtl_rpt.aspx?page=&short_name=UP&state_name=UTTAR%20PRADESH&state_code=31&district_name=BASTI&district_code=3153&block_name=RAMNAGAR&block_code=3153006&panchayat_name=BANGAWAN&panchayat_code=3153006008&fin_year=2025-2026&source=&work_code=3153006008/LD/958486255825006435&msr_no=6063&AttendanceDate=22/03/2026&Digest=3/OoIGMuTv4E8U5VarnuPQ",9
"BASTI","RAMNAGAR","BHIVAPAR","3153006017/RC/958486255823744393","6014","https://mnregaweb4.nic.in/nregaarch/View_NMMS_atten_date_dtl_rpt.aspx?page=&short_name=UP&state_name=UTTAR%20PRADESH&state_code=31&district_name=BASTI&district_code=3153&block_name=RAMNAGAR&block_code=3153006&panchayat_name=BHIVAPAR&panchayat_code=3153006017&fin_year=2025-2026&source=&work_code=3153006017/RC/958486255823744393&msr_no=6014&AttendanceDate=22/03/2026&Digest=Felp91m4iFpSgmFQgrBX4Q",7
"BASTI","RAMNAGAR","LODHAVA","3153006040/LD/958486255824981630","6138","https://mnregaweb4.nic.in/nregaarch/View_NMMS_atten_date_dtl_rpt.aspx?page=&short_name=UP&state_name=UTTAR%20PRADESH&state_code=31&district_name=BASTI&district_code=3153&block_name=RAMNAGAR&block_code=3153006&panchayat_name=LODHAVA&panchayat_code=3153006040&fin_year=2025-2026&source=&work_code=3153006040/LD/958486255824981630&msr_no=6138&AttendanceDate=22/03/2026&Digest=WSpCIs8EeB24Mi0mfvqnyw",3
"BASTI","RAMNAGAR","SAGRA","3153006060/RC/958486255823734707","6120","https://mnregaweb4.nic.in/nregaarch/View_NMMS_atten_date_dtl_rpt.aspx?page=&short_name=UP&state_name=UTTAR%20PRADESH&state_code=31&district_name=BASTI&district_code=3153&block_name=RAMNAGAR&block_code=3153006&panchayat_name=SAGRA&panchayat_code=3153006060&fin_year=2025-2026&source=&work_code=3153006060/RC/958486255823734707&msr_no=6120&AttendanceDate=22/03/2026&Digest=nVO2s2O3kUgxWMnQMo4YCw",5
"BASTI","RUDAULI","BHITEHARA","3153008013/RC/958486255823743222","6005","https://mnregaweb4.nic.in/nregaarch/View_NMMS_atten_date_dtl_rpt.aspx?page=&short_name=UP&state_name=UTTAR%20PRADESH&state_code=31&district_name=BASTI&district_code=3153&block_name=RUDAULI&block_code=3153008&panchayat_name=BHITEHARA&panchayat_code=3153008013&fin_year=2025-2026&source=&work_code=3153008013/RC/958486255823743222&msr_no=6005&AttendanceDate=22/03/2026&Digest=xEt8n/JZbVR2hw2VN8EP6w",3
"BASTI","RUDAULI","DADWA TIWARI","3153008020/RC/958486255823740211","6186","https://mnregaweb4.nic.in/nregaarch/View_NMMS_atten_date_dtl_rpt.aspx?page=&short_name=UP&state_name=UTTAR%20PRADESH&state_code=31&district_name=BASTI&district_code=3153&block_name=RUDAULI&block_code=3153008&panchayat_name=DADWA%20TIWARI&panchayat_code=3153008020&fin_year=2025-2026&source=&work_code=3153008020/RC/958486255823740211&msr_no=6186&AttendanceDate=22/03/2026&Digest=isTa/2mN1O+Vj1384SNQaw",10
"BASTI","RUDAULI","DHARM PURVA","3153008023/RC/958486255823744469","6052","https://mnregaweb4.nic.in/nregaarch/View_NMMS_atten_date_dtl_rpt.aspx?page=&short_name=UP&state_name=UTTAR%20PRADESH&state_code=31&district_name=BASTI&district_code=3153&block_name=RUDAULI&block_code=3153008&panchayat_name=DHARM%20PURVA&panchayat_code=3153008023&fin_year=2025-2026&source=&work_code=3153008023/RC/958486255823744469&msr_no=6052&AttendanceDate=22/03/2026&Digest=7pet8ihhxJ9TCdf8wXqbjA",1
"BASTI","RUDAULI","DUMARI","3153008024/WC/958486255824220837","6138","https://mnregaweb4.nic.in/nregaarch/View_NMMS_atten_date_dtl_rpt.aspx?page=&short_name=UP&state_name=UTTAR%20PRADESH&state_code=31&district_name=BASTI&district_code=3153&block_name=RUDAULI&block_code=3153008&panchayat_name=DUMARI&panchayat_code=3153008024&fin_year=2025-2026&source=&work_code=3153008024/WC/958486255824220837&msr_no=6138&AttendanceDate=22/03/2026&Digest=0D+fuCEXFDLBWid/Hge7Bg",8
"BASTI","RUDAULI","DUMARI","3153008024/WC/958486255824220837","6141","https://mnregaweb4.nic.in/nregaarch/View_NMMS_atten_date_dtl_rpt.aspx?page=&short_name=UP&state_name=UTTAR%20PRADESH&state_code=31&district_name=BASTI&district_code=3153&block_name=RUDAULI&block_code=3153008&panchayat_name=DUMARI&panchayat_code=3153008024&fin_year=2025-2026&source=&work_code=3153008024/WC/958486255824220837&msr_no=6141&AttendanceDate=22/03/2026&Digest=WS7VvA6Laas8U6/LYB0wOQ",9
"BASTI","RUDAULI","DUMARI","3153008024/WH/958486255824013017","6201","https://mnregaweb4.nic.in/nregaarch/View_NMMS_atten_date_dtl_rpt.aspx?page=&short_name=UP&state_name=UTTAR%20PRADESH&state_code=31&district_name=BASTI&district_code=3153&block_name=RUDAULI&block_code=3153008&panchayat_name=DUMARI&panchayat_code=3153008024&fin_year=2025-2026&source=&work_code=3153008024/WH/958486255824013017&msr_no=6201&AttendanceDate=22/03/2026&Digest=R+lqbY6MCiJz89ZtrWpPeQ",10
"BASTI","RUDAULI","HASANI","3153008031/RC/958486255823750097","6073","https://mnregaweb4.nic.in/nregaarch/View_NMMS_atten_date_dtl_rpt.aspx?page=&short_name=UP&state_name=UTTAR%20PRADESH&state_code=31&district_name=BASTI&district_code=3153&block_name=RUDAULI&block_code=3153008&panchayat_name=HASANI&panchayat_code=3153008031&fin_year=2025-2026&source=&work_code=3153008031/RC/958486255823750097&msr_no=6073&AttendanceDate=22/03/2026&Digest=NG6r5XxFxmJDWiFJNZD49Q",6
"BASTI","RUDAULI","KUDAHI","3153008039/RC/958486255823698713","6102","https://mnregaweb4.nic.in/nregaarch/View_NMMS_atten_date_dtl_rpt.aspx?page=&short_name=UP&state_name=UTTAR%20PRADESH&state_code=31&district_name=BASTI&district_code=3153&block_name=RUDAULI&block_code=3153008&panchayat_name=KUDAHI&panchayat_code=3153008039&fin_year=2025-2026&source=&work_code=3153008039/RC/958486255823698713&msr_no=6102&AttendanceDate=22/03/2026&Digest=lV9pw2P2NbWQZ2DNvSnsrQ",8
"BASTI","RUDAULI","MAHUAA PAAR","3153008041/RC/958486255823714154","6038","https://mnregaweb4.nic.in/nregaarch/View_NMMS_atten_date_dtl_rpt.aspx?page=&short_name=UP&state_name=UTTAR%20PRADESH&state_code=31&district_name=BASTI&district_code=3153&block_name=RUDAULI&block_code=3153008&panchayat_name=MAHUAA%20PAAR&panchayat_code=3153008041&fin_year=2025-2026&source=&work_code=3153008041/RC/958486255823714154&msr_no=6038&AttendanceDate=22/03/2026&Digest=PTaO/B2mTKTAGivkjJVJhw",6
"BASTI","RUDAULI","MAHUAA PAAR","3153008041/RC/958486255823714154","6166","https://mnregaweb4.nic.in/nregaarch/View_NMMS_atten_date_dtl_rpt.aspx?page=&short_name=UP&state_name=UTTAR%20PRADESH&state_code=31&district_name=BASTI&district_code=3153&block_name=RUDAULI&block_code=3153008&panchayat_name=MAHUAA%20PAAR&panchayat_code=3153008041&fin_year=2025-2026&source=&work_code=3153008041/RC/958486255823714154&msr_no=6166&AttendanceDate=22/03/2026&Digest=CzsAjegVB2I5Tmi2cTLUyg",8
"BASTI","RUDAULI","MAHUAA PAAR","3153008041/RC/958486255823714155","6176","https://mnregaweb4.nic.in/nregaarch/View_NMMS_atten_date_dtl_rpt.aspx?page=&short_name=UP&state_name=UTTAR%20PRADESH&state_code=31&district_name=BASTI&district_code=3153&block_name=RUDAULI&block_code=3153008&panchayat_name=MAHUAA%20PAAR&panchayat_code=3153008041&fin_year=2025-2026&source=&work_code=3153008041/RC/958486255823714155&msr_no=6176&AttendanceDate=22/03/2026&Digest=uTO95+Gb1ZsX5cLF/brnMw",9
"BASTI","RUDAULI","MISHRAULIA BHAIYA","3153008045/RC/958486255823692935","6024","https://mnregaweb4.nic.in/nregaarch/View_NMMS_atten_date_dtl_rpt.aspx?page=&short_name=UP&state_name=UTTAR%20PRADESH&state_code=31&district_name=BASTI&district_code=3153&block_name=RUDAULI&block_code=3153008&panchayat_name=MISHRAULIA%20BHAIYA&panchayat_code=3153008045&fin_year=2025-2026&source=&work_code=3153008045/RC/958486255823692935&msr_no=6024&AttendanceDate=22/03/2026&Digest=J1RZTp6/ZM6iDi3qD+aXcQ",2
"BASTI","RUDAULI","PADARI","3153008052/RC/958486255823713423","6121","https://mnregaweb4.nic.in/nregaarch/View_NMMS_atten_date_dtl_rpt.aspx?page=&short_name=UP&state_name=UTTAR%20PRADESH&state_code=31&district_name=BASTI&district_code=3153&block_name=RUDAULI&block_code=3153008&panchayat_name=PADARI&panchayat_code=3153008052&fin_year=2025-2026&source=&work_code=3153008052/RC/958486255823713423&msr_no=6121&AttendanceDate=22/03/2026&Digest=bbRW5KIK4LpQ4J1JPPXHfQ",2
"BASTI","RUDAULI","PADARI","3153008052/RC/958486255823713425","6115","https://mnregaweb4.nic.in/nregaarch/View_NMMS_atten_date_dtl_rpt.aspx?page=&short_name=UP&state_name=UTTAR%20PRADESH&state_code=31&district_name=BASTI&district_code=3153&block_name=RUDAULI&block_code=3153008&panchayat_name=PADARI&panchayat_code=3153008052&fin_year=2025-2026&source=&work_code=3153008052/RC/958486255823713425&msr_no=6115&AttendanceDate=22/03/2026&Digest=OypSPY8Nm297E6wMnBFosw",4
"BASTI","RUDAULI","PADARI","3153008052/RC/958486255823716448","6117","https://mnregaweb4.nic.in/nregaarch/View_NMMS_atten_date_dtl_rpt.aspx?page=&short_name=UP&state_name=UTTAR%20PRADESH&state_code=31&district_name=BASTI&district_code=3153&block_name=RUDAULI&block_code=3153008&panchayat_name=PADARI&panchayat_code=3153008052&fin_year=2025-2026&source=&work_code=3153008052/RC/958486255823716448&msr_no=6117&AttendanceDate=22/03/2026&Digest=cH1Rr7UQcawezaZrJ2NALQ",3
"BASTI","RUDAULI","SEHUDA KALA","3153008064/WC/958486255824246148","5895","https://mnregaweb4.nic.in/nregaarch/View_NMMS_atten_date_dtl_rpt.aspx?page=&short_name=UP&state_name=UTTAR%20PRADESH&state_code=31&district_name=BASTI&district_code=3153&block_name=RUDAULI&block_code=3153008&panchayat_name=SEHUDA%20KALA&panchayat_code=3153008064&fin_year=2025-2026&source=&work_code=3153008064/WC/958486255824246148&msr_no=5895&AttendanceDate=22/03/2026&Digest=zwVlJyae3M66qbXbZoY2bw",9
"BASTI","RUDAULI","SURVAR KHURD","3153008066/RC/958486255823631346","6047","https://mnregaweb4.nic.in/nregaarch/View_NMMS_atten_date_dtl_rpt.aspx?page=&short_name=UP&state_name=UTTAR%20PRADESH&state_code=31&district_name=BASTI&district_code=3153&block_name=RUDAULI&block_code=3153008&panchayat_name=SURVAR%20KHURD&panchayat_code=3153008066&fin_year=2025-2026&source=&work_code=3153008066/RC/958486255823631346&msr_no=6047&AttendanceDate=22/03/2026&Digest=9GOpsVS/PJEYn+VeY3dvew",6
"BASTI","RUDAULI","JIGINA","3153008075/RC/958486255823686634","6094","https://mnregaweb4.nic.in/nregaarch/View_NMMS_atten_date_dtl_rpt.aspx?page=&short_name=UP&state_name=UTTAR%20PRADESH&state_code=31&district_name=BASTI&district_code=3153&block_name=RUDAULI&block_code=3153008&panchayat_name=JIGINA&panchayat_code=3153008075&fin_year=2025-2026&source=&work_code=3153008075/RC/958486255823686634&msr_no=6094&AttendanceDate=22/03/2026&Digest=AJq1qx2cm3ZUrpcP5BCxEg",8
"BASTI","RUDAULI","JIGINA","3153008075/WH/958486255824009061","5997","https://mnregaweb4.nic.in/nregaarch/View_NMMS_atten_date_dtl_rpt.aspx?page=&short_name=UP&state_name=UTTAR%20PRADESH&state_code=31&district_name=BASTI&district_code=3153&block_name=RUDAULI&block_code=3153008&panchayat_name=JIGINA&panchayat_code=3153008075&fin_year=2025-2026&source=&work_code=3153008075/WH/958486255824009061&msr_no=5997&AttendanceDate=22/03/2026&Digest=Q697372E9aBcarMlbOeeCg",8
"BASTI","SALTAUA GOPAL PUR","AJGAIWA JUNGAL","3153007004/AV/958486255824153968","5447","https://mnregaweb4.nic.in/nregaarch/View_NMMS_atten_date_dtl_rpt.aspx?page=&short_name=UP&state_name=UTTAR%20PRADESH&state_code=31&district_name=BASTI&district_code=3153&block_name=SALTAUA%20GOPAL%20PUR&block_code=3153007&panchayat_name=AJGAIWA%20JUNGAL&panchayat_code=3153007004&fin_year=2025-2026&source=&work_code=3153007004/AV/958486255824153968&msr_no=5447&AttendanceDate=22/03/2026&Digest=2ipDaeNN6ekGmkSJ8UE8PA",5
"BASTI","SALTAUA GOPAL PUR","AMRAULI SHUMALI","3153007006/DP/958486255824204315","5504","https://mnregaweb4.nic.in/nregaarch/View_NMMS_atten_date_dtl_rpt.aspx?page=&short_name=UP&state_name=UTTAR%20PRADESH&state_code=31&district_name=BASTI&district_code=3153&block_name=SALTAUA%20GOPAL%20PUR&block_code=3153007&panchayat_name=AMRAULI%20SHUMALI&panchayat_code=3153007006&fin_year=2025-2026&source=&work_code=3153007006/DP/958486255824204315&msr_no=5504&AttendanceDate=22/03/2026&Digest=IefgNjsNyAWRtUzDzAgk0g",4
"BASTI","SALTAUA GOPAL PUR","AUD JANGAL","3153007007/LD/958486255824828418","5343","https://mnregaweb4.nic.in/nregaarch/View_NMMS_atten_date_dtl_rpt.aspx?page=&short_name=UP&state_name=UTTAR%20PRADESH&state_code=31&district_name=BASTI&district_code=3153&block_name=SALTAUA%20GOPAL%20PUR&block_code=3153007&panchayat_name=AUD%20JANGAL&panchayat_code=3153007007&fin_year=2025-2026&source=&work_code=3153007007/LD/958486255824828418&msr_no=5343&AttendanceDate=22/03/2026&Digest=XmRi8JprAa4Z2q2tWcU94w",8
"BASTI","SALTAUA GOPAL PUR","BANJARIYA","3153007010/RC/958486255823740667","5441","https://mnregaweb4.nic.in/nregaarch/View_NMMS_atten_date_dtl_rpt.aspx?page=&short_name=UP&state_name=UTTAR%20PRADESH&state_code=31&district_name=BASTI&district_code=3153&block_name=SALTAUA%20GOPAL%20PUR&block_code=3153007&panchayat_name=BANJARIYA&panchayat_code=3153007010&fin_year=2025-2026&source=&work_code=3153007010/RC/958486255823740667&msr_no=5441&AttendanceDate=22/03/2026&Digest=KkvnLwY2MUTVCcBVCv23mA",3
"BASTI","SALTAUA GOPAL PUR","GORKHAR","3153007027/RC/958486255823702991","5372","https://mnregaweb4.nic.in/nregaarch/View_NMMS_atten_date_dtl_rpt.aspx?page=&short_name=UP&state_name=UTTAR%20PRADESH&state_code=31&district_name=BASTI&district_code=3153&block_name=SALTAUA%20GOPAL%20PUR&block_code=3153007&panchayat_name=GORKHAR&panchayat_code=3153007027&fin_year=2025-2026&source=&work_code=3153007027/RC/958486255823702991&msr_no=5372&AttendanceDate=22/03/2026&Digest=QjrLrJcXLlqglWF6YBgIHA",7
"BASTI","RUDAULI","MAGHAUWA KALA II","3153008040/LD/YD/958486255825004545","6034","https://mnregaweb4.nic.in/nregaarch/View_NMMS_atten_date_dtl_rpt.aspx?page=&short_name=UP&state_name=UTTAR%20PRADESH&state_code=31&district_name=BASTI&district_code=3153&block_name=RUDAULI&block_code=3153008&panchayat_name=MAGHAUWA%20KALA%20II&panchayat_code=3153008040&fin_year=2025-2026&source=&work_code=3153008040/LD/YD/958486255825004545&msr_no=6034&AttendanceDate=22/03/2026&Digest=aQTEzFWulLECzlPbOBvj1A",8
"BASTI","RUDAULI","MAHUAA PAAR","3153008041/RC/958486255823735731","6172","https://mnregaweb4.nic.in/nregaarch/View_NMMS_atten_date_dtl_rpt.aspx?page=&short_name=UP&state_name=UTTAR%20PRADESH&state_code=31&district_name=BASTI&district_code=3153&block_name=RUDAULI&block_code=3153008&panchayat_name=MAHUAA%20PAAR&panchayat_code=3153008041&fin_year=2025-2026&source=&work_code=3153008041/RC/958486255823735731&msr_no=6172&AttendanceDate=22/03/2026&Digest=wb67MGlYct9Llv1Sfaiyng",5
"BASTI","RUDAULI","SEHUDA KALA","3153008064/AV/958486255824174633","6129","https://mnregaweb4.nic.in/nregaarch/View_NMMS_atten_date_dtl_rpt.aspx?page=&short_name=UP&state_name=UTTAR%20PRADESH&state_code=31&district_name=BASTI&district_code=3153&block_name=RUDAULI&block_code=3153008&panchayat_name=SEHUDA%20KALA&panchayat_code=3153008064&fin_year=2025-2026&source=&work_code=3153008064/AV/958486255824174633&msr_no=6129&AttendanceDate=22/03/2026&Digest=yfnKrtW1o9kKF8KolKUcnA",2
"BASTI","RUDAULI","SEHUDA KALA","3153008064/WC/958486255824246148","5897","https://mnregaweb4.nic.in/nregaarch/View_NMMS_atten_date_dtl_rpt.aspx?page=&short_name=UP&state_name=UTTAR%20PRADESH&state_code=31&district_name=BASTI&district_code=3153&block_name=RUDAULI&block_code=3153008&panchayat_name=SEHUDA%20KALA&panchayat_code=3153008064&fin_year=2025-2026&source=&work_code=3153008064/WC/958486255824246148&msr_no=5897&AttendanceDate=22/03/2026&Digest=TLcqqAKMPSbWLKGTMHcHNg",6
"BASTI","RUDAULI","SURVAR KALA","3153008067/RC/958486255823717196","6194","https://mnregaweb4.nic.in/nregaarch/View_NMMS_atten_date_dtl_rpt.aspx?page=&short_name=UP&state_name=UTTAR%20PRADESH&state_code=31&district_name=BASTI&district_code=3153&block_name=RUDAULI&block_code=3153008&panchayat_name=SURVAR%20KALA&panchayat_code=3153008067&fin_year=2025-2026&source=&work_code=3153008067/RC/958486255823717196&msr_no=6194&AttendanceDate=22/03/2026&Digest=OduPNOcWIUptU0vatt2K6A",2
"BASTI","SALTAUA GOPAL PUR","AJGAIWA JUNGAL","3153007004/AV/958486255824153968","5446","https://mnregaweb4.nic.in/nregaarch/View_NMMS_atten_date_dtl_rpt.aspx?page=&short_name=UP&state_name=UTTAR%20PRADESH&state_code=31&district_name=BASTI&district_code=3153&block_name=SALTAUA%20GOPAL%20PUR&block_code=3153007&panchayat_name=AJGAIWA%20JUNGAL&panchayat_code=3153007004&fin_year=2025-2026&source=&work_code=3153007004/AV/958486255824153968&msr_no=5446&AttendanceDate=22/03/2026&Digest=GNCqUA7YpkCsudr4nKkXiQ",5
"BASTI","SALTAUA GOPAL PUR","AUD JANGAL","3153007007/LD/958486255824828418","5342","https://mnregaweb4.nic.in/nregaarch/View_NMMS_atten_date_dtl_rpt.aspx?page=&short_name=UP&state_name=UTTAR%20PRADESH&state_code=31&district_name=BASTI&district_code=3153&block_name=SALTAUA%20GOPAL%20PUR&block_code=3153007&panchayat_name=AUD%20JANGAL&panchayat_code=3153007007&fin_year=2025-2026&source=&work_code=3153007007/LD/958486255824828418&msr_no=5342&AttendanceDate=22/03/2026&Digest=PRXbnzou1V3mY4YbrzF+FQ",10
"BASTI","SALTAUA GOPAL PUR","BASTHANWA","3153007015/LD/958486255824639495","5376","https://mnregaweb4.nic.in/nregaarch/View_NMMS_atten_date_dtl_rpt.aspx?page=&short_name=UP&state_name=UTTAR%20PRADESH&state_code=31&district_name=BASTI&district_code=3153&block_name=SALTAUA%20GOPAL%20PUR&block_code=3153007&panchayat_name=BASTHANWA&panchayat_code=3153007015&fin_year=2025-2026&source=&work_code=3153007015/LD/958486255824639495&msr_no=5376&AttendanceDate=22/03/2026&Digest=sFfBm5aMEvRFKbMrBzNy6A",8
"BASTI","SALTAUA GOPAL PUR","BASTHANWA","3153007015/LD/958486255824639495","5405","https://mnregaweb4.nic.in/nregaarch/View_NMMS_atten_date_dtl_rpt.aspx?page=&short_name=UP&state_name=UTTAR%20PRADESH&state_code=31&district_name=BASTI&district_code=3153&block_name=SALTAUA%20GOPAL%20PUR&block_code=3153007&panchayat_name=BASTHANWA&panchayat_code=3153007015&fin_year=2025-2026&source=&work_code=3153007015/LD/958486255824639495&msr_no=5405&AttendanceDate=22/03/2026&Digest=l4Cuc0U8uicmgw8SJh5fhA",3
"BASTI","SALTAUA GOPAL PUR","BELWADAD","3153007017/RC/958486255823742281","5494","https://mnregaweb4.nic.in/nregaarch/View_NMMS_atten_date_dtl_rpt.aspx?page=&short_name=UP&state_name=UTTAR%20PRADESH&state_code=31&district_name=BASTI&district_code=3153&block_name=SALTAUA%20GOPAL%20PUR&block_code=3153007&panchayat_name=BELWADAD&panchayat_code=3153007017&fin_year=2025-2026&source=&work_code=3153007017/RC/958486255823742281&msr_no=5494&AttendanceDate=22/03/2026&Digest=Kc3OxEiv3VNDMIAzets5mQ",5
"BASTI","SALTAUA GOPAL PUR","TENUWA","3153007020/LD/958486255824769941","5456","https://mnregaweb4.nic.in/nregaarch/View_NMMS_atten_date_dtl_rpt.aspx?page=&short_name=UP&state_name=UTTAR%20PRADESH&state_code=31&district_name=BASTI&district_code=3153&block_name=SALTAUA%20GOPAL%20PUR&block_code=3153007&panchayat_name=TENUWA&panchayat_code=3153007020&fin_year=2025-2026&source=&work_code=3153007020/LD/958486255824769941&msr_no=5456&AttendanceDate=22/03/2026&Digest=cPAZebUF9zo9ABT+ve/jJg",7
"BASTI","SALTAUA GOPAL PUR","JOGIA JUDI KUAIYA","3153007034/WH/958486255824010482","5385","https://mnregaweb4.nic.in/nregaarch/View_NMMS_atten_date_dtl_rpt.aspx?page=&short_name=UP&state_name=UTTAR%20PRADESH&state_code=31&district_name=BASTI&district_code=3153&block_name=SALTAUA%20GOPAL%20PUR&block_code=3153007&panchayat_name=JOGIA%20JUDI%20KUAIYA&panchayat_code=3153007034&fin_year=2025-2026&source=&work_code=3153007034/WH/958486255824010482&msr_no=5385&AttendanceDate=22/03/2026&Digest=daIVIO9saZnFf4vnynzZlw",9
"BASTI","SALTAUA GOPAL PUR","NEWADA","3153007052/AV/958486255824177602","5461","https://mnregaweb4.nic.in/nregaarch/View_NMMS_atten_date_dtl_rpt.aspx?page=&short_name=UP&state_name=UTTAR%20PRADESH&state_code=31&district_name=BASTI&district_code=3153&block_name=SALTAUA%20GOPAL%20PUR&block_code=3153007&panchayat_name=NEWADA&panchayat_code=3153007052&fin_year=2025-2026&source=&work_code=3153007052/AV/958486255824177602&msr_no=5461&AttendanceDate=22/03/2026&Digest=vnvfPe2TyJwXxbVweBAlRQ",9
"BASTI","SALTAUA GOPAL PUR","NEWADA","3153007052/RC/958486255823671394","5509","https://mnregaweb4.nic.in/nregaarch/View_NMMS_atten_date_dtl_rpt.aspx?page=&short_name=UP&state_name=UTTAR%20PRADESH&state_code=31&district_name=BASTI&district_code=3153&block_name=SALTAUA%20GOPAL%20PUR&block_code=3153007&panchayat_name=NEWADA&panchayat_code=3153007052&fin_year=2025-2026&source=&work_code=3153007052/RC/958486255823671394&msr_no=5509&AttendanceDate=22/03/2026&Digest=Vl9Y5XkxkA8mBYF90o7sRw",3
"BASTI","SALTAUA GOPAL PUR","SUBHAI","3153007078/RC/958486255823677087","5500","https://mnregaweb4.nic.in/nregaarch/View_NMMS_atten_date_dtl_rpt.aspx?page=&short_name=UP&state_name=UTTAR%20PRADESH&state_code=31&district_name=BASTI&district_code=3153&block_name=SALTAUA%20GOPAL%20PUR&block_code=3153007&panchayat_name=SUBHAI&panchayat_code=3153007078&fin_year=2025-2026&source=&work_code=3153007078/RC/958486255823677087&msr_no=5500&AttendanceDate=22/03/2026&Digest=VNdG/Lj2cluBE5iManjViQ",10
"BASTI","SALTAUA GOPAL PUR","PACHANU","3153007094/RC/958486255823666847","5364","https://mnregaweb4.nic.in/nregaarch/View_NMMS_atten_date_dtl_rpt.aspx?page=&short_name=UP&state_name=UTTAR%20PRADESH&state_code=31&district_name=BASTI&district_code=3153&block_name=SALTAUA%20GOPAL%20PUR&block_code=3153007&panchayat_name=PACHANU&panchayat_code=3153007094&fin_year=2025-2026&source=&work_code=3153007094/RC/958486255823666847&msr_no=5364&AttendanceDate=22/03/2026&Digest=5i/1cejikvl3brgccsAI5Q",9
"BASTI","SALTAUA GOPAL PUR","PACHANU","3153007094/WH/958486255824008455","5367","https://mnregaweb4.nic.in/nregaarch/View_NMMS_atten_date_dtl_rpt.aspx?page=&short_name=UP&state_name=UTTAR%20PRADESH&state_code=31&district_name=BASTI&district_code=3153&block_name=SALTAUA%20GOPAL%20PUR&block_code=3153007&panchayat_name=PACHANU&panchayat_code=3153007094&fin_year=2025-2026&source=&work_code=3153007094/WH/958486255824008455&msr_no=5367&AttendanceDate=22/03/2026&Digest=3Wkk+l8n8HLQvyEx9unPEg",1
"BASTI","SAU GHAT","ANDA","3153009002/RC/958486255823685103","3384","https://mnregaweb4.nic.in/nregaarch/View_NMMS_atten_date_dtl_rpt.aspx?page=&short_name=UP&state_name=UTTAR%20PRADESH&state_code=31&district_name=BASTI&district_code=3153&block_name=SAU%20GHAT&block_code=3153009&panchayat_name=ANDA&panchayat_code=3153009002&fin_year=2025-2026&source=&work_code=3153009002/RC/958486255823685103&msr_no=3384&AttendanceDate=22/03/2026&Digest=Soq2DUzpP9qmk1Gs65V4FA",4
"BASTI","SAU GHAT","ANDA","3153009002/RC/958486255823685103","3390","https://mnregaweb4.nic.in/nregaarch/View_NMMS_atten_date_dtl_rpt.aspx?page=&short_name=UP&state_name=UTTAR%20PRADESH&state_code=31&district_name=BASTI&district_code=3153&block_name=SAU%20GHAT&block_code=3153009&panchayat_name=ANDA&panchayat_code=3153009002&fin_year=2025-2026&source=&work_code=3153009002/RC/958486255823685103&msr_no=3390&AttendanceDate=22/03/2026&Digest=6FBaRlfk0TYCnkebc+RPGA",2
"BASTI","SAU GHAT","BANAK SAHI","3153009006/RC/958486255823654240","3335","https://mnregaweb4.nic.in/nregaarch/View_NMMS_atten_date_dtl_rpt.aspx?page=&short_name=UP&state_name=UTTAR%20PRADESH&state_code=31&district_name=BASTI&district_code=3153&block_name=SAU%20GHAT&block_code=3153009&panchayat_name=BANAK%20SAHI&panchayat_code=3153009006&fin_year=2025-2026&source=&work_code=3153009006/RC/958486255823654240&msr_no=3335&AttendanceDate=22/03/2026&Digest=A+KHDd0R2YagoRYPUTBvzA",8
"BASTI","SAU GHAT","BYOTHRA","3153009015/RC/958486255823587028","3367","https://mnregaweb4.nic.in/nregaarch/View_NMMS_atten_date_dtl_rpt.aspx?page=&short_name=UP&state_name=UTTAR%20PRADESH&state_code=31&district_name=BASTI&district_code=3153&block_name=SAU%20GHAT&block_code=3153009&panchayat_name=BYOTHRA&panchayat_code=3153009015&fin_year=2025-2026&source=&work_code=3153009015/RC/958486255823587028&msr_no=3367&AttendanceDate=22/03/2026&Digest=PekDAXeXpE7Fyl2ViNQMBg",2
"BASTI","SAU GHAT","JHARKATIYA","3153009028/RC/958486255823751269","3374","https://mnregaweb4.nic.in/nregaarch/View_NMMS_atten_date_dtl_rpt.aspx?page=&short_name=UP&state_name=UTTAR%20PRADESH&state_code=31&district_name=BASTI&district_code=3153&block_name=SAU%20GHAT&block_code=3153009&panchayat_name=JHARKATIYA&panchayat_code=3153009028&fin_year=2025-2026&source=&work_code=3153009028/RC/958486255823751269&msr_no=3374&AttendanceDate=22/03/2026&Digest=PUIxz8AEtGcWsce001fPhg",8
"BASTI","VIKRAM JOT","ATRAURA JHAM","3153004004/RC/958486255823725256","5850","https://mnregaweb4.nic.in/nregaarch/View_NMMS_atten_date_dtl_rpt.aspx?page=&short_name=UP&state_name=UTTAR%20PRADESH&state_code=31&district_name=BASTI&district_code=3153&block_name=VIKRAM%20JOT&block_code=3153004&panchayat_name=ATRAURA%20JHAM&panchayat_code=3153004004&fin_year=2025-2026&source=&work_code=3153004004/RC/958486255823725256&msr_no=5850&AttendanceDate=22/03/2026&Digest=PQ+cjqbB7URO2uJ6sEmS2Q",1
"BASTI","VIKRAM JOT","AURANGABAD","3153004005/LD/958486255824919627","5799","https://mnregaweb4.nic.in/nregaarch/View_NMMS_atten_date_dtl_rpt.aspx?page=&short_name=UP&state_name=UTTAR%20PRADESH&state_code=31&district_name=BASTI&district_code=3153&block_name=VIKRAM%20JOT&block_code=3153004&panchayat_name=AURANGABAD&panchayat_code=3153004005&fin_year=2025-2026&source=&work_code=3153004005/LD/958486255824919627&msr_no=5799&AttendanceDate=22/03/2026&Digest=sU/DenHwcSCCtI9NlAajkw",5
"BASTI","VIKRAM JOT","BABHRAULI","3153004010/RC/958486255823748199","5746","https://mnregaweb4.nic.in/nregaarch/View_NMMS_atten_date_dtl_rpt.aspx?page=&short_name=UP&state_name=UTTAR%20PRADESH&state_code=31&district_name=BASTI&district_code=3153&block_name=VIKRAM%20JOT&block_code=3153004&panchayat_name=BABHRAULI&panchayat_code=3153004010&fin_year=2025-2026&source=&work_code=3153004010/RC/958486255823748199&msr_no=5746&AttendanceDate=22/03/2026&Digest=uVaGCAiev7J+sxADb5NbXQ",1
"BASTI","VIKRAM JOT","DAHDA MISHRA","3153004015/LD/958486255824958089","5808","https://mnregaweb4.nic.in/nregaarch/View_NMMS_atten_date_dtl_rpt.aspx?page=&short_name=UP&state_name=UTTAR%20PRADESH&state_code=31&district_name=BASTI&district_code=3153&block_name=VIKRAM%20JOT&block_code=3153004&panchayat_name=DAHDA%20MISHRA&panchayat_code=3153004015&fin_year=2025-2026&source=&work_code=3153004015/LD/958486255824958089&msr_no=5808&AttendanceDate=22/03/2026&Digest=MowRCFsSVOlCGdA33kHCVA",8
"BASTI","VIKRAM JOT","DHAURAHRA CHAUHAN","3153004018/LD/958486255824989950","5956","https://mnregaweb4.nic.in/nregaarch/View_NMMS_atten_date_dtl_rpt.aspx?page=&short_name=UP&state_name=UTTAR%20PRADESH&state_code=31&district_name=BASTI&district_code=3153&block_name=VIKRAM%20JOT&block_code=3153004&panchayat_name=DHAURAHRA%20CHAUHAN&panchayat_code=3153004018&fin_year=2025-2026&source=&work_code=3153004018/LD/958486255824989950&msr_no=5956&AttendanceDate=22/03/2026&Digest=OQOCOkX2ia5gxoCB9H+jWw",9
"BASTI","VIKRAM JOT","DHAURAHRA CHAUHAN","3153004018/LD/958486255824989950","5959","https://mnregaweb4.nic.in/nregaarch/View_NMMS_atten_date_dtl_rpt.aspx?page=&short_name=UP&state_name=UTTAR%20PRADESH&state_code=31&district_name=BASTI&district_code=3153&block_name=VIKRAM%20JOT&block_code=3153004&panchayat_name=DHAURAHRA%20CHAUHAN&panchayat_code=3153004018&fin_year=2025-2026&source=&work_code=3153004018/LD/958486255824989950&msr_no=5959&AttendanceDate=22/03/2026&Digest=GgWM4MjswvcrAhxylSqo+w",8
"BASTI","VIKRAM JOT","DHIRAULI BABU","3153004019/RC/958486255823745150","5729","https://mnregaweb4.nic.in/nregaarch/View_NMMS_atten_date_dtl_rpt.aspx?page=&short_name=UP&state_name=UTTAR%20PRADESH&state_code=31&district_name=BASTI&district_code=3153&block_name=VIKRAM%20JOT&block_code=3153004&panchayat_name=DHIRAULI%20BABU&panchayat_code=3153004019&fin_year=2025-2026&source=&work_code=3153004019/RC/958486255823745150&msr_no=5729&AttendanceDate=22/03/2026&Digest=mgUh05S5Qw0ENxa0bhCagA",7
"BASTI","VIKRAM JOT","HAREVA SHUKLA","3153004025/RC/958486255823745135","5763","https://mnregaweb4.nic.in/nregaarch/View_NMMS_atten_date_dtl_rpt.aspx?page=&short_name=UP&state_name=UTTAR%20PRADESH&state_code=31&district_name=BASTI&district_code=3153&block_name=VIKRAM%20JOT&block_code=3153004&panchayat_name=HAREVA%20SHUKLA&panchayat_code=3153004025&fin_year=2025-2026&source=&work_code=3153004025/RC/958486255823745135&msr_no=5763&AttendanceDate=22/03/2026&Digest=OBLwpc3p4ILJDND43Jg+9A",1
"BASTI","VIKRAM JOT","KHATAMSARAY","3153004034/LD/958486255824995840","5784","https://mnregaweb4.nic.in/nregaarch/View_NMMS_atten_date_dtl_rpt.aspx?page=&short_name=UP&state_name=UTTAR%20PRADESH&state_code=31&district_name=BASTI&district_code=3153&block_name=VIKRAM%20JOT&block_code=3153004&panchayat_name=KHATAMSARAY&panchayat_code=3153004034&fin_year=2025-2026&source=&work_code=3153004034/LD/958486255824995840&msr_no=5784&AttendanceDate=22/03/2026&Digest=XcEH+/1LEEzbkeluExhogQ",5
"BASTI","VIKRAM JOT","KHATAMSARAY","3153004034/LD/958486255825003179","5825","https://mnregaweb4.nic.in/nregaarch/View_NMMS_atten_date_dtl_rpt.aspx?page=&short_name=UP&state_name=UTTAR%20PRADESH&state_code=31&district_name=BASTI&district_code=3153&block_name=VIKRAM%20JOT&block_code=3153004&panchayat_name=KHATAMSARAY&panchayat_code=3153004034&fin_year=2025-2026&source=&work_code=3153004034/LD/958486255825003179&msr_no=5825&AttendanceDate=22/03/2026&Digest=QDW3EcEvxtFcfp7+f2XS+w",10
"BASTI","VIKRAM JOT","KUANGAON","3153004037/FP/958486255823617398","5790","https://mnregaweb4.nic.in/nregaarch/View_NMMS_atten_date_dtl_rpt.aspx?page=&short_name=UP&state_name=UTTAR%20PRADESH&state_code=31&district_name=BASTI&district_code=3153&block_name=VIKRAM%20JOT&block_code=3153004&panchayat_name=KUANGAON&panchayat_code=3153004037&fin_year=2025-2026&source=&work_code=3153004037/FP/958486255823617398&msr_no=5790&AttendanceDate=22/03/2026&Digest=fX5pI8pDd3r7xCX8LZwgTg",7
"BASTI","VIKRAM JOT","LAJGHATA","3153004038/LD/958486255824829955","5841","https://mnregaweb4.nic.in/nregaarch/View_NMMS_atten_date_dtl_rpt.aspx?page=&short_name=UP&state_name=UTTAR%20PRADESH&state_code=31&district_name=BASTI&district_code=3153&block_name=VIKRAM%20JOT&block_code=3153004&panchayat_name=LAJGHATA&panchayat_code=3153004038&fin_year=2025-2026&source=&work_code=3153004038/LD/958486255824829955&msr_no=5841&AttendanceDate=22/03/2026&Digest=4l58n0xpZAkOIjImv5X7GQ",1
"BASTI","VIKRAM JOT","MADNA MAJHA","3153004040/LD/958486255824916796","5814","https://mnregaweb4.nic.in/nregaarch/View_NMMS_atten_date_dtl_rpt.aspx?page=&short_name=UP&state_name=UTTAR%20PRADESH&state_code=31&district_name=BASTI&district_code=3153&block_name=VIKRAM%20JOT&block_code=3153004&panchayat_name=MADNA%20MAJHA&panchayat_code=3153004040&fin_year=2025-2026&source=&work_code=3153004040/LD/958486255824916796&msr_no=5814&AttendanceDate=22/03/2026&Digest=kXtrpnQ7S9JOIWi52npBsw",7
"BASTI","VIKRAM JOT","MALHNI","3153004042/WC/958486255824216389","5870","https://mnregaweb4.nic.in/nregaarch/View_NMMS_atten_date_dtl_rpt.aspx?page=&short_name=UP&state_name=UTTAR%20PRADESH&state_code=31&district_name=BASTI&district_code=3153&block_name=VIKRAM%20JOT&block_code=3153004&panchayat_name=MALHNI&panchayat_code=3153004042&fin_year=2025-2026&source=&work_code=3153004042/WC/958486255824216389&msr_no=5870&AttendanceDate=22/03/2026&Digest=cpV1PlTyhcamNHjyRNogGg",8
"BASTI","VIKRAM JOT","EKMA HIRANIYA","3153004043/RC/958486255823725143","5960","https://mnregaweb4.nic.in/nregaarch/View_NMMS_atten_date_dtl_rpt.aspx?page=&short_name=UP&state_name=UTTAR%20PRADESH&state_code=31&district_name=BASTI&district_code=3153&block_name=VIKRAM%20JOT&block_code=3153004&panchayat_name=EKMA%20HIRANIYA&panchayat_code=3153004043&fin_year=2025-2026&source=&work_code=3153004043/RC/958486255823725143&msr_no=5960&AttendanceDate=22/03/2026&Digest=P5PySKMhrIswnGiVNzEW5w",10
"BASTI","VIKRAM JOT","EKMA HIRANIYA","3153004043/WC/958486255824231525","5854","https://mnregaweb4.nic.in/nregaarch/View_NMMS_atten_date_dtl_rpt.aspx?page=&short_name=UP&state_name=UTTAR%20PRADESH&state_code=31&district_name=BASTI&district_code=3153&block_name=VIKRAM%20JOT&block_code=3153004&panchayat_name=EKMA%20HIRANIYA&panchayat_code=3153004043&fin_year=2025-2026&source=&work_code=3153004043/WC/958486255824231525&msr_no=5854&AttendanceDate=22/03/2026&Digest=PGNtypx78TGVl+pIm5sk+A",3
"BASTI","VIKRAM JOT","EKMA HIRANIYA","3153004043/WC/958486255824231525","5857","https://mnregaweb4.nic.in/nregaarch/View_NMMS_atten_date_dtl_rpt.aspx?page=&short_name=UP&state_name=UTTAR%20PRADESH&state_code=31&district_name=BASTI&district_code=3153&block_name=VIKRAM%20JOT&block_code=3153004&panchayat_name=EKMA%20HIRANIYA&panchayat_code=3153004043&fin_year=2025-2026&source=&work_code=3153004043/WC/958486255824231525&msr_no=5857&AttendanceDate=22/03/2026&Digest=ddr14YiFPBYIv7gTCwKo8g",9
"BASTI","RUDAULI","DADWA TIWARI","3153008020/RC/958486255823744882","5964","https://mnregaweb4.nic.in/nregaarch/View_NMMS_atten_date_dtl_rpt.aspx?page=&short_name=UP&state_name=UTTAR%20PRADESH&state_code=31&district_name=BASTI&district_code=3153&block_name=RUDAULI&block_code=3153008&panchayat_name=DADWA%20TIWARI&panchayat_code=3153008020&fin_year=2025-2026&source=&work_code=3153008020/RC/958486255823744882&msr_no=5964&AttendanceDate=22/03/2026&Digest=dU5vRgDzOI/oxdptXoAh5Q",4
"BASTI","RUDAULI","DUMARI","3153008024/WH/958486255824013017","6202","https://mnregaweb4.nic.in/nregaarch/View_NMMS_atten_date_dtl_rpt.aspx?page=&short_name=UP&state_name=UTTAR%20PRADESH&state_code=31&district_name=BASTI&district_code=3153&block_name=RUDAULI&block_code=3153008&panchayat_name=DUMARI&panchayat_code=3153008024&fin_year=2025-2026&source=&work_code=3153008024/WH/958486255824013017&msr_no=6202&AttendanceDate=22/03/2026&Digest=gazVuYKbBTCehIOrMHY3WQ",10
"BASTI","RUDAULI","HANUMAN GANG","3153008029/RC/958486255823732919","5915","https://mnregaweb4.nic.in/nregaarch/View_NMMS_atten_date_dtl_rpt.aspx?page=&short_name=UP&state_name=UTTAR%20PRADESH&state_code=31&district_name=BASTI&district_code=3153&block_name=RUDAULI&block_code=3153008&panchayat_name=HANUMAN%20GANG&panchayat_code=3153008029&fin_year=2025-2026&source=&work_code=3153008029/RC/958486255823732919&msr_no=5915&AttendanceDate=22/03/2026&Digest=8BH5yRU3DYqlis8uxesZjA",7
"BASTI","RUDAULI","HASANI","3153008031/RC/958486255823750097","6072","https://mnregaweb4.nic.in/nregaarch/View_NMMS_atten_date_dtl_rpt.aspx?page=&short_name=UP&state_name=UTTAR%20PRADESH&state_code=31&district_name=BASTI&district_code=3153&block_name=RUDAULI&block_code=3153008&panchayat_name=HASANI&panchayat_code=3153008031&fin_year=2025-2026&source=&work_code=3153008031/RC/958486255823750097&msr_no=6072&AttendanceDate=22/03/2026&Digest=BRfx5TQ2ujgrvZnAZzry8w",9
"BASTI","RUDAULI","MAHUAA PAAR","3153008041/RC/958486255823714154","6167","https://mnregaweb4.nic.in/nregaarch/View_NMMS_atten_date_dtl_rpt.aspx?page=&short_name=UP&state_name=UTTAR%20PRADESH&state_code=31&district_name=BASTI&district_code=3153&block_name=RUDAULI&block_code=3153008&panchayat_name=MAHUAA%20PAAR&panchayat_code=3153008041&fin_year=2025-2026&source=&work_code=3153008041/RC/958486255823714154&msr_no=6167&AttendanceDate=22/03/2026&Digest=gEaKNsiNRzxq0M15mWVAVA",10
"BASTI","RUDAULI","MAHUAA PAAR","3153008041/RC/958486255823714155","6177","https://mnregaweb4.nic.in/nregaarch/View_NMMS_atten_date_dtl_rpt.aspx?page=&short_name=UP&state_name=UTTAR%20PRADESH&state_code=31&district_name=BASTI&district_code=3153&block_name=RUDAULI&block_code=3153008&panchayat_name=MAHUAA%20PAAR&panchayat_code=3153008041&fin_year=2025-2026&source=&work_code=3153008041/RC/958486255823714155&msr_no=6177&AttendanceDate=22/03/2026&Digest=BYUKiKoyf67xjTLmZ/8dnQ",1
"BASTI","RUDAULI","MISHRAULIA BHAIYA","3153008045/WC/958486255824247205","6018","https://mnregaweb4.nic.in/nregaarch/View_NMMS_atten_date_dtl_rpt.aspx?page=&short_name=UP&state_name=UTTAR%20PRADESH&state_code=31&district_name=BASTI&district_code=3153&block_name=RUDAULI&block_code=3153008&panchayat_name=MISHRAULIA%20BHAIYA&panchayat_code=3153008045&fin_year=2025-2026&source=&work_code=3153008045/WC/958486255824247205&msr_no=6018&AttendanceDate=22/03/2026&Digest=wap15hq6+XFs0hwjk2ZnYA",3
"BASTI","RUDAULI","MISHRAULIA BHAIYA","3153008045/WC/958486255824247205","6021","https://mnregaweb4.nic.in/nregaarch/View_NMMS_atten_date_dtl_rpt.aspx?page=&short_name=UP&state_name=UTTAR%20PRADESH&state_code=31&district_name=BASTI&district_code=3153&block_name=RUDAULI&block_code=3153008&panchayat_name=MISHRAULIA%20BHAIYA&panchayat_code=3153008045&fin_year=2025-2026&source=&work_code=3153008045/WC/958486255824247205&msr_no=6021&AttendanceDate=22/03/2026&Digest=aX2fLFrc04l0DX53uHSFvA",6
"BASTI","RUDAULI","MUGRAHA","3153008048/RC/958486255823716442","5954","https://mnregaweb4.nic.in/nregaarch/View_NMMS_atten_date_dtl_rpt.aspx?page=&short_name=UP&state_name=UTTAR%20PRADESH&state_code=31&district_name=BASTI&district_code=3153&block_name=RUDAULI&block_code=3153008&panchayat_name=MUGRAHA&panchayat_code=3153008048&fin_year=2025-2026&source=&work_code=3153008048/RC/958486255823716442&msr_no=5954&AttendanceDate=22/03/2026&Digest=r9CHznvJtEAoTiFV9s81wg",9
"BASTI","RUDAULI","PAIDA","3153008053/WH/958486255824013349","5977","https://mnregaweb4.nic.in/nregaarch/View_NMMS_atten_date_dtl_rpt.aspx?page=&short_name=UP&state_name=UTTAR%20PRADESH&state_code=31&district_name=BASTI&district_code=3153&block_name=RUDAULI&block_code=3153008&panchayat_name=PAIDA&panchayat_code=3153008053&fin_year=2025-2026&source=&work_code=3153008053/WH/958486255824013349&msr_no=5977&AttendanceDate=22/03/2026&Digest=cccz4yU+4t+FkJ/b0nmxSw",4
"BASTI","RUDAULI","SEHUDA KALA","3153008064/RC/958486255823751703","6144","https://mnregaweb4.nic.in/nregaarch/View_NMMS_atten_date_dtl_rpt.aspx?page=&short_name=UP&state_name=UTTAR%20PRADESH&state_code=31&district_name=BASTI&district_code=3153&block_name=RUDAULI&block_code=3153008&panchayat_name=SEHUDA%20KALA&panchayat_code=3153008064&fin_year=2025-2026&source=&work_code=3153008064/RC/958486255823751703&msr_no=6144&AttendanceDate=22/03/2026&Digest=99aTa7CnJxWD5MlnlbYeAA",2
"BASTI","RUDAULI","TIGODIYA","3153008070/RC/958486255823749026","6205","https://mnregaweb4.nic.in/nregaarch/View_NMMS_atten_date_dtl_rpt.aspx?page=&short_name=UP&state_name=UTTAR%20PRADESH&state_code=31&district_name=BASTI&district_code=3153&block_name=RUDAULI&block_code=3153008&panchayat_name=TIGODIYA&panchayat_code=3153008070&fin_year=2025-2026&source=&work_code=3153008070/RC/958486255823749026&msr_no=6205&AttendanceDate=22/03/2026&Digest=DNtB6t3kwuEFSZBIyPYWYg",2
"BASTI","RUDAULI","JIGINA","3153008075/RC/958486255823686634","6095","https://mnregaweb4.nic.in/nregaarch/View_NMMS_atten_date_dtl_rpt.aspx?page=&short_name=UP&state_name=UTTAR%20PRADESH&state_code=31&district_name=BASTI&district_code=3153&block_name=RUDAULI&block_code=3153008&panchayat_name=JIGINA&panchayat_code=3153008075&fin_year=2025-2026&source=&work_code=3153008075/RC/958486255823686634&msr_no=6095&AttendanceDate=22/03/2026&Digest=Ta9pYtNn99pavolNBAP9ZA",8
"BASTI","SALTAUA GOPAL PUR","TENUWA","3153007020/RC/958486255823745443","5485","https://mnregaweb4.nic.in/nregaarch/View_NMMS_atten_date_dtl_rpt.aspx?page=&short_name=UP&state_name=UTTAR%20PRADESH&state_code=31&district_name=BASTI&district_code=3153&block_name=SALTAUA%20GOPAL%20PUR&block_code=3153007&panchayat_name=TENUWA&panchayat_code=3153007020&fin_year=2025-2026&source=&work_code=3153007020/RC/958486255823745443&msr_no=5485&AttendanceDate=22/03/2026&Digest=AOF/e6n016Epqf+iT3ycAg",8
"BASTI","SALTAUA GOPAL PUR","TELIYADEEH","3153007021/IC/958486255823742442","5477","https://mnregaweb4.nic.in/nregaarch/View_NMMS_atten_date_dtl_rpt.aspx?page=&short_name=UP&state_name=UTTAR%20PRADESH&state_code=31&district_name=BASTI&district_code=3153&block_name=SALTAUA%20GOPAL%20PUR&block_code=3153007&panchayat_name=TELIYADEEH&panchayat_code=3153007021&fin_year=2025-2026&source=&work_code=3153007021/IC/958486255823742442&msr_no=5477&AttendanceDate=22/03/2026&Digest=DPNIQghV5hv1r3An4VhkNg",9
"BASTI","SALTAUA GOPAL PUR","TELIYADEEH","3153007021/IC/958486255823742442","5480","https://mnregaweb4.nic.in/nregaarch/View_NMMS_atten_date_dtl_rpt.aspx?page=&short_name=UP&state_name=UTTAR%20PRADESH&state_code=31&district_name=BASTI&district_code=3153&block_name=SALTAUA%20GOPAL%20PUR&block_code=3153007&panchayat_name=TELIYADEEH&panchayat_code=3153007021&fin_year=2025-2026&source=&work_code=3153007021/IC/958486255823742442&msr_no=5480&AttendanceDate=22/03/2026&Digest=OrKNlrkRx718IjFlGRtWIQ",7
"BASTI","SALTAUA GOPAL PUR","JOTA","3153007035/WH/958486255824013074","5425","https://mnregaweb4.nic.in/nregaarch/View_NMMS_atten_date_dtl_rpt.aspx?page=&short_name=UP&state_name=UTTAR%20PRADESH&state_code=31&district_name=BASTI&district_code=3153&block_name=SALTAUA%20GOPAL%20PUR&block_code=3153007&panchayat_name=JOTA&panchayat_code=3153007035&fin_year=2025-2026&source=&work_code=3153007035/WH/958486255824013074&msr_no=5425&AttendanceDate=22/03/2026&Digest=08PsmxvZFCv6ohEzRUS+Yg",8
"BASTI","SALTAUA GOPAL PUR","KOILSA","3153007039/RC/958486255823733627","5350","https://mnregaweb4.nic.in/nregaarch/View_NMMS_atten_date_dtl_rpt.aspx?page=&short_name=UP&state_name=UTTAR%20PRADESH&state_code=31&district_name=BASTI&district_code=3153&block_name=SALTAUA%20GOPAL%20PUR&block_code=3153007&panchayat_name=KOILSA&panchayat_code=3153007039&fin_year=2025-2026&source=&work_code=3153007039/RC/958486255823733627&msr_no=5350&AttendanceDate=22/03/2026&Digest=GKm7UH2cJk/Et0miMXKFEg",9
"BASTI","SALTAUA GOPAL PUR","KOILSA","3153007039/WH/958486255824012400","5451","https://mnregaweb4.nic.in/nregaarch/View_NMMS_atten_date_dtl_rpt.aspx?page=&short_name=UP&state_name=UTTAR%20PRADESH&state_code=31&district_name=BASTI&district_code=3153&block_name=SALTAUA%20GOPAL%20PUR&block_code=3153007&panchayat_name=KOILSA&panchayat_code=3153007039&fin_year=2025-2026&source=&work_code=3153007039/WH/958486255824012400&msr_no=5451&AttendanceDate=22/03/2026&Digest=se9XzfzWMR8RmCaV/irKBA",10
"BASTI","SALTAUA GOPAL PUR","KOILSA","3153007039/WH/958486255824012400","5454","https://mnregaweb4.nic.in/nregaarch/View_NMMS_atten_date_dtl_rpt.aspx?page=&short_name=UP&state_name=UTTAR%20PRADESH&state_code=31&district_name=BASTI&district_code=3153&block_name=SALTAUA%20GOPAL%20PUR&block_code=3153007&panchayat_name=KOILSA&panchayat_code=3153007039&fin_year=2025-2026&source=&work_code=3153007039/WH/958486255824012400&msr_no=5454&AttendanceDate=22/03/2026&Digest=f8A7z1mYWxtMdq+oZNjNzw",8
"BASTI","SALTAUA GOPAL PUR","BASAUKA","3153007054/RC/958486255823584407","5390","https://mnregaweb4.nic.in/nregaarch/View_NMMS_atten_date_dtl_rpt.aspx?page=&short_name=UP&state_name=UTTAR%20PRADESH&state_code=31&district_name=BASTI&district_code=3153&block_name=SALTAUA%20GOPAL%20PUR&block_code=3153007&panchayat_name=BASAUKA&panchayat_code=3153007054&fin_year=2025-2026&source=&work_code=3153007054/RC/958486255823584407&msr_no=5390&AttendanceDate=22/03/2026&Digest=80NFnDM0mMJaaPSUbpmJPA",4
"BASTI","SALTAUA GOPAL PUR","PARSA KHAL","3153007057/RC/958486255823652950","5407","https://mnregaweb4.nic.in/nregaarch/View_NMMS_atten_date_dtl_rpt.aspx?page=&short_name=UP&state_name=UTTAR%20PRADESH&state_code=31&district_name=BASTI&district_code=3153&block_name=SALTAUA%20GOPAL%20PUR&block_code=3153007&panchayat_name=PARSA%20KHAL&panchayat_code=3153007057&fin_year=2025-2026&source=&work_code=3153007057/RC/958486255823652950&msr_no=5407&AttendanceDate=22/03/2026&Digest=ajE7wTN5wBCilbbRBeRaUw",8
"BASTI","SALTAUA GOPAL PUR","PARSA KHAL","3153007057/WH/958486255824013365","5413","https://mnregaweb4.nic.in/nregaarch/View_NMMS_atten_date_dtl_rpt.aspx?page=&short_name=UP&state_name=UTTAR%20PRADESH&state_code=31&district_name=BASTI&district_code=3153&block_name=SALTAUA%20GOPAL%20PUR&block_code=3153007&panchayat_name=PARSA%20KHAL&panchayat_code=3153007057&fin_year=2025-2026&source=&work_code=3153007057/WH/958486255824013365&msr_no=5413&AttendanceDate=22/03/2026&Digest=nXA+9ywhypaBfOXNqL7BZQ",7
"BASTI","SALTAUA GOPAL PUR","PARSA KHAL","3153007057/WH/958486255824013365","5416","https://mnregaweb4.nic.in/nregaarch/View_NMMS_atten_date_dtl_rpt.aspx?page=&short_name=UP&state_name=UTTAR%20PRADESH&state_code=31&district_name=BASTI&district_code=3153&block_name=SALTAUA%20GOPAL%20PUR&block_code=3153007&panchayat_name=PARSA%20KHAL&panchayat_code=3153007057&fin_year=2025-2026&source=&work_code=3153007057/WH/958486255824013365&msr_no=5416&AttendanceDate=22/03/2026&Digest=MPWIwbcGInJ7AZVVzobK8g",2
"BASTI","SALTAUA GOPAL PUR","SANSAR PUR","3153007070/IC/958486255823704747","5353","https://mnregaweb4.nic.in/nregaarch/View_NMMS_atten_date_dtl_rpt.aspx?page=&short_name=UP&state_name=UTTAR%20PRADESH&state_code=31&district_name=BASTI&district_code=3153&block_name=SALTAUA%20GOPAL%20PUR&block_code=3153007&panchayat_name=SANSAR%20PUR&panchayat_code=3153007070&fin_year=2025-2026&source=&work_code=3153007070/IC/958486255823704747&msr_no=5353&AttendanceDate=22/03/2026&Digest=eeBez0S6gd2H2WoFfqVPWg",10
"BASTI","SALTAUA GOPAL PUR","SANSAR PUR","3153007070/IC/958486255823704747","5356","https://mnregaweb4.nic.in/nregaarch/View_NMMS_atten_date_dtl_rpt.aspx?page=&short_name=UP&state_name=UTTAR%20PRADESH&state_code=31&district_name=BASTI&district_code=3153&block_name=SALTAUA%20GOPAL%20PUR&block_code=3153007&panchayat_name=SANSAR%20PUR&panchayat_code=3153007070&fin_year=2025-2026&source=&work_code=3153007070/IC/958486255823704747&msr_no=5356&AttendanceDate=22/03/2026&Digest=wcbMydmdIQtottmilrxhkA",8
"BASTI","SALTAUA GOPAL PUR","SISWA BARUAR","3153007076/RC/958486255823678781","5346","https://mnregaweb4.nic.in/nregaarch/View_NMMS_atten_date_dtl_rpt.aspx?page=&short_name=UP&state_name=UTTAR%20PRADESH&state_code=31&district_name=BASTI&district_code=3153&block_name=SALTAUA%20GOPAL%20PUR&block_code=3153007&panchayat_name=SISWA%20BARUAR&panchayat_code=3153007076&fin_year=2025-2026&source=&work_code=3153007076/RC/958486255823678781&msr_no=5346&AttendanceDate=22/03/2026&Digest=juf05oRMEJ89g5HcXtyqMw",7
"BASTI","SALTAUA GOPAL PUR","KEVTAKHOR","3153007087/RC/958486255823682901","5430","https://mnregaweb4.nic.in/nregaarch/View_NMMS_atten_date_dtl_rpt.aspx?page=&short_name=UP&state_name=UTTAR%20PRADESH&state_code=31&district_name=BASTI&district_code=3153&block_name=SALTAUA%20GOPAL%20PUR&block_code=3153007&panchayat_name=KEVTAKHOR&panchayat_code=3153007087&fin_year=2025-2026&source=&work_code=3153007087/RC/958486255823682901&msr_no=5430&AttendanceDate=22/03/2026&Digest=I8FBvMIzwwtGU4KuOfY6gg",9
"BASTI","SALTAUA GOPAL PUR","MUDBARA","3153007090/LD/958486255825006022","5491","https://mnregaweb4.nic.in/nregaarch/View_NMMS_atten_date_dtl_rpt.aspx?page=&short_name=UP&state_name=UTTAR%20PRADESH&state_code=31&district_name=BASTI&district_code=3153&block_name=SALTAUA%20GOPAL%20PUR&block_code=3153007&panchayat_name=MUDBARA&panchayat_code=3153007090&fin_year=2025-2026&source=&work_code=3153007090/LD/958486255825006022&msr_no=5491&AttendanceDate=22/03/2026&Digest=1OfF31JC7HuebsZDbH4Uqw",9
"BASTI","SALTAUA GOPAL PUR","REHAR JANGAL","3153007095/RC/958486255823746399","5457","https://mnregaweb4.nic.in/nregaarch/View_NMMS_atten_date_dtl_rpt.aspx?page=&short_name=UP&state_name=UTTAR%20PRADESH&state_code=31&district_name=BASTI&district_code=3153&block_name=SALTAUA%20GOPAL%20PUR&block_code=3153007&panchayat_name=REHAR%20JANGAL&panchayat_code=3153007095&fin_year=2025-2026&source=&work_code=3153007095/RC/958486255823746399&msr_no=5457&AttendanceDate=22/03/2026&Digest=oEjL+2QGjnzkD7YV/6CcpA",5
"BASTI","SAU GHAT","ANDA","3153009002/LD/958486255825010416","3351","https://mnregaweb4.nic.in/nregaarch/View_NMMS_atten_date_dtl_rpt.aspx?page=&short_name=UP&state_name=UTTAR%20PRADESH&state_code=31&district_name=BASTI&district_code=3153&block_name=SAU%20GHAT&block_code=3153009&panchayat_name=ANDA&panchayat_code=3153009002&fin_year=2025-2026&source=&work_code=3153009002/LD/958486255825010416&msr_no=3351&AttendanceDate=22/03/2026&Digest=/09GWRFIxjPSwab6rRHnyA",3
"BASTI","SAU GHAT","ANDA","3153009002/LD/958486255825010416","3357","https://mnregaweb4.nic.in/nregaarch/View_NMMS_atten_date_dtl_rpt.aspx?page=&short_name=UP&state_name=UTTAR%20PRADESH&state_code=31&district_name=BASTI&district_code=3153&block_name=SAU%20GHAT&block_code=3153009&panchayat_name=ANDA&panchayat_code=3153009002&fin_year=2025-2026&source=&work_code=3153009002/LD/958486255825010416&msr_no=3357&AttendanceDate=22/03/2026&Digest=ToE6bCIJ8eVG7tfNf9KBJg",4
"BASTI","SAU GHAT","ANDA","3153009002/RC/958486255823626058","3347","https://mnregaweb4.nic.in/nregaarch/View_NMMS_atten_date_dtl_rpt.aspx?page=&short_name=UP&state_name=UTTAR%20PRADESH&state_code=31&district_name=BASTI&district_code=3153&block_name=SAU%20GHAT&block_code=3153009&panchayat_name=ANDA&panchayat_code=3153009002&fin_year=2025-2026&source=&work_code=3153009002/RC/958486255823626058&msr_no=3347&AttendanceDate=22/03/2026&Digest=UtyRcQtHoer7Q1PV6XJFlw",7
"BASTI","SAU GHAT","BANAK SAHI","3153009006/RC/958486255823654249","3332","https://mnregaweb4.nic.in/nregaarch/View_NMMS_atten_date_dtl_rpt.aspx?page=&short_name=UP&state_name=UTTAR%20PRADESH&state_code=31&district_name=BASTI&district_code=3153&block_name=SAU%20GHAT&block_code=3153009&panchayat_name=BANAK%20SAHI&panchayat_code=3153009006&fin_year=2025-2026&source=&work_code=3153009006/RC/958486255823654249&msr_no=3332&AttendanceDate=22/03/2026&Digest=poLG7oeAa0mvDxDMKLgCsQ",9
"BASTI","SAU GHAT","JHARKATIYA","3153009028/RC/958486255823751269","3385","https://mnregaweb4.nic.in/nregaarch/View_NMMS_atten_date_dtl_rpt.aspx?page=&short_name=UP&state_name=UTTAR%20PRADESH&state_code=31&district_name=BASTI&district_code=3153&block_name=SAU%20GHAT&block_code=3153009&panchayat_name=JHARKATIYA&panchayat_code=3153009028&fin_year=2025-2026&source=&work_code=3153009028/RC/958486255823751269&msr_no=3385&AttendanceDate=22/03/2026&Digest=iDzCZFuh6QWxqxht3lgrhQ",1
"BASTI","SAU GHAT","MAHSIN","3153009043/RC/958486255823687996","3331","https://mnregaweb4.nic.in/nregaarch/View_NMMS_atten_date_dtl_rpt.aspx?page=&short_name=UP&state_name=UTTAR%20PRADESH&state_code=31&district_name=BASTI&district_code=3153&block_name=SAU%20GHAT&block_code=3153009&panchayat_name=MAHSIN&panchayat_code=3153009043&fin_year=2025-2026&source=&work_code=3153009043/RC/958486255823687996&msr_no=3331&AttendanceDate=22/03/2026&Digest=jfXScR70jcz/L57fD+M6eQ",6
"BASTI","SAU GHAT","PARASA HAJJAM","3153009056/RC/958486255823649500","3370","https://mnregaweb4.nic.in/nregaarch/View_NMMS_atten_date_dtl_rpt.aspx?page=&short_name=UP&state_name=UTTAR%20PRADESH&state_code=31&district_name=BASTI&district_code=3153&block_name=SAU%20GHAT&block_code=3153009&panchayat_name=PARASA%20HAJJAM&panchayat_code=3153009056&fin_year=2025-2026&source=&work_code=3153009056/RC/958486255823649500&msr_no=3370&AttendanceDate=22/03/2026&Digest=yJ3jfiGtphsyHLHiglr3ag",7
"BASTI","VIKRAM JOT","AKLA","3153004001/RC/958486255823748722","5873","https://mnregaweb4.nic.in/nregaarch/View_NMMS_atten_date_dtl_rpt.aspx?page=&short_name=UP&state_name=UTTAR%20PRADESH&state_code=31&district_name=BASTI&district_code=3153&block_name=VIKRAM%20JOT&block_code=3153004&panchayat_name=AKLA&panchayat_code=3153004001&fin_year=2025-2026&source=&work_code=3153004001/RC/958486255823748722&msr_no=5873&AttendanceDate=22/03/2026&Digest=965mx5oZ23yJv4OPMGka4Q",8
"BASTI","VIKRAM JOT","DHIRAULI BABU","3153004019/RC/958486255823745146","5723","https://mnregaweb4.nic.in/nregaarch/View_NMMS_atten_date_dtl_rpt.aspx?page=&short_name=UP&state_name=UTTAR%20PRADESH&state_code=31&district_name=BASTI&district_code=3153&block_name=VIKRAM%20JOT&block_code=3153004&panchayat_name=DHIRAULI%20BABU&panchayat_code=3153004019&fin_year=2025-2026&source=&work_code=3153004019/RC/958486255823745146&msr_no=5723&AttendanceDate=22/03/2026&Digest=MCwX/PwwlQNz8Sh3cu3YAQ",9
"BASTI","KUDARAHA","RASOOLPUR","3153013020/RC/958486255823670232","7974","https://mnregaweb4.nic.in/nregaarch/View_NMMS_atten_date_dtl_rpt.aspx?page=&short_name=UP&state_name=UTTAR%20PRADESH&state_code=31&district_name=BASTI&district_code=3153&block_name=KUDARAHA&block_code=3153013&panchayat_name=RASOOLPUR&panchayat_code=3153013020&fin_year=2025-2026&source=&work_code=3153013020/RC/958486255823670232&msr_no=7974&AttendanceDate=22/03/2026&Digest=OSfdun+STiwn+TlAqSXpxQ",10
"BASTI","KUDARAHA","SUVRAHA","3153013026/RC/958486255823725224","8045","https://mnregaweb4.nic.in/nregaarch/View_NMMS_atten_date_dtl_rpt.aspx?page=&short_name=UP&state_name=UTTAR%20PRADESH&state_code=31&district_name=BASTI&district_code=3153&block_name=KUDARAHA&block_code=3153013&panchayat_name=SUVRAHA&panchayat_code=3153013026&fin_year=2025-2026&source=&work_code=3153013026/RC/958486255823725224&msr_no=8045&AttendanceDate=22/03/2026&Digest=7oJ6DkTjoh08aX8Ed1Jg7g",10
"BASTI","KUDARAHA","SUVRAHA","3153013026/WC/958486255824251727","8043","https://mnregaweb4.nic.in/nregaarch/View_NMMS_atten_date_dtl_rpt.aspx?page=&short_name=UP&state_name=UTTAR%20PRADESH&state_code=31&district_name=BASTI&district_code=3153&block_name=KUDARAHA&block_code=3153013&panchayat_name=SUVRAHA&panchayat_code=3153013026&fin_year=2025-2026&source=&work_code=3153013026/WC/958486255824251727&msr_no=8043&AttendanceDate=22/03/2026&Digest=JENCD5PqZOL4CnzdbQPMcg",3
"BASTI","KUDARAHA","KORMA","3153013029/LD/958486255824959030","7758","https://mnregaweb4.nic.in/nregaarch/View_NMMS_atten_date_dtl_rpt.aspx?page=&short_name=UP&state_name=UTTAR%20PRADESH&state_code=31&district_name=BASTI&district_code=3153&block_name=KUDARAHA&block_code=3153013&panchayat_name=KORMA&panchayat_code=3153013029&fin_year=2025-2026&source=&work_code=3153013029/LD/958486255824959030&msr_no=7758&AttendanceDate=22/03/2026&Digest=xzA6aBIegbDSG9HW/Bkm3A",8
"BASTI","KUDARAHA","KORMA","3153013029/LD/958486255824959030","7761","https://mnregaweb4.nic.in/nregaarch/View_NMMS_atten_date_dtl_rpt.aspx?page=&short_name=UP&state_name=UTTAR%20PRADESH&state_code=31&district_name=BASTI&district_code=3153&block_name=KUDARAHA&block_code=3153013&panchayat_name=KORMA&panchayat_code=3153013029&fin_year=2025-2026&source=&work_code=3153013029/LD/958486255824959030&msr_no=7761&AttendanceDate=22/03/2026&Digest=vRiC2NSfQo1owc0KDcaoXg",9
"BASTI","KUDARAHA","KORMA","3153013029/LD/958486255824959032","7763","https://mnregaweb4.nic.in/nregaarch/View_NMMS_atten_date_dtl_rpt.aspx?page=&short_name=UP&state_name=UTTAR%20PRADESH&state_code=31&district_name=BASTI&district_code=3153&block_name=KUDARAHA&block_code=3153013&panchayat_name=KORMA&panchayat_code=3153013029&fin_year=2025-2026&source=&work_code=3153013029/LD/958486255824959032&msr_no=7763&AttendanceDate=22/03/2026&Digest=wq0q/4niAPMgePb2IzbPDA",7
"BASTI","KUDARAHA","AMAIPAR","3153013032/IC/958486255823726741","7835","https://mnregaweb4.nic.in/nregaarch/View_NMMS_atten_date_dtl_rpt.aspx?page=&short_name=UP&state_name=UTTAR%20PRADESH&state_code=31&district_name=BASTI&district_code=3153&block_name=KUDARAHA&block_code=3153013&panchayat_name=AMAIPAR&panchayat_code=3153013032&fin_year=2025-2026&source=&work_code=3153013032/IC/958486255823726741&msr_no=7835&AttendanceDate=22/03/2026&Digest=gJ7rC2wcY9m8JB/8BCVZcQ",9
"BASTI","KUDARAHA","AMAIPAR","3153013032/IC/958486255823726741","7838","https://mnregaweb4.nic.in/nregaarch/View_NMMS_atten_date_dtl_rpt.aspx?page=&short_name=UP&state_name=UTTAR%20PRADESH&state_code=31&district_name=BASTI&district_code=3153&block_name=KUDARAHA&block_code=3153013&panchayat_name=AMAIPAR&panchayat_code=3153013032&fin_year=2025-2026&source=&work_code=3153013032/IC/958486255823726741&msr_no=7838&AttendanceDate=22/03/2026&Digest=7rH3ZRoi2THbEevijg+VoA",7
"BASTI","KUDARAHA","AMAIPAR","3153013032/RC/958486255823694991","7830","https://mnregaweb4.nic.in/nregaarch/View_NMMS_atten_date_dtl_rpt.aspx?page=&short_name=UP&state_name=UTTAR%20PRADESH&state_code=31&district_name=BASTI&district_code=3153&block_name=KUDARAHA&block_code=3153013&panchayat_name=AMAIPAR&panchayat_code=3153013032&fin_year=2025-2026&source=&work_code=3153013032/RC/958486255823694991&msr_no=7830&AttendanceDate=22/03/2026&Digest=5R2ebFib+grzuiIWSWF3Vw",7
"BASTI","KUDARAHA","AMAIPAR","3153013032/RC/958486255823694994","7940","https://mnregaweb4.nic.in/nregaarch/View_NMMS_atten_date_dtl_rpt.aspx?page=&short_name=UP&state_name=UTTAR%20PRADESH&state_code=31&district_name=BASTI&district_code=3153&block_name=KUDARAHA&block_code=3153013&panchayat_name=AMAIPAR&panchayat_code=3153013032&fin_year=2025-2026&source=&work_code=3153013032/RC/958486255823694994&msr_no=7940&AttendanceDate=22/03/2026&Digest=CvWjstCv3JBIoBcp6JY8Xg",4
"BASTI","KUDARAHA","AMAIPAR","3153013032/RC/958486255823694994","7943","https://mnregaweb4.nic.in/nregaarch/View_NMMS_atten_date_dtl_rpt.aspx?page=&short_name=UP&state_name=UTTAR%20PRADESH&state_code=31&district_name=BASTI&district_code=3153&block_name=KUDARAHA&block_code=3153013&panchayat_name=AMAIPAR&panchayat_code=3153013032&fin_year=2025-2026&source=&work_code=3153013032/RC/958486255823694994&msr_no=7943&AttendanceDate=22/03/2026&Digest=to7wOo6JvMU91kcfcNCNYw",2
"BASTI","KUDARAHA","AMAIPAR","3153013032/RC/958486255823695002","7841","https://mnregaweb4.nic.in/nregaarch/View_NMMS_atten_date_dtl_rpt.aspx?page=&short_name=UP&state_name=UTTAR%20PRADESH&state_code=31&district_name=BASTI&district_code=3153&block_name=KUDARAHA&block_code=3153013&panchayat_name=AMAIPAR&panchayat_code=3153013032&fin_year=2025-2026&source=&work_code=3153013032/RC/958486255823695002&msr_no=7841&AttendanceDate=22/03/2026&Digest=E2TuZNj8fVA9CdP1DUrUZQ",5
"BASTI","KUDARAHA","AMAIPAR","3153013032/RC/958486255823735251","7914","https://mnregaweb4.nic.in/nregaarch/View_NMMS_atten_date_dtl_rpt.aspx?page=&short_name=UP&state_name=UTTAR%20PRADESH&state_code=31&district_name=BASTI&district_code=3153&block_name=KUDARAHA&block_code=3153013&panchayat_name=AMAIPAR&panchayat_code=3153013032&fin_year=2025-2026&source=&work_code=3153013032/RC/958486255823735251&msr_no=7914&AttendanceDate=22/03/2026&Digest=VFHHvOj9OOkQp1XSgfyfYw",8
"BASTI","KUDARAHA","CHARKAILA","3153013033/RC/958486255823741596","7480","https://mnregaweb4.nic.in/nregaarch/View_NMMS_atten_date_dtl_rpt.aspx?page=&short_name=UP&state_name=UTTAR%20PRADESH&state_code=31&district_name=BASTI&district_code=3153&block_name=KUDARAHA&block_code=3153013&panchayat_name=CHARKAILA&panchayat_code=3153013033&fin_year=2025-2026&source=&work_code=3153013033/RC/958486255823741596&msr_no=7480&AttendanceDate=22/03/2026&Digest=QsjAE3I6OBlL9aKEkDyURQ",9
"BASTI","KUDARAHA","JAGANNATHPUR","3153013035/LD/958486255824982494","8005","https://mnregaweb4.nic.in/nregaarch/View_NMMS_atten_date_dtl_rpt.aspx?page=&short_name=UP&state_name=UTTAR%20PRADESH&state_code=31&district_name=BASTI&district_code=3153&block_name=KUDARAHA&block_code=3153013&panchayat_name=JAGANNATHPUR&panchayat_code=3153013035&fin_year=2025-2026&source=&work_code=3153013035/LD/958486255824982494&msr_no=8005&AttendanceDate=22/03/2026&Digest=c5frQhetC8uIcoIcRlaUCg",10
"BASTI","KUDARAHA","JAGANNATHPUR","3153013035/LD/958486255824982494","8008","https://mnregaweb4.nic.in/nregaarch/View_NMMS_atten_date_dtl_rpt.aspx?page=&short_name=UP&state_name=UTTAR%20PRADESH&state_code=31&district_name=BASTI&district_code=3153&block_name=KUDARAHA&block_code=3153013&panchayat_name=JAGANNATHPUR&panchayat_code=3153013035&fin_year=2025-2026&source=&work_code=3153013035/LD/958486255824982494&msr_no=8008&AttendanceDate=22/03/2026&Digest=ChsFEHQcEi0TkkWQl9T87A",8
"BASTI","KUDARAHA","JAGANNATHPUR","3153013035/RC/958486255823748456","7739","https://mnregaweb4.nic.in/nregaarch/View_NMMS_atten_date_dtl_rpt.aspx?page=&short_name=UP&state_name=UTTAR%20PRADESH&state_code=31&district_name=BASTI&district_code=3153&block_name=KUDARAHA&block_code=3153013&panchayat_name=JAGANNATHPUR&panchayat_code=3153013035&fin_year=2025-2026&source=&work_code=3153013035/RC/958486255823748456&msr_no=7739&AttendanceDate=22/03/2026&Digest=4rqhH2WLfkwZJc24ZH1M4A",9
"BASTI","KUDARAHA","DELHWA","3153013037/RC/958486255823745217","7885","https://mnregaweb4.nic.in/nregaarch/View_NMMS_atten_date_dtl_rpt.aspx?page=&short_name=UP&state_name=UTTAR%20PRADESH&state_code=31&district_name=BASTI&district_code=3153&block_name=KUDARAHA&block_code=3153013&panchayat_name=DELHWA&panchayat_code=3153013037&fin_year=2025-2026&source=&work_code=3153013037/RC/958486255823745217&msr_no=7885&AttendanceDate=22/03/2026&Digest=UsnbFbwxo9estXe8veztJA",9
"BASTI","KUDARAHA","DELHWA","3153013037/RC/958486255823745217","7888","https://mnregaweb4.nic.in/nregaarch/View_NMMS_atten_date_dtl_rpt.aspx?page=&short_name=UP&state_name=UTTAR%20PRADESH&state_code=31&district_name=BASTI&district_code=3153&block_name=KUDARAHA&block_code=3153013&panchayat_name=DELHWA&panchayat_code=3153013037&fin_year=2025-2026&source=&work_code=3153013037/RC/958486255823745217&msr_no=7888&AttendanceDate=22/03/2026&Digest=ocyWN5CCCA7gllpAuM7boQ",5
"BASTI","KUDARAHA","MADHOPUR","3153013038/RC/958486255823735299","7579","https://mnregaweb4.nic.in/nregaarch/View_NMMS_atten_date_dtl_rpt.aspx?page=&short_name=UP&state_name=UTTAR%20PRADESH&state_code=31&district_name=BASTI&district_code=3153&block_name=KUDARAHA&block_code=3153013&panchayat_name=MADHOPUR&panchayat_code=3153013038&fin_year=2025-2026&source=&work_code=3153013038/RC/958486255823735299&msr_no=7579&AttendanceDate=22/03/2026&Digest=ZlKe196QW+mrleXn4QBz2Q",1
"BASTI","KUDARAHA","BARTANIYA","3153013040/AV/958486255824155477","7959","https://mnregaweb4.nic.in/nregaarch/View_NMMS_atten_date_dtl_rpt.aspx?page=&short_name=UP&state_name=UTTAR%20PRADESH&state_code=31&district_name=BASTI&district_code=3153&block_name=KUDARAHA&block_code=3153013&panchayat_name=BARTANIYA&panchayat_code=3153013040&fin_year=2025-2026&source=&work_code=3153013040/AV/958486255824155477&msr_no=7959&AttendanceDate=22/03/2026&Digest=3tY4iqL8X9FTzVDhUHAwkw",10
"BASTI","KUDARAHA","BARTANIYA","3153013040/LD/958486255824900453","7926","https://mnregaweb4.nic.in/nregaarch/View_NMMS_atten_date_dtl_rpt.aspx?page=&short_name=UP&state_name=UTTAR%20PRADESH&state_code=31&district_name=BASTI&district_code=3153&block_name=KUDARAHA&block_code=3153013&panchayat_name=BARTANIYA&panchayat_code=3153013040&fin_year=2025-2026&source=&work_code=3153013040/LD/958486255824900453&msr_no=7926&AttendanceDate=22/03/2026&Digest=8XVy3ElxBp0rCHFKFMUItQ",10
"BASTI","KUDARAHA","PASRA","3153013046/LD/958486255824692138","7717","https://mnregaweb4.nic.in/nregaarch/View_NMMS_atten_date_dtl_rpt.aspx?page=&short_name=UP&state_name=UTTAR%20PRADESH&state_code=31&district_name=BASTI&district_code=3153&block_name=KUDARAHA&block_code=3153013&panchayat_name=PASRA&panchayat_code=3153013046&fin_year=2025-2026&source=&work_code=3153013046/LD/958486255824692138&msr_no=7717&AttendanceDate=22/03/2026&Digest=1Hu0cu69mIXK40upIb8R4A",10
"BASTI","KUDARAHA","PASRA","3153013046/LD/958486255824692148","7667","https://mnregaweb4.nic.in/nregaarch/View_NMMS_atten_date_dtl_rpt.aspx?page=&short_name=UP&state_name=UTTAR%20PRADESH&state_code=31&district_name=BASTI&district_code=3153&block_name=KUDARAHA&block_code=3153013&panchayat_name=PASRA&panchayat_code=3153013046&fin_year=2025-2026&source=&work_code=3153013046/LD/958486255824692148&msr_no=7667&AttendanceDate=22/03/2026&Digest=pdQPCwVF8ntq9uoTy9jKAA",9
"BASTI","KUDARAHA","PASRA","3153013046/LD/958486255824692150","7719","https://mnregaweb4.nic.in/nregaarch/View_NMMS_atten_date_dtl_rpt.aspx?page=&short_name=UP&state_name=UTTAR%20PRADESH&state_code=31&district_name=BASTI&district_code=3153&block_name=KUDARAHA&block_code=3153013&panchayat_name=PASRA&panchayat_code=3153013046&fin_year=2025-2026&source=&work_code=3153013046/LD/958486255824692150&msr_no=7719&AttendanceDate=22/03/2026&Digest=gRlmuc6ZSOBlIVWHqVuIRw",10
"BASTI","KUDARAHA","PASRA","3153013046/RC/958486255823746516","7964","https://mnregaweb4.nic.in/nregaarch/View_NMMS_atten_date_dtl_rpt.aspx?page=&short_name=UP&state_name=UTTAR%20PRADESH&state_code=31&district_name=BASTI&district_code=3153&block_name=KUDARAHA&block_code=3153013&panchayat_name=PASRA&panchayat_code=3153013046&fin_year=2025-2026&source=&work_code=3153013046/RC/958486255823746516&msr_no=7964&AttendanceDate=22/03/2026&Digest=JlesOivl7ZBaF/oW0C1E5w",4
"BASTI","KUDARAHA","GONAR","3153013049/LD/958486255824621269","7656","https://mnregaweb4.nic.in/nregaarch/View_NMMS_atten_date_dtl_rpt.aspx?page=&short_name=UP&state_name=UTTAR%20PRADESH&state_code=31&district_name=BASTI&district_code=3153&block_name=KUDARAHA&block_code=3153013&panchayat_name=GONAR&panchayat_code=3153013049&fin_year=2025-2026&source=&work_code=3153013049/LD/958486255824621269&msr_no=7656&AttendanceDate=22/03/2026&Digest=dywU1K2CRpWp1v1+Rwc2rw",3
"BASTI","KUDARAHA","BAISIYA KALA","3153013050/LD/958486255824953603","7712","https://mnregaweb4.nic.in/nregaarch/View_NMMS_atten_date_dtl_rpt.aspx?page=&short_name=UP&state_name=UTTAR%20PRADESH&state_code=31&district_name=BASTI&district_code=3153&block_name=KUDARAHA&block_code=3153013&panchayat_name=BAISIYA%20KALA&panchayat_code=3153013050&fin_year=2025-2026&source=&work_code=3153013050/LD/958486255824953603&msr_no=7712&AttendanceDate=22/03/2026&Digest=EKZykrVgrrdviW0P29PSnA",7
"BASTI","KUDARAHA","BAISIYA KALA","3153013050/RC/958486255823747630","7863","https://mnregaweb4.nic.in/nregaarch/View_NMMS_atten_date_dtl_rpt.aspx?page=&short_name=UP&state_name=UTTAR%20PRADESH&state_code=31&district_name=BASTI&district_code=3153&block_name=KUDARAHA&block_code=3153013&panchayat_name=BAISIYA%20KALA&panchayat_code=3153013050&fin_year=2025-2026&source=&work_code=3153013050/RC/958486255823747630&msr_no=7863&AttendanceDate=22/03/2026&Digest=yRU4Kz1XWz0jNKnQfi9dOA",9
"BASTI","KUDARAHA","MANJHARIYA","3153013057/LD/958486255824935540","7655","https://mnregaweb4.nic.in/nregaarch/View_NMMS_atten_date_dtl_rpt.aspx?page=&short_name=UP&state_name=UTTAR%20PRADESH&state_code=31&district_name=BASTI&district_code=3153&block_name=KUDARAHA&block_code=3153013&panchayat_name=MANJHARIYA&panchayat_code=3153013057&fin_year=2025-2026&source=&work_code=3153013057/LD/958486255824935540&msr_no=7655&AttendanceDate=22/03/2026&Digest=Yh3yEGpMFaL3E2R+HgSneQ",4
"BASTI","KUDARAHA","MANJHARIYA","3153013057/LD/958486255824935540","7748","https://mnregaweb4.nic.in/nregaarch/View_NMMS_atten_date_dtl_rpt.aspx?page=&short_name=UP&state_name=UTTAR%20PRADESH&state_code=31&district_name=BASTI&district_code=3153&block_name=KUDARAHA&block_code=3153013&panchayat_name=MANJHARIYA&panchayat_code=3153013057&fin_year=2025-2026&source=&work_code=3153013057/LD/958486255824935540&msr_no=7748&AttendanceDate=22/03/2026&Digest=NDPhMXzWtgexwaZBp1rj5Q",7
"BASTI","KUDARAHA","MANJHARIYA","3153013057/RC/958486255823656442","7553","https://mnregaweb4.nic.in/nregaarch/View_NMMS_atten_date_dtl_rpt.aspx?page=&short_name=UP&state_name=UTTAR%20PRADESH&state_code=31&district_name=BASTI&district_code=3153&block_name=KUDARAHA&block_code=3153013&panchayat_name=MANJHARIYA&panchayat_code=3153013057&fin_year=2025-2026&source=&work_code=3153013057/RC/958486255823656442&msr_no=7553&AttendanceDate=22/03/2026&Digest=2Okf07f4zCBHLr2WB8kfgQ",10
"BASTI","KUDARAHA","MANJHARIYA","3153013057/RC/958486255823656495","7551","https://mnregaweb4.nic.in/nregaarch/View_NMMS_atten_date_dtl_rpt.aspx?page=&short_name=UP&state_name=UTTAR%20PRADESH&state_code=31&district_name=BASTI&district_code=3153&block_name=KUDARAHA&block_code=3153013&panchayat_name=MANJHARIYA&panchayat_code=3153013057&fin_year=2025-2026&source=&work_code=3153013057/RC/958486255823656495&msr_no=7551&AttendanceDate=22/03/2026&Digest=EI9gHkNYZtjgy6sGOi+S7A",5
"BASTI","KUDARAHA","DIHUKPURA","3153013060/RC/958486255823750155","7956","https://mnregaweb4.nic.in/nregaarch/View_NMMS_atten_date_dtl_rpt.aspx?page=&short_name=UP&state_name=UTTAR%20PRADESH&state_code=31&district_name=BASTI&district_code=3153&block_name=KUDARAHA&block_code=3153013&panchayat_name=DIHUKPURA&panchayat_code=3153013060&fin_year=2025-2026&source=&work_code=3153013060/RC/958486255823750155&msr_no=7956&AttendanceDate=22/03/2026&Digest=IakqGkToxwq5Ba8rDkPzUg",3
"BASTI","KUDARAHA","BAIRARA MUSTAHKAM","3153013065/RC/958486255823742474","7518","https://mnregaweb4.nic.in/nregaarch/View_NMMS_atten_date_dtl_rpt.aspx?page=&short_name=UP&state_name=UTTAR%20PRADESH&state_code=31&district_name=BASTI&district_code=3153&block_name=KUDARAHA&block_code=3153013&panchayat_name=BAIRARA%20MUSTAHKAM&panchayat_code=3153013065&fin_year=2025-2026&source=&work_code=3153013065/RC/958486255823742474&msr_no=7518&AttendanceDate=22/03/2026&Digest=ERyK7opghUnj71ZYsNxpZw",7
"BASTI","KUDARAHA","SISAI PANDIT","3153013068/IC/958486255823740607","7631","https://mnregaweb4.nic.in/nregaarch/View_NMMS_atten_date_dtl_rpt.aspx?page=&short_name=UP&state_name=UTTAR%20PRADESH&state_code=31&district_name=BASTI&district_code=3153&block_name=KUDARAHA&block_code=3153013&panchayat_name=SISAI%20PANDIT&panchayat_code=3153013068&fin_year=2025-2026&source=&work_code=3153013068/IC/958486255823740607&msr_no=7631&AttendanceDate=22/03/2026&Digest=7J3SxFSstmWtYmts+Sk1wg",1
"BASTI","KUDARAHA","PIPARPATI EHATMALI","3153013071/RC/958486255823746235","8020","https://mnregaweb4.nic.in/nregaarch/View_NMMS_atten_date_dtl_rpt.aspx?page=&short_name=UP&state_name=UTTAR%20PRADESH&state_code=31&district_name=BASTI&district_code=3153&block_name=KUDARAHA&block_code=3153013&panchayat_name=PIPARPATI%20EHATMALI&panchayat_code=3153013071&fin_year=2025-2026&source=&work_code=3153013071/RC/958486255823746235&msr_no=8020&AttendanceDate=22/03/2026&Digest=FTV1dV7cXKXVmJdfhEJOqg",9
"BASTI","KUDARAHA","PIPARPATI EHATMALI","3153013071/RC/958486255823746235","8023","https://mnregaweb4.nic.in/nregaarch/View_NMMS_atten_date_dtl_rpt.aspx?page=&short_name=UP&state_name=UTTAR%20PRADESH&state_code=31&district_name=BASTI&district_code=3153&block_name=KUDARAHA&block_code=3153013&panchayat_name=PIPARPATI%20EHATMALI&panchayat_code=3153013071&fin_year=2025-2026&source=&work_code=3153013071/RC/958486255823746235&msr_no=8023&AttendanceDate=22/03/2026&Digest=pYlne1pIOBjuIvJxWJwcEg",10
"BASTI","KUDARAHA","VISHENPUR","3153013073/LD/958486255824854652","7910","https://mnregaweb4.nic.in/nregaarch/View_NMMS_atten_date_dtl_rpt.aspx?page=&short_name=UP&state_name=UTTAR%20PRADESH&state_code=31&district_name=BASTI&district_code=3153&block_name=KUDARAHA&block_code=3153013&panchayat_name=VISHENPUR&panchayat_code=3153013073&fin_year=2025-2026&source=&work_code=3153013073/LD/958486255824854652&msr_no=7910&AttendanceDate=22/03/2026&Digest=v7Q7+8NlvovXxvYay0POXg",1
"BASTI","KUDARAHA","HARKHAILIYA URF MATIYARIA","3153013074/RC/YD/958486255823751079","8071","https://mnregaweb4.nic.in/nregaarch/View_NMMS_atten_date_dtl_rpt.aspx?page=&short_name=UP&state_name=UTTAR%20PRADESH&state_code=31&district_name=BASTI&district_code=3153&block_name=KUDARAHA&block_code=3153013&panchayat_name=HARKHAILIYA%20URF%20MATIYARIA&panchayat_code=3153013074&fin_year=2025-2026&source=&work_code=3153013074/RC/YD/958486255823751079&msr_no=8071&AttendanceDate=22/03/2026&Digest=Z/8sBv9FSljWoGKWjnEePQ",9
"BASTI","RAMNAGAR","PARSA KHURD BUJURG URF DARIAPUR JANGAL","3153006050/RC/958486255823751709","6176","https://mnregaweb4.nic.in/nregaarch/View_NMMS_atten_date_dtl_rpt.aspx?page=&short_name=UP&state_name=UTTAR%20PRADESH&state_code=31&district_name=BASTI&district_code=3153&block_name=RAMNAGAR&block_code=3153006&panchayat_name=PARSA%20KHURD%20BUJURG%20URF%20DARIAPUR%20JANGAL&panchayat_code=3153006050&fin_year=2025-2026&source=&work_code=3153006050/RC/958486255823751709&msr_no=6176&AttendanceDate=22/03/2026&Digest=rwq2Oo+G5o5I9wyEOIrNiA",5
"BASTI","RAMNAGAR","IBRAHIMCHAK SEKHAPUR","3153006071/RC/958486255823750522","6156","https://mnregaweb4.nic.in/nregaarch/View_NMMS_atten_date_dtl_rpt.aspx?page=&short_name=UP&state_name=UTTAR%20PRADESH&state_code=31&district_name=BASTI&district_code=3153&block_name=RAMNAGAR&block_code=3153006&panchayat_name=IBRAHIMCHAK%20SEKHAPUR&panchayat_code=3153006071&fin_year=2025-2026&source=&work_code=3153006071/RC/958486255823750522&msr_no=6156&AttendanceDate=22/03/2026&Digest=zJb4YPEnsK44eGBQ5eExZQ",9
"BASTI","RUDAULI","BAKHARIAYA","3153008008/RC/958486255823693454","6010","https://mnregaweb4.nic.in/nregaarch/View_NMMS_atten_date_dtl_rpt.aspx?page=&short_name=UP&state_name=UTTAR%20PRADESH&state_code=31&district_name=BASTI&district_code=3153&block_name=RUDAULI&block_code=3153008&panchayat_name=BAKHARIAYA&panchayat_code=3153008008&fin_year=2025-2026&source=&work_code=3153008008/RC/958486255823693454&msr_no=6010&AttendanceDate=22/03/2026&Digest=JT5VPu1LSeM6UigiAOdnoQ",5
"BASTI","RUDAULI","DEURA","3153008021/RC/958486255823703379","6060","https://mnregaweb4.nic.in/nregaarch/View_NMMS_atten_date_dtl_rpt.aspx?page=&short_name=UP&state_name=UTTAR%20PRADESH&state_code=31&district_name=BASTI&district_code=3153&block_name=RUDAULI&block_code=3153008&panchayat_name=DEURA&panchayat_code=3153008021&fin_year=2025-2026&source=&work_code=3153008021/RC/958486255823703379&msr_no=6060&AttendanceDate=22/03/2026&Digest=/4LVAJer4MLygnLfSPqJdQ",7
"BASTI","RUDAULI","DUMARI","3153008024/RC/958486255823749822","6088","https://mnregaweb4.nic.in/nregaarch/View_NMMS_atten_date_dtl_rpt.aspx?page=&short_name=UP&state_name=UTTAR%20PRADESH&state_code=31&district_name=BASTI&district_code=3153&block_name=RUDAULI&block_code=3153008&panchayat_name=DUMARI&panchayat_code=3153008024&fin_year=2025-2026&source=&work_code=3153008024/RC/958486255823749822&msr_no=6088&AttendanceDate=22/03/2026&Digest=3p8NEZS5tYWWpAbiR1OfHg",9
"BASTI","RUDAULI","DUMARI","3153008024/WH/958486255824013017","6200","https://mnregaweb4.nic.in/nregaarch/View_NMMS_atten_date_dtl_rpt.aspx?page=&short_name=UP&state_name=UTTAR%20PRADESH&state_code=31&district_name=BASTI&district_code=3153&block_name=RUDAULI&block_code=3153008&panchayat_name=DUMARI&panchayat_code=3153008024&fin_year=2025-2026&source=&work_code=3153008024/WH/958486255824013017&msr_no=6200&AttendanceDate=22/03/2026&Digest=s1HKGaf/aw4SIzPpcenBNA",10
"BASTI","RUDAULI","MAHUAA PAAR","3153008041/RC/958486255823735731","6040","https://mnregaweb4.nic.in/nregaarch/View_NMMS_atten_date_dtl_rpt.aspx?page=&short_name=UP&state_name=UTTAR%20PRADESH&state_code=31&district_name=BASTI&district_code=3153&block_name=RUDAULI&block_code=3153008&panchayat_name=MAHUAA%20PAAR&panchayat_code=3153008041&fin_year=2025-2026&source=&work_code=3153008041/RC/958486255823735731&msr_no=6040&AttendanceDate=22/03/2026&Digest=JXNsEMKYyer0Y8MQPMIuxg",5
"BASTI","RUDAULI","MISHRAULIA BHAIYA","3153008045/WC/958486255824247205","6020","https://mnregaweb4.nic.in/nregaarch/View_NMMS_atten_date_dtl_rpt.aspx?page=&short_name=UP&state_name=UTTAR%20PRADESH&state_code=31&district_name=BASTI&district_code=3153&block_name=RUDAULI&block_code=3153008&panchayat_name=MISHRAULIA%20BHAIYA&panchayat_code=3153008045&fin_year=2025-2026&source=&work_code=3153008045/WC/958486255824247205&msr_no=6020&AttendanceDate=22/03/2026&Digest=wmmSIjVc3FuI6m9aI6X9uQ",10
"BASTI","RUDAULI","PAIDA","3153008053/RC/958486255823749013","6063","https://mnregaweb4.nic.in/nregaarch/View_NMMS_atten_date_dtl_rpt.aspx?page=&short_name=UP&state_name=UTTAR%20PRADESH&state_code=31&district_name=BASTI&district_code=3153&block_name=RUDAULI&block_code=3153008&panchayat_name=PAIDA&panchayat_code=3153008053&fin_year=2025-2026&source=&work_code=3153008053/RC/958486255823749013&msr_no=6063&AttendanceDate=22/03/2026&Digest=tSmsMcdnSGF5gZ6veZwfcA",7
"BASTI","RUDAULI","PAIDA","3153008053/WH/958486255824013349","5976","https://mnregaweb4.nic.in/nregaarch/View_NMMS_atten_date_dtl_rpt.aspx?page=&short_name=UP&state_name=UTTAR%20PRADESH&state_code=31&district_name=BASTI&district_code=3153&block_name=RUDAULI&block_code=3153008&panchayat_name=PAIDA&panchayat_code=3153008053&fin_year=2025-2026&source=&work_code=3153008053/WH/958486255824013349&msr_no=5976&AttendanceDate=22/03/2026&Digest=NhC9VKV+1thdOAu4Agsl8A",7
"BASTI","RUDAULI","SURVAR KALA","3153008067/RC/958486255823717194","6198","https://mnregaweb4.nic.in/nregaarch/View_NMMS_atten_date_dtl_rpt.aspx?page=&short_name=UP&state_name=UTTAR%20PRADESH&state_code=31&district_name=BASTI&district_code=3153&block_name=RUDAULI&block_code=3153008&panchayat_name=SURVAR%20KALA&panchayat_code=3153008067&fin_year=2025-2026&source=&work_code=3153008067/RC/958486255823717194&msr_no=6198&AttendanceDate=22/03/2026&Digest=RwUzjGk5lQQbNoaxJak5jQ",2
"BASTI","RUDAULI","SURVAR KALA","3153008067/RC/958486255823717644","6196","https://mnregaweb4.nic.in/nregaarch/View_NMMS_atten_date_dtl_rpt.aspx?page=&short_name=UP&state_name=UTTAR%20PRADESH&state_code=31&district_name=BASTI&district_code=3153&block_name=RUDAULI&block_code=3153008&panchayat_name=SURVAR%20KALA&panchayat_code=3153008067&fin_year=2025-2026&source=&work_code=3153008067/RC/958486255823717644&msr_no=6196&AttendanceDate=22/03/2026&Digest=q8jbUDY5u5QTSooOn4fxUQ",2
"BASTI","RUDAULI","JIGINA","3153008075/WH/958486255824009061","5995","https://mnregaweb4.nic.in/nregaarch/View_NMMS_atten_date_dtl_rpt.aspx?page=&short_name=UP&state_name=UTTAR%20PRADESH&state_code=31&district_name=BASTI&district_code=3153&block_name=RUDAULI&block_code=3153008&panchayat_name=JIGINA&panchayat_code=3153008075&fin_year=2025-2026&source=&work_code=3153008075/WH/958486255824009061&msr_no=5995&AttendanceDate=22/03/2026&Digest=lHOE4hmImXSmSY3+iE3hcg",6
"BASTI","RUDAULI","CHNDAR BHANPUR","3153008078/RC/958486255823750524","6146","https://mnregaweb4.nic.in/nregaarch/View_NMMS_atten_date_dtl_rpt.aspx?page=&short_name=UP&state_name=UTTAR%20PRADESH&state_code=31&district_name=BASTI&district_code=3153&block_name=RUDAULI&block_code=3153008&panchayat_name=CHNDAR%20BHANPUR&panchayat_code=3153008078&fin_year=2025-2026&source=&work_code=3153008078/RC/958486255823750524&msr_no=6146&AttendanceDate=22/03/2026&Digest=poNWL6U13vTQIB20MLSuGA",10
"BASTI","SALTAUA GOPAL PUR","AMRAULI SHUMALI","3153007006/DP/958486255824204315","5505","https://mnregaweb4.nic.in/nregaarch/View_NMMS_atten_date_dtl_rpt.aspx?page=&short_name=UP&state_name=UTTAR%20PRADESH&state_code=31&district_name=BASTI&district_code=3153&block_name=SALTAUA%20GOPAL%20PUR&block_code=3153007&panchayat_name=AMRAULI%20SHUMALI&panchayat_code=3153007006&fin_year=2025-2026&source=&work_code=3153007006/DP/958486255824204315&msr_no=5505&AttendanceDate=22/03/2026&Digest=pGn3q7VRZiHnMtrIhSx+9g",4
"BASTI","SALTAUA GOPAL PUR","TELIYADEEH","3153007021/IC/958486255823742442","5478","https://mnregaweb4.nic.in/nregaarch/View_NMMS_atten_date_dtl_rpt.aspx?page=&short_name=UP&state_name=UTTAR%20PRADESH&state_code=31&district_name=BASTI&district_code=3153&block_name=SALTAUA%20GOPAL%20PUR&block_code=3153007&panchayat_name=TELIYADEEH&panchayat_code=3153007021&fin_year=2025-2026&source=&work_code=3153007021/IC/958486255823742442&msr_no=5478&AttendanceDate=22/03/2026&Digest=J85czfE6m0uPxK5+CiFB6w",8
"BASTI","SALTAUA GOPAL PUR","TELIYADEEH","3153007021/IC/958486255823742442","5481","https://mnregaweb4.nic.in/nregaarch/View_NMMS_atten_date_dtl_rpt.aspx?page=&short_name=UP&state_name=UTTAR%20PRADESH&state_code=31&district_name=BASTI&district_code=3153&block_name=SALTAUA%20GOPAL%20PUR&block_code=3153007&panchayat_name=TELIYADEEH&panchayat_code=3153007021&fin_year=2025-2026&source=&work_code=3153007021/IC/958486255823742442&msr_no=5481&AttendanceDate=22/03/2026&Digest=EHoTVxawysqWQpC0whQ9Kg",7
"BASTI","SALTAUA GOPAL PUR","JOTA","3153007035/WH/958486255824013074","5421","https://mnregaweb4.nic.in/nregaarch/View_NMMS_atten_date_dtl_rpt.aspx?page=&short_name=UP&state_name=UTTAR%20PRADESH&state_code=31&district_name=BASTI&district_code=3153&block_name=SALTAUA%20GOPAL%20PUR&block_code=3153007&panchayat_name=JOTA&panchayat_code=3153007035&fin_year=2025-2026&source=&work_code=3153007035/WH/958486255824013074&msr_no=5421&AttendanceDate=22/03/2026&Digest=hlHiDlI/zk6uI6zkhWs0ig",9
"BASTI","SALTAUA GOPAL PUR","JOTA","3153007035/WH/958486255824013074","5424","https://mnregaweb4.nic.in/nregaarch/View_NMMS_atten_date_dtl_rpt.aspx?page=&short_name=UP&state_name=UTTAR%20PRADESH&state_code=31&district_name=BASTI&district_code=3153&block_name=SALTAUA%20GOPAL%20PUR&block_code=3153007&panchayat_name=JOTA&panchayat_code=3153007035&fin_year=2025-2026&source=&work_code=3153007035/WH/958486255824013074&msr_no=5424&AttendanceDate=22/03/2026&Digest=zbZMCUMJfBM6f8kGk2XNpQ",10
"BASTI","SALTAUA GOPAL PUR","JOTA","3153007035/WH/958486255824013074","5427","https://mnregaweb4.nic.in/nregaarch/View_NMMS_atten_date_dtl_rpt.aspx?page=&short_name=UP&state_name=UTTAR%20PRADESH&state_code=31&district_name=BASTI&district_code=3153&block_name=SALTAUA%20GOPAL%20PUR&block_code=3153007&panchayat_name=JOTA&panchayat_code=3153007035&fin_year=2025-2026&source=&work_code=3153007035/WH/958486255824013074&msr_no=5427&AttendanceDate=22/03/2026&Digest=twaoT6C+0WARTch6BgbJuw",7
"BASTI","SALTAUA GOPAL PUR","KOILSA","3153007039/RC/958486255823733627","5349","https://mnregaweb4.nic.in/nregaarch/View_NMMS_atten_date_dtl_rpt.aspx?page=&short_name=UP&state_name=UTTAR%20PRADESH&state_code=31&district_name=BASTI&district_code=3153&block_name=SALTAUA%20GOPAL%20PUR&block_code=3153007&panchayat_name=KOILSA&panchayat_code=3153007039&fin_year=2025-2026&source=&work_code=3153007039/RC/958486255823733627&msr_no=5349&AttendanceDate=22/03/2026&Digest=ZSy1TjTUumeqAgbLGKWibQ",7
"BASTI","SALTAUA GOPAL PUR","BASAUKA","3153007054/RC/958486255823584407","5389","https://mnregaweb4.nic.in/nregaarch/View_NMMS_atten_date_dtl_rpt.aspx?page=&short_name=UP&state_name=UTTAR%20PRADESH&state_code=31&district_name=BASTI&district_code=3153&block_name=SALTAUA%20GOPAL%20PUR&block_code=3153007&panchayat_name=BASAUKA&panchayat_code=3153007054&fin_year=2025-2026&source=&work_code=3153007054/RC/958486255823584407&msr_no=5389&AttendanceDate=22/03/2026&Digest=Fj2jUOTtxxXjw/AD6we4qg",5
"BASTI","SALTAUA GOPAL PUR","PARSA KHAL","3153007057/RC/958486255823652950","5406","https://mnregaweb4.nic.in/nregaarch/View_NMMS_atten_date_dtl_rpt.aspx?page=&short_name=UP&state_name=UTTAR%20PRADESH&state_code=31&district_name=BASTI&district_code=3153&block_name=SALTAUA%20GOPAL%20PUR&block_code=3153007&panchayat_name=PARSA%20KHAL&panchayat_code=3153007057&fin_year=2025-2026&source=&work_code=3153007057/RC/958486255823652950&msr_no=5406&AttendanceDate=22/03/2026&Digest=FKZA9PA5vjUNCHNx8zQQ7Q",8
"BASTI","SALTAUA GOPAL PUR","PARSA KHAL","3153007057/RC/958486255823652950","5409","https://mnregaweb4.nic.in/nregaarch/View_NMMS_atten_date_dtl_rpt.aspx?page=&short_name=UP&state_name=UTTAR%20PRADESH&state_code=31&district_name=BASTI&district_code=3153&block_name=SALTAUA%20GOPAL%20PUR&block_code=3153007&panchayat_name=PARSA%20KHAL&panchayat_code=3153007057&fin_year=2025-2026&source=&work_code=3153007057/RC/958486255823652950&msr_no=5409&AttendanceDate=22/03/2026&Digest=m+Cp/6W/qYfqtrJ1hGwXqQ",4
"BASTI","SALTAUA GOPAL PUR","PURAINA","3153007064/RC/958486255823637333","5352","https://mnregaweb4.nic.in/nregaarch/View_NMMS_atten_date_dtl_rpt.aspx?page=&short_name=UP&state_name=UTTAR%20PRADESH&state_code=31&district_name=BASTI&district_code=3153&block_name=SALTAUA%20GOPAL%20PUR&block_code=3153007&panchayat_name=PURAINA&panchayat_code=3153007064&fin_year=2025-2026&source=&work_code=3153007064/RC/958486255823637333&msr_no=5352&AttendanceDate=22/03/2026&Digest=zxRxy3q6R1UW1YgFB347+A",2
"BASTI","SALTAUA GOPAL PUR","SANSAR PUR","3153007070/IC/958486255823704747","5355","https://mnregaweb4.nic.in/nregaarch/View_NMMS_atten_date_dtl_rpt.aspx?page=&short_name=UP&state_name=UTTAR%20PRADESH&state_code=31&district_name=BASTI&district_code=3153&block_name=SALTAUA%20GOPAL%20PUR&block_code=3153007&panchayat_name=SANSAR%20PUR&panchayat_code=3153007070&fin_year=2025-2026&source=&work_code=3153007070/IC/958486255823704747&msr_no=5355&AttendanceDate=22/03/2026&Digest=dgDAuMerCDIpLMCeIIoQmg",9
"BASTI","SALTAUA GOPAL PUR","UMRA KHAS","3153007081/WH/958486255824000437","5345","https://mnregaweb4.nic.in/nregaarch/View_NMMS_atten_date_dtl_rpt.aspx?page=&short_name=UP&state_name=UTTAR%20PRADESH&state_code=31&district_name=BASTI&district_code=3153&block_name=SALTAUA%20GOPAL%20PUR&block_code=3153007&panchayat_name=UMRA%20KHAS&panchayat_code=3153007081&fin_year=2025-2026&source=&work_code=3153007081/WH/958486255824000437&msr_no=5345&AttendanceDate=22/03/2026&Digest=7esE7/1S+M3KYIVHDMB18w",5
"BASTI","SALTAUA GOPAL PUR","UMRA KHAS","3153007081/WH/958486255824000438","5497","https://mnregaweb4.nic.in/nregaarch/View_NMMS_atten_date_dtl_rpt.aspx?page=&short_name=UP&state_name=UTTAR%20PRADESH&state_code=31&district_name=BASTI&district_code=3153&block_name=SALTAUA%20GOPAL%20PUR&block_code=3153007&panchayat_name=UMRA%20KHAS&panchayat_code=3153007081&fin_year=2025-2026&source=&work_code=3153007081/WH/958486255824000438&msr_no=5497&AttendanceDate=22/03/2026&Digest=Ok2CatrrMsqzF/aI5xeVsw",7
"BASTI","SALTAUA GOPAL PUR","KHARHARA JAPTI","3153007083/IC/958486255823744669","5471","https://mnregaweb4.nic.in/nregaarch/View_NMMS_atten_date_dtl_rpt.aspx?page=&short_name=UP&state_name=UTTAR%20PRADESH&state_code=31&district_name=BASTI&district_code=3153&block_name=SALTAUA%20GOPAL%20PUR&block_code=3153007&panchayat_name=KHARHARA%20JAPTI&panchayat_code=3153007083&fin_year=2025-2026&source=&work_code=3153007083/IC/958486255823744669&msr_no=5471&AttendanceDate=22/03/2026&Digest=8L4LT0IAHd1zGeQvJd7KUg",8
"BASTI","SALTAUA GOPAL PUR","KORIYA DIH","3153007086/IC/958486255823742443","5360","https://mnregaweb4.nic.in/nregaarch/View_NMMS_atten_date_dtl_rpt.aspx?page=&short_name=UP&state_name=UTTAR%20PRADESH&state_code=31&district_name=BASTI&district_code=3153&block_name=SALTAUA%20GOPAL%20PUR&block_code=3153007&panchayat_name=KORIYA%20DIH&panchayat_code=3153007086&fin_year=2025-2026&source=&work_code=3153007086/IC/958486255823742443&msr_no=5360&AttendanceDate=22/03/2026&Digest=bz6b/Me2rBBZwtEo7QIT3Q",3
"BASTI","SALTAUA GOPAL PUR","KEVTAKHOR","3153007087/RC/958486255823682901","5431","https://mnregaweb4.nic.in/nregaarch/View_NMMS_atten_date_dtl_rpt.aspx?page=&short_name=UP&state_name=UTTAR%20PRADESH&state_code=31&district_name=BASTI&district_code=3153&block_name=SALTAUA%20GOPAL%20PUR&block_code=3153007&panchayat_name=KEVTAKHOR&panchayat_code=3153007087&fin_year=2025-2026&source=&work_code=3153007087/RC/958486255823682901&msr_no=5431&AttendanceDate=22/03/2026&Digest=cmUryoACpIad98kBJFdsOQ",8
"BASTI","SALTAUA GOPAL PUR","MAJHAUWAN BAIKUNTH","3153007089/RC/958486255823682911","5402","https://mnregaweb4.nic.in/nregaarch/View_NMMS_atten_date_dtl_rpt.aspx?page=&short_name=UP&state_name=UTTAR%20PRADESH&state_code=31&district_name=BASTI&district_code=3153&block_name=SALTAUA%20GOPAL%20PUR&block_code=3153007&panchayat_name=MAJHAUWAN%20BAIKUNTH&panchayat_code=3153007089&fin_year=2025-2026&source=&work_code=3153007089/RC/958486255823682911&msr_no=5402&AttendanceDate=22/03/2026&Digest=taepK90j52mDP51ylpUt2A",7
"BASTI","SALTAUA GOPAL PUR","MUDBARA","3153007090/LD/958486255825006022","5492","https://mnregaweb4.nic.in/nregaarch/View_NMMS_atten_date_dtl_rpt.aspx?page=&short_name=UP&state_name=UTTAR%20PRADESH&state_code=31&district_name=BASTI&district_code=3153&block_name=SALTAUA%20GOPAL%20PUR&block_code=3153007&panchayat_name=MUDBARA&panchayat_code=3153007090&fin_year=2025-2026&source=&work_code=3153007090/LD/958486255825006022&msr_no=5492&AttendanceDate=22/03/2026&Digest=c+4bMzdO45/lKdsdWsGOww",8
"BASTI","SAU GHAT","ANDA","3153009002/LD/958486255825010416","3352","https://mnregaweb4.nic.in/nregaarch/View_NMMS_atten_date_dtl_rpt.aspx?page=&short_name=UP&state_name=UTTAR%20PRADESH&state_code=31&district_name=BASTI&district_code=3153&block_name=SAU%20GHAT&block_code=3153009&panchayat_name=ANDA&panchayat_code=3153009002&fin_year=2025-2026&source=&work_code=3153009002/LD/958486255825010416&msr_no=3352&AttendanceDate=22/03/2026&Digest=Kt/61PFDiPB/ekrG1GUjOA",8
"BASTI","SAU GHAT","ANDA","3153009002/LD/958486255825010416","3355","https://mnregaweb4.nic.in/nregaarch/View_NMMS_atten_date_dtl_rpt.aspx?page=&short_name=UP&state_name=UTTAR%20PRADESH&state_code=31&district_name=BASTI&district_code=3153&block_name=SAU%20GHAT&block_code=3153009&panchayat_name=ANDA&panchayat_code=3153009002&fin_year=2025-2026&source=&work_code=3153009002/LD/958486255825010416&msr_no=3355&AttendanceDate=22/03/2026&Digest=jh6wBKBR9R366Or3BvFnDA",4
"BASTI","SAU GHAT","ANDA","3153009002/RC/958486255823626058","3348","https://mnregaweb4.nic.in/nregaarch/View_NMMS_atten_date_dtl_rpt.aspx?page=&short_name=UP&state_name=UTTAR%20PRADESH&state_code=31&district_name=BASTI&district_code=3153&block_name=SAU%20GHAT&block_code=3153009&panchayat_name=ANDA&panchayat_code=3153009002&fin_year=2025-2026&source=&work_code=3153009002/RC/958486255823626058&msr_no=3348&AttendanceDate=22/03/2026&Digest=6n5AG8L/HNLgUjxU/wq8Gg",3
"BASTI","SAU GHAT","BEHRA","3153009010/RC/958486255823638980","3326","https://mnregaweb4.nic.in/nregaarch/View_NMMS_atten_date_dtl_rpt.aspx?page=&short_name=UP&state_name=UTTAR%20PRADESH&state_code=31&district_name=BASTI&district_code=3153&block_name=SAU%20GHAT&block_code=3153009&panchayat_name=BEHRA&panchayat_code=3153009010&fin_year=2025-2026&source=&work_code=3153009010/RC/958486255823638980&msr_no=3326&AttendanceDate=22/03/2026&Digest=8LPFKJF1vvKVrzEhmr1KkQ",9
"BASTI","SAU GHAT","BHITA RAM SEN","3153009013/RC/958486255823719601","3391","https://mnregaweb4.nic.in/nregaarch/View_NMMS_atten_date_dtl_rpt.aspx?page=&short_name=UP&state_name=UTTAR%20PRADESH&state_code=31&district_name=BASTI&district_code=3153&block_name=SAU%20GHAT&block_code=3153009&panchayat_name=BHITA%20RAM%20SEN&panchayat_code=3153009013&fin_year=2025-2026&source=&work_code=3153009013/RC/958486255823719601&msr_no=3391&AttendanceDate=22/03/2026&Digest=CzP+zJx4wvOLKPhhY5s/rA",4
"BASTI","KUDARAHA","DAIJI","3153013078/RC/958486255823742477","7784","https://mnregaweb4.nic.in/nregaarch/View_NMMS_atten_date_dtl_rpt.aspx?page=&short_name=UP&state_name=UTTAR%20PRADESH&state_code=31&district_name=BASTI&district_code=3153&block_name=KUDARAHA&block_code=3153013&panchayat_name=DAIJI&panchayat_code=3153013078&fin_year=2025-2026&source=&work_code=3153013078/RC/958486255823742477&msr_no=7784&AttendanceDate=22/03/2026&Digest=BXTA+cv6DENEwasqLEd4ww",9
"BASTI","PARAS RAMPUR","KARANPUR","3153001008/WC/958486255824164398","9236","https://mnregaweb4.nic.in/nregaarch/View_NMMS_atten_date_dtl_rpt.aspx?page=&short_name=UP&state_name=UTTAR%20PRADESH&state_code=31&district_name=BASTI&district_code=3153&block_name=PARAS%20RAMPUR&block_code=3153001&panchayat_name=KARANPUR&panchayat_code=3153001008&fin_year=2025-2026&source=&work_code=3153001008/WC/958486255824164398&msr_no=9236&AttendanceDate=22/03/2026&Digest=zDYDkYc1V/5oEwPf3i3elg",10
"BASTI","PARAS RAMPUR","BELBHARIYA","3153001010/RC/958486255823732335","9385","https://mnregaweb4.nic.in/nregaarch/View_NMMS_atten_date_dtl_rpt.aspx?page=&short_name=UP&state_name=UTTAR%20PRADESH&state_code=31&district_name=BASTI&district_code=3153&block_name=PARAS%20RAMPUR&block_code=3153001&panchayat_name=BELBHARIYA&panchayat_code=3153001010&fin_year=2025-2026&source=&work_code=3153001010/RC/958486255823732335&msr_no=9385&AttendanceDate=22/03/2026&Digest=ebWw5WQkYN9Zr2/Qu8h62w",6
"BASTI","PARAS RAMPUR","BHAISAHAWA","3153001011/RC/958486255823728162","9377","https://mnregaweb4.nic.in/nregaarch/View_NMMS_atten_date_dtl_rpt.aspx?page=&short_name=UP&state_name=UTTAR%20PRADESH&state_code=31&district_name=BASTI&district_code=3153&block_name=PARAS%20RAMPUR&block_code=3153001&panchayat_name=BHAISAHAWA&panchayat_code=3153001011&fin_year=2025-2026&source=&work_code=3153001011/RC/958486255823728162&msr_no=9377&AttendanceDate=22/03/2026&Digest=fcRZOR7O7GQk/CBVeihlTw",8
"BASTI","PARAS RAMPUR","BICHHIYA MISHRA","3153001013/RC/958486255823737450","9362","https://mnregaweb4.nic.in/nregaarch/View_NMMS_atten_date_dtl_rpt.aspx?page=&short_name=UP&state_name=UTTAR%20PRADESH&state_code=31&district_name=BASTI&district_code=3153&block_name=PARAS%20RAMPUR&block_code=3153001&panchayat_name=BICHHIYA%20MISHRA&panchayat_code=3153001013&fin_year=2025-2026&source=&work_code=3153001013/RC/958486255823737450&msr_no=9362&AttendanceDate=22/03/2026&Digest=eaWrGwwbEoTzrg+Jys6eMQ",10
"BASTI","PARAS RAMPUR","BICHNAIYA PANDEY","3153001014/RC/958486255823701145","9531","https://mnregaweb4.nic.in/nregaarch/View_NMMS_atten_date_dtl_rpt.aspx?page=&short_name=UP&state_name=UTTAR%20PRADESH&state_code=31&district_name=BASTI&district_code=3153&block_name=PARAS%20RAMPUR&block_code=3153001&panchayat_name=BICHNAIYA%20PANDEY&panchayat_code=3153001014&fin_year=2025-2026&source=&work_code=3153001014/RC/958486255823701145&msr_no=9531&AttendanceDate=22/03/2026&Digest=7u9xHSH3GUBEG+BVqzyGKg",7
"BASTI","PARAS RAMPUR","DHURDA JANGAL","3153001021/RC/958486255823727458","9304","https://mnregaweb4.nic.in/nregaarch/View_NMMS_atten_date_dtl_rpt.aspx?page=&short_name=UP&state_name=UTTAR%20PRADESH&state_code=31&district_name=BASTI&district_code=3153&block_name=PARAS%20RAMPUR&block_code=3153001&panchayat_name=DHURDA%20JANGAL&panchayat_code=3153001021&fin_year=2025-2026&source=&work_code=3153001021/RC/958486255823727458&msr_no=9304&AttendanceDate=22/03/2026&Digest=B2f7UxytTdE3bNXLGFF8xg",3
"BASTI","PARAS RAMPUR","KARIGHNA","3153001038/RC/958486255823697763","9204","https://mnregaweb4.nic.in/nregaarch/View_NMMS_atten_date_dtl_rpt.aspx?page=&short_name=UP&state_name=UTTAR%20PRADESH&state_code=31&district_name=BASTI&district_code=3153&block_name=PARAS%20RAMPUR&block_code=3153001&panchayat_name=KARIGHNA&panchayat_code=3153001038&fin_year=2025-2026&source=&work_code=3153001038/RC/958486255823697763&msr_no=9204&AttendanceDate=22/03/2026&Digest=GHM+gGIj/eqchHA/hF0esA",5
"BASTI","PARAS RAMPUR","LAKSHIMANPUR KUNWAR","3153001042/RC/958486255823724120","9283","https://mnregaweb4.nic.in/nregaarch/View_NMMS_atten_date_dtl_rpt.aspx?page=&short_name=UP&state_name=UTTAR%20PRADESH&state_code=31&district_name=BASTI&district_code=3153&block_name=PARAS%20RAMPUR&block_code=3153001&panchayat_name=LAKSHIMANPUR%20KUNWAR&panchayat_code=3153001042&fin_year=2025-2026&source=&work_code=3153001042/RC/958486255823724120&msr_no=9283&AttendanceDate=22/03/2026&Digest=ZSPbhxe/tQWHdUg7vkz9mQ",3
"BASTI","PARAS RAMPUR","NEVRIRAM BAKSH","3153001060/AV/958486255824160584","9565","https://mnregaweb4.nic.in/nregaarch/View_NMMS_atten_date_dtl_rpt.aspx?page=&short_name=UP&state_name=UTTAR%20PRADESH&state_code=31&district_name=BASTI&district_code=3153&block_name=PARAS%20RAMPUR&block_code=3153001&panchayat_name=NEVRIRAM%20BAKSH&panchayat_code=3153001060&fin_year=2025-2026&source=&work_code=3153001060/AV/958486255824160584&msr_no=9565&AttendanceDate=22/03/2026&Digest=nV6yp8FwrjHhYbcLhbeHcw",10
"BASTI","PARAS RAMPUR","PARSURAMPUR","3153001064/RC/958486255823732685","9643","https://mnregaweb4.nic.in/nregaarch/View_NMMS_atten_date_dtl_rpt.aspx?page=&short_name=UP&state_name=UTTAR%20PRADESH&state_code=31&district_name=BASTI&district_code=3153&block_name=PARAS%20RAMPUR&block_code=3153001&panchayat_name=PARSURAMPUR&panchayat_code=3153001064&fin_year=2025-2026&source=&work_code=3153001064/RC/958486255823732685&msr_no=9643&AttendanceDate=22/03/2026&Digest=yxk5W0daMR8Zt/FybEhpag",8
"BASTI","PARAS RAMPUR","RAGHVAPUR","3153001068/LD/958486255824935221","9268","https://mnregaweb4.nic.in/nregaarch/View_NMMS_atten_date_dtl_rpt.aspx?page=&short_name=UP&state_name=UTTAR%20PRADESH&state_code=31&district_name=BASTI&district_code=3153&block_name=PARAS%20RAMPUR&block_code=3153001&panchayat_name=RAGHVAPUR&panchayat_code=3153001068&fin_year=2025-2026&source=&work_code=3153001068/LD/958486255824935221&msr_no=9268&AttendanceDate=22/03/2026&Digest=qKMgqTJPX35zitm6zL7JHg",5
"BASTI","PARAS RAMPUR","UJJAINI","3153001081/LD/958486255824971580","9348","https://mnregaweb4.nic.in/nregaarch/View_NMMS_atten_date_dtl_rpt.aspx?page=&short_name=UP&state_name=UTTAR%20PRADESH&state_code=31&district_name=BASTI&district_code=3153&block_name=PARAS%20RAMPUR&block_code=3153001&panchayat_name=UJJAINI&panchayat_code=3153001081&fin_year=2025-2026&source=&work_code=3153001081/LD/958486255824971580&msr_no=9348&AttendanceDate=22/03/2026&Digest=+7DlkynJQEiCQLsesuUxpg",8
"BASTI","PARAS RAMPUR","BILARI BHITI","3153001092/WC/958486255823409958","9299","https://mnregaweb4.nic.in/nregaarch/View_NMMS_atten_date_dtl_rpt.aspx?page=&short_name=UP&state_name=UTTAR%20PRADESH&state_code=31&district_name=BASTI&district_code=3153&block_name=PARAS%20RAMPUR&block_code=3153001&panchayat_name=BILARI%20BHITI&panchayat_code=3153001092&fin_year=2025-2026&source=&work_code=3153001092/WC/958486255823409958&msr_no=9299&AttendanceDate=22/03/2026&Digest=A3qNgml9eS2VFOqwLWH+1A",10
"BASTI","PARAS RAMPUR","BILARI BHITI","3153001092/WC/958486255823409958","9302","https://mnregaweb4.nic.in/nregaarch/View_NMMS_atten_date_dtl_rpt.aspx?page=&short_name=UP&state_name=UTTAR%20PRADESH&state_code=31&district_name=BASTI&district_code=3153&block_name=PARAS%20RAMPUR&block_code=3153001&panchayat_name=BILARI%20BHITI&panchayat_code=3153001092&fin_year=2025-2026&source=&work_code=3153001092/WC/958486255823409958&msr_no=9302&AttendanceDate=22/03/2026&Digest=IBoDTsZzwk7nuoq84Wc2Ag",5
"BASTI","PARAS RAMPUR","PITUDA","3153001093/LD/958486255824888940","9221","https://mnregaweb4.nic.in/nregaarch/View_NMMS_atten_date_dtl_rpt.aspx?page=&short_name=UP&state_name=UTTAR%20PRADESH&state_code=31&district_name=BASTI&district_code=3153&block_name=PARAS%20RAMPUR&block_code=3153001&panchayat_name=PITUDA&panchayat_code=3153001093&fin_year=2025-2026&source=&work_code=3153001093/LD/958486255824888940&msr_no=9221&AttendanceDate=22/03/2026&Digest=MakLHDGuN+QUiCt97/MJ9A",8
"BASTI","PARAS RAMPUR","PITUDA","3153001093/RC/958486255823643998","9650","https://mnregaweb4.nic.in/nregaarch/View_NMMS_atten_date_dtl_rpt.aspx?page=&short_name=UP&state_name=UTTAR%20PRADESH&state_code=31&district_name=BASTI&district_code=3153&block_name=PARAS%20RAMPUR&block_code=3153001&panchayat_name=PITUDA&panchayat_code=3153001093&fin_year=2025-2026&source=&work_code=3153001093/RC/958486255823643998&msr_no=9650&AttendanceDate=22/03/2026&Digest=L1ffJzu5yYHOrjhf/MtGfw",7
"BASTI","PARAS RAMPUR","RAMPUR NAV NIDHI RAI","3153001096/LD/958486255824671641","9616","https://mnregaweb4.nic.in/nregaarch/View_NMMS_atten_date_dtl_rpt.aspx?page=&short_name=UP&state_name=UTTAR%20PRADESH&state_code=31&district_name=BASTI&district_code=3153&block_name=PARAS%20RAMPUR&block_code=3153001&panchayat_name=RAMPUR%20NAV%20NIDHI%20RAI&panchayat_code=3153001096&fin_year=2025-2026&source=&work_code=3153001096/LD/958486255824671641&msr_no=9616&AttendanceDate=22/03/2026&Digest=amhoriWKi+XBQZVy3k3imQ",10
"BASTI","PARAS RAMPUR","SEHARIYA MADHUKARPUR","3153001097/LD/958486255824741358","9611","https://mnregaweb4.nic.in/nregaarch/View_NMMS_atten_date_dtl_rpt.aspx?page=&short_name=UP&state_name=UTTAR%20PRADESH&state_code=31&district_name=BASTI&district_code=3153&block_name=PARAS%20RAMPUR&block_code=3153001&panchayat_name=SEHARIYA%20MADHUKARPUR&panchayat_code=3153001097&fin_year=2025-2026&source=&work_code=3153001097/LD/958486255824741358&msr_no=9611&AttendanceDate=22/03/2026&Digest=dj+Ft5X1VL1gsZsAJQulZA",6
"BASTI","PARAS RAMPUR","TALHVAPUR","3153001101/RC/958486255823741272","9550","https://mnregaweb4.nic.in/nregaarch/View_NMMS_atten_date_dtl_rpt.aspx?page=&short_name=UP&state_name=UTTAR%20PRADESH&state_code=31&district_name=BASTI&district_code=3153&block_name=PARAS%20RAMPUR&block_code=3153001&panchayat_name=TALHVAPUR&panchayat_code=3153001101&fin_year=2025-2026&source=&work_code=3153001101/RC/958486255823741272&msr_no=9550&AttendanceDate=22/03/2026&Digest=Ya6PcmB6XtntEUzo+pn7FA",8
"BASTI","PARAS RAMPUR","JAMOLIYA PANDEY","3153001102/RC/958486255823726351","9526","https://mnregaweb4.nic.in/nregaarch/View_NMMS_atten_date_dtl_rpt.aspx?page=&short_name=UP&state_name=UTTAR%20PRADESH&state_code=31&district_name=BASTI&district_code=3153&block_name=PARAS%20RAMPUR&block_code=3153001&panchayat_name=JAMOLIYA%20PANDEY&panchayat_code=3153001102&fin_year=2025-2026&source=&work_code=3153001102/RC/958486255823726351&msr_no=9526&AttendanceDate=22/03/2026&Digest=k0DBQUQGEdsaPWyUCrdXLg",1
"BASTI","PARAS RAMPUR","LACHHIPUR","3153001106/LD/958486255824900960","9288","https://mnregaweb4.nic.in/nregaarch/View_NMMS_atten_date_dtl_rpt.aspx?page=&short_name=UP&state_name=UTTAR%20PRADESH&state_code=31&district_name=BASTI&district_code=3153&block_name=PARAS%20RAMPUR&block_code=3153001&panchayat_name=LACHHIPUR&panchayat_code=3153001106&fin_year=2025-2026&source=&work_code=3153001106/LD/958486255824900960&msr_no=9288&AttendanceDate=22/03/2026&Digest=Bqn9LIgEhxE1w9jL9R7uwA",8
"BASTI","PARAS RAMPUR","LACHHIPUR","3153001106/RC/958486255823730898","9297","https://mnregaweb4.nic.in/nregaarch/View_NMMS_atten_date_dtl_rpt.aspx?page=&short_name=UP&state_name=UTTAR%20PRADESH&state_code=31&district_name=BASTI&district_code=3153&block_name=PARAS%20RAMPUR&block_code=3153001&panchayat_name=LACHHIPUR&panchayat_code=3153001106&fin_year=2025-2026&source=&work_code=3153001106/RC/958486255823730898&msr_no=9297&AttendanceDate=22/03/2026&Digest=aFEoxMWg63vmKhm2nHFToA",10
"BASTI","RAMNAGAR","AHIRAULA","3153006002/RC/958486255823566756","6125","https://mnregaweb4.nic.in/nregaarch/View_NMMS_atten_date_dtl_rpt.aspx?page=&short_name=UP&state_name=UTTAR%20PRADESH&state_code=31&district_name=BASTI&district_code=3153&block_name=RAMNAGAR&block_code=3153006&panchayat_name=AHIRAULA&panchayat_code=3153006002&fin_year=2025-2026&source=&work_code=3153006002/RC/958486255823566756&msr_no=6125&AttendanceDate=22/03/2026&Digest=XHH2r4HE9AlY11n8q2sxPA",8
"BASTI","RAMNAGAR","AHIRAULA","3153006002/RC/958486255823713516","6144","https://mnregaweb4.nic.in/nregaarch/View_NMMS_atten_date_dtl_rpt.aspx?page=&short_name=UP&state_name=UTTAR%20PRADESH&state_code=31&district_name=BASTI&district_code=3153&block_name=RAMNAGAR&block_code=3153006&panchayat_name=AHIRAULA&panchayat_code=3153006002&fin_year=2025-2026&source=&work_code=3153006002/RC/958486255823713516&msr_no=6144&AttendanceDate=22/03/2026&Digest=3puSKqoZ+FWkV8tep0M+7g",8
"BASTI","RAMNAGAR","CHAISAR","3153006020/WC/958486255824226707","5986","https://mnregaweb4.nic.in/nregaarch/View_NMMS_atten_date_dtl_rpt.aspx?page=&short_name=UP&state_name=UTTAR%20PRADESH&state_code=31&district_name=BASTI&district_code=3153&block_name=RAMNAGAR&block_code=3153006&panchayat_name=CHAISAR&panchayat_code=3153006020&fin_year=2025-2026&source=&work_code=3153006020/WC/958486255824226707&msr_no=5986&AttendanceDate=22/03/2026&Digest=9lpfQYorp20E78WMyEvNTw",7
"BASTI","RAMNAGAR","GADAPUR CHAK","3153006026/RC/958486255823750649","6151","https://mnregaweb4.nic.in/nregaarch/View_NMMS_atten_date_dtl_rpt.aspx?page=&short_name=UP&state_name=UTTAR%20PRADESH&state_code=31&district_name=BASTI&district_code=3153&block_name=RAMNAGAR&block_code=3153006&panchayat_name=GADAPUR%20CHAK&panchayat_code=3153006026&fin_year=2025-2026&source=&work_code=3153006026/RC/958486255823750649&msr_no=6151&AttendanceDate=22/03/2026&Digest=Zl4SlUUZFyj9hQJsdxmR9Q",4
"BASTI","RAMNAGAR","PARSA KHURD BUJURG URF DARIAPUR JANGAL","3153006050/RC/958486255823751709","6178","https://mnregaweb4.nic.in/nregaarch/View_NMMS_atten_date_dtl_rpt.aspx?page=&short_name=UP&state_name=UTTAR%20PRADESH&state_code=31&district_name=BASTI&district_code=3153&block_name=RAMNAGAR&block_code=3153006&panchayat_name=PARSA%20KHURD%20BUJURG%20URF%20DARIAPUR%20JANGAL&panchayat_code=3153006050&fin_year=2025-2026&source=&work_code=3153006050/RC/958486255823751709&msr_no=6178&AttendanceDate=22/03/2026&Digest=bx15VSGA2zFHbBhDl7V3ZQ",3
"BASTI","RAMNAGAR","PARSA KUTUB","3153006051/RC/958486255823741598","6169","https://mnregaweb4.nic.in/nregaarch/View_NMMS_atten_date_dtl_rpt.aspx?page=&short_name=UP&state_name=UTTAR%20PRADESH&state_code=31&district_name=BASTI&district_code=3153&block_name=RAMNAGAR&block_code=3153006&panchayat_name=PARSA%20KUTUB&panchayat_code=3153006051&fin_year=2025-2026&source=&work_code=3153006051/RC/958486255823741598&msr_no=6169&AttendanceDate=22/03/2026&Digest=7q/F5+a2BDIjOF4zuxXa5A",7
"BASTI","RAMNAGAR","IBRAHIMCHAK SEKHAPUR","3153006071/RC/958486255823751189","6158","https://mnregaweb4.nic.in/nregaarch/View_NMMS_atten_date_dtl_rpt.aspx?page=&short_name=UP&state_name=UTTAR%20PRADESH&state_code=31&district_name=BASTI&district_code=3153&block_name=RAMNAGAR&block_code=3153006&panchayat_name=IBRAHIMCHAK%20SEKHAPUR&panchayat_code=3153006071&fin_year=2025-2026&source=&work_code=3153006071/RC/958486255823751189&msr_no=6158&AttendanceDate=22/03/2026&Digest=dHy2JfPh5ZNzBxb6sfGvfA",1
"BASTI","RAMNAGAR","TAKIYA CHAK","3153006086/RC/958486255823748809","6060","https://mnregaweb4.nic.in/nregaarch/View_NMMS_atten_date_dtl_rpt.aspx?page=&short_name=UP&state_name=UTTAR%20PRADESH&state_code=31&district_name=BASTI&district_code=3153&block_name=RAMNAGAR&block_code=3153006&panchayat_name=TAKIYA%20CHAK&panchayat_code=3153006086&fin_year=2025-2026&source=&work_code=3153006086/RC/958486255823748809&msr_no=6060&AttendanceDate=22/03/2026&Digest=ThVIgEJiqnc87XfPfwufYQ",7
"BASTI","RAMNAGAR","ATARDIHA","3153006091/RC/958486255823744182","6091","https://mnregaweb4.nic.in/nregaarch/View_NMMS_atten_date_dtl_rpt.aspx?page=&short_name=UP&state_name=UTTAR%20PRADESH&state_code=31&district_name=BASTI&district_code=3153&block_name=RAMNAGAR&block_code=3153006&panchayat_name=ATARDIHA&panchayat_code=3153006091&fin_year=2025-2026&source=&work_code=3153006091/RC/958486255823744182&msr_no=6091&AttendanceDate=22/03/2026&Digest=SHjOmB83z0YWDktXLQ00tA",7
"BASTI","RUDAULI","BAHADURPUR","3153008007/RC/958486255823749825","6045","https://mnregaweb4.nic.in/nregaarch/View_NMMS_atten_date_dtl_rpt.aspx?page=&short_name=UP&state_name=UTTAR%20PRADESH&state_code=31&district_name=BASTI&district_code=3153&block_name=RUDAULI&block_code=3153008&panchayat_name=BAHADURPUR&panchayat_code=3153008007&fin_year=2025-2026&source=&work_code=3153008007/RC/958486255823749825&msr_no=6045&AttendanceDate=22/03/2026&Digest=aoR40zu57Iv6Euc9dVr71A",2
"BASTI","RUDAULI","BHARAULI","3153008012/RC/958486255823749823","6084","https://mnregaweb4.nic.in/nregaarch/View_NMMS_atten_date_dtl_rpt.aspx?page=&short_name=UP&state_name=UTTAR%20PRADESH&state_code=31&district_name=BASTI&district_code=3153&block_name=RUDAULI&block_code=3153008&panchayat_name=BHARAULI&panchayat_code=3153008012&fin_year=2025-2026&source=&work_code=3153008012/RC/958486255823749823&msr_no=6084&AttendanceDate=22/03/2026&Digest=d1UlLDkXRItsROFDR37jnw",8
"BASTI","RUDAULI","CHHATRIYA","3153008018/RC/958486255823690414","6158","https://mnregaweb4.nic.in/nregaarch/View_NMMS_atten_date_dtl_rpt.aspx?page=&short_name=UP&state_name=UTTAR%20PRADESH&state_code=31&district_name=BASTI&district_code=3153&block_name=RUDAULI&block_code=3153008&panchayat_name=CHHATRIYA&panchayat_code=3153008018&fin_year=2025-2026&source=&work_code=3153008018/RC/958486255823690414&msr_no=6158&AttendanceDate=22/03/2026&Digest=QBDyDG62pYht0kagukwR7w",6
"BASTI","RUDAULI","GANWARIYA KALA","3153008026/RC/958486255823730688","6056","https://mnregaweb4.nic.in/nregaarch/View_NMMS_atten_date_dtl_rpt.aspx?page=&short_name=UP&state_name=UTTAR%20PRADESH&state_code=31&district_name=BASTI&district_code=3153&block_name=RUDAULI&block_code=3153008&panchayat_name=GANWARIYA%20KALA&panchayat_code=3153008026&fin_year=2025-2026&source=&work_code=3153008026/RC/958486255823730688&msr_no=6056&AttendanceDate=22/03/2026&Digest=SvCaoYIlWSfHOEs1/yzsUQ",4
"BASTI","RUDAULI","MAGHAUWA KALA II","3153008040/LD/YD/958486255825004545","6035","https://mnregaweb4.nic.in/nregaarch/View_NMMS_atten_date_dtl_rpt.aspx?page=&short_name=UP&state_name=UTTAR%20PRADESH&state_code=31&district_name=BASTI&district_code=3153&block_name=RUDAULI&block_code=3153008&panchayat_name=MAGHAUWA%20KALA%20II&panchayat_code=3153008040&fin_year=2025-2026&source=&work_code=3153008040/LD/YD/958486255825004545&msr_no=6035&AttendanceDate=22/03/2026&Digest=6QWmvwvcLNzogXaXr4gdBw",9
"BASTI","RUDAULI","MISHRAULIA BHAIYA","3153008045/WC/958486255824247205","6019","https://mnregaweb4.nic.in/nregaarch/View_NMMS_atten_date_dtl_rpt.aspx?page=&short_name=UP&state_name=UTTAR%20PRADESH&state_code=31&district_name=BASTI&district_code=3153&block_name=RUDAULI&block_code=3153008&panchayat_name=MISHRAULIA%20BHAIYA&panchayat_code=3153008045&fin_year=2025-2026&source=&work_code=3153008045/WC/958486255824247205&msr_no=6019&AttendanceDate=22/03/2026&Digest=mKvyIRQykBoXDijy7P0zqQ",6
"BASTI","VIKRAM JOT","EKMA HIRANIYA","3153004043/WC/958486255824231525","5860","https://mnregaweb4.nic.in/nregaarch/View_NMMS_atten_date_dtl_rpt.aspx?page=&short_name=UP&state_name=UTTAR%20PRADESH&state_code=31&district_name=BASTI&district_code=3153&block_name=VIKRAM%20JOT&block_code=3153004&panchayat_name=EKMA%20HIRANIYA&panchayat_code=3153004043&fin_year=2025-2026&source=&work_code=3153004043/WC/958486255824231525&msr_no=5860&AttendanceDate=22/03/2026&Digest=4gCdrX6VUIdWqc8dq8kbiA",5
"BASTI","VIKRAM JOT","NIYAMATPUR","3153004049/LD/958486255824929913","5739","https://mnregaweb4.nic.in/nregaarch/View_NMMS_atten_date_dtl_rpt.aspx?page=&short_name=UP&state_name=UTTAR%20PRADESH&state_code=31&district_name=BASTI&district_code=3153&block_name=VIKRAM%20JOT&block_code=3153004&panchayat_name=NIYAMATPUR&panchayat_code=3153004049&fin_year=2025-2026&source=&work_code=3153004049/LD/958486255824929913&msr_no=5739&AttendanceDate=22/03/2026&Digest=nCvAUSL4KSw3OIlTfTOgQw",5
"BASTI","VIKRAM JOT","PURE CHETAN","3153004053/RC/958486255823731820","5754","https://mnregaweb4.nic.in/nregaarch/View_NMMS_atten_date_dtl_rpt.aspx?page=&short_name=UP&state_name=UTTAR%20PRADESH&state_code=31&district_name=BASTI&district_code=3153&block_name=VIKRAM%20JOT&block_code=3153004&panchayat_name=PURE%20CHETAN&panchayat_code=3153004053&fin_year=2025-2026&source=&work_code=3153004053/RC/958486255823731820&msr_no=5754&AttendanceDate=22/03/2026&Digest=OHPuPUrGSfnuBMBpiBjK9w",10
"BASTI","VIKRAM JOT","PURE CHETAN","3153004053/RC/958486255823731821","5911","https://mnregaweb4.nic.in/nregaarch/View_NMMS_atten_date_dtl_rpt.aspx?page=&short_name=UP&state_name=UTTAR%20PRADESH&state_code=31&district_name=BASTI&district_code=3153&block_name=VIKRAM%20JOT&block_code=3153004&panchayat_name=PURE%20CHETAN&panchayat_code=3153004053&fin_year=2025-2026&source=&work_code=3153004053/RC/958486255823731821&msr_no=5911&AttendanceDate=22/03/2026&Digest=j/vkmF3S0ckOr9YsQFv3KQ",8
"BASTI","VIKRAM JOT","SHANKARPUR","3153004061/RC/958486255823741079","5824","https://mnregaweb4.nic.in/nregaarch/View_NMMS_atten_date_dtl_rpt.aspx?page=&short_name=UP&state_name=UTTAR%20PRADESH&state_code=31&district_name=BASTI&district_code=3153&block_name=VIKRAM%20JOT&block_code=3153004&panchayat_name=SHANKARPUR&panchayat_code=3153004061&fin_year=2025-2026&source=&work_code=3153004061/RC/958486255823741079&msr_no=5824&AttendanceDate=22/03/2026&Digest=hCpeS4KNWx85c6ddW1ZSiQ",10
"BASTI","VIKRAM JOT","TURSI","3153004068/LD/YD/958486255825007925","5930","https://mnregaweb4.nic.in/nregaarch/View_NMMS_atten_date_dtl_rpt.aspx?page=&short_name=UP&state_name=UTTAR%20PRADESH&state_code=31&district_name=BASTI&district_code=3153&block_name=VIKRAM%20JOT&block_code=3153004&panchayat_name=TURSI&panchayat_code=3153004068&fin_year=2025-2026&source=&work_code=3153004068/LD/YD/958486255825007925&msr_no=5930&AttendanceDate=22/03/2026&Digest=Q3jCCS9ImJq6YMB5AXuNtA",9
"BASTI","VIKRAM JOT","KHATAMSARAY","3153004034/LD/958486255825003166","5817","https://mnregaweb4.nic.in/nregaarch/View_NMMS_atten_date_dtl_rpt.aspx?page=&short_name=UP&state_name=UTTAR%20PRADESH&state_code=31&district_name=BASTI&district_code=3153&block_name=VIKRAM%20JOT&block_code=3153004&panchayat_name=KHATAMSARAY&panchayat_code=3153004034&fin_year=2025-2026&source=&work_code=3153004034/LD/958486255825003166&msr_no=5817&AttendanceDate=22/03/2026&Digest=koAEhXlxmUfFflDsn+ttYA",2
"BASTI","VIKRAM JOT","KHATAMSARAY","3153004034/RC/958486255823737757","5920","https://mnregaweb4.nic.in/nregaarch/View_NMMS_atten_date_dtl_rpt.aspx?page=&short_name=UP&state_name=UTTAR%20PRADESH&state_code=31&district_name=BASTI&district_code=3153&block_name=VIKRAM%20JOT&block_code=3153004&panchayat_name=KHATAMSARAY&panchayat_code=3153004034&fin_year=2025-2026&source=&work_code=3153004034/RC/958486255823737757&msr_no=5920&AttendanceDate=22/03/2026&Digest=gNQRVHYzwwZRBgygeMCoFw",5
"BASTI","VIKRAM JOT","KHATAMSARAY","3153004034/RC/958486255823743157","5919","https://mnregaweb4.nic.in/nregaarch/View_NMMS_atten_date_dtl_rpt.aspx?page=&short_name=UP&state_name=UTTAR%20PRADESH&state_code=31&district_name=BASTI&district_code=3153&block_name=VIKRAM%20JOT&block_code=3153004&panchayat_name=KHATAMSARAY&panchayat_code=3153004034&fin_year=2025-2026&source=&work_code=3153004034/RC/958486255823743157&msr_no=5919&AttendanceDate=22/03/2026&Digest=vhJ7f41dxnjdercwBt8MWg",5
"BASTI","VIKRAM JOT","KHATAMSARAY","3153004034/RC/958486255823743309","5918","https://mnregaweb4.nic.in/nregaarch/View_NMMS_atten_date_dtl_rpt.aspx?page=&short_name=UP&state_name=UTTAR%20PRADESH&state_code=31&district_name=BASTI&district_code=3153&block_name=VIKRAM%20JOT&block_code=3153004&panchayat_name=KHATAMSARAY&panchayat_code=3153004034&fin_year=2025-2026&source=&work_code=3153004034/RC/958486255823743309&msr_no=5918&AttendanceDate=22/03/2026&Digest=swCxXDR18eNnbAQefqSBBA",5
"BASTI","VIKRAM JOT","MALHNI","3153004042/WH/958486255823260020","5867","https://mnregaweb4.nic.in/nregaarch/View_NMMS_atten_date_dtl_rpt.aspx?page=&short_name=UP&state_name=UTTAR%20PRADESH&state_code=31&district_name=BASTI&district_code=3153&block_name=VIKRAM%20JOT&block_code=3153004&panchayat_name=MALHNI&panchayat_code=3153004042&fin_year=2025-2026&source=&work_code=3153004042/WH/958486255823260020&msr_no=5867&AttendanceDate=22/03/2026&Digest=aVsZCCQafkPzLQl8ed2wKQ",9
"BASTI","VIKRAM JOT","NAGRABALI","3153004047/RC/958486255823732598","5934","https://mnregaweb4.nic.in/nregaarch/View_NMMS_atten_date_dtl_rpt.aspx?page=&short_name=UP&state_name=UTTAR%20PRADESH&state_code=31&district_name=BASTI&district_code=3153&block_name=VIKRAM%20JOT&block_code=3153004&panchayat_name=NAGRABALI&panchayat_code=3153004047&fin_year=2025-2026&source=&work_code=3153004047/RC/958486255823732598&msr_no=5934&AttendanceDate=22/03/2026&Digest=bh6ylKRmFXXm4wzdY/IdrA",6
"BASTI","VIKRAM JOT","PURE CHETAN","3153004053/RC/958486255823731818","5898","https://mnregaweb4.nic.in/nregaarch/View_NMMS_atten_date_dtl_rpt.aspx?page=&short_name=UP&state_name=UTTAR%20PRADESH&state_code=31&district_name=BASTI&district_code=3153&block_name=VIKRAM%20JOT&block_code=3153004&panchayat_name=PURE%20CHETAN&panchayat_code=3153004053&fin_year=2025-2026&source=&work_code=3153004053/RC/958486255823731818&msr_no=5898&AttendanceDate=22/03/2026&Digest=6Vk0Os4mlEMHN6wEKKRPdA",6
"BASTI","SAU GHAT","MAHSIN","3153009043/RC/958486255823687996","3330","https://mnregaweb4.nic.in/nregaarch/View_NMMS_atten_date_dtl_rpt.aspx?page=&short_name=UP&state_name=UTTAR%20PRADESH&state_code=31&district_name=BASTI&district_code=3153&block_name=SAU%20GHAT&block_code=3153009&panchayat_name=MAHSIN&panchayat_code=3153009043&fin_year=2025-2026&source=&work_code=3153009043/RC/958486255823687996&msr_no=3330&AttendanceDate=22/03/2026&Digest=DgVBCVWvbBYdirAWREBILw",7
"BASTI","VIKRAM JOT","BATAULI","3153004009/RC/958486255823729776","5844","https://mnregaweb4.nic.in/nregaarch/View_NMMS_atten_date_dtl_rpt.aspx?page=&short_name=UP&state_name=UTTAR%20PRADESH&state_code=31&district_name=BASTI&district_code=3153&block_name=VIKRAM%20JOT&block_code=3153004&panchayat_name=BATAULI&panchayat_code=3153004009&fin_year=2025-2026&source=&work_code=3153004009/RC/958486255823729776&msr_no=5844&AttendanceDate=22/03/2026&Digest=gUQMLuLuGimERp0myd0ijw",7
"BASTI","VIKRAM JOT","JAITAPUR","3153004027/RC/958486255823747459","5913","https://mnregaweb4.nic.in/nregaarch/View_NMMS_atten_date_dtl_rpt.aspx?page=&short_name=UP&state_name=UTTAR%20PRADESH&state_code=31&district_name=BASTI&district_code=3153&block_name=VIKRAM%20JOT&block_code=3153004&panchayat_name=JAITAPUR&panchayat_code=3153004027&fin_year=2025-2026&source=&work_code=3153004027/RC/958486255823747459&msr_no=5913&AttendanceDate=22/03/2026&Digest=ZGb1ptrtlb4EVRMCK6hj/g",1
"BASTI","VIKRAM JOT","KHATAMSARAY","3153004034/LD/958486255825003179","5806","https://mnregaweb4.nic.in/nregaarch/View_NMMS_atten_date_dtl_rpt.aspx?page=&short_name=UP&state_name=UTTAR%20PRADESH&state_code=31&district_name=BASTI&district_code=3153&block_name=VIKRAM%20JOT&block_code=3153004&panchayat_name=KHATAMSARAY&panchayat_code=3153004034&fin_year=2025-2026&source=&work_code=3153004034/LD/958486255825003179&msr_no=5806&AttendanceDate=22/03/2026&Digest=xBsChX9jHKSwrVtaGF3FEA",3
"BASTI","VIKRAM JOT","KUANGAON","3153004037/LD/958486255824792537","5954","https://mnregaweb4.nic.in/nregaarch/View_NMMS_atten_date_dtl_rpt.aspx?page=&short_name=UP&state_name=UTTAR%20PRADESH&state_code=31&district_name=BASTI&district_code=3153&block_name=VIKRAM%20JOT&block_code=3153004&panchayat_name=KUANGAON&panchayat_code=3153004037&fin_year=2025-2026&source=&work_code=3153004037/LD/958486255824792537&msr_no=5954&AttendanceDate=22/03/2026&Digest=15hLRhWUJUYn7KW2bXO+Zw",9
"BASTI","VIKRAM JOT","NETWARPATTI","3153004078/LD/958486255824967920","5776","https://mnregaweb4.nic.in/nregaarch/View_NMMS_atten_date_dtl_rpt.aspx?page=&short_name=UP&state_name=UTTAR%20PRADESH&state_code=31&district_name=BASTI&district_code=3153&block_name=VIKRAM%20JOT&block_code=3153004&panchayat_name=NETWARPATTI&panchayat_code=3153004078&fin_year=2025-2026&source=&work_code=3153004078/LD/958486255824967920&msr_no=5776&AttendanceDate=22/03/2026&Digest=8nenGo7xmIubucCF1JOT8w",9
"BASTI","SALTAUA GOPAL PUR","JOGIA JUDI KUAIYA","3153007034/WH/958486255824010482","5384","https://mnregaweb4.nic.in/nregaarch/View_NMMS_atten_date_dtl_rpt.aspx?page=&short_name=UP&state_name=UTTAR%20PRADESH&state_code=31&district_name=BASTI&district_code=3153&block_name=SALTAUA%20GOPAL%20PUR&block_code=3153007&panchayat_name=JOGIA%20JUDI%20KUAIYA&panchayat_code=3153007034&fin_year=2025-2026&source=&work_code=3153007034/WH/958486255824010482&msr_no=5384&AttendanceDate=22/03/2026&Digest=BgRjgvOsouWgqTorh3jTyA",8
"BASTI","SALTAUA GOPAL PUR","NEWADA","3153007052/RC/958486255823671394","5508","https://mnregaweb4.nic.in/nregaarch/View_NMMS_atten_date_dtl_rpt.aspx?page=&short_name=UP&state_name=UTTAR%20PRADESH&state_code=31&district_name=BASTI&district_code=3153&block_name=SALTAUA%20GOPAL%20PUR&block_code=3153007&panchayat_name=NEWADA&panchayat_code=3153007052&fin_year=2025-2026&source=&work_code=3153007052/RC/958486255823671394&msr_no=5508&AttendanceDate=22/03/2026&Digest=53Y6ZYkleSJNEsCS/S4BHA",8
"BASTI","SALTAUA GOPAL PUR","PURAINA","3153007064/RC/958486255823637333","5351","https://mnregaweb4.nic.in/nregaarch/View_NMMS_atten_date_dtl_rpt.aspx?page=&short_name=UP&state_name=UTTAR%20PRADESH&state_code=31&district_name=BASTI&district_code=3153&block_name=SALTAUA%20GOPAL%20PUR&block_code=3153007&panchayat_name=PURAINA&panchayat_code=3153007064&fin_year=2025-2026&source=&work_code=3153007064/RC/958486255823637333&msr_no=5351&AttendanceDate=22/03/2026&Digest=Py1e/u6polFrO25JTOl4Aw",9
"BASTI","SALTAUA GOPAL PUR","REGI","3153007066/RS/958486255823127214","5348","https://mnregaweb4.nic.in/nregaarch/View_NMMS_atten_date_dtl_rpt.aspx?page=&short_name=UP&state_name=UTTAR%20PRADESH&state_code=31&district_name=BASTI&district_code=3153&block_name=SALTAUA%20GOPAL%20PUR&block_code=3153007&panchayat_name=REGI&panchayat_code=3153007066&fin_year=2025-2026&source=&work_code=3153007066/RS/958486255823127214&msr_no=5348&AttendanceDate=22/03/2026&Digest=cuiFi3LC+15pvtb1kfslvQ",4
"BASTI","SALTAUA GOPAL PUR","SANSAR PUR","3153007070/IC/958486255823704747","5354","https://mnregaweb4.nic.in/nregaarch/View_NMMS_atten_date_dtl_rpt.aspx?page=&short_name=UP&state_name=UTTAR%20PRADESH&state_code=31&district_name=BASTI&district_code=3153&block_name=SALTAUA%20GOPAL%20PUR&block_code=3153007&panchayat_name=SANSAR%20PUR&panchayat_code=3153007070&fin_year=2025-2026&source=&work_code=3153007070/IC/958486255823704747&msr_no=5354&AttendanceDate=22/03/2026&Digest=4r29mLLwhh9VoRA0gYOX+Q",9
"BASTI","SALTAUA GOPAL PUR","SUBHAI","3153007078/RC/958486255823677087","5499","https://mnregaweb4.nic.in/nregaarch/View_NMMS_atten_date_dtl_rpt.aspx?page=&short_name=UP&state_name=UTTAR%20PRADESH&state_code=31&district_name=BASTI&district_code=3153&block_name=SALTAUA%20GOPAL%20PUR&block_code=3153007&panchayat_name=SUBHAI&panchayat_code=3153007078&fin_year=2025-2026&source=&work_code=3153007078/RC/958486255823677087&msr_no=5499&AttendanceDate=22/03/2026&Digest=hSjzKl/hVxDRL/50c7PwMg",8
"BASTI","SALTAUA GOPAL PUR","KHARHARA JAPTI","3153007083/IC/958486255823744669","5472","https://mnregaweb4.nic.in/nregaarch/View_NMMS_atten_date_dtl_rpt.aspx?page=&short_name=UP&state_name=UTTAR%20PRADESH&state_code=31&district_name=BASTI&district_code=3153&block_name=SALTAUA%20GOPAL%20PUR&block_code=3153007&panchayat_name=KHARHARA%20JAPTI&panchayat_code=3153007083&fin_year=2025-2026&source=&work_code=3153007083/IC/958486255823744669&msr_no=5472&AttendanceDate=22/03/2026&Digest=OnPk/Tq4sFauUEfVcy3xsA",10
"BASTI","SALTAUA GOPAL PUR","KORIYA DIH","3153007086/IC/958486255823742443","5439","https://mnregaweb4.nic.in/nregaarch/View_NMMS_atten_date_dtl_rpt.aspx?page=&short_name=UP&state_name=UTTAR%20PRADESH&state_code=31&district_name=BASTI&district_code=3153&block_name=SALTAUA%20GOPAL%20PUR&block_code=3153007&panchayat_name=KORIYA%20DIH&panchayat_code=3153007086&fin_year=2025-2026&source=&work_code=3153007086/IC/958486255823742443&msr_no=5439&AttendanceDate=22/03/2026&Digest=ykfu2rZCZm1bU5to0+hkvA",1
"BASTI","SALTAUA GOPAL PUR","MUDBARA","3153007090/LD/958486255825006022","5490","https://mnregaweb4.nic.in/nregaarch/View_NMMS_atten_date_dtl_rpt.aspx?page=&short_name=UP&state_name=UTTAR%20PRADESH&state_code=31&district_name=BASTI&district_code=3153&block_name=SALTAUA%20GOPAL%20PUR&block_code=3153007&panchayat_name=MUDBARA&panchayat_code=3153007090&fin_year=2025-2026&source=&work_code=3153007090/LD/958486255825006022&msr_no=5490&AttendanceDate=22/03/2026&Digest=wpfzoTmokWr253pw28iylA",6
"BASTI","SALTAUA GOPAL PUR","BHIURA","3153007091/LD/958486255825005524","5428","https://mnregaweb4.nic.in/nregaarch/View_NMMS_atten_date_dtl_rpt.aspx?page=&short_name=UP&state_name=UTTAR%20PRADESH&state_code=31&district_name=BASTI&district_code=3153&block_name=SALTAUA%20GOPAL%20PUR&block_code=3153007&panchayat_name=BHIURA&panchayat_code=3153007091&fin_year=2025-2026&source=&work_code=3153007091/LD/958486255825005524&msr_no=5428&AttendanceDate=22/03/2026&Digest=zJH4cc8wlxFFX1+I/6LbAw",5
"BASTI","SAU GHAT","KHAMAHRIYA","3153009035/RC/958486255823730376","3380","https://mnregaweb4.nic.in/nregaarch/View_NMMS_atten_date_dtl_rpt.aspx?page=&short_name=UP&state_name=UTTAR%20PRADESH&state_code=31&district_name=BASTI&district_code=3153&block_name=SAU%20GHAT&block_code=3153009&panchayat_name=KHAMAHRIYA&panchayat_code=3153009035&fin_year=2025-2026&source=&work_code=3153009035/RC/958486255823730376&msr_no=3380&AttendanceDate=22/03/2026&Digest=xcidOB1Ive54TeCvkmK+3A",6
"BASTI","SAU GHAT","KATYA","3153009078/RC/958486255823751266","3377","https://mnregaweb4.nic.in/nregaarch/View_NMMS_atten_date_dtl_rpt.aspx?page=&short_name=UP&state_name=UTTAR%20PRADESH&state_code=31&district_name=BASTI&district_code=3153&block_name=SAU%20GHAT&block_code=3153009&panchayat_name=KATYA&panchayat_code=3153009078&fin_year=2025-2026&source=&work_code=3153009078/RC/958486255823751266&msr_no=3377&AttendanceDate=22/03/2026&Digest=rOtuKdHZ+5YPBNUC7M3i4w",6
"BASTI","VIKRAM JOT","BATAULI","3153004009/RC/958486255823729774","5752","https://mnregaweb4.nic.in/nregaarch/View_NMMS_atten_date_dtl_rpt.aspx?page=&short_name=UP&state_name=UTTAR%20PRADESH&state_code=31&district_name=BASTI&district_code=3153&block_name=VIKRAM%20JOT&block_code=3153004&panchayat_name=BATAULI&panchayat_code=3153004009&fin_year=2025-2026&source=&work_code=3153004009/RC/958486255823729774&msr_no=5752&AttendanceDate=22/03/2026&Digest=W8PhwVk/aCsT99QvDXZN/w",6
"BASTI","VIKRAM JOT","BATAULI","3153004009/RC/958486255823729776","5845","https://mnregaweb4.nic.in/nregaarch/View_NMMS_atten_date_dtl_rpt.aspx?page=&short_name=UP&state_name=UTTAR%20PRADESH&state_code=31&district_name=BASTI&district_code=3153&block_name=VIKRAM%20JOT&block_code=3153004&panchayat_name=BATAULI&panchayat_code=3153004009&fin_year=2025-2026&source=&work_code=3153004009/RC/958486255823729776&msr_no=5845&AttendanceDate=22/03/2026&Digest=UoivWxObf0J5yHGzs07MUQ",6
"BASTI","VIKRAM JOT","DEVKHAL","3153004017/RC/958486255823727064","5732","https://mnregaweb4.nic.in/nregaarch/View_NMMS_atten_date_dtl_rpt.aspx?page=&short_name=UP&state_name=UTTAR%20PRADESH&state_code=31&district_name=BASTI&district_code=3153&block_name=VIKRAM%20JOT&block_code=3153004&panchayat_name=DEVKHAL&panchayat_code=3153004017&fin_year=2025-2026&source=&work_code=3153004017/RC/958486255823727064&msr_no=5732&AttendanceDate=22/03/2026&Digest=pRbzS9WfUMMFkk3x4YbIJQ",5
"BASTI","VIKRAM JOT","DHAURAHRA CHAUHAN","3153004018/LD/958486255824989950","5958","https://mnregaweb4.nic.in/nregaarch/View_NMMS_atten_date_dtl_rpt.aspx?page=&short_name=UP&state_name=UTTAR%20PRADESH&state_code=31&district_name=BASTI&district_code=3153&block_name=VIKRAM%20JOT&block_code=3153004&panchayat_name=DHAURAHRA%20CHAUHAN&panchayat_code=3153004018&fin_year=2025-2026&source=&work_code=3153004018/LD/958486255824989950&msr_no=5958&AttendanceDate=22/03/2026&Digest=wkB0FVCxRmLg/QIh0OCqTQ",9
"BASTI","VIKRAM JOT","DHIRAULI BABU","3153004019/RC/958486255823745146","5724","https://mnregaweb4.nic.in/nregaarch/View_NMMS_atten_date_dtl_rpt.aspx?page=&short_name=UP&state_name=UTTAR%20PRADESH&state_code=31&district_name=BASTI&district_code=3153&block_name=VIKRAM%20JOT&block_code=3153004&panchayat_name=DHIRAULI%20BABU&panchayat_code=3153004019&fin_year=2025-2026&source=&work_code=3153004019/RC/958486255823745146&msr_no=5724&AttendanceDate=22/03/2026&Digest=1f7Z/7M2JfZqHrUmhtcp7w",6
"BASTI","VIKRAM JOT","DEVKHAR","3153004026/RC/958486255823706201","5892","https://mnregaweb4.nic.in/nregaarch/View_NMMS_atten_date_dtl_rpt.aspx?page=&short_name=UP&state_name=UTTAR%20PRADESH&state_code=31&district_name=BASTI&district_code=3153&block_name=VIKRAM%20JOT&block_code=3153004&panchayat_name=DEVKHAR&panchayat_code=3153004026&fin_year=2025-2026&source=&work_code=3153004026/RC/958486255823706201&msr_no=5892&AttendanceDate=22/03/2026&Digest=//uVlefn4JS+nu8br7yOAw",1
"BASTI","VIKRAM JOT","DEVKHAR","3153004026/RC/958486255823706204","5851","https://mnregaweb4.nic.in/nregaarch/View_NMMS_atten_date_dtl_rpt.aspx?page=&short_name=UP&state_name=UTTAR%20PRADESH&state_code=31&district_name=BASTI&district_code=3153&block_name=VIKRAM%20JOT&block_code=3153004&panchayat_name=DEVKHAR&panchayat_code=3153004026&fin_year=2025-2026&source=&work_code=3153004026/RC/958486255823706204&msr_no=5851&AttendanceDate=22/03/2026&Digest=r3o40JfFN2B6n59xwOe+hA",4
"BASTI","VIKRAM JOT","KHATAMSARAY","3153004034/LD/958486255824995840","5783","https://mnregaweb4.nic.in/nregaarch/View_NMMS_atten_date_dtl_rpt.aspx?page=&short_name=UP&state_name=UTTAR%20PRADESH&state_code=31&district_name=BASTI&district_code=3153&block_name=VIKRAM%20JOT&block_code=3153004&panchayat_name=KHATAMSARAY&panchayat_code=3153004034&fin_year=2025-2026&source=&work_code=3153004034/LD/958486255824995840&msr_no=5783&AttendanceDate=22/03/2026&Digest=GKmFiMMKQ7ZjLJB9ua1ETA",9
"BASTI","VIKRAM JOT","MAJHILGAON","3153004041/WH/958486255823985133","5773","https://mnregaweb4.nic.in/nregaarch/View_NMMS_atten_date_dtl_rpt.aspx?page=&short_name=UP&state_name=UTTAR%20PRADESH&state_code=31&district_name=BASTI&district_code=3153&block_name=VIKRAM%20JOT&block_code=3153004&panchayat_name=MAJHILGAON&panchayat_code=3153004041&fin_year=2025-2026&source=&work_code=3153004041/WH/958486255823985133&msr_no=5773&AttendanceDate=22/03/2026&Digest=v5pDZNAHu0p1wGvktJ15hg",2
"BASTI","VIKRAM JOT","MALHNI","3153004042/RC/958486255823737150","5872","https://mnregaweb4.nic.in/nregaarch/View_NMMS_atten_date_dtl_rpt.aspx?page=&short_name=UP&state_name=UTTAR%20PRADESH&state_code=31&district_name=BASTI&district_code=3153&block_name=VIKRAM%20JOT&block_code=3153004&panchayat_name=MALHNI&panchayat_code=3153004042&fin_year=2025-2026&source=&work_code=3153004042/RC/958486255823737150&msr_no=5872&AttendanceDate=22/03/2026&Digest=VC2FS47RFrL1VyTzcG1WQg",9
"BASTI","VIKRAM JOT","MALHNI","3153004042/WC/958486255824216389","5869","https://mnregaweb4.nic.in/nregaarch/View_NMMS_atten_date_dtl_rpt.aspx?page=&short_name=UP&state_name=UTTAR%20PRADESH&state_code=31&district_name=BASTI&district_code=3153&block_name=VIKRAM%20JOT&block_code=3153004&panchayat_name=MALHNI&panchayat_code=3153004042&fin_year=2025-2026&source=&work_code=3153004042/WC/958486255824216389&msr_no=5869&AttendanceDate=22/03/2026&Digest=7l3oPka3Yjpod7h4+gdtLQ",9
"BASTI","VIKRAM JOT","EKMA HIRANIYA","3153004043/RC/958486255823725143","5962","https://mnregaweb4.nic.in/nregaarch/View_NMMS_atten_date_dtl_rpt.aspx?page=&short_name=UP&state_name=UTTAR%20PRADESH&state_code=31&district_name=BASTI&district_code=3153&block_name=VIKRAM%20JOT&block_code=3153004&panchayat_name=EKMA%20HIRANIYA&panchayat_code=3153004043&fin_year=2025-2026&source=&work_code=3153004043/RC/958486255823725143&msr_no=5962&AttendanceDate=22/03/2026&Digest=R7NF84HXzQPcNNz7i3WNLg",3
"BASTI","VIKRAM JOT","EKMA HIRANIYA","3153004043/WC/958486255824231525","5855","https://mnregaweb4.nic.in/nregaarch/View_NMMS_atten_date_dtl_rpt.aspx?page=&short_name=UP&state_name=UTTAR%20PRADESH&state_code=31&district_name=BASTI&district_code=3153&block_name=VIKRAM%20JOT&block_code=3153004&panchayat_name=EKMA%20HIRANIYA&panchayat_code=3153004043&fin_year=2025-2026&source=&work_code=3153004043/WC/958486255824231525&msr_no=5855&AttendanceDate=22/03/2026&Digest=iYMLyvMzcm6Y92TT88WTeQ",7
"BASTI","VIKRAM JOT","NAGRABALI","3153004047/RC/958486255823732602","5932","https://mnregaweb4.nic.in/nregaarch/View_NMMS_atten_date_dtl_rpt.aspx?page=&short_name=UP&state_name=UTTAR%20PRADESH&state_code=31&district_name=BASTI&district_code=3153&block_name=VIKRAM%20JOT&block_code=3153004&panchayat_name=NAGRABALI&panchayat_code=3153004047&fin_year=2025-2026&source=&work_code=3153004047/RC/958486255823732602&msr_no=5932&AttendanceDate=22/03/2026&Digest=cXbpStDeVxg7/Uphr0aEfg",4
"BASTI","VIKRAM JOT","NIYAMATPUR","3153004049/LD/958486255824929913","5738","https://mnregaweb4.nic.in/nregaarch/View_NMMS_atten_date_dtl_rpt.aspx?page=&short_name=UP&state_name=UTTAR%20PRADESH&state_code=31&district_name=BASTI&district_code=3153&block_name=VIKRAM%20JOT&block_code=3153004&panchayat_name=NIYAMATPUR&panchayat_code=3153004049&fin_year=2025-2026&source=&work_code=3153004049/LD/958486255824929913&msr_no=5738&AttendanceDate=22/03/2026&Digest=2TwqT/cfVjbljxOdfB4j1Q",8
"BASTI","VIKRAM JOT","NIYAMATPUR","3153004049/LD/958486255824929913","5741","https://mnregaweb4.nic.in/nregaarch/View_NMMS_atten_date_dtl_rpt.aspx?page=&short_name=UP&state_name=UTTAR%20PRADESH&state_code=31&district_name=BASTI&district_code=3153&block_name=VIKRAM%20JOT&block_code=3153004&panchayat_name=NIYAMATPUR&panchayat_code=3153004049&fin_year=2025-2026&source=&work_code=3153004049/LD/958486255824929913&msr_no=5741&AttendanceDate=22/03/2026&Digest=JiW6nDnp0Ace8LzdeEBIKA",2
"BASTI","VIKRAM JOT","PURE CHETAN","3153004053/RC/958486255823731818","5897","https://mnregaweb4.nic.in/nregaarch/View_NMMS_atten_date_dtl_rpt.aspx?page=&short_name=UP&state_name=UTTAR%20PRADESH&state_code=31&district_name=BASTI&district_code=3153&block_name=VIKRAM%20JOT&block_code=3153004&panchayat_name=PURE%20CHETAN&panchayat_code=3153004053&fin_year=2025-2026&source=&work_code=3153004053/RC/958486255823731818&msr_no=5897&AttendanceDate=22/03/2026&Digest=/u41bWbX0nLgaxQPUX2TDw",10
"BASTI","VIKRAM JOT","TURSI","3153004068/LD/YD/958486255825007923","5924","https://mnregaweb4.nic.in/nregaarch/View_NMMS_atten_date_dtl_rpt.aspx?page=&short_name=UP&state_name=UTTAR%20PRADESH&state_code=31&district_name=BASTI&district_code=3153&block_name=VIKRAM%20JOT&block_code=3153004&panchayat_name=TURSI&panchayat_code=3153004068&fin_year=2025-2026&source=&work_code=3153004068/LD/YD/958486255825007923&msr_no=5924&AttendanceDate=22/03/2026&Digest=2ZKHRyf5XFGvnllervl3Vg",5
"BASTI","VIKRAM JOT","JAMAULIYA MAFI","3153004077/RC/958486255823518295","5793","https://mnregaweb4.nic.in/nregaarch/View_NMMS_atten_date_dtl_rpt.aspx?page=&short_name=UP&state_name=UTTAR%20PRADESH&state_code=31&district_name=BASTI&district_code=3153&block_name=VIKRAM%20JOT&block_code=3153004&panchayat_name=JAMAULIYA%20MAFI&panchayat_code=3153004077&fin_year=2025-2026&source=&work_code=3153004077/RC/958486255823518295&msr_no=5793&AttendanceDate=22/03/2026&Digest=Bi/Uf2uZRk5TP7cWpcQEtA",8
"BASTI","VIKRAM JOT","NETWARPATTI","3153004078/RC/958486255823728519","5802","https://mnregaweb4.nic.in/nregaarch/View_NMMS_atten_date_dtl_rpt.aspx?page=&short_name=UP&state_name=UTTAR%20PRADESH&state_code=31&district_name=BASTI&district_code=3153&block_name=VIKRAM%20JOT&block_code=3153004&panchayat_name=NETWARPATTI&panchayat_code=3153004078&fin_year=2025-2026&source=&work_code=3153004078/RC/958486255823728519&msr_no=5802&AttendanceDate=22/03/2026&Digest=cNiOeq55DJtz8+ris40fNA",9
"BASTI","KUDARAHA","DAIJI","3153013078/RC/958486255823742477","7783","https://mnregaweb4.nic.in/nregaarch/View_NMMS_atten_date_dtl_rpt.aspx?page=&short_name=UP&state_name=UTTAR%20PRADESH&state_code=31&district_name=BASTI&district_code=3153&block_name=KUDARAHA&block_code=3153013&panchayat_name=DAIJI&panchayat_code=3153013078&fin_year=2025-2026&source=&work_code=3153013078/RC/958486255823742477&msr_no=7783&AttendanceDate=22/03/2026&Digest=3DK0m0xqPdxbqmL8x6Juiw",10
"BASTI","KUDARAHA","DAIJI","3153013078/RC/958486255823750138","7782","https://mnregaweb4.nic.in/nregaarch/View_NMMS_atten_date_dtl_rpt.aspx?page=&short_name=UP&state_name=UTTAR%20PRADESH&state_code=31&district_name=BASTI&district_code=3153&block_name=KUDARAHA&block_code=3153013&panchayat_name=DAIJI&panchayat_code=3153013078&fin_year=2025-2026&source=&work_code=3153013078/RC/958486255823750138&msr_no=7782&AttendanceDate=22/03/2026&Digest=R8OFBBZHMuWEQEvYsfEQCw",1
"BASTI","PARAS RAMPUR","AMAULI","3153001003/RC/958486255823681344","9245","https://mnregaweb4.nic.in/nregaarch/View_NMMS_atten_date_dtl_rpt.aspx?page=&short_name=UP&state_name=UTTAR%20PRADESH&state_code=31&district_name=BASTI&district_code=3153&block_name=PARAS%20RAMPUR&block_code=3153001&panchayat_name=AMAULI&panchayat_code=3153001003&fin_year=2025-2026&source=&work_code=3153001003/RC/958486255823681344&msr_no=9245&AttendanceDate=22/03/2026&Digest=9aKGpl7OYttuKvj63Bxhew",9
"BASTI","PARAS RAMPUR","AMAULI","3153001003/RC/958486255823681464","9238","https://mnregaweb4.nic.in/nregaarch/View_NMMS_atten_date_dtl_rpt.aspx?page=&short_name=UP&state_name=UTTAR%20PRADESH&state_code=31&district_name=BASTI&district_code=3153&block_name=PARAS%20RAMPUR&block_code=3153001&panchayat_name=AMAULI&panchayat_code=3153001003&fin_year=2025-2026&source=&work_code=3153001003/RC/958486255823681464&msr_no=9238&AttendanceDate=22/03/2026&Digest=8s4ut5DzV+mEf3jpx6SiPg",5
"BASTI","PARAS RAMPUR","BELBHARIYA","3153001010/RC/958486255823732335","9384","https://mnregaweb4.nic.in/nregaarch/View_NMMS_atten_date_dtl_rpt.aspx?page=&short_name=UP&state_name=UTTAR%20PRADESH&state_code=31&district_name=BASTI&district_code=3153&block_name=PARAS%20RAMPUR&block_code=3153001&panchayat_name=BELBHARIYA&panchayat_code=3153001010&fin_year=2025-2026&source=&work_code=3153001010/RC/958486255823732335&msr_no=9384&AttendanceDate=22/03/2026&Digest=tsTLPHWQKnfXpHHjekIyhQ",10
"BASTI","PARAS RAMPUR","BICHHIYA MISHRA","3153001013/RC/958486255823699322","9559","https://mnregaweb4.nic.in/nregaarch/View_NMMS_atten_date_dtl_rpt.aspx?page=&short_name=UP&state_name=UTTAR%20PRADESH&state_code=31&district_name=BASTI&district_code=3153&block_name=PARAS%20RAMPUR&block_code=3153001&panchayat_name=BICHHIYA%20MISHRA&panchayat_code=3153001013&fin_year=2025-2026&source=&work_code=3153001013/RC/958486255823699322&msr_no=9559&AttendanceDate=22/03/2026&Digest=BVAPqADFoX4w/wZGoKeHeQ",7
"BASTI","PARAS RAMPUR","BICHHIYA MISHRA","3153001013/RC/958486255823747238","9556","https://mnregaweb4.nic.in/nregaarch/View_NMMS_atten_date_dtl_rpt.aspx?page=&short_name=UP&state_name=UTTAR%20PRADESH&state_code=31&district_name=BASTI&district_code=3153&block_name=PARAS%20RAMPUR&block_code=3153001&panchayat_name=BICHHIYA%20MISHRA&panchayat_code=3153001013&fin_year=2025-2026&source=&work_code=3153001013/RC/958486255823747238&msr_no=9556&AttendanceDate=22/03/2026&Digest=PjY/gcxZVfKIic+vDQa5lQ",7
"BASTI","PARAS RAMPUR","ETAWA","3153001025/RC/958486255823743765","9360","https://mnregaweb4.nic.in/nregaarch/View_NMMS_atten_date_dtl_rpt.aspx?page=&short_name=UP&state_name=UTTAR%20PRADESH&state_code=31&district_name=BASTI&district_code=3153&block_name=PARAS%20RAMPUR&block_code=3153001&panchayat_name=ETAWA&panchayat_code=3153001025&fin_year=2025-2026&source=&work_code=3153001025/RC/958486255823743765&msr_no=9360&AttendanceDate=22/03/2026&Digest=jPUQmDsgJb9dV9QgBCQjbw",9
"BASTI","PARAS RAMPUR","JEETIPUR","3153001035/RC/958486255823744976","9578","https://mnregaweb4.nic.in/nregaarch/View_NMMS_atten_date_dtl_rpt.aspx?page=&short_name=UP&state_name=UTTAR%20PRADESH&state_code=31&district_name=BASTI&district_code=3153&block_name=PARAS%20RAMPUR&block_code=3153001&panchayat_name=JEETIPUR&panchayat_code=3153001035&fin_year=2025-2026&source=&work_code=3153001035/RC/958486255823744976&msr_no=9578&AttendanceDate=22/03/2026&Digest=FjNtiBW8KqFX8U386gDzzg",8
"BASTI","PARAS RAMPUR","KARIGHNA","3153001038/RC/958486255823697763","9202","https://mnregaweb4.nic.in/nregaarch/View_NMMS_atten_date_dtl_rpt.aspx?page=&short_name=UP&state_name=UTTAR%20PRADESH&state_code=31&district_name=BASTI&district_code=3153&block_name=PARAS%20RAMPUR&block_code=3153001&panchayat_name=KARIGHNA&panchayat_code=3153001038&fin_year=2025-2026&source=&work_code=3153001038/RC/958486255823697763&msr_no=9202&AttendanceDate=22/03/2026&Digest=ohxBeo0WPeTa4KnPvgPgzg",7
"BASTI","PARAS RAMPUR","LAKSHIMANPUR KUNWAR","3153001042/RC/958486255823724120","9282","https://mnregaweb4.nic.in/nregaarch/View_NMMS_atten_date_dtl_rpt.aspx?page=&short_name=UP&state_name=UTTAR%20PRADESH&state_code=31&district_name=BASTI&district_code=3153&block_name=PARAS%20RAMPUR&block_code=3153001&panchayat_name=LAKSHIMANPUR%20KUNWAR&panchayat_code=3153001042&fin_year=2025-2026&source=&work_code=3153001042/RC/958486255823724120&msr_no=9282&AttendanceDate=22/03/2026&Digest=eAUkG16z9TRYtahfSOQLwQ",8
"BASTI","PARAS RAMPUR","PADARI BABU","3153001062/RC/958486255823721426","9394","https://mnregaweb4.nic.in/nregaarch/View_NMMS_atten_date_dtl_rpt.aspx?page=&short_name=UP&state_name=UTTAR%20PRADESH&state_code=31&district_name=BASTI&district_code=3153&block_name=PARAS%20RAMPUR&block_code=3153001&panchayat_name=PADARI%20BABU&panchayat_code=3153001062&fin_year=2025-2026&source=&work_code=3153001062/RC/958486255823721426&msr_no=9394&AttendanceDate=22/03/2026&Digest=NISDsS9jGwlZYdDWnVTkOA",4
"BASTI","PARAS RAMPUR","DHOBAHI","3153001063/WC/958486255824234655","9653","https://mnregaweb4.nic.in/nregaarch/View_NMMS_atten_date_dtl_rpt.aspx?page=&short_name=UP&state_name=UTTAR%20PRADESH&state_code=31&district_name=BASTI&district_code=3153&block_name=PARAS%20RAMPUR&block_code=3153001&panchayat_name=DHOBAHI&panchayat_code=3153001063&fin_year=2025-2026&source=&work_code=3153001063/WC/958486255824234655&msr_no=9653&AttendanceDate=22/03/2026&Digest=77kAUE8k7Id8wBnluYEQiQ",8
"BASTI","PARAS RAMPUR","DHOBAHI","3153001063/WC/958486255824234655","9656","https://mnregaweb4.nic.in/nregaarch/View_NMMS_atten_date_dtl_rpt.aspx?page=&short_name=UP&state_name=UTTAR%20PRADESH&state_code=31&district_name=BASTI&district_code=3153&block_name=PARAS%20RAMPUR&block_code=3153001&panchayat_name=DHOBAHI&panchayat_code=3153001063&fin_year=2025-2026&source=&work_code=3153001063/WC/958486255824234655&msr_no=9656&AttendanceDate=22/03/2026&Digest=EZh/VaDv7mx46dv8SSUImw",9
"BASTI","PARAS RAMPUR","PARSURAMPUR","3153001064/RC/958486255823732685","9644","https://mnregaweb4.nic.in/nregaarch/View_NMMS_atten_date_dtl_rpt.aspx?page=&short_name=UP&state_name=UTTAR%20PRADESH&state_code=31&district_name=BASTI&district_code=3153&block_name=PARAS%20RAMPUR&block_code=3153001&panchayat_name=PARSURAMPUR&panchayat_code=3153001064&fin_year=2025-2026&source=&work_code=3153001064/RC/958486255823732685&msr_no=9644&AttendanceDate=22/03/2026&Digest=rTzK2yrkLqVWe7ILvVKxUw",10
"BASTI","PARAS RAMPUR","RAGHVAPUR","3153001068/LD/958486255824935221","9267","https://mnregaweb4.nic.in/nregaarch/View_NMMS_atten_date_dtl_rpt.aspx?page=&short_name=UP&state_name=UTTAR%20PRADESH&state_code=31&district_name=BASTI&district_code=3153&block_name=PARAS%20RAMPUR&block_code=3153001&panchayat_name=RAGHVAPUR&panchayat_code=3153001068&fin_year=2025-2026&source=&work_code=3153001068/LD/958486255824935221&msr_no=9267&AttendanceDate=22/03/2026&Digest=26kf6oQq4YmIdo/q2XK7dw",9
"BASTI","PARAS RAMPUR","SUKRAULI KUWAR","3153001078/RC/958486255823632392","9601","https://mnregaweb4.nic.in/nregaarch/View_NMMS_atten_date_dtl_rpt.aspx?page=&short_name=UP&state_name=UTTAR%20PRADESH&state_code=31&district_name=BASTI&district_code=3153&block_name=PARAS%20RAMPUR&block_code=3153001&panchayat_name=SUKRAULI%20KUWAR&panchayat_code=3153001078&fin_year=2025-2026&source=&work_code=3153001078/RC/958486255823632392&msr_no=9601&AttendanceDate=22/03/2026&Digest=CgguVygThmm0rJjXEI9/xw",8
"BASTI","PARAS RAMPUR","DHOSHAR MISHRA","3153001085/RC/958486255823726380","9662","https://mnregaweb4.nic.in/nregaarch/View_NMMS_atten_date_dtl_rpt.aspx?page=&short_name=UP&state_name=UTTAR%20PRADESH&state_code=31&district_name=BASTI&district_code=3153&block_name=PARAS%20RAMPUR&block_code=3153001&panchayat_name=DHOSHAR%20MISHRA&panchayat_code=3153001085&fin_year=2025-2026&source=&work_code=3153001085/RC/958486255823726380&msr_no=9662&AttendanceDate=22/03/2026&Digest=nQuNKr5dHvJJagMCr5Smpg",9
"BASTI","PARAS RAMPUR","MADARIYA BABU","3153001090/RC/958486255823692886","9207","https://mnregaweb4.nic.in/nregaarch/View_NMMS_atten_date_dtl_rpt.aspx?page=&short_name=UP&state_name=UTTAR%20PRADESH&state_code=31&district_name=BASTI&district_code=3153&block_name=PARAS%20RAMPUR&block_code=3153001&panchayat_name=MADARIYA%20BABU	&panchayat_code=3153001090&fin_year=2025-2026&source=&work_code=3153001090/RC/958486255823692886&msr_no=9207&AttendanceDate=22/03/2026&Digest=+zD4c7a39k5ugAPSbfhslg",5
"BASTI","PARAS RAMPUR","PITUDA","3153001093/LD/958486255824888940","9222","https://mnregaweb4.nic.in/nregaarch/View_NMMS_atten_date_dtl_rpt.aspx?page=&short_name=UP&state_name=UTTAR%20PRADESH&state_code=31&district_name=BASTI&district_code=3153&block_name=PARAS%20RAMPUR&block_code=3153001&panchayat_name=PITUDA&panchayat_code=3153001093&fin_year=2025-2026&source=&work_code=3153001093/LD/958486255824888940&msr_no=9222&AttendanceDate=22/03/2026&Digest=WDgSwT+pl+XZ10o+7dEpBg",10
"BASTI","PARAS RAMPUR","RAMPUR NAV NIDHI RAI","3153001096/LD/958486255824671641","9617","https://mnregaweb4.nic.in/nregaarch/View_NMMS_atten_date_dtl_rpt.aspx?page=&short_name=UP&state_name=UTTAR%20PRADESH&state_code=31&district_name=BASTI&district_code=3153&block_name=PARAS%20RAMPUR&block_code=3153001&panchayat_name=RAMPUR%20NAV%20NIDHI%20RAI&panchayat_code=3153001096&fin_year=2025-2026&source=&work_code=3153001096/LD/958486255824671641&msr_no=9617&AttendanceDate=22/03/2026&Digest=+d9T0kQNnKWaQALSoUiYow",10
"BASTI","PARAS RAMPUR","LACHHIPUR","3153001106/RC/958486255823730898","9296","https://mnregaweb4.nic.in/nregaarch/View_NMMS_atten_date_dtl_rpt.aspx?page=&short_name=UP&state_name=UTTAR%20PRADESH&state_code=31&district_name=BASTI&district_code=3153&block_name=PARAS%20RAMPUR&block_code=3153001&panchayat_name=LACHHIPUR&panchayat_code=3153001106&fin_year=2025-2026&source=&work_code=3153001106/RC/958486255823730898&msr_no=9296&AttendanceDate=22/03/2026&Digest=N9gGDuQ5e5k8BCkRKFB2zQ",10
"BASTI","PARAS RAMPUR","LACHHIPUR","3153001106/WC/958486255824214723","9515","https://mnregaweb4.nic.in/nregaarch/View_NMMS_atten_date_dtl_rpt.aspx?page=&short_name=UP&state_name=UTTAR%20PRADESH&state_code=31&district_name=BASTI&district_code=3153&block_name=PARAS%20RAMPUR&block_code=3153001&panchayat_name=LACHHIPUR&panchayat_code=3153001106&fin_year=2025-2026&source=&work_code=3153001106/WC/958486255824214723&msr_no=9515&AttendanceDate=22/03/2026&Digest=daV1D8ZToQyx0WHvQQEp5A",10
"BASTI","PARAS RAMPUR","LACHHIPUR","3153001106/WC/958486255824214723","9518","https://mnregaweb4.nic.in/nregaarch/View_NMMS_atten_date_dtl_rpt.aspx?page=&short_name=UP&state_name=UTTAR%20PRADESH&state_code=31&district_name=BASTI&district_code=3153&block_name=PARAS%20RAMPUR&block_code=3153001&panchayat_name=LACHHIPUR&panchayat_code=3153001106&fin_year=2025-2026&source=&work_code=3153001106/WC/958486255824214723&msr_no=9518&AttendanceDate=22/03/2026&Digest=5GFeq0WAgD7oqToZIUkORw",9
"BASTI","RAMNAGAR","BEILI","3153006014/LD/958486255824622751","5988","https://mnregaweb4.nic.in/nregaarch/View_NMMS_atten_date_dtl_rpt.aspx?page=&short_name=UP&state_name=UTTAR%20PRADESH&state_code=31&district_name=BASTI&district_code=3153&block_name=RAMNAGAR&block_code=3153006&panchayat_name=BEILI&panchayat_code=3153006014&fin_year=2025-2026&source=&work_code=3153006014/LD/958486255824622751&msr_no=5988&AttendanceDate=22/03/2026&Digest=nh0Q1VaxPJ/h7NGldtpoOw",2
"BASTI","RAMNAGAR","BHIVAPAR","3153006017/IC/958486255823743148","6167","https://mnregaweb4.nic.in/nregaarch/View_NMMS_atten_date_dtl_rpt.aspx?page=&short_name=UP&state_name=UTTAR%20PRADESH&state_code=31&district_name=BASTI&district_code=3153&block_name=RAMNAGAR&block_code=3153006&panchayat_name=BHIVAPAR&panchayat_code=3153006017&fin_year=2025-2026&source=&work_code=3153006017/IC/958486255823743148&msr_no=6167&AttendanceDate=22/03/2026&Digest=wGpOB6Y9f70ke+3sCB4pNw",7
"BASTI","RAMNAGAR","CHAISAR","3153006020/WC/958486255824226707","5985","https://mnregaweb4.nic.in/nregaarch/View_NMMS_atten_date_dtl_rpt.aspx?page=&short_name=UP&state_name=UTTAR%20PRADESH&state_code=31&district_name=BASTI&district_code=3153&block_name=RAMNAGAR&block_code=3153006&panchayat_name=CHAISAR&panchayat_code=3153006020&fin_year=2025-2026&source=&work_code=3153006020/WC/958486255824226707&msr_no=5985&AttendanceDate=22/03/2026&Digest=Wk3VMlOWQF0G+vXqGWwj6Q",6
"BASTI","RAMNAGAR","GADAPUR CHAK","3153006026/RC/958486255823750649","6152","https://mnregaweb4.nic.in/nregaarch/View_NMMS_atten_date_dtl_rpt.aspx?page=&short_name=UP&state_name=UTTAR%20PRADESH&state_code=31&district_name=BASTI&district_code=3153&block_name=RAMNAGAR&block_code=3153006&panchayat_name=GADAPUR%20CHAK&panchayat_code=3153006026&fin_year=2025-2026&source=&work_code=3153006026/RC/958486255823750649&msr_no=6152&AttendanceDate=22/03/2026&Digest=wrORHblSKaiX2/0eKVhyCw",3
"BASTI","RAMNAGAR","LODHAVA","3153006040/AV/958486255824177707","6028","https://mnregaweb4.nic.in/nregaarch/View_NMMS_atten_date_dtl_rpt.aspx?page=&short_name=UP&state_name=UTTAR%20PRADESH&state_code=31&district_name=BASTI&district_code=3153&block_name=RAMNAGAR&block_code=3153006&panchayat_name=LODHAVA&panchayat_code=3153006040&fin_year=2025-2026&source=&work_code=3153006040/AV/958486255824177707&msr_no=6028&AttendanceDate=22/03/2026&Digest=8DfS8Gi6bDzCHLjaTMneKA",6
"BASTI","RAMNAGAR","PARSA KUTUB","3153006051/RC/958486255823741598","6168","https://mnregaweb4.nic.in/nregaarch/View_NMMS_atten_date_dtl_rpt.aspx?page=&short_name=UP&state_name=UTTAR%20PRADESH&state_code=31&district_name=BASTI&district_code=3153&block_name=RAMNAGAR&block_code=3153006&panchayat_name=PARSA%20KUTUB&panchayat_code=3153006051&fin_year=2025-2026&source=&work_code=3153006051/RC/958486255823741598&msr_no=6168&AttendanceDate=22/03/2026&Digest=mGUXKvAeHbmMtHv90DIqvA",9
"BASTI","RAMNAGAR","VAIDOLI URF DUBAULI","3153006069/LD/958486255824984130","6071","https://mnregaweb4.nic.in/nregaarch/View_NMMS_atten_date_dtl_rpt.aspx?page=&short_name=UP&state_name=UTTAR%20PRADESH&state_code=31&district_name=BASTI&district_code=3153&block_name=RAMNAGAR&block_code=3153006&panchayat_name=VAIDOLI%20URF%20DUBAULI&panchayat_code=3153006069&fin_year=2025-2026&source=&work_code=3153006069/LD/958486255824984130&msr_no=6071&AttendanceDate=22/03/2026&Digest=F87zG/RcpqQMajGVd/zaUg",4
"BASTI","RAMNAGAR","IBRAHIMCHAK SEKHAPUR","3153006071/RC/958486255823751189","6157","https://mnregaweb4.nic.in/nregaarch/View_NMMS_atten_date_dtl_rpt.aspx?page=&short_name=UP&state_name=UTTAR%20PRADESH&state_code=31&district_name=BASTI&district_code=3153&block_name=RAMNAGAR&block_code=3153006&panchayat_name=IBRAHIMCHAK%20SEKHAPUR&panchayat_code=3153006071&fin_year=2025-2026&source=&work_code=3153006071/RC/958486255823751189&msr_no=6157&AttendanceDate=22/03/2026&Digest=N3hNyF9H2QW7iUAoQTc+dw",10
"BASTI","RAMNAGAR","MAILANI URF HINDU NAGAR","3153006079/RC/958486255823699542","6076","https://mnregaweb4.nic.in/nregaarch/View_NMMS_atten_date_dtl_rpt.aspx?page=&short_name=UP&state_name=UTTAR%20PRADESH&state_code=31&district_name=BASTI&district_code=3153&block_name=RAMNAGAR&block_code=3153006&panchayat_name=MAILANI%20URF%20HINDU%20NAGAR&panchayat_code=3153006079&fin_year=2025-2026&source=&work_code=3153006079/RC/958486255823699542&msr_no=6076&AttendanceDate=22/03/2026&Digest=11ylZC/wW0fw8MW0lVx9Dg",8
"BASTI","RUDAULI","BAKHARIAYA","3153008008/RC/958486255823693454","6009","https://mnregaweb4.nic.in/nregaarch/View_NMMS_atten_date_dtl_rpt.aspx?page=&short_name=UP&state_name=UTTAR%20PRADESH&state_code=31&district_name=BASTI&district_code=3153&block_name=RUDAULI&block_code=3153008&panchayat_name=BAKHARIAYA&panchayat_code=3153008008&fin_year=2025-2026&source=&work_code=3153008008/RC/958486255823693454&msr_no=6009&AttendanceDate=22/03/2026&Digest=0t7EFfmfZFDQNXZ05vhv8g",5
"BASTI","RUDAULI","BIJALPUR","3153008016/RC/958486255823745795","5885","https://mnregaweb4.nic.in/nregaarch/View_NMMS_atten_date_dtl_rpt.aspx?page=&short_name=UP&state_name=UTTAR%20PRADESH&state_code=31&district_name=BASTI&district_code=3153&block_name=RUDAULI&block_code=3153008&panchayat_name=BIJALPUR&panchayat_code=3153008016&fin_year=2025-2026&source=&work_code=3153008016/RC/958486255823745795&msr_no=5885&AttendanceDate=22/03/2026&Digest=raiFpm8jy+bSP+0a/NaxKw",5
"BASTI","RUDAULI","CHHATRIYA","3153008018/RC/958486255823690414","6159","https://mnregaweb4.nic.in/nregaarch/View_NMMS_atten_date_dtl_rpt.aspx?page=&short_name=UP&state_name=UTTAR%20PRADESH&state_code=31&district_name=BASTI&district_code=3153&block_name=RUDAULI&block_code=3153008&panchayat_name=CHHATRIYA&panchayat_code=3153008018&fin_year=2025-2026&source=&work_code=3153008018/RC/958486255823690414&msr_no=6159&AttendanceDate=22/03/2026&Digest=KBxQ2sflqS+PvMysTomsfw",5
"BASTI","RUDAULI","CHHATRIYA","3153008018/RC/958486255823750102","6163","https://mnregaweb4.nic.in/nregaarch/View_NMMS_atten_date_dtl_rpt.aspx?page=&short_name=UP&state_name=UTTAR%20PRADESH&state_code=31&district_name=BASTI&district_code=3153&block_name=RUDAULI&block_code=3153008&panchayat_name=CHHATRIYA&panchayat_code=3153008018&fin_year=2025-2026&source=&work_code=3153008018/RC/958486255823750102&msr_no=6163&AttendanceDate=22/03/2026&Digest=2Yw71LkcA71SHN29JXqKdQ",6
"BASTI","RUDAULI","GANWARIYA KALA","3153008026/RC/958486255823730757","6058","https://mnregaweb4.nic.in/nregaarch/View_NMMS_atten_date_dtl_rpt.aspx?page=&short_name=UP&state_name=UTTAR%20PRADESH&state_code=31&district_name=BASTI&district_code=3153&block_name=RUDAULI&block_code=3153008&panchayat_name=GANWARIYA%20KALA&panchayat_code=3153008026&fin_year=2025-2026&source=&work_code=3153008026/RC/958486255823730757&msr_no=6058&AttendanceDate=22/03/2026&Digest=Fzc2QLjNOCLmYP2Y1Szw6Q",5
"BASTI","RUDAULI","KUDAHI","3153008039/RC/958486255823735732","6077","https://mnregaweb4.nic.in/nregaarch/View_NMMS_atten_date_dtl_rpt.aspx?page=&short_name=UP&state_name=UTTAR%20PRADESH&state_code=31&district_name=BASTI&district_code=3153&block_name=RUDAULI&block_code=3153008&panchayat_name=KUDAHI&panchayat_code=3153008039&fin_year=2025-2026&source=&work_code=3153008039/RC/958486255823735732&msr_no=6077&AttendanceDate=22/03/2026&Digest=ZAKA5C7A0J3xkShiTFITTg",8
"BASTI","RUDAULI","MISHRAULIA BHAIYA","3153008045/WC/958486255824247205","6022","https://mnregaweb4.nic.in/nregaarch/View_NMMS_atten_date_dtl_rpt.aspx?page=&short_name=UP&state_name=UTTAR%20PRADESH&state_code=31&district_name=BASTI&district_code=3153&block_name=RUDAULI&block_code=3153008&panchayat_name=MISHRAULIA%20BHAIYA&panchayat_code=3153008045&fin_year=2025-2026&source=&work_code=3153008045/WC/958486255824247205&msr_no=6022&AttendanceDate=22/03/2026&Digest=YidVZxmuUaSMAqct3cl2uA",4
"BASTI","RUDAULI","PAIDA","3153008053/WH/958486255824013349","5974","https://mnregaweb4.nic.in/nregaarch/View_NMMS_atten_date_dtl_rpt.aspx?page=&short_name=UP&state_name=UTTAR%20PRADESH&state_code=31&district_name=BASTI&district_code=3153&block_name=RUDAULI&block_code=3153008&panchayat_name=PAIDA&panchayat_code=3153008053&fin_year=2025-2026&source=&work_code=3153008053/WH/958486255824013349&msr_no=5974&AttendanceDate=22/03/2026&Digest=Mx6cbsm0wOcqBZhYCOcaGg",6
"BASTI","RUDAULI","RANI PUR","3153008059/RC/958486255823686632","5905","https://mnregaweb4.nic.in/nregaarch/View_NMMS_atten_date_dtl_rpt.aspx?page=&short_name=UP&state_name=UTTAR%20PRADESH&state_code=31&district_name=BASTI&district_code=3153&block_name=RUDAULI&block_code=3153008&panchayat_name=RANI%20PUR&panchayat_code=3153008059&fin_year=2025-2026&source=&work_code=3153008059/RC/958486255823686632&msr_no=5905&AttendanceDate=22/03/2026&Digest=a7QomZSldBntoRBYoN8zaQ",4
"BASTI","SALTAUA GOPAL PUR","TENUWA","3153007020/RC/958486255823745443","5486","https://mnregaweb4.nic.in/nregaarch/View_NMMS_atten_date_dtl_rpt.aspx?page=&short_name=UP&state_name=UTTAR%20PRADESH&state_code=31&district_name=BASTI&district_code=3153&block_name=SALTAUA%20GOPAL%20PUR&block_code=3153007&panchayat_name=TENUWA&panchayat_code=3153007020&fin_year=2025-2026&source=&work_code=3153007020/RC/958486255823745443&msr_no=5486&AttendanceDate=22/03/2026&Digest=D0BStMlVxBp/eiS+HvKn7Q",2
"BASTI","SALTAUA GOPAL PUR","TELIYADEEH","3153007021/IC/958486255823742442","5476","https://mnregaweb4.nic.in/nregaarch/View_NMMS_atten_date_dtl_rpt.aspx?page=&short_name=UP&state_name=UTTAR%20PRADESH&state_code=31&district_name=BASTI&district_code=3153&block_name=SALTAUA%20GOPAL%20PUR&block_code=3153007&panchayat_name=TELIYADEEH&panchayat_code=3153007021&fin_year=2025-2026&source=&work_code=3153007021/IC/958486255823742442&msr_no=5476&AttendanceDate=22/03/2026&Digest=x6EF4JWj8Awe5JXuhvxOkw",8
"BASTI","SALTAUA GOPAL PUR","JOTA","3153007035/WH/958486255824013074","5419","https://mnregaweb4.nic.in/nregaarch/View_NMMS_atten_date_dtl_rpt.aspx?page=&short_name=UP&state_name=UTTAR%20PRADESH&state_code=31&district_name=BASTI&district_code=3153&block_name=SALTAUA%20GOPAL%20PUR&block_code=3153007&panchayat_name=JOTA&panchayat_code=3153007035&fin_year=2025-2026&source=&work_code=3153007035/WH/958486255824013074&msr_no=5419&AttendanceDate=22/03/2026&Digest=J1wWlKjHmb+xSfHcdmf05Q",9
"BASTI","SALTAUA GOPAL PUR","JOTA","3153007035/WH/958486255824013074","5422","https://mnregaweb4.nic.in/nregaarch/View_NMMS_atten_date_dtl_rpt.aspx?page=&short_name=UP&state_name=UTTAR%20PRADESH&state_code=31&district_name=BASTI&district_code=3153&block_name=SALTAUA%20GOPAL%20PUR&block_code=3153007&panchayat_name=JOTA&panchayat_code=3153007035&fin_year=2025-2026&source=&work_code=3153007035/WH/958486255824013074&msr_no=5422&AttendanceDate=22/03/2026&Digest=g5iYmB7T2v3vR5AxpzF/2g",8
"BASTI","SALTAUA GOPAL PUR","KOILSA","3153007039/WH/958486255824012400","5452","https://mnregaweb4.nic.in/nregaarch/View_NMMS_atten_date_dtl_rpt.aspx?page=&short_name=UP&state_name=UTTAR%20PRADESH&state_code=31&district_name=BASTI&district_code=3153&block_name=SALTAUA%20GOPAL%20PUR&block_code=3153007&panchayat_name=KOILSA&panchayat_code=3153007039&fin_year=2025-2026&source=&work_code=3153007039/WH/958486255824012400&msr_no=5452&AttendanceDate=22/03/2026&Digest=z4UnXzXBgfCbcxagzJ/piw",9
"BASTI","SALTAUA GOPAL PUR","PARSA KHAL","3153007057/WH/958486255824013365","5412","https://mnregaweb4.nic.in/nregaarch/View_NMMS_atten_date_dtl_rpt.aspx?page=&short_name=UP&state_name=UTTAR%20PRADESH&state_code=31&district_name=BASTI&district_code=3153&block_name=SALTAUA%20GOPAL%20PUR&block_code=3153007&panchayat_name=PARSA%20KHAL&panchayat_code=3153007057&fin_year=2025-2026&source=&work_code=3153007057/WH/958486255824013365&msr_no=5412&AttendanceDate=22/03/2026&Digest=iTCGe3LJ4BZFRTP8xlUCpg",8
"BASTI","SALTAUA GOPAL PUR","PARSA KHAL","3153007057/WH/958486255824013365","5415","https://mnregaweb4.nic.in/nregaarch/View_NMMS_atten_date_dtl_rpt.aspx?page=&short_name=UP&state_name=UTTAR%20PRADESH&state_code=31&district_name=BASTI&district_code=3153&block_name=SALTAUA%20GOPAL%20PUR&block_code=3153007&panchayat_name=PARSA%20KHAL&panchayat_code=3153007057&fin_year=2025-2026&source=&work_code=3153007057/WH/958486255824013365&msr_no=5415&AttendanceDate=22/03/2026&Digest=GdtNI1fYadnCbbVvDM6e1A",9
"BASTI","SALTAUA GOPAL PUR","SALTAUA","3153007069/LD/958486255824937021","5475","https://mnregaweb4.nic.in/nregaarch/View_NMMS_atten_date_dtl_rpt.aspx?page=&short_name=UP&state_name=UTTAR%20PRADESH&state_code=31&district_name=BASTI&district_code=3153&block_name=SALTAUA%20GOPAL%20PUR&block_code=3153007&panchayat_name=SALTAUA&panchayat_code=3153007069&fin_year=2025-2026&source=&work_code=3153007069/LD/958486255824937021&msr_no=5475&AttendanceDate=22/03/2026&Digest=Gr1sfhwJztMCrGF05sZhTg",4
"BASTI","SALTAUA GOPAL PUR","KORIYA DIH","3153007086/IC/958486255823742443","5362","https://mnregaweb4.nic.in/nregaarch/View_NMMS_atten_date_dtl_rpt.aspx?page=&short_name=UP&state_name=UTTAR%20PRADESH&state_code=31&district_name=BASTI&district_code=3153&block_name=SALTAUA%20GOPAL%20PUR&block_code=3153007&panchayat_name=KORIYA%20DIH&panchayat_code=3153007086&fin_year=2025-2026&source=&work_code=3153007086/IC/958486255823742443&msr_no=5362&AttendanceDate=22/03/2026&Digest=hThmZhdkusQkPgXcERe41g",1
"BASTI","SALTAUA GOPAL PUR","MAJHAUWAN BAIKUNTH","3153007089/RC/958486255823743502","5467","https://mnregaweb4.nic.in/nregaarch/View_NMMS_atten_date_dtl_rpt.aspx?page=&short_name=UP&state_name=UTTAR%20PRADESH&state_code=31&district_name=BASTI&district_code=3153&block_name=SALTAUA%20GOPAL%20PUR&block_code=3153007&panchayat_name=MAJHAUWAN%20BAIKUNTH&panchayat_code=3153007089&fin_year=2025-2026&source=&work_code=3153007089/RC/958486255823743502&msr_no=5467&AttendanceDate=22/03/2026&Digest=LmVZZ5277uJdRI3eWyHTDA",6
"BASTI","SALTAUA GOPAL PUR","PACHANU","3153007094/WH/958486255824008455","5366","https://mnregaweb4.nic.in/nregaarch/View_NMMS_atten_date_dtl_rpt.aspx?page=&short_name=UP&state_name=UTTAR%20PRADESH&state_code=31&district_name=BASTI&district_code=3153&block_name=SALTAUA%20GOPAL%20PUR&block_code=3153007&panchayat_name=PACHANU&panchayat_code=3153007094&fin_year=2025-2026&source=&work_code=3153007094/WH/958486255824008455&msr_no=5366&AttendanceDate=22/03/2026&Digest=lw24JyWan3bImYkVZept2w",9
"BASTI","SALTAUA GOPAL PUR","PACHANU","3153007094/WH/958486255824011047","5368","https://mnregaweb4.nic.in/nregaarch/View_NMMS_atten_date_dtl_rpt.aspx?page=&short_name=UP&state_name=UTTAR%20PRADESH&state_code=31&district_name=BASTI&district_code=3153&block_name=SALTAUA%20GOPAL%20PUR&block_code=3153007&panchayat_name=PACHANU&panchayat_code=3153007094&fin_year=2025-2026&source=&work_code=3153007094/WH/958486255824011047&msr_no=5368&AttendanceDate=22/03/2026&Digest=mcYEJSgZgnDiLvIo+7pvxw",7
"BASTI","SAU GHAT","BANAK SAHI","3153009006/RC/958486255823654240","3336","https://mnregaweb4.nic.in/nregaarch/View_NMMS_atten_date_dtl_rpt.aspx?page=&short_name=UP&state_name=UTTAR%20PRADESH&state_code=31&district_name=BASTI&district_code=3153&block_name=SAU%20GHAT&block_code=3153009&panchayat_name=BANAK%20SAHI&panchayat_code=3153009006&fin_year=2025-2026&source=&work_code=3153009006/RC/958486255823654240&msr_no=3336&AttendanceDate=22/03/2026&Digest=hD5vo+eQ52K3ydv3Y3UXfw",1
"BASTI","SAU GHAT","HADIYA","3153009024/RC/958486255823746573","3353","https://mnregaweb4.nic.in/nregaarch/View_NMMS_atten_date_dtl_rpt.aspx?page=&short_name=UP&state_name=UTTAR%20PRADESH&state_code=31&district_name=BASTI&district_code=3153&block_name=SAU%20GHAT&block_code=3153009&panchayat_name=HADIYA&panchayat_code=3153009024&fin_year=2025-2026&source=&work_code=3153009024/RC/958486255823746573&msr_no=3353&AttendanceDate=22/03/2026&Digest=lGwZbzkkP8lXvM8/hhlnGw",7
"BASTI","VIKRAM JOT","ATRAURA JHAM","3153004004/RC/958486255823725246","5847","https://mnregaweb4.nic.in/nregaarch/View_NMMS_atten_date_dtl_rpt.aspx?page=&short_name=UP&state_name=UTTAR%20PRADESH&state_code=31&district_name=BASTI&district_code=3153&block_name=VIKRAM%20JOT&block_code=3153004&panchayat_name=ATRAURA%20JHAM&panchayat_code=3153004004&fin_year=2025-2026&source=&work_code=3153004004/RC/958486255823725246&msr_no=5847&AttendanceDate=22/03/2026&Digest=z7NZR9Ri3udaYyZRbF7O0A",6
"BASTI","VIKRAM JOT","ATRAURA JHAM","3153004004/RC/958486255823725256","5848","https://mnregaweb4.nic.in/nregaarch/View_NMMS_atten_date_dtl_rpt.aspx?page=&short_name=UP&state_name=UTTAR%20PRADESH&state_code=31&district_name=BASTI&district_code=3153&block_name=VIKRAM%20JOT&block_code=3153004&panchayat_name=ATRAURA%20JHAM&panchayat_code=3153004004&fin_year=2025-2026&source=&work_code=3153004004/RC/958486255823725256&msr_no=5848&AttendanceDate=22/03/2026&Digest=Qt0uAuGrILZ4SpkvcengtA",9
"BASTI","VIKRAM JOT","AURANGABAD","3153004005/LD/958486255824919627","5798","https://mnregaweb4.nic.in/nregaarch/View_NMMS_atten_date_dtl_rpt.aspx?page=&short_name=UP&state_name=UTTAR%20PRADESH&state_code=31&district_name=BASTI&district_code=3153&block_name=VIKRAM%20JOT&block_code=3153004&panchayat_name=AURANGABAD&panchayat_code=3153004005&fin_year=2025-2026&source=&work_code=3153004005/LD/958486255824919627&msr_no=5798&AttendanceDate=22/03/2026&Digest=XkyA08er4Ge5yxzSwfxUrA",9
"BASTI","VIKRAM JOT","BABHRAULI","3153004010/RC/958486255823748199","5796","https://mnregaweb4.nic.in/nregaarch/View_NMMS_atten_date_dtl_rpt.aspx?page=&short_name=UP&state_name=UTTAR%20PRADESH&state_code=31&district_name=BASTI&district_code=3153&block_name=VIKRAM%20JOT&block_code=3153004&panchayat_name=BABHRAULI&panchayat_code=3153004010&fin_year=2025-2026&source=&work_code=3153004010/RC/958486255823748199&msr_no=5796&AttendanceDate=22/03/2026&Digest=TN4G/tf3snaVKSHj7JuySw",1
"BASTI","VIKRAM JOT","KHATAMSARAY","3153004034/LD/958486255825003166","5816","https://mnregaweb4.nic.in/nregaarch/View_NMMS_atten_date_dtl_rpt.aspx?page=&short_name=UP&state_name=UTTAR%20PRADESH&state_code=31&district_name=BASTI&district_code=3153&block_name=VIKRAM%20JOT&block_code=3153004&panchayat_name=KHATAMSARAY&panchayat_code=3153004034&fin_year=2025-2026&source=&work_code=3153004034/LD/958486255825003166&msr_no=5816&AttendanceDate=22/03/2026&Digest=nTB/5y2hcqHjYd1W14C+jA",10
"BASTI","VIKRAM JOT","KHATAMSARAY","3153004034/LD/958486255825003179","5785","https://mnregaweb4.nic.in/nregaarch/View_NMMS_atten_date_dtl_rpt.aspx?page=&short_name=UP&state_name=UTTAR%20PRADESH&state_code=31&district_name=BASTI&district_code=3153&block_name=VIKRAM%20JOT&block_code=3153004&panchayat_name=KHATAMSARAY&panchayat_code=3153004034&fin_year=2025-2026&source=&work_code=3153004034/LD/958486255825003179&msr_no=5785&AttendanceDate=22/03/2026&Digest=W3DwNDGnWX9MPlx+IaA9MQ",10
"BASTI","VIKRAM JOT","MALHNI","3153004042/WH/958486255823260020","5866","https://mnregaweb4.nic.in/nregaarch/View_NMMS_atten_date_dtl_rpt.aspx?page=&short_name=UP&state_name=UTTAR%20PRADESH&state_code=31&district_name=BASTI&district_code=3153&block_name=VIKRAM%20JOT&block_code=3153004&panchayat_name=MALHNI&panchayat_code=3153004042&fin_year=2025-2026&source=&work_code=3153004042/WH/958486255823260020&msr_no=5866&AttendanceDate=22/03/2026&Digest=oh5DCFy6Z76L8d4HcAnzUw",7
"BASTI","VIKRAM JOT","EKMA HIRANIYA","3153004043/WC/958486255824231525","5862","https://mnregaweb4.nic.in/nregaarch/View_NMMS_atten_date_dtl_rpt.aspx?page=&short_name=UP&state_name=UTTAR%20PRADESH&state_code=31&district_name=BASTI&district_code=3153&block_name=VIKRAM%20JOT&block_code=3153004&panchayat_name=EKMA%20HIRANIYA&panchayat_code=3153004043&fin_year=2025-2026&source=&work_code=3153004043/WC/958486255824231525&msr_no=5862&AttendanceDate=22/03/2026&Digest=nEKmDnXGfl8ckm3ZdWn7AQ",8
"BASTI","VIKRAM JOT","PURE CHETAN","3153004053/RC/958486255823731821","5900","https://mnregaweb4.nic.in/nregaarch/View_NMMS_atten_date_dtl_rpt.aspx?page=&short_name=UP&state_name=UTTAR%20PRADESH&state_code=31&district_name=BASTI&district_code=3153&block_name=VIKRAM%20JOT&block_code=3153004&panchayat_name=PURE%20CHETAN&panchayat_code=3153004053&fin_year=2025-2026&source=&work_code=3153004053/RC/958486255823731821&msr_no=5900&AttendanceDate=22/03/2026&Digest=qFflZgdCw74OTYgjW01y7w",10
"BASTI","VIKRAM JOT","ROOPGARH","3153004058/LD/958486255824961730","5787","https://mnregaweb4.nic.in/nregaarch/View_NMMS_atten_date_dtl_rpt.aspx?page=&short_name=UP&state_name=UTTAR%20PRADESH&state_code=31&district_name=BASTI&district_code=3153&block_name=VIKRAM%20JOT&block_code=3153004&panchayat_name=ROOPGARH&panchayat_code=3153004058&fin_year=2025-2026&source=&work_code=3153004058/LD/958486255824961730&msr_no=5787&AttendanceDate=22/03/2026&Digest=puaagPppGrOxFnFrvC3O8A",8
"BASTI","VIKRAM JOT","ROOPGARH","3153004058/RC/958486255823726687","5788","https://mnregaweb4.nic.in/nregaarch/View_NMMS_atten_date_dtl_rpt.aspx?page=&short_name=UP&state_name=UTTAR%20PRADESH&state_code=31&district_name=BASTI&district_code=3153&block_name=VIKRAM%20JOT&block_code=3153004&panchayat_name=ROOPGARH&panchayat_code=3153004058&fin_year=2025-2026&source=&work_code=3153004058/RC/958486255823726687&msr_no=5788&AttendanceDate=22/03/2026&Digest=TSo2rp81MMmIXg9RtUvEpw",9
"BASTI","VIKRAM JOT","TURSI","3153004068/LD/YD/958486255825007925","5931","https://mnregaweb4.nic.in/nregaarch/View_NMMS_atten_date_dtl_rpt.aspx?page=&short_name=UP&state_name=UTTAR%20PRADESH&state_code=31&district_name=BASTI&district_code=3153&block_name=VIKRAM%20JOT&block_code=3153004&panchayat_name=TURSI&panchayat_code=3153004068&fin_year=2025-2026&source=&work_code=3153004068/LD/YD/958486255825007925&msr_no=5931&AttendanceDate=22/03/2026&Digest=zAQrjzOlBDAnJFuIMpf/TQ",2
"BASTI","VIKRAM JOT","NETWARPATTI","3153004078/LD/958486255824967920","5777","https://mnregaweb4.nic.in/nregaarch/View_NMMS_atten_date_dtl_rpt.aspx?page=&short_name=UP&state_name=UTTAR%20PRADESH&state_code=31&district_name=BASTI&district_code=3153&block_name=VIKRAM%20JOT&block_code=3153004&panchayat_name=NETWARPATTI&panchayat_code=3153004078&fin_year=2025-2026&source=&work_code=3153004078/LD/958486255824967920&msr_no=5777&AttendanceDate=22/03/2026&Digest=qEYZBSf7tDPqX1eDqnxn/A",8
"BASTI","HARRAIYA","NADAYEN","3153003042/LD/958486255824955644","6907","https://mnregaweb4.nic.in/nregaarch/View_NMMS_atten_date_dtl_rpt.aspx?page=&short_name=UP&state_name=UTTAR%20PRADESH&state_code=31&district_name=BASTI&district_code=3153&block_name=HARRAIYA&block_code=3153003&panchayat_name=NADAYEN&panchayat_code=3153003042&fin_year=2025-2026&source=&work_code=3153003042/LD/958486255824955644&msr_no=6907&AttendanceDate=22/03/2026&Digest=WmlLUWMxUiyDhjxoHLwboA",10
"BASTI","HARRAIYA","NADAYEN","3153003042/LD/958486255824955644","6910","https://mnregaweb4.nic.in/nregaarch/View_NMMS_atten_date_dtl_rpt.aspx?page=&short_name=UP&state_name=UTTAR%20PRADESH&state_code=31&district_name=BASTI&district_code=3153&block_name=HARRAIYA&block_code=3153003&panchayat_name=NADAYEN&panchayat_code=3153003042&fin_year=2025-2026&source=&work_code=3153003042/LD/958486255824955644&msr_no=6910&AttendanceDate=22/03/2026&Digest=fVwCtZ7hFlGTqRpmXPUY2A",3
"BASTI","HARRAIYA","AMARI","3153003052/IC/958486255823729369","6970","https://mnregaweb4.nic.in/nregaarch/View_NMMS_atten_date_dtl_rpt.aspx?page=&short_name=UP&state_name=UTTAR%20PRADESH&state_code=31&district_name=BASTI&district_code=3153&block_name=HARRAIYA&block_code=3153003&panchayat_name=AMARI&panchayat_code=3153003052&fin_year=2025-2026&source=&work_code=3153003052/IC/958486255823729369&msr_no=6970&AttendanceDate=22/03/2026&Digest=xxxXO9tCDQV9ZbMsxRvEyQ",10
"BASTI","HARRAIYA","AMARI","3153003052/RC/958486255823726912","6968","https://mnregaweb4.nic.in/nregaarch/View_NMMS_atten_date_dtl_rpt.aspx?page=&short_name=UP&state_name=UTTAR%20PRADESH&state_code=31&district_name=BASTI&district_code=3153&block_name=HARRAIYA&block_code=3153003&panchayat_name=AMARI&panchayat_code=3153003052&fin_year=2025-2026&source=&work_code=3153003052/RC/958486255823726912&msr_no=6968&AttendanceDate=22/03/2026&Digest=tweDNq8PV7t6i2Wjk5YUww",8
"BASTI","HARRAIYA","LAVDAHA","3153003060/LD/958486255824959021","6784","https://mnregaweb4.nic.in/nregaarch/View_NMMS_atten_date_dtl_rpt.aspx?page=&short_name=UP&state_name=UTTAR%20PRADESH&state_code=31&district_name=BASTI&district_code=3153&block_name=HARRAIYA&block_code=3153003&panchayat_name=LAVDAHA&panchayat_code=3153003060&fin_year=2025-2026&source=&work_code=3153003060/LD/958486255824959021&msr_no=6784&AttendanceDate=22/03/2026&Digest=AWcmu3vOjUdYyTY/MT8ZwQ",9
"BASTI","HARRAIYA","KHAMHARIA GANGARAM","3153003061/LD/958486255824988270","6915","https://mnregaweb4.nic.in/nregaarch/View_NMMS_atten_date_dtl_rpt.aspx?page=&short_name=UP&state_name=UTTAR%20PRADESH&state_code=31&district_name=BASTI&district_code=3153&block_name=HARRAIYA&block_code=3153003&panchayat_name=KHAMHARIA%20GANGARAM&panchayat_code=3153003061&fin_year=2025-2026&source=&work_code=3153003061/LD/958486255824988270&msr_no=6915&AttendanceDate=22/03/2026&Digest=VAR5jEefJxP34cdD3b+wSg",10
"BASTI","HARRAIYA","BHADAWAL KALA","3153003074/LD/958486255825010527","6869","https://mnregaweb4.nic.in/nregaarch/View_NMMS_atten_date_dtl_rpt.aspx?page=&short_name=UP&state_name=UTTAR%20PRADESH&state_code=31&district_name=BASTI&district_code=3153&block_name=HARRAIYA&block_code=3153003&panchayat_name=BHADAWAL%20KALA&panchayat_code=3153003074&fin_year=2025-2026&source=&work_code=3153003074/LD/958486255825010527&msr_no=6869&AttendanceDate=22/03/2026&Digest=EUg0NmPfpcalF4KX9RsZGA",10
"BASTI","HARRAIYA","KHAIRI OJHA","3153003075/RC/958486255823728315","6929","https://mnregaweb4.nic.in/nregaarch/View_NMMS_atten_date_dtl_rpt.aspx?page=&short_name=UP&state_name=UTTAR%20PRADESH&state_code=31&district_name=BASTI&district_code=3153&block_name=HARRAIYA&block_code=3153003&panchayat_name=KHAIRI%20OJHA&panchayat_code=3153003075&fin_year=2025-2026&source=&work_code=3153003075/RC/958486255823728315&msr_no=6929&AttendanceDate=22/03/2026&Digest=6XFAq/XCtzcoTvS3Nx9m6A",2
"BASTI","HARRAIYA","SHAMBHUPUR","3153003077/WC/958486255823257967","6840","https://mnregaweb4.nic.in/nregaarch/View_NMMS_atten_date_dtl_rpt.aspx?page=&short_name=UP&state_name=UTTAR%20PRADESH&state_code=31&district_name=BASTI&district_code=3153&block_name=HARRAIYA&block_code=3153003&panchayat_name=SHAMBHUPUR&panchayat_code=3153003077&fin_year=2025-2026&source=&work_code=3153003077/WC/958486255823257967&msr_no=6840&AttendanceDate=22/03/2026&Digest=eKTaLHiVNj44N7Pegry9YQ",10
"BASTI","HARRAIYA","SHAMBHUPUR","3153003077/WC/958486255823257967","6843","https://mnregaweb4.nic.in/nregaarch/View_NMMS_atten_date_dtl_rpt.aspx?page=&short_name=UP&state_name=UTTAR%20PRADESH&state_code=31&district_name=BASTI&district_code=3153&block_name=HARRAIYA&block_code=3153003&panchayat_name=SHAMBHUPUR&panchayat_code=3153003077&fin_year=2025-2026&source=&work_code=3153003077/WC/958486255823257967&msr_no=6843&AttendanceDate=22/03/2026&Digest=djSE+omi6x1dBnCvxaWSWg",9
"BASTI","HARRAIYA","KESHAWPUR","3153003079/LD/958486255824879264","6978","https://mnregaweb4.nic.in/nregaarch/View_NMMS_atten_date_dtl_rpt.aspx?page=&short_name=UP&state_name=UTTAR%20PRADESH&state_code=31&district_name=BASTI&district_code=3153&block_name=HARRAIYA&block_code=3153003&panchayat_name=KESHAWPUR&panchayat_code=3153003079&fin_year=2025-2026&source=&work_code=3153003079/LD/958486255824879264&msr_no=6978&AttendanceDate=22/03/2026&Digest=q2dtu1S9v+85V35/ulodlw",10
"BASTI","HARRAIYA","KESHAWPUR","3153003079/LD/958486255825004294","6975","https://mnregaweb4.nic.in/nregaarch/View_NMMS_atten_date_dtl_rpt.aspx?page=&short_name=UP&state_name=UTTAR%20PRADESH&state_code=31&district_name=BASTI&district_code=3153&block_name=HARRAIYA&block_code=3153003&panchayat_name=KESHAWPUR&panchayat_code=3153003079&fin_year=2025-2026&source=&work_code=3153003079/LD/958486255825004294&msr_no=6975&AttendanceDate=22/03/2026&Digest=qvKvuKC9H+fGZv0pyCRvUA",10
"BASTI","HARRAIYA","SAKARDAHA","3153003082/WH/958486255824006881","6755","https://mnregaweb4.nic.in/nregaarch/View_NMMS_atten_date_dtl_rpt.aspx?page=&short_name=UP&state_name=UTTAR%20PRADESH&state_code=31&district_name=BASTI&district_code=3153&block_name=HARRAIYA&block_code=3153003&panchayat_name=SAKARDAHA&panchayat_code=3153003082&fin_year=2025-2026&source=&work_code=3153003082/WH/958486255824006881&msr_no=6755&AttendanceDate=22/03/2026&Digest=go3t20KnNYm10TzhDytyvw",10
"BASTI","HARRAIYA","MUDWARA","3153003091/RC/958486255823747721","6886","https://mnregaweb4.nic.in/nregaarch/View_NMMS_atten_date_dtl_rpt.aspx?page=&short_name=UP&state_name=UTTAR%20PRADESH&state_code=31&district_name=BASTI&district_code=3153&block_name=HARRAIYA&block_code=3153003&panchayat_name=MUDWARA&panchayat_code=3153003091&fin_year=2025-2026&source=&work_code=3153003091/RC/958486255823747721&msr_no=6886&AttendanceDate=22/03/2026&Digest=Zg9yqZxb4S4G5be/u2F7Wg",10
"BASTI","HARRAIYA","RAJAULI","3153003097/IC/958486255823741420","6883","https://mnregaweb4.nic.in/nregaarch/View_NMMS_atten_date_dtl_rpt.aspx?page=&short_name=UP&state_name=UTTAR%20PRADESH&state_code=31&district_name=BASTI&district_code=3153&block_name=HARRAIYA&block_code=3153003&panchayat_name=RAJAULI&panchayat_code=3153003097&fin_year=2025-2026&source=&work_code=3153003097/IC/958486255823741420&msr_no=6883&AttendanceDate=22/03/2026&Digest=liK6mdymjLh1fX1FejibQg",10
"BASTI","KAPTANGANJ","PINESAR","3153005021/RC/958486255823731307","4802","https://mnregaweb4.nic.in/nregaarch/View_NMMS_atten_date_dtl_rpt.aspx?page=&short_name=UP&state_name=UTTAR%20PRADESH&state_code=31&district_name=BASTI&district_code=3153&block_name=KAPTANGANJ&block_code=3153005&panchayat_name=PINESAR&panchayat_code=3153005021&fin_year=2025-2026&source=&work_code=3153005021/RC/958486255823731307&msr_no=4802&AttendanceDate=22/03/2026&Digest=GzMZHhwk08t2GX5x2oCFYQ",4
"BASTI","KAPTANGANJ","ACHHATPUR","3153005022/RS/958486255823128849","4878","https://mnregaweb4.nic.in/nregaarch/View_NMMS_atten_date_dtl_rpt.aspx?page=&short_name=UP&state_name=UTTAR%20PRADESH&state_code=31&district_name=BASTI&district_code=3153&block_name=KAPTANGANJ&block_code=3153005&panchayat_name=ACHHATPUR&panchayat_code=3153005022&fin_year=2025-2026&source=&work_code=3153005022/RS/958486255823128849&msr_no=4878&AttendanceDate=22/03/2026&Digest=UyBB5ElIPyo1bXGdBS+8GA",3
"BASTI","KAPTANGANJ","NARAYANPUR","3153005025/RC/958486255823747055","4891","https://mnregaweb4.nic.in/nregaarch/View_NMMS_atten_date_dtl_rpt.aspx?page=&short_name=UP&state_name=UTTAR%20PRADESH&state_code=31&district_name=BASTI&district_code=3153&block_name=KAPTANGANJ&block_code=3153005&panchayat_name=NARAYANPUR&panchayat_code=3153005025&fin_year=2025-2026&source=&work_code=3153005025/RC/958486255823747055&msr_no=4891&AttendanceDate=22/03/2026&Digest=QRBUfYLFekT2MgbrtcHYbg",1
"BASTI","KAPTANGANJ","BARHNI","3153005046/RC/YD/958486255823698430","4808","https://mnregaweb4.nic.in/nregaarch/View_NMMS_atten_date_dtl_rpt.aspx?page=&short_name=UP&state_name=UTTAR%20PRADESH&state_code=31&district_name=BASTI&district_code=3153&block_name=KAPTANGANJ&block_code=3153005&panchayat_name=BARHNI&panchayat_code=3153005046&fin_year=2025-2026&source=&work_code=3153005046/RC/YD/958486255823698430&msr_no=4808&AttendanceDate=22/03/2026&Digest=Fw4Pcw6PFXiaex/cZvR1og",9
"BASTI","KAPTANGANJ","BARHNI","3153005046/RC/YD/958486255823699536","4818","https://mnregaweb4.nic.in/nregaarch/View_NMMS_atten_date_dtl_rpt.aspx?page=&short_name=UP&state_name=UTTAR%20PRADESH&state_code=31&district_name=BASTI&district_code=3153&block_name=KAPTANGANJ&block_code=3153005&panchayat_name=BARHNI&panchayat_code=3153005046&fin_year=2025-2026&source=&work_code=3153005046/RC/YD/958486255823699536&msr_no=4818&AttendanceDate=22/03/2026&Digest=WDZCP5JmciD/Ao5nCjonSA",8
"BASTI","KAPTANGANJ","POKHRA","3153005054/RC/958486255823735760","4853","https://mnregaweb4.nic.in/nregaarch/View_NMMS_atten_date_dtl_rpt.aspx?page=&short_name=UP&state_name=UTTAR%20PRADESH&state_code=31&district_name=BASTI&district_code=3153&block_name=KAPTANGANJ&block_code=3153005&panchayat_name=POKHRA&panchayat_code=3153005054&fin_year=2025-2026&source=&work_code=3153005054/RC/958486255823735760&msr_no=4853&AttendanceDate=22/03/2026&Digest=rxjvA5mK48KWnJXFVZU6/Q",9
"BASTI","KAPTANGANJ","POKHRA","3153005054/RC/958486255823735764","4856","https://mnregaweb4.nic.in/nregaarch/View_NMMS_atten_date_dtl_rpt.aspx?page=&short_name=UP&state_name=UTTAR%20PRADESH&state_code=31&district_name=BASTI&district_code=3153&block_name=KAPTANGANJ&block_code=3153005&panchayat_name=POKHRA&panchayat_code=3153005054&fin_year=2025-2026&source=&work_code=3153005054/RC/958486255823735764&msr_no=4856&AttendanceDate=22/03/2026&Digest=2jzRo3E+kjIAnspQodwEIQ",2
"BASTI","KAPTANGANJ","PARIWARPUR","3153005058/RC/958486255823693209","4821","https://mnregaweb4.nic.in/nregaarch/View_NMMS_atten_date_dtl_rpt.aspx?page=&short_name=UP&state_name=UTTAR%20PRADESH&state_code=31&district_name=BASTI&district_code=3153&block_name=KAPTANGANJ&block_code=3153005&panchayat_name=PARIWARPUR&panchayat_code=3153005058&fin_year=2025-2026&source=&work_code=3153005058/RC/958486255823693209&msr_no=4821&AttendanceDate=22/03/2026&Digest=VkKqWv4Htg7EfZrXydGBBg",3
"BASTI","KUDARAHA","MURADPUR","3153013002/RC/958486255823589710","8030","https://mnregaweb4.nic.in/nregaarch/View_NMMS_atten_date_dtl_rpt.aspx?page=&short_name=UP&state_name=UTTAR%20PRADESH&state_code=31&district_name=BASTI&district_code=3153&block_name=KUDARAHA&block_code=3153013&panchayat_name=MURADPUR&panchayat_code=3153013002&fin_year=2025-2026&source=&work_code=3153013002/RC/958486255823589710&msr_no=8030&AttendanceDate=22/03/2026&Digest=QHIVWgV9FKqfYrFLQ7CKyA",6
"BASTI","KUDARAHA","PIPARPATI MUSTAHKAM","3153013004/RC/958486255823748170","8063","https://mnregaweb4.nic.in/nregaarch/View_NMMS_atten_date_dtl_rpt.aspx?page=&short_name=UP&state_name=UTTAR%20PRADESH&state_code=31&district_name=BASTI&district_code=3153&block_name=KUDARAHA&block_code=3153013&panchayat_name=PIPARPATI%20MUSTAHKAM&panchayat_code=3153013004&fin_year=2025-2026&source=&work_code=3153013004/RC/958486255823748170&msr_no=8063&AttendanceDate=22/03/2026&Digest=TAoK/Kch+hIXibtD6NmqKw",10
"BASTI","KUDARAHA","AKELA KUBERPUR","3153013008/RC/958486255823749188","7992","https://mnregaweb4.nic.in/nregaarch/View_NMMS_atten_date_dtl_rpt.aspx?page=&short_name=UP&state_name=UTTAR%20PRADESH&state_code=31&district_name=BASTI&district_code=3153&block_name=KUDARAHA&block_code=3153013&panchayat_name=AKELA%20KUBERPUR&panchayat_code=3153013008&fin_year=2025-2026&source=&work_code=3153013008/RC/958486255823749188&msr_no=7992&AttendanceDate=22/03/2026&Digest=Vf2fgT4MKj5HxulOKJisfg",3
"BASTI","KUDARAHA","TURKWALIYA","3153013012/RC/958486255823686925","7690","https://mnregaweb4.nic.in/nregaarch/View_NMMS_atten_date_dtl_rpt.aspx?page=&short_name=UP&state_name=UTTAR%20PRADESH&state_code=31&district_name=BASTI&district_code=3153&block_name=KUDARAHA&block_code=3153013&panchayat_name=TURKWALIYA&panchayat_code=3153013012&fin_year=2025-2026&source=&work_code=3153013012/RC/958486255823686925&msr_no=7690&AttendanceDate=22/03/2026&Digest=QgrMKPJrD+JI91WaxRyKgw",3
"BASTI","KUDARAHA","SHIVPUR","3153013013/RC/958486255823617792","7535","https://mnregaweb4.nic.in/nregaarch/View_NMMS_atten_date_dtl_rpt.aspx?page=&short_name=UP&state_name=UTTAR%20PRADESH&state_code=31&district_name=BASTI&district_code=3153&block_name=KUDARAHA&block_code=3153013&panchayat_name=SHIVPUR&panchayat_code=3153013013&fin_year=2025-2026&source=&work_code=3153013013/RC/958486255823617792&msr_no=7535&AttendanceDate=22/03/2026&Digest=UsBBPpY9W+9BdADOpi98Iw",5
"BASTI","KUDARAHA","CHAUBAAH","3153013014/LD/958486255824934681","7773","https://mnregaweb4.nic.in/nregaarch/View_NMMS_atten_date_dtl_rpt.aspx?page=&short_name=UP&state_name=UTTAR%20PRADESH&state_code=31&district_name=BASTI&district_code=3153&block_name=KUDARAHA&block_code=3153013&panchayat_name=CHAUBAAH&panchayat_code=3153013014&fin_year=2025-2026&source=&work_code=3153013014/LD/958486255824934681&msr_no=7773&AttendanceDate=22/03/2026&Digest=zkoM00B1NgwS5ne0HRWPIg",9
"BASTI","KUDARAHA","RASOOLPUR","3153013020/RC/958486255823670231","7967","https://mnregaweb4.nic.in/nregaarch/View_NMMS_atten_date_dtl_rpt.aspx?page=&short_name=UP&state_name=UTTAR%20PRADESH&state_code=31&district_name=BASTI&district_code=3153&block_name=KUDARAHA&block_code=3153013&panchayat_name=RASOOLPUR&panchayat_code=3153013020&fin_year=2025-2026&source=&work_code=3153013020/RC/958486255823670231&msr_no=7967&AttendanceDate=22/03/2026&Digest=jq20Wq83vUOFXHxtQ6+NUA",10
"BASTI","KUDARAHA","RASOOLPUR","3153013020/RC/958486255823670231","7970","https://mnregaweb4.nic.in/nregaarch/View_NMMS_atten_date_dtl_rpt.aspx?page=&short_name=UP&state_name=UTTAR%20PRADESH&state_code=31&district_name=BASTI&district_code=3153&block_name=KUDARAHA&block_code=3153013&panchayat_name=RASOOLPUR&panchayat_code=3153013020&fin_year=2025-2026&source=&work_code=3153013020/RC/958486255823670231&msr_no=7970&AttendanceDate=22/03/2026&Digest=vfT1OKliK+9OLVU+d8kWVQ",10
"BASTI","KUDARAHA","CHHIBRA","3153013023/RC/958486255823701124","7732","https://mnregaweb4.nic.in/nregaarch/View_NMMS_atten_date_dtl_rpt.aspx?page=&short_name=UP&state_name=UTTAR%20PRADESH&state_code=31&district_name=BASTI&district_code=3153&block_name=KUDARAHA&block_code=3153013&panchayat_name=CHHIBRA&panchayat_code=3153013023&fin_year=2025-2026&source=&work_code=3153013023/RC/958486255823701124&msr_no=7732&AttendanceDate=22/03/2026&Digest=bIPsTri8V+3S8eMUclsdrg",3
"BASTI","KUDARAHA","GANGAPUR","3153013025/RC/958486255823679237","7780","https://mnregaweb4.nic.in/nregaarch/View_NMMS_atten_date_dtl_rpt.aspx?page=&short_name=UP&state_name=UTTAR%20PRADESH&state_code=31&district_name=BASTI&district_code=3153&block_name=KUDARAHA&block_code=3153013&panchayat_name=GANGAPUR&panchayat_code=3153013025&fin_year=2025-2026&source=&work_code=3153013025/RC/958486255823679237&msr_no=7780&AttendanceDate=22/03/2026&Digest=btrxAx9yLV9bNsgCh8/m9Q",8
"BASTI","KUDARAHA","DELHWA","3153013037/LD/958486255824957055","7486","https://mnregaweb4.nic.in/nregaarch/View_NMMS_atten_date_dtl_rpt.aspx?page=&short_name=UP&state_name=UTTAR%20PRADESH&state_code=31&district_name=BASTI&district_code=3153&block_name=KUDARAHA&block_code=3153013&panchayat_name=DELHWA&panchayat_code=3153013037&fin_year=2025-2026&source=&work_code=3153013037/LD/958486255824957055&msr_no=7486&AttendanceDate=22/03/2026&Digest=Mrgss6+npXqge+nNwdVvJQ",6
"BASTI","KUDARAHA","DELHWA","3153013037/LD/958486255824957055","7489","https://mnregaweb4.nic.in/nregaarch/View_NMMS_atten_date_dtl_rpt.aspx?page=&short_name=UP&state_name=UTTAR%20PRADESH&state_code=31&district_name=BASTI&district_code=3153&block_name=KUDARAHA&block_code=3153013&panchayat_name=DELHWA&panchayat_code=3153013037&fin_year=2025-2026&source=&work_code=3153013037/LD/958486255824957055&msr_no=7489&AttendanceDate=22/03/2026&Digest=RzolejYfU85d1iZt9O8ADw",2
"BASTI","KUDARAHA","MADHOPUR","3153013038/RC/958486255823728643","7578","https://mnregaweb4.nic.in/nregaarch/View_NMMS_atten_date_dtl_rpt.aspx?page=&short_name=UP&state_name=UTTAR%20PRADESH&state_code=31&district_name=BASTI&district_code=3153&block_name=KUDARAHA&block_code=3153013&panchayat_name=MADHOPUR&panchayat_code=3153013038&fin_year=2025-2026&source=&work_code=3153013038/RC/958486255823728643&msr_no=7578&AttendanceDate=22/03/2026&Digest=//lVXQep2zSmWbOo23SeTg",1
"BASTI","KUDARAHA","PASRA","3153013046/LD/958486255824692144","7669","https://mnregaweb4.nic.in/nregaarch/View_NMMS_atten_date_dtl_rpt.aspx?page=&short_name=UP&state_name=UTTAR%20PRADESH&state_code=31&district_name=BASTI&district_code=3153&block_name=KUDARAHA&block_code=3153013&panchayat_name=PASRA&panchayat_code=3153013046&fin_year=2025-2026&source=&work_code=3153013046/LD/958486255824692144&msr_no=7669&AttendanceDate=22/03/2026&Digest=ZbxiNEHSow2qwTCiSryISQ",9
"BASTI","KUDARAHA","PASRA","3153013046/RC/958486255823746514","7556","https://mnregaweb4.nic.in/nregaarch/View_NMMS_atten_date_dtl_rpt.aspx?page=&short_name=UP&state_name=UTTAR%20PRADESH&state_code=31&district_name=BASTI&district_code=3153&block_name=KUDARAHA&block_code=3153013&panchayat_name=PASRA&panchayat_code=3153013046&fin_year=2025-2026&source=&work_code=3153013046/RC/958486255823746514&msr_no=7556&AttendanceDate=22/03/2026&Digest=fvnjWPN1Z2xT/FS1jL6Dig",9
"BASTI","KUDARAHA","PASRA","3153013046/RC/958486255823746514","7559","https://mnregaweb4.nic.in/nregaarch/View_NMMS_atten_date_dtl_rpt.aspx?page=&short_name=UP&state_name=UTTAR%20PRADESH&state_code=31&district_name=BASTI&district_code=3153&block_name=KUDARAHA&block_code=3153013&panchayat_name=PASRA&panchayat_code=3153013046&fin_year=2025-2026&source=&work_code=3153013046/RC/958486255823746514&msr_no=7559&AttendanceDate=22/03/2026&Digest=sKbw+JUAjyjh7v+IgGWQ+Q",6
"BASTI","KUDARAHA","BAISIYA KALA","3153013050/RC/958486255823749599","8002","https://mnregaweb4.nic.in/nregaarch/View_NMMS_atten_date_dtl_rpt.aspx?page=&short_name=UP&state_name=UTTAR%20PRADESH&state_code=31&district_name=BASTI&district_code=3153&block_name=KUDARAHA&block_code=3153013&panchayat_name=BAISIYA%20KALA&panchayat_code=3153013050&fin_year=2025-2026&source=&work_code=3153013050/RC/958486255823749599&msr_no=8002&AttendanceDate=22/03/2026&Digest=/YagW6Ulb6jpIFkylbWnhw",4
"BASTI","RUDAULI","PAIDA","3153008053/WH/958486255824013349","5975","https://mnregaweb4.nic.in/nregaarch/View_NMMS_atten_date_dtl_rpt.aspx?page=&short_name=UP&state_name=UTTAR%20PRADESH&state_code=31&district_name=BASTI&district_code=3153&block_name=RUDAULI&block_code=3153008&panchayat_name=PAIDA&panchayat_code=3153008053&fin_year=2025-2026&source=&work_code=3153008053/WH/958486255824013349&msr_no=5975&AttendanceDate=22/03/2026&Digest=cUx/gimuXRlZ9q5khehwwA",3
"BASTI","RUDAULI","PAIDA","3153008053/WH/958486255824013349","5978","https://mnregaweb4.nic.in/nregaarch/View_NMMS_atten_date_dtl_rpt.aspx?page=&short_name=UP&state_name=UTTAR%20PRADESH&state_code=31&district_name=BASTI&district_code=3153&block_name=RUDAULI&block_code=3153008&panchayat_name=PAIDA&panchayat_code=3153008053&fin_year=2025-2026&source=&work_code=3153008053/WH/958486255824013349&msr_no=5978&AttendanceDate=22/03/2026&Digest=j1MBfHh9WNwMZztKyiNaYA",8
"BASTI","RUDAULI","CHNDAR BHANPUR","3153008078/RC/958486255823750524","6147","https://mnregaweb4.nic.in/nregaarch/View_NMMS_atten_date_dtl_rpt.aspx?page=&short_name=UP&state_name=UTTAR%20PRADESH&state_code=31&district_name=BASTI&district_code=3153&block_name=RUDAULI&block_code=3153008&panchayat_name=CHNDAR%20BHANPUR&panchayat_code=3153008078&fin_year=2025-2026&source=&work_code=3153008078/RC/958486255823750524&msr_no=6147&AttendanceDate=22/03/2026&Digest=n22vk3InmhEseoOP4dwkBg",5
"BASTI","SALTAUA GOPAL PUR","BASTHANWA","3153007015/LD/958486255824805148","5375","https://mnregaweb4.nic.in/nregaarch/View_NMMS_atten_date_dtl_rpt.aspx?page=&short_name=UP&state_name=UTTAR%20PRADESH&state_code=31&district_name=BASTI&district_code=3153&block_name=SALTAUA%20GOPAL%20PUR&block_code=3153007&panchayat_name=BASTHANWA&panchayat_code=3153007015&fin_year=2025-2026&source=&work_code=3153007015/LD/958486255824805148&msr_no=5375&AttendanceDate=22/03/2026&Digest=LDZj7H1tIgz7Uq1GSOm5Xg",10
"BASTI","SALTAUA GOPAL PUR","JOTA","3153007035/WH/958486255824013074","5420","https://mnregaweb4.nic.in/nregaarch/View_NMMS_atten_date_dtl_rpt.aspx?page=&short_name=UP&state_name=UTTAR%20PRADESH&state_code=31&district_name=BASTI&district_code=3153&block_name=SALTAUA%20GOPAL%20PUR&block_code=3153007&panchayat_name=JOTA&panchayat_code=3153007035&fin_year=2025-2026&source=&work_code=3153007035/WH/958486255824013074&msr_no=5420&AttendanceDate=22/03/2026&Digest=/uL4cOH/7+T8SGAw105IqQ",9
"BASTI","SALTAUA GOPAL PUR","JOTA","3153007035/WH/958486255824013074","5423","https://mnregaweb4.nic.in/nregaarch/View_NMMS_atten_date_dtl_rpt.aspx?page=&short_name=UP&state_name=UTTAR%20PRADESH&state_code=31&district_name=BASTI&district_code=3153&block_name=SALTAUA%20GOPAL%20PUR&block_code=3153007&panchayat_name=JOTA&panchayat_code=3153007035&fin_year=2025-2026&source=&work_code=3153007035/WH/958486255824013074&msr_no=5423&AttendanceDate=22/03/2026&Digest=ZrYc6NyMl4dQha545jTpLw",7
"BASTI","SALTAUA GOPAL PUR","JOTA","3153007035/WH/958486255824013074","5426","https://mnregaweb4.nic.in/nregaarch/View_NMMS_atten_date_dtl_rpt.aspx?page=&short_name=UP&state_name=UTTAR%20PRADESH&state_code=31&district_name=BASTI&district_code=3153&block_name=SALTAUA%20GOPAL%20PUR&block_code=3153007&panchayat_name=JOTA&panchayat_code=3153007035&fin_year=2025-2026&source=&work_code=3153007035/WH/958486255824013074&msr_no=5426&AttendanceDate=22/03/2026&Digest=NlnMWmmPn5rg7TLo1hEaSQ",6
"BASTI","SALTAUA GOPAL PUR","KOILSA","3153007039/WH/958486255824012400","5453","https://mnregaweb4.nic.in/nregaarch/View_NMMS_atten_date_dtl_rpt.aspx?page=&short_name=UP&state_name=UTTAR%20PRADESH&state_code=31&district_name=BASTI&district_code=3153&block_name=SALTAUA%20GOPAL%20PUR&block_code=3153007&panchayat_name=KOILSA&panchayat_code=3153007039&fin_year=2025-2026&source=&work_code=3153007039/WH/958486255824012400&msr_no=5453&AttendanceDate=22/03/2026&Digest=PjZ1zuplriNeN6H3QQC0wQ",8
"BASTI","SALTAUA GOPAL PUR","BANGARIYA","3153007045/RC/958486255823697174","5448","https://mnregaweb4.nic.in/nregaarch/View_NMMS_atten_date_dtl_rpt.aspx?page=&short_name=UP&state_name=UTTAR%20PRADESH&state_code=31&district_name=BASTI&district_code=3153&block_name=SALTAUA%20GOPAL%20PUR&block_code=3153007&panchayat_name=BANGARIYA&panchayat_code=3153007045&fin_year=2025-2026&source=&work_code=3153007045/RC/958486255823697174&msr_no=5448&AttendanceDate=22/03/2026&Digest=GJ+bsrdisRbRt+xVyzwYJw",6
"BASTI","SALTAUA GOPAL PUR","PARSA KHAL","3153007057/WH/958486255824013365","5414","https://mnregaweb4.nic.in/nregaarch/View_NMMS_atten_date_dtl_rpt.aspx?page=&short_name=UP&state_name=UTTAR%20PRADESH&state_code=31&district_name=BASTI&district_code=3153&block_name=SALTAUA%20GOPAL%20PUR&block_code=3153007&panchayat_name=PARSA%20KHAL&panchayat_code=3153007057&fin_year=2025-2026&source=&work_code=3153007057/WH/958486255824013365&msr_no=5414&AttendanceDate=22/03/2026&Digest=QExsfLSiFVx0qb3F1vAwRw",9
"BASTI","SALTAUA GOPAL PUR","SALTAUA","3153007069/LD/958486255824937021","5474","https://mnregaweb4.nic.in/nregaarch/View_NMMS_atten_date_dtl_rpt.aspx?page=&short_name=UP&state_name=UTTAR%20PRADESH&state_code=31&district_name=BASTI&district_code=3153&block_name=SALTAUA%20GOPAL%20PUR&block_code=3153007&panchayat_name=SALTAUA&panchayat_code=3153007069&fin_year=2025-2026&source=&work_code=3153007069/LD/958486255824937021&msr_no=5474&AttendanceDate=22/03/2026&Digest=RHFmP1BB7QA5CbgSpsuDEQ",8
"BASTI","SALTAUA GOPAL PUR","SANSAR PUR","3153007070/RC/958486255823631335","5357","https://mnregaweb4.nic.in/nregaarch/View_NMMS_atten_date_dtl_rpt.aspx?page=&short_name=UP&state_name=UTTAR%20PRADESH&state_code=31&district_name=BASTI&district_code=3153&block_name=SALTAUA%20GOPAL%20PUR&block_code=3153007&panchayat_name=SANSAR%20PUR&panchayat_code=3153007070&fin_year=2025-2026&source=&work_code=3153007070/RC/958486255823631335&msr_no=5357&AttendanceDate=22/03/2026&Digest=bNM79IwHQXEHaMopDnn4tA",3
"BASTI","SALTAUA GOPAL PUR","SISWA BARUAR","3153007076/RC/958486255823678781","5347","https://mnregaweb4.nic.in/nregaarch/View_NMMS_atten_date_dtl_rpt.aspx?page=&short_name=UP&state_name=UTTAR%20PRADESH&state_code=31&district_name=BASTI&district_code=3153&block_name=SALTAUA%20GOPAL%20PUR&block_code=3153007&panchayat_name=SISWA%20BARUAR&panchayat_code=3153007076&fin_year=2025-2026&source=&work_code=3153007076/RC/958486255823678781&msr_no=5347&AttendanceDate=22/03/2026&Digest=Cy0Pd20v6beZt7bkSNyR4Q",1
"BASTI","SALTAUA GOPAL PUR","KORIYA DIH","3153007086/IC/958486255823742443","5361","https://mnregaweb4.nic.in/nregaarch/View_NMMS_atten_date_dtl_rpt.aspx?page=&short_name=UP&state_name=UTTAR%20PRADESH&state_code=31&district_name=BASTI&district_code=3153&block_name=SALTAUA%20GOPAL%20PUR&block_code=3153007&panchayat_name=KORIYA%20DIH&panchayat_code=3153007086&fin_year=2025-2026&source=&work_code=3153007086/IC/958486255823742443&msr_no=5361&AttendanceDate=22/03/2026&Digest=3FBmQcI0GLn4U+uel9Xesw",8
"BASTI","SALTAUA GOPAL PUR","BHIURA","3153007091/RC/958486255823594409","5339","https://mnregaweb4.nic.in/nregaarch/View_NMMS_atten_date_dtl_rpt.aspx?page=&short_name=UP&state_name=UTTAR%20PRADESH&state_code=31&district_name=BASTI&district_code=3153&block_name=SALTAUA%20GOPAL%20PUR&block_code=3153007&panchayat_name=BHIURA&panchayat_code=3153007091&fin_year=2025-2026&source=&work_code=3153007091/RC/958486255823594409&msr_no=5339&AttendanceDate=22/03/2026&Digest=MkixepdKEU4J67PTlC0SEQ",9
"BASTI","SALTAUA GOPAL PUR","PACHANU","3153007094/RC/958486255823666847","5363","https://mnregaweb4.nic.in/nregaarch/View_NMMS_atten_date_dtl_rpt.aspx?page=&short_name=UP&state_name=UTTAR%20PRADESH&state_code=31&district_name=BASTI&district_code=3153&block_name=SALTAUA%20GOPAL%20PUR&block_code=3153007&panchayat_name=PACHANU&panchayat_code=3153007094&fin_year=2025-2026&source=&work_code=3153007094/RC/958486255823666847&msr_no=5363&AttendanceDate=22/03/2026&Digest=DLj3jDZ7sNp6mn+We+eKBQ",9
"BASTI","SAU GHAT","ANDA","3153009002/LD/958486255825010416","3356","https://mnregaweb4.nic.in/nregaarch/View_NMMS_atten_date_dtl_rpt.aspx?page=&short_name=UP&state_name=UTTAR%20PRADESH&state_code=31&district_name=BASTI&district_code=3153&block_name=SAU%20GHAT&block_code=3153009&panchayat_name=ANDA&panchayat_code=3153009002&fin_year=2025-2026&source=&work_code=3153009002/LD/958486255825010416&msr_no=3356&AttendanceDate=22/03/2026&Digest=PqgocOaLNwZhULMaeFLi/A",5
"BASTI","SAU GHAT","BEHRA","3153009010/RC/958486255823638980","3327","https://mnregaweb4.nic.in/nregaarch/View_NMMS_atten_date_dtl_rpt.aspx?page=&short_name=UP&state_name=UTTAR%20PRADESH&state_code=31&district_name=BASTI&district_code=3153&block_name=SAU%20GHAT&block_code=3153009&panchayat_name=BEHRA&panchayat_code=3153009010&fin_year=2025-2026&source=&work_code=3153009010/RC/958486255823638980&msr_no=3327&AttendanceDate=22/03/2026&Digest=K+O/CoHbe8bF6I6Q2O4vww",2
"BASTI","SAU GHAT","BHITA RAM SEN","3153009013/RC/958486255823719601","3393","https://mnregaweb4.nic.in/nregaarch/View_NMMS_atten_date_dtl_rpt.aspx?page=&short_name=UP&state_name=UTTAR%20PRADESH&state_code=31&district_name=BASTI&district_code=3153&block_name=SAU%20GHAT&block_code=3153009&panchayat_name=BHITA%20RAM%20SEN&panchayat_code=3153009013&fin_year=2025-2026&source=&work_code=3153009013/RC/958486255823719601&msr_no=3393&AttendanceDate=22/03/2026&Digest=ZtVgTJ6KDlV0ZP3mhIPd8A",1
"BASTI","VIKRAM JOT","JAITAPUR","3153004027/RC/958486255823745130","5734","https://mnregaweb4.nic.in/nregaarch/View_NMMS_atten_date_dtl_rpt.aspx?page=&short_name=UP&state_name=UTTAR%20PRADESH&state_code=31&district_name=BASTI&district_code=3153&block_name=VIKRAM%20JOT&block_code=3153004&panchayat_name=JAITAPUR&panchayat_code=3153004027&fin_year=2025-2026&source=&work_code=3153004027/RC/958486255823745130&msr_no=5734&AttendanceDate=22/03/2026&Digest=sj7+j7vTI7nYF60n+qpCLw",1
"BASTI","VIKRAM JOT","KHESUAA","3153004036/RC/958486255823748220","5907","https://mnregaweb4.nic.in/nregaarch/View_NMMS_atten_date_dtl_rpt.aspx?page=&short_name=UP&state_name=UTTAR%20PRADESH&state_code=31&district_name=BASTI&district_code=3153&block_name=VIKRAM%20JOT&block_code=3153004&panchayat_name=KHESUAA&panchayat_code=3153004036&fin_year=2025-2026&source=&work_code=3153004036/RC/958486255823748220&msr_no=5907&AttendanceDate=22/03/2026&Digest=Oxus42SVR/vvkwSHl6JvQQ",1
"BASTI","VIKRAM JOT","KHESUAA","3153004036/RC/958486255823748224","5910","https://mnregaweb4.nic.in/nregaarch/View_NMMS_atten_date_dtl_rpt.aspx?page=&short_name=UP&state_name=UTTAR%20PRADESH&state_code=31&district_name=BASTI&district_code=3153&block_name=VIKRAM%20JOT&block_code=3153004&panchayat_name=KHESUAA&panchayat_code=3153004036&fin_year=2025-2026&source=&work_code=3153004036/RC/958486255823748224&msr_no=5910&AttendanceDate=22/03/2026&Digest=i17OGAYRELPUK/AUIF7Ytg",1
"BASTI","VIKRAM JOT","KUANGAON","3153004037/FP/958486255823617398","5789","https://mnregaweb4.nic.in/nregaarch/View_NMMS_atten_date_dtl_rpt.aspx?page=&short_name=UP&state_name=UTTAR%20PRADESH&state_code=31&district_name=BASTI&district_code=3153&block_name=VIKRAM%20JOT&block_code=3153004&panchayat_name=KUANGAON&panchayat_code=3153004037&fin_year=2025-2026&source=&work_code=3153004037/FP/958486255823617398&msr_no=5789&AttendanceDate=22/03/2026&Digest=TkkoiIzV5l2XdQixsV6I7g",7
"BASTI","VIKRAM JOT","EKMA HIRANIYA","3153004043/WC/958486255824231525","5858","https://mnregaweb4.nic.in/nregaarch/View_NMMS_atten_date_dtl_rpt.aspx?page=&short_name=UP&state_name=UTTAR%20PRADESH&state_code=31&district_name=BASTI&district_code=3153&block_name=VIKRAM%20JOT&block_code=3153004&panchayat_name=EKMA%20HIRANIYA&panchayat_code=3153004043&fin_year=2025-2026&source=&work_code=3153004043/WC/958486255824231525&msr_no=5858&AttendanceDate=22/03/2026&Digest=Un7aUfyYtYvF2AQUdI0i1A",7
"BASTI","VIKRAM JOT","EKMA HIRANIYA","3153004043/WC/958486255824231525","5861","https://mnregaweb4.nic.in/nregaarch/View_NMMS_atten_date_dtl_rpt.aspx?page=&short_name=UP&state_name=UTTAR%20PRADESH&state_code=31&district_name=BASTI&district_code=3153&block_name=VIKRAM%20JOT&block_code=3153004&panchayat_name=EKMA%20HIRANIYA&panchayat_code=3153004043&fin_year=2025-2026&source=&work_code=3153004043/WC/958486255824231525&msr_no=5861&AttendanceDate=22/03/2026&Digest=1nGEWSvrkzKuW6sCoSOweA",5
"BASTI","VIKRAM JOT","PURE CHETAN","3153004053/RC/958486255823731821","5899","https://mnregaweb4.nic.in/nregaarch/View_NMMS_atten_date_dtl_rpt.aspx?page=&short_name=UP&state_name=UTTAR%20PRADESH&state_code=31&district_name=BASTI&district_code=3153&block_name=VIKRAM%20JOT&block_code=3153004&panchayat_name=PURE%20CHETAN&panchayat_code=3153004053&fin_year=2025-2026&source=&work_code=3153004053/RC/958486255823731821&msr_no=5899&AttendanceDate=22/03/2026&Digest=SsP/1UX8bDF5RbJFzt3VFA",10
"BASTI","VIKRAM JOT","DUBAULI DUBE","3153004075/RC/958486255823740715","5864","https://mnregaweb4.nic.in/nregaarch/View_NMMS_atten_date_dtl_rpt.aspx?page=&short_name=UP&state_name=UTTAR%20PRADESH&state_code=31&district_name=BASTI&district_code=3153&block_name=VIKRAM%20JOT&block_code=3153004&panchayat_name=DUBAULI%20DUBE&panchayat_code=3153004075&fin_year=2025-2026&source=&work_code=3153004075/RC/958486255823740715&msr_no=5864&AttendanceDate=22/03/2026&Digest=BYkSLwVANLUcqEyHkNsblw",5
"BASTI","VIKRAM JOT","NETWARPATTI","3153004078/LD/958486255824967920","5778","https://mnregaweb4.nic.in/nregaarch/View_NMMS_atten_date_dtl_rpt.aspx?page=&short_name=UP&state_name=UTTAR%20PRADESH&state_code=31&district_name=BASTI&district_code=3153&block_name=VIKRAM%20JOT&block_code=3153004&panchayat_name=NETWARPATTI&panchayat_code=3153004078&fin_year=2025-2026&source=&work_code=3153004078/LD/958486255824967920&msr_no=5778&AttendanceDate=22/03/2026&Digest=m3XZ5bnJBMxpx3p2V7tNXg",9
"BASTI","KUDARAHA","HATHIYAVKALA","3153013054/RC/958486255823672224","7767","https://mnregaweb4.nic.in/nregaarch/View_NMMS_atten_date_dtl_rpt.aspx?page=&short_name=UP&state_name=UTTAR%20PRADESH&state_code=31&district_name=BASTI&district_code=3153&block_name=KUDARAHA&block_code=3153013&panchayat_name=HATHIYAVKALA&panchayat_code=3153013054&fin_year=2025-2026&source=&work_code=3153013054/RC/958486255823672224&msr_no=7767&AttendanceDate=22/03/2026&Digest=X939ah6M5vd8d+LWx+6dCg",9
"BASTI","KUDARAHA","HATHIYAVKALA","3153013054/RC/958486255823672226","7661","https://mnregaweb4.nic.in/nregaarch/View_NMMS_atten_date_dtl_rpt.aspx?page=&short_name=UP&state_name=UTTAR%20PRADESH&state_code=31&district_name=BASTI&district_code=3153&block_name=KUDARAHA&block_code=3153013&panchayat_name=HATHIYAVKALA&panchayat_code=3153013054&fin_year=2025-2026&source=&work_code=3153013054/RC/958486255823672226&msr_no=7661&AttendanceDate=22/03/2026&Digest=AEIR0HhsTYzVqPWlwx5cfA",5
"BASTI","KUDARAHA","PAERMESHWARPUR","3153013056/AV/958486255824182484","8097","https://mnregaweb4.nic.in/nregaarch/View_NMMS_atten_date_dtl_rpt.aspx?page=&short_name=UP&state_name=UTTAR%20PRADESH&state_code=31&district_name=BASTI&district_code=3153&block_name=KUDARAHA&block_code=3153013&panchayat_name=PAERMESHWARPUR&panchayat_code=3153013056&fin_year=2025-2026&source=&work_code=3153013056/AV/958486255824182484&msr_no=8097&AttendanceDate=22/03/2026&Digest=dFatC4hr2LyUxF5Zvq8ioQ",2
"BASTI","KUDARAHA","MANJHARIYA","3153013057/LD/958486255824945664","7650","https://mnregaweb4.nic.in/nregaarch/View_NMMS_atten_date_dtl_rpt.aspx?page=&short_name=UP&state_name=UTTAR%20PRADESH&state_code=31&district_name=BASTI&district_code=3153&block_name=KUDARAHA&block_code=3153013&panchayat_name=MANJHARIYA&panchayat_code=3153013057&fin_year=2025-2026&source=&work_code=3153013057/LD/958486255824945664&msr_no=7650&AttendanceDate=22/03/2026&Digest=F6/net8nrAFTUsC4o4dnTA",10
"BASTI","KUDARAHA","MANJHARIYA","3153013057/RC/958486255823656431","7549","https://mnregaweb4.nic.in/nregaarch/View_NMMS_atten_date_dtl_rpt.aspx?page=&short_name=UP&state_name=UTTAR%20PRADESH&state_code=31&district_name=BASTI&district_code=3153&block_name=KUDARAHA&block_code=3153013&panchayat_name=MANJHARIYA&panchayat_code=3153013057&fin_year=2025-2026&source=&work_code=3153013057/RC/958486255823656431&msr_no=7549&AttendanceDate=22/03/2026&Digest=tysLA0VRyc2A+FEO3vTBPg",10
"BASTI","KUDARAHA","MANJHARIYA","3153013057/RC/958486255823656451","7548","https://mnregaweb4.nic.in/nregaarch/View_NMMS_atten_date_dtl_rpt.aspx?page=&short_name=UP&state_name=UTTAR%20PRADESH&state_code=31&district_name=BASTI&district_code=3153&block_name=KUDARAHA&block_code=3153013&panchayat_name=MANJHARIYA&panchayat_code=3153013057&fin_year=2025-2026&source=&work_code=3153013057/RC/958486255823656451&msr_no=7548&AttendanceDate=22/03/2026&Digest=kH82EIFzPsTaecm74B3bnA",5
"BASTI","KUDARAHA","DIHUKPURA","3153013060/RC/958486255823750160","8082","https://mnregaweb4.nic.in/nregaarch/View_NMMS_atten_date_dtl_rpt.aspx?page=&short_name=UP&state_name=UTTAR%20PRADESH&state_code=31&district_name=BASTI&district_code=3153&block_name=KUDARAHA&block_code=3153013&panchayat_name=DIHUKPURA&panchayat_code=3153013060&fin_year=2025-2026&source=&work_code=3153013060/RC/958486255823750160&msr_no=8082&AttendanceDate=22/03/2026&Digest=wcEF9PDh0hgdLrbKfyDknQ",3
"BASTI","KUDARAHA","TENUA","3153013064/LD/958486255825009970","7574","https://mnregaweb4.nic.in/nregaarch/View_NMMS_atten_date_dtl_rpt.aspx?page=&short_name=UP&state_name=UTTAR%20PRADESH&state_code=31&district_name=BASTI&district_code=3153&block_name=KUDARAHA&block_code=3153013&panchayat_name=TENUA&panchayat_code=3153013064&fin_year=2025-2026&source=&work_code=3153013064/LD/958486255825009970&msr_no=7574&AttendanceDate=22/03/2026&Digest=WeL0UmY3J4D4P0OQCIyDXg",10
"BASTI","KUDARAHA","TENUA","3153013064/LD/958486255825009975","7562","https://mnregaweb4.nic.in/nregaarch/View_NMMS_atten_date_dtl_rpt.aspx?page=&short_name=UP&state_name=UTTAR%20PRADESH&state_code=31&district_name=BASTI&district_code=3153&block_name=KUDARAHA&block_code=3153013&panchayat_name=TENUA&panchayat_code=3153013064&fin_year=2025-2026&source=&work_code=3153013064/LD/958486255825009975&msr_no=7562&AttendanceDate=22/03/2026&Digest=fY36AnOZJ9eEEqEKloq2MQ",10
"BASTI","KUDARAHA","TENUA","3153013064/LD/958486255825009975","7565","https://mnregaweb4.nic.in/nregaarch/View_NMMS_atten_date_dtl_rpt.aspx?page=&short_name=UP&state_name=UTTAR%20PRADESH&state_code=31&district_name=BASTI&district_code=3153&block_name=KUDARAHA&block_code=3153013&panchayat_name=TENUA&panchayat_code=3153013064&fin_year=2025-2026&source=&work_code=3153013064/LD/958486255825009975&msr_no=7565&AttendanceDate=22/03/2026&Digest=xi4viTbuVbmw823pxLOMnQ",10
"BASTI","KUDARAHA","TENUA","3153013064/RC/958486255823577848","7504","https://mnregaweb4.nic.in/nregaarch/View_NMMS_atten_date_dtl_rpt.aspx?page=&short_name=UP&state_name=UTTAR%20PRADESH&state_code=31&district_name=BASTI&district_code=3153&block_name=KUDARAHA&block_code=3153013&panchayat_name=TENUA&panchayat_code=3153013064&fin_year=2025-2026&source=&work_code=3153013064/RC/958486255823577848&msr_no=7504&AttendanceDate=22/03/2026&Digest=SB99PsjjP4IvgLkm0Gt0+A",3
"BASTI","KUDARAHA","BAIRARA MUSTAHKAM","3153013065/RC/958486255823740362","7950","https://mnregaweb4.nic.in/nregaarch/View_NMMS_atten_date_dtl_rpt.aspx?page=&short_name=UP&state_name=UTTAR%20PRADESH&state_code=31&district_name=BASTI&district_code=3153&block_name=KUDARAHA&block_code=3153013&panchayat_name=BAIRARA%20MUSTAHKAM&panchayat_code=3153013065&fin_year=2025-2026&source=&work_code=3153013065/RC/958486255823740362&msr_no=7950&AttendanceDate=22/03/2026&Digest=X3MZ/EF+iXn3jomS1aKyDg",10
"BASTI","KUDARAHA","BAIRARA MUSTAHKAM","3153013065/RC/958486255823747327","7475","https://mnregaweb4.nic.in/nregaarch/View_NMMS_atten_date_dtl_rpt.aspx?page=&short_name=UP&state_name=UTTAR%20PRADESH&state_code=31&district_name=BASTI&district_code=3153&block_name=KUDARAHA&block_code=3153013&panchayat_name=BAIRARA%20MUSTAHKAM&panchayat_code=3153013065&fin_year=2025-2026&source=&work_code=3153013065/RC/958486255823747327&msr_no=7475&AttendanceDate=22/03/2026&Digest=S7tvKham2g4J5oDUiIZhZQ",6
"BASTI","KUDARAHA","PIPARPATI EHATMALI","3153013071/RC/958486255823700975","7672","https://mnregaweb4.nic.in/nregaarch/View_NMMS_atten_date_dtl_rpt.aspx?page=&short_name=UP&state_name=UTTAR%20PRADESH&state_code=31&district_name=BASTI&district_code=3153&block_name=KUDARAHA&block_code=3153013&panchayat_name=PIPARPATI%20EHATMALI&panchayat_code=3153013071&fin_year=2025-2026&source=&work_code=3153013071/RC/958486255823700975&msr_no=7672&AttendanceDate=22/03/2026&Digest=hSXxTrp7Ds29V7lzhPtfdg",8
"BASTI","KUDARAHA","PIPARPATI EHATMALI","3153013071/RC/958486255823700979","7934","https://mnregaweb4.nic.in/nregaarch/View_NMMS_atten_date_dtl_rpt.aspx?page=&short_name=UP&state_name=UTTAR%20PRADESH&state_code=31&district_name=BASTI&district_code=3153&block_name=KUDARAHA&block_code=3153013&panchayat_name=PIPARPATI%20EHATMALI&panchayat_code=3153013071&fin_year=2025-2026&source=&work_code=3153013071/RC/958486255823700979&msr_no=7934&AttendanceDate=22/03/2026&Digest=9va828Nb0/BPWXlXpIrnFw",10
"BASTI","KUDARAHA","PIPARPATI EHATMALI","3153013071/RC/958486255823751618","8137","https://mnregaweb4.nic.in/nregaarch/View_NMMS_atten_date_dtl_rpt.aspx?page=&short_name=UP&state_name=UTTAR%20PRADESH&state_code=31&district_name=BASTI&district_code=3153&block_name=KUDARAHA&block_code=3153013&panchayat_name=PIPARPATI%20EHATMALI&panchayat_code=3153013071&fin_year=2025-2026&source=&work_code=3153013071/RC/958486255823751618&msr_no=8137&AttendanceDate=22/03/2026&Digest=hiAWBg2Efk2smsq3xv2I7g",5
"BASTI","KUDARAHA","HARKHAILIYA URF MATIYARIA","3153013074/RC/YD/958486255823746860","7877","https://mnregaweb4.nic.in/nregaarch/View_NMMS_atten_date_dtl_rpt.aspx?page=&short_name=UP&state_name=UTTAR%20PRADESH&state_code=31&district_name=BASTI&district_code=3153&block_name=KUDARAHA&block_code=3153013&panchayat_name=HARKHAILIYA%20URF%20MATIYARIA&panchayat_code=3153013074&fin_year=2025-2026&source=&work_code=3153013074/RC/YD/958486255823746860&msr_no=7877&AttendanceDate=22/03/2026&Digest=KdwVEAYU0rJI6BQQPzVqRA",10
"BASTI","KUDARAHA","HARKHAILIYA URF MATIYARIA","3153013074/RC/YD/958486255823746860","7880","https://mnregaweb4.nic.in/nregaarch/View_NMMS_atten_date_dtl_rpt.aspx?page=&short_name=UP&state_name=UTTAR%20PRADESH&state_code=31&district_name=BASTI&district_code=3153&block_name=KUDARAHA&block_code=3153013&panchayat_name=HARKHAILIYA%20URF%20MATIYARIA&panchayat_code=3153013074&fin_year=2025-2026&source=&work_code=3153013074/RC/YD/958486255823746860&msr_no=7880&AttendanceDate=22/03/2026&Digest=xhwTeTTxq/olaJEifdxyww",10
"BASTI","KUDARAHA","HARKHAILIYA URF MATIYARIA","3153013074/RC/YD/958486255823746903","7639","https://mnregaweb4.nic.in/nregaarch/View_NMMS_atten_date_dtl_rpt.aspx?page=&short_name=UP&state_name=UTTAR%20PRADESH&state_code=31&district_name=BASTI&district_code=3153&block_name=KUDARAHA&block_code=3153013&panchayat_name=HARKHAILIYA%20URF%20MATIYARIA&panchayat_code=3153013074&fin_year=2025-2026&source=&work_code=3153013074/RC/YD/958486255823746903&msr_no=7639&AttendanceDate=22/03/2026&Digest=6i9hzqLE0z4Sa/6IMAZGXQ",10
"BASTI","KUDARAHA","HARKHAILIYA URF MATIYARIA","3153013074/RC/YD/958486255823746903","7642","https://mnregaweb4.nic.in/nregaarch/View_NMMS_atten_date_dtl_rpt.aspx?page=&short_name=UP&state_name=UTTAR%20PRADESH&state_code=31&district_name=BASTI&district_code=3153&block_name=KUDARAHA&block_code=3153013&panchayat_name=HARKHAILIYA%20URF%20MATIYARIA&panchayat_code=3153013074&fin_year=2025-2026&source=&work_code=3153013074/RC/YD/958486255823746903&msr_no=7642&AttendanceDate=22/03/2026&Digest=+0V3RBxrOyZzMYGKGE5Gjg",5
"BASTI","KUDARAHA","DAIJI","3153013078/LD/958486255824702897","8052","https://mnregaweb4.nic.in/nregaarch/View_NMMS_atten_date_dtl_rpt.aspx?page=&short_name=UP&state_name=UTTAR%20PRADESH&state_code=31&district_name=BASTI&district_code=3153&block_name=KUDARAHA&block_code=3153013&panchayat_name=DAIJI&panchayat_code=3153013078&fin_year=2025-2026&source=&work_code=3153013078/LD/958486255824702897&msr_no=8052&AttendanceDate=22/03/2026&Digest=JxMMad9HVvWa6NLHdclNMg",10
"BASTI","KUDARAHA","DAIJI","3153013078/RC/958486255823747071","7788","https://mnregaweb4.nic.in/nregaarch/View_NMMS_atten_date_dtl_rpt.aspx?page=&short_name=UP&state_name=UTTAR%20PRADESH&state_code=31&district_name=BASTI&district_code=3153&block_name=KUDARAHA&block_code=3153013&panchayat_name=DAIJI&panchayat_code=3153013078&fin_year=2025-2026&source=&work_code=3153013078/RC/958486255823747071&msr_no=7788&AttendanceDate=22/03/2026&Digest=CekhxAXLsbr2KpgvCNnltw",9
"BASTI","PARAS RAMPUR","AMAULI","3153001003/RC/958486255823709358","9244","https://mnregaweb4.nic.in/nregaarch/View_NMMS_atten_date_dtl_rpt.aspx?page=&short_name=UP&state_name=UTTAR%20PRADESH&state_code=31&district_name=BASTI&district_code=3153&block_name=PARAS%20RAMPUR&block_code=3153001&panchayat_name=AMAULI&panchayat_code=3153001003&fin_year=2025-2026&source=&work_code=3153001003/RC/958486255823709358&msr_no=9244&AttendanceDate=22/03/2026&Digest=au7gvSMgBRqrfp7i17qjKw",3
"BASTI","PARAS RAMPUR","AMAULI","3153001003/RC/958486255823709361","9241","https://mnregaweb4.nic.in/nregaarch/View_NMMS_atten_date_dtl_rpt.aspx?page=&short_name=UP&state_name=UTTAR%20PRADESH&state_code=31&district_name=BASTI&district_code=3153&block_name=PARAS%20RAMPUR&block_code=3153001&panchayat_name=AMAULI&panchayat_code=3153001003&fin_year=2025-2026&source=&work_code=3153001003/RC/958486255823709361&msr_no=9241&AttendanceDate=22/03/2026&Digest=3e6XWbr20gkCtFZl3sMoMw",9
"BASTI","PARAS RAMPUR","ARJANIPUR","3153001004/RC/958486255823734626","9459","https://mnregaweb4.nic.in/nregaarch/View_NMMS_atten_date_dtl_rpt.aspx?page=&short_name=UP&state_name=UTTAR%20PRADESH&state_code=31&district_name=BASTI&district_code=3153&block_name=PARAS%20RAMPUR&block_code=3153001&panchayat_name=ARJANIPUR&panchayat_code=3153001004&fin_year=2025-2026&source=&work_code=3153001004/RC/958486255823734626&msr_no=9459&AttendanceDate=22/03/2026&Digest=r7KC4RF5QcFC68WpR2vcmA",10
"BASTI","PARAS RAMPUR","CHAORI","3153001015/LD/958486255825005262","9374","https://mnregaweb4.nic.in/nregaarch/View_NMMS_atten_date_dtl_rpt.aspx?page=&short_name=UP&state_name=UTTAR%20PRADESH&state_code=31&district_name=BASTI&district_code=3153&block_name=PARAS%20RAMPUR&block_code=3153001&panchayat_name=CHAORI&panchayat_code=3153001015&fin_year=2025-2026&source=&work_code=3153001015/LD/958486255825005262&msr_no=9374&AttendanceDate=22/03/2026&Digest=UQQRkkvAqoLMwgNkn60dew",9
"BASTI","PARAS RAMPUR","CHHEDIYAPARA","3153001016/LD/958486255824986999","9584","https://mnregaweb4.nic.in/nregaarch/View_NMMS_atten_date_dtl_rpt.aspx?page=&short_name=UP&state_name=UTTAR%20PRADESH&state_code=31&district_name=BASTI&district_code=3153&block_name=PARAS%20RAMPUR&block_code=3153001&panchayat_name=CHHEDIYAPARA&panchayat_code=3153001016&fin_year=2025-2026&source=&work_code=3153001016/LD/958486255824986999&msr_no=9584&AttendanceDate=22/03/2026&Digest=WWXMsK+spPewMpcYMx+xTw",4
"BASTI","PARAS RAMPUR","CHHEDIYAPARA","3153001016/LD/958486255824986999","9590","https://mnregaweb4.nic.in/nregaarch/View_NMMS_atten_date_dtl_rpt.aspx?page=&short_name=UP&state_name=UTTAR%20PRADESH&state_code=31&district_name=BASTI&district_code=3153&block_name=PARAS%20RAMPUR&block_code=3153001&panchayat_name=CHHEDIYAPARA&panchayat_code=3153001016&fin_year=2025-2026&source=&work_code=3153001016/LD/958486255824986999&msr_no=9590&AttendanceDate=22/03/2026&Digest=55LY8UmZIk1SsGxSP0EoXA",10
"BASTI","PARAS RAMPUR","ETAWA","3153001025/RC/958486255823689942","9224","https://mnregaweb4.nic.in/nregaarch/View_NMMS_atten_date_dtl_rpt.aspx?page=&short_name=UP&state_name=UTTAR%20PRADESH&state_code=31&district_name=BASTI&district_code=3153&block_name=PARAS%20RAMPUR&block_code=3153001&panchayat_name=ETAWA&panchayat_code=3153001025&fin_year=2025-2026&source=&work_code=3153001025/RC/958486255823689942&msr_no=9224&AttendanceDate=22/03/2026&Digest=9ydfoorG6ALqGta1pXpVdQ",3
"BASTI","PARAS RAMPUR","GAURA PANDAY","3153001027/WC/958486255824209503","9401","https://mnregaweb4.nic.in/nregaarch/View_NMMS_atten_date_dtl_rpt.aspx?page=&short_name=UP&state_name=UTTAR%20PRADESH&state_code=31&district_name=BASTI&district_code=3153&block_name=PARAS%20RAMPUR&block_code=3153001&panchayat_name=GAURA%20PANDAY&panchayat_code=3153001027&fin_year=2025-2026&source=&work_code=3153001027/WC/958486255824209503&msr_no=9401&AttendanceDate=22/03/2026&Digest=luzkOZUn3FIebfQN4rcryQ",10
"BASTI","PARAS RAMPUR","GAURA PANDAY","3153001027/WC/958486255824209503","9404","https://mnregaweb4.nic.in/nregaarch/View_NMMS_atten_date_dtl_rpt.aspx?page=&short_name=UP&state_name=UTTAR%20PRADESH&state_code=31&district_name=BASTI&district_code=3153&block_name=PARAS%20RAMPUR&block_code=3153001&panchayat_name=GAURA%20PANDAY&panchayat_code=3153001027&fin_year=2025-2026&source=&work_code=3153001027/WC/958486255824209503&msr_no=9404&AttendanceDate=22/03/2026&Digest=AapD1Ye0eHmB2SI0EC18eQ",7
"BASTI","PARAS RAMPUR","KADSARA","3153001037/RC/958486255823696825","9278","https://mnregaweb4.nic.in/nregaarch/View_NMMS_atten_date_dtl_rpt.aspx?page=&short_name=UP&state_name=UTTAR%20PRADESH&state_code=31&district_name=BASTI&district_code=3153&block_name=PARAS%20RAMPUR&block_code=3153001&panchayat_name=KADSARA&panchayat_code=3153001037&fin_year=2025-2026&source=&work_code=3153001037/RC/958486255823696825&msr_no=9278&AttendanceDate=22/03/2026&Digest=jFxnNA4cslMJWxzjuaVsrQ",8
"BASTI","PARAS RAMPUR","KADSARA","3153001037/RC/958486255823701846","9382","https://mnregaweb4.nic.in/nregaarch/View_NMMS_atten_date_dtl_rpt.aspx?page=&short_name=UP&state_name=UTTAR%20PRADESH&state_code=31&district_name=BASTI&district_code=3153&block_name=PARAS%20RAMPUR&block_code=3153001&panchayat_name=KADSARA&panchayat_code=3153001037&fin_year=2025-2026&source=&work_code=3153001037/RC/958486255823701846&msr_no=9382&AttendanceDate=22/03/2026&Digest=xTb6zR2Jg+yo5z0VfLvXUw",7
"BASTI","PARAS RAMPUR","KARIGHNA","3153001038/LD/958486255824982417","9200","https://mnregaweb4.nic.in/nregaarch/View_NMMS_atten_date_dtl_rpt.aspx?page=&short_name=UP&state_name=UTTAR%20PRADESH&state_code=31&district_name=BASTI&district_code=3153&block_name=PARAS%20RAMPUR&block_code=3153001&panchayat_name=KARIGHNA&panchayat_code=3153001038&fin_year=2025-2026&source=&work_code=3153001038/LD/958486255824982417&msr_no=9200&AttendanceDate=22/03/2026&Digest=suWfYD79VwMJXaxMS33UaA",10
"BASTI","PARAS RAMPUR","KHAMARIYA","3153001041/WC/958486255824229095","9441","https://mnregaweb4.nic.in/nregaarch/View_NMMS_atten_date_dtl_rpt.aspx?page=&short_name=UP&state_name=UTTAR%20PRADESH&state_code=31&district_name=BASTI&district_code=3153&block_name=PARAS%20RAMPUR&block_code=3153001&panchayat_name=KHAMARIYA&panchayat_code=3153001041&fin_year=2025-2026&source=&work_code=3153001041/WC/958486255824229095&msr_no=9441&AttendanceDate=22/03/2026&Digest=2cB2PnTX9RYjBzFJBwYDpg",6
"BASTI","PARAS RAMPUR","LOHRAULI","3153001046/RC/958486255823686639","9560","https://mnregaweb4.nic.in/nregaarch/View_NMMS_atten_date_dtl_rpt.aspx?page=&short_name=UP&state_name=UTTAR%20PRADESH&state_code=31&district_name=BASTI&district_code=3153&block_name=PARAS%20RAMPUR&block_code=3153001&panchayat_name=LOHRAULI&panchayat_code=3153001046&fin_year=2025-2026&source=&work_code=3153001046/RC/958486255823686639&msr_no=9560&AttendanceDate=22/03/2026&Digest=J/46GpDXZqngdxJ8NXw8IA",6
"BASTI","PARAS RAMPUR","NANADNAGAR","3153001056/WH/958486255823988945","9522","https://mnregaweb4.nic.in/nregaarch/View_NMMS_atten_date_dtl_rpt.aspx?page=&short_name=UP&state_name=UTTAR%20PRADESH&state_code=31&district_name=BASTI&district_code=3153&block_name=PARAS%20RAMPUR&block_code=3153001&panchayat_name=NANADNAGAR&panchayat_code=3153001056&fin_year=2025-2026&source=&work_code=3153001056/WH/958486255823988945&msr_no=9522&AttendanceDate=22/03/2026&Digest=vUu7SitmsrFQ3Ylz87uDIg",10
"BASTI","PARAS RAMPUR","NANADNAGAR","3153001056/WH/958486255823988945","9525","https://mnregaweb4.nic.in/nregaarch/View_NMMS_atten_date_dtl_rpt.aspx?page=&short_name=UP&state_name=UTTAR%20PRADESH&state_code=31&district_name=BASTI&district_code=3153&block_name=PARAS%20RAMPUR&block_code=3153001&panchayat_name=NANADNAGAR&panchayat_code=3153001056&fin_year=2025-2026&source=&work_code=3153001056/WH/958486255823988945&msr_no=9525&AttendanceDate=22/03/2026&Digest=jUFTLRaT6sp4nUWCo7BlCg",9
"BASTI","PARAS RAMPUR","PADARI BABU","3153001062/LD/958486255824958230","9427","https://mnregaweb4.nic.in/nregaarch/View_NMMS_atten_date_dtl_rpt.aspx?page=&short_name=UP&state_name=UTTAR%20PRADESH&state_code=31&district_name=BASTI&district_code=3153&block_name=PARAS%20RAMPUR&block_code=3153001&panchayat_name=PADARI%20BABU&panchayat_code=3153001062&fin_year=2025-2026&source=&work_code=3153001062/LD/958486255824958230&msr_no=9427&AttendanceDate=22/03/2026&Digest=02rP4BG+qT/rkErj1N4Shg",10
"BASTI","PARAS RAMPUR","PADARI BABU","3153001062/RC/958486255823743924","9397","https://mnregaweb4.nic.in/nregaarch/View_NMMS_atten_date_dtl_rpt.aspx?page=&short_name=UP&state_name=UTTAR%20PRADESH&state_code=31&district_name=BASTI&district_code=3153&block_name=PARAS%20RAMPUR&block_code=3153001&panchayat_name=PADARI%20BABU&panchayat_code=3153001062&fin_year=2025-2026&source=&work_code=3153001062/RC/958486255823743924&msr_no=9397&AttendanceDate=22/03/2026&Digest=0xklLA6rLAcyBEMguFKNaA",2
"BASTI","PARAS RAMPUR","RAGHUPUR","3153001067/IC/958486255823741774","9270","https://mnregaweb4.nic.in/nregaarch/View_NMMS_atten_date_dtl_rpt.aspx?page=&short_name=UP&state_name=UTTAR%20PRADESH&state_code=31&district_name=BASTI&district_code=3153&block_name=PARAS%20RAMPUR&block_code=3153001&panchayat_name=RAGHUPUR&panchayat_code=3153001067&fin_year=2025-2026&source=&work_code=3153001067/IC/958486255823741774&msr_no=9270&AttendanceDate=22/03/2026&Digest=LvWhXAJ9zivYSxyxJGCEMQ",8
"BASTI","PARAS RAMPUR","RAGHUPUR","3153001067/WC/958486255824249956","9411","https://mnregaweb4.nic.in/nregaarch/View_NMMS_atten_date_dtl_rpt.aspx?page=&short_name=UP&state_name=UTTAR%20PRADESH&state_code=31&district_name=BASTI&district_code=3153&block_name=PARAS%20RAMPUR&block_code=3153001&panchayat_name=RAGHUPUR&panchayat_code=3153001067&fin_year=2025-2026&source=&work_code=3153001067/WC/958486255824249956&msr_no=9411&AttendanceDate=22/03/2026&Digest=w3DCh0y9KuEeOYarkUsKUQ",10
"BASTI","PARAS RAMPUR","RAGHVAPUR","3153001068/AV/958486255824184571","9414","https://mnregaweb4.nic.in/nregaarch/View_NMMS_atten_date_dtl_rpt.aspx?page=&short_name=UP&state_name=UTTAR%20PRADESH&state_code=31&district_name=BASTI&district_code=3153&block_name=PARAS%20RAMPUR&block_code=3153001&panchayat_name=RAGHVAPUR&panchayat_code=3153001068&fin_year=2025-2026&source=&work_code=3153001068/AV/958486255824184571&msr_no=9414&AttendanceDate=22/03/2026&Digest=l8SzUPjwFioKLdnkra4oHQ",8
"BASTI","PARAS RAMPUR","RAGHVAPUR","3153001068/IC/958486255823698240","9589","https://mnregaweb4.nic.in/nregaarch/View_NMMS_atten_date_dtl_rpt.aspx?page=&short_name=UP&state_name=UTTAR%20PRADESH&state_code=31&district_name=BASTI&district_code=3153&block_name=PARAS%20RAMPUR&block_code=3153001&panchayat_name=RAGHVAPUR&panchayat_code=3153001068&fin_year=2025-2026&source=&work_code=3153001068/IC/958486255823698240&msr_no=9589&AttendanceDate=22/03/2026&Digest=1V8rAc6jPvo2YLmX0SNItQ",6
"BASTI","PARAS RAMPUR","ROHDA","3153001073/RC/958486255823744276","9501","https://mnregaweb4.nic.in/nregaarch/View_NMMS_atten_date_dtl_rpt.aspx?page=&short_name=UP&state_name=UTTAR%20PRADESH&state_code=31&district_name=BASTI&district_code=3153&block_name=PARAS%20RAMPUR&block_code=3153001&panchayat_name=ROHDA&panchayat_code=3153001073&fin_year=2025-2026&source=&work_code=3153001073/RC/958486255823744276&msr_no=9501&AttendanceDate=22/03/2026&Digest=Me9/NeKcURWxoI7LVCi0cg",6
"BASTI","PARAS RAMPUR","SIRSAHAWA","3153001076/RC/958486255823745716","9533","https://mnregaweb4.nic.in/nregaarch/View_NMMS_atten_date_dtl_rpt.aspx?page=&short_name=UP&state_name=UTTAR%20PRADESH&state_code=31&district_name=BASTI&district_code=3153&block_name=PARAS%20RAMPUR&block_code=3153001&panchayat_name=SIRSAHAWA&panchayat_code=3153001076&fin_year=2025-2026&source=&work_code=3153001076/RC/958486255823745716&msr_no=9533&AttendanceDate=22/03/2026&Digest=EPvsMMMBlDBThLftWuG96w",10
"BASTI","PARAS RAMPUR","UJJAINI","3153001081/LD/958486255824971582","9227","https://mnregaweb4.nic.in/nregaarch/View_NMMS_atten_date_dtl_rpt.aspx?page=&short_name=UP&state_name=UTTAR%20PRADESH&state_code=31&district_name=BASTI&district_code=3153&block_name=PARAS%20RAMPUR&block_code=3153001&panchayat_name=UJJAINI&panchayat_code=3153001081&fin_year=2025-2026&source=&work_code=3153001081/LD/958486255824971582&msr_no=9227&AttendanceDate=22/03/2026&Digest=x5FeyBOXRwQezmZGBwIgqQ",7
"BASTI","PARAS RAMPUR","UJJAINI","3153001081/LD/958486255824971582","9230","https://mnregaweb4.nic.in/nregaarch/View_NMMS_atten_date_dtl_rpt.aspx?page=&short_name=UP&state_name=UTTAR%20PRADESH&state_code=31&district_name=BASTI&district_code=3153&block_name=PARAS%20RAMPUR&block_code=3153001&panchayat_name=UJJAINI&panchayat_code=3153001081&fin_year=2025-2026&source=&work_code=3153001081/LD/958486255824971582&msr_no=9230&AttendanceDate=22/03/2026&Digest=JhyG3jpNgulljwySQmA4pQ",7
"BASTI","PARAS RAMPUR","DHOSHAR MISHRA","3153001085/RC/958486255823726405","9664","https://mnregaweb4.nic.in/nregaarch/View_NMMS_atten_date_dtl_rpt.aspx?page=&short_name=UP&state_name=UTTAR%20PRADESH&state_code=31&district_name=BASTI&district_code=3153&block_name=PARAS%20RAMPUR&block_code=3153001&panchayat_name=DHOSHAR%20MISHRA&panchayat_code=3153001085&fin_year=2025-2026&source=&work_code=3153001085/RC/958486255823726405&msr_no=9664&AttendanceDate=22/03/2026&Digest=i0WeCevOfbqgv4zP2uPruw",10
"BASTI","PARAS RAMPUR","MUKUND PUR","3153001091/WC/958486255824209000","9597","https://mnregaweb4.nic.in/nregaarch/View_NMMS_atten_date_dtl_rpt.aspx?page=&short_name=UP&state_name=UTTAR%20PRADESH&state_code=31&district_name=BASTI&district_code=3153&block_name=PARAS%20RAMPUR&block_code=3153001&panchayat_name=MUKUND%20PUR&panchayat_code=3153001091&fin_year=2025-2026&source=&work_code=3153001091/WC/958486255824209000&msr_no=9597&AttendanceDate=22/03/2026&Digest=bgLMRhMEOXuhonicoGvAZA",10
"BASTI","PARAS RAMPUR","BILARI BHITI","3153001092/LD/958486255824949574","9193","https://mnregaweb4.nic.in/nregaarch/View_NMMS_atten_date_dtl_rpt.aspx?page=&short_name=UP&state_name=UTTAR%20PRADESH&state_code=31&district_name=BASTI&district_code=3153&block_name=PARAS%20RAMPUR&block_code=3153001&panchayat_name=BILARI%20BHITI&panchayat_code=3153001092&fin_year=2025-2026&source=&work_code=3153001092/LD/958486255824949574&msr_no=9193&AttendanceDate=22/03/2026&Digest=SEEA1G3ousQmMoaLM3QRZQ",7
"BASTI","PARAS RAMPUR","BILARI BHITI","3153001092/LD/958486255824949574","9196","https://mnregaweb4.nic.in/nregaarch/View_NMMS_atten_date_dtl_rpt.aspx?page=&short_name=UP&state_name=UTTAR%20PRADESH&state_code=31&district_name=BASTI&district_code=3153&block_name=PARAS%20RAMPUR&block_code=3153001&panchayat_name=BILARI%20BHITI&panchayat_code=3153001092&fin_year=2025-2026&source=&work_code=3153001092/LD/958486255824949574&msr_no=9196&AttendanceDate=22/03/2026&Digest=EKM3j8q6xUP/NaWU8qmUhw",3
"BASTI","PARAS RAMPUR","NAGAR BAHERA","3153001103/WH/958486255823989494","9574","https://mnregaweb4.nic.in/nregaarch/View_NMMS_atten_date_dtl_rpt.aspx?page=&short_name=UP&state_name=UTTAR%20PRADESH&state_code=31&district_name=BASTI&district_code=3153&block_name=PARAS%20RAMPUR&block_code=3153001&panchayat_name=NAGAR%20BAHERA&panchayat_code=3153001103&fin_year=2025-2026&source=&work_code=3153001103/WH/958486255823989494&msr_no=9574&AttendanceDate=22/03/2026&Digest=I6wc+QuYentQX1ksGyOHmQ",10
"BASTI","PARAS RAMPUR","NAGAR BAHERA","3153001103/WH/958486255823989494","9600","https://mnregaweb4.nic.in/nregaarch/View_NMMS_atten_date_dtl_rpt.aspx?page=&short_name=UP&state_name=UTTAR%20PRADESH&state_code=31&district_name=BASTI&district_code=3153&block_name=PARAS%20RAMPUR&block_code=3153001&panchayat_name=NAGAR%20BAHERA&panchayat_code=3153001103&fin_year=2025-2026&source=&work_code=3153001103/WH/958486255823989494&msr_no=9600&AttendanceDate=22/03/2026&Digest=KIERZL2USMloUDMc40wqNw",1
"BASTI","PARAS RAMPUR","LACHHIPUR","3153001106/LD/958486255824828632","9520","https://mnregaweb4.nic.in/nregaarch/View_NMMS_atten_date_dtl_rpt.aspx?page=&short_name=UP&state_name=UTTAR%20PRADESH&state_code=31&district_name=BASTI&district_code=3153&block_name=PARAS%20RAMPUR&block_code=3153001&panchayat_name=LACHHIPUR&panchayat_code=3153001106&fin_year=2025-2026&source=&work_code=3153001106/LD/958486255824828632&msr_no=9520&AttendanceDate=22/03/2026&Digest=lfA52fI1ovezMKdSpxkb4A",10
"BASTI","PARAS RAMPUR","LACHHIPUR","3153001106/LD/958486255824900960","9291","https://mnregaweb4.nic.in/nregaarch/View_NMMS_atten_date_dtl_rpt.aspx?page=&short_name=UP&state_name=UTTAR%20PRADESH&state_code=31&district_name=BASTI&district_code=3153&block_name=PARAS%20RAMPUR&block_code=3153001&panchayat_name=LACHHIPUR&panchayat_code=3153001106&fin_year=2025-2026&source=&work_code=3153001106/LD/958486255824900960&msr_no=9291&AttendanceDate=22/03/2026&Digest=2/UllnDc8w5yBlHyb3L1Dg",8
"BASTI","RAMNAGAR","AHIRAULA","3153006002/RC/958486255823594264","6131","https://mnregaweb4.nic.in/nregaarch/View_NMMS_atten_date_dtl_rpt.aspx?page=&short_name=UP&state_name=UTTAR%20PRADESH&state_code=31&district_name=BASTI&district_code=3153&block_name=RAMNAGAR&block_code=3153006&panchayat_name=AHIRAULA&panchayat_code=3153006002&fin_year=2025-2026&source=&work_code=3153006002/RC/958486255823594264&msr_no=6131&AttendanceDate=22/03/2026&Digest=97HwmAUd3MH5S3pRQvENJQ",2
"BASTI","RAMNAGAR","AHIRAULA","3153006002/RC/958486255823599222","6129","https://mnregaweb4.nic.in/nregaarch/View_NMMS_atten_date_dtl_rpt.aspx?page=&short_name=UP&state_name=UTTAR%20PRADESH&state_code=31&district_name=BASTI&district_code=3153&block_name=RAMNAGAR&block_code=3153006&panchayat_name=AHIRAULA&panchayat_code=3153006002&fin_year=2025-2026&source=&work_code=3153006002/RC/958486255823599222&msr_no=6129&AttendanceDate=22/03/2026&Digest=opTrhxz7NZc2uunhwseRVw",2
"BASTI","RAMNAGAR","BANGAWAN","3153006008/LD/958486255825006435","6064","https://mnregaweb4.nic.in/nregaarch/View_NMMS_atten_date_dtl_rpt.aspx?page=&short_name=UP&state_name=UTTAR%20PRADESH&state_code=31&district_name=BASTI&district_code=3153&block_name=RAMNAGAR&block_code=3153006&panchayat_name=BANGAWAN&panchayat_code=3153006008&fin_year=2025-2026&source=&work_code=3153006008/LD/958486255825006435&msr_no=6064&AttendanceDate=22/03/2026&Digest=TiiWwJ4OXgqODVXQJj+szQ",10
"BASTI","RAMNAGAR","BEILI","3153006014/RC/958486255823749832","6111","https://mnregaweb4.nic.in/nregaarch/View_NMMS_atten_date_dtl_rpt.aspx?page=&short_name=UP&state_name=UTTAR%20PRADESH&state_code=31&district_name=BASTI&district_code=3153&block_name=RAMNAGAR&block_code=3153006&panchayat_name=BEILI&panchayat_code=3153006014&fin_year=2025-2026&source=&work_code=3153006014/RC/958486255823749832&msr_no=6111&AttendanceDate=22/03/2026&Digest=rimH2oFTpBgwlN9VevByMA",10
"BASTI","RAMNAGAR","MAJHARI BAZAR","3153006042/RC/958486255823749133","5997","https://mnregaweb4.nic.in/nregaarch/View_NMMS_atten_date_dtl_rpt.aspx?page=&short_name=UP&state_name=UTTAR%20PRADESH&state_code=31&district_name=BASTI&district_code=3153&block_name=RAMNAGAR&block_code=3153006&panchayat_name=MAJHARI%20BAZAR&panchayat_code=3153006042&fin_year=2025-2026&source=&work_code=3153006042/RC/958486255823749133&msr_no=5997&AttendanceDate=22/03/2026&Digest=o814hP8U1/kfehpgWGWCFQ",5
"BASTI","RAMNAGAR","PARSA SHIVRAJ","3153006052/RC/958486255823702149","6044","https://mnregaweb4.nic.in/nregaarch/View_NMMS_atten_date_dtl_rpt.aspx?page=&short_name=UP&state_name=UTTAR%20PRADESH&state_code=31&district_name=BASTI&district_code=3153&block_name=RAMNAGAR&block_code=3153006&panchayat_name=PARSA%20SHIVRAJ&panchayat_code=3153006052&fin_year=2025-2026&source=&work_code=3153006052/RC/958486255823702149&msr_no=6044&AttendanceDate=22/03/2026&Digest=fOV/hdk5eFFW0GNOgkjsHQ",8
"BASTI","RAMNAGAR","KOLHUIEE","3153006076/RC/958486255823750755","6107","https://mnregaweb4.nic.in/nregaarch/View_NMMS_atten_date_dtl_rpt.aspx?page=&short_name=UP&state_name=UTTAR%20PRADESH&state_code=31&district_name=BASTI&district_code=3153&block_name=RAMNAGAR&block_code=3153006&panchayat_name=KOLHUIEE&panchayat_code=3153006076&fin_year=2025-2026&source=&work_code=3153006076/RC/958486255823750755&msr_no=6107&AttendanceDate=22/03/2026&Digest=ueuPdcUaURKDFWiWDveJLQ",4
"BASTI","RAMNAGAR","TAKIYA CHAK","3153006086/RC/958486255823749003","6058","https://mnregaweb4.nic.in/nregaarch/View_NMMS_atten_date_dtl_rpt.aspx?page=&short_name=UP&state_name=UTTAR%20PRADESH&state_code=31&district_name=BASTI&district_code=3153&block_name=RAMNAGAR&block_code=3153006&panchayat_name=TAKIYA%20CHAK&panchayat_code=3153006086&fin_year=2025-2026&source=&work_code=3153006086/RC/958486255823749003&msr_no=6058&AttendanceDate=22/03/2026&Digest=vuSKh+1ewqrBbfdjZvLnlA",5
"BASTI","RAMNAGAR","TAKIYA CHAK","3153006086/WH/958486255824013516","6057","https://mnregaweb4.nic.in/nregaarch/View_NMMS_atten_date_dtl_rpt.aspx?page=&short_name=UP&state_name=UTTAR%20PRADESH&state_code=31&district_name=BASTI&district_code=3153&block_name=RAMNAGAR&block_code=3153006&panchayat_name=TAKIYA%20CHAK&panchayat_code=3153006086&fin_year=2025-2026&source=&work_code=3153006086/WH/958486255824013516&msr_no=6057&AttendanceDate=22/03/2026&Digest=f9CMOBrvtDhzq1M5XBvAvA",8
"BASTI","RUDAULI","BHITEHARA","3153008013/RC/958486255823702975","6002","https://mnregaweb4.nic.in/nregaarch/View_NMMS_atten_date_dtl_rpt.aspx?page=&short_name=UP&state_name=UTTAR%20PRADESH&state_code=31&district_name=BASTI&district_code=3153&block_name=RUDAULI&block_code=3153008&panchayat_name=BHITEHARA&panchayat_code=3153008013&fin_year=2025-2026&source=&work_code=3153008013/RC/958486255823702975&msr_no=6002&AttendanceDate=22/03/2026&Digest=+g6FZKiD7uBwhC6shTn6og",6
"BASTI","RUDAULI","BHITIYA KALA","3153008014/RC/958486255823735759","6150","https://mnregaweb4.nic.in/nregaarch/View_NMMS_atten_date_dtl_rpt.aspx?page=&short_name=UP&state_name=UTTAR%20PRADESH&state_code=31&district_name=BASTI&district_code=3153&block_name=RUDAULI&block_code=3153008&panchayat_name=BHITIYA%20KALA&panchayat_code=3153008014&fin_year=2025-2026&source=&work_code=3153008014/RC/958486255823735759&msr_no=6150&AttendanceDate=22/03/2026&Digest=qy0EZ6GeI0oHs9EFqnAWXA",5
"BASTI","RUDAULI","DADWA TIWARI","3153008020/RC/958486255823740212","6180","https://mnregaweb4.nic.in/nregaarch/View_NMMS_atten_date_dtl_rpt.aspx?page=&short_name=UP&state_name=UTTAR%20PRADESH&state_code=31&district_name=BASTI&district_code=3153&block_name=RUDAULI&block_code=3153008&panchayat_name=DADWA%20TIWARI&panchayat_code=3153008020&fin_year=2025-2026&source=&work_code=3153008020/RC/958486255823740212&msr_no=6180&AttendanceDate=22/03/2026&Digest=LB7IWvsjzds9iEwUjFiocg",10
"BASTI","RUDAULI","DADWA TIWARI","3153008020/RC/958486255823749017","6189","https://mnregaweb4.nic.in/nregaarch/View_NMMS_atten_date_dtl_rpt.aspx?page=&short_name=UP&state_name=UTTAR%20PRADESH&state_code=31&district_name=BASTI&district_code=3153&block_name=RUDAULI&block_code=3153008&panchayat_name=DADWA%20TIWARI&panchayat_code=3153008020&fin_year=2025-2026&source=&work_code=3153008020/RC/958486255823749017&msr_no=6189&AttendanceDate=22/03/2026&Digest=0DzrIEkwiCRvC3efLVwP2w",4
"BASTI","RUDAULI","DHARM PURVA","3153008023/RC/958486255823744469","6051","https://mnregaweb4.nic.in/nregaarch/View_NMMS_atten_date_dtl_rpt.aspx?page=&short_name=UP&state_name=UTTAR%20PRADESH&state_code=31&district_name=BASTI&district_code=3153&block_name=RUDAULI&block_code=3153008&panchayat_name=DHARM%20PURVA&panchayat_code=3153008023&fin_year=2025-2026&source=&work_code=3153008023/RC/958486255823744469&msr_no=6051&AttendanceDate=22/03/2026&Digest=/eDAUNjLCZCbaqnGFFrijw",6
"BASTI","RUDAULI","DUMARI","3153008024/WC/958486255824220837","6140","https://mnregaweb4.nic.in/nregaarch/View_NMMS_atten_date_dtl_rpt.aspx?page=&short_name=UP&state_name=UTTAR%20PRADESH&state_code=31&district_name=BASTI&district_code=3153&block_name=RUDAULI&block_code=3153008&panchayat_name=DUMARI&panchayat_code=3153008024&fin_year=2025-2026&source=&work_code=3153008024/WC/958486255824220837&msr_no=6140&AttendanceDate=22/03/2026&Digest=g1tHSzqMM5z/RX7hCvVZiA",10
"BASTI","RUDAULI","GANWARIYA KALA","3153008026/AV/958486255824184758","6054","https://mnregaweb4.nic.in/nregaarch/View_NMMS_atten_date_dtl_rpt.aspx?page=&short_name=UP&state_name=UTTAR%20PRADESH&state_code=31&district_name=BASTI&district_code=3153&block_name=RUDAULI&block_code=3153008&panchayat_name=GANWARIYA%20KALA&panchayat_code=3153008026&fin_year=2025-2026&source=&work_code=3153008026/AV/958486255824184758&msr_no=6054&AttendanceDate=22/03/2026&Digest=LcZbvc6kaidb6seHOvv2qA",6
"BASTI","RUDAULI","MUGRAHA","3153008048/RC/958486255823716442","5981","https://mnregaweb4.nic.in/nregaarch/View_NMMS_atten_date_dtl_rpt.aspx?page=&short_name=UP&state_name=UTTAR%20PRADESH&state_code=31&district_name=BASTI&district_code=3153&block_name=RUDAULI&block_code=3153008&panchayat_name=MUGRAHA&panchayat_code=3153008048&fin_year=2025-2026&source=&work_code=3153008048/RC/958486255823716442&msr_no=5981&AttendanceDate=22/03/2026&Digest=ysZ6GAH6YCnhUObhR/nCsA",4
"BASTI","RUDAULI","PADARI","3153008052/RC/958486255823713421","6123","https://mnregaweb4.nic.in/nregaarch/View_NMMS_atten_date_dtl_rpt.aspx?page=&short_name=UP&state_name=UTTAR%20PRADESH&state_code=31&district_name=BASTI&district_code=3153&block_name=RUDAULI&block_code=3153008&panchayat_name=PADARI&panchayat_code=3153008052&fin_year=2025-2026&source=&work_code=3153008052/RC/958486255823713421&msr_no=6123&AttendanceDate=22/03/2026&Digest=Hh94cQxUzLafap0eivzKag",3
"BASTI","RUDAULI","SEHUDA KALA","3153008064/WC/958486255824246148","5896","https://mnregaweb4.nic.in/nregaarch/View_NMMS_atten_date_dtl_rpt.aspx?page=&short_name=UP&state_name=UTTAR%20PRADESH&state_code=31&district_name=BASTI&district_code=3153&block_name=RUDAULI&block_code=3153008&panchayat_name=SEHUDA%20KALA&panchayat_code=3153008064&fin_year=2025-2026&source=&work_code=3153008064/WC/958486255824246148&msr_no=5896&AttendanceDate=22/03/2026&Digest=eU49OcFWjdP+3xdGUOHvPA",7
"BASTI","RUDAULI","BAJHA","3153008073/RC/958486255823749523","6134","https://mnregaweb4.nic.in/nregaarch/View_NMMS_atten_date_dtl_rpt.aspx?page=&short_name=UP&state_name=UTTAR%20PRADESH&state_code=31&district_name=BASTI&district_code=3153&block_name=RUDAULI&block_code=3153008&panchayat_name=BAJHA&panchayat_code=3153008073&fin_year=2025-2026&source=&work_code=3153008073/RC/958486255823749523&msr_no=6134&AttendanceDate=22/03/2026&Digest=Wrbggymq/tWOziB32x2UbQ",5
"BASTI","RUDAULI","JIGINA","3153008075/WH/958486255824009061","5996","https://mnregaweb4.nic.in/nregaarch/View_NMMS_atten_date_dtl_rpt.aspx?page=&short_name=UP&state_name=UTTAR%20PRADESH&state_code=31&district_name=BASTI&district_code=3153&block_name=RUDAULI&block_code=3153008&panchayat_name=JIGINA&panchayat_code=3153008075&fin_year=2025-2026&source=&work_code=3153008075/WH/958486255824009061&msr_no=5996&AttendanceDate=22/03/2026&Digest=jqCwElxwS9C73vUVaBGw2g",7
"BASTI","SALTAUA GOPAL PUR","AMRAULI SHUMALI","3153007006/DP/958486255824204315","5506","https://mnregaweb4.nic.in/nregaarch/View_NMMS_atten_date_dtl_rpt.aspx?page=&short_name=UP&state_name=UTTAR%20PRADESH&state_code=31&district_name=BASTI&district_code=3153&block_name=SALTAUA%20GOPAL%20PUR&block_code=3153007&panchayat_name=AMRAULI%20SHUMALI&panchayat_code=3153007006&fin_year=2025-2026&source=&work_code=3153007006/DP/958486255824204315&msr_no=5506&AttendanceDate=22/03/2026&Digest=gk618PktIntLkNCriJTfSA",1
"BASTI","SALTAUA GOPAL PUR","BASTHANWA","3153007015/LD/958486255824639495","5375","https://mnregaweb4.nic.in/nregaarch/View_NMMS_atten_date_dtl_rpt.aspx?page=&short_name=UP&state_name=UTTAR%20PRADESH&state_code=31&district_name=BASTI&district_code=3153&block_name=SALTAUA%20GOPAL%20PUR&block_code=3153007&panchayat_name=BASTHANWA&panchayat_code=3153007015&fin_year=2025-2026&source=&work_code=3153007015/LD/958486255824639495&msr_no=5375&AttendanceDate=22/03/2026&Digest=9w0r/n1mqLvEmbHZVOZhXQ",9
"BASTI","SALTAUA GOPAL PUR","BASTHANWA","3153007015/LD/958486255824639495","5404","https://mnregaweb4.nic.in/nregaarch/View_NMMS_atten_date_dtl_rpt.aspx?page=&short_name=UP&state_name=UTTAR%20PRADESH&state_code=31&district_name=BASTI&district_code=3153&block_name=SALTAUA%20GOPAL%20PUR&block_code=3153007&panchayat_name=BASTHANWA&panchayat_code=3153007015&fin_year=2025-2026&source=&work_code=3153007015/LD/958486255824639495&msr_no=5404&AttendanceDate=22/03/2026&Digest=L8W7FVs05hATAki9j3d6MA",10
"BASTI","SALTAUA GOPAL PUR","TELIYADEEH","3153007021/IC/958486255823742442","5479","https://mnregaweb4.nic.in/nregaarch/View_NMMS_atten_date_dtl_rpt.aspx?page=&short_name=UP&state_name=UTTAR%20PRADESH&state_code=31&district_name=BASTI&district_code=3153&block_name=SALTAUA%20GOPAL%20PUR&block_code=3153007&panchayat_name=TELIYADEEH&panchayat_code=3153007021&fin_year=2025-2026&source=&work_code=3153007021/IC/958486255823742442&msr_no=5479&AttendanceDate=22/03/2026&Digest=XEPTeT55TyyYtlRQcAw7Ng",6
"BASTI","SALTAUA GOPAL PUR","TELIYADEEH","3153007021/IC/958486255823742442","5482","https://mnregaweb4.nic.in/nregaarch/View_NMMS_atten_date_dtl_rpt.aspx?page=&short_name=UP&state_name=UTTAR%20PRADESH&state_code=31&district_name=BASTI&district_code=3153&block_name=SALTAUA%20GOPAL%20PUR&block_code=3153007&panchayat_name=TELIYADEEH&panchayat_code=3153007021&fin_year=2025-2026&source=&work_code=3153007021/IC/958486255823742442&msr_no=5482&AttendanceDate=22/03/2026&Digest=sa7FFitk36FRQ76Nj1Ztlw",5
"BASTI","SALTAUA GOPAL PUR","GORKHAR","3153007027/RC/958486255823702991","5373","https://mnregaweb4.nic.in/nregaarch/View_NMMS_atten_date_dtl_rpt.aspx?page=&short_name=UP&state_name=UTTAR%20PRADESH&state_code=31&district_name=BASTI&district_code=3153&block_name=SALTAUA%20GOPAL%20PUR&block_code=3153007&panchayat_name=GORKHAR&panchayat_code=3153007027&fin_year=2025-2026&source=&work_code=3153007027/RC/958486255823702991&msr_no=5373&AttendanceDate=22/03/2026&Digest=aKiaSAURICxc24t+QXAPYg",7
"BASTI","SALTAUA GOPAL PUR","JOGIA JUDI KUAIYA","3153007034/WH/958486255824010482","5383","https://mnregaweb4.nic.in/nregaarch/View_NMMS_atten_date_dtl_rpt.aspx?page=&short_name=UP&state_name=UTTAR%20PRADESH&state_code=31&district_name=BASTI&district_code=3153&block_name=SALTAUA%20GOPAL%20PUR&block_code=3153007&panchayat_name=JOGIA%20JUDI%20KUAIYA&panchayat_code=3153007034&fin_year=2025-2026&source=&work_code=3153007034/WH/958486255824010482&msr_no=5383&AttendanceDate=22/03/2026&Digest=04vo01+vbb1k+p7hv3m5zA",9
"BASTI","SALTAUA GOPAL PUR","JOGIA JUDI KUAIYA","3153007034/WH/958486255824010482","5386","https://mnregaweb4.nic.in/nregaarch/View_NMMS_atten_date_dtl_rpt.aspx?page=&short_name=UP&state_name=UTTAR%20PRADESH&state_code=31&district_name=BASTI&district_code=3153&block_name=SALTAUA%20GOPAL%20PUR&block_code=3153007&panchayat_name=JOGIA%20JUDI%20KUAIYA&panchayat_code=3153007034&fin_year=2025-2026&source=&work_code=3153007034/WH/958486255824010482&msr_no=5386&AttendanceDate=22/03/2026&Digest=22ztkt0Sx8WuEyeKZ6SRHA",7
"BASTI","SALTAUA GOPAL PUR","NEWADA","3153007052/RC/958486255823671394","5507","https://mnregaweb4.nic.in/nregaarch/View_NMMS_atten_date_dtl_rpt.aspx?page=&short_name=UP&state_name=UTTAR%20PRADESH&state_code=31&district_name=BASTI&district_code=3153&block_name=SALTAUA%20GOPAL%20PUR&block_code=3153007&panchayat_name=NEWADA&panchayat_code=3153007052&fin_year=2025-2026&source=&work_code=3153007052/RC/958486255823671394&msr_no=5507&AttendanceDate=22/03/2026&Digest=SO2aI5ZINBXa2z1M9ZwTsw",4
"BASTI","SALTAUA GOPAL PUR","PARSA KHAL","3153007057/RC/958486255823652950","5408","https://mnregaweb4.nic.in/nregaarch/View_NMMS_atten_date_dtl_rpt.aspx?page=&short_name=UP&state_name=UTTAR%20PRADESH&state_code=31&district_name=BASTI&district_code=3153&block_name=SALTAUA%20GOPAL%20PUR&block_code=3153007&panchayat_name=PARSA%20KHAL&panchayat_code=3153007057&fin_year=2025-2026&source=&work_code=3153007057/RC/958486255823652950&msr_no=5408&AttendanceDate=22/03/2026&Digest=q3IO1NIWE6CYGWCsoSuBJA",9
"BASTI","SALTAUA GOPAL PUR","KHARHARA JAPTI","3153007083/IC/958486255823744669","5470","https://mnregaweb4.nic.in/nregaarch/View_NMMS_atten_date_dtl_rpt.aspx?page=&short_name=UP&state_name=UTTAR%20PRADESH&state_code=31&district_name=BASTI&district_code=3153&block_name=SALTAUA%20GOPAL%20PUR&block_code=3153007&panchayat_name=KHARHARA%20JAPTI&panchayat_code=3153007083&fin_year=2025-2026&source=&work_code=3153007083/IC/958486255823744669&msr_no=5470&AttendanceDate=22/03/2026&Digest=tOUyppO1ZPQ8QmaDcNrjew",6
"BASTI","SALTAUA GOPAL PUR","KHARHARA JAPTI","3153007083/IC/958486255823744669","5473","https://mnregaweb4.nic.in/nregaarch/View_NMMS_atten_date_dtl_rpt.aspx?page=&short_name=UP&state_name=UTTAR%20PRADESH&state_code=31&district_name=BASTI&district_code=3153&block_name=SALTAUA%20GOPAL%20PUR&block_code=3153007&panchayat_name=KHARHARA%20JAPTI&panchayat_code=3153007083&fin_year=2025-2026&source=&work_code=3153007083/IC/958486255823744669&msr_no=5473&AttendanceDate=22/03/2026&Digest=RnRl/HIuIlsy4riDnW2Uzw",5
"BASTI","SALTAUA GOPAL PUR","KEVTAKHOR","3153007087/RC/958486255823682901","5432","https://mnregaweb4.nic.in/nregaarch/View_NMMS_atten_date_dtl_rpt.aspx?page=&short_name=UP&state_name=UTTAR%20PRADESH&state_code=31&district_name=BASTI&district_code=3153&block_name=SALTAUA%20GOPAL%20PUR&block_code=3153007&panchayat_name=KEVTAKHOR&panchayat_code=3153007087&fin_year=2025-2026&source=&work_code=3153007087/RC/958486255823682901&msr_no=5432&AttendanceDate=22/03/2026&Digest=7uoECJX3FqUmxzkH/6c3mg",1
"BASTI","SALTAUA GOPAL PUR","MUDBARA","3153007090/LD/958486255825006022","5489","https://mnregaweb4.nic.in/nregaarch/View_NMMS_atten_date_dtl_rpt.aspx?page=&short_name=UP&state_name=UTTAR%20PRADESH&state_code=31&district_name=BASTI&district_code=3153&block_name=SALTAUA%20GOPAL%20PUR&block_code=3153007&panchayat_name=MUDBARA&panchayat_code=3153007090&fin_year=2025-2026&source=&work_code=3153007090/LD/958486255825006022&msr_no=5489&AttendanceDate=22/03/2026&Digest=XrueUkvjrsSSMKtrOMI+xw",5
"BASTI","SALTAUA GOPAL PUR","BHIURA","3153007091/LD/958486255825005523","5429","https://mnregaweb4.nic.in/nregaarch/View_NMMS_atten_date_dtl_rpt.aspx?page=&short_name=UP&state_name=UTTAR%20PRADESH&state_code=31&district_name=BASTI&district_code=3153&block_name=SALTAUA%20GOPAL%20PUR&block_code=3153007&panchayat_name=BHIURA&panchayat_code=3153007091&fin_year=2025-2026&source=&work_code=3153007091/LD/958486255825005523&msr_no=5429&AttendanceDate=22/03/2026&Digest=E59gev+tBga69sZQ1bm05g",6
"BASTI","SAU GHAT","ANDA","3153009002/RC/958486255823626058","3358","https://mnregaweb4.nic.in/nregaarch/View_NMMS_atten_date_dtl_rpt.aspx?page=&short_name=UP&state_name=UTTAR%20PRADESH&state_code=31&district_name=BASTI&district_code=3153&block_name=SAU%20GHAT&block_code=3153009&panchayat_name=ANDA&panchayat_code=3153009002&fin_year=2025-2026&source=&work_code=3153009002/RC/958486255823626058&msr_no=3358&AttendanceDate=22/03/2026&Digest=zjWVm0CvB8/ICRXgp1jnQg",1
"BASTI","SAU GHAT","ANDA","3153009002/RC/958486255823685103","3383","https://mnregaweb4.nic.in/nregaarch/View_NMMS_atten_date_dtl_rpt.aspx?page=&short_name=UP&state_name=UTTAR%20PRADESH&state_code=31&district_name=BASTI&district_code=3153&block_name=SAU%20GHAT&block_code=3153009&panchayat_name=ANDA&panchayat_code=3153009002&fin_year=2025-2026&source=&work_code=3153009002/RC/958486255823685103&msr_no=3383&AttendanceDate=22/03/2026&Digest=1Av4FQlHkYXFD17qRYV8vQ",2
"BASTI","SAU GHAT","ANDA","3153009002/RC/958486255823685103","3386","https://mnregaweb4.nic.in/nregaarch/View_NMMS_atten_date_dtl_rpt.aspx?page=&short_name=UP&state_name=UTTAR%20PRADESH&state_code=31&district_name=BASTI&district_code=3153&block_name=SAU%20GHAT&block_code=3153009&panchayat_name=ANDA&panchayat_code=3153009002&fin_year=2025-2026&source=&work_code=3153009002/RC/958486255823685103&msr_no=3386&AttendanceDate=22/03/2026&Digest=fqk2h/iZSqSw/IRngBIong",4
"BASTI","VIKRAM JOT","BATAULI","3153004009/RC/958486255823729774","5753","https://mnregaweb4.nic.in/nregaarch/View_NMMS_atten_date_dtl_rpt.aspx?page=&short_name=UP&state_name=UTTAR%20PRADESH&state_code=31&district_name=BASTI&district_code=3153&block_name=VIKRAM%20JOT&block_code=3153004&panchayat_name=BATAULI&panchayat_code=3153004009&fin_year=2025-2026&source=&work_code=3153004009/RC/958486255823729774&msr_no=5753&AttendanceDate=22/03/2026&Digest=CREaq4Y2StgRSUOk/JQ9Dw",7
"BASTI","VIKRAM JOT","BATAULI","3153004009/RC/958486255823729776","5846","https://mnregaweb4.nic.in/nregaarch/View_NMMS_atten_date_dtl_rpt.aspx?page=&short_name=UP&state_name=UTTAR%20PRADESH&state_code=31&district_name=BASTI&district_code=3153&block_name=VIKRAM%20JOT&block_code=3153004&panchayat_name=BATAULI&panchayat_code=3153004009&fin_year=2025-2026&source=&work_code=3153004009/RC/958486255823729776&msr_no=5846&AttendanceDate=22/03/2026&Digest=1BT6kEBdC9uPqtX1bOt/rA",4
"BASTI","VIKRAM JOT","DAHDA MISHRA","3153004015/LD/958486255824958089","5807","https://mnregaweb4.nic.in/nregaarch/View_NMMS_atten_date_dtl_rpt.aspx?page=&short_name=UP&state_name=UTTAR%20PRADESH&state_code=31&district_name=BASTI&district_code=3153&block_name=VIKRAM%20JOT&block_code=3153004&panchayat_name=DAHDA%20MISHRA&panchayat_code=3153004015&fin_year=2025-2026&source=&work_code=3153004015/LD/958486255824958089&msr_no=5807&AttendanceDate=22/03/2026&Digest=mNmZIqk+7x3LRCsl+oeMjg",7
"BASTI","VIKRAM JOT","DHIRAULI BABU","3153004019/RC/958486255823745146","5725","https://mnregaweb4.nic.in/nregaarch/View_NMMS_atten_date_dtl_rpt.aspx?page=&short_name=UP&state_name=UTTAR%20PRADESH&state_code=31&district_name=BASTI&district_code=3153&block_name=VIKRAM%20JOT&block_code=3153004&panchayat_name=DHIRAULI%20BABU&panchayat_code=3153004019&fin_year=2025-2026&source=&work_code=3153004019/RC/958486255823745146&msr_no=5725&AttendanceDate=22/03/2026&Digest=ufkBnA02XqFE6OsL1LjxLA",3
"BASTI","VIKRAM JOT","JAITAPUR","3153004027/RC/958486255823747459","5912","https://mnregaweb4.nic.in/nregaarch/View_NMMS_atten_date_dtl_rpt.aspx?page=&short_name=UP&state_name=UTTAR%20PRADESH&state_code=31&district_name=BASTI&district_code=3153&block_name=VIKRAM%20JOT&block_code=3153004&panchayat_name=JAITAPUR&panchayat_code=3153004027&fin_year=2025-2026&source=&work_code=3153004027/RC/958486255823747459&msr_no=5912&AttendanceDate=22/03/2026&Digest=qyAs5cWa0F4EzxhWM3dbSw",2
"BASTI","VIKRAM JOT","KALANI KALA","3153004028/RC/958486255823732378","5759","https://mnregaweb4.nic.in/nregaarch/View_NMMS_atten_date_dtl_rpt.aspx?page=&short_name=UP&state_name=UTTAR%20PRADESH&state_code=31&district_name=BASTI&district_code=3153&block_name=VIKRAM%20JOT&block_code=3153004&panchayat_name=KALANI%20KALA&panchayat_code=3153004028&fin_year=2025-2026&source=&work_code=3153004028/RC/958486255823732378&msr_no=5759&AttendanceDate=22/03/2026&Digest=3Yo2rEKJ7GcolYjeMnBcUw",5
"BASTI","VIKRAM JOT","EKMA HIRANIYA","3153004043/RC/958486255823725143","5961","https://mnregaweb4.nic.in/nregaarch/View_NMMS_atten_date_dtl_rpt.aspx?page=&short_name=UP&state_name=UTTAR%20PRADESH&state_code=31&district_name=BASTI&district_code=3153&block_name=VIKRAM%20JOT&block_code=3153004&panchayat_name=EKMA%20HIRANIYA&panchayat_code=3153004043&fin_year=2025-2026&source=&work_code=3153004043/RC/958486255823725143&msr_no=5961&AttendanceDate=22/03/2026&Digest=F4QunX7x7xFeHvX829sHDg",10
"BASTI","VIKRAM JOT","NIYAMATPUR","3153004049/LD/958486255824929913","5740","https://mnregaweb4.nic.in/nregaarch/View_NMMS_atten_date_dtl_rpt.aspx?page=&short_name=UP&state_name=UTTAR%20PRADESH&state_code=31&district_name=BASTI&district_code=3153&block_name=VIKRAM%20JOT&block_code=3153004&panchayat_name=NIYAMATPUR&panchayat_code=3153004049&fin_year=2025-2026&source=&work_code=3153004049/LD/958486255824929913&msr_no=5740&AttendanceDate=22/03/2026&Digest=2C7Ix40NmeRE5i8xB4kHnA",8
"BASTI","VIKRAM JOT","PURE CHETAN","3153004053/RC/958486255823731818","5896","https://mnregaweb4.nic.in/nregaarch/View_NMMS_atten_date_dtl_rpt.aspx?page=&short_name=UP&state_name=UTTAR%20PRADESH&state_code=31&district_name=BASTI&district_code=3153&block_name=VIKRAM%20JOT&block_code=3153004&panchayat_name=PURE%20CHETAN&panchayat_code=3153004053&fin_year=2025-2026&source=&work_code=3153004053/RC/958486255823731818&msr_no=5896&AttendanceDate=22/03/2026&Digest=37Ah3/UpZ/bA+x9v4RnbiQ",10
"BASTI","VIKRAM JOT","PURE CHETAN","3153004053/RC/958486255823731820","5755","https://mnregaweb4.nic.in/nregaarch/View_NMMS_atten_date_dtl_rpt.aspx?page=&short_name=UP&state_name=UTTAR%20PRADESH&state_code=31&district_name=BASTI&district_code=3153&block_name=VIKRAM%20JOT&block_code=3153004&panchayat_name=PURE%20CHETAN&panchayat_code=3153004053&fin_year=2025-2026&source=&work_code=3153004053/RC/958486255823731820&msr_no=5755&AttendanceDate=22/03/2026&Digest=Jo+AEba115hmFISQVbPGcA",10
"BASTI","VIKRAM JOT","JAMAULIYA MAFI","3153004077/RC/958486255823518295","5794","https://mnregaweb4.nic.in/nregaarch/View_NMMS_atten_date_dtl_rpt.aspx?page=&short_name=UP&state_name=UTTAR%20PRADESH&state_code=31&district_name=BASTI&district_code=3153&block_name=VIKRAM%20JOT&block_code=3153004&panchayat_name=JAMAULIYA%20MAFI&panchayat_code=3153004077&fin_year=2025-2026&source=&work_code=3153004077/RC/958486255823518295&msr_no=5794&AttendanceDate=22/03/2026&Digest=djl6IbOTGtL9cTDQMM2HQg",1
"BASTI","VIKRAM JOT","NETWARPATTI","3153004078/RC/958486255823728519","5801","https://mnregaweb4.nic.in/nregaarch/View_NMMS_atten_date_dtl_rpt.aspx?page=&short_name=UP&state_name=UTTAR%20PRADESH&state_code=31&district_name=BASTI&district_code=3153&block_name=VIKRAM%20JOT&block_code=3153004&panchayat_name=NETWARPATTI&panchayat_code=3153004078&fin_year=2025-2026&source=&work_code=3153004078/RC/958486255823728519&msr_no=5801&AttendanceDate=22/03/2026&Digest=RQhmfhw5YS4FbA+kA1Qtpg",10
"BASTI","BAHADURPUR","BAHADURPUR","3153012007/WH/958486255823987468","9644","https://mnregaweb4.nic.in/nregaarch/View_NMMS_atten_date_dtl_rpt.aspx?page=&short_name=UP&state_name=UTTAR%20PRADESH&state_code=31&district_name=BASTI&district_code=3153&block_name=BAHADURPUR&block_code=3153012&panchayat_name=BAHADURPUR&panchayat_code=3153012007&fin_year=2025-2026&source=&work_code=3153012007/WH/958486255823987468&msr_no=9644&AttendanceDate=22/03/2026&Digest=/cmXm70vV4lQEP7XI9qIGg",8
"BASTI","BAHADURPUR","BHERIHA","3153012011/LD/958486255824954104","9561","https://mnregaweb4.nic.in/nregaarch/View_NMMS_atten_date_dtl_rpt.aspx?page=&short_name=UP&state_name=UTTAR%20PRADESH&state_code=31&district_name=BASTI&district_code=3153&block_name=BAHADURPUR&block_code=3153012&panchayat_name=BHERIHA&panchayat_code=3153012011&fin_year=2025-2026&source=&work_code=3153012011/LD/958486255824954104&msr_no=9561&AttendanceDate=22/03/2026&Digest=YykYLjeQ0kq46ZSltTHo8Q",1
"BASTI","BAHADURPUR","DEV DEEHA","3153012019/RC/958486255823667987","9815","https://mnregaweb4.nic.in/nregaarch/View_NMMS_atten_date_dtl_rpt.aspx?page=&short_name=UP&state_name=UTTAR%20PRADESH&state_code=31&district_name=BASTI&district_code=3153&block_name=BAHADURPUR&block_code=3153012&panchayat_name=DEV%20DEEHA&panchayat_code=3153012019&fin_year=2025-2026&source=&work_code=3153012019/RC/958486255823667987&msr_no=9815&AttendanceDate=22/03/2026&Digest=8lshNm5D0zX18bS/SZ1zgQ",5
"BASTI","BAHADURPUR","DEV DEEHA","3153012019/RC/958486255823667988","9804","https://mnregaweb4.nic.in/nregaarch/View_NMMS_atten_date_dtl_rpt.aspx?page=&short_name=UP&state_name=UTTAR%20PRADESH&state_code=31&district_name=BASTI&district_code=3153&block_name=BAHADURPUR&block_code=3153012&panchayat_name=DEV%20DEEHA&panchayat_code=3153012019&fin_year=2025-2026&source=&work_code=3153012019/RC/958486255823667988&msr_no=9804&AttendanceDate=22/03/2026&Digest=ZPgOcwP2qYnXaAFc6N/STA",10
"BASTI","BAHADURPUR","GOVINDPUR (Bahadurpur)","3153012023/RC/958486255823669277","9626","https://mnregaweb4.nic.in/nregaarch/View_NMMS_atten_date_dtl_rpt.aspx?page=&short_name=UP&state_name=UTTAR%20PRADESH&state_code=31&district_name=BASTI&district_code=3153&block_name=BAHADURPUR&block_code=3153012&panchayat_name=GOVINDPUR%20%20(Bahadurpur)&panchayat_code=3153012023&fin_year=2025-2026&source=&work_code=3153012023/RC/958486255823669277&msr_no=9626&AttendanceDate=22/03/2026&Digest=YmiVXqHmuIgE6nOA2SlRLA",4
"BASTI","BAHADURPUR","KALWARI MUSTAKHAM","3153012030/RC/958486255823585693","9776","https://mnregaweb4.nic.in/nregaarch/View_NMMS_atten_date_dtl_rpt.aspx?page=&short_name=UP&state_name=UTTAR%20PRADESH&state_code=31&district_name=BASTI&district_code=3153&block_name=BAHADURPUR&block_code=3153012&panchayat_name=KALWARI%20MUSTAKHAM&panchayat_code=3153012030&fin_year=2025-2026&source=&work_code=3153012030/RC/958486255823585693&msr_no=9776&AttendanceDate=22/03/2026&Digest=LOm+NXCQY+HS8mRt/IvuaQ",9
"BASTI","BAHADURPUR","KAMRIHA","3153012031/IC/958486255823711085","9783","https://mnregaweb4.nic.in/nregaarch/View_NMMS_atten_date_dtl_rpt.aspx?page=&short_name=UP&state_name=UTTAR%20PRADESH&state_code=31&district_name=BASTI&district_code=3153&block_name=BAHADURPUR&block_code=3153012&panchayat_name=KAMRIHA&panchayat_code=3153012031&fin_year=2025-2026&source=&work_code=3153012031/IC/958486255823711085&msr_no=9783&AttendanceDate=22/03/2026&Digest=DPAe6JaJt+cBCLIpGZ+IzA",4
"BASTI","BAHADURPUR","KAMRIHA","3153012031/RC/958486255823682095","9786","https://mnregaweb4.nic.in/nregaarch/View_NMMS_atten_date_dtl_rpt.aspx?page=&short_name=UP&state_name=UTTAR%20PRADESH&state_code=31&district_name=BASTI&district_code=3153&block_name=BAHADURPUR&block_code=3153012&panchayat_name=KAMRIHA&panchayat_code=3153012031&fin_year=2025-2026&source=&work_code=3153012031/RC/958486255823682095&msr_no=9786&AttendanceDate=22/03/2026&Digest=syYYyZTE4+L0gUcuI6PYgg",3
"BASTI","BAHADURPUR","NIRANJAN PUR","3153012055/LD/958486255824955431","9567","https://mnregaweb4.nic.in/nregaarch/View_NMMS_atten_date_dtl_rpt.aspx?page=&short_name=UP&state_name=UTTAR%20PRADESH&state_code=31&district_name=BASTI&district_code=3153&block_name=BAHADURPUR&block_code=3153012&panchayat_name=NIRANJAN%20PUR&panchayat_code=3153012055&fin_year=2025-2026&source=&work_code=3153012055/LD/958486255824955431&msr_no=9567&AttendanceDate=22/03/2026&Digest=vRuuoPS7rJisAJ6lmi3RZQ",2
"BASTI","BAHADURPUR","NRAYANPUR","3153012056/RC/958486255823747685","9820","https://mnregaweb4.nic.in/nregaarch/View_NMMS_atten_date_dtl_rpt.aspx?page=&short_name=UP&state_name=UTTAR%20PRADESH&state_code=31&district_name=BASTI&district_code=3153&block_name=BAHADURPUR&block_code=3153012&panchayat_name=NRAYANPUR&panchayat_code=3153012056&fin_year=2025-2026&source=&work_code=3153012056/RC/958486255823747685&msr_no=9820&AttendanceDate=22/03/2026&Digest=4XAshn7F135RtvuAU6Pw2w",10
"BASTI","BAHADURPUR","PAALHA","3153012057/LD/958486255825007541","9763","https://mnregaweb4.nic.in/nregaarch/View_NMMS_atten_date_dtl_rpt.aspx?page=&short_name=UP&state_name=UTTAR%20PRADESH&state_code=31&district_name=BASTI&district_code=3153&block_name=BAHADURPUR&block_code=3153012&panchayat_name=PAALHA&panchayat_code=3153012057&fin_year=2025-2026&source=&work_code=3153012057/LD/958486255825007541&msr_no=9763&AttendanceDate=22/03/2026&Digest=z34LUumHKi0Dy49T2EVmoQ",3
"BASTI","BAHADURPUR","PHOOLPUR","3153012061/LD/958486255825008303","9861","https://mnregaweb4.nic.in/nregaarch/View_NMMS_atten_date_dtl_rpt.aspx?page=&short_name=UP&state_name=UTTAR%20PRADESH&state_code=31&district_name=BASTI&district_code=3153&block_name=BAHADURPUR&block_code=3153012&panchayat_name=PHOOLPUR&panchayat_code=3153012061&fin_year=2025-2026&source=&work_code=3153012061/LD/958486255825008303&msr_no=9861&AttendanceDate=22/03/2026&Digest=dt6UDdePWjW2eYnq2KHQKQ",4
"BASTI","BAHADURPUR","RAKHAUNA","3153012066/LD/958486255824953329","9793","https://mnregaweb4.nic.in/nregaarch/View_NMMS_atten_date_dtl_rpt.aspx?page=&short_name=UP&state_name=UTTAR%20PRADESH&state_code=31&district_name=BASTI&district_code=3153&block_name=BAHADURPUR&block_code=3153012&panchayat_name=RAKHAUNA&panchayat_code=3153012066&fin_year=2025-2026&source=&work_code=3153012066/LD/958486255824953329&msr_no=9793&AttendanceDate=22/03/2026&Digest=odgagq8XY0tG4xUs/HOkgA",7
"BASTI","BAHADURPUR","SAIFABAD","3153012069/RC/958486255823597406","9684","https://mnregaweb4.nic.in/nregaarch/View_NMMS_atten_date_dtl_rpt.aspx?page=&short_name=UP&state_name=UTTAR%20PRADESH&state_code=31&district_name=BASTI&district_code=3153&block_name=BAHADURPUR&block_code=3153012&panchayat_name=SAIFABAD&panchayat_code=3153012069&fin_year=2025-2026&source=&work_code=3153012069/RC/958486255823597406&msr_no=9684&AttendanceDate=22/03/2026&Digest=oqkVNQv1XBCsJTbpOdkEDQ",1
"BASTI","BAHADURPUR","SEMRA URF GALWA","3153012087/AV/958486255824174667","9765","https://mnregaweb4.nic.in/nregaarch/View_NMMS_atten_date_dtl_rpt.aspx?page=&short_name=UP&state_name=UTTAR%20PRADESH&state_code=31&district_name=BASTI&district_code=3153&block_name=BAHADURPUR&block_code=3153012&panchayat_name=SEMRA%20URF%20GALWA&panchayat_code=3153012087&fin_year=2025-2026&source=&work_code=3153012087/AV/958486255824174667&msr_no=9765&AttendanceDate=22/03/2026&Digest=tFDyP3l3k26q1ovRmGOBwQ",8
"BASTI","BAHADURPUR","AMILAHA","3153012092/WH/958486255823998983","9736","https://mnregaweb4.nic.in/nregaarch/View_NMMS_atten_date_dtl_rpt.aspx?page=&short_name=UP&state_name=UTTAR%20PRADESH&state_code=31&district_name=BASTI&district_code=3153&block_name=BAHADURPUR&block_code=3153012&panchayat_name=AMILAHA&panchayat_code=3153012092&fin_year=2025-2026&source=&work_code=3153012092/WH/958486255823998983&msr_no=9736&AttendanceDate=22/03/2026&Digest=l9faWrFdxYyxulqNugVSng",8
"BASTI","BANKATI","AHIRAULI","3153011001/IC/958486255823742631","9265","https://mnregaweb4.nic.in/nregaarch/View_NMMS_atten_date_dtl_rpt.aspx?page=&short_name=UP&state_name=UTTAR%20PRADESH&state_code=31&district_name=BASTI&district_code=3153&block_name=BANKATI&block_code=3153011&panchayat_name=AHIRAULI&panchayat_code=3153011001&fin_year=2025-2026&source=&work_code=3153011001/IC/958486255823742631&msr_no=9265&AttendanceDate=22/03/2026&Digest=CoZhBy/iQM2PFrfdUbSRtA",6
"BASTI","BANKATI","ARAILADIGAR PATTI","3153011003/IC/958486255823726104","9368","https://mnregaweb4.nic.in/nregaarch/View_NMMS_atten_date_dtl_rpt.aspx?page=&short_name=UP&state_name=UTTAR%20PRADESH&state_code=31&district_name=BASTI&district_code=3153&block_name=BANKATI&block_code=3153011&panchayat_name=ARAILADIGAR%20PATTI&panchayat_code=3153011003&fin_year=2025-2026&source=&work_code=3153011003/IC/958486255823726104&msr_no=9368&AttendanceDate=22/03/2026&Digest=FbXUolKF/RMNZaVN5CBigQ",7
"BASTI","BANKATI","BHAWARA","3153011018/IC/958486255823741530","9344","https://mnregaweb4.nic.in/nregaarch/View_NMMS_atten_date_dtl_rpt.aspx?page=&short_name=UP&state_name=UTTAR%20PRADESH&state_code=31&district_name=BASTI&district_code=3153&block_name=BANKATI&block_code=3153011&panchayat_name=BHAWARA&panchayat_code=3153011018&fin_year=2025-2026&source=&work_code=3153011018/IC/958486255823741530&msr_no=9344&AttendanceDate=22/03/2026&Digest=J0b5Qvp+9eF4cEVhAlHznQ",9
"BASTI","BANKATI","DEWAMI","3153011027/FP/958486255823613996","9292","https://mnregaweb4.nic.in/nregaarch/View_NMMS_atten_date_dtl_rpt.aspx?page=&short_name=UP&state_name=UTTAR%20PRADESH&state_code=31&district_name=BASTI&district_code=3153&block_name=BANKATI&block_code=3153011&panchayat_name=DEWAMI&panchayat_code=3153011027&fin_year=2025-2026&source=&work_code=3153011027/FP/958486255823613996&msr_no=9292&AttendanceDate=22/03/2026&Digest=+FgUvXQMmN2No77d0HxFvA",7
"BASTI","BANKATI","GANGORI","3153011035/RC/958486255823750665","9587","https://mnregaweb4.nic.in/nregaarch/View_NMMS_atten_date_dtl_rpt.aspx?page=&short_name=UP&state_name=UTTAR%20PRADESH&state_code=31&district_name=BASTI&district_code=3153&block_name=BANKATI&block_code=3153011&panchayat_name=GANGORI&panchayat_code=3153011035&fin_year=2025-2026&source=&work_code=3153011035/RC/958486255823750665&msr_no=9587&AttendanceDate=22/03/2026&Digest=A23wmsQqCLKKgXFfis55UA",2
"BASTI","BANKATI","HINAUTA","3153011041/IC/958486255823739648","9192","https://mnregaweb4.nic.in/nregaarch/View_NMMS_atten_date_dtl_rpt.aspx?page=&short_name=UP&state_name=UTTAR%20PRADESH&state_code=31&district_name=BASTI&district_code=3153&block_name=BANKATI&block_code=3153011&panchayat_name=HINAUTA&panchayat_code=3153011041&fin_year=2025-2026&source=&work_code=3153011041/IC/958486255823739648&msr_no=9192&AttendanceDate=22/03/2026&Digest=bsxJqFafS92OyqrycbPsGQ",6
"BASTI","BANKATI","HINAUTA","3153011041/RC/958486255823750743","9645","https://mnregaweb4.nic.in/nregaarch/View_NMMS_atten_date_dtl_rpt.aspx?page=&short_name=UP&state_name=UTTAR%20PRADESH&state_code=31&district_name=BASTI&district_code=3153&block_name=BANKATI&block_code=3153011&panchayat_name=HINAUTA&panchayat_code=3153011041&fin_year=2025-2026&source=&work_code=3153011041/RC/958486255823750743&msr_no=9645&AttendanceDate=22/03/2026&Digest=BxJkYtq/KYdHnyzmez511Q",10
"BASTI","BANKATI","KHAMOKHAR","3153011049/FP/958486255823594955","9223","https://mnregaweb4.nic.in/nregaarch/View_NMMS_atten_date_dtl_rpt.aspx?page=&short_name=UP&state_name=UTTAR%20PRADESH&state_code=31&district_name=BASTI&district_code=3153&block_name=BANKATI&block_code=3153011&panchayat_name=KHAMOKHAR&panchayat_code=3153011049&fin_year=2025-2026&source=&work_code=3153011049/FP/958486255823594955&msr_no=9223&AttendanceDate=22/03/2026&Digest=m+LyrWwP+qq4GyFjoK5r3Q",6
"BASTI","BANKATI","KHAROHA","3153011053/RC/958486255823653981","9600","https://mnregaweb4.nic.in/nregaarch/View_NMMS_atten_date_dtl_rpt.aspx?page=&short_name=UP&state_name=UTTAR%20PRADESH&state_code=31&district_name=BASTI&district_code=3153&block_name=BANKATI&block_code=3153011&panchayat_name=KHAROHA&panchayat_code=3153011053&fin_year=2025-2026&source=&work_code=3153011053/RC/958486255823653981&msr_no=9600&AttendanceDate=22/03/2026&Digest=HgtK8XoksfMrOESHf37l8g",2
"BASTI","BANKATI","KHARWANIA","3153011054/FP/958486255823613677","9308","https://mnregaweb4.nic.in/nregaarch/View_NMMS_atten_date_dtl_rpt.aspx?page=&short_name=UP&state_name=UTTAR%20PRADESH&state_code=31&district_name=BASTI&district_code=3153&block_name=BANKATI&block_code=3153011&panchayat_name=KHARWANIA&panchayat_code=3153011054&fin_year=2025-2026&source=&work_code=3153011054/FP/958486255823613677&msr_no=9308&AttendanceDate=22/03/2026&Digest=QeOOcTQGgITQeHfV+FJZVg",10
"BASTI","BANKATI","KHORIA","3153011056/IC/YD/958486255823722220","9636","https://mnregaweb4.nic.in/nregaarch/View_NMMS_atten_date_dtl_rpt.aspx?page=&short_name=UP&state_name=UTTAR%20PRADESH&state_code=31&district_name=BASTI&district_code=3153&block_name=BANKATI&block_code=3153011&panchayat_name=KHORIA&panchayat_code=3153011056&fin_year=2025-2026&source=&work_code=3153011056/IC/YD/958486255823722220&msr_no=9636&AttendanceDate=22/03/2026&Digest=lFM+CBnSFO0DF2UwfW4R7A",9
"BASTI","BANKATI","KHORIA","3153011056/LD/YD/958486255824966387","9304","https://mnregaweb4.nic.in/nregaarch/View_NMMS_atten_date_dtl_rpt.aspx?page=&short_name=UP&state_name=UTTAR%20PRADESH&state_code=31&district_name=BASTI&district_code=3153&block_name=BANKATI&block_code=3153011&panchayat_name=KHORIA&panchayat_code=3153011056&fin_year=2025-2026&source=&work_code=3153011056/LD/YD/958486255824966387&msr_no=9304&AttendanceDate=22/03/2026&Digest=nYtKvB9ThTlGaBQOK09qaw",6
"BASTI","BANKATI","KHORIA","3153011056/LD/YD/958486255824966393","9247","https://mnregaweb4.nic.in/nregaarch/View_NMMS_atten_date_dtl_rpt.aspx?page=&short_name=UP&state_name=UTTAR%20PRADESH&state_code=31&district_name=BASTI&district_code=3153&block_name=BANKATI&block_code=3153011&panchayat_name=KHORIA&panchayat_code=3153011056&fin_year=2025-2026&source=&work_code=3153011056/LD/YD/958486255824966393&msr_no=9247&AttendanceDate=22/03/2026&Digest=4YIEtWn5Ef43VD8BRbY4eA",9
"BASTI","BANKATI","KHORIA","3153011056/RC/YD/958486255823681577","9629","https://mnregaweb4.nic.in/nregaarch/View_NMMS_atten_date_dtl_rpt.aspx?page=&short_name=UP&state_name=UTTAR%20PRADESH&state_code=31&district_name=BASTI&district_code=3153&block_name=BANKATI&block_code=3153011&panchayat_name=KHORIA&panchayat_code=3153011056&fin_year=2025-2026&source=&work_code=3153011056/RC/YD/958486255823681577&msr_no=9629&AttendanceDate=22/03/2026&Digest=Q57SrowQ9/AjB1/y8yVdfw",8
"BASTI","BANKATI","KURIYAR","3153011060/IC/958486255823712455","9364","https://mnregaweb4.nic.in/nregaarch/View_NMMS_atten_date_dtl_rpt.aspx?page=&short_name=UP&state_name=UTTAR%20PRADESH&state_code=31&district_name=BASTI&district_code=3153&block_name=BANKATI&block_code=3153011&panchayat_name=KURIYAR&panchayat_code=3153011060&fin_year=2025-2026&source=&work_code=3153011060/IC/958486255823712455&msr_no=9364&AttendanceDate=22/03/2026&Digest=n8rZC0gFp1jEf274Cd9HaQ",10
"BASTI","BANKATI","KURIYAR","3153011060/IC/958486255823712455","9367","https://mnregaweb4.nic.in/nregaarch/View_NMMS_atten_date_dtl_rpt.aspx?page=&short_name=UP&state_name=UTTAR%20PRADESH&state_code=31&district_name=BASTI&district_code=3153&block_name=BANKATI&block_code=3153011&panchayat_name=KURIYAR&panchayat_code=3153011060&fin_year=2025-2026&source=&work_code=3153011060/IC/958486255823712455&msr_no=9367&AttendanceDate=22/03/2026&Digest=Bjx57uPBWC8azW7BS7v25A",3
"BASTI","BANKATI","PIKAWARA SHUKLA","3153011078/RC/958486255823744117","9232","https://mnregaweb4.nic.in/nregaarch/View_NMMS_atten_date_dtl_rpt.aspx?page=&short_name=UP&state_name=UTTAR%20PRADESH&state_code=31&district_name=BASTI&district_code=3153&block_name=BANKATI&block_code=3153011&panchayat_name=PIKAWARA%20SHUKLA&panchayat_code=3153011078&fin_year=2025-2026&source=&work_code=3153011078/RC/958486255823744117&msr_no=9232&AttendanceDate=22/03/2026&Digest=Pwr1E/Xm6qORoBLSjhQsbA",8
"BASTI","BANKATI","PIKAWARA SHUKLA","3153011078/RC/958486255823744117","9235","https://mnregaweb4.nic.in/nregaarch/View_NMMS_atten_date_dtl_rpt.aspx?page=&short_name=UP&state_name=UTTAR%20PRADESH&state_code=31&district_name=BASTI&district_code=3153&block_name=BANKATI&block_code=3153011&panchayat_name=PIKAWARA%20SHUKLA&panchayat_code=3153011078&fin_year=2025-2026&source=&work_code=3153011078/RC/958486255823744117&msr_no=9235&AttendanceDate=22/03/2026&Digest=ms5P/aB4c67FRZoQhBCzWA",5
"BASTI","BANKATI","RAUTAPAR","3153011080/RC/958486255823689842","9380","https://mnregaweb4.nic.in/nregaarch/View_NMMS_atten_date_dtl_rpt.aspx?page=&short_name=UP&state_name=UTTAR%20PRADESH&state_code=31&district_name=BASTI&district_code=3153&block_name=BANKATI&block_code=3153011&panchayat_name=RAUTAPAR&panchayat_code=3153011080&fin_year=2025-2026&source=&work_code=3153011080/RC/958486255823689842&msr_no=9380&AttendanceDate=22/03/2026&Digest=SZRI2eCU0TX2/NGpY4RY5A",5
"BASTI","BANKATI","SAJAHRA","3153011081/RC/958486255823741804","9486","https://mnregaweb4.nic.in/nregaarch/View_NMMS_atten_date_dtl_rpt.aspx?page=&short_name=UP&state_name=UTTAR%20PRADESH&state_code=31&district_name=BASTI&district_code=3153&block_name=BANKATI&block_code=3153011&panchayat_name=SAJAHRA&panchayat_code=3153011081&fin_year=2025-2026&source=&work_code=3153011081/RC/958486255823741804&msr_no=9486&AttendanceDate=22/03/2026&Digest=aKlD1fJHWSdVymcivGoXTQ",2
"BASTI","BANKATI","MAHTHA","3153011096/RC/958486255823749757","9536","https://mnregaweb4.nic.in/nregaarch/View_NMMS_atten_date_dtl_rpt.aspx?page=&short_name=UP&state_name=UTTAR%20PRADESH&state_code=31&district_name=BASTI&district_code=3153&block_name=BANKATI&block_code=3153011&panchayat_name=MAHTHA&panchayat_code=3153011096&fin_year=2025-2026&source=&work_code=3153011096/RC/958486255823749757&msr_no=9536&AttendanceDate=22/03/2026&Digest=qG9037gFcEHFOr4yW6pe+A",6
"BASTI","BANKATI","SISWA PANDEY","3153011101/RC/958486255823732562","9428","https://mnregaweb4.nic.in/nregaarch/View_NMMS_atten_date_dtl_rpt.aspx?page=&short_name=UP&state_name=UTTAR%20PRADESH&state_code=31&district_name=BASTI&district_code=3153&block_name=BANKATI&block_code=3153011&panchayat_name=SISWA%20PANDEY&panchayat_code=3153011101&fin_year=2025-2026&source=&work_code=3153011101/RC/958486255823732562&msr_no=9428&AttendanceDate=22/03/2026&Digest=t7DQZjn4VLe1F0T3SKgXdg",9
"BASTI","BANKATI","CHITRAKHOR","3153011104/IC/958486255823723378","9615","https://mnregaweb4.nic.in/nregaarch/View_NMMS_atten_date_dtl_rpt.aspx?page=&short_name=UP&state_name=UTTAR%20PRADESH&state_code=31&district_name=BASTI&district_code=3153&block_name=BANKATI&block_code=3153011&panchayat_name=CHITRAKHOR&panchayat_code=3153011104&fin_year=2025-2026&source=&work_code=3153011104/IC/958486255823723378&msr_no=9615&AttendanceDate=22/03/2026&Digest=YjFZvYJJznGIftugHrLC+w",8
"BASTI","BASTI","AVASHTAIPUR","3153010001/AV/958486255824150950","4346","https://mnregaweb4.nic.in/nregaarch/View_NMMS_atten_date_dtl_rpt.aspx?page=&short_name=UP&state_name=UTTAR%20PRADESH&state_code=31&district_name=BASTI&district_code=3153&block_name=BASTI&block_code=3153010&panchayat_name=AVASHTAIPUR&panchayat_code=3153010001&fin_year=2025-2026&source=&work_code=3153010001/AV/958486255824150950&msr_no=4346&AttendanceDate=22/03/2026&Digest=T3ihof4VHJZzP6bskWLxjg",8
"BASTI","BASTI","ORAI","3153010065/WC/958486255824160997","4410","https://mnregaweb4.nic.in/nregaarch/View_NMMS_atten_date_dtl_rpt.aspx?page=&short_name=UP&state_name=UTTAR%20PRADESH&state_code=31&district_name=BASTI&district_code=3153&block_name=BASTI&block_code=3153010&panchayat_name=ORAI&panchayat_code=3153010065&fin_year=2025-2026&source=&work_code=3153010065/WC/958486255824160997&msr_no=4410&AttendanceDate=22/03/2026&Digest=Zwtm7uEFJASwI2FLPJQKTw",10
"BASTI","BASTI","NANDPUR","3153010101/LD/958486255824617943","4405","https://mnregaweb4.nic.in/nregaarch/View_NMMS_atten_date_dtl_rpt.aspx?page=&short_name=UP&state_name=UTTAR%20PRADESH&state_code=31&district_name=BASTI&district_code=3153&block_name=BASTI&block_code=3153010&panchayat_name=NANDPUR&panchayat_code=3153010101&fin_year=2025-2026&source=&work_code=3153010101/LD/958486255824617943&msr_no=4405&AttendanceDate=22/03/2026&Digest=/KPRRrk0z0OUW+iLZmVsTA",4
"BASTI","DUBAULIYA","ASHOK PUR","3153014003/RC/958486255823554950","4345","https://mnregaweb4.nic.in/nregaarch/View_NMMS_atten_date_dtl_rpt.aspx?page=&short_name=UP&state_name=UTTAR%20PRADESH&state_code=31&district_name=BASTI&district_code=3153&block_name=DUBAULIYA&block_code=3153014&panchayat_name=ASHOK%20PUR&panchayat_code=3153014003&fin_year=2025-2026&source=&work_code=3153014003/RC/958486255823554950&msr_no=4345&AttendanceDate=22/03/2026&Digest=mxKjV5vlgJ9rOuih9xJYfg",6
"BASTI","DUBAULIYA","CHILMAPARSAN","3153014004/LD/958486255824919567","4125","https://mnregaweb4.nic.in/nregaarch/View_NMMS_atten_date_dtl_rpt.aspx?page=&short_name=UP&state_name=UTTAR%20PRADESH&state_code=31&district_name=BASTI&district_code=3153&block_name=DUBAULIYA&block_code=3153014&panchayat_name=CHILMAPARSAN&panchayat_code=3153014004&fin_year=2025-2026&source=&work_code=3153014004/LD/958486255824919567&msr_no=4125&AttendanceDate=22/03/2026&Digest=3EI36AoJIc8v7xgMbE8Ksw",7
"BASTI","DUBAULIYA","DEHIDIHA BUJURG","3153014010/RC/958486255823750688","4223","https://mnregaweb4.nic.in/nregaarch/View_NMMS_atten_date_dtl_rpt.aspx?page=&short_name=UP&state_name=UTTAR%20PRADESH&state_code=31&district_name=BASTI&district_code=3153&block_name=DUBAULIYA&block_code=3153014&panchayat_name=DEHIDIHA%20BUJURG&panchayat_code=3153014010&fin_year=2025-2026&source=&work_code=3153014010/RC/958486255823750688&msr_no=4223&AttendanceDate=22/03/2026&Digest=69A96VsU2Kz3SrMJoK5uUQ",8
"BASTI","DUBAULIYA","DEWRAGANGWAR","3153014015/LD/958486255825001483","4190","https://mnregaweb4.nic.in/nregaarch/View_NMMS_atten_date_dtl_rpt.aspx?page=&short_name=UP&state_name=UTTAR%20PRADESH&state_code=31&district_name=BASTI&district_code=3153&block_name=DUBAULIYA&block_code=3153014&panchayat_name=DEWRAGANGWAR&panchayat_code=3153014015&fin_year=2025-2026&source=&work_code=3153014015/LD/958486255825001483&msr_no=4190&AttendanceDate=22/03/2026&Digest=ZOyYQxFWJRUCf4V3qt93Kw",1
"BASTI","DUBAULIYA","RAM NAGAR","3153014020/RC/958486255823749961","4175","https://mnregaweb4.nic.in/nregaarch/View_NMMS_atten_date_dtl_rpt.aspx?page=&short_name=UP&state_name=UTTAR%20PRADESH&state_code=31&district_name=BASTI&district_code=3153&block_name=DUBAULIYA&block_code=3153014&panchayat_name=RAM%20NAGAR&panchayat_code=3153014020&fin_year=2025-2026&source=&work_code=3153014020/RC/958486255823749961&msr_no=4175&AttendanceDate=22/03/2026&Digest=BAakkMHGjOiojGJzBno8nA",6
"BASTI","DUBAULIYA","RAM NAGAR","3153014020/RC/958486255823749962","4171","https://mnregaweb4.nic.in/nregaarch/View_NMMS_atten_date_dtl_rpt.aspx?page=&short_name=UP&state_name=UTTAR%20PRADESH&state_code=31&district_name=BASTI&district_code=3153&block_name=DUBAULIYA&block_code=3153014&panchayat_name=RAM%20NAGAR&panchayat_code=3153014020&fin_year=2025-2026&source=&work_code=3153014020/RC/958486255823749962&msr_no=4171&AttendanceDate=22/03/2026&Digest=gXPPkox3DryG0Rh0G49MsA",7
"BASTI","DUBAULIYA","PURE OARI RAI","3153014023/RC/958486255823749308","4139","https://mnregaweb4.nic.in/nregaarch/View_NMMS_atten_date_dtl_rpt.aspx?page=&short_name=UP&state_name=UTTAR%20PRADESH&state_code=31&district_name=BASTI&district_code=3153&block_name=DUBAULIYA&block_code=3153014&panchayat_name=PURE%20OARI%20RAI&panchayat_code=3153014023&fin_year=2025-2026&source=&work_code=3153014023/RC/958486255823749308&msr_no=4139&AttendanceDate=22/03/2026&Digest=tNLk70/ay3ReASg5s08/3w",9
"BASTI","DUBAULIYA","PAYAK PUR","3153014025/RC/958486255823750843","4296","https://mnregaweb4.nic.in/nregaarch/View_NMMS_atten_date_dtl_rpt.aspx?page=&short_name=UP&state_name=UTTAR%20PRADESH&state_code=31&district_name=BASTI&district_code=3153&block_name=DUBAULIYA&block_code=3153014&panchayat_name=PAYAK%20PUR&panchayat_code=3153014025&fin_year=2025-2026&source=&work_code=3153014025/RC/958486255823750843&msr_no=4296&AttendanceDate=22/03/2026&Digest=eC+Iu5Zjm1s9k79mqUEj3A",9
"BASTI","DUBAULIYA","LAXMANPUR","3153014030/LD/958486255824889814","4107","https://mnregaweb4.nic.in/nregaarch/View_NMMS_atten_date_dtl_rpt.aspx?page=&short_name=UP&state_name=UTTAR%20PRADESH&state_code=31&district_name=BASTI&district_code=3153&block_name=DUBAULIYA&block_code=3153014&panchayat_name=LAXMANPUR&panchayat_code=3153014030&fin_year=2025-2026&source=&work_code=3153014030/LD/958486255824889814&msr_no=4107&AttendanceDate=22/03/2026&Digest=Y1Pn69PgpkYM+3pDaHODmg",10
"BASTI","DUBAULIYA","LAXMANPUR","3153014030/LD/958486255824889814","4110","https://mnregaweb4.nic.in/nregaarch/View_NMMS_atten_date_dtl_rpt.aspx?page=&short_name=UP&state_name=UTTAR%20PRADESH&state_code=31&district_name=BASTI&district_code=3153&block_name=DUBAULIYA&block_code=3153014&panchayat_name=LAXMANPUR&panchayat_code=3153014030&fin_year=2025-2026&source=&work_code=3153014030/LD/958486255824889814&msr_no=4110&AttendanceDate=22/03/2026&Digest=XMCOPQTrfwq74IibsfrT+w",2
"BASTI","DUBAULIYA","LAXMANPUR","3153014030/LD/958486255824889814","4252","https://mnregaweb4.nic.in/nregaarch/View_NMMS_atten_date_dtl_rpt.aspx?page=&short_name=UP&state_name=UTTAR%20PRADESH&state_code=31&district_name=BASTI&district_code=3153&block_name=DUBAULIYA&block_code=3153014&panchayat_name=LAXMANPUR&panchayat_code=3153014030&fin_year=2025-2026&source=&work_code=3153014030/LD/958486255824889814&msr_no=4252&AttendanceDate=22/03/2026&Digest=QDFL4Hv2o9c5usw7Qm720A",7
"BASTI","DUBAULIYA","LAXMANPUR","3153014030/LD/958486255824889824","4254","https://mnregaweb4.nic.in/nregaarch/View_NMMS_atten_date_dtl_rpt.aspx?page=&short_name=UP&state_name=UTTAR%20PRADESH&state_code=31&district_name=BASTI&district_code=3153&block_name=DUBAULIYA&block_code=3153014&panchayat_name=LAXMANPUR&panchayat_code=3153014030&fin_year=2025-2026&source=&work_code=3153014030/LD/958486255824889824&msr_no=4254&AttendanceDate=22/03/2026&Digest=GuqrWRV/aUEm4/8RQz1QXQ",2
"BASTI","DUBAULIYA","SARIYA ATIBAL","3153014031/RC/958486255823751171","4351","https://mnregaweb4.nic.in/nregaarch/View_NMMS_atten_date_dtl_rpt.aspx?page=&short_name=UP&state_name=UTTAR%20PRADESH&state_code=31&district_name=BASTI&district_code=3153&block_name=DUBAULIYA&block_code=3153014&panchayat_name=SARIYA%20ATIBAL&panchayat_code=3153014031&fin_year=2025-2026&source=&work_code=3153014031/RC/958486255823751171&msr_no=4351&AttendanceDate=22/03/2026&Digest=Zw8wj2QI1AAF7Fa/ofL9eQ",8
"BASTI","DUBAULIYA","BHAKRAHI","3153014035/RC/958486255823750365","4161","https://mnregaweb4.nic.in/nregaarch/View_NMMS_atten_date_dtl_rpt.aspx?page=&short_name=UP&state_name=UTTAR%20PRADESH&state_code=31&district_name=BASTI&district_code=3153&block_name=DUBAULIYA&block_code=3153014&panchayat_name=BHAKRAHI&panchayat_code=3153014035&fin_year=2025-2026&source=&work_code=3153014035/RC/958486255823750365&msr_no=4161&AttendanceDate=22/03/2026&Digest=XscdFTPM95RvPjpvycJ6Pw",4
"BASTI","DUBAULIYA","TIGHRA","3153014041/RC/958486255823694419","4291","https://mnregaweb4.nic.in/nregaarch/View_NMMS_atten_date_dtl_rpt.aspx?page=&short_name=UP&state_name=UTTAR%20PRADESH&state_code=31&district_name=BASTI&district_code=3153&block_name=DUBAULIYA&block_code=3153014&panchayat_name=TIGHRA&panchayat_code=3153014041&fin_year=2025-2026&source=&work_code=3153014041/RC/958486255823694419&msr_no=4291&AttendanceDate=22/03/2026&Digest=FgADjqKUOb5qzaoG9Zg48Q",4
"BASTI","DUBAULIYA","BARSAV","3153014055/RC/958486255823751326","4272","https://mnregaweb4.nic.in/nregaarch/View_NMMS_atten_date_dtl_rpt.aspx?page=&short_name=UP&state_name=UTTAR%20PRADESH&state_code=31&district_name=BASTI&district_code=3153&block_name=DUBAULIYA&block_code=3153014&panchayat_name=BARSAV&panchayat_code=3153014055&fin_year=2025-2026&source=&work_code=3153014055/RC/958486255823751326&msr_no=4272&AttendanceDate=22/03/2026&Digest=dCXsPLTxZVWGi0tuBmmhKg",4
"BASTI","DUBAULIYA","BASANTPUR","3153014056/RC/958486255823751367","4282","https://mnregaweb4.nic.in/nregaarch/View_NMMS_atten_date_dtl_rpt.aspx?page=&short_name=UP&state_name=UTTAR%20PRADESH&state_code=31&district_name=BASTI&district_code=3153&block_name=DUBAULIYA&block_code=3153014&panchayat_name=BASANTPUR&panchayat_code=3153014056&fin_year=2025-2026&source=&work_code=3153014056/RC/958486255823751367&msr_no=4282&AttendanceDate=22/03/2026&Digest=GXCqwmpsucQTsk5VaF273Q",7
"BASTI","GAUR","ASANHARA","3153002006/RC/958486255823746228","6487","https://mnregaweb4.nic.in/nregaarch/View_NMMS_atten_date_dtl_rpt.aspx?page=&short_name=UP&state_name=UTTAR%20PRADESH&state_code=31&district_name=BASTI&district_code=3153&block_name=GAUR&block_code=3153002&panchayat_name=ASANHARA&panchayat_code=3153002006&fin_year=2025-2026&source=&work_code=3153002006/RC/958486255823746228&msr_no=6487&AttendanceDate=22/03/2026&Digest=/sfHRFDI3RRadNqLALykvw",8
"BASTI","GAUR","BADYA","3153002009/IC/958486255823728562","6356","https://mnregaweb4.nic.in/nregaarch/View_NMMS_atten_date_dtl_rpt.aspx?page=&short_name=UP&state_name=UTTAR%20PRADESH&state_code=31&district_name=BASTI&district_code=3153&block_name=GAUR&block_code=3153002&panchayat_name=BADYA&panchayat_code=3153002009&fin_year=2025-2026&source=&work_code=3153002009/IC/958486255823728562&msr_no=6356&AttendanceDate=22/03/2026&Digest=RktWFbGq0qR5YR1hgmoOPw",10
"BASTI","GAUR","BABHANGAVA KHURD","3153002014/AV/958486255824173587","6351","https://mnregaweb4.nic.in/nregaarch/View_NMMS_atten_date_dtl_rpt.aspx?page=&short_name=UP&state_name=UTTAR%20PRADESH&state_code=31&district_name=BASTI&district_code=3153&block_name=GAUR&block_code=3153002&panchayat_name=BABHANGAVA%20KHURD&panchayat_code=3153002014&fin_year=2025-2026&source=&work_code=3153002014/AV/958486255824173587&msr_no=6351&AttendanceDate=22/03/2026&Digest=+AUxQuRnZyhXf35Pf2Jlfw",10
"BASTI","GAUR","DEGRAHA","3153002035/WC/958486255824252593","6278","https://mnregaweb4.nic.in/nregaarch/View_NMMS_atten_date_dtl_rpt.aspx?page=&short_name=UP&state_name=UTTAR%20PRADESH&state_code=31&district_name=BASTI&district_code=3153&block_name=GAUR&block_code=3153002&panchayat_name=DEGRAHA&panchayat_code=3153002035&fin_year=2025-2026&source=&work_code=3153002035/WC/958486255824252593&msr_no=6278&AttendanceDate=22/03/2026&Digest=ohzYG5EB8SEZNadi8bIdXQ",7
"BASTI","GAUR","DEGRAHA","3153002035/WC/958486255824252593","6281","https://mnregaweb4.nic.in/nregaarch/View_NMMS_atten_date_dtl_rpt.aspx?page=&short_name=UP&state_name=UTTAR%20PRADESH&state_code=31&district_name=BASTI&district_code=3153&block_name=GAUR&block_code=3153002&panchayat_name=DEGRAHA&panchayat_code=3153002035&fin_year=2025-2026&source=&work_code=3153002035/WC/958486255824252593&msr_no=6281&AttendanceDate=22/03/2026&Digest=sQgQXMuln5HmVP+fRuVYog",3
"BASTI","GAUR","HARDI","3153002043/IC/958486255823744557","6402","https://mnregaweb4.nic.in/nregaarch/View_NMMS_atten_date_dtl_rpt.aspx?page=&short_name=UP&state_name=UTTAR%20PRADESH&state_code=31&district_name=BASTI&district_code=3153&block_name=GAUR&block_code=3153002&panchayat_name=HARDI&panchayat_code=3153002043&fin_year=2025-2026&source=&work_code=3153002043/IC/958486255823744557&msr_no=6402&AttendanceDate=22/03/2026&Digest=V/4whFk804/5Fyc9uD06cQ",4
"BASTI","GAUR","HARDI","3153002043/WC/958486255824252613","6405","https://mnregaweb4.nic.in/nregaarch/View_NMMS_atten_date_dtl_rpt.aspx?page=&short_name=UP&state_name=UTTAR%20PRADESH&state_code=31&district_name=BASTI&district_code=3153&block_name=GAUR&block_code=3153002&panchayat_name=HARDI&panchayat_code=3153002043&fin_year=2025-2026&source=&work_code=3153002043/WC/958486255824252613&msr_no=6405&AttendanceDate=22/03/2026&Digest=VSAW79NXK6Sb2wv1qNLH3A",8
"BASTI","GAUR","KALIGARA","3153002048/LD/958486255824940643","6272","https://mnregaweb4.nic.in/nregaarch/View_NMMS_atten_date_dtl_rpt.aspx?page=&short_name=UP&state_name=UTTAR%20PRADESH&state_code=31&district_name=BASTI&district_code=3153&block_name=GAUR&block_code=3153002&panchayat_name=KALIGARA&panchayat_code=3153002048&fin_year=2025-2026&source=&work_code=3153002048/LD/958486255824940643&msr_no=6272&AttendanceDate=22/03/2026&Digest=fhw/Q10avtmuUZGxJq+4pA",10
"BASTI","GAUR","KUCHURUPUR","3153002055/RC/958486255823691325","6237","https://mnregaweb4.nic.in/nregaarch/View_NMMS_atten_date_dtl_rpt.aspx?page=&short_name=UP&state_name=UTTAR%20PRADESH&state_code=31&district_name=BASTI&district_code=3153&block_name=GAUR&block_code=3153002&panchayat_name=KUCHURUPUR&panchayat_code=3153002055&fin_year=2025-2026&source=&work_code=3153002055/RC/958486255823691325&msr_no=6237&AttendanceDate=22/03/2026&Digest=OBs52vkHQyg3r7COG1urdQ",6
"BASTI","GAUR","KUNGAI BUJURG","3153002056/RC/958486255823745699","6197","https://mnregaweb4.nic.in/nregaarch/View_NMMS_atten_date_dtl_rpt.aspx?page=&short_name=UP&state_name=UTTAR%20PRADESH&state_code=31&district_name=BASTI&district_code=3153&block_name=GAUR&block_code=3153002&panchayat_name=KUNGAI%20BUJURG&panchayat_code=3153002056&fin_year=2025-2026&source=&work_code=3153002056/RC/958486255823745699&msr_no=6197&AttendanceDate=22/03/2026&Digest=utQW+I6kO1Ag4jxSyZDPEA",6
"BASTI","GAUR","MAHUVADABR","3153002059/AV/958486255824185057","6255","https://mnregaweb4.nic.in/nregaarch/View_NMMS_atten_date_dtl_rpt.aspx?page=&short_name=UP&state_name=UTTAR%20PRADESH&state_code=31&district_name=BASTI&district_code=3153&block_name=GAUR&block_code=3153002&panchayat_name=MAHUVADABR&panchayat_code=3153002059&fin_year=2025-2026&source=&work_code=3153002059/AV/958486255824185057&msr_no=6255&AttendanceDate=22/03/2026&Digest=ibGJpVsihsvRCXJLH85vaw",10
"BASTI","GAUR","MAJHAMAANPUR","3153002060/LD/958486255824945073","6242","https://mnregaweb4.nic.in/nregaarch/View_NMMS_atten_date_dtl_rpt.aspx?page=&short_name=UP&state_name=UTTAR%20PRADESH&state_code=31&district_name=BASTI&district_code=3153&block_name=GAUR&block_code=3153002&panchayat_name=MAJHAMAANPUR&panchayat_code=3153002060&fin_year=2025-2026&source=&work_code=3153002060/LD/958486255824945073&msr_no=6242&AttendanceDate=22/03/2026&Digest=YxnVYJLJ9dB35oB7+tOy5w",10
"BASTI","GAUR","MAJHAUVA CHAUBEY","3153002061/LD/958486255824996187","6226","https://mnregaweb4.nic.in/nregaarch/View_NMMS_atten_date_dtl_rpt.aspx?page=&short_name=UP&state_name=UTTAR%20PRADESH&state_code=31&district_name=BASTI&district_code=3153&block_name=GAUR&block_code=3153002&panchayat_name=MAJHAUVA%20CHAUBEY&panchayat_code=3153002061&fin_year=2025-2026&source=&work_code=3153002061/LD/958486255824996187&msr_no=6226&AttendanceDate=22/03/2026&Digest=CcsbpKY5ldDMm8OSuj7UsA",5
"BASTI","GAUR","MUDSARA","3153002065/AV/958486255824169622","6512","https://mnregaweb4.nic.in/nregaarch/View_NMMS_atten_date_dtl_rpt.aspx?page=&short_name=UP&state_name=UTTAR%20PRADESH&state_code=31&district_name=BASTI&district_code=3153&block_name=GAUR&block_code=3153002&panchayat_name=MUDSARA&panchayat_code=3153002065&fin_year=2025-2026&source=&work_code=3153002065/AV/958486255824169622&msr_no=6512&AttendanceDate=22/03/2026&Digest=W3hYAhvAAZJlVvWIdTyV6w",5
"BASTI","GAUR","RAMVA PUR","3153002079/RC/958486255823749322","6482","https://mnregaweb4.nic.in/nregaarch/View_NMMS_atten_date_dtl_rpt.aspx?page=&short_name=UP&state_name=UTTAR%20PRADESH&state_code=31&district_name=BASTI&district_code=3153&block_name=GAUR&block_code=3153002&panchayat_name=RAMVA%20PUR&panchayat_code=3153002079&fin_year=2025-2026&source=&work_code=3153002079/RC/958486255823749322&msr_no=6482&AttendanceDate=22/03/2026&Digest=VNzu0e51kGhsaAX+k+4Ifg",4
"BASTI","GAUR","RAMVA PUR","3153002079/RC/958486255823749333","6478","https://mnregaweb4.nic.in/nregaarch/View_NMMS_atten_date_dtl_rpt.aspx?page=&short_name=UP&state_name=UTTAR%20PRADESH&state_code=31&district_name=BASTI&district_code=3153&block_name=GAUR&block_code=3153002&panchayat_name=RAMVA%20PUR&panchayat_code=3153002079&fin_year=2025-2026&source=&work_code=3153002079/RC/958486255823749333&msr_no=6478&AttendanceDate=22/03/2026&Digest=wa9YLqHo6nfVWOaTFSZM/w",10
"BASTI","GAUR","RANIPUR BABU","3153002080/IC/958486255823745018","6307","https://mnregaweb4.nic.in/nregaarch/View_NMMS_atten_date_dtl_rpt.aspx?page=&short_name=UP&state_name=UTTAR%20PRADESH&state_code=31&district_name=BASTI&district_code=3153&block_name=GAUR&block_code=3153002&panchayat_name=RANIPUR%20BABU&panchayat_code=3153002080&fin_year=2025-2026&source=&work_code=3153002080/IC/958486255823745018&msr_no=6307&AttendanceDate=22/03/2026&Digest=QA07aChfYlwBuDH5r/q3mw",9
"BASTI","GAUR","RANIPUR BABU","3153002080/IC/958486255823745018","6310","https://mnregaweb4.nic.in/nregaarch/View_NMMS_atten_date_dtl_rpt.aspx?page=&short_name=UP&state_name=UTTAR%20PRADESH&state_code=31&district_name=BASTI&district_code=3153&block_name=GAUR&block_code=3153002&panchayat_name=RANIPUR%20BABU&panchayat_code=3153002080&fin_year=2025-2026&source=&work_code=3153002080/IC/958486255823745018&msr_no=6310&AttendanceDate=22/03/2026&Digest=t2XLMEFm2azRbgAasb/KHQ",10
"BASTI","GAUR","RANIPUR BABU","3153002080/IC/958486255823745019","6578","https://mnregaweb4.nic.in/nregaarch/View_NMMS_atten_date_dtl_rpt.aspx?page=&short_name=UP&state_name=UTTAR%20PRADESH&state_code=31&district_name=BASTI&district_code=3153&block_name=GAUR&block_code=3153002&panchayat_name=RANIPUR%20BABU&panchayat_code=3153002080&fin_year=2025-2026&source=&work_code=3153002080/IC/958486255823745019&msr_no=6578&AttendanceDate=22/03/2026&Digest=iOUwNnpMSX1Ywx7rlbC3rw",9
"BASTI","GAUR","RANIPUR BABU","3153002080/IC/958486255823745019","6581","https://mnregaweb4.nic.in/nregaarch/View_NMMS_atten_date_dtl_rpt.aspx?page=&short_name=UP&state_name=UTTAR%20PRADESH&state_code=31&district_name=BASTI&district_code=3153&block_name=GAUR&block_code=3153002&panchayat_name=RANIPUR%20BABU&panchayat_code=3153002080&fin_year=2025-2026&source=&work_code=3153002080/IC/958486255823745019&msr_no=6581&AttendanceDate=22/03/2026&Digest=Al5jvN9z/gcMn3GLSMGbVw",5
"BASTI","GAUR","SARNAGI.","3153002083/RC/958486255823738128","6301","https://mnregaweb4.nic.in/nregaarch/View_NMMS_atten_date_dtl_rpt.aspx?page=&short_name=UP&state_name=UTTAR%20PRADESH&state_code=31&district_name=BASTI&district_code=3153&block_name=GAUR&block_code=3153002&panchayat_name=SARNAGI.&panchayat_code=3153002083&fin_year=2025-2026&source=&work_code=3153002083/RC/958486255823738128&msr_no=6301&AttendanceDate=22/03/2026&Digest=6AhfQGTU3F1HcfKCOV9bww",10
"BASTI","GAUR","SHEMRA","3153002086/LD/958486255825004508","6386","https://mnregaweb4.nic.in/nregaarch/View_NMMS_atten_date_dtl_rpt.aspx?page=&short_name=UP&state_name=UTTAR%20PRADESH&state_code=31&district_name=BASTI&district_code=3153&block_name=GAUR&block_code=3153002&panchayat_name=SHEMRA&panchayat_code=3153002086&fin_year=2025-2026&source=&work_code=3153002086/LD/958486255825004508&msr_no=6386&AttendanceDate=22/03/2026&Digest=4/1iMwcdjlGc30/VmH7tkw",10
"BASTI","GAUR","SUKRAOLI","3153002088/RC/958486255823751516","6592","https://mnregaweb4.nic.in/nregaarch/View_NMMS_atten_date_dtl_rpt.aspx?page=&short_name=UP&state_name=UTTAR%20PRADESH&state_code=31&district_name=BASTI&district_code=3153&block_name=GAUR&block_code=3153002&panchayat_name=SUKRAOLI&panchayat_code=3153002088&fin_year=2025-2026&source=&work_code=3153002088/RC/958486255823751516&msr_no=6592&AttendanceDate=22/03/2026&Digest=w/Y8LbmFFCrrRQDUnthl1A",10
"BASTI","GAUR","TENUI CHET SINGH","3153002092/IC/958486255823745285","6345","https://mnregaweb4.nic.in/nregaarch/View_NMMS_atten_date_dtl_rpt.aspx?page=&short_name=UP&state_name=UTTAR%20PRADESH&state_code=31&district_name=BASTI&district_code=3153&block_name=GAUR&block_code=3153002&panchayat_name=TENUI%20CHET%20SINGH&panchayat_code=3153002092&fin_year=2025-2026&source=&work_code=3153002092/IC/958486255823745285&msr_no=6345&AttendanceDate=22/03/2026&Digest=hXLhxE6Sw8Sp6P3YUpoTkQ",2
"BASTI","GAUR","TENUI CHET SINGH","3153002092/IC/958486255823746518","6574","https://mnregaweb4.nic.in/nregaarch/View_NMMS_atten_date_dtl_rpt.aspx?page=&short_name=UP&state_name=UTTAR%20PRADESH&state_code=31&district_name=BASTI&district_code=3153&block_name=GAUR&block_code=3153002&panchayat_name=TENUI%20CHET%20SINGH&panchayat_code=3153002092&fin_year=2025-2026&source=&work_code=3153002092/IC/958486255823746518&msr_no=6574&AttendanceDate=22/03/2026&Digest=vqdcXoB2nEVXAIqNNVirEQ",7
"BASTI","GAUR","TENUI CHET SINGH","3153002092/IC/958486255823746518","6577","https://mnregaweb4.nic.in/nregaarch/View_NMMS_atten_date_dtl_rpt.aspx?page=&short_name=UP&state_name=UTTAR%20PRADESH&state_code=31&district_name=BASTI&district_code=3153&block_name=GAUR&block_code=3153002&panchayat_name=TENUI%20CHET%20SINGH&panchayat_code=3153002092&fin_year=2025-2026&source=&work_code=3153002092/IC/958486255823746518&msr_no=6577&AttendanceDate=22/03/2026&Digest=CyVynUU/3BiPwSS08MuEJA",4
"BASTI","GAUR","TENUI CHET SINGH","3153002092/WC/958486255824251198","6261","https://mnregaweb4.nic.in/nregaarch/View_NMMS_atten_date_dtl_rpt.aspx?page=&short_name=UP&state_name=UTTAR%20PRADESH&state_code=31&district_name=BASTI&district_code=3153&block_name=GAUR&block_code=3153002&panchayat_name=TENUI%20CHET%20SINGH&panchayat_code=3153002092&fin_year=2025-2026&source=&work_code=3153002092/WC/958486255824251198&msr_no=6261&AttendanceDate=22/03/2026&Digest=6zHnuGRrJa1XN318auB1fw",9
"BASTI","GAUR","TENUI CHET SINGH","3153002092/WC/958486255824251198","6264","https://mnregaweb4.nic.in/nregaarch/View_NMMS_atten_date_dtl_rpt.aspx?page=&short_name=UP&state_name=UTTAR%20PRADESH&state_code=31&district_name=BASTI&district_code=3153&block_name=GAUR&block_code=3153002&panchayat_name=TENUI%20CHET%20SINGH&panchayat_code=3153002092&fin_year=2025-2026&source=&work_code=3153002092/WC/958486255824251198&msr_no=6264&AttendanceDate=22/03/2026&Digest=nW5FHZtBOe8XooJryR4gWw",9
"BASTI","GAUR","GHAGHARIYA","3153002094/LD/958486255824988251","6391","https://mnregaweb4.nic.in/nregaarch/View_NMMS_atten_date_dtl_rpt.aspx?page=&short_name=UP&state_name=UTTAR%20PRADESH&state_code=31&district_name=BASTI&district_code=3153&block_name=GAUR&block_code=3153002&panchayat_name=GHAGHARIYA&panchayat_code=3153002094&fin_year=2025-2026&source=&work_code=3153002094/LD/958486255824988251&msr_no=6391&AttendanceDate=22/03/2026&Digest=cvriGSoBb5ab67ixYqzxTw",9
"BASTI","GAUR","SAURAHA","3153002107/LD/958486255824938807","6291","https://mnregaweb4.nic.in/nregaarch/View_NMMS_atten_date_dtl_rpt.aspx?page=&short_name=UP&state_name=UTTAR%20PRADESH&state_code=31&district_name=BASTI&district_code=3153&block_name=GAUR&block_code=3153002&panchayat_name=SAURAHA&panchayat_code=3153002107&fin_year=2025-2026&source=&work_code=3153002107/LD/958486255824938807&msr_no=6291&AttendanceDate=22/03/2026&Digest=McvSsRLHj/rbHkgl+e95Eg",2
"BASTI","HARRAIYA","BHITI MISHR","3153003010/LD/958486255824946085","6845","https://mnregaweb4.nic.in/nregaarch/View_NMMS_atten_date_dtl_rpt.aspx?page=&short_name=UP&state_name=UTTAR%20PRADESH&state_code=31&district_name=BASTI&district_code=3153&block_name=HARRAIYA&block_code=3153003&panchayat_name=BHITI%20MISHR&panchayat_code=3153003010&fin_year=2025-2026&source=&work_code=3153003010/LD/958486255824946085&msr_no=6845&AttendanceDate=22/03/2026&Digest=7sVY2LoMxrNLk3k6bplTzg",10
"BASTI","HARRAIYA","BHAIRO PUR","3153003027/RC/YD/958486255823736251","6940","https://mnregaweb4.nic.in/nregaarch/View_NMMS_atten_date_dtl_rpt.aspx?page=&short_name=UP&state_name=UTTAR%20PRADESH&state_code=31&district_name=BASTI&district_code=3153&block_name=HARRAIYA&block_code=3153003&panchayat_name=BHAIRO%20PUR&panchayat_code=3153003027&fin_year=2025-2026&source=&work_code=3153003027/RC/YD/958486255823736251&msr_no=6940&AttendanceDate=22/03/2026&Digest=Z6BJBdPKcktl2nYPIuT0Sg",9
"BASTI","HARRAIYA","BANS GAW","3153003031/LD/958486255824999778","6894","https://mnregaweb4.nic.in/nregaarch/View_NMMS_atten_date_dtl_rpt.aspx?page=&short_name=UP&state_name=UTTAR%20PRADESH&state_code=31&district_name=BASTI&district_code=3153&block_name=HARRAIYA&block_code=3153003&panchayat_name=BANS%20GAW&panchayat_code=3153003031&fin_year=2025-2026&source=&work_code=3153003031/LD/958486255824999778&msr_no=6894&AttendanceDate=22/03/2026&Digest=SSG4Ewgzvm/YSxreGPfwKA",10
"BASTI","HARRAIYA","MARWATIA BHAWAN","3153003039/AV/958486255824176086","6919","https://mnregaweb4.nic.in/nregaarch/View_NMMS_atten_date_dtl_rpt.aspx?page=&short_name=UP&state_name=UTTAR%20PRADESH&state_code=31&district_name=BASTI&district_code=3153&block_name=HARRAIYA&block_code=3153003&panchayat_name=MARWATIA%20BHAWAN&panchayat_code=3153003039&fin_year=2025-2026&source=&work_code=3153003039/AV/958486255824176086&msr_no=6919&AttendanceDate=22/03/2026&Digest=EBtCc09tj6ptvXicpAlLqA",10
"BASTI","HARRAIYA","BHARGAWA","3153003058/AV/958486255824185671","6759","https://mnregaweb4.nic.in/nregaarch/View_NMMS_atten_date_dtl_rpt.aspx?page=&short_name=UP&state_name=UTTAR%20PRADESH&state_code=31&district_name=BASTI&district_code=3153&block_name=HARRAIYA&block_code=3153003&panchayat_name=BHARGAWA&panchayat_code=3153003058&fin_year=2025-2026&source=&work_code=3153003058/AV/958486255824185671&msr_no=6759&AttendanceDate=22/03/2026&Digest=AcLQyr3e75lmWSwOnR6AOw",10
"BASTI","HARRAIYA","BHARGAWA","3153003058/RC/958486255823718541","6856","https://mnregaweb4.nic.in/nregaarch/View_NMMS_atten_date_dtl_rpt.aspx?page=&short_name=UP&state_name=UTTAR%20PRADESH&state_code=31&district_name=BASTI&district_code=3153&block_name=HARRAIYA&block_code=3153003&panchayat_name=BHARGAWA&panchayat_code=3153003058&fin_year=2025-2026&source=&work_code=3153003058/RC/958486255823718541&msr_no=6856&AttendanceDate=22/03/2026&Digest=y3iiQwHpP0jUNBcggbHiAQ",9
"BASTI","HARRAIYA","KHAMHARIA GANGARAM","3153003061/LD/958486255824988270","6913","https://mnregaweb4.nic.in/nregaarch/View_NMMS_atten_date_dtl_rpt.aspx?page=&short_name=UP&state_name=UTTAR%20PRADESH&state_code=31&district_name=BASTI&district_code=3153&block_name=HARRAIYA&block_code=3153003&panchayat_name=KHAMHARIA%20GANGARAM&panchayat_code=3153003061&fin_year=2025-2026&source=&work_code=3153003061/LD/958486255824988270&msr_no=6913&AttendanceDate=22/03/2026&Digest=cKgf2BPRw1UVDIkLE0444g",10
"BASTI","HARRAIYA","KHAMHARIA GANGARAM","3153003061/LD/958486255824988270","6916","https://mnregaweb4.nic.in/nregaarch/View_NMMS_atten_date_dtl_rpt.aspx?page=&short_name=UP&state_name=UTTAR%20PRADESH&state_code=31&district_name=BASTI&district_code=3153&block_name=HARRAIYA&block_code=3153003&panchayat_name=KHAMHARIA%20GANGARAM&panchayat_code=3153003061&fin_year=2025-2026&source=&work_code=3153003061/LD/958486255824988270&msr_no=6916&AttendanceDate=22/03/2026&Digest=AAAVwQCQNq2k//UMjFUQsg",5
"BASTI","HARRAIYA","KHAMHARIA GANGARAM","3153003061/LD/958486255824988274","6923","https://mnregaweb4.nic.in/nregaarch/View_NMMS_atten_date_dtl_rpt.aspx?page=&short_name=UP&state_name=UTTAR%20PRADESH&state_code=31&district_name=BASTI&district_code=3153&block_name=HARRAIYA&block_code=3153003&panchayat_name=KHAMHARIA%20GANGARAM&panchayat_code=3153003061&fin_year=2025-2026&source=&work_code=3153003061/LD/958486255824988274&msr_no=6923&AttendanceDate=22/03/2026&Digest=GNsQA9flP6HsGYm7GrQ5Ow",10
"BASTI","HARRAIYA","KHAMHARIA GANGARAM","3153003061/LD/958486255824988274","6926","https://mnregaweb4.nic.in/nregaarch/View_NMMS_atten_date_dtl_rpt.aspx?page=&short_name=UP&state_name=UTTAR%20PRADESH&state_code=31&district_name=BASTI&district_code=3153&block_name=HARRAIYA&block_code=3153003&panchayat_name=KHAMHARIA%20GANGARAM&panchayat_code=3153003061&fin_year=2025-2026&source=&work_code=3153003061/LD/958486255824988274&msr_no=6926&AttendanceDate=22/03/2026&Digest=TJdi2abck1FmtxUS1g5xzQ",10
"BASTI","HARRAIYA","PURAINA KHAS","3153003065/AV/958486255824184943","6989","https://mnregaweb4.nic.in/nregaarch/View_NMMS_atten_date_dtl_rpt.aspx?page=&short_name=UP&state_name=UTTAR%20PRADESH&state_code=31&district_name=BASTI&district_code=3153&block_name=HARRAIYA&block_code=3153003&panchayat_name=PURAINA%20KHAS&panchayat_code=3153003065&fin_year=2025-2026&source=&work_code=3153003065/AV/958486255824184943&msr_no=6989&AttendanceDate=22/03/2026&Digest=TfmuSluz1xuJvT22xzINFQ",6
"BASTI","HARRAIYA","BHADAWAL KALA","3153003074/WH/958486255823988938","6871","https://mnregaweb4.nic.in/nregaarch/View_NMMS_atten_date_dtl_rpt.aspx?page=&short_name=UP&state_name=UTTAR%20PRADESH&state_code=31&district_name=BASTI&district_code=3153&block_name=HARRAIYA&block_code=3153003&panchayat_name=BHADAWAL%20KALA&panchayat_code=3153003074&fin_year=2025-2026&source=&work_code=3153003074/WH/958486255823988938&msr_no=6871&AttendanceDate=22/03/2026&Digest=bTJPBGokFgfTZe3IKKbSwA",10
"BASTI","HARRAIYA","BHADAWAL KALA","3153003074/WH/958486255823988938","6874","https://mnregaweb4.nic.in/nregaarch/View_NMMS_atten_date_dtl_rpt.aspx?page=&short_name=UP&state_name=UTTAR%20PRADESH&state_code=31&district_name=BASTI&district_code=3153&block_name=HARRAIYA&block_code=3153003&panchayat_name=BHADAWAL%20KALA&panchayat_code=3153003074&fin_year=2025-2026&source=&work_code=3153003074/WH/958486255823988938&msr_no=6874&AttendanceDate=22/03/2026&Digest=X3d51MasGSy9mOtLnZaodg",10
"BASTI","HARRAIYA","SHAMBHUPUR","3153003077/WC/958486255823257967","6842","https://mnregaweb4.nic.in/nregaarch/View_NMMS_atten_date_dtl_rpt.aspx?page=&short_name=UP&state_name=UTTAR%20PRADESH&state_code=31&district_name=BASTI&district_code=3153&block_name=HARRAIYA&block_code=3153003&panchayat_name=SHAMBHUPUR&panchayat_code=3153003077&fin_year=2025-2026&source=&work_code=3153003077/WC/958486255823257967&msr_no=6842&AttendanceDate=22/03/2026&Digest=Vf6CjvVE4ljbARiAjG8CZw",10
"BASTI","HARRAIYA","KESHAWPUR","3153003079/LD/958486255824879264","6977","https://mnregaweb4.nic.in/nregaarch/View_NMMS_atten_date_dtl_rpt.aspx?page=&short_name=UP&state_name=UTTAR%20PRADESH&state_code=31&district_name=BASTI&district_code=3153&block_name=HARRAIYA&block_code=3153003&panchayat_name=KESHAWPUR&panchayat_code=3153003079&fin_year=2025-2026&source=&work_code=3153003079/LD/958486255824879264&msr_no=6977&AttendanceDate=22/03/2026&Digest=Bd9crwH9weM7gKweXB/ZNQ",10
"BASTI","HARRAIYA","KESHAWPUR","3153003079/LD/958486255824879264","6980","https://mnregaweb4.nic.in/nregaarch/View_NMMS_atten_date_dtl_rpt.aspx?page=&short_name=UP&state_name=UTTAR%20PRADESH&state_code=31&district_name=BASTI&district_code=3153&block_name=HARRAIYA&block_code=3153003&panchayat_name=KESHAWPUR&panchayat_code=3153003079&fin_year=2025-2026&source=&work_code=3153003079/LD/958486255824879264&msr_no=6980&AttendanceDate=22/03/2026&Digest=Ade64LbyW7CvRpHpVd3Psw",6
"BASTI","HARRAIYA","KESHAWPUR","3153003079/LD/958486255825004294","6973","https://mnregaweb4.nic.in/nregaarch/View_NMMS_atten_date_dtl_rpt.aspx?page=&short_name=UP&state_name=UTTAR%20PRADESH&state_code=31&district_name=BASTI&district_code=3153&block_name=HARRAIYA&block_code=3153003&panchayat_name=KESHAWPUR&panchayat_code=3153003079&fin_year=2025-2026&source=&work_code=3153003079/LD/958486255825004294&msr_no=6973&AttendanceDate=22/03/2026&Digest=YbmuwUhFQugrJgYJLYQu4g",10
"BASTI","HARRAIYA","KESHAWPUR","3153003079/LD/958486255825004294","6976","https://mnregaweb4.nic.in/nregaarch/View_NMMS_atten_date_dtl_rpt.aspx?page=&short_name=UP&state_name=UTTAR%20PRADESH&state_code=31&district_name=BASTI&district_code=3153&block_name=HARRAIYA&block_code=3153003&panchayat_name=KESHAWPUR&panchayat_code=3153003079&fin_year=2025-2026&source=&work_code=3153003079/LD/958486255825004294&msr_no=6976&AttendanceDate=22/03/2026&Digest=Qif+UJoMjq4stQRIrS42Fw",2
"BASTI","HARRAIYA","SAKARDAHA","3153003082/WH/958486255824006881","6757","https://mnregaweb4.nic.in/nregaarch/View_NMMS_atten_date_dtl_rpt.aspx?page=&short_name=UP&state_name=UTTAR%20PRADESH&state_code=31&district_name=BASTI&district_code=3153&block_name=HARRAIYA&block_code=3153003&panchayat_name=SAKARDAHA&panchayat_code=3153003082&fin_year=2025-2026&source=&work_code=3153003082/WH/958486255824006881&msr_no=6757&AttendanceDate=22/03/2026&Digest=lFnM3044zah1VU8i/Hmh+Q",9
"BASTI","HARRAIYA","KISHUNPUR","3153003084/RC/958486255823446020","6949","https://mnregaweb4.nic.in/nregaarch/View_NMMS_atten_date_dtl_rpt.aspx?page=&short_name=UP&state_name=UTTAR%20PRADESH&state_code=31&district_name=BASTI&district_code=3153&block_name=HARRAIYA&block_code=3153003&panchayat_name=KISHUNPUR&panchayat_code=3153003084&fin_year=2025-2026&source=&work_code=3153003084/RC/958486255823446020&msr_no=6949&AttendanceDate=22/03/2026&Digest=SCKbH6HM0n2Zjr3kIMHxwg",10
"BASTI","HARRAIYA","KISHUNPUR","3153003084/RC/958486255823446033","6948","https://mnregaweb4.nic.in/nregaarch/View_NMMS_atten_date_dtl_rpt.aspx?page=&short_name=UP&state_name=UTTAR%20PRADESH&state_code=31&district_name=BASTI&district_code=3153&block_name=HARRAIYA&block_code=3153003&panchayat_name=KISHUNPUR&panchayat_code=3153003084&fin_year=2025-2026&source=&work_code=3153003084/RC/958486255823446033&msr_no=6948&AttendanceDate=22/03/2026&Digest=WuuXntr7cO4QJY9htCiNRg",7
"BASTI","HARRAIYA","MUDWARA","3153003091/RC/958486255823747721","6887","https://mnregaweb4.nic.in/nregaarch/View_NMMS_atten_date_dtl_rpt.aspx?page=&short_name=UP&state_name=UTTAR%20PRADESH&state_code=31&district_name=BASTI&district_code=3153&block_name=HARRAIYA&block_code=3153003&panchayat_name=MUDWARA&panchayat_code=3153003091&fin_year=2025-2026&source=&work_code=3153003091/RC/958486255823747721&msr_no=6887&AttendanceDate=22/03/2026&Digest=tp7K2GEswkBZ11WlzZCE5g",10
"BASTI","HARRAIYA","RAJAULI","3153003097/IC/958486255823741420","6885","https://mnregaweb4.nic.in/nregaarch/View_NMMS_atten_date_dtl_rpt.aspx?page=&short_name=UP&state_name=UTTAR%20PRADESH&state_code=31&district_name=BASTI&district_code=3153&block_name=HARRAIYA&block_code=3153003&panchayat_name=RAJAULI&panchayat_code=3153003097&fin_year=2025-2026&source=&work_code=3153003097/IC/958486255823741420&msr_no=6885&AttendanceDate=22/03/2026&Digest=7BeSnrJhqh23mhsthTbJgw",5
"BASTI","KAPTANGANJ","PINESAR","3153005021/RC/958486255823733126","4804","https://mnregaweb4.nic.in/nregaarch/View_NMMS_atten_date_dtl_rpt.aspx?page=&short_name=UP&state_name=UTTAR%20PRADESH&state_code=31&district_name=BASTI&district_code=3153&block_name=KAPTANGANJ&block_code=3153005&panchayat_name=PINESAR&panchayat_code=3153005021&fin_year=2025-2026&source=&work_code=3153005021/RC/958486255823733126&msr_no=4804&AttendanceDate=22/03/2026&Digest=0A9dBbKG2j9ziyHYRwEMMQ",5
"BASTI","KAPTANGANJ","NARAYANPUR","3153005025/RC/958486255823747055","4889","https://mnregaweb4.nic.in/nregaarch/View_NMMS_atten_date_dtl_rpt.aspx?page=&short_name=UP&state_name=UTTAR%20PRADESH&state_code=31&district_name=BASTI&district_code=3153&block_name=KAPTANGANJ&block_code=3153005&panchayat_name=NARAYANPUR&panchayat_code=3153005025&fin_year=2025-2026&source=&work_code=3153005025/RC/958486255823747055&msr_no=4889&AttendanceDate=22/03/2026&Digest=WoVQsymrpoes2zlJgW+Reg",9
"BASTI","KAPTANGANJ","SARWALIYA","3153005034/RC/958486255823718353","4903","https://mnregaweb4.nic.in/nregaarch/View_NMMS_atten_date_dtl_rpt.aspx?page=&short_name=UP&state_name=UTTAR%20PRADESH&state_code=31&district_name=BASTI&district_code=3153&block_name=KAPTANGANJ&block_code=3153005&panchayat_name=SARWALIYA&panchayat_code=3153005034&fin_year=2025-2026&source=&work_code=3153005034/RC/958486255823718353&msr_no=4903&AttendanceDate=22/03/2026&Digest=pJxitPrZjANBq5wlDMh2mg",1
"BASTI","KAPTANGANJ","BARHNI","3153005046/RC/YD/958486255823698430","4809","https://mnregaweb4.nic.in/nregaarch/View_NMMS_atten_date_dtl_rpt.aspx?page=&short_name=UP&state_name=UTTAR%20PRADESH&state_code=31&district_name=BASTI&district_code=3153&block_name=KAPTANGANJ&block_code=3153005&panchayat_name=BARHNI&panchayat_code=3153005046&fin_year=2025-2026&source=&work_code=3153005046/RC/YD/958486255823698430&msr_no=4809&AttendanceDate=22/03/2026&Digest=g7+sjJxz9AnGR7PMkDiY5A",9
"BASTI","KAPTANGANJ","POKHRA","3153005054/RC/958486255823736562","4851","https://mnregaweb4.nic.in/nregaarch/View_NMMS_atten_date_dtl_rpt.aspx?page=&short_name=UP&state_name=UTTAR%20PRADESH&state_code=31&district_name=BASTI&district_code=3153&block_name=KAPTANGANJ&block_code=3153005&panchayat_name=POKHRA&panchayat_code=3153005054&fin_year=2025-2026&source=&work_code=3153005054/RC/958486255823736562&msr_no=4851&AttendanceDate=22/03/2026&Digest=dtyopdAplfzFVn+W7ZuiAA",10
"BASTI","KUDARAHA","BHERWA","3153013009/RC/958486255823743118","7623","https://mnregaweb4.nic.in/nregaarch/View_NMMS_atten_date_dtl_rpt.aspx?page=&short_name=UP&state_name=UTTAR%20PRADESH&state_code=31&district_name=BASTI&district_code=3153&block_name=KUDARAHA&block_code=3153013&panchayat_name=BHERWA&panchayat_code=3153013009&fin_year=2025-2026&source=&work_code=3153013009/RC/958486255823743118&msr_no=7623&AttendanceDate=22/03/2026&Digest=gw52jXrpdd+DYDdN2a5d6w",4
"BASTI","KUDARAHA","SHIVPUR","3153013013/RC/958486255823677143","8054","https://mnregaweb4.nic.in/nregaarch/View_NMMS_atten_date_dtl_rpt.aspx?page=&short_name=UP&state_name=UTTAR%20PRADESH&state_code=31&district_name=BASTI&district_code=3153&block_name=KUDARAHA&block_code=3153013&panchayat_name=SHIVPUR&panchayat_code=3153013013&fin_year=2025-2026&source=&work_code=3153013013/RC/958486255823677143&msr_no=8054&AttendanceDate=22/03/2026&Digest=vImYtpdNbRGp/TQRY7Io+w",1
"BASTI","KUDARAHA","CHAUBAAH","3153013014/LD/958486255824934681","7775","https://mnregaweb4.nic.in/nregaarch/View_NMMS_atten_date_dtl_rpt.aspx?page=&short_name=UP&state_name=UTTAR%20PRADESH&state_code=31&district_name=BASTI&district_code=3153&block_name=KUDARAHA&block_code=3153013&panchayat_name=CHAUBAAH&panchayat_code=3153013014&fin_year=2025-2026&source=&work_code=3153013014/LD/958486255824934681&msr_no=7775&AttendanceDate=22/03/2026&Digest=I4fYU+Ip7uzcbziOEbf/Kw",10
"BASTI","KUDARAHA","KOP","3153013018/RC/958486255823711538","7892","https://mnregaweb4.nic.in/nregaarch/View_NMMS_atten_date_dtl_rpt.aspx?page=&short_name=UP&state_name=UTTAR%20PRADESH&state_code=31&district_name=BASTI&district_code=3153&block_name=KUDARAHA&block_code=3153013&panchayat_name=KOP&panchayat_code=3153013018&fin_year=2025-2026&source=&work_code=3153013018/RC/958486255823711538&msr_no=7892&AttendanceDate=22/03/2026&Digest=VC90+xl+SJLhl65+0DmcRA",7
"BASTI","KUDARAHA","CHAKIYA","3153013021/LD/958486255825007259","7493","https://mnregaweb4.nic.in/nregaarch/View_NMMS_atten_date_dtl_rpt.aspx?page=&short_name=UP&state_name=UTTAR%20PRADESH&state_code=31&district_name=BASTI&district_code=3153&block_name=KUDARAHA&block_code=3153013&panchayat_name=CHAKIYA&panchayat_code=3153013021&fin_year=2025-2026&source=&work_code=3153013021/LD/958486255825007259&msr_no=7493&AttendanceDate=22/03/2026&Digest=csw1w8j+mg0/8ox4zm/F0w",10
"BASTI","KUDARAHA","CHAKIYA","3153013021/LD/958486255825007259","7496","https://mnregaweb4.nic.in/nregaarch/View_NMMS_atten_date_dtl_rpt.aspx?page=&short_name=UP&state_name=UTTAR%20PRADESH&state_code=31&district_name=BASTI&district_code=3153&block_name=KUDARAHA&block_code=3153013&panchayat_name=CHAKIYA&panchayat_code=3153013021&fin_year=2025-2026&source=&work_code=3153013021/LD/958486255825007259&msr_no=7496&AttendanceDate=22/03/2026&Digest=hSRI8HU/cnOfZywiajhLLg",10
"BASTI","KUDARAHA","CHHIBRA","3153013023/RC/958486255823701120","7729","https://mnregaweb4.nic.in/nregaarch/View_NMMS_atten_date_dtl_rpt.aspx?page=&short_name=UP&state_name=UTTAR%20PRADESH&state_code=31&district_name=BASTI&district_code=3153&block_name=KUDARAHA&block_code=3153013&panchayat_name=CHHIBRA&panchayat_code=3153013023&fin_year=2025-2026&source=&work_code=3153013023/RC/958486255823701120&msr_no=7729&AttendanceDate=22/03/2026&Digest=Pwp+MiOfTbZqDPDIWWqYpw",8
"BASTI","KUDARAHA","GANGAPUR","3153013025/RC/958486255823679231","7778","https://mnregaweb4.nic.in/nregaarch/View_NMMS_atten_date_dtl_rpt.aspx?page=&short_name=UP&state_name=UTTAR%20PRADESH&state_code=31&district_name=BASTI&district_code=3153&block_name=KUDARAHA&block_code=3153013&panchayat_name=GANGAPUR&panchayat_code=3153013025&fin_year=2025-2026&source=&work_code=3153013025/RC/958486255823679231&msr_no=7778&AttendanceDate=22/03/2026&Digest=qW5ZcI/6JqrMa4icQyqe2g",2
"BASTI","KUDARAHA","SUVRAHA","3153013026/RC/958486255823725224","8046","https://mnregaweb4.nic.in/nregaarch/View_NMMS_atten_date_dtl_rpt.aspx?page=&short_name=UP&state_name=UTTAR%20PRADESH&state_code=31&district_name=BASTI&district_code=3153&block_name=KUDARAHA&block_code=3153013&panchayat_name=SUVRAHA&panchayat_code=3153013026&fin_year=2025-2026&source=&work_code=3153013026/RC/958486255823725224&msr_no=8046&AttendanceDate=22/03/2026&Digest=qZops3dJlSUvaBaJu4SWlQ",10
"BASTI","KUDARAHA","KORMA","3153013029/LD/958486255824959030","7760","https://mnregaweb4.nic.in/nregaarch/View_NMMS_atten_date_dtl_rpt.aspx?page=&short_name=UP&state_name=UTTAR%20PRADESH&state_code=31&district_name=BASTI&district_code=3153&block_name=KUDARAHA&block_code=3153013&panchayat_name=KORMA&panchayat_code=3153013029&fin_year=2025-2026&source=&work_code=3153013029/LD/958486255824959030&msr_no=7760&AttendanceDate=22/03/2026&Digest=dMmwRHz5vLE8PlO1e0XWvA",8
"BASTI","KUDARAHA","AMAIPAR","3153013032/RC/958486255823694991","7828","https://mnregaweb4.nic.in/nregaarch/View_NMMS_atten_date_dtl_rpt.aspx?page=&short_name=UP&state_name=UTTAR%20PRADESH&state_code=31&district_name=BASTI&district_code=3153&block_name=KUDARAHA&block_code=3153013&panchayat_name=AMAIPAR&panchayat_code=3153013032&fin_year=2025-2026&source=&work_code=3153013032/RC/958486255823694991&msr_no=7828&AttendanceDate=22/03/2026&Digest=oWAN4hItQH25Z230lqMy8A",8
"BASTI","KUDARAHA","JAGANNATHPUR","3153013035/LD/958486255824982494","8007","https://mnregaweb4.nic.in/nregaarch/View_NMMS_atten_date_dtl_rpt.aspx?page=&short_name=UP&state_name=UTTAR%20PRADESH&state_code=31&district_name=BASTI&district_code=3153&block_name=KUDARAHA&block_code=3153013&panchayat_name=JAGANNATHPUR&panchayat_code=3153013035&fin_year=2025-2026&source=&work_code=3153013035/LD/958486255824982494&msr_no=8007&AttendanceDate=22/03/2026&Digest=rmiFBIlsqw9cVtZUq3g3yQ",9
"BASTI","KUDARAHA","PASRA","3153013046/LD/958486255824692144","7670","https://mnregaweb4.nic.in/nregaarch/View_NMMS_atten_date_dtl_rpt.aspx?page=&short_name=UP&state_name=UTTAR%20PRADESH&state_code=31&district_name=BASTI&district_code=3153&block_name=KUDARAHA&block_code=3153013&panchayat_name=PASRA&panchayat_code=3153013046&fin_year=2025-2026&source=&work_code=3153013046/LD/958486255824692144&msr_no=7670&AttendanceDate=22/03/2026&Digest=IrCcVgH78iVrtINmnxiJCQ",10
"BASTI","KUDARAHA","BAISIYA KALA","3153013050/LD/958486255824953603","7714","https://mnregaweb4.nic.in/nregaarch/View_NMMS_atten_date_dtl_rpt.aspx?page=&short_name=UP&state_name=UTTAR%20PRADESH&state_code=31&district_name=BASTI&district_code=3153&block_name=KUDARAHA&block_code=3153013&panchayat_name=BAISIYA%20KALA&panchayat_code=3153013050&fin_year=2025-2026&source=&work_code=3153013050/LD/958486255824953603&msr_no=7714&AttendanceDate=22/03/2026&Digest=+C1FMo7aYMCGMTvAa7xq0A",9
"BASTI","KUDARAHA","MANJHARIYA","3153013057/LD/958486255824935540","7747","https://mnregaweb4.nic.in/nregaarch/View_NMMS_atten_date_dtl_rpt.aspx?page=&short_name=UP&state_name=UTTAR%20PRADESH&state_code=31&district_name=BASTI&district_code=3153&block_name=KUDARAHA&block_code=3153013&panchayat_name=MANJHARIYA&panchayat_code=3153013057&fin_year=2025-2026&source=&work_code=3153013057/LD/958486255824935540&msr_no=7747&AttendanceDate=22/03/2026&Digest=zD0B517t+vvFf4Fv2QiawA",10
"BASTI","KUDARAHA","MANJHARIYA","3153013057/LD/958486255824935540","7750","https://mnregaweb4.nic.in/nregaarch/View_NMMS_atten_date_dtl_rpt.aspx?page=&short_name=UP&state_name=UTTAR%20PRADESH&state_code=31&district_name=BASTI&district_code=3153&block_name=KUDARAHA&block_code=3153013&panchayat_name=MANJHARIYA&panchayat_code=3153013057&fin_year=2025-2026&source=&work_code=3153013057/LD/958486255824935540&msr_no=7750&AttendanceDate=22/03/2026&Digest=v5dNA+Fl5Pp1HsiGS0MgKg",1
"BASTI","KUDARAHA","MANJHARIYA","3153013057/RC/958486255823656451","7546","https://mnregaweb4.nic.in/nregaarch/View_NMMS_atten_date_dtl_rpt.aspx?page=&short_name=UP&state_name=UTTAR%20PRADESH&state_code=31&district_name=BASTI&district_code=3153&block_name=KUDARAHA&block_code=3153013&panchayat_name=MANJHARIYA&panchayat_code=3153013057&fin_year=2025-2026&source=&work_code=3153013057/RC/958486255823656451&msr_no=7546&AttendanceDate=22/03/2026&Digest=3wKFET+yL8XuVzuGEjBPdA",10
"BASTI","KUDARAHA","CHARADHE","3153013058/RC/958486255823667723","7961","https://mnregaweb4.nic.in/nregaarch/View_NMMS_atten_date_dtl_rpt.aspx?page=&short_name=UP&state_name=UTTAR%20PRADESH&state_code=31&district_name=BASTI&district_code=3153&block_name=KUDARAHA&block_code=3153013&panchayat_name=CHARADHE&panchayat_code=3153013058&fin_year=2025-2026&source=&work_code=3153013058/RC/958486255823667723&msr_no=7961&AttendanceDate=22/03/2026&Digest=3phIN+R4CyZYVMjK7IklQg",8
"BASTI","KUDARAHA","BAANPUR","3153013059/RC/958486255823694013","7705","https://mnregaweb4.nic.in/nregaarch/View_NMMS_atten_date_dtl_rpt.aspx?page=&short_name=UP&state_name=UTTAR%20PRADESH&state_code=31&district_name=BASTI&district_code=3153&block_name=KUDARAHA&block_code=3153013&panchayat_name=BAANPUR&panchayat_code=3153013059&fin_year=2025-2026&source=&work_code=3153013059/RC/958486255823694013&msr_no=7705&AttendanceDate=22/03/2026&Digest=lS0agbufYus9g0Bv5YRfng",3
"BASTI","KUDARAHA","BAANPUR","3153013059/RC/958486255823694017","7703","https://mnregaweb4.nic.in/nregaarch/View_NMMS_atten_date_dtl_rpt.aspx?page=&short_name=UP&state_name=UTTAR%20PRADESH&state_code=31&district_name=BASTI&district_code=3153&block_name=KUDARAHA&block_code=3153013&panchayat_name=BAANPUR&panchayat_code=3153013059&fin_year=2025-2026&source=&work_code=3153013059/RC/958486255823694017&msr_no=7703&AttendanceDate=22/03/2026&Digest=6/8KjOrDsCBaygqPJUbFYg",3
"BASTI","KUDARAHA","DIHUKPURA","3153013060/RC/958486255823750157","8091","https://mnregaweb4.nic.in/nregaarch/View_NMMS_atten_date_dtl_rpt.aspx?page=&short_name=UP&state_name=UTTAR%20PRADESH&state_code=31&district_name=BASTI&district_code=3153&block_name=KUDARAHA&block_code=3153013&panchayat_name=DIHUKPURA&panchayat_code=3153013060&fin_year=2025-2026&source=&work_code=3153013060/RC/958486255823750157&msr_no=8091&AttendanceDate=22/03/2026&Digest=XLYZ5/J9ZB/mkhnho2HeiQ",9
"BASTI","KUDARAHA","JIBHIYAV","3153013062/RC/958486255823747131","7809","https://mnregaweb4.nic.in/nregaarch/View_NMMS_atten_date_dtl_rpt.aspx?page=&short_name=UP&state_name=UTTAR%20PRADESH&state_code=31&district_name=BASTI&district_code=3153&block_name=KUDARAHA&block_code=3153013&panchayat_name=JIBHIYAV&panchayat_code=3153013062&fin_year=2025-2026&source=&work_code=3153013062/RC/958486255823747131&msr_no=7809&AttendanceDate=22/03/2026&Digest=7lhVtjOO7Eq4FtIIxXl5VA",4
"BASTI","KUDARAHA","TENUA","3153013064/LD/958486255825009970","7572","https://mnregaweb4.nic.in/nregaarch/View_NMMS_atten_date_dtl_rpt.aspx?page=&short_name=UP&state_name=UTTAR%20PRADESH&state_code=31&district_name=BASTI&district_code=3153&block_name=KUDARAHA&block_code=3153013&panchayat_name=TENUA&panchayat_code=3153013064&fin_year=2025-2026&source=&work_code=3153013064/LD/958486255825009970&msr_no=7572&AttendanceDate=22/03/2026&Digest=k66hqCp3IpHb4viknuPrAQ",10
"BASTI","KUDARAHA","TENUA","3153013064/LD/958486255825009970","7575","https://mnregaweb4.nic.in/nregaarch/View_NMMS_atten_date_dtl_rpt.aspx?page=&short_name=UP&state_name=UTTAR%20PRADESH&state_code=31&district_name=BASTI&district_code=3153&block_name=KUDARAHA&block_code=3153013&panchayat_name=TENUA&panchayat_code=3153013064&fin_year=2025-2026&source=&work_code=3153013064/LD/958486255825009970&msr_no=7575&AttendanceDate=22/03/2026&Digest=zkU7xjpga6aNap3uFTUKCA",10
"BASTI","KUDARAHA","BAIRARA MUSTAHKAM","3153013065/RC/958486255823740362","7949","https://mnregaweb4.nic.in/nregaarch/View_NMMS_atten_date_dtl_rpt.aspx?page=&short_name=UP&state_name=UTTAR%20PRADESH&state_code=31&district_name=BASTI&district_code=3153&block_name=KUDARAHA&block_code=3153013&panchayat_name=BAIRARA%20MUSTAHKAM&panchayat_code=3153013065&fin_year=2025-2026&source=&work_code=3153013065/RC/958486255823740362&msr_no=7949&AttendanceDate=22/03/2026&Digest=rdahsG+A8iznaJZOfchZvg",10
"BASTI","KUDARAHA","PIPARPATI EHATMALI","3153013071/RC/958486255823746235","8018","https://mnregaweb4.nic.in/nregaarch/View_NMMS_atten_date_dtl_rpt.aspx?page=&short_name=UP&state_name=UTTAR%20PRADESH&state_code=31&district_name=BASTI&district_code=3153&block_name=KUDARAHA&block_code=3153013&panchayat_name=PIPARPATI%20EHATMALI&panchayat_code=3153013071&fin_year=2025-2026&source=&work_code=3153013071/RC/958486255823746235&msr_no=8018&AttendanceDate=22/03/2026&Digest=KFb1po+6NgZnIBBf1HRmQA",10
"BASTI","KUDARAHA","PIPARPATI EHATMALI","3153013071/RC/958486255823746235","8021","https://mnregaweb4.nic.in/nregaarch/View_NMMS_atten_date_dtl_rpt.aspx?page=&short_name=UP&state_name=UTTAR%20PRADESH&state_code=31&district_name=BASTI&district_code=3153&block_name=KUDARAHA&block_code=3153013&panchayat_name=PIPARPATI%20EHATMALI&panchayat_code=3153013071&fin_year=2025-2026&source=&work_code=3153013071/RC/958486255823746235&msr_no=8021&AttendanceDate=22/03/2026&Digest=AvTPJ93rjUz715s8ucwleA",10
"BASTI","KUDARAHA","HARKHAILIYA URF MATIYARIA","3153013074/RC/YD/958486255823746903","7641","https://mnregaweb4.nic.in/nregaarch/View_NMMS_atten_date_dtl_rpt.aspx?page=&short_name=UP&state_name=UTTAR%20PRADESH&state_code=31&district_name=BASTI&district_code=3153&block_name=KUDARAHA&block_code=3153013&panchayat_name=HARKHAILIYA%20URF%20MATIYARIA&panchayat_code=3153013074&fin_year=2025-2026&source=&work_code=3153013074/RC/YD/958486255823746903&msr_no=7641&AttendanceDate=22/03/2026&Digest=ZaGji2c8gHC1tRAoYMsCYw",10
"BASTI","KUDARAHA","RAGHAUPUR","3153013075/RC/958486255823592070","8106","https://mnregaweb4.nic.in/nregaarch/View_NMMS_atten_date_dtl_rpt.aspx?page=&short_name=UP&state_name=UTTAR%20PRADESH&state_code=31&district_name=BASTI&district_code=3153&block_name=KUDARAHA&block_code=3153013&panchayat_name=RAGHAUPUR&panchayat_code=3153013075&fin_year=2025-2026&source=&work_code=3153013075/RC/958486255823592070&msr_no=8106&AttendanceDate=22/03/2026&Digest=OylvZX3xcwM4lCqryjaejw",5
"BASTI","KUDARAHA","DAIJI","3153013078/LD/958486255824702897","8050","https://mnregaweb4.nic.in/nregaarch/View_NMMS_atten_date_dtl_rpt.aspx?page=&short_name=UP&state_name=UTTAR%20PRADESH&state_code=31&district_name=BASTI&district_code=3153&block_name=KUDARAHA&block_code=3153013&panchayat_name=DAIJI&panchayat_code=3153013078&fin_year=2025-2026&source=&work_code=3153013078/LD/958486255824702897&msr_no=8050&AttendanceDate=22/03/2026&Digest=tYjBR8rtIvU/BlNlrEJocQ",10
"BASTI","KUDARAHA","DAIJI","3153013078/RC/958486255823747071","7786","https://mnregaweb4.nic.in/nregaarch/View_NMMS_atten_date_dtl_rpt.aspx?page=&short_name=UP&state_name=UTTAR%20PRADESH&state_code=31&district_name=BASTI&district_code=3153&block_name=KUDARAHA&block_code=3153013&panchayat_name=DAIJI&panchayat_code=3153013078&fin_year=2025-2026&source=&work_code=3153013078/RC/958486255823747071&msr_no=7786&AttendanceDate=22/03/2026&Digest=vvfezf06/xZSdj+gHcKGLA",10
"BASTI","PARAS RAMPUR","BELBHARIYA","3153001010/RC/958486255823732335","9386","https://mnregaweb4.nic.in/nregaarch/View_NMMS_atten_date_dtl_rpt.aspx?page=&short_name=UP&state_name=UTTAR%20PRADESH&state_code=31&district_name=BASTI&district_code=3153&block_name=PARAS%20RAMPUR&block_code=3153001&panchayat_name=BELBHARIYA&panchayat_code=3153001010&fin_year=2025-2026&source=&work_code=3153001010/RC/958486255823732335&msr_no=9386&AttendanceDate=22/03/2026&Digest=kSCDEGtujjBrUi/nl9IXgA",2
"BASTI","PARAS RAMPUR","BHAISAHAWA","3153001011/RC/958486255823728168","9381","https://mnregaweb4.nic.in/nregaarch/View_NMMS_atten_date_dtl_rpt.aspx?page=&short_name=UP&state_name=UTTAR%20PRADESH&state_code=31&district_name=BASTI&district_code=3153&block_name=PARAS%20RAMPUR&block_code=3153001&panchayat_name=BHAISAHAWA&panchayat_code=3153001011&fin_year=2025-2026&source=&work_code=3153001011/RC/958486255823728168&msr_no=9381&AttendanceDate=22/03/2026&Digest=PYqTyLgKTemIB07bW4DXXw",4
"BASTI","PARAS RAMPUR","BICHHIYA MISHRA","3153001013/RC/958486255823699322","9558","https://mnregaweb4.nic.in/nregaarch/View_NMMS_atten_date_dtl_rpt.aspx?page=&short_name=UP&state_name=UTTAR%20PRADESH&state_code=31&district_name=BASTI&district_code=3153&block_name=PARAS%20RAMPUR&block_code=3153001&panchayat_name=BICHHIYA%20MISHRA&panchayat_code=3153001013&fin_year=2025-2026&source=&work_code=3153001013/RC/958486255823699322&msr_no=9558&AttendanceDate=22/03/2026&Digest=ZxWz3CJIL2DO1KyxwZ26mQ",8
"BASTI","PARAS RAMPUR","BICHNAIYA PANDEY","3153001014/RC/958486255823646074","9509","https://mnregaweb4.nic.in/nregaarch/View_NMMS_atten_date_dtl_rpt.aspx?page=&short_name=UP&state_name=UTTAR%20PRADESH&state_code=31&district_name=BASTI&district_code=3153&block_name=PARAS%20RAMPUR&block_code=3153001&panchayat_name=BICHNAIYA%20PANDEY&panchayat_code=3153001014&fin_year=2025-2026&source=&work_code=3153001014/RC/958486255823646074&msr_no=9509&AttendanceDate=22/03/2026&Digest=kLOMYQjp/f+F0zDfp6Mxzg",4
"BASTI","PARAS RAMPUR","BICHNAIYA PANDEY","3153001014/RC/958486255823701145","9532","https://mnregaweb4.nic.in/nregaarch/View_NMMS_atten_date_dtl_rpt.aspx?page=&short_name=UP&state_name=UTTAR%20PRADESH&state_code=31&district_name=BASTI&district_code=3153&block_name=PARAS%20RAMPUR&block_code=3153001&panchayat_name=BICHNAIYA%20PANDEY&panchayat_code=3153001014&fin_year=2025-2026&source=&work_code=3153001014/RC/958486255823701145&msr_no=9532&AttendanceDate=22/03/2026&Digest=7sBnEZybuOYiJe5BlXwdzg",1
"BASTI","PARAS RAMPUR","CHAORI","3153001015/LD/958486255825005262","9376","https://mnregaweb4.nic.in/nregaarch/View_NMMS_atten_date_dtl_rpt.aspx?page=&short_name=UP&state_name=UTTAR%20PRADESH&state_code=31&district_name=BASTI&district_code=3153&block_name=PARAS%20RAMPUR&block_code=3153001&panchayat_name=CHAORI&panchayat_code=3153001015&fin_year=2025-2026&source=&work_code=3153001015/LD/958486255825005262&msr_no=9376&AttendanceDate=22/03/2026&Digest=CMl13TwJpuEZ36UiV3Oyvg",6
"BASTI","PARAS RAMPUR","CHHEDIYAPARA","3153001016/LD/958486255824986999","9582","https://mnregaweb4.nic.in/nregaarch/View_NMMS_atten_date_dtl_rpt.aspx?page=&short_name=UP&state_name=UTTAR%20PRADESH&state_code=31&district_name=BASTI&district_code=3153&block_name=PARAS%20RAMPUR&block_code=3153001&panchayat_name=CHHEDIYAPARA&panchayat_code=3153001016&fin_year=2025-2026&source=&work_code=3153001016/LD/958486255824986999&msr_no=9582&AttendanceDate=22/03/2026&Digest=Vd6jbZ51yaNqE+4PB0Pf1A",9
"BASTI","PARAS RAMPUR","KISHUNPUR","3153001043/RC/958486255823728851","9562","https://mnregaweb4.nic.in/nregaarch/View_NMMS_atten_date_dtl_rpt.aspx?page=&short_name=UP&state_name=UTTAR%20PRADESH&state_code=31&district_name=BASTI&district_code=3153&block_name=PARAS%20RAMPUR&block_code=3153001&panchayat_name=KISHUNPUR&panchayat_code=3153001043&fin_year=2025-2026&source=&work_code=3153001043/RC/958486255823728851&msr_no=9562&AttendanceDate=22/03/2026&Digest=SWsa0LWG32qTCmUvqPJ4YA",5
"BASTI","PARAS RAMPUR","NAGPUR TIKAYT","3153001055/LD/958486255824641104","9457","https://mnregaweb4.nic.in/nregaarch/View_NMMS_atten_date_dtl_rpt.aspx?page=&short_name=UP&state_name=UTTAR%20PRADESH&state_code=31&district_name=BASTI&district_code=3153&block_name=PARAS%20RAMPUR&block_code=3153001&panchayat_name=NAGPUR%20TIKAYT&panchayat_code=3153001055&fin_year=2025-2026&source=&work_code=3153001055/LD/958486255824641104&msr_no=9457&AttendanceDate=22/03/2026&Digest=+uvJXmsByS71sYAwsBFhyw",10
"BASTI","PARAS RAMPUR","NANADNAGAR","3153001056/LD/958486255824933008","9275","https://mnregaweb4.nic.in/nregaarch/View_NMMS_atten_date_dtl_rpt.aspx?page=&short_name=UP&state_name=UTTAR%20PRADESH&state_code=31&district_name=BASTI&district_code=3153&block_name=PARAS%20RAMPUR&block_code=3153001&panchayat_name=NANADNAGAR&panchayat_code=3153001056&fin_year=2025-2026&source=&work_code=3153001056/LD/958486255824933008&msr_no=9275&AttendanceDate=22/03/2026&Digest=YMm1lStbo1KfUWZIBEJquw",10
"BASTI","PARAS RAMPUR","NANADNAGAR","3153001056/WH/958486255823988945","9523","https://mnregaweb4.nic.in/nregaarch/View_NMMS_atten_date_dtl_rpt.aspx?page=&short_name=UP&state_name=UTTAR%20PRADESH&state_code=31&district_name=BASTI&district_code=3153&block_name=PARAS%20RAMPUR&block_code=3153001&panchayat_name=NANADNAGAR&panchayat_code=3153001056&fin_year=2025-2026&source=&work_code=3153001056/WH/958486255823988945&msr_no=9523&AttendanceDate=22/03/2026&Digest=CCPZfm9WxFIqJUvFLHSt0w",10
"BASTI","PARAS RAMPUR","PARSURAMPUR","3153001064/RC/958486255823732685","9337","https://mnregaweb4.nic.in/nregaarch/View_NMMS_atten_date_dtl_rpt.aspx?page=&short_name=UP&state_name=UTTAR%20PRADESH&state_code=31&district_name=BASTI&district_code=3153&block_name=PARAS%20RAMPUR&block_code=3153001&panchayat_name=PARSURAMPUR&panchayat_code=3153001064&fin_year=2025-2026&source=&work_code=3153001064/RC/958486255823732685&msr_no=9337&AttendanceDate=22/03/2026&Digest=sd3EtbJ+qArVkAT7/nGQMg",4
"BASTI","PARAS RAMPUR","RAGHUPUR","3153001067/IC/958486255823741774","9272","https://mnregaweb4.nic.in/nregaarch/View_NMMS_atten_date_dtl_rpt.aspx?page=&short_name=UP&state_name=UTTAR%20PRADESH&state_code=31&district_name=BASTI&district_code=3153&block_name=PARAS%20RAMPUR&block_code=3153001&panchayat_name=RAGHUPUR&panchayat_code=3153001067&fin_year=2025-2026&source=&work_code=3153001067/IC/958486255823741774&msr_no=9272&AttendanceDate=22/03/2026&Digest=RgdAPXzBwLqK12R2Da8UcQ",7
"BASTI","PARAS RAMPUR","RAGHVAPUR","3153001068/LD/958486255824935221","9265","https://mnregaweb4.nic.in/nregaarch/View_NMMS_atten_date_dtl_rpt.aspx?page=&short_name=UP&state_name=UTTAR%20PRADESH&state_code=31&district_name=BASTI&district_code=3153&block_name=PARAS%20RAMPUR&block_code=3153001&panchayat_name=RAGHVAPUR&panchayat_code=3153001068&fin_year=2025-2026&source=&work_code=3153001068/LD/958486255824935221&msr_no=9265&AttendanceDate=22/03/2026&Digest=ATGlUBEOAcjwm5VmGxPttA",8
"BASTI","PARAS RAMPUR","RIDHAURA","3153001072/AV/958486255824186487","9387","https://mnregaweb4.nic.in/nregaarch/View_NMMS_atten_date_dtl_rpt.aspx?page=&short_name=UP&state_name=UTTAR%20PRADESH&state_code=31&district_name=BASTI&district_code=3153&block_name=PARAS%20RAMPUR&block_code=3153001&panchayat_name=RIDHAURA&panchayat_code=3153001072&fin_year=2025-2026&source=&work_code=3153001072/AV/958486255824186487&msr_no=9387&AttendanceDate=22/03/2026&Digest=ypCxO13mspxYF1jNY9zWXg",10
"BASTI","PARAS RAMPUR","SUKRAULI KUWAR","3153001078/AV/958486255824186356","9603","https://mnregaweb4.nic.in/nregaarch/View_NMMS_atten_date_dtl_rpt.aspx?page=&short_name=UP&state_name=UTTAR%20PRADESH&state_code=31&district_name=BASTI&district_code=3153&block_name=PARAS%20RAMPUR&block_code=3153001&panchayat_name=SUKRAULI%20KUWAR&panchayat_code=3153001078&fin_year=2025-2026&source=&work_code=3153001078/AV/958486255824186356&msr_no=9603&AttendanceDate=22/03/2026&Digest=WOWupWe+OprOCBxw/DrEIA",2
"BASTI","PARAS RAMPUR","SUKRAULI KUWAR","3153001078/RC/958486255823732695","9606","https://mnregaweb4.nic.in/nregaarch/View_NMMS_atten_date_dtl_rpt.aspx?page=&short_name=UP&state_name=UTTAR%20PRADESH&state_code=31&district_name=BASTI&district_code=3153&block_name=PARAS%20RAMPUR&block_code=3153001&panchayat_name=SUKRAULI%20KUWAR&panchayat_code=3153001078&fin_year=2025-2026&source=&work_code=3153001078/RC/958486255823732695&msr_no=9606&AttendanceDate=22/03/2026&Digest=h9uxPFJhTHYlWczFk0AyGQ",4
"BASTI","PARAS RAMPUR","DHOSHAR MISHRA","3153001085/LD/958486255824966588","9454","https://mnregaweb4.nic.in/nregaarch/View_NMMS_atten_date_dtl_rpt.aspx?page=&short_name=UP&state_name=UTTAR%20PRADESH&state_code=31&district_name=BASTI&district_code=3153&block_name=PARAS%20RAMPUR&block_code=3153001&panchayat_name=DHOSHAR%20MISHRA&panchayat_code=3153001085&fin_year=2025-2026&source=&work_code=3153001085/LD/958486255824966588&msr_no=9454&AttendanceDate=22/03/2026&Digest=n6u3wDok0oQYPZ4IAnmGxQ",10
"BASTI","PARAS RAMPUR","MUKUND PUR","3153001091/WC/958486255824209000","9595","https://mnregaweb4.nic.in/nregaarch/View_NMMS_atten_date_dtl_rpt.aspx?page=&short_name=UP&state_name=UTTAR%20PRADESH&state_code=31&district_name=BASTI&district_code=3153&block_name=PARAS%20RAMPUR&block_code=3153001&panchayat_name=MUKUND%20PUR&panchayat_code=3153001091&fin_year=2025-2026&source=&work_code=3153001091/WC/958486255824209000&msr_no=9595&AttendanceDate=22/03/2026&Digest=h5e6QgY+SEkA6bpl4GfYRw",10
"BASTI","PARAS RAMPUR","BILARI BHITI","3153001092/LD/958486255824949574","9194","https://mnregaweb4.nic.in/nregaarch/View_NMMS_atten_date_dtl_rpt.aspx?page=&short_name=UP&state_name=UTTAR%20PRADESH&state_code=31&district_name=BASTI&district_code=3153&block_name=PARAS%20RAMPUR&block_code=3153001&panchayat_name=BILARI%20BHITI&panchayat_code=3153001092&fin_year=2025-2026&source=&work_code=3153001092/LD/958486255824949574&msr_no=9194&AttendanceDate=22/03/2026&Digest=00vYiuiq+xG+gLJNBNOCRw",9
"BASTI","PARAS RAMPUR","PITUDA","3153001093/LD/958486255824888940","9223","https://mnregaweb4.nic.in/nregaarch/View_NMMS_atten_date_dtl_rpt.aspx?page=&short_name=UP&state_name=UTTAR%20PRADESH&state_code=31&district_name=BASTI&district_code=3153&block_name=PARAS%20RAMPUR&block_code=3153001&panchayat_name=PITUDA&panchayat_code=3153001093&fin_year=2025-2026&source=&work_code=3153001093/LD/958486255824888940&msr_no=9223&AttendanceDate=22/03/2026&Digest=szZjHn3sAUzJBHlxqsa3Sg",9
"BASTI","PARAS RAMPUR","RAMPUR NAV NIDHI RAI","3153001096/LD/958486255824671641","9619","https://mnregaweb4.nic.in/nregaarch/View_NMMS_atten_date_dtl_rpt.aspx?page=&short_name=UP&state_name=UTTAR%20PRADESH&state_code=31&district_name=BASTI&district_code=3153&block_name=PARAS%20RAMPUR&block_code=3153001&panchayat_name=RAMPUR%20NAV%20NIDHI%20RAI&panchayat_code=3153001096&fin_year=2025-2026&source=&work_code=3153001096/LD/958486255824671641&msr_no=9619&AttendanceDate=22/03/2026&Digest=z1mqdxT2jg9V1D7CHAgduA",9
"BASTI","PARAS RAMPUR","SEHARIYA MADHUKARPUR","3153001097/LD/958486255824741360","9607","https://mnregaweb4.nic.in/nregaarch/View_NMMS_atten_date_dtl_rpt.aspx?page=&short_name=UP&state_name=UTTAR%20PRADESH&state_code=31&district_name=BASTI&district_code=3153&block_name=PARAS%20RAMPUR&block_code=3153001&panchayat_name=SEHARIYA%20MADHUKARPUR&panchayat_code=3153001097&fin_year=2025-2026&source=&work_code=3153001097/LD/958486255824741360&msr_no=9607&AttendanceDate=22/03/2026&Digest=huvQm3C7QSQyuKdlNzd57A",6
"BASTI","PARAS RAMPUR","JAMOLIYA PANDEY","3153001102/RC/958486255823726351","9527","https://mnregaweb4.nic.in/nregaarch/View_NMMS_atten_date_dtl_rpt.aspx?page=&short_name=UP&state_name=UTTAR%20PRADESH&state_code=31&district_name=BASTI&district_code=3153&block_name=PARAS%20RAMPUR&block_code=3153001&panchayat_name=JAMOLIYA%20PANDEY&panchayat_code=3153001102&fin_year=2025-2026&source=&work_code=3153001102/RC/958486255823726351&msr_no=9527&AttendanceDate=22/03/2026&Digest=XALuTZHXo5wgD4/HuG1CiQ",10
"BASTI","PARAS RAMPUR","JAMOLIYA PANDEY","3153001102/RC/958486255823726351","9530","https://mnregaweb4.nic.in/nregaarch/View_NMMS_atten_date_dtl_rpt.aspx?page=&short_name=UP&state_name=UTTAR%20PRADESH&state_code=31&district_name=BASTI&district_code=3153&block_name=PARAS%20RAMPUR&block_code=3153001&panchayat_name=JAMOLIYA%20PANDEY&panchayat_code=3153001102&fin_year=2025-2026&source=&work_code=3153001102/RC/958486255823726351&msr_no=9530&AttendanceDate=22/03/2026&Digest=Wf3ys1mSs/LOIa4MnVg0wQ",4
"BASTI","PARAS RAMPUR","LACHHIPUR","3153001106/LD/958486255824900960","9289","https://mnregaweb4.nic.in/nregaarch/View_NMMS_atten_date_dtl_rpt.aspx?page=&short_name=UP&state_name=UTTAR%20PRADESH&state_code=31&district_name=BASTI&district_code=3153&block_name=PARAS%20RAMPUR&block_code=3153001&panchayat_name=LACHHIPUR&panchayat_code=3153001106&fin_year=2025-2026&source=&work_code=3153001106/LD/958486255824900960&msr_no=9289&AttendanceDate=22/03/2026&Digest=CT8rBrNM+V+oKQheL4vFjg",10
"BASTI","PARAS RAMPUR","LACHHIPUR","3153001106/LD/958486255824901004","9293","https://mnregaweb4.nic.in/nregaarch/View_NMMS_atten_date_dtl_rpt.aspx?page=&short_name=UP&state_name=UTTAR%20PRADESH&state_code=31&district_name=BASTI&district_code=3153&block_name=PARAS%20RAMPUR&block_code=3153001&panchayat_name=LACHHIPUR&panchayat_code=3153001106&fin_year=2025-2026&source=&work_code=3153001106/LD/958486255824901004&msr_no=9293&AttendanceDate=22/03/2026&Digest=MbbWDUFAUjrcngf9L0zXWg",10
"BASTI","PARAS RAMPUR","LACHHIPUR","3153001106/WC/958486255824214723","9517","https://mnregaweb4.nic.in/nregaarch/View_NMMS_atten_date_dtl_rpt.aspx?page=&short_name=UP&state_name=UTTAR%20PRADESH&state_code=31&district_name=BASTI&district_code=3153&block_name=PARAS%20RAMPUR&block_code=3153001&panchayat_name=LACHHIPUR&panchayat_code=3153001106&fin_year=2025-2026&source=&work_code=3153001106/WC/958486255824214723&msr_no=9517&AttendanceDate=22/03/2026&Digest=hhlq4FByv3L+13cJup+hpQ",9
"BASTI","RAMNAGAR","AHIRAULA","3153006002/RC/958486255823713516","6143","https://mnregaweb4.nic.in/nregaarch/View_NMMS_atten_date_dtl_rpt.aspx?page=&short_name=UP&state_name=UTTAR%20PRADESH&state_code=31&district_name=BASTI&district_code=3153&block_name=RAMNAGAR&block_code=3153006&panchayat_name=AHIRAULA&panchayat_code=3153006002&fin_year=2025-2026&source=&work_code=3153006002/RC/958486255823713516&msr_no=6143&AttendanceDate=22/03/2026&Digest=8YgX1tLm77vz897cfMXt6A",9
"BASTI","RAMNAGAR","BANGAWAN","3153006008/LD/958486255825006435","6065","https://mnregaweb4.nic.in/nregaarch/View_NMMS_atten_date_dtl_rpt.aspx?page=&short_name=UP&state_name=UTTAR%20PRADESH&state_code=31&district_name=BASTI&district_code=3153&block_name=RAMNAGAR&block_code=3153006&panchayat_name=BANGAWAN&panchayat_code=3153006008&fin_year=2025-2026&source=&work_code=3153006008/LD/958486255825006435&msr_no=6065&AttendanceDate=22/03/2026&Digest=XnxJ2lARsOZp7A8jgZJ46A",3
"BASTI","RAMNAGAR","BEILI","3153006014/LD/958486255824622751","5987","https://mnregaweb4.nic.in/nregaarch/View_NMMS_atten_date_dtl_rpt.aspx?page=&short_name=UP&state_name=UTTAR%20PRADESH&state_code=31&district_name=BASTI&district_code=3153&block_name=RAMNAGAR&block_code=3153006&panchayat_name=BEILI&panchayat_code=3153006014&fin_year=2025-2026&source=&work_code=3153006014/LD/958486255824622751&msr_no=5987&AttendanceDate=22/03/2026&Digest=bE3Vo7WRLRniCPdD3ed7aA",10
"BASTI","RAMNAGAR","BHIVAPAR","3153006017/IC/958486255823743150","6166","https://mnregaweb4.nic.in/nregaarch/View_NMMS_atten_date_dtl_rpt.aspx?page=&short_name=UP&state_name=UTTAR%20PRADESH&state_code=31&district_name=BASTI&district_code=3153&block_name=RAMNAGAR&block_code=3153006&panchayat_name=BHIVAPAR&panchayat_code=3153006017&fin_year=2025-2026&source=&work_code=3153006017/IC/958486255823743150&msr_no=6166&AttendanceDate=22/03/2026&Digest=peHPq1PmvqPOMzHs/cYtig",8
"BASTI","RAMNAGAR","BHIVAPAR","3153006017/RC/958486255823744393","6013","https://mnregaweb4.nic.in/nregaarch/View_NMMS_atten_date_dtl_rpt.aspx?page=&short_name=UP&state_name=UTTAR%20PRADESH&state_code=31&district_name=BASTI&district_code=3153&block_name=RAMNAGAR&block_code=3153006&panchayat_name=BHIVAPAR&panchayat_code=3153006017&fin_year=2025-2026&source=&work_code=3153006017/RC/958486255823744393&msr_no=6013&AttendanceDate=22/03/2026&Digest=/lyVhvSbvpZJnRpowzP2bw",8
"BASTI","RAMNAGAR","LODHAVA","3153006040/LD/958486255824981623","6123","https://mnregaweb4.nic.in/nregaarch/View_NMMS_atten_date_dtl_rpt.aspx?page=&short_name=UP&state_name=UTTAR%20PRADESH&state_code=31&district_name=BASTI&district_code=3153&block_name=RAMNAGAR&block_code=3153006&panchayat_name=LODHAVA&panchayat_code=3153006040&fin_year=2025-2026&source=&work_code=3153006040/LD/958486255824981623&msr_no=6123&AttendanceDate=22/03/2026&Digest=npuQVFPDineb0X55d9J7SQ",6
"BASTI","RAMNAGAR","MAJHARI BAZAR","3153006042/RC/958486255823749133","5996","https://mnregaweb4.nic.in/nregaarch/View_NMMS_atten_date_dtl_rpt.aspx?page=&short_name=UP&state_name=UTTAR%20PRADESH&state_code=31&district_name=BASTI&district_code=3153&block_name=RAMNAGAR&block_code=3153006&panchayat_name=MAJHARI%20BAZAR&panchayat_code=3153006042&fin_year=2025-2026&source=&work_code=3153006042/RC/958486255823749133&msr_no=5996&AttendanceDate=22/03/2026&Digest=ROzRGjPcsXSCk/BXkDrWnA",6
"BASTI","RAMNAGAR","MAILANI URF HINDU NAGAR","3153006079/RC/958486255823685884","6075","https://mnregaweb4.nic.in/nregaarch/View_NMMS_atten_date_dtl_rpt.aspx?page=&short_name=UP&state_name=UTTAR%20PRADESH&state_code=31&district_name=BASTI&district_code=3153&block_name=RAMNAGAR&block_code=3153006&panchayat_name=MAILANI%20URF%20HINDU%20NAGAR&panchayat_code=3153006079&fin_year=2025-2026&source=&work_code=3153006079/RC/958486255823685884&msr_no=6075&AttendanceDate=22/03/2026&Digest=WgmEP8bDVP8GS/+KDdhZUw",8
"BASTI","RAMNAGAR","MAILANI URF HINDU NAGAR","3153006079/RC/958486255823731816","6073","https://mnregaweb4.nic.in/nregaarch/View_NMMS_atten_date_dtl_rpt.aspx?page=&short_name=UP&state_name=UTTAR%20PRADESH&state_code=31&district_name=BASTI&district_code=3153&block_name=RAMNAGAR&block_code=3153006&panchayat_name=MAILANI%20URF%20HINDU%20NAGAR&panchayat_code=3153006079&fin_year=2025-2026&source=&work_code=3153006079/RC/958486255823731816&msr_no=6073&AttendanceDate=22/03/2026&Digest=LHjeBhi5Ud7gpLgHSHQ5Rw",6
"BASTI","RAMNAGAR","TURKAULIYA RAI","3153006087/AV/958486255824148448","6115","https://mnregaweb4.nic.in/nregaarch/View_NMMS_atten_date_dtl_rpt.aspx?page=&short_name=UP&state_name=UTTAR%20PRADESH&state_code=31&district_name=BASTI&district_code=3153&block_name=RAMNAGAR&block_code=3153006&panchayat_name=TURKAULIYA%20RAI&panchayat_code=3153006087&fin_year=2025-2026&source=&work_code=3153006087/AV/958486255824148448&msr_no=6115&AttendanceDate=22/03/2026&Digest=SNdJFr3bXiAWC7CqkbTfTQ",7
"BASTI","RUDAULI","ANDEURA","3153008002/AV/958486255824164141","6081","https://mnregaweb4.nic.in/nregaarch/View_NMMS_atten_date_dtl_rpt.aspx?page=&short_name=UP&state_name=UTTAR%20PRADESH&state_code=31&district_name=BASTI&district_code=3153&block_name=RUDAULI&block_code=3153008&panchayat_name=ANDEURA&panchayat_code=3153008002&fin_year=2025-2026&source=&work_code=3153008002/AV/958486255824164141&msr_no=6081&AttendanceDate=22/03/2026&Digest=GF7l6Rqnl6hpQKyUHzQIZw",5
"BASTI","RUDAULI","BHARAULI","3153008012/RC/958486255823749823","6085","https://mnregaweb4.nic.in/nregaarch/View_NMMS_atten_date_dtl_rpt.aspx?page=&short_name=UP&state_name=UTTAR%20PRADESH&state_code=31&district_name=BASTI&district_code=3153&block_name=RUDAULI&block_code=3153008&panchayat_name=BHARAULI&panchayat_code=3153008012&fin_year=2025-2026&source=&work_code=3153008012/RC/958486255823749823&msr_no=6085&AttendanceDate=22/03/2026&Digest=zfEmoAW0XA5COLZMWHsNjA",5
"BASTI","RUDAULI","BHITIYA KALA","3153008014/RC/958486255823735730","6152","https://mnregaweb4.nic.in/nregaarch/View_NMMS_atten_date_dtl_rpt.aspx?page=&short_name=UP&state_name=UTTAR%20PRADESH&state_code=31&district_name=BASTI&district_code=3153&block_name=RUDAULI&block_code=3153008&panchayat_name=BHITIYA%20KALA&panchayat_code=3153008014&fin_year=2025-2026&source=&work_code=3153008014/RC/958486255823735730&msr_no=6152&AttendanceDate=22/03/2026&Digest=u0+AQx/uh/E8MZMsibzdXA",8
"BASTI","RUDAULI","DEURA","3153008021/WC/958486255824248021","6049","https://mnregaweb4.nic.in/nregaarch/View_NMMS_atten_date_dtl_rpt.aspx?page=&short_name=UP&state_name=UTTAR%20PRADESH&state_code=31&district_name=BASTI&district_code=3153&block_name=RUDAULI&block_code=3153008&panchayat_name=DEURA&panchayat_code=3153008021&fin_year=2025-2026&source=&work_code=3153008021/WC/958486255824248021&msr_no=6049&AttendanceDate=22/03/2026&Digest=Hw3f1524NOLOAmK6i2X9Qg",6
"BASTI","RUDAULI","DUMARI","3153008024/WC/958486255824220837","6139","https://mnregaweb4.nic.in/nregaarch/View_NMMS_atten_date_dtl_rpt.aspx?page=&short_name=UP&state_name=UTTAR%20PRADESH&state_code=31&district_name=BASTI&district_code=3153&block_name=RUDAULI&block_code=3153008&panchayat_name=DUMARI&panchayat_code=3153008024&fin_year=2025-2026&source=&work_code=3153008024/WC/958486255824220837&msr_no=6139&AttendanceDate=22/03/2026&Digest=zCuki7DaUOP7dHZkWRu3AA",7
"BASTI","RUDAULI","DUMARI","3153008024/WC/958486255824220837","6142","https://mnregaweb4.nic.in/nregaarch/View_NMMS_atten_date_dtl_rpt.aspx?page=&short_name=UP&state_name=UTTAR%20PRADESH&state_code=31&district_name=BASTI&district_code=3153&block_name=RUDAULI&block_code=3153008&panchayat_name=DUMARI&panchayat_code=3153008024&fin_year=2025-2026&source=&work_code=3153008024/WC/958486255824220837&msr_no=6142&AttendanceDate=22/03/2026&Digest=iKLCfin3GUvouRGXN0cFxg",10
"BASTI","RUDAULI","KERAUNA","3153008035/RC/958486255823749028","6203","https://mnregaweb4.nic.in/nregaarch/View_NMMS_atten_date_dtl_rpt.aspx?page=&short_name=UP&state_name=UTTAR%20PRADESH&state_code=31&district_name=BASTI&district_code=3153&block_name=RUDAULI&block_code=3153008&panchayat_name=KERAUNA&panchayat_code=3153008035&fin_year=2025-2026&source=&work_code=3153008035/RC/958486255823749028&msr_no=6203&AttendanceDate=22/03/2026&Digest=z/lcBwvuBQOG2WhNehCXxQ",8
"BASTI","RUDAULI","KUDAHI","3153008039/RC/958486255823698713","6103","https://mnregaweb4.nic.in/nregaarch/View_NMMS_atten_date_dtl_rpt.aspx?page=&short_name=UP&state_name=UTTAR%20PRADESH&state_code=31&district_name=BASTI&district_code=3153&block_name=RUDAULI&block_code=3153008&panchayat_name=KUDAHI&panchayat_code=3153008039&fin_year=2025-2026&source=&work_code=3153008039/RC/958486255823698713&msr_no=6103&AttendanceDate=22/03/2026&Digest=dt33/2W/z33/FfvnWgpAZw",2
"BASTI","RUDAULI","KUDAHI","3153008039/RC/958486255823735732","6078","https://mnregaweb4.nic.in/nregaarch/View_NMMS_atten_date_dtl_rpt.aspx?page=&short_name=UP&state_name=UTTAR%20PRADESH&state_code=31&district_name=BASTI&district_code=3153&block_name=RUDAULI&block_code=3153008&panchayat_name=KUDAHI&panchayat_code=3153008039&fin_year=2025-2026&source=&work_code=3153008039/RC/958486255823735732&msr_no=6078&AttendanceDate=22/03/2026&Digest=XyhSEg7jdfK486j/iTwfSA",2
"BASTI","RUDAULI","PADARI","3153008052/RC/958486255823713419","6119","https://mnregaweb4.nic.in/nregaarch/View_NMMS_atten_date_dtl_rpt.aspx?page=&short_name=UP&state_name=UTTAR%20PRADESH&state_code=31&district_name=BASTI&district_code=3153&block_name=RUDAULI&block_code=3153008&panchayat_name=PADARI&panchayat_code=3153008052&fin_year=2025-2026&source=&work_code=3153008052/RC/958486255823713419&msr_no=6119&AttendanceDate=22/03/2026&Digest=rIjDnFF0U8BbgB6DTBvgwg",2
"BASTI","RUDAULI","SEHUDA KALA","3153008064/WC/958486255824246148","5898","https://mnregaweb4.nic.in/nregaarch/View_NMMS_atten_date_dtl_rpt.aspx?page=&short_name=UP&state_name=UTTAR%20PRADESH&state_code=31&district_name=BASTI&district_code=3153&block_name=RUDAULI&block_code=3153008&panchayat_name=SEHUDA%20KALA&panchayat_code=3153008064&fin_year=2025-2026&source=&work_code=3153008064/WC/958486255824246148&msr_no=5898&AttendanceDate=22/03/2026&Digest=NOgIdnP+iHnqVcdKv3Atjg",8
"BASTI","RUDAULI","SURVAR KALA","3153008067/RC/958486255823717643","6192","https://mnregaweb4.nic.in/nregaarch/View_NMMS_atten_date_dtl_rpt.aspx?page=&short_name=UP&state_name=UTTAR%20PRADESH&state_code=31&district_name=BASTI&district_code=3153&block_name=RUDAULI&block_code=3153008&panchayat_name=SURVAR%20KALA&panchayat_code=3153008067&fin_year=2025-2026&source=&work_code=3153008067/RC/958486255823717643&msr_no=6192&AttendanceDate=22/03/2026&Digest=LBt1DInKpZ7rkSjuvOW8+Q",2
"BASTI","RUDAULI","JIGINA","3153008075/WH/958486255824009061","5998","https://mnregaweb4.nic.in/nregaarch/View_NMMS_atten_date_dtl_rpt.aspx?page=&short_name=UP&state_name=UTTAR%20PRADESH&state_code=31&district_name=BASTI&district_code=3153&block_name=RUDAULI&block_code=3153008&panchayat_name=JIGINA&panchayat_code=3153008075&fin_year=2025-2026&source=&work_code=3153008075/WH/958486255824009061&msr_no=5998&AttendanceDate=22/03/2026&Digest=Ep8CBQDrTF12WEWiIgKBnA",3
"BASTI","SALTAUA GOPAL PUR","BANJARIYA","3153007010/RC/958486255823740667","5440","https://mnregaweb4.nic.in/nregaarch/View_NMMS_atten_date_dtl_rpt.aspx?page=&short_name=UP&state_name=UTTAR%20PRADESH&state_code=31&district_name=BASTI&district_code=3153&block_name=SALTAUA%20GOPAL%20PUR&block_code=3153007&panchayat_name=BANJARIYA&panchayat_code=3153007010&fin_year=2025-2026&source=&work_code=3153007010/RC/958486255823740667&msr_no=5440&AttendanceDate=22/03/2026&Digest=4tlmVaBucnCVYfrpSwpa3g",7
"BASTI","SALTAUA GOPAL PUR","BASTHANWA","3153007015/LD/958486255824639495","5377","https://mnregaweb4.nic.in/nregaarch/View_NMMS_atten_date_dtl_rpt.aspx?page=&short_name=UP&state_name=UTTAR%20PRADESH&state_code=31&district_name=BASTI&district_code=3153&block_name=SALTAUA%20GOPAL%20PUR&block_code=3153007&panchayat_name=BASTHANWA&panchayat_code=3153007015&fin_year=2025-2026&source=&work_code=3153007015/LD/958486255824639495&msr_no=5377&AttendanceDate=22/03/2026&Digest=7lcIprdWvEBopbc22+kU4g",3
"BASTI","SALTAUA GOPAL PUR","BELWADAD","3153007017/RC/958486255823742281","5493","https://mnregaweb4.nic.in/nregaarch/View_NMMS_atten_date_dtl_rpt.aspx?page=&short_name=UP&state_name=UTTAR%20PRADESH&state_code=31&district_name=BASTI&district_code=3153&block_name=SALTAUA%20GOPAL%20PUR&block_code=3153007&panchayat_name=BELWADAD&panchayat_code=3153007017&fin_year=2025-2026&source=&work_code=3153007017/RC/958486255823742281&msr_no=5493&AttendanceDate=22/03/2026&Digest=di7IT+LS7w+ZuHmL0C9hTg",9
"BASTI","SALTAUA GOPAL PUR","TENUWA","3153007020/LD/958486255824769941","5455","https://mnregaweb4.nic.in/nregaarch/View_NMMS_atten_date_dtl_rpt.aspx?page=&short_name=UP&state_name=UTTAR%20PRADESH&state_code=31&district_name=BASTI&district_code=3153&block_name=SALTAUA%20GOPAL%20PUR&block_code=3153007&panchayat_name=TENUWA&panchayat_code=3153007020&fin_year=2025-2026&source=&work_code=3153007020/LD/958486255824769941&msr_no=5455&AttendanceDate=22/03/2026&Digest=PPviQ9t25cIU/jUZJx55ow",6
"BASTI","SALTAUA GOPAL PUR","TENUWA","3153007020/LD/958486255824769941","5484","https://mnregaweb4.nic.in/nregaarch/View_NMMS_atten_date_dtl_rpt.aspx?page=&short_name=UP&state_name=UTTAR%20PRADESH&state_code=31&district_name=BASTI&district_code=3153&block_name=SALTAUA%20GOPAL%20PUR&block_code=3153007&panchayat_name=TENUWA&panchayat_code=3153007020&fin_year=2025-2026&source=&work_code=3153007020/LD/958486255824769941&msr_no=5484&AttendanceDate=22/03/2026&Digest=W8qIOS7SfyVSp6ad04XavQ",7
"BASTI","SALTAUA GOPAL PUR","GORKHAR","3153007027/RC/958486255823702991","5374","https://mnregaweb4.nic.in/nregaarch/View_NMMS_atten_date_dtl_rpt.aspx?page=&short_name=UP&state_name=UTTAR%20PRADESH&state_code=31&district_name=BASTI&district_code=3153&block_name=SALTAUA%20GOPAL%20PUR&block_code=3153007&panchayat_name=GORKHAR&panchayat_code=3153007027&fin_year=2025-2026&source=&work_code=3153007027/RC/958486255823702991&msr_no=5374&AttendanceDate=22/03/2026&Digest=yEBnDs1ZpIgo+KX4//5ppQ",5
"BASTI","SALTAUA GOPAL PUR","NEWADA","3153007052/AV/958486255824177602","5462","https://mnregaweb4.nic.in/nregaarch/View_NMMS_atten_date_dtl_rpt.aspx?page=&short_name=UP&state_name=UTTAR%20PRADESH&state_code=31&district_name=BASTI&district_code=3153&block_name=SALTAUA%20GOPAL%20PUR&block_code=3153007&panchayat_name=NEWADA&panchayat_code=3153007052&fin_year=2025-2026&source=&work_code=3153007052/AV/958486255824177602&msr_no=5462&AttendanceDate=22/03/2026&Digest=PxNk8IGIJ+rnnUoLOfXN2Q",8
"BASTI","SALTAUA GOPAL PUR","SUBHAI","3153007078/RC/958486255823677087","5498","https://mnregaweb4.nic.in/nregaarch/View_NMMS_atten_date_dtl_rpt.aspx?page=&short_name=UP&state_name=UTTAR%20PRADESH&state_code=31&district_name=BASTI&district_code=3153&block_name=SALTAUA%20GOPAL%20PUR&block_code=3153007&panchayat_name=SUBHAI&panchayat_code=3153007078&fin_year=2025-2026&source=&work_code=3153007078/RC/958486255823677087&msr_no=5498&AttendanceDate=22/03/2026&Digest=Yyui728oKuA+ZSD+77khbg",9
"BASTI","SALTAUA GOPAL PUR","MAJHAUWAN BAIKUNTH","3153007089/RC/958486255823743502","5466","https://mnregaweb4.nic.in/nregaarch/View_NMMS_atten_date_dtl_rpt.aspx?page=&short_name=UP&state_name=UTTAR%20PRADESH&state_code=31&district_name=BASTI&district_code=3153&block_name=SALTAUA%20GOPAL%20PUR&block_code=3153007&panchayat_name=MAJHAUWAN%20BAIKUNTH&panchayat_code=3153007089&fin_year=2025-2026&source=&work_code=3153007089/RC/958486255823743502&msr_no=5466&AttendanceDate=22/03/2026&Digest=wte5UQo/r6t/0apINYVxhQ",10
"BASTI","SALTAUA GOPAL PUR","PACHANU","3153007094/RC/958486255823666847","5365","https://mnregaweb4.nic.in/nregaarch/View_NMMS_atten_date_dtl_rpt.aspx?page=&short_name=UP&state_name=UTTAR%20PRADESH&state_code=31&district_name=BASTI&district_code=3153&block_name=SALTAUA%20GOPAL%20PUR&block_code=3153007&panchayat_name=PACHANU&panchayat_code=3153007094&fin_year=2025-2026&source=&work_code=3153007094/RC/958486255823666847&msr_no=5365&AttendanceDate=22/03/2026&Digest=qTLlRvFNneDK35gcRNDD3A",3
"BASTI","SALTAUA GOPAL PUR","PACHANU","3153007094/WH/958486255824011047","5369","https://mnregaweb4.nic.in/nregaarch/View_NMMS_atten_date_dtl_rpt.aspx?page=&short_name=UP&state_name=UTTAR%20PRADESH&state_code=31&district_name=BASTI&district_code=3153&block_name=SALTAUA%20GOPAL%20PUR&block_code=3153007&panchayat_name=PACHANU&panchayat_code=3153007094&fin_year=2025-2026&source=&work_code=3153007094/WH/958486255824011047&msr_no=5369&AttendanceDate=22/03/2026&Digest=ixKii3BTn/87NfWwES1HOg",6
"BASTI","SAU GHAT","BYOTHRA","3153009015/RC/958486255823587028","3366","https://mnregaweb4.nic.in/nregaarch/View_NMMS_atten_date_dtl_rpt.aspx?page=&short_name=UP&state_name=UTTAR%20PRADESH&state_code=31&district_name=BASTI&district_code=3153&block_name=SAU%20GHAT&block_code=3153009&panchayat_name=BYOTHRA&panchayat_code=3153009015&fin_year=2025-2026&source=&work_code=3153009015/RC/958486255823587028&msr_no=3366&AttendanceDate=22/03/2026&Digest=S4yhkgoJpLNeBf82rfPq+Q",10
"BASTI","SAU GHAT","MAZHAUWA JAGAT","3153009048/LD/958486255825010783","3379","https://mnregaweb4.nic.in/nregaarch/View_NMMS_atten_date_dtl_rpt.aspx?page=&short_name=UP&state_name=UTTAR%20PRADESH&state_code=31&district_name=BASTI&district_code=3153&block_name=SAU%20GHAT&block_code=3153009&panchayat_name=MAZHAUWA%20JAGAT&panchayat_code=3153009048&fin_year=2025-2026&source=&work_code=3153009048/LD/958486255825010783&msr_no=3379&AttendanceDate=22/03/2026&Digest=YGBEJShVXGNxf6ssGpKiyg",1
"BASTI","VIKRAM JOT","ATRAURA JHAM","3153004004/RC/958486255823725256","5849","https://mnregaweb4.nic.in/nregaarch/View_NMMS_atten_date_dtl_rpt.aspx?page=&short_name=UP&state_name=UTTAR%20PRADESH&state_code=31&district_name=BASTI&district_code=3153&block_name=VIKRAM%20JOT&block_code=3153004&panchayat_name=ATRAURA%20JHAM&panchayat_code=3153004004&fin_year=2025-2026&source=&work_code=3153004004/RC/958486255823725256&msr_no=5849&AttendanceDate=22/03/2026&Digest=mbEQsEI7b+2qJyY+c69MqA",10
"BASTI","VIKRAM JOT","CHHATAUNA","3153004014/RC/958486255823648419","5914","https://mnregaweb4.nic.in/nregaarch/View_NMMS_atten_date_dtl_rpt.aspx?page=&short_name=UP&state_name=UTTAR%20PRADESH&state_code=31&district_name=BASTI&district_code=3153&block_name=VIKRAM%20JOT&block_code=3153004&panchayat_name=CHHATAUNA&panchayat_code=3153004014&fin_year=2025-2026&source=&work_code=3153004014/RC/958486255823648419&msr_no=5914&AttendanceDate=22/03/2026&Digest=TvxON7Rd4PaarWDHPx9qZQ",8
"BASTI","VIKRAM JOT","DAHDA MISHRA","3153004015/LD/958486255824958089","5809","https://mnregaweb4.nic.in/nregaarch/View_NMMS_atten_date_dtl_rpt.aspx?page=&short_name=UP&state_name=UTTAR%20PRADESH&state_code=31&district_name=BASTI&district_code=3153&block_name=VIKRAM%20JOT&block_code=3153004&panchayat_name=DAHDA%20MISHRA&panchayat_code=3153004015&fin_year=2025-2026&source=&work_code=3153004015/LD/958486255824958089&msr_no=5809&AttendanceDate=22/03/2026&Digest=3URwf/BT7WrOU6WC9F8APg",3
"BASTI","VIKRAM JOT","DEVKHAL","3153004017/RC/958486255823751176","5955","https://mnregaweb4.nic.in/nregaarch/View_NMMS_atten_date_dtl_rpt.aspx?page=&short_name=UP&state_name=UTTAR%20PRADESH&state_code=31&district_name=BASTI&district_code=3153&block_name=VIKRAM%20JOT&block_code=3153004&panchayat_name=DEVKHAL&panchayat_code=3153004017&fin_year=2025-2026&source=&work_code=3153004017/RC/958486255823751176&msr_no=5955&AttendanceDate=22/03/2026&Digest=6OcAeomUvZFKPPfPwfUAOg",2
"BASTI","VIKRAM JOT","DHAURAHRA CHAUHAN","3153004018/LD/958486255824989950","5957","https://mnregaweb4.nic.in/nregaarch/View_NMMS_atten_date_dtl_rpt.aspx?page=&short_name=UP&state_name=UTTAR%20PRADESH&state_code=31&district_name=BASTI&district_code=3153&block_name=VIKRAM%20JOT&block_code=3153004&panchayat_name=DHAURAHRA%20CHAUHAN&panchayat_code=3153004018&fin_year=2025-2026&source=&work_code=3153004018/LD/958486255824989950&msr_no=5957&AttendanceDate=22/03/2026&Digest=nl9iWW8pRVLg5LvW4wdgwA",10
"BASTI","VIKRAM JOT","HAREVA SHUKLA","3153004025/RC/958486255823745135","5762","https://mnregaweb4.nic.in/nregaarch/View_NMMS_atten_date_dtl_rpt.aspx?page=&short_name=UP&state_name=UTTAR%20PRADESH&state_code=31&district_name=BASTI&district_code=3153&block_name=VIKRAM%20JOT&block_code=3153004&panchayat_name=HAREVA%20SHUKLA&panchayat_code=3153004025&fin_year=2025-2026&source=&work_code=3153004025/RC/958486255823745135&msr_no=5762&AttendanceDate=22/03/2026&Digest=htXwZl+Ckk9lvd/+BN0Pag",4
"BASTI","VIKRAM JOT","KHATAMSARAY","3153004034/LD/958486255824995840","5782","https://mnregaweb4.nic.in/nregaarch/View_NMMS_atten_date_dtl_rpt.aspx?page=&short_name=UP&state_name=UTTAR%20PRADESH&state_code=31&district_name=BASTI&district_code=3153&block_name=VIKRAM%20JOT&block_code=3153004&panchayat_name=KHATAMSARAY&panchayat_code=3153004034&fin_year=2025-2026&source=&work_code=3153004034/LD/958486255824995840&msr_no=5782&AttendanceDate=22/03/2026&Digest=GY0UVZGbXvVNE+0sIv4cVQ",10
"BASTI","VIKRAM JOT","KHATAMSARAY","3153004034/LD/958486255825003166","5827","https://mnregaweb4.nic.in/nregaarch/View_NMMS_atten_date_dtl_rpt.aspx?page=&short_name=UP&state_name=UTTAR%20PRADESH&state_code=31&district_name=BASTI&district_code=3153&block_name=VIKRAM%20JOT&block_code=3153004&panchayat_name=KHATAMSARAY&panchayat_code=3153004034&fin_year=2025-2026&source=&work_code=3153004034/LD/958486255825003166&msr_no=5827&AttendanceDate=22/03/2026&Digest=z8fKOEzprwl6KndmoHqHrQ",7
"BASTI","VIKRAM JOT","KHATAMSARAY","3153004034/LD/958486255825003179","5826","https://mnregaweb4.nic.in/nregaarch/View_NMMS_atten_date_dtl_rpt.aspx?page=&short_name=UP&state_name=UTTAR%20PRADESH&state_code=31&district_name=BASTI&district_code=3153&block_name=VIKRAM%20JOT&block_code=3153004&panchayat_name=KHATAMSARAY&panchayat_code=3153004034&fin_year=2025-2026&source=&work_code=3153004034/LD/958486255825003179&msr_no=5826&AttendanceDate=22/03/2026&Digest=3MKogtzqN8+G/otQR4PJPg",4
"BASTI","VIKRAM JOT","MADNA MAJHA","3153004040/LD/958486255824916796","5815","https://mnregaweb4.nic.in/nregaarch/View_NMMS_atten_date_dtl_rpt.aspx?page=&short_name=UP&state_name=UTTAR%20PRADESH&state_code=31&district_name=BASTI&district_code=3153&block_name=VIKRAM%20JOT&block_code=3153004&panchayat_name=MADNA%20MAJHA&panchayat_code=3153004040&fin_year=2025-2026&source=&work_code=3153004040/LD/958486255824916796&msr_no=5815&AttendanceDate=22/03/2026&Digest=1OQ+lHUoS+FwulP7lnvbmw",6
"BASTI","VIKRAM JOT","MALHNI","3153004042/RC/958486255823737150","5871","https://mnregaweb4.nic.in/nregaarch/View_NMMS_atten_date_dtl_rpt.aspx?page=&short_name=UP&state_name=UTTAR%20PRADESH&state_code=31&district_name=BASTI&district_code=3153&block_name=VIKRAM%20JOT&block_code=3153004&panchayat_name=MALHNI&panchayat_code=3153004042&fin_year=2025-2026&source=&work_code=3153004042/RC/958486255823737150&msr_no=5871&AttendanceDate=22/03/2026&Digest=36bhF7cvjPTolRnZcxXEnw",8
"BASTI","VIKRAM JOT","EKMA HIRANIYA","3153004043/WC/958486255824231525","5856","https://mnregaweb4.nic.in/nregaarch/View_NMMS_atten_date_dtl_rpt.aspx?page=&short_name=UP&state_name=UTTAR%20PRADESH&state_code=31&district_name=BASTI&district_code=3153&block_name=VIKRAM%20JOT&block_code=3153004&panchayat_name=EKMA%20HIRANIYA&panchayat_code=3153004043&fin_year=2025-2026&source=&work_code=3153004043/WC/958486255824231525&msr_no=5856&AttendanceDate=22/03/2026&Digest=xG8V/sUWSkJLoGLHn6aJWg",7
"BASTI","VIKRAM JOT","EKMA HIRANIYA","3153004043/WC/958486255824231525","5859","https://mnregaweb4.nic.in/nregaarch/View_NMMS_atten_date_dtl_rpt.aspx?page=&short_name=UP&state_name=UTTAR%20PRADESH&state_code=31&district_name=BASTI&district_code=3153&block_name=VIKRAM%20JOT&block_code=3153004&panchayat_name=EKMA%20HIRANIYA&panchayat_code=3153004043&fin_year=2025-2026&source=&work_code=3153004043/WC/958486255824231525&msr_no=5859&AttendanceDate=22/03/2026&Digest=jiNqzmY7NoEHhtqhbV0XLw",9
"BASTI","VIKRAM JOT","NIYAMATPUR","3153004049/RC/958486255823728455","5921","https://mnregaweb4.nic.in/nregaarch/View_NMMS_atten_date_dtl_rpt.aspx?page=&short_name=UP&state_name=UTTAR%20PRADESH&state_code=31&district_name=BASTI&district_code=3153&block_name=VIKRAM%20JOT&block_code=3153004&panchayat_name=NIYAMATPUR&panchayat_code=3153004049&fin_year=2025-2026&source=&work_code=3153004049/RC/958486255823728455&msr_no=5921&AttendanceDate=22/03/2026&Digest=aYjruOsLFG1r6bFj4LpPWQ",6
"BASTI","VIKRAM JOT","PURE CHETAN","3153004053/RC/958486255823731820","5756","https://mnregaweb4.nic.in/nregaarch/View_NMMS_atten_date_dtl_rpt.aspx?page=&short_name=UP&state_name=UTTAR%20PRADESH&state_code=31&district_name=BASTI&district_code=3153&block_name=VIKRAM%20JOT&block_code=3153004&panchayat_name=PURE%20CHETAN&panchayat_code=3153004053&fin_year=2025-2026&source=&work_code=3153004053/RC/958486255823731820&msr_no=5756&AttendanceDate=22/03/2026&Digest=I+naLl12/CIxdnCmm58RiA",6
"BASTI","VIKRAM JOT","TURSI","3153004068/LD/YD/958486255825007923","5923","https://mnregaweb4.nic.in/nregaarch/View_NMMS_atten_date_dtl_rpt.aspx?page=&short_name=UP&state_name=UTTAR%20PRADESH&state_code=31&district_name=BASTI&district_code=3153&block_name=VIKRAM%20JOT&block_code=3153004&panchayat_name=TURSI&panchayat_code=3153004068&fin_year=2025-2026&source=&work_code=3153004068/LD/YD/958486255825007923&msr_no=5923&AttendanceDate=22/03/2026&Digest=QjEer5ZB5V2hzei40XOrzw",6
"BASTI","VIKRAM JOT","TURSI","3153004068/LD/YD/958486255825007924","5926","https://mnregaweb4.nic.in/nregaarch/View_NMMS_atten_date_dtl_rpt.aspx?page=&short_name=UP&state_name=UTTAR%20PRADESH&state_code=31&district_name=BASTI&district_code=3153&block_name=VIKRAM%20JOT&block_code=3153004&panchayat_name=TURSI&panchayat_code=3153004068&fin_year=2025-2026&source=&work_code=3153004068/LD/YD/958486255825007924&msr_no=5926&AttendanceDate=22/03/2026&Digest=nHyHErPl/zz1ztGs+JImAw",5
"BASTI","VIKRAM JOT","NETWARPATTI","3153004078/RC/958486255823728519","5803","https://mnregaweb4.nic.in/nregaarch/View_NMMS_atten_date_dtl_rpt.aspx?page=&short_name=UP&state_name=UTTAR%20PRADESH&state_code=31&district_name=BASTI&district_code=3153&block_name=VIKRAM%20JOT&block_code=3153004&panchayat_name=NETWARPATTI&panchayat_code=3153004078&fin_year=2025-2026&source=&work_code=3153004078/RC/958486255823728519&msr_no=5803&AttendanceDate=22/03/2026&Digest=kTTRzcn2tjzeLdRE0mS3cg",4
